airport_id,airport_name,iata,betweenness
3484,Los Angeles International Airport,LAX,938951.2039926739
3774,Ted Stevens Anchorage International Airport,ANC,741624.2926252163
1382,Charles de Gaulle International Airport,CDG,741392.4125549552
507,London Heathrow Airport,LHR,606418.9290818468
3830,Chicago O'Hare International Airport,ORD,602901.2346542764
3364,Beijing Capital International Airport,PEK,589315.4651767538
2188,Dubai International Airport,DXB,577577.2354865414
340,Frankfurt am Main Airport,FRA,542469.2815358853
2564,Guarulhos - Governador André Franco Montoro International Airport,GRU,488009.6408384449
3316,Singapore Changi Airport,SIN,467610.9761701003
3577,Seattle Tacoma International Airport,SEA,439064.56691252196
580,Amsterdam Airport Schiphol,AMS,426253.35875157994
3682,Hartsfield Jackson Atlanta International Airport,ATL,420998.2262003319
1701,Atatürk International Airport,ISL,403852.63848109497
3361,Sydney Kingsford Smith International Airport,SYD,387471.53903639194
3320,Brisbane International Airport,BNE,360536.41782732226
4029,Domodedovo International Airport,DME,348147.6423090033
3797,John F Kennedy International Airport,JFK,344404.9068605246
2279,Narita International Airport,NRT,334459.5998673076
3670,Dallas Fort Worth International Airport,DFW,329054.6655963969
3576,Miami International Airport,MIA,303140.41475449206
3930,Incheon International Airport,ICN,301693.48809722415
193,Lester B. Pearson International Airport,YYZ,295621.4651882869
3077,Hong Kong International Airport,HKG,281501.40431083046
2709,El Dorado International Airport,BOG,274410.5263072181
3885,Suvarnabhumi Airport,BKK,273046.1850082865
813,OR Tambo International Airport,JNB,267648.16984496266
3751,Denver International Airport,DEN,266175.8441554859
1229,Adolfo Suárez Madrid–Barajas Airport,MAD,264377.5806309542
3406,Shanghai Pudong International Airport,PVG,253125.2909820834
2397,Ninoy Aquino International Airport,MNL,206302.88108122075
737,Stockholm-Arlanda Airport,ARN,200018.01471158653
3599,Bethel Airport,BET,196660.77418625206
3275,Soekarno-Hatta International Airport,CGK,189319.81938801255
2359,Tokyo Haneda International Airport,HND,180255.6726824647
3093,Indira Gandhi International Airport,DEL,176300.67082856773
644,Oslo Lufthavn,OSL,175223.9761323867
156,Vancouver International Airport,YVR,173131.211143679
3550,George Bush Intercontinental Houston Airport,IAH,173044.47625208637
3304,Kuala Lumpur International Airport,KUL,172711.7385985238
1824,Licenciado Benito Juarez International Airport,MEX,172010.3256788216
609,Copenhagen Kastrup Airport,CPH,170672.8579390991
4075,Faa'a International Airport,PPT,167549.29494392368
2442,Jorge Newbery Airpark,AEP,165042.7132609686
346,Munich Airport,MUC,164135.55912482156
5,Port Moresby Jacksons International Airport,POM,159492.5246114007
3370,Guangzhou Baiyun International Airport,CAN,158070.5783812037
2650,Comodoro Arturo Merino Benítez International Airport,SCL,157446.19684524354
146,Montreal / Pierre Elliott Trudeau International Airport,YUL,156384.9911296096
1885,Juan Santamaria International Airport,SJO,155469.74094140215
2789,Jorge Chávez International Airport,LIM,155327.74052640435
2985,Sheremetyevo International Airport,SVO,155306.66976485495
2006,Auckland International Airport,AKL,153802.9578841431
2072,King Abdulaziz International Airport,JED,146587.20012575225
1638,Humberto Delgado Airport (Lisbon Portela Airport),LIS,144910.1972045449
1107,Addis Ababa Bole International Airport,ADD,125807.2612412525
1218,Barcelona International Airport,BCN,122545.19245861153
3494,Newark Liberty International Airport,EWR,121603.71206003135
421,Helsinki Vantaa Airport,HEL,120215.12642038299
3941,Eleftherios Venizelos International Airport,ATH,120084.31884807548
1555,Leonardo da Vinci–Fiumicino Airport,FCO,118325.92001415859
2179,Abu Dhabi International Airport,AUH,116931.39989936995
3469,San Francisco International Airport,SFO,115114.04751539529
4059,Jomo Kenyatta International Airport,NBO,113618.42222006759
2851,Simón Bolívar International Airport,CCS,113079.03298788128
11051,Hamad International Airport,DOH,111947.33181463809
2997,Chhatrapati Shivaji International Airport,BOM,110754.98547463978
3448,General Edward Lawrence Logan International Airport,BOS,109258.67022744297
1386,Paris-Orly Airport,ORY,109227.97527642625
1997,Bauerfield International Airport,VLI,107754.26737730311
3858,Minneapolis-St Paul International/Wold-Chamberlain Airport,MSP,106590.36387041485
3714,Washington Dulles International Airport,IAD,105334.62540049334
3832,Fairbanks International Airport,FAI,103838.99534409317
3877,McCarran International Airport,LAS,102920.36379601878
3728,Daniel K Inouye International Airport,HNL,102359.44536932014
4074,Honiara International Airport,HIR,102110.32282550045
178,Calgary International Airport,YYC,101014.81637426294
502,London Gatwick Airport,LGW,99109.3206742715
302,Brussels Airport,BRU,98852.46412381555
210,Houari Boumediene Airport,ALG,98315.7891565915
160,Winnipeg / James Armstrong Richardson International Airport,YWG,97361.09934584153
196,Yellowknife Airport,YZF,97350.45406481813
2531,Presidente Juscelino Kubistschek International Airport,BSB,93273.43792652099
9,Kangerlussuaq Airport,SFJ,93208.92409504419
3395,Chengdu Shuangliu International Airport,CTU,91113.12669818339
100,Ottawa Macdonald-Cartier International Airport,YOW,91056.62683009135
1020,Ndjili International Airport,FIH,90845.01802240245
951,Quatro de Fevereiro Airport,LAD,88030.15349046502
1960,Nadi International Airport,NAN,87328.07171923005
3205,Tan Son Nhat International Airport,SGN,85835.9686101779
3351,Perth International Airport,PER,85826.20432014778
2560,Rio Galeão – Tom Jobim International Airport,GIG,85696.17233076728
3339,Melbourne International Airport,MEL,83692.95915256928
599,Dublin Airport,DUB,81287.7674093189
3157,Don Mueang International Airport,DMK,80690.30033747315
2551,Eduardo Gomes International Airport,MAO,79280.66636183947
3322,Cairns International Airport,CNS,78393.37505529847
3693,Ralph Wien Memorial Airport,OTZ,76543.46363636374
3752,Philadelphia International Airport,PHL,75984.51121454066
478,Manchester Airport,MAN,75787.52597685119
2948,Pulkovo Airport,LED,75264.91124319515
3239,Yangon International Airport,RGN,74201.08271059295
3615,Nome Airport,OME,73077.5208512061
55,Iqaluit Airport,YFB,70508.53793328763
1869,Marcos A. Gelabert International Airport,PAC,70187.5
1957,Philip S. W. Goldson International Airport,BZE,70175.45343249198
49,Edmonton International Airport,YEG,69951.44687261457
3536,Salt Lake City International Airport,SLC,68816.57268905696
918,Ivato Airport,TNR,68789.74617927284
2988,Vnukovo International Airport,VKO,68774.57818339324
3240,Hasanuddin International Airport,UPG,68734.20782325714
3808,Ketchikan International Airport,KTN,68185.264656737
3876,Charlotte Douglas International Airport,CLT,67546.61134076424
3645,Detroit Metropolitan Wayne County Airport,DTW,67518.70934618569
5967,Aniak Airport,ANI,67303.49506282213
2276,Taiwan Taoyuan International Airport,TPE,66039.47027397655
3492,Juneau International Airport,JNU,65821.95006445222
16,Keflavik International Airport,KEF,65298.03382889831
1074,Mohammed V International Airport,CMN,64046.597776730254
345,Düsseldorf Airport,DUS,63476.89497029726
1678,Zürich Airport,ZRH,63252.969705160554
202,Sept-Îles Airport,YZV,61563.592181258864
3940,Ngurah Rai (Bali) International Airport,DPS,61013.75461508323
534,Glasgow International Airport,GLA,59069.02747919818
3533,Fort Lauderdale Hollywood International Airport,FLL,57769.90892097482
3399,Ürümqi Diwopu International Airport,URC,57763.83319490665
3794,King Salmon Airport,AKN,57440.000000000065
3462,Phoenix Sky Harbor International Airport,PHX,57245.84108961597
4331,Mashhad International Airport,MHD,55769.803558014406
2082,King Khaled International Airport,RUH,55246.84561560695
1953,Lynden Pindling International Airport,NAS,55225.375308574476
2578,Viracopos International Airport,VCP,54948.62903629432
1613,Vienna International Airport,VIE,54947.25532953815
663,"Tromsø Airport,",TOS,54285.55459783474
8,Godthaab / Nuuk Airport,GOH,53511.48886092439
3125,Tribhuvan International Airport,KTM,53328.48516972436
5908,Santo Pekoa International Airport,SON,53138.88984857351
2131,Mehrabad International Airport,THR,53071.169912356476
2688,Mariscal Sucre International Airport,UIO,51864.26957695926
3382,Kunming Changshui International Airport,KMG,51099.289656842026
3998,Palma De Mallorca Airport,PMI,50916.370134642515
273,Murtala Muhammed International Airport,LOS,49860.34482544956
2762,El Alto International Airport,LPB,49714.44138065318
1128,Cairo International Airport,CAI,49053.513158208276
3266,Miri Airport,MYY,48193.77751213589
3341,Adelaide International Airport,ADL,47897.47197738646
3531,Kodiak Airport,ADQ,47888.00000000003
3988,Ministro Pistarini International Airport,EZE,46994.81091902052
1180,Kilimanjaro International Airport,JRO,46767.5749064716
3380,Chinggis Khaan International Airport,ULN,46448.20226010883
2599,Salgado Filho Airport,POA,46236.71122185401
3678,St Louis Lambert International Airport,STL,45403.573373719664
1147,Nairobi Wilson Airport,WIL,45019.81298130509
2890,Luis Munoz Marin International Airport,SJU,42841.83564799591
3324,Mount Isa Airport,ISA,42712.824530590464
3878,Orlando International Airport,MCO,42638.229044571206
3043,Netaji Subhash Chandra Bose International Airport,CCU,42333.32639710059
548,London Stansted Airport,STN,42237.489399132595
2621,Deputado Luiz Eduardo Magalhães International Airport,SSA,41820.63170026422
3199,Noi Bai International Airport,HAN,41458.79818705678
1865,Bocas Del Toro International Airport,BOC,41392.0
1871,Tocumen International Airport,PTY,40678.18298458826
3076,Hazrat Shahjalal International Airport,DAC,40150.07767692856
3024,Bandaranaike International Colombo Airport,CMB,39524.66629816485
2206,Jinnah International Airport,KHI,39131.50178178651
529,Kirkwall Airport,KOI,38307.627002643705
94,Natashquan Airport,YNA,38296.0
1867,Enrique Malek International Airport,DAV,38195.0
2975,Koltsovo Airport,SVX,37290.58575935808
3999,Darwin International Airport,DRW,36569.77116825315
132,Rankin Inlet Airport,YRT,36477.84701316803
1590,Ben Gurion International Airport,TLV,35529.74888670674
3156,Malé International Airport,MLE,35147.20363810551
1657,Henri Coandă International Airport,OTP,34240.33132938742
2526,Val de Cans/Júlio Cezar Ribeiro International Airport,BEL,34055.141571608976
3379,Xi'an Xianyang International Airport,XIY,33623.740318043
4317,Sabiha Gökçen International Airport,SAW,33559.862203591976
2548,Marechal Rondon Airport,CGB,33463.40902351527
2908,Almaty Airport,ALA,33357.86532388702
260,Nnamdi Azikiwe International Airport,ABV,33075.31153601839
2370,Jeju International Airport,CJU,32850.26704810041
73,Halifax / Stanfield International Airport,YHZ,32739.9967932112
3486,Cleveland Hopkins International Airport,CLE,32563.460315132394
287,Tunis Carthage International Airport,TUN,32409.33562979462
535,Edinburgh Airport,EDI,32332.97451243894
188,Goose Bay Airport,YYR,32250.963375531
1959,Rarotonga International Airport,RAR,31981.474123207656
4021,Billings Logan International Airport,BIL,31969.070693717353
3995,Ilulissat Airport,JAV,31935.22828405119
3269,Kota Kinabalu International Airport,BKI,31473.886762917937
2223,Benazir Bhutto International Airport,nan,30962.86860933849
351,Berlin-Tegel Airport,TXL,29036.1235834665
1157,Tripoli International Airport,TIP,28722.585627616325
635,Bodø Airport,BOO,28207.871019194183
1852,Cancún International Airport,CUN,28167.36249856557
1335,Lyon Saint-Exupéry Airport,LYS,28157.881697909917
665,Trondheim Airport Værnes,TRD,28090.808903787933
1353,Marseille Provence Airport,MRS,27952.049635563842
2673,José Joaquín de Olmedo International Airport,GYE,27835.445899878934
1524,Malpensa International Airport,MXP,27759.394128830267
2537,Tancredo Neves International Airport,CNF,26429.83987524204
1961,Nausori International Airport,SUV,26005.62042481358
2899,Princess Juliana International Airport,SXM,25869.645459806718
3256,"Pattimura Airport, Ambon",AMQ,25766.394070197413
4167,Orlando Sanford International Airport,SFB,25739.022427048858
248,Kotoka International Airport,ACC,25620.89814133423
7,Narsarsuaq Airport,UAK,25606.764896331395
2624,Tefé Airport,TFF,25552.0
5503,Chevery Airport,YHR,25542.0
1031,Bangoka International Airport,FKI,25531.000000000007
3992,Kansai International Airport,KIX,24923.03463811957
3250,Sam Ratulangi Airport,MDC,24625.91912686458
3131,Kempegowda International Airport,BLR,24301.075064197674
1054,Gran Canaria Airport,LPA,24206.3150968249
3244,Sentani International Airport,DJJ,24090.54934872061
1754,Providenciales Airport,PLS,23790.032886513884
3400,Taiping Airport,HRB,23721.31424709282
2937,Irkutsk Airport,IKT,23537.11991207307
1354,Nice-Côte d'Azur Airport,NCE,23462.001462866807
2771,Viru Viru International Airport,VVI,23352.357684040013
2923,Yakutsk Airport,YKS,23290.885882309332
1212,Alicante International Airport,ALC,23269.329263458538
3931,Chiang Mai International Airport,CNX,23156.152554952412
1230,Málaga Airport,AGP,22903.610580411478
1636,Francisco de Sá Carneiro Airport,OPO,22820.016431055712
907,Kenneth Kaunda International Airport Lusaka,LUN,22413.636264009052
6457,Kenmore Air Harbor Seaplane Base,LKE,22412.999999999996
3571,Wiley Post Will Rogers Memorial Airport,BRW,22241.098627539057
6718,St Mary's Airport,KSM,22122.857596292593
2305,Fukuoka Airport,FUK,22099.142889254694
2246,Antonio B. Won Pat International Airport,GUM,22073.215868208412
2910,Astana International Airport,TSE,21722.127592210974
1177,Julius Nyerere International Airport,DAR,21675.457997006062
2528,Pampulha - Carlos Drummond de Andrade Airport,PLU,21474.68810449247
2194,Muscat International Airport,MCT,21129.097781297558
1926,Owen Roberts International Airport,GCM,20003.22078954484
1175,Khartoum International Airport,KRT,19975.77167449718
3120,Wattay International Airport,VTE,19799.63925305767
636,Bergen Airport Flesland,BGO,19581.5041793656
492,London Luton Airport,LTN,19469.99606197887
4248,Kulusuk,KUS,19432.059585325715
1525,Il Caravaggio International Airport,BGY,19403.933404066
111,Quebec Jean Lesage International Airport,YQB,19304.619138464728
415,Lennart Meri Tallinn Airport,TLL,19298.616222986562
3144,Chennai International Airport,MAA,19251.338359530764
7128,Toowoomba Airport,TWB,19233.861009692682
2545,Afonso Pena Airport,CWB,19210.623474269345
3854,Cold Bay Airport,CDB,19167.00000000002
18,Reykjavik Airport,RKV,19167.0
4242,Tanna Airport,TAH,19164.99999999999
2728,Alfredo Vásquez Cobo International Airport,LET,19163.0
5461,Rigolet Airport,YRG,19161.000000000007
3720,Portland International Airport,PDX,19105.11728558872
1084,Léopold Sédar Senghor International Airport,DKR,19066.722355416463
1633,João Paulo II Airport,PDL,18962.56105706359
1273,Toulouse-Blagnac Airport,TLS,18669.76389708522
1587,Václav Havel Airport Prague,PRG,18266.033498516383
121,Thunder Bay Airport,YQT,18189.911610580682
4206,Mactan Cebu International Airport,CEB,17945.17315126317
893,Sir Seewoosagur Ramgoolam International Airport,MRU,17306.760782238987
679,Warsaw Chopin Airport,WAW,17225.34696621867
155,Norman Wells Airport,YVQ,17034.666666665802
1187,Entebbe International Airport,EBB,17025.84940045935
532,Aberdeen Dyce Airport,ABZ,16826.9933653412
3764,Edward G. Pitka Sr Airport,GAL,16568.397619047013
3420,Fort Yukon Airport,FYU,16421.456526153564
2983,Tashkent International Airport,TAS,16391.563218649953
3393,Chongqing Jiangbei International Airport,CKG,16347.480593295368
2042,Wellington International Airport,WLG,16236.048274389148
7088,Unalakleet Airport,UNK,16196.736930362444
2584,João Correa da Rocha Airport,MAB,16093.594613800273
2170,Queen Alia International Airport,AMM,16043.986243778172
2157,Shiraz Shahid Dastghaib International Airport,SYZ,15824.99264189294
503,London City Airport,LCY,15815.46776739264
2009,Christchurch International Airport,CHC,15673.873088284445
4092,Maestro Wilson Fonseca Airport,STM,15481.475695771082
4362,Talagi Airport,ARH,15169.262630941066
3383,Xiamen Gaoqi International Airport,XMN,14881.180533692277
2933,Yuzhno-Sakhalinsk Airport,UUS,14875.391500078616
2715,Alfonso Bonilla Aragon International Airport,CLO,14753.770206089972
2074,Prince Mohammad Bin Abdulaziz Airport,MED,14547.801532464038
3323,Charleville Airport,CTL,14528.200884621901
1682,Esenboğa International Airport,ESB,14495.863250329632
1036,Goma International Airport,GOM,14378.500000000004
1909,José Martí International Airport,HAV,14372.856089857822
2612,Santos Dumont Airport,SDU,14319.665470097712
3456,Kahului Airport,OGG,14079.863780463005
3473,Memphis International Airport,MEM,14019.323199055836
4105,Hosea Kutako International Airport,WDH,13920.691136400905
3980,Sana'a International Airport,SAH,13636.858827420223
231,Es Senia Airport,ORN,13502.570937002141
2287,New Chitose Airport,CTS,13454.577308086189
5674,Praia International Airport,RAI,13373.701491115538
4325,Hammerfest Airport,HFT,13260.79254048417
4119,Djibouti-Ambouli Airport,JIB,13019.699167976552
2769,Teniente Av. Jorge Henrich Arauz Airport,TDD,12922.526357985997
189,St. John's International Airport,YYT,12869.664715243802
797,Cape Town International Airport,CPT,12843.257999611727
3337,Launceston Airport,LST,12841.289170975258
4019,Albuquerque International Sunport,ABQ,12820.496646143638
8174,Friday Harbor Seaplane Base,FBS,12819.999999999998
2856,General Manuel Carlos Piar International Airport,PZO,12796.976032054636
2729,Enrique Olaya Herrera Airport,EOH,12787.068398268406
3864,Albany International Airport,ALB,12780.471087380813
2180,Bateen Airport,AZI,12780.000000000004
6296,Maningrida Airport,MNG,12780.0
7240,Sleetmute Airport,SLQ,12779.000000000016
5442,Qaqortoq Heliport,JJU,12778.000000000007
5448,Upernavik Airport,JUV,12778.000000000007
5492,Makkovik Airport,YMN,12778.000000000005
1594,Eilat Airport,ETH,12778.000000000004
1122,Berbera Airport,BBO,12778.000000000004
6197,Dawei Airport,TVY,12778.0
6325,St George Airport,SGO,12777.999999999996
8225,Old Arctic Bay Airport,YAB,12777.999999999993
7288,Placencia Airport,PLJ,12774.059523809392
7238,Crooked Creek Airport,CKD,12773.000000000005
7091,Chuathbaluk Airport,CHU,12770.0
1037,Kindu Airport,KND,12762.000000000002
1551,Venice Marco Polo Airport,VCE,12449.190052548169
2249,Marshall Islands International Airport,MAJ,12407.90441164791
916,Roland Garros Airport,RUN,12292.908632745888
2378,Gimpo International Airport,GMP,12220.089292253811
2939,Boryspil International Airport,KBP,12196.438955749509
552,Exeter International Airport,EXT,12066.418247293768
2121,Esfahan Shahid Beheshti International Airport,IFN,11967.149589241426
2207,Alama Iqbal International Airport,LHE,11945.94613656006
2264,Kaohsiung International Airport,KHH,11909.046824243615
3179,Phuket International Airport,HKT,11896.825808510715
4078,Tolmachevo Airport,OVB,11884.578630955992
5422,Gurney Airport,GUR,11708.29865170331
1472,Diagoras Airport,RHO,11618.70209406366
2176,Kuwait International Airport,KWI,11610.58757113629
979,Maputo Airport,MPM,11525.491369782238
2555,Hercílio Luz International Airport,FLN,11498.175633699635
3263,Kuching International Airport,KCH,11454.309201748722
2191,Sharjah International Airport,SHJ,11232.692548552493
3391,Shanghai Hongqiao International Airport,SHA,11184.01740717958
469,Birmingham International Airport,BHX,11169.209635260888
3690,Nashville International Airport,BNA,11062.43956099829
6248,Boulia Airport,BQL,11009.13244871139
2219,Peshawar International Airport,PEW,10966.216091147082
2875,Sir Grantley Adams International Airport,BGI,10628.178305070545
3386,Hangzhou Xiaoshan International Airport,HGH,10453.479796555092
1665,Geneva Cointrin International Airport,GVA,10349.650016545145
3458,Kansas City International Airport,MCI,10304.707713104792
632,Alta Airport,ALF,10228.88743897503
4161,Yaoundé Nsimalen International Airport,NSI,10084.484637701022
3376,Wuhan Tianhe International Airport,WUH,9832.769607870394
1760,Punta Cana International Airport,PUJ,9706.269976347752
1771,Goloson International Airport,LCE,9657.14419078597
8170,Roche Harbor Seaplane Base,RCE,9620.999999999998
7375,Minaçu Airport,MQH,9596.999999999993
7157,Perryville Airport,KPV,9588.000000000018
1026,Mbandaka Airport,MDK,9587.000000000004
7153,Chignik Lake Airport,KCQ,9585.000000000011
6789,St Augustin Airport,YIF,9584.5
7155,Chignik Lagoon Airport,KCL,9582.000000000005
9745,Chignik Fisheries Airport,KCG,9579.0
2610,Guararapes - Gilberto Freyre International Airport,REC,9573.844892347295
2275,Taipei Songshan Airport,TSA,9532.60280190106
1688,Antalya International Airport,AYT,9269.014565030539
3620,Deadhorse Airport,SCC,9233.670098832663
649,Kirkenes Airport (Høybuktmoen),KKN,9232.349741857262
3374,Shenzhen Bao'an International Airport,SZX,9172.92895956843
1056,Tenerife South Airport,TFS,9003.012563941453
1208,Zagreb Airport,ZAG,8941.528699000888
3261,Dominique Edward Osok Airport,SOQ,8702.94122850123
2895,Queen Beatrix International Airport,AUA,8685.386551812338
2927,Khabarovsk-Novy Airport,KHV,8651.69752069268
2384,Naha Airport,OKA,8632.620552401193
3928,Juanda International Airport,SUB,8536.45535221043
6040,Santa Maria Airport,RIA,8519.000000000075
4374,Yemelyanovo Airport,KJA,8326.451191976004
3520,Ronald Reagan Washington National Airport,DCA,8287.665583872033
1324,Ajaccio-Napoléon Bonaparte Airport,AJA,8266.349809272235
243,Ain el Beida Airport,OGX,8149.331253865116
6322,Quilpie Airport,ULP,8145.8675512879845
3517,Nantucket Memorial Airport,ACK,8114.167592440392
3378,Lanzhou Zhongchuan Airport,LHW,8055.114794349947
3731,San Diego International Airport,SAN,7971.12234662279
6341,Beijing Nanyuan Airport,NAY,7818.859251756071
4328,Vadsø Airport,VDS,7701.8799662172105
6366,Xining Caojiabu Airport,XNN,7649.172906957323
1165,Kigali International Airport,KGL,7646.939545939481
1629,Lajes Airport,TER,7603.692650322524
2313,Nagasaki Airport,NGS,7550.36269636609
3035,Siem Reap International Airport,REP,7547.803349860814
1881,Daniel Oduber Quiros International Airport,LIR,7490.080193381832
30,Campbell River Airport,YBL,7461.693507669046
8200,Toksook Bay Airport,OOK,7451.166666666668
1776,Toncontín International Airport,TGU,7371.202753291682
738,Stockholm-Bromma Airport,BMA,7295.284058531902
2944,Kiev Zhuliany International Airport,IEV,7277.523807424548
2881,Pointe-à-Pitre Le Raizet,PTP,7193.592854080542
1057,Tenerife Norte Airport,TFN,7178.03800631298
6289,Longreach Airport,LRE,7150.322104880234
5694,Malindi Airport,MYD,7103.64563937736
6345,Baita International Airport,HET,7060.995072798187
3919,Sultan Aji Muhamad Sulaiman Airport,BPN,7013.473423180236
2254,Chuuk International Airport,TKK,6906.566295798145
6505,Phoenix-Mesa-Gateway Airport,AZA,6827.870166456285
2759,Jorge Wilsterman International Airport,CBB,6651.750813389561
6347,Shijiazhuang Daguocun International Airport,SJW,6583.039040061902
6309,Normanton Airport,NTN,6573.35576229825
3408,Sultan Abdul Aziz Shah International Airport,SZB,6558.363395067678
4097,Lhasa Gonggar Airport,LXA,6558.222694591399
3136,Cochin International Airport,COK,6555.4204237701415
1626,Faro Airport,FAO,6542.460233242123
994,Seychelles International Airport,SEZ,6499.755239150066
897,Douala International Airport,DLA,6498.612194912289
3903,Hang Nadim International Airport,BTH,6488.669524484974
90,Fort McMurray Airport,YMM,6487.714500083705
1804,Don Miguel Hidalgo Y Costilla International Airport,GDL,6481.159014232753
2538,Campo Grande Airport,CGR,6468.680744163543
488,Cardiff International Airport,CWL,6460.436161555183
1628,Horta Airport,HOR,6446.545153264571
6086,Ust-Kamennogorsk Airport,UKK,6446.235077993464
5761,Pierre Regional Airport,PIR,6443.672992442162
3153,Trivandrum International Airport,TRV,6440.955437601344
886,Pointe Noire Airport,PNR,6436.958035213271
4124,Page Municipal Airport,PGA,6425.796735970671
3442,Grand Forks International Airport,GFK,6419.351621510139
9540,Deer Harbor Seaplane,DHB,6417.999999999999
6111,Cherepovets Airport,CEE,6413.346648181067
921,Toamasina Airport,TMM,6405.124015697714
520,Isle of Man Airport,IOM,6401.482369752647
7368,Gurupi Airport,GRP,6399.9999999999945
7532,Carajás Airport,CKS,6397.358269260671
3265,Marudi Airport,MUR,6397.000000000002
6267,Flinders Island Airport,FLS,6396.0
1323,Figari Sud-Corse Airport,FSC,6394.841230043198
2665,El Tepual Airport,PMC,6394.657142857144
234,Touat Cheikh Sidi Mohamed Belkebir Airport,AZR,6394.649999999999
2756,Vanguardia Airport,VVC,6393.4000000000015
6137,Salekhard Airport,SLY,6393.109792173512
1035,Bukavu Kavumu Airport,BKY,6393.0
2749,Gustavo Rojas Pinilla International Airport,ADZ,6392.5303030303
3974,Mukalla International Airport,RIY,6392.191678132369
7209,Scammon Bay Airport,SCM,6392.000000000011
7168,Kitoi Bay Seaplane Base,KKB,6392.0
8240,Redenção Airport,RDC,6392.0
7275,Denny Island Airport,nan,6391.833333333334
3447,Trenton Mercer Airport,TTN,6391.363409240309
5773,Tupelo Regional Airport,TUP,6391.000000000009
7206,Quinhagak Airport,KWN,6391.0000000000055
3804,Cheyenne Regional Jerry Olson Field,CYS,6391.0000000000055
6169,Koggala Airport,KCT,6391.000000000005
9229,Sigiriya Air Force Base,GIU,6391.000000000005
4279,San Pedro Airport,SPR,6391.000000000004
6794,Taree Airport,TRO,6391.000000000004
5446,Qaanaaq Airport,NAQ,6391.000000000004
5449,Qaarsut Airport,JQA,6391.000000000004
5439,Neerlerit Inaat Airport,CNP,6391.000000000004
7252,Postville Airport,YSO,6391.000000000003
1118,Mekele Airport,MQX,6391.000000000002
5686,Bosaso Airport,BSA,6391.000000000002
6276,Julia Creek Airport,JCK,6391.000000000002
63,Gaspé (Michel-Pouliot) Airport,YGP,6391.000000000002
7417,Wilwal International Airport,JIJ,6391.000000000002
729,Vilhelmina Airport,VHM,6391.000000000001
2404,Zamboanga International Airport,ZAM,6391.000000000001
719,Lycksele Airport,LYC,6391.000000000001
7114,Venetie Airport,VEE,6391.0
3223,Myeik Airport,MGZ,6391.0
3224,Myitkyina Airport,MYT,6391.0
3353,Christmas Island Airport,XCH,6391.0
4347,St. Mary's Airport,ISC,6391.0
1968,Hihifo Airport,WLS,6391.0
5807,JAGS McCartney International Airport,GDT,6391.0
1136,Aswan International Airport,ASW,6391.0
6219,Lawas Airport,LWY,6391.0
37,Kugluktuk Airport,YCO,6390.999999999999
6371,Bayankhongor Airport,BYN,6390.999999999999
6258,Cunnamulla Airport,CMA,6390.999999999998
1183,Mwanza Airport,MWZ,6390.999999999998
2706,Tres De Mayo Airport,PUU,6390.999999999997
2609,Plácido de Castro Airport,RBR,6390.999999999997
1986,Takaroa Airport,TKX,6390.999999999997
170,Pangnirtung Airport,YXP,6390.999999999996
128,Resolute Bay Airport,YRB,6390.999999999996
7287,Dangriga Airport,DGA,6389.145238094715
1993,Hao Airport,HOI,6388.0
3515,Myrtle Beach International Airport,MYR,6387.961519610445
7218,Tuluksak Airport,TLT,6387.0000000000055
5962,Holy Cross Airport,HCR,6387.0000000000055
7090,Shageluk Airport,SHX,6387.0000000000055
7095,Kwethluk Airport,KWT,6387.0000000000055
5894,Sola Airport,SLH,6387.000000000004
5906,Gaua Island Airport,ZGU,6387.000000000004
11229,Beni Airport,BNC,6387.0
1987,Nuku Hiva Airport,NHV,6386.999999999996
5890,Hiva Oa-Atuona Airport,AUQ,6386.999999999996
2750,Eduardo Falla Solano Airport,SVI,6383.000000000001
2221,Quetta International Airport,UET,6323.902089612321
3942,Chubu Centrair International Airport,NGO,6311.329140590094
2064,King Fahd International Airport,DMM,6297.486051152623
6262,Doomadgee Airport,DMD,6200.644237701749
1847,General Abelardo L. Rodríguez International Airport,TIJ,6035.702848741446
1606,Malta International Airport,MLA,5973.271424913895
666,Stavanger Airport Sola,SVG,5945.400948738581
3330,Townsville Airport,TSV,5882.014659069434
2251,Bucholz Army Air Field,KWA,5872.4878645394
2768,Capitan Oriel Lea Plaza Airport,TJA,5862.426045385224
342,Hamburg Airport,HAM,5618.280164863745
2618,Congonhas Airport,CGH,5601.541620718423
3404,Zhoushuizi Airport,DLC,5586.327270228621
490,Bristol Airport,BRS,5516.4251423215255
1529,Milano Linate Airport,LIN,5431.425571539841
8203,Newtok Airport,WWT,5326.333333333342
8201,Tununak Airport,TNK,5323.333333333337
200,Port Hardy Airport,YZT,5312.306492331185
1897,Toussaint Louverture International Airport,PAP,5167.226414183468
2902,Piarco International Airport,POS,5163.532855777113
1459,Karpathos Airport,AOK,5126.345766631005
238,Oued Irara Airport,HME,5061.87705745805
1102,Amílcar Cabral International Airport,SID,4905.774698314585
2848,La Chinita International Airport,MAR,4880.7682341877835
3488,Cincinnati Northern Kentucky International Airport,CVG,4878.040394572252
5412,Nusatupe Airport,GZO,4796.833333333332
2104,Ahwaz Airport,AWZ,4779.5956074644255
3953,Riga International Airport,RIX,4767.143025443842
498,Guernsey Airport,GCI,4746.318357273379
3371,Changsha Huanghua International Airport,CSX,4686.727169556613
350,Stuttgart Airport,STR,4633.421093852469
3284,Supadio Airport,PNK,4630.584118312401
6243,Bedourie Airport,BEU,4629.465782045099
1486,Thessaloniki Macedonia International Airport,SKG,4600.355840706606
253,Port Bouet Airport,ABJ,4591.525226239594
245,Cadjehoun Airport,COO,4490.252557559711
2979,Dushanbe Airport,DYU,4449.047126862887
999,N'Djamena International Airport,NDJ,4421.321152565942
608,Billund Airport,BLL,4414.2352965390455
1149,Wajir Airport,WJR,4391.547758105311
2162,Tabriz International Airport,TBZ,4297.005503556098
3321,Gold Coast Airport,OOL,4287.604491473695
910,Simon Mwansa Kapwepwe International Airport,NLA,4273.250306238654
6720,Mekoryuk Airport,MYU,4259.666666666673
40,Clyde River Airport,YCY,4257.999999999826
8076,Al Maktoum International Airport,DWC,4255.676988312172
2443,Ingeniero Ambrosio Taravella Airport,COR,4235.634747263997
2874,V.C. Bird International Airport,ANU,4222.015167246409
143,Timmins/Victor M. Power,YTS,4220.86449595177
3589,Westchester County Airport,HPN,4166.15795677316
491,Liverpool John Lennon Airport,LPL,4126.325357279825
1452,Heraklion International Nikos Kazantzakis Airport,HER,4122.423039857899
4144,Taoxian Airport,SHE,4082.4135476062525
344,Cologne Bonn Airport,CGN,4078.7178015591116
304,Brussels South Charleroi Airport,CRL,4044.289261712983
6173,Lokpriya Gopinath Bordoloi International Airport,GAU,3991.3639159060144
1739,Belgrade Nikola Tesla Airport,BEG,3887.0794435149583
1222,Girona Airport,GRO,3872.410251630729
2490,Almirante Marco Andres Zar Airport,REL,3862.6910889077617
3502,Dallas Love Field,DAL,3857.3311310274717
3916,El Tari Airport,KOE,3818.2683806250234
1186,Abeid Amani Karume International Airport,ZNZ,3811.543750479991
3394,Longdongbao Airport,KWE,3810.333329045322
1562,Pisa International Airport,PSA,3803.2580577813565
523,East Midlands Airport,EMA,3790.4009617072757
2134,Bandar Abbas International Airport,BND,3774.5501894448344
1489,Budapest Liszt Ferenc International Airport,BUD,3740.23093627635
3388,Nanjing Lukou Airport,NKG,3739.6348056870725
495,Southampton Airport,SOU,3737.999852659592
984,Nampula Airport,APL,3702.2713914232363
988,Chingozi Airport,TET,3682.212545290886
1519,Cagliari Elmas Airport,CAG,3633.8215471044223
4330,Imam Khomeini International Airport,IKA,3604.962651372435
3646,Tampa International Airport,TPA,3595.8905426776614
4381,Niigata Airport,KIJ,3585.1935946190747
2647,Pdte. Carlos Ibañez del Campo Airport,PUQ,3473.4893246137194
2602,Lauro Kurtz Airport,PFB,3455.7564930949984
7087,Emmonak Airport,EMK,3319.981736133309
3084,Lal Bahadur Shastri Airport,VNS,3248.5767899747793
3373,Nanning Wuxu Airport,NNG,3246.737802843301
6721,Point Hope Airport,PHO,3239.263636363637
1075,Menara Airport,RAK,3229.769370953357
2496,Piloto Civil N. Fernández Airport,RGL,3222.3793497322076
8173,Westsound Seaplane Base,WSX,3210.9999999999995
4106,Victoria Harbour Seaplane Base,YWH,3210.9999999999995
3967,Asmara International Airport,ASM,3204.9992452703127
309,Liège Airport,LGG,3204.0060032069714
5951,Turbat International Airport,TUK,3203.1092448527666
8243,São Félix do Araguaia Airport,SXO,3200.9999999999973
5423,Girua Airport,PNP,3199.3611111111113
3334,Melbourne Essendon Airport,MEB,3199.0
6089,Ganja Airport,KVD,3198.4767281129916
8239,Ourilândia do Norte Airport,OIA,3197.9999999999995
7187,Wales Airport,WAA,3197.83333333334
1138,Eldoret International Airport,EDL,3197.333333333337
7180,Kobuk Airport,OBU,3197.000000000007
7154,Egegik Airport,EGX,3197.000000000006
6763,Igiugig Airport,IGG,3197.000000000006
7212,Nunapitchuk Airport,NUP,3197.0000000000055
9744,Napaskiak Airport,PKA,3197.0000000000055
3430,Platinum Airport,PTU,3197.0000000000055
7066,Chadron Municipal Airport,CDR,3197.000000000005
2454,Suboficial Ay Santiago Germano Airport,AFA,3197.000000000003
5695,Nanyuki Airport,NYK,3197.000000000002
2667,Pichoy Airport,ZAL,3197.0000000000014
5643,Oranjemund Airport,OMD,3197.0000000000014
2596,Santo Ângelo Airport,GEL,3197.0000000000005
3018,Porbandar Airport,PBD,3197.0000000000005
6286,Lockhart River Airport,IRG,3197.0000000000005
7173,Seal Bay Seaplane Base,SYB,3197.0
2518,Conceição do Araguaia Airport,CDJ,3197.0
7151,Port Protection Seaplane Base,PPV,3196.9999999999995
6783,Sinop Airport,NOP,3196.9999999999995
6732,Tambor Airport,TMU,3196.9999999999995
8204,Achutupo Airport,ACU,3196.9999999999995
8206,Garachine Airport,GHE,3196.9999999999995
1078,Cherif Al Idrissi Airport,AHU,3196.9999999999995
5840,Jaqué Airport,JQE,3196.9999999999995
438,Kittilä Airport,KTT,3196.999999999999
7407,Guanambi Airport,GNM,3196.9999999999986
10792,Jumandy Airport,TNW,3196.9999999999986
1980,Kaukura Airport,KKR,3196.9999999999973
6212,Dumatumbun Airport,LUV,3196.999999999997
8237,Patos de Minas Airport,POJ,3196.9999999999964
7136,Elfin Cove Seaplane Base,ELV,3196.9999999999955
7137,Tenakee Seaplane Base,TKE,3196.9999999999955
7237,Coffman Cove Seaplane Base,KCC,3196.0
7162,Larsen Bay Airport,KLN,3196.0
7167,Amook Bay Seaplane Base,AOS,3196.0
11290,Kongolo Airport,KOO,3196.0
7901,El Porvenir,PVE,3196.0
7067,Alliance Municipal Airport,AIA,3194.0
7094,Kasigluk Airport,KUK,3194.0
7102,Levelock Airport,KLL,3194.0
7135,Angoon Seaplane Base,AGN,3194.0
7150,Point Baker Seaplane Base,KPB,3194.0
8202,Goodnews Airport,GNU,3194.0
5955,Bahia Piña Airport,BFQ,3194.0
5957,Contadora Airport,OTD,3194.0
5958,Sambu Airport,SAX,3194.0
1033,Bunia Airport,BUX,3194.0
1984,Arutua Airport,AXR,3194.0
7117,Shungnak Airport,SHG,3194.0
7138,Pelican Seaplane Base,PEC,3194.0
7159,South Naknek Nr 2 Airport,WSN,3194.0
6738,Bella Coola Airport,QBC,3194.0
9823,Goulimime Airport,GLN,3194.0
5641,Luderitz Airport,LUD,3194.0
2680,Coronel E Carvajal Airport,XMS,3194.0
428,Ivalo Airport,IVL,3194.0
7895,Playon Chico,PYC,3194.0
9739,Napakiak Airport,WNA,3194.0
3237,Tachileik Airport,THL,3194.0
3073,Saidpur Airport,SPD,3194.0
3079,Agra Airport,AGR,3194.0
2582,Bom Jesus da Lapa Airport,LAZ,3194.0
2603,João Simões Lopes Neto International Airport,PET,3194.0
1081,Ziguinchor Airport,ZIG,3194.0
5711,Diu Airport,DIU,3194.0
1079,Saniat R'mel Airport,TTU,3194.0
5473,Tête-à-la-Baleine Airport,ZTB,3193.5
8199,Nightmute Airport,NME,3192.5
6839,Allakaket Airport,AET,3188.0
3137,Calicut International Airport,CCJ,3159.381167704921
2057,Bahrain International Airport,BAH,3156.6967347300956
7200,Sheldon Point Airport,SXP,3155.1816544566564
1706,Adnan Menderes International Airport,ADB,3072.83494489409
1512,Falcone–Borsellino Airport,PMO,3040.8311521919213
2638,Eurico de Aguiar Salles Airport,VIX,3021.2200658304814
2922,Heydar Aliyev International Airport,GYD,3006.952830240427
3697,La Guardia Airport,LGA,2885.0265004136163
2883,Cyril E. King Airport,STT,2859.0424628346423
216,Aguenar – Hadj Bey Akhamok Airport,TMR,2851.692772409427
3222,Mandalay International Airport,MDL,2848.1810003269106
2897,Hato International Airport,CUR,2809.6251905246704
3272,Brunei International Airport,BWN,2776.8351188781153
1772,Ramón Villeda Morales International Airport,SAP,2765.9555060595812
2005,La Tontouta International Airport,NOU,2754.118969919586
2878,Martinique Aimé Césaire International Airport,FDF,2751.4345384092912
2177,Beirut Rafic Hariri International Airport,BEY,2707.6728195572605
246,Ouagadougou Airport,OUA,2648.6406112264767
591,Rotterdam The Hague Airport,RTM,2615.3653229123006
4108,Yaoqiang Airport,TNA,2608.4761236789104
3849,Baltimore/Washington International Thurgood Marshall Airport,BWI,2602.668469110042
2167,Zahedan International Airport,ZAH,2601.9567967259304
3917,Komodo Airport,LBJ,2588.8408702915467
1538,Bologna Guglielmo Marconi Airport,BLQ,2564.2712509458884
187,Churchill Airport,YYQ,2490.8155111259052
585,Eindhoven Airport,EIN,2473.1465697202016
3747,Chicago Midway International Airport,MDW,2412.514219021383
3959,Vilnius International Airport,VNO,2363.798226479021
296,Tozeur Nefta International Airport,TOE,2290.9440698911726
1418,Nantes Atlantique Airport,NTE,2256.15217158877
2244,Saipan International Airport,SPN,2231.269528061604
1055,Lanzarote Airport,ACE,2189.2291753863337
891,Malabo Airport,SSG,2174.5135463017573
3390,Liuting Airport,TAO,2162.979722981496
3453,Metropolitan Oakland International Airport,OAK,2137.5613787806496
2656,Carriel Sur Airport,CCP,2132.2603174603914
5495,Igloolik Airport,YGT,2130.9999999999145
4237,Déline Airport,YWJ,2128.3333333332143
7208,Koyukuk Airport,KYU,2127.533333333333
2989,Syktyvkar Airport,SCW,2114.7312749726098
2850,Del Caribe Santiago Mariño International Airport,PMV,2108.0392078323325
1509,Catania-Fontanarossa Airport,CTA,2103.6732524385484
668,Gdańsk Lech Wałęsa Airport,GDN,2091.5930169798585
3242,Nabire Airport,NBX,2085.0888925610343
3366,Dongshan Airport,HLD,2076.2095918132304
7113,Tanana Airport,TAL,2053.5357142855273
1246,Valencia Airport,VLC,2050.8362237891515
2268,Taichung Ching Chuang Kang Airport,RMQ,2036.338573095722
1774,Juan Manuel Galvez International Airport,RTB,1959.8968801180501
1892,Monseñor Óscar Arnulfo Romero International Airport,SAL,1949.2909144156358
1762,Las Américas International Airport,SDQ,1939.2713722176543
481,Newquay Cornwall Airport,NQY,1920.1762231471869
1197,Larnaca International Airport,LCA,1918.8167607629105
2256,Babelthuap Airport,ROR,1918.7597461142836
1200,Dubrovnik Airport,DBV,1914.639956966006
1154,Benina International Airport,BEN,1912.5808363291237
2334,Osaka International Airport,ITM,1910.9518805858274
192,Mont Joli Airport,YYY,1899.2304242822895
1038,Lubumbashi International Airport,FBM,1897.639533849548
1367,Paris Beauvais Tillé Airport,BVA,1892.109061607577
45,Deer Lake Airport,YDF,1877.9568225352075
7111,Nulato Airport,NUL,1823.3095238096407
7098,Russian Mission Airport,RSH,1811.6744444444485
1825,General Mariano Escobedo International Airport,MTY,1782.9414750677697
3910,Iskandar Airport,PKN,1775.15595603341
1225,Ibiza Airport,IBZ,1774.5882853881658
6333,Windorah Airport,WNR,1769.0783424440747
2109,Kish International Airport,KIH,1754.6891382575307
1051,Fuerteventura Airport,FUE,1750.4250380281762
1106,São Pedro Airport,VXE,1743.2934959366698
629,Luxembourg-Findel International Airport,LUX,1720.7657024237626
4265,Martha's Vineyard Airport,MVY,1719.8342591070568
1321,Bastia-Poretta Airport,BIA,1694.8880486593343
521,Newcastle Airport,NCL,1680.5682725658785
2816,Carrasco International /General C L Berisso Airport,MVD,1673.913059856033
1206,Split Airport,SPU,1673.5772546038427
1059,Lungi International Airport,FNA,1663.604008074673
2934,Vladivostok International Airport,VVO,1640.1181866202774
2452,El Plumerillo Airport,MDZ,1603.884373192346
2912,Manas International Airport,FRU,1602.8934569068178
5897,Craig Cove Airport,CCV,1601.2666666666669
5411,Munda Airport,MUA,1599.9999999999995
1979,Totegegie Airport,GMR,1597.9999999999986
1981,Makemo Airport,MKP,1597.9999999999986
6716,Hooper Bay Airport,HPB,1596.5
5968,Chevak Airport,VAK,1596.5
1032,Matari Airport,IRP,1595.500000000001
5900,Tavie Airport,PBJ,1593.7333333333331
115,Kenora Airport,YQK,1592.093591616003
5527,Red Lake Airport,YRL,1590.4269249493375
2882,Point Salines International Airport,GND,1570.7534945702685
2312,Kumamoto Airport,KMJ,1570.1413683666253
3196,Da Nang International Airport,DAD,1555.2572663520507
4030,Sanya Phoenix International Airport,SYX,1543.0103897343529
337,Berlin-Schönefeld Airport,SXF,1531.8217528710475
1767,La Aurora Airport,GUA,1502.6824231988653
2960,Krasnodar Pashkovsky International Airport,KRR,1500.1055576865017
7216,Pilot Station Airport,PQS,1485.2898412698437
3673,Austin Bergstrom International Airport,AUS,1482.1007459100028
1423,EuroAirport Basel-Mulhouse-Freiburg Airport,BSL,1389.0944820096631
1064,Al Massira Airport,AGA,1384.429472412177
7108,Huslia Airport,HSL,1377.673809523756
2114,Shahid Ashrafi Esfahani Airport,KSH,1377.5594205361397
4368,Ukhta Airport,UCT,1371.3324468896776
3964,Zvartnots International Airport,EVN,1365.7022382467107
3566,William P Hobby Airport,HOU,1365.1512961109954
2559,Pinto Martins International Airport,FOR,1337.18449017795
2440,Islas Malvinas Airport,ROS,1319.5633518205623
221,Mohamed Boudiaf International Airport,CZL,1315.988805185891
2954,Minsk National Airport,MSQ,1306.2099394040367
355,Frankfurt-Hahn Airport,HHN,1294.8670302081653
687,Gothenburg-Landvetter Airport,GOT,1280.683518405111
237,Noumérat - Moufdi Zakaria Airport,GHA,1280.4713162659814
3676,McGhee Tyson Airport,TYS,1280.1692288220868
6355,Zhuhai Jinwan Airport,ZUH,1277.4289579823198
4085,Yinchuan Airport,nan,1274.4607186091305
1480,Sitia Airport,JSH,1266.055217151473
517,Leeds Bradford Airport,LBA,1251.3992256755816
3375,Zhengzhou Xinzheng International Airport,CGO,1240.738995674059
5905,Norsup Airport,NUS,1214.6034946744423
641,"Harstad/Narvik Airport, Evenes",EVE,1195.2108598417221
1145,Mombasa Moi International Airport,MBA,1183.5326629513427
3729,Des Moines International Airport,DSM,1175.4631108894343
3385,Fuzhou Changle International Airport,FOC,1163.42830366465
1517,Alghero-Fertilia Airport,AHO,1158.0096977127328
3685,Gerald R. Ford International Airport,GRR,1145.4637136535148
4304,Cheddi Jagan International Airport,GEO,1144.5178344051037
3368,Tianjin Binhai International Airport,TSN,1134.711397533768
3257,Fakfak Airport,FKQ,1115.4731157205727
1005,Robert Gabriel Mugabe International Airport,HRE,1111.8064447301313
3863,Will Rogers World Airport,OKC,1093.0131488269608
3308,Penang International Airport,PEN,1088.3343910045828
1458,Kos Airport,KGS,1085.8659640428355
5419,Buka Airport,BUA,1070.7013482966893
3973,Tbilisi International Airport,TBS,1067.6333322002758
6722,Ruby Airport,RBY,1064.9499999999998
4111,Roshchino International Airport,TJM,1064.472208325617
1110,Axum Airport,AXU,1064.0000000000373
1111,Bahir Dar Airport,BJR,1064.0000000000373
1114,Gonder Airport,GDQ,1064.0000000000373
6069,Santa Rosa Airport,SRA,1064.0000000000373
2658,Cañal Bajo Carlos - Hott Siebert Airport,ZOS,1062.9777777778154
4057,Sharm El Sheikh International Airport,SSH,1060.6590700752631
5712,Gheshm Airport,nan,1050.2745467485738
2106,Bushehr Airport,BUZ,1050.0376530180436
603,Shannon Airport,SNN,1045.9173329430682
915,Dzaoudzi Pamandzi International Airport,DZA,1041.9091455899759
2745,Jose Maria Córdova International Airport,MDE,1036.9901066185369
1264,Bordeaux-Mérignac Airport,BOD,1030.44718400947
799,King Shaka International Airport,DUR,1030.3191742409222
1194,Sofia Airport,SOF,1030.2448861545845
4043,The Eastern Iowa Airport,CID,1009.2971469404495
5910,Uléi Airport,ULB,1004.7982526627784
5902,Lamen Bay Airport,LNB,1003.2982526627784
2050,Hamid Karzai International Airport,KBL,1001.8105529376551
974,Beira Airport,BEW,984.1931601892206
3260,Rendani Airport,MKW,973.4067323573252
4034,Greenville Spartanburg International Airport,GSP,969.3811285836462
669,Kraków John Paul II International Airport,KRK,964.8484727638696
239,In Salah Airport,INZ,956.3393418670157
211,Djanet Inedbirene Airport,DJG,954.3393418670156
291,Gabès Matmata International Airport,GAE,924.8274524815562
3617,St Petersburg Clearwater International Airport,PIE,907.6312874496657
4041,Fort Wayne International Airport,FWA,906.2528451551387
3410,Borg El Arab International Airport,HBE,905.252705108229
4327,Mehamn Airport,MEH,904.530090324185
533,Inverness Airport,INV,896.3071200027437
353,Bremen Airport,BRE,892.3284493023757
5934,Lar Airport,LRR,884.8453760361499
4357,Atyrau Airport,GUW,856.9304012109984
4348,Springfield Branson National Airport,SGF,856.1656442481541
2255,Pohnpei International Airport,PNI,848.6488628645275
4017,Blue Grass Airport,LEX,847.0275031349441
3121,Macau International Airport,MFM,817.7014004779371
2372,Gimhae International Airport,PUS,803.4092089997097
4367,Aktau Airport,SCO,799.0531876073863
1715,Dalaman International Airport,DLM,798.1700489854998
4008,Piedmont Triad International Airport,GSO,796.0690346173932
2340,Aomori Airport,AOJ,764.8571019631298
1737,Skopje Alexander the Great Airport,SKP,756.9294374719708
3722,Palm Beach International Airport,PBI,755.5507115337813
3817,Sacramento International Airport,SMF,745.3630980053401
4046,General Wayne A. Downing Peoria International Airport,PIA,740.0505051224519
3745,Syracuse Hancock International Airport,SYR,727.3347824958215
3621,San Antonio International Airport,SAT,724.539223421765
1840,Los Cabos International Airport,SJD,712.9906200901833
2773,Johan Adolf Pengel International Airport,PBM,712.0767954599903
3397,Kashgar Airport,KHG,709.7853208075963
1198,Paphos International Airport,PFO,708.2590547063396
4198,Weeze Airport,NRN,695.3166194213011
1460,Ioannis Kapodistrias International Airport,CFU,685.2380361231696
3177,Samui Airport,USM,676.4419395683872
2774,Cayenne-Rochambeau Airport,CAY,675.7678830884909
4284,Morgantown Municipal Walter L. Bill Hart Field,MGW,666.4734153956252
4091,Madeira Airport,FNC,666.4496543563707
4033,Lijiang Airport,LJG,651.2347702202519
4072,Quad City International Airport,MLI,650.5856908613234
2699,Silvio Pettirossi International Airport,ASU,649.1670168180192
1735,Chişinău International Airport,KIV,639.7712474265097
3542,Harrisburg International Airport,MDT,637.6607384185218
1526,Turin Airport,TRN,630.3241673473038
4292,Hector International Airport,FAR,625.6591852046903
3908,Syamsudin Noor Airport,BDJ,625.2299408325271
87,Kelowna International Airport,YLW,624.0436068152036
2597,Governador Aluízio Alves International Airport,NAT,620.5352182885487
1561,Naples International Airport,NAP,613.9738860763767
6142,Pobedilovo Airport,KVX,597.5148842705029
1474,Chania International Airport,CHQ,592.0912822395758
4009,Joe Foss Field Airport,FSD,570.5340594080421
3514,Ellison Onizuka Kona International At Keahole Airport,KOA,566.6418377659379
5589,"Vardø Airport, Svartnes",VAW,564.3170387672355
3861,Louis Armstrong New Orleans International Airport,MSY,563.2671560521097
3626,Raleigh Durham International Airport,RDU,559.2285480056464
298,Lomé-Tokoin Airport,LFW,558.13657304285
1807,General Ignacio P. Garcia International Airport,HMO,543.9494681078892
671,Katowice International Airport,KTW,542.4452434893745
1044,Modibo Keita International Airport,BKO,540.8184064348543
2513,San Carlos De Bariloche Airport,BRC,537.0412655727821
1501,Bari Karol Wojtyła Airport,BRI,535.487950468843
7107,Hughes Airport,HUS,532.7083333333333
4247,El Trompillo Airport,SRZ,526.5739546148499
3793,Southwest Florida International Airport,RSW,524.6160379786104
3387,Ningbo Lishe International Airport,NGB,520.2438197412672
4356,Northwest Arkansas Regional Airport,XNA,519.3772580691576
1515,Vincenzo Florio Airport Trapani-Birgi,TPS,509.0616475378263
1094,Nouakchott–Oumtounsy International Airport,NKC,505.3041883570771
3610,Merle K (Mudhole) Smith Airport,CDV,505.1284343113227
2566,Altamira Airport,ATM,505.12347035421305
1066,Saïss Airport,FEZ,502.5723062109601
373,Dortmund Airport,DTM,499.0602188879148
6954,Manzhouli Xijiao Airport,NZH,467.7117714380435
1836,Licenciado Gustavo Díaz Ordaz International Airport,PVR,463.17852824406117
1216,Bilbao Airport,BIO,461.62338852249474
1270,Limoges Airport,LIG,452.14847756637465
1923,Juan Gualberto Gomez International Airport,VRA,450.14562313724247
1553,Ciampino–G. B. Pastine International Airport,CIA,438.7958301131412
2949,Murmansk Airport,MMK,437.0716922298754
154,Kuujjuaq Airport,YVP,428.39591495435826
4359,South Bend Regional Airport,SBN,425.21519772214026
8401,Lombok International Airport,LOP,421.3010260913347
499,Jersey Airport,JER,410.8518261615177
3372,Guilin Liangjiang International Airport,KWL,410.1971706193505
680,Copernicus Wrocław Airport,WRO,405.33494749671604
3855,Tulsa International Airport,TUL,401.4240949381727
1253,Sevilla Airport,SVQ,400.5225644908386
2913,Osh Airport,OSS,390.81336431698554
3578,Lovell Field,CHA,387.7515578898011
3644,Bob Hope Airport,BUR,383.4327552026035
144,Billy Bishop Toronto City Centre Airport,YTZ,383.14754951546826
1399,Lille-Lesquin Airport,LIL,383.01191015045106
2562,Santa Genoveva Airport,GYN,382.3077194831791
347,Nuremberg Airport,NUE,373.9169863273257
2992,Ufa International Airport,UFA,363.30945573605396
4007,Asheville Regional Airport,AVL,359.27864206079875
1470,Aktion National Airport,PVK,359.0489622204498
3457,Wichita Eisenhower National Airport,ICT,354.3218747258025
3384,Nanchang Changbei International Airport,KHN,352.5009929729474
664,"Sandefjord Airport, Torp",TRF,352.1354103075068
4355,Lehigh Valley International Airport,ABE,344.6780546441218
6132,Kingman Airport,IGM,341.63003254335337
4315,Milas Bodrum International Airport,BJV,339.1953731970493
6304,Mornington Island Airport,ONG,326.9099385302289
3901,Achmad Yani Airport,SRG,322.0682199671301
3977,Aden International Airport,ADE,320.13955282495607
352,Hannover Airport,HAJ,315.8882443215386
3748,Norman Y. Mineta San Jose International Airport,SJC,314.8478357376922
3369,Taiyuan Wusu Airport,TYN,308.7920324346102
3007,Dabolim Airport,GOI,303.139438263889
2332,Kōchi Ryōma Airport,KCZ,302.8274003978459
2964,Platov International Airport,ROV,302.3697436391333
7447,Enfidha - Hammamet International Airport,NBE,298.7154370863029
169,Sioux Lookout Airport,YXL,292.64966162090167
883,Maya-Maya Airport,BZV,290.4433919093419
1209,Zadar Airport,ZAD,289.70320448583556
3989,Erbil International Airport,EBL,289.484160997507
970,Libreville Leon M'ba International Airport,LBV,287.76226079703474
4016,Roanoke–Blacksburg Regional Airport,ROA,282.6806954582948
2976,Ashgabat International Airport,ASB,282.55782839415195
3660,Bill & Hillary Clinton National Airport/Adams Field,LIT,277.8856819931463
4099,Mahlon Sweet Field,EUG,270.6613718950381
1528,Genoa Cristoforo Colombo Airport,GOA,267.4997526753324
1780,Sangster International Airport,MBJ,263.65283138541355
4076,Nauru International Airport,INU,261.1456157610533
2962,Mineralnyye Vody Airport,MRV,259.9437838270884
2166,Konarak Airport,ZBR,259.80118160035994
2993,Kurumoch International Airport,KUF,258.8281969238482
3585,Indianapolis International Airport,IND,258.04158251513786
2616,Marechal Cunha Machado International Airport,SLZ,256.4597655839817
2990,Kazan International Airport,KZN,247.79754328950497
467,George Best Belfast City Airport,BHD,239.60704157949576
4141,Sandakan Airport,SDK,238.98576953978332
912,Prince Said Ibrahim International Airport,HAH,238.78525902046457
1539,Treviso-Sant'Angelo Airport,TSF,237.72871232172662
4120,Haikou Meilan International Airport,HAK,233.4866231000246
2821,General José Antonio Anzoategui International Airport,BLA,232.80285696199562
1625,Flores Airport,FLW,221.70084479152814
1779,Norman Manley International Airport,KIN,220.216850073732
2940,Donetsk International Airport,DOK,216.83741916463575
2965,Sochi International Airport,AER,216.70638480396988
1826,General Rafael Buelna International Airport,MZT,214.9643503125306
6392,Wenzhou Longwan International Airport,WNZ,205.38186489659904
176,Whitehorse / Erik Nielsen International Airport,YXY,202.16667335735258
4040,Toledo Express Airport,TOL,198.02990337328384
734,Luleå Airport,LLA,195.9335656265542
674,Poznań-Ławica Airport,POZ,194.9447254410682
6105,Kharkiv International Airport,HRK,192.2005178006967
2554,Cataratas International Airport,IGU,188.67946970260454
657,"Moss Airport, Rygge",RYG,187.9457721458023
4090,Francisco Bangoy International Airport,DVO,184.61659316507723
1130,Hurghada International Airport,HRG,183.40714430081147
1569,Ljubljana Jože Pučnik Airport,LJU,183.20680856848858
3570,Pittsburgh International Airport,PIT,182.839404526203
4047,Appleton International Airport,ATW,177.528492640635
3289,Sultan Mahmud Badaruddin II Airport,PLM,177.47245236689145
3896,Husein Sastranegara International Airport,BDO,176.1483628326604
3712,Jacksonville International Airport,JAX,175.54205730195062
6147,Khudzhand Airport,LBD,174.1523513309231
3115,Luang Phabang International Airport,LPQ,171.21319362772525
4162,Conakry International Airport,CKY,166.97238796679267
4274,Nizhny Novgorod Strigino International Airport,GOJ,164.81028072198322
293,Djerba Zarzis International Airport,DJE,161.95455394376646
699,Stockholm Skavsta Airport,NYO,159.0968370031757
3929,Adi Sumarmo Wiryokusumo Airport,SOC,158.59287554395257
1359,Montpellier-Méditerranée Airport,MPL,158.29342698680335
2341,Yamagata Airport,GAJ,152.15212381712155
2657,Mataveri Airport,IPC,151.05901824264816
117,Greater Moncton International Airport,YQM,150.70472312225405
161,Wabush Airport,YWK,150.11931440685376
691,Gothenburg City Airport,GSE,150.09352066484558
2649,Diego Aracena Airport,IQQ,146.61934492004673
4037,Central Illinois Regional Airport at Bloomington-Normal,BMI,146.3726554924137
3898,Adi Sutjipto International Airport,JOG,145.38477147844657
4166,Karlsruhe Baden-Baden Airport,FKB,144.43955650522878
1488,"\Zakynthos International Airport \""\""Dionysios Solomos\""\""\""""",ZTH,143.7670913485136
3867,John Wayne Airport-Orange County Airport,SNA,142.79769368577402
1203,Pula Airport,PUY,140.18743232241275
5943,Dera Ismael Khan Airport,DSK,136.951213639952
1121,Egal International Airport,HGA,136.39085803869392
6460,Gustaf III Airport,SBH,136.3132678058164
708,Malmö Sturup Airport,MMX,133.79902264866962
3777,Bellingham International Airport,BLI,131.98492501570036
3040,Bagdogra Airport,IXB,130.98955526641612
1652,Cluj-Napoca International Airport,CLJ,129.57574621003465
711,Växjö Kronoberg Airport,VXO,127.74826471071634
4375,Sary-Arka Airport,KGF,126.41189852241804
1469,Mytilene International Airport,MJT,123.75052126466652
5435,Tokua Airport,RAB,123.38976394588065
348,Leipzig/Halle Airport,LEJ,123.32999903191096
2935,Chita-Kadala Airport,HTA,123.11167137994073
3273,Sultan Syarif Kasim Ii (Simpang Tiga) Airport,PKU,122.10267003881083
2497,Malvinas Argentinas Airport,USH,120.64114989850717
280,Diori Hamani International Airport,NIM,120.31951015769349
3017,Pune Airport,PNQ,119.97332212117888
1745,M. R. Štefánik Airport,BTS,119.79425246886974
1925,Gerrard Smith International Airport,CYB,118.06400532106495
3771,Plattsburgh International Airport,PBG,117.28237790365861
2471,Cataratas Del Iguazú International Airport,IGR,117.17653988230985
136,Fort Smith Airport,YSM,116.03853301850377
3759,John Glenn Columbus International Airport,CMH,114.22109329845131
3857,Long Island Mac Arthur Airport,ISP,114.18725822958308
2714,Rafael Nuñez International Airport,CTG,113.03204776110647
1265,Bergerac-Roumanière Airport,EGC,112.72732250080992
2891,Robert L. Bradshaw International Airport,SKB,111.95950553687506
1646,Sarajevo International Airport,SJJ,111.57339593239547
1563,Peretola Airport,FLR,110.9551690143553
3711,Burlington International Airport,BTV,109.51722384579907
2613,Leite Lopes Airport,RAO,109.05329135704301
3946,Elmira Corning Regional Airport,ELM,108.6314940012743
1550,Verona Villafranca Airport,VRN,107.65256778951697
5687,Aden Adde International Airport,MGQ,107.51244702746745
465,Belfast International Airport,BFS,106.98164394953484
1435,Strasbourg Airport,SXB,106.92033897820293
5594,Hagfors Airport,HFS,106.81816772025145
3034,Phnom Penh International Airport,PNH,105.87689428866263
3174,Krabi Airport,KBV,105.84918767926098
2347,Sendai Airport,SDJ,103.8569190221577
3932,Chiang Rai International Airport,CEI,103.48555131562462
7193,Stebbins Airport,WBB,100.41500166500164
3495,Boise Air Terminal/Gowen Field,BOI,100.1105540819892
4116,Tri-Cities Regional TN/VA Airport,TRI,97.96655183248782
2123,Sardar-e-Jangal Airport,RAS,96.57373511740325
537,Glasgow Prestwick Airport,PIK,96.27062276102608
1941,Exuma International Airport,GGT,94.4926449157435
4380,Longjia Airport,CGQ,93.80590418699536
5964,Kalskag Airport,KLG,93.70177045177039
1761,Gregorio Luperon International Airport,POP,92.23158110514275
4319,Broome International Airport,BME,91.83388297968371
6743,Hami Airport,HMI,91.4303476423652
2214,Multan International Airport,MUX,91.1618296575036
2633,Ten. Cel. Aviador César Bombonato Airport,UDI,89.97697984186114
2307,Kagoshima Airport,KOJ,89.12290063037608
3986,Memmingen Allgau Airport,FMM,88.38095075119925
1456,Kalamata Airport,KLX,87.44143538940193
2877,Douglas-Charles Airport,DOM,87.05163128318466
1508,Lamezia Terme Airport,SUF,86.99772249840419
1190,Tirana International Airport Mother Teresa,TIA,86.339284040371
1520,Olbia Costa Smeralda Airport,OLB,85.4426064060344
2994,Sardar Vallabhbhai Patel International Airport,AMD,84.21992710068452
7056,Charlotte County Airport,PGD,83.89984253246547
1243,Santiago de Compostela Airport,SCQ,82.7347464242776
3303,Senai International Airport,JHB,81.70575072556854
4087,Rapid City Regional Airport,RAP,80.83350898661477
2945,Lviv International Airport,LWO,79.82773303280227
1050,Banjul International Airport,BJL,79.58514009155026
1213,Almería International Airport,LEI,78.97114197044066
2894,Hewanorra International Airport,UVF,78.87521309620658
1612,Salzburg Airport,SZG,78.2680243507963
4083,Bismarck Municipal Airport,BIS,75.93087815982778
2607,Governador Jorge Teixeira de Oliveira Airport,PVH,74.4627556913411
628,Aalborg Airport,AAL,74.39529405105343
2429,Iloilo International Airport,ILO,73.02103277753837
2958,Omsk Central Airport,OMS,72.07034048816392
6143,Nadym Airport,NYM,70.09026968393492
1819,Licenciado Manuel Crescencio Rejon Int Airport,MID,69.81717224089948
6138,Khanty Mansiysk Airport,HMA,69.74570635640019
4364,Novy Urengoy Airport,NUX,69.58676172361214
7579,Provo Municipal Airport,PVU,68.98936988317499
3258,Kaimana Airport,KNG,66.66181296539537
2938,Ulan-Ude Airport (Mukhino),UUD,66.39600559050147
3544,Capital City Airport,LAN,65.49267549748701
4286,Wilkes Barre Scranton International Airport,AVP,65.41435025662638
3956,Kaunas International Airport,KUN,65.12224065707433
5904,Lonorore Airport,LNE,65.07569686108319
2001,Nouméa Magenta Airport,GEA,65.0
1322,Calvi-Sainte-Catherine Airport,CLY,64.88732564295448
634,Brønnøysund Airport,BNN,63.94841469127786
1191,Burgas Airport,BOJ,63.72365279724321
1965,Bonriki International Airport,TRW,63.276922633717334
4020,Gallatin Field,BZN,61.18820642948149
1905,Antonio Maceo International Airport,SCU,60.954936034540545
3633,Newport News Williamsburg International Airport,PHF,60.12400694100151
270,Mallam Aminu International Airport,KAN,59.85487784097808
458,Tampere-Pirkkala Airport,TMP,59.83306589585746
6346,Baotou Airport,BAV,59.18712961664206
1479,Santorini Airport,JTR,58.98297214153653
6133,Tri Cities Airport,PSC,58.39902156203188
3463,Bangor International Airport,BGR,58.36666559221996
3057,Dibrugarh Airport,DIB,57.70675665786048
1741,Podgorica Airport,TGD,57.357133668063
6493,La Rochelle-Île de Ré Airport,LRH,56.82058123686269
7207,Kotlik Airport,KOT,55.230235966806994
3661,Stewart International Airport,SWF,55.224382629607796
5673,Nador International Airport,NDR,55.13002166059638
382,Friedrichshafen Airport,FDH,53.90639383790805
4130,Baghdad International Airport,BGW,51.93234580357522
2651,Andrés Sabella Gálvez International Airport,ANF,50.386268016221706
662,Sandnessjøen Airport (Stokka),SSJ,49.71320130284188
4048,Rochester International Airport,RST,48.60100899060696
3811,Birmingham-Shuttlesworth International Airport,BHM,48.59335799230197
3105,Chaudhary Charan Singh International Airport,LKO,47.94711849158857
6386,Quanzhou Jinjiang International Airport,JJN,47.600302625835084
2884,Henry E Rohlsen Airport,STX,47.58854322592476
4028,Chicago Rockford International Airport,RFD,47.07464888231892
607,Aarhus Airport,AAR,46.74731933342493
5740,Central Nebraska Regional Airport,GRI,46.267172072858024
1227,San Javier Airport,MJV,45.86181600158533
6357,Zhanjiang Airport,ZHA,45.793515607837975
8428,Beloyarskiy Airport,EYK,45.3643327089224
1072,Rabat-Salé Airport,RBA,45.30344179929541
2972,Nizhnevartovsk Airport,NJC,45.262357829137194
1280,Biarritz-Anglet-Bayonne Airport,BIQ,44.41162686353687
8414,Modlin Airport,WMI,44.29531614348215
3880,Great Falls International Airport,GTF,43.64199008822435
2947,Odessa International Airport,ODS,43.00222765023889
2581,Governador José Richa Airport,LDB,42.910396231579504
1103,Rabil Airport,BVC,42.82154201243249
3825,Bradley International Airport,BDL,42.811211621609864
3271,Tawau Airport,TWU,42.653698491400775
596,Cork Airport,ORK,41.849797959852914
881,Sir Seretse Khama International Airport,GBE,41.66323174643568
1685,Adana Airport,ADA,41.549098642080445
1506,Brindisi – Salento Airport,BDS,41.34995670477488
3743,Four Corners Regional Airport,FMN,40.81413555749472
1403,Brest Bretagne Airport,BES,40.65556153849445
4309,Ancona Falconara Airport,AOI,40.58998410431404
4109,Changzhou Benniu Airport,CZX,40.503269868614915
2641,Chacalluta Airport,ARI,40.27697706064262
286,Monastir Habib Bourguiba International Airport,MIR,40.02757611370401
3630,Niagara Falls International Airport,IAG,39.816633791699495
3389,Hefei Luogang International Airport,HFE,39.81462233303972
295,Sfax Thyna International Airport,SFA,39.25000431303996
1856,Ixtapa Zihuatanejo International Airport,ZIH,38.730900870857454
6413,Qiqihar Sanjiazi Airport,NDG,37.97603487927001
1815,Del Bajío International Airport,BJX,37.95924522930368
2595,Ministro Victor Konder International Airport,NVT,37.73539623157954
1415,Rennes-Saint-Jacques Airport,RNS,37.33685112693681
2893,George F. L. Charles Airport,SLU,37.12282671385533
3066,Vishakhapatnam Airport,VTZ,36.97269586171395
1226,Jerez Airport,XRY,36.517144102397246
3381,Xishuangbanna Gasa Airport,JHG,36.29603717488901
6152,Urgench Airport,UGC,35.96561712567475
119,Comox Airport,YQQ,35.84206722269723
2952,Khrabrovo Airport,KGD,35.50164342433852
2739,Matecaña International Airport,PEI,35.1567037475056
2227,Sukkur Airport,SKZ,35.13302945331805
4216,Missoula International Airport,MSO,34.07069371733224
2344,Hanamaki Airport,HNA,33.77494759374544
1853,Carlos Rovirosa Pérez International Airport,VSA,33.70941692982231
651,Molde Airport,MOL,33.58356516891075
11257,Dharavandhoo Airport,DRV,32.98468328168941
6955,Wuhai Airport,WUA,32.94498512604035
4252,Stokmarknes Skagen Airport,SKN,32.178416846067314
746,Visby Airport,VBY,32.16544592564669
3839,Palm Springs International Airport,PSP,31.678209201515607
5804,Misratah Airport,MRA,31.622193718576757
2710,Ernesto Cortissoz International Airport,BAQ,31.411493377104385
1676,Bern Belp Airport,BRN,31.30098993513958
1558,Marina Di Campo Airport,EBA,31.0824015685588
1173,Juba International Airport,JUB,31.010699369485906
3069,Shah Amanat International Airport,CGP,30.992215629560977
4302,Jieyang Chaoshan International Airport,SWA,30.475628298901295
6434,Ordos Ejin Horo Airport,DSN,30.352347354773087
1231,Menorca Airport,MAH,30.167919575531428
1063,Roberts International Airport,ROB,29.72294768314896
2330,Miho Yonago Airport,YGJ,29.34778308530074
3118,Savannakhet Airport,ZVK,28.585009315482356
2967,Volgograd International Airport,VOG,28.47390717534033
6395,Zhoushan Airport,HSN,28.459956151031932
2968,Chelyabinsk Balandino Airport,CEK,28.094437852979155
3392,Yantai Laishan Airport,YNT,27.99504654815202
6344,Datong Airport,DAT,27.93609436260208
3734,Ontario International Airport,ONT,27.64838318721637
4209,Porto Seguro Airport,BPS,27.53746214801387
1850,Licenciado Adolfo Lopez Mateos International Airport,TLC,27.530721788957738
6360,Xiangyang Liuji Airport,XFN,26.97479234285802
6383,Lianyungang Airport,LYG,26.974170257897548
1080,Ibn Batouta Airport,TNG,26.131462741810303
2590,Zumbi dos Palmares Airport,MCZ,26.009292096672095
1070,Angads Airport,OUD,25.946269886976648
5730,North Central West Virginia Airport,CKB,25.93166798846749
3183,Udon Thani Airport,UTH,25.87138782890615
3598,Duluth International Airport,DLH,25.678490536700682
6343,Changzhi Airport,CIH,25.110750670912893
140,Cape Dorset Airport,YTE,24.92668045953591
541,Stornoway Airport,SYY,24.823493636508214
4147,Petersburg James A Johnson Airport,PSG,24.69289044289042
1797,General Roberto Fierro Villalobos International Airport,CUU,24.34387461701558
6342,Chifeng Airport,CIF,24.09662452611577
1545,Trieste–Friuli Venezia Giulia Airport,TRS,23.940480561453537
3829,Lubbock Preston Smith International Airport,LBB,23.897987848949064
3559,El Paso International Airport,ELP,23.879189671085705
1901,Jardines Del Rey Airport,CCC,23.775788345629284
2387,New Ishigaki Airport,ISG,23.474928116162957
494,Bournemouth Airport,BOH,23.41943881462216
4271,St Cloud Regional Airport,STC,22.922518453906207
5742,Tri-State/Milton J. Ferguson Field,HTS,22.543110887279546
6349,Ulanhot Airport,HLH,22.005045254988776
1759,Casa De Campo International Airport,LRM,21.905297848275616
3717,General Mitchell International Airport,MKE,21.90081604998849
6350,Xilinhot Airport,XIL,21.822303065809255
41,Coral Harbour Airport,YZS,21.61183403823869
7097,Marshall Don Hunter Sr Airport,MLL,21.222222222222225
3608,Richmond International Airport,RIC,20.98789531153461
582,Maastricht Aachen Airport,MST,20.943990290444702
1251,Santander Airport,SDR,20.93806945920563
6039,Vitória da Conquista Airport,VDC,20.933332905212286
8266,Gazipaşa Airport,GZP,20.790957784385956
2941,Dnipropetrovsk International Airport,DNK,20.67969222405753
2327,Okayama Airport,OKJ,20.36992046464294
7453,Hatay Airport,HTY,20.23524602709839
985,Pemba Airport,POL,20.22915039719086
1236,Reus Air Base,REU,20.198357415857544
338,Dresden Airport,DRS,19.875572045288628
2586,Regional de Maringá - Sílvio Nane Junior Airport,MGF,19.8158659797784
728,Umeå Airport,UME,19.636197168037725
2812,Alejandro Velasco Astete International Airport,CUZ,19.505783000833055
1065,Tan Tan Airport,TTA,19.11110216415709
2576,Lauro Carneiro de Loyola Airport,JOI,19.009774944876582
3652,Midland International Airport,MAF,18.953501300485712
4352,Norilsk-Alykel Airport,NSK,18.71989504399122
1097,Nouadhibou International Airport,NDB,18.622283298474827
3414,Point Lay LRRS Airport,PIZ,18.599999999999998
1783,General Juan N Alvarez International Airport,ACA,18.58012344706967
1205,Rijeka Airport,RJK,18.467431626117335
2914,Shymkent Airport,CIT,18.463244679760503
2623,Senador Petrônio Portela Airport,THE,18.428384615329453
6385,Shubuling Airport,LYI,18.372417112525913
2522,Santa Maria Airport,AJU,18.291922891206195
1743,Tivat Airport,TIV,18.132293819522683
2670,Francisco De Orellana Airport,OCC,18.092440656870252
141,Thompson Airport,YTH,18.09180352674929
2048,Herat Airport,HEA,17.992012226505786
1053,La Palma Airport,SPC,17.970673251764133
1120,Bujumbura International Airport,BJM,17.81309249936054
645,Haugesund Airport,HAU,17.66209534562679
906,Livingstone Airport,LVI,17.451439060402734
3298,Sultan Ismail Petra Airport,KBR,17.35805623470438
2575,Presidente Castro Pinto International Airport,JPA,17.33952806444798
1963,Fua'amotu International Airport,TBU,17.334875364287132
1903,Vilo Acuña International Airport,CYO,17.096275702742837
2802,Rodríguez Ballón International Airport,AQP,16.519590684106813
3243,Moses Kilangin Airport,TIM,16.514510423624532
3204,Phu Quoc International Airport,PQC,16.302758729192924
1279,Périgueux-Bassillac Airport,PGX,15.75265793203218
3307,Sultan Mahmud Airport,TGG,15.708638017209571
8807,Tabing Airport,nan,15.675266214287726
3920,Juwata Airport,TRK,15.618233430136328
9824,Tazadit Airport,OUZ,15.290857076460739
2619,Prof. Eribelto Manoel Reino State Airport,SJP,14.898593017962105
1196,Varna Airport,VAR,14.829737135009585
3,Mount Hagen Kagamuga Airport,HGU,14.766666666666666
7384,Santa Terezinha Airport,JCB,14.707309540029776
6183,Gan International Airport,GAN,14.359889193180084
3972,Kopitnari Airport,KUT,14.278284435985661
2051,Kandahar Airport,KDH,14.241016278886864
3498,Minot International Airport,MOT,14.155457639894859
4,Nadzab Airport,LAE,13.866666666666665
2569,Bahia - Jorge Amado Airport,IOS,13.839769488550335
6037,Macaé Airport,MEA,13.765478024672511
7199,Alakanuk Airport,AUK,13.672727272727272
3943,Kobe Airport,UKB,13.29249714174083
675,Rzeszów-Jasionka Airport,RZE,12.996558961707589
2801,Coronel FAP Francisco Secada Vignetta International Airport,IQT,12.990368527120259
4069,L.F. Wade International International Airport,BDA,12.987296355441352
2604,Senador Nilo Coelho Airport,PNZ,12.972622862343712
3937,Ubon Ratchathani Airport,UBP,12.935693914453076
4000,Surat Thani Airport,URT,12.935693914453076
3181,Hat Yai International Airport,HDY,12.935693914453076
6368,Yulin Yuyang Airport,UYN,12.637499490950301
973,São Tomé International Airport,TMS,12.627871699435076
460,Turku Airport,TKU,12.389916250695002
2974,Surgut Airport,SGC,12.241864395333996
1223,Federico Garcia Lorca Airport,GRX,12.146554564798624
6739,Hagerstown Regional Richard A Henson Field,HGR,12.00359967982274
6477,Erechim Airport,ERM,11.780612861638076
3305,Langkawi International Airport,LGK,11.563265203996492
6367,Yan'an Ershilipu Airport,ENY,11.228075242681546
1534,Cuneo International Airport,CUF,11.193334269502703
6795,Choibalsan Airport,COQ,11.119958152036535
4320,Newcastle Airport,NTL,11.100845482018066
3319,Alice Springs Airport,ASP,11.058549454802666
1663,Timişoara Traian Vuia Airport,TSR,11.00772357342618
6240,Birdsville Airport,BVI,10.877457822551282
3135,Coimbatore International Airport,CJB,10.744673998857802
3081,Sri Guru Ram Dass Jee International Airport,ATQ,10.601519694464523
1910,Frank Pais International Airport,HOG,10.544251742721297
1821,General Francisco J. Mujica International Airport,MLM,10.38580582501079
2333,Matsuyama Airport,MYJ,10.37409188752068
709,Halmstad Airport,HAD,10.347094485703433
3840,Rick Husband Amarillo International Airport,AMA,10.269919194122375
2868,Arturo Michelena International Airport,VLN,10.032374969899585
8244,Caçador Airport,CFC,10.015320674960336
2326,Hiroshima Airport,HIJ,9.955274068938381
3326,Mackay Airport,MKY,9.89894772182878
6803,Yakutat Airport,YAK,9.550000000000002
923,Arrachart Airport,DIE,9.535888371122358
2281,Hyakuri Airport,IBR,9.43184102330317
8949,Mattala Rajapaksa International Airport,HRI,9.328598146845435
1214,Asturias Airport,OVD,9.218969871219194
1016,Lilongwe International Airport,LLW,9.019194932640872
5632,Ngjiva Pereira Airport,VPE,9.0
5741,Memorial Field,HOT,8.900801109006624
4100,Idaho Falls Regional Airport,IDA,8.887846377056006
1448,Nea Anchialos Airport,VOL,8.839459823733462
2525,Araçatuba Airport,ARU,8.66976403222399
2535,Cascavel Airport,CAC,8.66976403222399
6034,Orlando Bezerra de Menezes Airport,JDO,8.66976403222399
2635,Mário de Almeida Franco Airport,UBA,8.66976403222399
7380,Dourados Airport,DOU,8.66976403222399
220,Rabah Bitat Airport,AAE,8.626889872982566
1854,General Heriberto Jara International Airport,VER,8.563693683120919
6390,Sunan Shuofang International Airport,WUX,8.479042381685149
5997,Nagoya Airport,NKM,8.463014773940925
133,Sudbury Airport,YSB,8.442657021197782
5447,Sisimiut Airport,JHS,8.228284051163701
1352,Carcassonne Airport,CCF,8.220065767474741
3116,Pakse International Airport,PKZ,8.202250264053625
4140,Diosdado Macapagal International Airport,CRK,8.055291021448863
1455,Kefallinia Airport,EFL,8.001571987347377
1999,Koumac Airport,KOC,8.0
1144,Manda Airstrip,LAU,8.0
1268,Poitiers-Biard Airport,PIS,7.966335368862154
547,Norwich International Airport,NWI,7.908876117900022
448,Pori Airport,POR,7.880829925462194
1276,Tarbes-Lourdes-Pyrénées Airport,LDE,7.8508010135951
1785,Jesús Terán Paredo International Airport,AGU,7.820499877398829
6269,Gladstone Airport,GLT,7.7711377078641535
5758,Owensboro Daviess County Airport,OWB,7.753801673743345
11473,Jinchuan Airport,JIC,7.7418251985018545
2896,Flamingo International Airport,BON,7.570730413197307
1990,Rangiroa Airport,RGI,7.5
6189,Cam Ranh Airport,CXR,7.453772502457137
1350,Saint-Étienne-Bouthéon Airport,EBU,7.441277441735287
647,Kristiansund Airport (Kvernberget),KSU,7.417580802568658
1855,General Leobardo C. Ruiz International Airport,ZCL,7.2687026952502
3042,Biju Patnaik Airport,BBI,7.179291911781784
3881,Youngstown Warren Regional Airport,YNG,7.148469030239736
2487,General E. Mosconi Airport,CRD,7.112775814118889
5966,Mountain Village Airport,MOU,7.0153357753357755
1858,Playa De Oro International Airport,ZLO,6.97751314769053
6463,Belize City Municipal Airport,TZA,6.826190476190476
2753,El Caraño Airport,UIB,6.824025974025974
586,Eelde Airport,GRQ,6.764971130738214
1839,General Lucio Blanco International Airport,REX,6.726675679175999
5721,Watertown Regional Airport,ATY,6.711443289171252
1450,Chios Island National Airport,JKH,6.59514434247283
5582,"Mo i Rana Airport, Røssvoll",MQN,6.535746606334842
3938,Khon Kaen Airport,KKC,6.467846957226538
2,Madang Airport,MAG,6.3999999999999995
3687,Fresno Yosemite International Airport,FAT,6.045411492534833
3860,Unalaska Airport,DUT,6.0
7356,La Chorrera Airport,LCR,6.0
3945,Lewiston Nez Perce County Airport,LWS,5.992816279175525
676,"\Szczecin-Goleniów \""\""Solidarność\""\"" Airport\""""",SZZ,5.892841065104227
1278,Brive Souillac Airport,BVE,5.875187058582687
1989,Bora Bora Airport,BOB,5.833333333333333
2090,Ta’if Regional Airport,TIF,5.819788038661562
1360,Béziers-Vias Airport,BZR,5.794741948825145
726,Skellefteå Airport,SFT,5.765997464771226
3806,Charleston Air Force Base-International Airport,CHS,5.761101070238808
5969,Wrangell Airport,WRG,5.749999999999999
2901,Tobago-Crown Point Airport,TAB,5.738437268503685
6159,Vorkuta Airport,VKT,5.651434530923934
652,Mosjøen Airport (Kjærstad),MJF,5.519047619047619
1611,Linz Hörsching Airport,LNZ,5.514688157047056
514,Blackpool International Airport,BLK,5.470340653342359
3015,Dr. Babasaheb Ambedkar International Airport,NAG,5.459144459640063
5597,Ängelholm-Helsingborg Airport,AGH,5.445133701389712
707,Kalmar Airport,KLR,5.445133701389712
721,Sundsvall-Härnösand Airport,SDL,5.445133701389712
685,Ronneby Airport,RNB,5.445133701389712
6190,Co Ong Airport,VCS,5.434252909730975
4350,Berlevåg Airport,BVG,5.402380952380952
6394,Yiwu Airport,YIW,5.268071204371544
1610,Innsbruck Airport,INN,5.212440472041761
3349,Port Hedland International Airport,PHE,5.19842265094731
341,Münster Osnabrück Airport,FMO,5.194309302950926
1726,Trabzon International Airport,TZX,5.103716617847733
1918,Abel Santamaria Airport,SNU,5.031641038522643
1930,Leonard M Thompson International Airport,MHH,5.001091234397006
3726,Boeing Field King County International Airport,BFI,5.0
7506,Xingyi Airport,ACX,4.994535630455
6195,Vinh Airport,VII,4.992183652508597
3411,Barter Island LRRS Airport,BTI,4.977777777777778
2322,Komatsu Airport,KMQ,4.871768495992829
4371,Naryan Mar Airport,NNM,4.783333333333333
3296,Sultan Abdul Halim Airport,AOR,4.775394957511421
1956,San Salvador Airport,ZSA,4.772241010198519
1842,Ponciano Arriaga International Airport,SLP,4.699311655820488
600,Ireland West Knock Airport,NOC,4.600642132933723
637,Båtsfjord Airport,BJF,4.559523809523809
2966,Astrakhan Airport,ASF,4.451486401353982
5562,Robin Hood Doncaster Sheffield Airport,DSA,4.406450486614619
2059,Abha Regional Airport,AHB,4.404974379041116
67,Dryden Regional Airport,YHD,4.333333333333334
2430,Kalibo International Airport,KLO,4.252177320830517
6351,Beihai Airport,BHY,4.182958446827484
2587,Mário Ribeiro Airport,MOC,4.1305675001327185
3696,South Arkansas Regional At Goodwin Field,ELD,4.080793295384321
2991,Orenburg Central Airport,REN,4.075000385290658
5645,Eros Airport,ERS,4.0
3997,Aasiaat Airport,JEG,4.0
6758,Sege Airport,EGM,4.0
5918,Ipota Airport,IPA,4.0
1801,General Guadalupe Victoria International Airport,DGO,3.947589931553891
3611,Norfolk International Airport,ORF,3.8543546230405092
6184,Hanimaadhoo Airport,HAQ,3.8511242560646046
1838,Querétaro Intercontinental Airport,QRO,3.8141070911670094
1831,Hermanos Serdán International Airport,PBC,3.8141070911670094
7078,Show Low Regional Airport,SOW,3.760369100428683
2233,Zhob Airport,PZH,3.7288457287197923
3098,Jaipur International Airport,JAI,3.7242571185923894
959,Lubango Airport,SDD,3.712041467304625
5780,Ercan International Airport,ECN,3.7022262567197117
32,Cambridge Bay Airport,YCB,3.666666666666666
4014,Louisville International Standiford Field,SDF,3.608421706480582
113,Windsor Airport,YQG,3.575402184971538
2615,Professor Urbano Ernesto Stumpf Airport,SJK,3.4666666666666663
2308,Miyazaki Airport,KMI,3.4436786867981484
3345,Karratha Airport,KTA,3.420611753796526
6430,Yuncheng Guangong Airport,YCU,3.36781359848369
1330,Clermont-Ferrand Auvergne Airport,CFE,3.3604282169528403
2678,Cotopaxi International Airport,LTX,3.282061459718824
1505,Pescara International Airport,PSR,3.257296548003307
6747,Gorgan Airport,GBT,3.2077465173961057
4149,Xuzhou Guanyin Airport,XUZ,3.124478471517833
1112,Aba Tenna Dejazmach Yilma International Airport,DIR,3.123611111111111
5810,Samaná El Catey International Airport,AZS,3.049487550672137
3971,Batumi International Airport,BUS,3.043660307613018
1220,A Coruña Airport,LCG,3.0303231957931427
1835,Licenciado y General Ignacio Lopez Rayon Airport,UPN,3.0299232161366474
1948,Grand Bahama International Airport,FPO,3.0108792251549574
6400,Mianyang Airport,MIG,3.0051594352702207
932,Maroantsetra Airport,WMN,3.0
2987,Voronezh International Airport,VOZ,2.976442297665258
1454,Kithira Airport,KIT,2.9048381661559666
5557,Heringsdorf Airport,HDF,2.887583971393588
4056,Mulu Airport,MZV,2.844155844155844
236,El Golea Airport,ELG,2.833333333333333
70,John C. Munro Hamilton International Airport,YHM,2.7573684996823298
1356,Perpignan-Rivesaltes (Llabanère) Airport,PGF,2.732922411076205
5593,Åre Östersund Airport,OSD,2.722566850694856
1438,Toulon-Hyères Airport,TLN,2.7145073860076563
3112,Sheikh ul Alam Airport,SXR,2.6176577372383076
6151,Nukus Airport,NCU,2.5993174984433294
3582,Long Beach /Daugherty Field/ Airport,LGB,2.542595648091228
9327,Comiso Airport,CIY,2.5418962411224517
2324,Toyama Airport,TOY,2.5402404598389334
6140,Sovetskiy Airport,OVS,2.52826826537686
1252,Zaragoza Air Base,ZAZ,2.4993050976149753
1655,Iaşi Airport,IAS,2.464365783483382
5586,Sogndal Airport,SOG,2.4590175565175567
1202,Osijek Airport,OSI,2.4582123559946076
1582,Ostrava Leos Janáček Airport,OSR,2.421065373568128
1289,Rodez-Marcillac Airport,RDZ,2.3963906301229474
3875,Key West International Airport,EYW,2.3870626041941656
1943,North Eleuthera Airport,ELH,2.386966632625389
6375,Diqing Airport,DIG,2.3542462880455726
1567,Perugia San Francesco d'Assisi – Umbria International Airport,PEG,2.3423856227045836
1742,Priština International Airport,PRN,2.33274296172353
3975,Ta'izz International Airport,TAI,2.3103315776666324
6776,Sialkot Airport,SKT,2.298724687141613
3826,Mc Allen Miller International Airport,MFE,2.296001246183326
3641,Theodore Francis Green State Airport,PVD,2.292099613295022
4192,Kalymnos Airport,JKL,2.2811759916059438
3061,Lok Nayak Jayaprakash Airport,PAT,2.280089594308384
2310,Oita Airport,OIT,2.254194315821018
3355,Canberra International Airport,CBR,2.241137554703522
5596,Torsby Airport,TYF,2.238390482333483
6241,Broken Hill Airport,BHQ,2.237575757575757
2955,Abakan Airport,ABA,2.2362554746859535
6393,Yancheng Airport,YNZ,2.219591529410783
5479,Fort Frances Municipal Airport,YAG,2.219047619047619
1738,Gibraltar Airport,GIB,2.218754524370972
3454,Eppley Airfield,OMA,2.1955815280684536
6298,Mildura Airport,MQL,2.1808860923937714
3602,Lihue Airport,LIH,2.1739921610893713
6407,Korla Airport,KRL,2.165478393410218
8238,Bauru - Arealva Airport,JTC,2.1420768290868075
6387,Tunxi International Airport,TXN,2.139258501312007
579,Mount Pleasant Airport,MPN,2.1333333333333333
530,Sumburgh Airport,LSI,2.127002643708812
6191,Can Tho International Airport,VCA,2.117337327208878
1285,Castres-Mazamet Airport,DCM,2.1059139222251653
2570,Usiminas Airport,IPN,2.0652837500663592
2433,Puerto Princesa Airport,PPS,2.0132621824764327
5474,La Tabatière Airport,ZLT,2.0
6713,Anvik Airport,ANV,2.0
6740,Araracuara Airport,ACR,2.0
1117,Lalibella Airport,LLI,2.0
7082,Friday Harbor Airport,FRD,2.0
9742,Akiachak Airport,KKI,2.0
7083,Orcas Island Airport,ESD,2.0
7217,Akiak Airport,AKI,2.0
7219,Grayling Airport,KGX,2.0
4238,Tulita Airport,ZFN,1.9999999999999998
27,Baie Comeau Airport,YBC,1.9999999999999998
1746,Košice Airport,KSC,1.9908043613951851
880,Maun Airport,MUB,1.9896130742100746
5430,Momote Airport,MAS,1.9
8979,Jiagedaqi Airport,JGD,1.8916666666666666
21,Sault Ste Marie Airport,YAM,1.8471253028959338
1042,Kananga Airport,KGA,1.8364935064935064
1904,Ignacio Agramonte International Airport,CMW,1.8344967193278305
508,Southend Airport,SEN,1.8272936344833965
2288,Hakodate Airport,HKD,1.7990182639667278
6969,Begishevo Airport,NBC,1.7925476130816693
2973,Bolshoye Savino Airport,PEE,1.776011451717108
2907,Argyle International Airport,SVD,1.7618197446202561
1764,Cibao International Airport,STI,1.7438050801562897
1468,Mikonos Airport,JMK,1.7376499419966862
7364,Cabo Frio Airport,CFB,1.7333333333333332
8832,Lublin Airport,LUZ,1.68726426030347
1969,Faleolo International Airport,APW,1.6732904728209903
2925,Mirny Airport,MJZ,1.6666666666666665
7376,Araguaína Airport,AUX,1.606060606060606
2337,Takamatsu Airport,TAK,1.5867617345312703
630,Ålesund Airport,AES,1.5816240863532687
2234,Basrah International Airport,BSR,1.57669559647491
6156,Belgorod International Airport,EGO,1.5570240172558671
6411,Jiamusi Airport,JMU,1.5542154242768644
371,Paderborn Lippstadt Airport,PAD,1.5404610323159833
6139,Nyagan Airport,NYA,1.5385964912280703
7190,Koyuk Alfred Adams Airport,KKA,1.5333333333333332
3377,Pyongyang Sunan International Airport,FNJ,1.5204959983431678
3622,Greater Rochester International Airport,ROC,1.5149916591006072
3155,Paro Airport,PBH,1.500593332445935
6338,Wynyard Airport,BWT,1.5
3417,Bettles Airport,BTT,1.5
6719,Kivalina Airport,KVL,1.5
244,In Aménas Airport,IAM,1.4999999999999998
7563,Kulob Airport,TJU,1.488025328172982
1679,St Gallen Altenrhein Airport,ACH,1.47736670316177
5952,Sulaymaniyah International Airport,ISU,1.472729795667474
50,Arviat Airport,YEK,1.4615384615384617
6294,Merimbula Airport,MIM,1.426660424282643
468,City of Derry Airport,LDY,1.4146152023066552
4061,El Calafate Airport,FTE,1.4134161913181875
1461,Kasos Airport,KSJ,1.3768115942028984
7192,Shaktoolik Airport,SKK,1.3714285714285714
7144,Craig Seaplane Base,CGA,1.3666666666666665
6737,Pajala Airport,PJA,1.340684560097408
4369,Usinsk Airport,USK,1.3333333333333333
2772,Yacuiba Airport,BYC,1.3333333333333333
3143,Mangalore International Airport,IXE,1.3298231578980777
2345,Akita Airport,AXT,1.3032980215500554
2936,Bratsk Airport,BTK,1.2996587492216647
3820,Buffalo Niagara International Airport,BUF,1.2942977865749152
1531,Parma Airport,PMF,1.2889164460065807
3146,Vir Savarkar International Airport,IXZ,1.2644435167453834
3063,Birsa Munda Airport,IXR,1.2620450823780647
6150,Namangan Airport,NMA,1.2612959786798812
1473,Araxos Airport,GPA,1.2587820266141891
3564,Pensacola Regional Airport,PNS,1.2522447596324364
1004,Victoria Falls International Airport,VFA,1.2435457516339867
1274,Pau Pyrénées Airport,PUF,1.238313744777109
4214,Brigadeiro Lysias Rodrigues Airport,PMW,1.2380952380952381
184,Victoria International Airport,YYJ,1.2091588395293227
6717,Kaltag Airport,KAL,1.2
7183,Brevig Mission Airport,KTS,1.2
3100,Jammu Airport,IXJ,1.1863296174720293
1465,Limnos Airport,LXS,1.1742704336551626
7184,Elim Airport,ELI,1.1666666666666665
1439,Nîmes-Arles-Camargue Airport,FNI,1.149480549212741
2195,Salalah Airport,SLL,1.1493623435708065
6348,Tongliao Airport,TGO,1.1424554540885576
3674,Rickenbacker International Airport,LCK,1.1357472912614293
6962,Branson Airport,BKG,1.1352777341704412
3807,Reno Tahoe International Airport,RNO,1.1194132366346392
29,Baker Lake Airport,YBK,1.1166666666666667
1511,Pantelleria Airport,PNL,1.0836351057628995
1013,Chileka International Airport,BLZ,1.062361999544218
1689,Gaziantep International Airport,GZT,1.0474490326527621
6353,Dayong Airport,DYG,1.034817425086373
6008,Cheongju International Airport/Cheongju Air Base (K-59/G-513),CJJ,1.0282767754642421
2501,Comandante Espora Airport,BHI,1.0241567945630046
5409,Ngorangora Airport,IRA,1.0
943,Toliara Airport,TLE,1.0
933,Sambava Airport,SVB,1.0
3914,Ende (H Hasan Aroeboesman) Airport,ENE,1.0
5889,Ahe Airport,AHE,1.0
1464,Leros Airport,LRS,1.0
1978,Manihi Airport,XMH,1.0
1995,Raiatea Airport,RFP,1.0
2000,Lifou Airport,LIF,1.0
7191,St Michael Airport,SMK,1.0
5566,North Ronaldsay Airport,NRL,1.0
5580,Leknes Airport,LKN,1.0
5567,Papa Westray Airport,PPW,1.0
5587,Svolvær Helle Airport,SVJ,1.0
4384,California Redwood Coast-Humboldt County Airport,ACV,1.0
5432,Misima Island Airport,MIS,1.0
5475,Nantong Airport,NTG,0.9823812976893266
3020,Raipur Airport,RPR,0.9722638805700868
7490,Al Najaf International Airport,NJF,0.9696124865826434
643,Florø Airport,FRO,0.9556277056277056
2509,Presidente Peron Airport,NQN,0.9444444444444444
6365,Qingyang Airport,IQN,0.9396887295050971
5665,Osvaldo Vieira International Airport,OXB,0.9384406254297544
2067,Gassim Airport,ELQ,0.9325064884445933
2096,Prince Abdulmohsin Bin Abdulaziz Airport,YNB,0.9325064884445933
2164,Shahid Sadooghi Airport,AZD,0.91836839668301
1829,Xoxocotlán International Airport,OAX,0.9176667154172464
3580,Jackson-Medgar Wiley Evers International Airport,JAN,0.8942901095421034
1609,Graz Airport,GRZ,0.8243543562745852
3560,Valley International Airport,HRL,0.815061227008671
1476,Samos Airport,SMI,0.8040235364712299
6,Wewak International Airport,WWK,0.8
2926,Ignatyevo Airport,BQS,0.752446870735036
2053,Mazar I Sharif Airport,MZR,0.7498104195708378
3636,Tucson International Airport,TUS,0.7486751405302413
6079,Vance W. Amory International Airport,NEV,0.7471329275029153
6384,Huangyan Luqiao Airport,HYN,0.7383191269045907
6354,Meixian Airport,MXZ,0.7380268021189724
2963,Stavropol Shpakovskoye Airport,STW,0.7270483746958569
3524,Atlantic City International Airport,ACY,0.725121765892181
3819,City of Colorado Springs Municipal Airport,COS,0.7149603338313455
6337,Winton Airport,WIN,0.711111111111111
1721,Elazığ Airport,EZS,0.6982993551018415
1722,Diyarbakir Airport,DIY,0.6982993551018415
1724,Erzurum International Airport,ERZ,0.6982993551018415
190,Kapuskasing Airport,YYU,0.6909090909090909
2572,Prefeito Renato Moreira Airport,IMP,0.6907961890349112
5487,Chesterfield Inlet Airport,YCS,0.6904761904761905
9025,Bijie Feixiong Airport,BFJ,0.6852610193215161
1058,Melilla Airport,MLN,0.6786756866283977
9757,Independence Airport,INB,0.6761904761904762
2272,Makung Airport,MZG,0.6732333783664582
2259,Kinmen Airport,KNH,0.6732333783664582
5581,Namsos Høknesøra Airport,OSY,0.6666666666666666
5583,"Rørvik Airport, Ryum",RVK,0.6666666666666666
7096,Kwigillingok Airport,KWK,0.6666666666666666
75,Pond Inlet Airport,YIO,0.6666666666666666
7185,Golovin Airport,GLV,0.6666666666666666
7213,Kongiganak Airport,KKH,0.6666666666666666
4345,"Ørsta-Volda Airport, Hovden",HOV,0.6666666666666666
5893,Mota Lava Airport,MTV,0.6666666666666666
5895,Torres Airstrip,TOH,0.6666666666666666
2476,Martin Miguel De Guemes International Airport,SLA,0.6666666666666666
109,Fort Chipewyan Airport,YPY,0.652020202020202
2942,Simferopol International Airport,SIP,0.6125322997416022
4297,Bogashevo Airport,TOF,0.5992639574034924
4358,Kzyl-Orda Southwest Airport,KZO,0.5991285403050108
2304,Fukue Airport,FUJ,0.5914786967418547
7898,Lianshui Airport,HIA,0.5792440228363486
2069,Ha'il Airport,HAS,0.5746811717854032
5425,Kiunga Airport,UNG,0.5666666666666667
4363,Saratov Central Airport,RTW,0.5476472001569503
4191,Ikaria Airport,JIK,0.5389210150251045
2299,Asahikawa Airport,AKJ,0.5363224537534349
3282,Ketapang(Rahadi Usman) Airport,KTG,0.5322382468015378
3008,Devi Ahilyabai Holkar Airport,IDR,0.525512594049266
3905,Pangkal Pinang (Depati Amir) Airport,PGK,0.5230576862961984
4365,Noyabrsk Airport,NOJ,0.5026315789473684
4385,Camp Mabry Austin City,ATT,0.5
1889,Quepos Managua Airport,XQP,0.5
6260,Coen Airport,CUQ,0.5
5569,Sanday Airport,NDY,0.5
3012,Khajuraho Airport,HJR,0.5
7177,Ambler Airport,ABL,0.5
7201,Kipnuk Airport,KPN,0.5
1971,Rurutu Airport,RUR,0.5
1972,Tubuai Airport,TUB,0.5
2028,Palmerston North Airport,PMR,0.5
6237,Aurukun Airport,AUU,0.5
6231,Stagen Airport,KBU,0.49295759980246884
147,Repulse Bay Airport,YUT,0.48095238095238096
1830,El Tajín National Airport,PAZ,0.47058823529411764
6432,Jiayuguan Airport,JGN,0.4675658317276814
4285,Yeager Airport,CRW,0.4598785088986091
4189,Muan International Airport,MWX,0.44315872920033045
6160,Bugulma Airport,UUA,0.4429254955570745
2577,Presidente João Suassuna Airport,CPV,0.43571428571428567
3627,James M Cox Dayton International Airport,DAY,0.43142649478486794
2956,Barnaul Airport,BAX,0.4083548664944014
2957,Kemerovo Airport,KEJ,0.4083548664944014
2278,Hualien Airport,HUN,0.4081675257340656
6943,Gu-Lian Airport,OHE,0.4
3213,Heho Airport,HEH,0.4
5604,Kruger Mpumalanga International Airport,MQP,0.3990305844979844
339,Erfurt Airport,ERF,0.3925531717850359
6944,Jining Qufu Airport,JNG,0.39028797518107683
1863,Augusto C. Sandino (Managua) International Airport,MGA,0.3868884091838752
4011,Manchester-Boston Regional Airport,MHT,0.38586590306992036
1792,Bachigualato Federal International Airport,CUL,0.3845745772909435
3744,Corpus Christi International Airport,CRP,0.3830635105047064
2662,La Florida Airport,LSC,0.38181818181818183
5421,Daru Airport,DAU,0.3666666666666667
5697,Gamal Abdel Nasser Airport,TOB,0.36271929408959036
1132,Luxor International Airport,LXR,0.35867127297656554
2961,Uytash Airport,MCX,0.35139610081583345
6753,Mardin Airport,MQM,0.34914967755092075
1691,Konya Airport,KYA,0.34914967755092075
1694,Sivas Nuri Demirağ Airport,VAS,0.34914967755092075
1692,Malatya Tulga Airport,nan,0.34914967755092075
1696,Kayseri Erkilet Airport,ASR,0.34914967755092075
1728,Van Ferit Melen Airport,VAN,0.34914967755092075
9044,Şanlıurfa GAP Airport,GNY,0.34914967755092075
631,Andøya Airport,ANX,0.3333333333333333
1991,Huahine-Fare Airport,HUH,0.3333333333333333
7145,Hollis Seaplane Base,HYL,0.3333333333333333
5418,Ramata Airport,RBV,0.3333333333333333
601,Kerry Airport,KIR,0.33057628371827735
7503,Fuyang Xiguan Airport,FUG,0.32805671971862477
5996,Saga Airport,HSG,0.32662645272157775
901,Garoua International Airport,GOU,0.32442067736185387
5749,Lebanon Municipal Airport,LEB,0.3223429472158809
3050,Imphal Airport,IMF,0.3159090909090909
2824,Barquisimeto International Airport,BRM,0.3059121496127277
2297,Tsushima Airport,TSJ,0.29573934837092736
2645,El Loa Airport,CJC,0.2909090909090909
112,Red Deer Regional Airport,YQF,0.28644688644688643
393,Zweibrücken Airport,ZQW,0.2808393313257277
3267,Sibu Airport,SBW,0.2770167427701674
364,Lübeck Blankensee Airport,LBC,0.27639414185845734
1361,Avignon-Caumont Airport,AVN,0.2754471544715448
3613,Savannah Hilton Head International Airport,SAV,0.25974576136288696
3329,Rockhampton Airport,ROK,0.25
5534,Whale Cove Airport,YXN,0.25
2543,Bartolomeu Lisandro Airport,CAW,0.25
610,Esbjerg Airport,EBJ,0.24543786972408466
5811,La Isabela International Airport,JBQ,0.2238566099932133
6359,Nanyang Jiangying Airport,NNY,0.22137474048618933
4148,Luoyang Airport,LYA,0.21609290203310944
2932,Yelizovo Airport,PKC,0.2041774332472007
4353,Anapa Vityazevo Airport,AAQ,0.2041774332472007
6119,Spichenkovo Airport,NOZ,0.2041774332472007
8876,Yangzhou Taizhou Airport,YTY,0.2011665550358624
5434,Tabubil Airport,TBG,0.2
515,Humberside Airport,HUY,0.19235997566447394
6476,Mt. Fuji Shizuoka Airport,FSZ,0.19005032907471933
5994,Kushiro Airport,KUH,0.17877415125114496
3987,Nevşehir Kapadokya Airport,NAV,0.17457483877546037
1693,Amasya Merzifon Airport,MZH,0.17457483877546037
1699,Çardak Airport,DNZ,0.17457483877546037
1723,Erzincan Airport,ERC,0.17457483877546037
5796,Kars Airport,KSY,0.17457483877546037
5798,Kahramanmaraş Airport,KCM,0.17457483877546037
6782,Muş Airport,MSR,0.17457483877546037
1729,Batman Airport,BAL,0.17457483877546037
2400,Cagayan De Oro Airport,nan,0.16666666666666666
4197,Marsa Alam International Airport,RMF,0.16625535507347933
6356,Liuzhou Bailian Airport,LZH,0.16429518196223264
349,Saarbrücken Airport,SCN,0.16023324552283164
4278,Barnstable Municipal Boardman Polando Field,HYA,0.1534365184158041
1662,Transilvania Târgu Mureş International Airport,TGM,0.14443651202954733
8826,Changbaishan Airport,NBS,0.1433635584625034
7932,Ngari Gunsa Airport,NGQ,0.14285714285714285
4215,Nelson Ribeiro Guimarães Airport,CLV,0.1420768290868077
2547,Hugo Cantergiani Regional Airport,CXJ,0.1420768290868077
2550,Presidente Prudente Airport,PPB,0.1420768290868077
1514,Reggio Calabria Airport,REG,0.13993958998532968
6379,Ganzhou Airport,KOW,0.13706212338211562
3561,Columbia Metropolitan Airport,CAE,0.13610781705907876
5738,Fayetteville Regional Grannis Field,FAY,0.13610781705907876
4113,Huntsville International Carl T Jones Field,HSV,0.13610781705907876
1052,Hierro Airport,VDE,0.1356257305614454
660,Stord Airport,SRP,0.13392857142857142
7821,Zonguldak Airport,ONQ,0.13349074493859664
3459,Dane County Regional Truax Field,MSN,0.13326336885152046
5591,Bydgoszcz Ignacy Jan Paderewski Airport,BZG,0.1288106646964644
1654,Craiova Airport,CRA,0.1276595744680851
5794,Banja Luka International Airport,BNX,0.1276086769371861
2136,Kerman Airport,KER,0.125
2981,Samarkand Airport,SKD,0.12364625263561434
6361,Yichang Sanxia Airport,YIH,0.12093305598395382
5937,Al Ain International Airport,AAN,0.10554411179163203
7546,Persian Gulf International Airport,PGU,0.10526315789473684
6149,Fergana International Airport,FEG,0.1040921518997857
4377,Uray Airport,URJ,0.10263157894736841
2903,Terrance B. Lettsome International Airport,EIS,0.1
4054,Dali Airport,DLU,0.0952017308603126
3467,Spokane International Airport,GEG,0.09305125558995528
1816,Manuel Márquez de León International Airport,LAP,0.09090909090909091
1405,Dinard-Pleurtuit-Saint-Malo Airport,DNR,0.08857445924656991
8407,Handan Airport,HDG,0.07933448407916446
4067,Sarasota Bradenton International Airport,SRQ,0.07615814158981452
2900,Clayton J Lloyd International Airport,AXA,0.07183886188373916
3704,McKellar-Sipes Regional Airport,MKL,0.06984551396316102
772,Rostock-Laage Airport,RLG,0.06637706926124703
3862,Portland International Jetport Airport,PWM,0.06590684766055825
1814,Valle del Fuerte International Airport,LMM,0.06111111111111111
2911,Taraz Airport,DMB,0.0595679012345679
5747,Arnold Palmer Regional Airport,LBE,0.05824138827627731
1490,Debrecen International Airport,DEB,0.05679723528683265
400,Kassel-Calden Airport,KSF,0.05640045583635776
1320,Metz-Nancy-Lorraine Airport,ETZ,0.053038285914998234
4322,Klagenfurt Airport,KLU,0.04946483180428135
531,Wick Airport,WIC,0.04777948380122293
638,Kristiansand Airport,KRS,0.043189523082302575
6388,Weifang Airport,WEF,0.03799871517078916
3689,Imperial County Airport,IPL,0.036062378167641324
9846,Zunyi Xinzhou Airport,ZYI,0.033116843610198815
1250,Vigo Airport,VGO,0.030303030303030304
1462,Alexander the Great International Airport,KVA,0.029387476719384107
8417,Jixi Xingkaihu Airport,JXA,0.025989383623835006
4145,Dongying Shengli Airport,DOY,0.02364656385427087
1374,Châlons-Vatry Airport,XCR,0.023190029458749085
1376,Tours-Val-de-Loire Airport,TUF,0.023190029458749085
1309,Dole-Tavaux Airport,DLE,0.023190029458749085
6380,Jingdezhen Airport,JDZ,0.021757306304500516
3472,Gainesville Regional Airport,GNV,0.019706346317194513
3698,Tallahassee Regional Airport,TLH,0.019706346317194513
4112,Akron Canton Regional Airport,CAK,0.019706346317194513
8858,Sannvhe,TVS,0.017777777777777778
3859,New Castle Airport,ILG,0.01584400685535765
410,Westerland Sylt Airport,GWT,0.012366207951070338
6412,Jinzhou Airport,JNZ,0.011893075418347668
6414,Yanji Chaoyangchuan Airport,YNJ,0.0109371578523122
6399,Luzhou Airport,LZO,0.010378672033537312
4089,Bishop International Airport,FNT,0.009853173158597257
6397,Dachuan Airport,DAX,0.008864268648726959
6398,Guangyuan Airport,GYS,0.008864268648726959
4110,Yibin Caiba Airport,YBP,0.008864268648726959
6352,Changde Airport,CGD,0.007384025818512489
6391,Nanping Wuyishan Airport,WUS,0.007188065099457504
3402,Mudanjiang Hailang International Airport,MDG,0.007173049805222752
605,Waterford Airport,WAT,0.006948617590587217
733,Stockholm Västerås Airport,VST,0.006052559289442359
1510,Lampedusa Airport,LMP,0.005917159763313609
6427,Anqing Tianzhushan Airport,AQG,0.00516795865633075
6403,Wanxian Airport,WXN,0.0044321343243634796
2885,Rafael Hernandez Airport,BQN,0.00239292313020679
6428,Jing Gang Shan Airport,nan,0.0022160671621817398
6401,Nanchong Airport,NAO,0.0022160671621817398
6963,Tongren Fenghuang Airport,TEN,0.0022160671621817398
6822,Militaerlager,nan,0.0
6824,Lommis Airfield,nan,0.0
6826,Burnet Municipal Kate Craddock Field,nan,0.0
6827,Namanga,nan,0.0
6828,Mara Lodges,nan,0.0
6829,Oceanside Municipal Airport,OCN,0.0
683,Bråvalla Air Base,nan,0.0
6830,Flugplatz Finsterwalde/Heinrichsruh,nan,0.0
6833,Al Udeid Air Base,XJD,0.0
6834,Great Barrier Aerodrome,GBZ,0.0
6836,Paxos Marina,nan,0.0
6842,East Glacier Park Amtrak Station,nan,0.0
6847,Silverton,nan,0.0
6849,Grand Marais Cook County Airport,GRM,0.0
6854,Gardermoen Airport,GEN,0.0
6858,Crocodile Camp,nan,0.0
6860,Bungle Bungle Airport,nan,0.0
6861,Macomb Municipal Airport,MQB,0.0
6862,Sazená Airport,nan,0.0
6863,RK Heliplex,nan,0.0
6865,Lyon Part-Dieu Railway,XYD,0.0
6867,Reykjahlíð Airport,MVA,0.0
6868,Sabadell Airport,QSA,0.0
6870,Whitsunday Island Airport,WSY,0.0
6871,Delaware County Johnson Field,MIE,0.0
6873,Purdue University Airport,LAF,0.0
6874,De Kalb Taylor Municipal Airport,DKB,0.0
6878,Kenosha Regional Airport,ENW,0.0
6879,Clow International Airport,1CS,0.0
688,Jönköping Airport,JKG,0.0
6880,Montrose Regional Airport,MTJ,0.0
6882,Tyonek Airport,TYE,0.0
6884,Shoestring Aviation Airfield,0P2,0.0
6885,Door County Cherryland Airport,SUE,0.0
6887,Porto Cheli Airport,PKH,0.0
6888,Dusseldorf Hauptbahnhof,QDU,0.0
689,Falköping Airport,nan,0.0
6890,Dowagiac Municipal Airport,C91,0.0
6892,Everglades Airpark,X01,0.0
6893,Galt Field Airport,10C,0.0
6895,Geiranger,nan,0.0
690,Lidköping-Hovby Airport,LDK,0.0
6902,Ronda,nan,0.0
6906,Chernihiv Shestovitsa Airport,CEJ,0.0
6909,Wittman Regional Airport,OSH,0.0
6913,Aeroporto Prefeito Octavio de Almeida Neves,JDR,0.0
6914,RAAF Base Pearce,nan,0.0
6918,Ringi Cove Airport,RIN,0.0
6920,Bellona,BN1,0.0
6922,Kirensk Airport,KCK,0.0
6923,Kavalerovo,nan,0.0
6924,Ust-Kut Airport,UKX,0.0
6925,Ust-Ilimsk,nan,0.0
6927,Triengen Airport,nan,0.0
6928,Lausanne-Blécherette Airport,QLS,0.0
693,Trollhättan-Vänersborg Airport,THN,0.0
6930,Locarno Airport,ZJI,0.0
6931,Neuchatel Airport,QNC,0.0
6932,Taganrog Yuzhny Airport,TGK,0.0
6933,Gelendzhik Airport,GDZ,0.0
6934,Zhukovsky International Airport,ZIA,0.0
6935,Irkutsk Northwest Airport,nan,0.0
6936,Khabarovsk Airport,nan,0.0
6937,Dzemgi Airport,nan,0.0
6940,Tunoshna Airport,IAR,0.0
6941,Byron Airport,nan,0.0
6942,Daqing Saertu Airport,DAQ,0.0
6946,Altay Air Base,AAT,0.0
6947,Tuzla International Airport,TZL,0.0
6951,Jan Mayensfield,nan,0.0
6953,Huanghua Intl,HHA,0.0
696,Barkarby Airport,nan,0.0
6960,Chefornak Airport,CYF,0.0
6967,Naiu Airport,NIU,0.0
6968,Schenectady County Airport,SCH,0.0
6973,Volkel Air Base,nan,0.0
6974,Siargao Airport,IAO,0.0
6975,Langeoog Airport,LGO,0.0
6977,Itokama Airport,ITK,0.0
6978,Ononge Airport,ONB,0.0
6979,Tapini Airport,TPI,0.0
698,Mora Airport,MXX,0.0
6981,Woitape Airport,WTP,0.0
6985,Nelspruit Airport,NLP,0.0
6986,Cherkasy International Airport,CKC,0.0
6987,Gotska Sandon Heliport,nan,0.0
6990,Mykolaiv International Airport,NLV,0.0
6992,Charles M. Schulz Sonoma County Airport,STS,0.0
6994,Lake City Gateway Airport,LCQ,0.0
6995,Deland Municipal Sidney H Taylor Field,nan,0.0
6997,Palmar Airport,nan,0.0
6998,Logan-Cache Airport,LGU,0.0
7001,Aspen-Pitkin Co/Sardy Field,ASE,0.0
7003,Ulyanovsk Baratayevka Airport,ULV,0.0
7005,Sabi Sabi Airport,GSS,0.0
7007,KBWD,BWD,0.0
7008,Mexia - Limestone County Airport,LXY,0.0
701,Emmaboda Airfield,nan,0.0
7010,Birrfeld Airport,nan,0.0
7011,Sussex County Airport,GED,0.0
7016,Ely Municipal Airport,LYU,0.0
7019,Eagle River Union Airport,EGV,0.0
7023,Corpus Christi Naval Air Station/Truax Field,nan,0.0
7024,Seaplane Base,YPI,0.0
7025,Catalina Airport,AVX,0.0
7026,Mojave Airport,MHV,0.0
7029,Municipal,CZH,0.0
7030,Inisheer Aerodrome,INQ,0.0
7032,Paketzentrum,nan,0.0
7033,Strezhevoy Airport,SWT,0.0
7034,Cashel,nan,0.0
7036,Bagram Air Base,OAI,0.0
7039,Oak Lawn Train Station,nan,0.0
704,Landskrona Airport,nan,0.0
7042,Rosecrans Memorial Airport,STJ,0.0
7043,Hartford Union Station,ZRT,0.0
7044,Stamford Amtrak Station,ZTF,0.0
7047,Whiting Field Naval Air Station South Airport,nan,0.0
705,Oskarshamn Airport,OSK,0.0
7050,Adana-Incirlik Airbase,nan,0.0
7053,Zamperini Field,TOA,0.0
7952,Busan,nan,0.0
7954,Gare de Marne-la-Vallee,nan,0.0
7957,Jefferson County Intl,0S9,0.0
7958,Savut,nan,0.0
7959,Xakan,nan,0.0
7961,Xugan,nan,0.0
7963,Kerch Airport,KHC,0.0
7964,Khao Sok National Park,nan,0.0
7965,Khao Sok National Park,nan,0.0
7967,Tarifa,nan,0.0
7969,Train Station,XVV,0.0
7971,Train Station,ZRD,0.0
7972,Sentral,XKL,0.0
7973,Train Station,XAD,0.0
7974,Train Station,XEF,0.0
7979,Marana Regional Airport,AVW,0.0
7982,Buckeye Municipal Airport,BXK,0.0
7986,Rawlins Municipal Airport/Harvey Field,RWL,0.0
7987,Mackenzie Airport,nan,0.0
7988,JALOU,nan,0.0
7990,Essex County Airport,CDW,0.0
7991,Lee C Fine Memorial Airport,AIZ,0.0
7992,Yuryevets,nan,0.0
7993,Big Bear City,L35,0.0
7995,Los Angeles Union Station,nan,0.0
7996,Bamberg BF,BAM,0.0
7997,Ingolstadt BF,nan,0.0
7999,Henderson Executive Airport,HSH,0.0
80,Schefferville Airport,YKL,0.0
8000,Gostomel Airport,GML,0.0
8001,Zuoying Station,nan,0.0
8002,Taipei Station,nan,0.0
8004,Sakaiminato Port,nan,0.0
8005,Henry Tift Myers Airport,TMA,0.0
8009,CHARLESTON CRUISE TERMINAL,nan,0.0
8014,Hiroshima Station,nan,0.0
8015,Frankfurt-Main Hauptbahnhof,ZRB,0.0
8018,Wien Sudbahnhof,nan,0.0
8022,Firenze Santa Maria Novella,ZMS,0.0
8025,Chitabe Airstrip,nan,0.0
8026,Fish River Canyon Lodge Airstrip,nan,0.0
8027,Sossusvlei Desert Lodge Airstrip,nan,0.0
8028,Ulusaba Airstrip,ULX,0.0
803,Grand Central Airport,GCJ,0.0
8030,Phoenix Deer Valley Airport,DVT,0.0
8032,Golden Airport,nan,0.0
8037,Glindbruchkippe,nan,0.0
8038,General Freire Airport,nan,0.0
8039,Peine-Eddesse Airport,nan,0.0
8045,Springfield IL Amtrak,nan,0.0
8046,St. Louis Amtrak - old,nan,0.0
8047,Camarillo Amtrak,nan,0.0
8048,Seattle Pier 52,nan,0.0
8049,Bremerton Terminal,nan,0.0
8050,McKinley National Park Airport,MCL,0.0
8051,Lake Hood Airport,nan,0.0
8054,Spremberg-Welzow Airport,nan,0.0
806,Graaff Reinet Airport,nan,0.0
8061,Macau Taipa Ferry Terminal,nan,0.0
8062,Wheeling Ohio County Airport,HLG,0.0
8063,Fitzgerald Municipal Airport,nan,0.0
8064,Perry-Foley Airport,40J,0.0
8065,Cairo-Grady County Airport,70J,0.0
8066,Pacific Station,nan,0.0
8067,Tamar Mepe Airport,nan,0.0
8068,Samsun,SSX,0.0
8073,Brockville Megabus Stop,nan,0.0
8075,Shaibah Airport,nan,0.0
8077,Aransas County Airport,RKP,0.0
8078,Bandanaira Airport,NDA,0.0
8079,Megève Airport,MVV,0.0
8080,Méribel Altiport,MFX,0.0
8085,Rotenburg (Wümme) Airport,nan,0.0
8086,Wipperfürth-Neye Airport,nan,0.0
8087,Osnabrück-Atterheide Airport,nan,0.0
8088,Flugplatz Ballenstedt,nan,0.0
809,Harmony Airport,nan,0.0
8091,Nienburg-Holzbalge Airport,nan,0.0
8094,Obermehler-Schlotheim Airport,nan,0.0
8096,Grube Airport,nan,0.0
81,Kindersley Airport,YKY,0.0
810,Harrismith Airport,HRS,0.0
8100,Hamm-Lippewiesen Airport,nan,0.0
8101,Lüsse Airport,nan,0.0
8102,Porta Westfalica Airport,nan,0.0
8103,Brilon/Hochsauerlandkreis Airfield,nan,0.0
8104,Hameln-Pyrmont Airport,nan,0.0
8105,Nordholz-Spieka Airfield,nan,0.0
8107,St. Michaelisdonn Airport,nan,0.0
8109,Karlshöfen Airport,nan,0.0
811,Hoedspruit Air Force Base Airport,HDS,0.0
8111,Rinteln Airport,nan,0.0
8114,Lüchow-Rehbeck Airport,nan,0.0
8115,Klietz/Scharlibbe Airport,nan,0.0
8116,Burg Airport,nan,0.0
8117,Crisp County Cordele Airport,nan,0.0
8118,Ormond Beach Municipal Airport,nan,0.0
812,Gariep Dam Airport,nan,0.0
8120,Bad Dürkheim Airport,nan,0.0
8121,Portland Troutdale Airport,TTD,0.0
8122,Portland Hillsboro Airport,HIO,0.0
8123,One Police Plaza Heliport,nan,0.0
8127,Khost Airport,KHT,0.0
8128,TCO,nan,0.0
8130,Namtu Airport,NMT,0.0
8131,Nguma Island Lodge Airstrip,nan,0.0
8132,Maramba Aerodrome,nan,0.0
8133,Bend Municipal Airport,nan,0.0
8134,Christmas Valley Airport,nan,0.0
8137,Red Bluff Municipal Airport,RBL,0.0
8138,Marin County Airport - Gnoss Field,NOT,0.0
814,P C Pelser Airport,KXE,0.0
8140,Tillamook Airport,OTK,0.0
8141,Ontario Municipal Airport,ONO,0.0
8143,Montgomery County Airpark,GAI,0.0
8146,Sharana Airstrip,OAS,0.0
8147,Pembroke Airport,YTA,0.0
8151,Field 21,nan,0.0
8152,Blumenau Airport,BNU,0.0
8154,Aeroclub Sibiu,nan,0.0
8155,Aeroclub Sibiu,SIB,0.0
8156,Bolshoye Gryzlovo Airfield,nan,0.0
8157,Aerodrom Cioca,nan,0.0
8158,Aeroclub Cioca,nan,0.0
816,Krugersdorp Airport,nan,0.0
8162,Charlevoix Municipal Airport,nan,0.0
8163,Quincy Municipal Airport,2J9,0.0
11001,Ulleungdo,nan,0.0
11002,Ulleungdo,nan,0.0
11003,Ashland-Lineville Airport,26A,0.0
11004,Talladega Municipal Airport,ASN,0.0
11005,Greenville Downtown Airport,GMU,0.0
11012,Enterprise Municipal Airport,ETS,0.0
11017,Ryan Field,nan,0.0
11018,Efogi Airport,EFG,0.0
11019,Kagi Airport,KGW,0.0
11021,Bodinumu Airport,BNM,0.0
11023,Ntswi,nan,0.0
11026,Holyhead Ferry Port,nan,0.0
11028,Singapore-Tanah Merah Ferry Terminal,nan,0.0
11029,Batam-Nongsapura Ferry Terminal,nan,0.0
11033,Hitakatsu International Passenger Terminal,nan,0.0
11036,Howard Airport,nan,0.0
11037,Mato de Miranda,nan,0.0
11038,Flinders Island Airport,nan,0.0
1104,Maio Airport,MMO,0.0
11043,Dune Park Station,nan,0.0
11044,Port Tampa Bay,nan,0.0
11046,Genova Piazza Principe,nan,0.0
11047,La Spezia Centrale,nan,0.0
11048,Luzern-Beromunster Airport,nan,0.0
11049,La Grand'combe Airport,nan,0.0
1105,Preguiça Airport,SNE,0.0
11050,Natakhtari,nan,0.0
11053,Fort Mackay / Horizon Airport,HZP,0.0
11055,Krasnokamensk Airport,nan,0.0
11057,Hialeah Market Station,nan,0.0
11058,Eisenach Hauptbahnhof,nan,0.0
11060,Station,nan,0.0
11061,HaHagana Railway Station,nan,0.0
11062,Beersheba North Railway Station,nan,0.0
11063,TEST,nan,0.0
11065,Emmen,nan,0.0
11068,New Castle Henry Co. Municipal Airport,nan,0.0
11069,Scott City Municipal Airport,nan,0.0
11071,Pratt Regional Airport,PTT,0.0
11072,Yubileyniy Airfield,nan,0.0
11075,Sublette Municipal Airport,nan,0.0
11077,Kokomo Municipal Airport,OKK,0.0
11078,Neodesha Municipal Airport,nan,0.0
11079,King Ranch Airport,nan,0.0
1108,Lideta Army Airport,nan,0.0
11083,Tribune,5K2,0.0
11084,Guymon Municipal Airport,GUY,0.0
1109,Arba Minch Airport,AMH,0.0
11090,Independence Municipal Airport,IDP,0.0
11091,Augusta Municipal Airport,nan,0.0
11097,The Farm Airport,nan,0.0
11100,Oryol Yuzhny Airport,OEL,0.0
11102,La Grande/Union County Airport,LGD,0.0
11106,Fort Erie Megabus Stop,nan,0.0
11107,St. Cathrines Bus Terminal,nan,0.0
11109,Moyer Field,nan,0.0
11110,Pocono Mountains Municipal Airport,MPO,0.0
11111,Quakertown Airport,UKT,0.0
11112,Princeton,PCT,0.0
11113,King's Wharf,nan,0.0
11114,St. Georges Harbour,nan,0.0
11116,Harbour,nan,0.0
11118,Harbour,nan,0.0
11119,Harbour,nan,0.0
11120,Harbour,nan,0.0
11125,Northwest Arkansas Samuel Walton International Airport,NRW,0.0
11126,Kowloon Macau Ferry Terminal,nan,0.0
1113,Gambella Airport,GMB,0.0
11130,Nika Island Resort,nan,0.0
11131,Banning Municipal Airport,BNG,0.0
11133,Tököl Airport,nan,0.0
11134,Karl Stefan Memorial Airport,OFK,0.0
11136,Windigo Harbor Seaplane Dock,nan,0.0
11137,North Saanich Ferry,nan,0.0
11138,Tsawwassen Freey,nan,0.0
11141,Arlington Municipal Airport,nan,0.0
11143,Das Bandeirinhas Airport,nan,0.0
11145,Juscelino Kubitscheck Airport,TFL,0.0
11147,Horseshoe Bay Ferry Terminal,nan,0.0
11150,Prince Rupert Ferry Terminal,nan,0.0
11154,Bloor Station,nan,0.0
11155,Weston Station,nan,0.0
11161,Chicago Helicopter Experience,nan,0.0
11162,Meuer Farm Helicopter Landing,nan,0.0
11167,Berlin ZOB,nan,0.0
11168,Hannover ZOB,nan,0.0
11169,Gare de Mulhouse,nan,0.0
11175,Parati Airport,nan,0.0
11176,Umberto Modiano Airport,BZC,0.0
11177,Angra dos Reis Airport,nan,0.0
11178,Itaperuna Airport,ITP,0.0
11181,Saquarema Airport,nan,0.0
11183,Kiel Seehafen,nan,0.0
11184,Saint Johns Sea Port on Antigua,nan,0.0
11186,Scarborough Sea Port,nan,0.0
11187,Willemstad Sea Port,nan,0.0
11192,Gare de Saint-Louis,nan,0.0
11193,Mwene-Ditu Airport,nan,0.0
11194,Tunta Airport,KBN,0.0
11197,Meedhupparu,nan,0.0
11198,Aripuanã Airport,AIR,0.0
11199,Juruena Airport,JRN,0.0
11201,Vila Rica Airport,VLP,0.0
11203,Cáceres Airport,CCX,0.0
11204,Posto Leonardo Vilas Boas Airport,nan,0.0
11205,Tangará da Serra Airport,TGQ,0.0
11206,Canarana Airport,CQA,0.0
11207,Vila Bela da Santíssima Trindade Airport,MTG,0.0
11208,Bumbar Airport,BMB,0.0
11209,Sobral Airport,nan,0.0
11213,Centara Seaplane Dock,nan,0.0
11214,Tokyo Station,nan,0.0
11216,Shin-Osaka Station,nan,0.0
11218,Hiroshima Station,nan,0.0
11219,Hakone-Yumoto Station,nan,0.0
11220,Gora,nan,0.0
11221,Jackson Union Station,nan,0.0
11222,Zion Nationalpark,nan,0.0
10268,Changhua Station,nan,0.0
10269,Yuanlin Station,nan,0.0
1027,Gbadolite Airport,BDT,0.0
10270,Douliu Station,nan,0.0
10271,Dounan Station,nan,0.0
10272,Jingtong Station,nan,0.0
10277,Yingge Station,nan,0.0
10278,Banqiao Station,nan,0.0
10280,Aberdeen Station,nan,0.0
10285,Olympic Station,nan,0.0
10286,Tung Chung Station,nan,0.0
10288,Marlboro Gautrain Station,nan,0.0
10291,Gare de Reims,nan,0.0
10294,Yongphulla Airport,YON,0.0
10296,Elizabeth Field,FID,0.0
10299,Bay Ridge 95th Street Station,nan,0.0
1030,Lisala Airport,LIQ,0.0
10300,Parkchester Station,nan,0.0
10303,Attleboro MBTA Station,nan,0.0
10304,North Falmouth Railroad Station,nan,0.0
10305,Woods Hole Railroad Station,nan,0.0
10309,Danyang Railway Station,DYN,0.0
10310,Tikkurila Railway Station,HVT,0.0
10311,Gare de Champagne-Ardenne TGV,XIZ,0.0
10316,Oulu Railway Station,nan,0.0
10319,Suomenlinna,nan,0.0
10322,Gare du Creusot TGV,nan,0.0
10328,Amersfoort Railway Station,nan,0.0
10331,Almelo Railway Station,nan,0.0
10332,Hengelo Railway Station,nan,0.0
10335,Amsterdam Sloterdijk,nan,0.0
10337,Den Haag HS,nan,0.0
10338,Schiedam Centrum,nan,0.0
10340,Zwijndrecht Railway Station,nan,0.0
10341,Roosendaal Railway Station,nan,0.0
10344,Gare de Schaerbeek,nan,0.0
10345,Puhinui Railway Station,nan,0.0
10346,Hardy Reef,nan,0.0
10347,Hamburg-Bergedorf Station,nan,0.0
10350,Schwanheide Bahnhof,nan,0.0
10351,Boizenburg Bahnhof,nan,0.0
10352,Hagenow Bahnhof,nan,0.0
10354,Wittenberge Bahnhof,nan,0.0
10355,Neustadt Dosse Bahnhof,nan,0.0
10357,Spandau Bahnhof,nan,0.0
10358,Nauen Bahnhof,nan,0.0
10362,Ocean Beach Muni Metro Station,nan,0.0
10363,Hechi Jinchengjiang Airport,HCJ,0.0
10365,Plaza de los Virreyes Station,nan,0.0
10371,General WM J Fox Airfield,WJF,0.0
10372,Kern Valley Airport,L05,0.0
10379,Gdynia Glowna,nan,0.0
10381,Marlboro Gautrain Station,nan,0.0
10382,Ershui Station,nan,0.0
10386,Tongluo Station,nan,0.0
10388,Banqiao Station,nan,0.0
1039,Kolwezi Airport,KWZ,0.0
10390,Hukou Station,nan,0.0
10391,Yangmei Station,nan,0.0
10392,Chenggong Station,nan,0.0
10394,BWI Rail Station,nan,0.0
10396,Erkner Bahnhof,nan,0.0
104,Pitt Meadows Airport,nan,0.0
1040,Kalemie Airport,FMI,0.0
10400,Blankenfelde Bahnhof,nan,0.0
10402,Cottbuser Bahnhof,nan,0.0
10404,Hlavni Nadrazi,nan,0.0
10405,Usti nad Labem Hlavni Nadrazi,nan,0.0
10407,Roudnice nad Labem Hlavni Nad.,nan,0.0
10408,Kralupy nad Vltavou Hlavni Nad.,nan,0.0
1041,Kamina Base Airport,KMN,0.0
10410,Furstenwalde Bahnhof,nan,0.0
10412,Bydgoszcz Glowna,nan,0.0
10413,Dworzec PKP,nan,0.0
10417,Motherwell Railway Station,nan,0.0
10420,Haymarket Railway Station,nan,0.0
10423,Wallyford Railway Station,nan,0.0
10424,Prestonpans Railway Station,nan,0.0
10428,Alnmouth Railway station,nan,0.0
1043,Mbuji Mayi Airport,MJM,0.0
10430,Widdrington Railway Station,nan,0.0
10432,Morpeth Railway Station,nan,0.0
10433,Cramlington Railway Station,nan,0.0
10436,Durham Railway Station,nan,0.0
10437,Darlington Railway Station,nan,0.0
10440,Retford Railway Station,nan,0.0
10441,North Gate Railway Station,nan,0.0
10442,Grantham Railway Station,nan,0.0
10443,Huntingdon Railway Station,nan,0.0
10445,Sandy Railway Station,nan,0.0
10447,Arlesey Railway Station,nan,0.0
10448,Hitchin Railway Station,nan,0.0
10449,Knebworth Railway Station,nan,0.0
1045,Gao Airport,GAQ,0.0
10450,Welwyn North Railway Station,nan,0.0
10451,Welwyn Garden City Railway Station,nan,0.0
10452,Hatfield Railway Station,nan,0.0
10454,Brookmans Park Railway Station,nan,0.0
10455,Hadley Wood Railway Station,nan,0.0
10457,Oakleigh Park Railway Station,nan,0.0
10458,New Southgate Railway Station,nan,0.0
1046,Kayes Dag Dag Airport,KYS,0.0
10460,Hornsey Railway Station,nan,0.0
10462,Ealing Broadway Station,nan,0.0
10463,West Ealing Railway Station,nan,0.0
10464,Hanwell Railway Station,nan,0.0
10468,Gare TGV Haute-Picardie,nan,0.0
10470,Rainham Essex Railway Station,nan,0.0
10472,Adam Benjamin Metro Center,nan,0.0
10473,Harpers Ferry Train Station,nan,0.0
10475,Connellsville Amtrak Station,nan,0.0
10476,Petersburg Amtrak,nan,0.0
10480,Jacksonville Station,nan,0.0
10481,Union Station,nan,0.0
10483,Winter Haven Amtrak Station,nan,0.0
10484,Sebring Station,nan,0.0
10486,West Palm Beach Station,nan,0.0
10487,Boynton Beach Station,nan,0.0
10488,Sturtevant Amtrak Station,nan,0.0
10489,Battersea Park Railway Station,nan,0.0
10490,Clapham Junction Railway Station,nan,0.0
10491,Wandsworth Common Railway Station,nan,0.0
10497,East Croydon Station,nan,0.0
10498,South Croydon Railway Station,nan,0.0
10499,Purley Oaks Railway Station,nan,0.0
10502,Merstham Railway Station,nan,0.0
11691,CHIEF,nan,0.0
11692,SEREN,nan,0.0
11694,CRYST,nan,0.0
11695,Logrono Railway Station,nan,0.0
11696,Siheung airport,SNG,0.0
11697,Rushmore Heliport,nan,0.0
11698,Kodari Schoolyard Heliport,nan,0.0
11700,Siquijor Airport,nan,0.0
11701,Gare de La Hulpe,nan,0.0
11703,Monistrol de Montserrat,nan,0.0
11708,Bern Railway Station,ZDJ,0.0
11709,Olten Railway Station,nan,0.0
1171,Kadugli Airport,KDX,0.0
11711,Zug Railway Station,nan,0.0
11713,Rizhao Shanzihe Airport,RIZ,0.0
11714,Shaxian Airport,SQJ,0.0
11717,Taroom Airport,XTO,0.0
11718,Gelnhausen Airport,nan,0.0
1172,El Obeid Airport,EBD,0.0
11722,Squamish Airport,YSE,0.0
11725,Shanghai Hongqiao Railway Station,nan,0.0
11726,Taian Railway Station,nan,0.0
11728,Hangzhou East Railway Station,nan,0.0
11730,Huizhou South Railway Station,nan,0.0
11733,Changsha South Railway Station,nan,0.0
11734,Wuhan Railway Station,nan,0.0
11735,Reichelsheim Airport,nan,0.0
11737,Marburg-Schönstadt Airport,nan,0.0
11738,Lauenbrück Airport,nan,0.0
11740,Vrsar Crljenka Airport,nan,0.0
11741,Kongens Nytorv Station,nan,0.0
11743,La Grande-4 Airport,YAH,0.0
11745,Liverpool South Shore Regional Airport,nan,0.0
11746,Kona Dock,nan,0.0
11749,Blue River Airport,nan,0.0
11754,Goderich Airport,nan,0.0
11756,Haines Junction Airport,YHT,0.0
11757,Digby / Annapolis Regional Airport,YDG,0.0
11759,Key Lake Airport,YKJ,0.0
11760,Leaf Rapids Airport,YLR,0.0
11761,Matane Airport,YME,0.0
11769,Smiths Falls-Montague (Russ Beach) Airport,YSH,0.0
11771,Virden/R.J. (Bob) Andrew Field Regional Aerodrome,nan,0.0
11774,Shuswap Regional Airport,YSN,0.0
11776,Pukatawagan Airport,XPK,0.0
11778,Jenpeg Airport,ZJG,0.0
11779,Thicket Portage Airport,YTD,0.0
11780,Pikwitonei Airport,PIW,0.0
11784,Ignace Municipal Airport,ZUC,0.0
11787,Zerbst Airport,nan,0.0
11789,RAF Kinloss,FSS,0.0
11792,Deblin Military Air Base,nan,0.0
11794,Minsk Mazowiecki Military Air Base,nan,0.0
11795,Powidz Military Air Base,nan,0.0
11796,Tomaszow Mazowiecki Military Air Base,nan,0.0
11798,Ljungbyhed Airport,nan,0.0
11802,Kėdainiai Air Base,nan,0.0
11805,Lusaka City Airport,nan,0.0
11809,Mariental Airport,nan,0.0
11810,Almaza Air Force Base,nan,0.0
11812,Jiyanklis Air Base,nan,0.0
11813,Merowe New Airport,MWE,0.0
11818,Eastern Sierra Regional Airport,BIH,0.0
11819,Baker City Municipal Airport,BKE,0.0
1182,Mtwara Airport,MYW,0.0
11820,Miley Memorial Field,BPI,0.0
11822,W K Kellogg Airport,BTL,0.0
11824,Northeast Iowa Regional Airport,CCY,0.0
11826,Jacksonville Executive at Craig Airport,CRG,0.0
11827,Crossville Memorial Whitson Field,CSV,0.0
11828,Davison Army Air Field,DAA,0.0
11830,Deming Municipal Airport,DMN,0.0
11833,Duke Field,EGI,0.0
11834,Murray Field,EKA,0.0
11835,San Marcos Regional Airport,nan,0.0
11836,Sawyer County Airport,HYR,0.0
11837,Kimble County Airport,JCT,0.0
11839,Derby Field,LOL,0.0
1184,Pemba Airport,PMA,0.0
11843,Mc Entire Joint National Guard Base,MMT,0.0
11845,Naval Station Mayport (Admiral David L. Mcdonald Field),NRB,0.0
11846,Orangeburg Municipal Airport,OGB,0.0
11847,Columbus Municipal Airport,nan,0.0
1185,Tanga Airport,TGT,0.0
11850,Ralph Wenz Field,PWY,0.0
11858,Tonopah Airport,TPH,0.0
11860,Ukiah Municipal Airport,UKI,0.0
11861,University Oxford Airport,UOX,0.0
11862,Huntsville Regional Airport,HTV,0.0
11863,Miller Field,VTN,0.0
11864,Winnemucca Municipal Airport,WMC,0.0
11865,West Woodward Airport,WWR,0.0
11866,Cape Canaveral AFS Skid Strip,nan,0.0
11867,Homey (Area 51) Airport,nan,0.0
11869,Gjadër Air Base,nan,0.0
11870,Kukës Airport,nan,0.0
11871,Kuçovë Air Base,nan,0.0
11872,Vlorë Air Base,nan,0.0
11874,Gabrovnitsa Air Base,nan,0.0
11878,Cuatro Vientos Airport,ECV,0.0
11880,Teruel Airport,TEV,0.0
11881,Blois-Le Breuil Airport,nan,0.0
11884,Biella-Cerrione Airport,nan,0.0
11886,Casale Monferrato Airport,nan,0.0
11887,Varese-Venegono Airport,nan,0.0
11888,Novi Ligure Airport,nan,0.0
11897,Upala Airport,UPL,0.0
11898,San Nicolas De Bari Airport,QSN,0.0
11899,San Julian Air Base,SNJ,0.0
11900,King Salman Abdulaziz Airport,DWD,0.0
11901,King Khaled Air Base,KMX,0.0
11902,Riyadh Air Base,XXN,0.0
11905,Payam International Airport,PYK,0.0
11908,Mirpur Khas Air Base,nan,0.0
11913,Qayyarah West Airport,RQW,0.0
11916,Al Taji Army Air Field,nan,0.0
11917,Ubaydah Bin Al Jarrah Airport,nan,0.0
11918,Nenana Municipal Airport,ENN,0.0
1192,Gorna Oryahovitsa Airport,GOZ,0.0
11921,Asahikawa Airfield,nan,0.0
11926,Allah Valley Airport,AAV,0.0
11928,Mati National Airport,MXI,0.0
11929,Presidente Néstor Kirchner Regionsl Airport,nan,0.0
1193,Plovdiv International Airport,PDV,0.0
10074,Kings Park Station,nan,0.0
10075,Northport Station,nan,0.0
10078,Sigernessjoen,nan,0.0
10081,Cold Spring Harbor Station,nan,0.0
10082,Syosset Station,nan,0.0
10083,Westbury Station,nan,0.0
10084,Carle Place Station,nan,0.0
10085,Mineola Station,nan,0.0
10086,Merillon Avenue Station,nan,0.0
10087,New Hyde Park Station,nan,0.0
1009,Masvingo International Airport,MVZ,0.0
10092,Nika Resort Island,nan,0.0
10094,Heli 1,nan,0.0
10095,Heli 2,nan,0.0
10097,Homewood Station,nan,0.0
10098,Kankakee Station,nan,0.0
10099,Gilman Station,nan,0.0
10100,Rantoul Station,nan,0.0
10101,French Valley Airport,F70,0.0
10102,Stinson Municipal Airport,SSF,0.0
10105,El Dorado Springs Memorial Airport,nan,0.0
10106,Marfa Municipal Airport,MRF,0.0
10107,Alpine Casparis Municipal Airport,ALE,0.0
10108,Sea Lion Island,nan,0.0
1011,Thornhill Air Base,GWE,0.0
10111,Oshawa Station,nan,0.0
10112,Coburg Station,nan,0.0
10113,Fallowfield Station,nan,0.0
10117,Cable Airport,CCB,0.0
10118,Verona Porta Nuova,nan,0.0
10119,Fuvahmulah Airport,FVM,0.0
10120,Sri Jayawardenepura Kotte,DWO,0.0
10121,Mount Sterling Montgomery County Airport,nan,0.0
10122,Elkhart Municipal Airport,EKI,0.0
10123,Nappanee Municipal Airport,nan,0.0
10125,Borroloola,nan,0.0
10126,Manchester Picadilly Station,QQM,0.0
10127,Abu Rudeis Airport,AUE,0.0
10130,Mc Pherson Airport,nan,0.0
10131,Donaldson Field Airport,GDC,0.0
10132,Perry Houston County Airport,nan,0.0
10137,Dunnville Airport,DU9,0.0
10139,Chesterfield County Airport,nan,0.0
1014,Karonga Airport,KGJ,0.0
10140,Atherton Airport,nan,0.0
10141,Bagdarin Airport,nan,0.0
10143,Dubai Creek SeaWings Base,nan,0.0
10144,Henderson Oxford Airport,nan,0.0
10146,NIK,XIK,0.0
10148,Semyazino Airport,nan,0.0
1015,Kasungu Airport,KBQ,0.0
10151,Mana Pools Airport,nan,0.0
10153,Phi Phi,nan,0.0
10155,Brigadeiro Cabral Airport,DIQ,0.0
10158,Blimbingsari Airport,BWX,0.0
10159,Koltur,nan,0.0
10160,Erenhot Saiwusu International Airport,ERL,0.0
10161,Shobdon Aerodrome,nan,0.0
10162,Chino Airport,CNO,0.0
10163,Kamigoto Airport,nan,0.0
10166,Hateruma Airport,HTR,0.0
10170,Playa Baracoa,nan,0.0
10172,Long Beach,nan,0.0
10173,Digby (General Hospital) Heliport,nan,0.0
10174,Gare de Chatelet - Les Halles,nan,0.0
10175,Aeroport Charles de Gaulle 1,nan,0.0
10176,Gare de Saint Michel - Notre Dame,nan,0.0
1018,Moshoeshoe I International Airport,MSU,0.0
10181,Plaunt Ferry Terminal,nan,0.0
10182,Bois Blanc Island Ferry Terminal,nan,0.0
10183,Bois Blanc Island Airport,6Y1,0.0
10184,Lavrentiya Airport,nan,0.0
10186,N 104 Helipad,nan,0.0
10187,Tai'an,nan,0.0
10188,Phan Thiet,nan,0.0
1019,Mejametalana Airbase,nan,0.0
10193,Goteborgs Centralstation,nan,0.0
10196,Le Port de Toulon,nan,0.0
10197,Taiwan High Speed Rail Station,nan,0.0
10198,Taiwan High Speed Rail Station,nan,0.0
10199,Hsinchu Station,nan,0.0
10206,Tianjin South Railway Station,nan,0.0
10207,Tianjin West Railway Station,nan,0.0
10208,Dongzhimen Station,nan,0.0
10213,Gaya Junction Railway Station,nan,0.0
10217,Luz Station,nan,0.0
10218,Wien Hauptbahnhof,nan,0.0
10221,Guilin Railway Station,nan,0.0
10222,Zurich-HB,nan,0.0
10225,Oak Park Station,nan,0.0
10226,River Forest Station,nan,0.0
10227,Brandenburg Hbf,nan,0.0
10231,Gare de Calais-Frethun,XFF,0.0
10232,Melrose Park Station,nan,0.0
10234,Berkeley METRA Station,nan,0.0
10235,Elmhurst Station,nan,0.0
10236,Villa Park Station,nan,0.0
10237,Lombard Station,nan,0.0
10238,Glen Ellyn Station,nan,0.0
1024,Bandundu Airport,FDU,0.0
10240,Wheaton Station,nan,0.0
10241,Winfield Station,nan,0.0
10242,West Chicago Station,nan,0.0
10245,Pennsylvania Railroad Station,nan,0.0
10246,Helsinki Central Railway Station,HEC,0.0
10248,Ashford International Railway Station,QDH,0.0
10249,Lucerne Railway Station,QLJ,0.0
1025,Kikwit Airport,KKW,0.0
10254,Stratford International Station,nan,0.0
10255,Clybourn Station,nan,0.0
10257,Rogers Park Station,nan,0.0
10261,Yilan Station,nan,0.0
10264,Zhongli Station,nan,0.0
10265,Zhunan Station,nan,0.0
10266,Miaoli Station,nan,0.0
10273,Jiufen Bus Station,nan,0.0
10274,Tamsui Station,nan,0.0
10275,Luodong Station,nan,0.0
10276,Su'ao Station,nan,0.0
10279,Shatin Station,nan,0.0
1028,Gemena Airport,GMA,0.0
10281,Star Ferry Pier-Central,nan,0.0
10282,Tsim Sha Tsui Ferry Pier,nan,0.0
10283,Kowloon Station-MTR,nan,0.0
10284,Tsing Yi Station,nan,0.0
10287,Futian Railway Station,nan,0.0
12303,Rijswijk Railway Station,nan,0.0
12304,Lage Zwaluwe Railway Station,nan,0.0
12306,Oudenbosch Railway Station,nan,0.0
12309,Cambridge Railway Station,nan,0.0
12316,Bargteheide Railway Station,nan,0.0
12320,Timmendorfer Strand Railway Station,nan,0.0
12323,Oldenburg in Holstein Railway Station,nan,0.0
12325,Amsterdam Bijlmer ArenA Station,nan,0.0
12328,Breukelen Railway Station,nan,0.0
12329,Maarssen Railway Station,nan,0.0
1233,Ocaña Airport,nan,0.0
12330,Utrecht Zuilen Railway Station,nan,0.0
12336,Gare de Saint-Denis,nan,0.0
12337,Garges Sarcelles RER,nan,0.0
12339,Kiwirrkurra,nan,0.0
12340,Ampilatwatja Airport,nan,0.0
12341,Wien Mitte Railway Station,nan,0.0
12342,Mannsworth Station,nan,0.0
12343,Schwechat Railway Station,nan,0.0
12345,Zentralfriedhof Station,nan,0.0
12346,Geiselbergestrasse Station,nan,0.0
12348,Rennweg Station,nan,0.0
12352,Gare de Champagney,nan,0.0
12353,Gare de Illfurth,nan,0.0
12358,Gare de Chevremont,nan,0.0
12359,Minden Railway Station,nan,0.0
12360,Kings Creek Airport,KCS,0.0
12361,Harts Range Airport,nan,0.0
12363,Werder Railway Station,nan,0.0
12365,Gotz Bahnhof,nan,0.0
12366,Kirchmoser Bahnhof,nan,0.0
12367,Wusterwitz Bahnhof,nan,0.0
12369,Burg Bahnhof,nan,0.0
12370,Moser Bahnhof,nan,0.0
12373,Neue Neustadt Bahnhof,nan,0.0
12375,Cary Station,nan,0.0
12376,Southern Pines Station,nan,0.0
12377,Hamlet Station,nan,0.0
12378,Camden Station,nan,0.0
12381,Warsaw Station,nan,0.0
12382,Lima Station,nan,0.0
12383,Mansfield Union Station,nan,0.0
12385,Bucyrus Station,nan,0.0
12387,Canton Station,nan,0.0
12388,SkyTrain Parkhaus 4,nan,0.0
1239,Son Bonet Airport,nan,0.0
12393,Medienstadt Babelsberg Bahnhof,nan,0.0
12396,Bruck Bahnhof,nan,0.0
12398,Wiesenburg Bahnhof,nan,0.0
1240,Palma De Mallorca,nan,0.0
12405,Zbaszynek Railway Station,nan,0.0
12410,Dresden Mitte Station,nan,0.0
12411,Rangsdorf Railway Station,nan,0.0
12414,Golssen Railway Station,nan,0.0
12415,Uckro Station,nan,0.0
12416,Walddrehna Railway Station,nan,0.0
12417,Ruckersdorf Railway Station,nan,0.0
12418,Hohenleipisch Railway Station,nan,0.0
1242,San Sebastian Airport,EAS,0.0
12421,Baldwin Crossing,nan,0.0
12422,Monoi Station,nan,0.0
12424,Higashi-Chiba,nan,0.0
12426,Kinshicho,nan,0.0
12427,Munster-Hiltrup Railway Station,nan,0.0
12428,Bohmte Railway Station,nan,0.0
12432,Bassum Railway Station,nan,0.0
12434,Syke Railway Station,nan,0.0
12435,Kirchweyhe Railway Station,nan,0.0
12436,Aumuhle Station,nan,0.0
12439,Grabow Meckl Station,nan,0.0
1244,Pirineus - la Seu d'Urgel Airport,LEU,0.0
12440,Klein Warnow Station,nan,0.0
12442,Glowen Station,nan,0.0
12445,Mount Liebig Airport,nan,0.0
12446,Rangali Seaplane Platform,nan,0.0
12447,Bernau bei Berlin Station,nan,0.0
1245,Torrejón Airport,TOJ,0.0
12451,Angermunde-Wilmersdorf,nan,0.0
12452,Warnitz Station,nan,0.0
12453,Seehausen Railway Station,nan,0.0
12455,Nechlin Railway Station,nan,0.0
12458,Ferdinandshof Railway Station,nan,0.0
12459,Ducherow Railway Station,nan,0.0
12465,Greifswald Railway Station,nan,0.0
12468,Sarajevo Railway Station,nan,0.0
12469,Bolton Field,nan,0.0
12473,Perstorp Railway Station,nan,0.0
12475,Osby Railway Station,nan,0.0
12476,Almhult Railway Station,nan,0.0
12478,Lammhult Railway Station,nan,0.0
1248,Cuatro Vientos,nan,0.0
12481,Nassjo Centralstation,nan,0.0
12482,Aneby Railway Station,nan,0.0
12483,Tranas Railway Station,nan,0.0
12485,Linkoping Centralstation,nan,0.0
12486,Norrkoping Centralstation,nan,0.0
12488,Flen Railway Station,nan,0.0
1249,Vitoria/Foronda Airport,VIT,0.0
12490,Molnbo Railway Station,nan,0.0
12491,Jarna Railway Station,nan,0.0
12495,Ronninge Railway Station,nan,0.0
12496,Tullinge Railway Station,nan,0.0
12499,Alvsjo Railway Station,nan,0.0
12501,Gare de Clamart,nan,0.0
12505,Wattenscheid Station,nan,0.0
12511,Essen-Steele Station,nan,0.0
12517,Dortmund-Kley Station,nan,0.0
12519,Dortmund University Station,nan,0.0
12520,Dortmund-Dorstfeld Sud Station,nan,0.0
12521,Dortmund-Dorstfeld Station,nan,0.0
12522,Dortmund-Scharnhorst Station,nan,0.0
12524,Kamen Station,nan,0.0
12525,Dusseldorf-Reisholz Station,nan,0.0
12526,Dusseldorf-Benrath Station,nan,0.0
12528,Skagit Regional Airport,MVW,0.0
12538,Rotebro Railway Station,nan,0.0
12539,Upplands Vasby Railway Station,nan,0.0
12540,Rosersberg Railway Station,nan,0.0
12543,Storvreta Railway Station,nan,0.0
12544,Orbyhus Railway Station,nan,0.0
12547,Skutskar Railway Station,nan,0.0
12549,Gavle Centralstation,nan,0.0
1255,Péronne-Saint-Quentin Airport,nan,0.0
12550,Ockelbo Railway Station,nan,0.0
12551,Lingbo Railway Station,nan,0.0
5441,Qeqertarsuaq Heliport,JGO,0.0
5443,Maniitsoq Airport,JSU,0.0
5444,Nanortalik Heliport,JNN,0.0
545,Cambridge Airport,CBG,0.0
5450,Grímsey Airport,GRY,0.0
5453,Vopnafjörður Airport,VPN,0.0
5454,Caye Caulker Airport,CUK,0.0
5457,Anahim Lake Airport,YAA,0.0
5458,Williams Harbour Airport,YWM,0.0
5464,Summer Beaver Airport,SUR,0.0
5467,North Spirit Lake Airport,YNO,0.0
5468,Bearskin Lake Airport,XBE,0.0
5469,Kingfisher Lake Airport,KIF,0.0
5471,Poplar Hill Airport,YHP,0.0
5480,Kasabonika Airport,XKS,0.0
5482,Attawapiskat Airport,YAT,0.0
5483,Lac Du Bonnet Airport,nan,0.0
5484,Uranium City Airport,YBE,0.0
549,North Weald Airport,nan,0.0
5491,Fort Hope Airport,YFH,0.0
5494,Gods Lake Narrows Airport,YGO,0.0
5497,Gillam Airport,YGX,0.0
5498,Grise Fiord Airport,YGZ,0.0
5499,Quaqtaq Airport,YQC,0.0
5501,Nemiscau Airport,YNS,0.0
5502,Hopedale Airport,YHO,0.0
5506,Akulivik Airport,AKV,0.0
5510,Lansdowne House Airport,YLH,0.0
5512,Kangiqsualujjuaq (Georges River) Airport,XGR,0.0
5513,Mary's Harbour Airport,YMH,0.0
5515,Umiujaq Airport,YUD,0.0
5516,Wemindji Airport,YNC,0.0
5517,Norway House Airport,YNE,0.0
5519,Oxford House Airport,YOH,0.0
5520,Inukjuak Airport,YPH,0.0
5521,Pikangikum Airport,YPM,0.0
5523,Powell River Airport,YPW,0.0
5525,Nakina Airport,YQN,0.0
5529,Sanikiluaq Airport,YSK,0.0
5532,Deer Lake Airport,YVZ,0.0
5536,York Landing Airport,ZAC,0.0
5538,Bathurst Airport,ZBF,0.0
554,Oxford (Kidlington) Airport,OXF,0.0
5542,Swan River Airport,ZJN,0.0
5543,Kashechewan Airport,ZKE,0.0
5546,Sachigo Lake Airport,ZPB,0.0
5550,Churchill Falls Airport,ZUM,0.0
5551,Wollaston Lake Airport,ZWL,0.0
5553,Béchar Boudghene Ben Ali Lotfi Airport,CBH,0.0
5554,Bordj Badji Mokhtar Airport,BMW,0.0
5555,Guemar Airport,ELU,0.0
5556,Kumasi Airport,KMS,0.0
5558,Heide-Büsum Airport,HEI,0.0
556,RAF Lakenheath,LKZ,0.0
5563,Campbeltown Airport,CAL,0.0
5571,Westray Airport,WRY,0.0
5572,Land's End Airport,LEQ,0.0
5573,Penzance Heliport,PZE,0.0
5574,Anglesey Airport,VLY,0.0
5575,Barra Airport,BRR,0.0
5577,Donegal Airport,CFN,0.0
5579,Sindal Airport,CNL,0.0
558,RAF Wattisham,nan,0.0
5584,Røst Airport,RET,0.0
559,RAF Wyton,QUY,0.0
5590,Værøy Heliport,VRY,0.0
5592,Łódź Władysław Reymont Airport,LCJ,0.0
5595,Karlstad Airport,KSD,0.0
5599,Hemavan Airport,HMV,0.0
560,RAF Fairford,FFD,0.0
5600,Shilavo Airport,HIL,0.0
5602,Ventspils International Airport,VNT,0.0
5603,Rand Airport,QRA,0.0
5607,Ghanzi Airport,GNZ,0.0
5612,Chipata Airport,CIP,0.0
5613,Los Alamitos Army Air Field,nan,0.0
5614,Iconi Airport,YVA,0.0
5615,Antsalova Airport,WAQ,0.0
5619,Morafenobe Airport,TVA,0.0
5621,Tsiroanomandidy Airport,WTS,0.0
5623,Port Bergé Airport,WPB,0.0
5624,Ambanja Airport,nan,0.0
5627,Nasa Shuttle Landing Facility Airport,nan,0.0
5628,Mandritsara Airport,WMA,0.0
5630,Catumbela Airport,CBT,0.0
5637,Chimoio Airport,VPY,0.0
5640,Club Makokola Airport,CMK,0.0
5642,Ondangwa Airport,OND,0.0
5644,Swakopmund Airport,SWP,0.0
5647,Tshimpi Airport,MAT,0.0
5649,Nioki Airport,NIO,0.0
565,RAF Coningsby,QCY,0.0
5651,Basankusu Airport,BSU,0.0
5653,Lodja Airport,LJA,0.0
5654,Ilebo Airport,PFR,0.0
5656,Foula Airport,FOA,0.0
5657,Outer Skerries Airport,OUK,0.0
5658,Papa Stour Airport,PSV,0.0
5660,Lauriston Airport,CRU,0.0
5662,Sherbro International Airport,BTE,0.0
5663,Bo Airport,KBS,0.0
5667,Akunnaaq Heliport,QCU,0.0
5669,Smara Airport,SMW,0.0
5675,São Filipe Airport,SFL,0.0
5676,Baco Airport,BCO,0.0
5677,Beica Airport,BEI,0.0
568,Leeds East Airport,nan,0.0
7055,Hickam Air Force Base,nan,0.0
7057,Grand Canyon Heliport,JGC,0.0
7059,Chautauqua County-Jamestown Airport,JHW,0.0
706,Anderstorp Airport,nan,0.0
7060,La Macaza / Mont-Tremblant International Inc Airport,YTM,0.0
7061,Lake Cumberland Regional Airport,SME,0.0
7062,Shenandoah Valley Regional Airport,SHD,0.0
7063,Devils Lake Regional Airport,DVL,0.0
7064,Dickinson Theodore Roosevelt Regional Airport,DIK,0.0
7065,Sidney - Richland Regional Airport,SDY,0.0
7068,Mc Cook Ben Nelson Regional Airport,MCK,0.0
7070,Dawson Community Airport,GDV,0.0
7071,L M Clayton Airport,OLF,0.0
7073,San Luis Valley Regional Bergman Field,ALS,0.0
7074,Canyonlands Field,CNY,0.0
7075,Ely Airport Yelland Field,ELY,0.0
7076,Vernal Regional Airport,VEL,0.0
7081,Mammoth Yosemite Airport,MMH,0.0
7084,Anacortes Airport,OTS,0.0
7085,Astoria Regional Airport,AST,0.0
7086,Newport Municipal Airport,ONP,0.0
7089,Ugnu-Kuparuk Airport,UUK,0.0
7092,Nuiqsut Airport,NUI,0.0
7100,Ekwok Airport,KEK,0.0
7103,Manokotak Airport,KMO,0.0
7104,Twin Hills Airport,TWA,0.0
7105,Chalkyitsik Airport,CIK,0.0
7106,Eagle Airport,EAA,0.0
7110,Minto Airport,MNT,0.0
7112,Rampart Airport,RMP,0.0
7116,Central Airport,CEM,0.0
7118,Birch Creek Airport,KBC,0.0
7120,Inyokern Airport,IYK,0.0
7122,Merced Regional Macready Field,MCE,0.0
7124,Camelo,nan,0.0
7125,Amarais Airport,CPQ,0.0
7126,Phoenix Goodyear Airport,GYR,0.0
7127,Park City,nan,0.0
713,Hedlanda Airport,nan,0.0
7130,Gatton Campus Airport,nan,0.0
7132,Hamburger Hafen,nan,0.0
7139,Chatham Seaplane Base,CYM,0.0
7140,Funter Bay Seaplane Base,FNR,0.0
7142,Hoonah Airport,HNH,0.0
7143,Kake Airport,nan,0.0
7146,Metlakatla Seaplane Base,MTM,0.0
7148,Hydaburg Seaplane Base,HYG,0.0
715,Gällivare Airport,GEV,0.0
7152,North Whale Seaplane Base,WWP,0.0
7158,Pilot Point Airport,PIP,0.0
7164,Ouzinkie Airport,KOZ,0.0
7165,Port Lions Airport,ORI,0.0
7169,Moser Bay Seaplane Base,KMY,0.0
717,Jokkmokk Airport,nan,0.0
7170,Olga Bay Seaplane Base,KOY,0.0
7172,Port Williams Seaplane Base,KPR,0.0
7176,Zachar Bay Seaplane Base,KZB,0.0
7178,Buckland Airport,BKC,0.0
7189,Council Airport,CIL,0.0
7196,Nikolski Air Station,IKO,0.0
7198,Yakataga Airport,CYT,0.0
72,Hay River / Merlyn Carter Airport,YHY,0.0
720,Optand Airport,nan,0.0
7203,Nelson Lagoon Airport,NLG,0.0
7204,Port Moller Airport,PML,0.0
7205,Klawock Airport,KLW,0.0
7210,Nondalton Airport,NNL,0.0
7211,Pedro Bay Airport,PDB,0.0
7214,Nikolai Airport,NIB,0.0
7221,Zapala Airport,APZ,0.0
7223,Colonia Sarmiento,OLN,0.0
7224,Grytvyken,nan,0.0
7225,Rio Turbio,RYO,0.0
7226,Tte. Julio Gallardo Airport,PNT,0.0
7228,Fitz Roy,nan,0.0
7229,Sierra Grande Airport,SGV,0.0
7230,Cabo F.A.A. H. R. Bordón Airport,IGB,0.0
7231,Lago Posadas,nan,0.0
7234,Chisana Airport,CZN,0.0
7236,Circle City /New/ Airport,IRC,0.0
7241,Stony River 2 Airport,SRV,0.0
7242,Healy River Airport,nan,0.0
7243,Kake Seaplane Base,KAE,0.0
7244,Klawock Seaplane Base,nan,0.0
7246,Manley Hot Springs Airport,MLY,0.0
725,Orsa Airport,nan,0.0
7250,Fox Harbour Airport,nan,0.0
7253,Kangiqsujuaq (Wakeham Bay) Airport,YWB,0.0
7254,Alma Airport,YTF,0.0
1670,Emmen Air Base,EML,0.0
1672,Meiringen Airport,nan,0.0
1674,Buochs,nan,0.0
1675,Lugano Airport,LUG,0.0
1677,Grenchen Airport,ZHI,0.0
1680,Samedan Airport,SMV,0.0
1681,Güvercinlik Airport,nan,0.0
1683,Etimesgut Air Base,ANK,0.0
1684,Akıncı Air Base,nan,0.0
1687,Afyon Airport,AFY,0.0
1690,İskenderun Airport,nan,0.0
1702,Balıkesir Merkez Airport,BZI,0.0
1703,Bandırma Airport,BDM,0.0
1708,Çiğli Airport,IGL,0.0
1709,Isparta Airport,nan,0.0
1710,Kütahya Airport,nan,0.0
1712,Yalova Airport,nan,0.0
1713,Cengiz Topel Airport,KCO,0.0
1716,Akhisar Airport,nan,0.0
1718,Imsık Airport,BXN,0.0
1719,Samandıra Air Base,nan,0.0
172,Prince George Airport,YXS,0.0
173,Northwest Regional Airport Terrace-Kitimat,YXT,0.0
1731,Siirt Airport,SXZ,0.0
1732,Kaklıç Airport,nan,0.0
1736,Ohrid St. Paul the Apostle Airport,OHD,0.0
1744,Vršac International Airport,nan,0.0
1748,Piešťany Airport,PZY,0.0
175,Abbotsford Airport,YXX,0.0
1751,Poprad-Tatry Airport,TAT,0.0
1755,South Caicos Airport,XSC,0.0
1756,Arroyo Barril Airport,nan,0.0
1757,Maria Montez International Airport,BRX,0.0
1763,San Isidro Air Base,nan,0.0
1766,Coban Airport,CBV,0.0
1778,Boscobel Aerodrome,OCJ,0.0
1781,Ken Jones Airport,POT,0.0
1784,Del Norte International Airport,NTR,0.0
1787,General Mariano Matamoros Airport,CVJ,0.0
1789,Ciudad del Carmen International Airport,CME,0.0
1795,Ingeniero Alberto Acuña Ongay International Airport,CPE,0.0
180,Fort Nelson Airport,YYE,0.0
1800,Cozumel International Airport,CZM,0.0
1802,Amado Nervo National Airport,TPQ,0.0
1803,Ensenada International Airport,ESE,0.0
1806,Tehuacan Airport,TCN,0.0
181,Penticton Airport,YYF,0.0
1810,Plan De Guadalupe International Airport,SLW,0.0
1811,Ixtepec Airport,IZT,0.0
1813,Lázaro Cárdenas Airport,LZC,0.0
1817,Loreto International Airport,LTO,0.0
1818,General Servando Canales International Airport,MAM,0.0
182,Charlottetown Airport,YYG,0.0
1823,Monclova International Airport,LOV,0.0
1828,Quetzalcóatl International Airport,NLD,0.0
1837,Puerto Escondido International Airport,PXM,0.0
1843,Tlaxcala Airport,nan,0.0
1844,Terán Air Base,nan,0.0
1846,Angel Albino Corzo International Airport,TGZ,0.0
1848,General Francisco Javier Mina International Airport,TAM,0.0
1849,Tamuin Airport,TSL,0.0
1859,Zapopan Airport,nan,0.0
186,Swift Current Airport,YYN,0.0
1862,Leon (Fanor Urroz) Airport,nan,0.0
1864,Puerto Cabezas Airport,PUZ,0.0
1872,Buenos Aires Airport,BAI,0.0
1879,Golfito Airport,GLF,0.0
1886,Pandora Airport,nan,0.0
1891,San Vito De Java Airport,TOO,0.0
1894,Les Cayes Airport,CYA,0.0
1895,Cap Haitien International Airport,CAP,0.0
1896,Jacmel Airport,JAK,0.0
1900,Maximo Gomez Airport,AVI,0.0
1902,Jaime Gonzalez Airport,CFG,0.0
1907,Leeward Point Field,NBW,0.0
191,Armstrong Airport,YYW,0.0
1912,Orestes Acosta Airport,MOA,0.0
1913,Sierra Maestra Airport,MZO,0.0
10750,HAL Airport,nan,0.0
10751,Chichester/Goodwood Airport,QUG,0.0
10753,Haast Aerodrome,nan,0.0
10754,Estacio Station,nan,0.0
10755,Wuzhou Avenue Station,nan,0.0
10756,Waigaoqiao FTZ South Station,nan,0.0
10757,Disney Resort Station,nan,0.0
10760,Mall of America Metro Transit Station,nan,0.0
10762,Terminal 2 Humphrey Metro Transit Station,nan,0.0
10765,Saronno Railway Station,nan,0.0
10767,Milano Lambrate Railway Station,nan,0.0
10768,Milano Rogoredo Railway Station,nan,0.0
10769,Reggio Emilia AV Mediopadana Railway Station,nan,0.0
1077,Ouarzazate Airport,OZZ,0.0
10771,Roma Tiburtina Railway Station,nan,0.0
10774,Gare de Saint-Quentin-en-Yvelines,nan,0.0
10777,Bahnhof Zurich Oerlikon,nan,0.0
10778,Devinska Nova Ves,nan,0.0
10779,Huangcun Railway Station,nan,0.0
10780,Lichterfelde Ost station,nan,0.0
10781,Wunsdorf-Waldstadt Station,nan,0.0
10783,Kopenick Station,nan,0.0
10785,Ostkreuz Station,nan,0.0
10786,Treptower Park Station,nan,0.0
10787,Planterwald Railway Station,nan,0.0
10789,Storkower Strasse Station,nan,0.0
10790,Schonhauser Allee Station,nan,0.0
10793,Chitina Airport,CXC,0.0
10794,Morro da Urca Heliport,nan,0.0
10795,Neufahrn Station,nan,0.0
10796,Oberschleissheim Station,nan,0.0
10798,Laim Station,nan,0.0
10799,Marienplatz Station,nan,0.0
108,Prince Rupert Airport,YPR,0.0
10800,Dongji Aiport,FYJ,0.0
10804,Frooba Heliport,nan,0.0
10806,Frankfurt Niederrad Station,nan,0.0
10811,Ylivieska Railway Station,nan,0.0
10812,Kokkola Railway Station,nan,0.0
10813,Seinajoki Railway Station,nan,0.0
10815,Toijala Railway Station,nan,0.0
10816,Hameenlinna Railway Station,nan,0.0
10818,Hyvinkaa Railway Station,nan,0.0
10821,Jarvenpaa Railway Station,nan,0.0
10822,Kyrola Railway Station,nan,0.0
10823,Kerava Railway Station,nan,0.0
10824,Savio Railway Station,nan,0.0
10826,Rekola Railway Station,nan,0.0
10827,Koivukyla Railway Station,nan,0.0
10828,Hiekkaharju Railway Station,nan,0.0
1083,Kaolack Airport,KLC,0.0
10830,Tappahannock Municipal,W79,0.0
10832,Chur railway station,nan,0.0
10833,Tirano Rhaetian Railway station,nan,0.0
10839,Maibara Station,nan,0.0
10843,Hamamatsu Station,nan,0.0
10846,Shin-Fuji Station,nan,0.0
10848,Atami Station,nan,0.0
10849,Odawara Station,nan,0.0
1085,Saint Louis Airport,XLS,0.0
10851,Puistola Railway Station,nan,0.0
10852,Tapanila Railway Station,nan,0.0
10854,Pukinmaki Railway Station,nan,0.0
10857,Pasila Railway Station,nan,0.0
10859,Orehoved Railway Station,nan,0.0
1086,Bakel Airport,BXE,0.0
10860,Vordingborg Railway Station,nan,0.0
10862,Naestved Railway Station,nan,0.0
10863,Ringsted Railway Station,nan,0.0
10865,Roskilde Railway Station,nan,0.0
10868,Enghave Railway Station,nan,0.0
10871,Nordhavn Railway Station,nan,0.0
10873,Hellerup Railway Station,nan,0.0
10875,Kokkedal Railway Station,nan,0.0
10876,Esperaerde Railway Station,nan,0.0
10878,Triangeln Railway Station,nan,0.0
10879,Dusseldorf-Unterrath Station,nan,0.0
1088,Tambacounda Airport,TUD,0.0
10882,Dusseldorf Wehrhahn Station,nan,0.0
10883,Dusseldorf-Flingern Station,nan,0.0
10885,Erkrath Railway Station,nan,0.0
10886,Hochdahl Station,nan,0.0
10889,Wuppertal-Vohwinkel Station,nan,0.0
10892,Sonnborner Strasse Schwebebahn Station,nan,0.0
10894,Campbelltown Railway Station,nan,0.0
10895,Moss Vale Railway Station,nan,0.0
10896,Yass Junction Railway Station,nan,0.0
10897,Cootamundra Railway Station,nan,0.0
10898,Junee Railway Station,nan,0.0
10899,Wagga Wagga Railway Station,nan,0.0
10900,The Rock Railway Station,nan,0.0
10901,Henty Railway Station,nan,0.0
10902,Culcairn Railway Station,nan,0.0
10905,Benalla Railway Station,nan,0.0
10907,Broadmeadows Railway Station,nan,0.0
10908,Jacana Railway Station,nan,0.0
10909,Albion Railway Station,nan,0.0
1091,Kiffa Airport,KFA,0.0
10910,Erskineville Railway Station,nan,0.0
10911,Sydenham Railway Station,nan,0.0
10912,Redfern Railway Station,nan,0.0
10913,Tempe Railway Station,nan,0.0
10914,Wolli Creek Railway Station,nan,0.0
10915,Bardwell Park Railway Station,nan,0.0
10916,Glenfield Railway Station,nan,0.0
10919,Western Springs Metra Station,nan,0.0
10920,Diva Maldives Resort Seaplane Base,nan,0.0
10923,South San Francisco BART Station,nan,0.0
10924,Colma BART Station,nan,0.0
10925,Balboa Park Station,nan,0.0
10927,24th Street Mission BART Station,nan,0.0
10928,16th Street Mission BART Station,nan,0.0
10929,Civic Center - UN Plaza Station,nan,0.0
10930,Bridgetown Port,nan,0.0
10931,Gardiner Bay,nan,0.0
10935,Arlanda North Station,nan,0.0
10937,Liupanshui Yuezhao Airport,LPF,0.0
10938,Kaili Airport,KJH,0.0
10939,Shennongjia Hongping Airport,HPG,0.0
10942,Hengyang Nanyue Airport,HNY,0.0
10943,Hongyuan Airport,AHJ,0.0
10945,OURHOUD,nan,0.0
9125,Klatovy Airport,nan,0.0
9131,Talcha Airport,nan,0.0
9133,Walkersville Turnaround,nan,0.0
9134,Chara Airport,nan,0.0
9137,Oberschleißheim Airfield,nan,0.0
9138,Pinal Airpark,MZJ,0.0
9139,Glendale Municipal Airport,nan,0.0
9141,Verden-Scharnhorst Airfield,nan,0.0
9143,Fort Lauderdale-Hollywood International Airport Station at Dania Beach,nan,0.0
9145,Lecheo,nan,0.0
9151,Comino Airport,JCO,0.0
9152,Udine stazione,nan,0.0
9154,Depati Parbo Airport,nan,0.0
9155,Kolosovka,nan,0.0
9156,Ekibastuz Airport,EKB,0.0
9157,Znamenka airport,nan,0.0
9158,Tevriz airport,nan,0.0
9161,Bekdash airport,nan,0.0
9164,Sikeston Memorial Municipal Airport,SIK,0.0
9165,Nynashamnterminalen,nan,0.0
9166,Rodby Port,nan,0.0
9167,Puttgarden,QUA,0.0
9169,Royal Island Resort,nan,0.0
917,Pierrefonds Airport,ZSE,0.0
9171,Port of Belfast,BE2,0.0
9172,Stranraer Ferry Port,SR2,0.0
9179,Saratoga County Airport,nan,0.0
9181,Tampa Padang,MJU,0.0
9187,Coral Creek Airport,nan,0.0
9188,Lakefront Airport,NEW,0.0
919,Miandrivazo Airport,ZVA,0.0
9191,Vermilion Regional Airport,DNV,0.0
9192,Varberg Railway Station,nan,0.0
9196,Dearborn Amtrak Station,nan,0.0
9197,Merritt Island Airport,COI,0.0
9200,Sebastian Municipal,X26,0.0
9201,Terrace Bay,TCY,0.0
9202,Nxabega Airstrip,nan,0.0
9205,Bumi Airport,BZH,0.0
9209,Boat,nan,0.0
9211,Boat,nan,0.0
9214,Village,nan,0.0
9216,Beijing West Railway Station,nan,0.0
9220,Madoogali Seaplane Dock,nan,0.0
9221,Effingham Memorial Airport,1H2,0.0
9225,Andrau Airpark,AAP,0.0
9226,Flying Cloud Airport,FCM,0.0
9227,Likoma Island Airport,LIX,0.0
9228,Johnson County Executive Airport,OJC,0.0
9230,Westbahnhoff,XWW,0.0
9235,Meedhuffushi Seaplane dock,nan,0.0
9238,Markham Airport,nan,0.0
9239,Stanhope Municipal Airport,nan,0.0
924,Mananara Nord Airport,WMR,0.0
9240,Kawartha Lakes (Lindsay) Airport,nan,0.0
9241,Niagara District Airport,YCM,0.0
9243,Edenvale Aerodrome,nan,0.0
9245,Holland Landing Airpark,nan,0.0
9246,Kent,XCM,0.0
9248,Hanover / Saugeen Municipal Airport,nan,0.0
9249,Brandywine Airport,nan,0.0
9250,Batoka,nan,0.0
9251,Manassas Regional Airport/Harry P. Davis Field,MNZ,0.0
9253,Bubovice Airport,nan,0.0
9256,Johnstown Amtrak,nan,0.0
9257,Harvey Field S43,nan,0.0
9258,Urgup,nan,0.0
926,Ambilobe Airport,AMB,0.0
9260,AYaou,nan,0.0
9261,Camop,nan,0.0
9264,DieuM,nan,0.0
9265,Dorli,nan,0.0
9266,Elyse,nan,0.0
9269,Prevo,nan,0.0
9272,Bingöl Çeltiksuyu Airport,BGG,0.0
9274,Okawango Lodge,nan,0.0
9275,Kai Tak,nan,0.0
9279,Hite Airport,UT3,0.0
928,Analalava Airport,HVA,0.0
9281,Newhaven Ferry Port,nan,0.0
9282,Ollantaytambo Train Station,nan,0.0
9284,Poroy Train Station,nan,0.0
9288,Seydisfjordur,nan,0.0
9290,Torit Airport,nan,0.0
9293,Philipsburg Port,nan,0.0
9295,Charlotte Amalie Port,nan,0.0
9296,San Juan Port,nan,0.0
9299,Lincolnville GO Station,nan,0.0
93,Montreal International (Mirabel) Airport,YMX,0.0
9300,Mormugao-Goa Port,nan,0.0
9302,Penang Cruise Terminal,nan,0.0
9304,Singapore Cruise Terminal,nan,0.0
9305,Shelby County Airport,nan,0.0
9307,Mattoon Amtrak,nan,0.0
9308,Lüliang Airport,LLV,0.0
931,Besalampy Airport,BPY,0.0
9311,Gannan Xiahe Airport,GXH,0.0
9312,Komandoo,nan,0.0
9313,Komandoo,nan,0.0
9314,Meck Island Airstrip,nan,0.0
9319,Railway Station,nan,0.0
9325,Heliport NUS,nan,0.0
9330,Xugana,nan,0.0
9335,Salem Station,nan,0.0
9339,Laraway Road,nan,0.0
9341,Waterloo International,nan,0.0
9344,Gloucester Station,nan,0.0
9347,Johnstown Amtrak,nan,0.0
935,Ambalabe Airport,WAI,0.0
9350,Grand Central Terminal,nan,0.0
9351,Tremont,nan,0.0
9354,Kulik Lake Airport,LKK,0.0
9356,Euston Station,QQU,0.0
9357,Waterloo International,QQW,0.0
9358,Belorussky Station,nan,0.0
9359,Railway Station,nan,0.0
936,Ampampamena Airport,IVA,0.0
9361,Railway Station,nan,0.0
9364,Domodedovo,nan,0.0
9367,Severobajkalsk Port,nan,0.0
9368,Vanino-Port,nan,0.0
9369,Holmsk-Port,nan,0.0
9371,Markovo Airport,KVM,0.0
9378,Olyokminsk Airport,OLZ,0.0
1000,Faya Largeau Airport,FYT,0.0
10000,Clarkson GO Station,nan,0.0
10001,Port Credit GO Station,nan,0.0
10002,Long Branch GO Station,nan,0.0
10003,Mimco GO Station,nan,0.0
10009,Unionville GO Station,nan,0.0
10010,Millikin GO Station,nan,0.0
10011,Agincourt GO Station,nan,0.0
10012,Kennedy GO Station,nan,0.0
10014,Keele and Highway 401,nan,0.0
10022,Reid Hillview,nan,0.0
10023,Hollister,nan,0.0
10038,Pinelawn Station,nan,0.0
10039,Farmingdale Station,nan,0.0
10040,Bethpage Station,nan,0.0
10042,Jamaica Station,nan,0.0
10047,Melaka Sentral,nan,0.0
10051,Beverly Depot,nan,0.0
10052,Montserrat Station,nan,0.0
10054,Manchester by the Sea Station,nan,0.0
10055,West Gloucester Station,nan,0.0
10058,Gare d'autocars de Sainte-Foy,nan,0.0
10059,Terminus Intermodal de Longueuil,nan,0.0
1006,Kariba International Airport,KAB,0.0
10062,Kee Field,nan,0.0
10065,Tsigaro Airport,nan,0.0
10067,New Haven State Street Station,nan,0.0
10068,Albany-Rennselaer Amtrak Station,ZLY,0.0
1007,Mutoko Airport,nan,0.0
10073,Smithtown Station,nan,0.0
10076,Greenlawn Station,nan,0.0
10077,Huntington NY Station,nan,0.0
10079,Setten,nan,0.0
1008,Mutare Airport,UTA,0.0
10080,Kautokeino Air Base,QKX,0.0
10088,Constance Halaveli,HAL,0.0
10089,Lille/Marcq-en-Baroeul Airport,nan,0.0
10091,Knucle Reef,nan,0.0
10093,W retreat and spa resort,nan,0.0
10096,Kawass Airport,nan,0.0
101,Prince Albert Glass Field,YPA,0.0
1010,Zvishavane Airport,nan,0.0
10103,Sallisaw Municipal Airport,nan,0.0
10104,Jasper County Airport-Bell Field,JAS,0.0
10109,Bleaker Island Airport,nan,0.0
10110,Bubaque Airport,BQE,0.0
10114,Chichen Itza International Airport,CZA,0.0
10115,GulfofMexico,nan,0.0
10116,Bunbury Airport,BUY,0.0
1012,Hwange National Park Airport,HWN,0.0
10124,South Goulburn Island,nan,0.0
10128,Jim Hamilton L.B. Owens Airport,CUB,0.0
10129,Grove Municipal Airport,nan,0.0
10133,Hartsville Regional Airport,HVS,0.0
10134,Horace Williams Airport,nan,0.0
10135,San Cristobal de las Casas Airport,SZT,0.0
10136,Hot Springs Cove Aerodrome,nan,0.0
10138,Brunswick County Airport,nan,0.0
10142,Scarlett Martinez International Airport,RIH,0.0
10145,Leesburg International Airport,LEE,0.0
10149,Witberg Tswalu Airport,nan,0.0
10150,Grand Cache,YGC,0.0
10152,Hazrat Nizamuddin,nan,0.0
10154,Pouso Alegre Airport,PPY,0.0
10156,Yeysk Airport,EIK,0.0
10157,Berdyansk Airport,ERD,0.0
10164,Ojika Airport,nan,0.0
10165,Chofu Airport,nan,0.0
10167,Buchs,nan,0.0
10168,Sargans,nan,0.0
10169,Madison County Airport,nan,0.0
1017,Mzuzu Airport,ZZU,0.0
10171,Las Brujas Airport,BWW,0.0
10177,Versaille-Chateau,nan,0.0
10178,Thun Airport,nan,0.0
10179,Mount Vernon,nan,0.0
10180,Durham Amtrak Station,nan,0.0
10185,Paso Robles Municipal Airport,PRB,0.0
10189,Gudvangen,GUD,0.0
10190,Taiwan High Speed Rail Station,nan,0.0
10191,High Speed Rail Station,nan,0.0
10192,Thingvellir National Park,TNP,0.0
10194,Stockholms Centralstation,nan,0.0
10195,St Ignace Ferry Terminal,nan,0.0
102,Peace River Airport,YPE,0.0
10200,Phaya Thai Station,nan,0.0
10201,Britomart Transport Centre,nan,0.0
10202,Johannesburg Park Station,nan,0.0
10203,Bryan Station,nan,0.0
10204,Seoul Station,nan,0.0
10205,Tianjin Railway Station,nan,0.0
10209,Beijing Daxing International Airport,PKX,0.0
1021,Ndolo Airport,NLO,0.0
10210,Kanpur Central Railway Station,nan,0.0
10211,Lucknow NR Railway Station,nan,0.0
10212,Varanasi Junction Railway Station,nan,0.0
10214,Sealdah Railway Station,nan,0.0
10215,Mumbai Central Railway Station,nan,0.0
10216,Bangalore City Railway Station,nan,0.0
10219,Gare de Chartres,nan,0.0
1022,Muanda Airport,MNB,0.0
10220,Gare de Nogent-le-Rotrou,nan,0.0
10223,Ogilvie Transportation Center,nan,0.0
10224,Potsdam Hauptbahnhof,nan,0.0
10228,Magdeburg Hbf,nan,0.0
10229,Dessau Hauptbahnhof,nan,0.0
1023,Kitona Base Airport,nan,0.0
10230,Gare de Lille Europe,nan,0.0
10233,Bellwood Station,nan,0.0
10239,College Avenue Station,nan,0.0
10243,Geneva Station,nan,0.0
10244,Milwaukee Intermodal Station,nan,0.0
10247,Nanjing South Railway Station,NKJ,0.0
10250,Doncaster Railway Station,nan,0.0
10251,Leipzig Hauptbahnhof,XIT,0.0
10252,Niagara Falls Station,XLV,0.0
10253,Ebbsfleet International Railway Station,XQE,0.0
10256,Ravenswood Station,nan,0.0
10258,Evanston Main Street Station,nan,0.0
10259,Badu Station,nan,0.0
10260,Keelung Station,nan,0.0
10262,Ruifang Station,nan,0.0
10263,Taoyuan Station,nan,0.0
10267,Fengyuan Station,nan,0.0
13264,Great Bear Lodge,nan,0.0
13266,Boun Neau Airport,PCQ,0.0
13267,Waycross Ware County Airport,AYS,0.0
13268,Blaise Diagne International Airport,DSS,0.0
13269,Mid-State Regional Airport,nan,0.0
1327,Corte Airport,nan,0.0
13271,Greater Portsmouth Regional Airport,PMH,0.0
13272,Pula Seaplane base,nan,0.0
13273,Split-Resnik Airport,nan,0.0
13274,Kidal,nan,0.0
13278,Warszawa Centralna Railway Station,RWA,0.0
1328,Auxerre-Branches Airport,AUF,0.0
13280,Stazione di Firenze Castello,nan,0.0
13281,Firenze Rifredi Railway Station,nan,0.0
13285,Upper cumberland,SRB,0.0
13286,Warszawa Zwirki i Wigury Railway Station,nan,0.0
13288,Warszawa Aleje Jerozolimskie Railway Station,nan,0.0
13289,Warszawa Ochota Train Station,nan,0.0
1329,Chambéry-Savoie Airport,CMF,0.0
13290,Jefferson Park Transit Center,nan,0.0
13295,Berlin-Frohnau Station,nan,0.0
13297,Hannover Flughafen Railway Station,nan,0.0
13298,Langenhagen-Pferdemarkt Station,nan,0.0
13300,Salzwedel Railway Station,nan,0.0
13301,Uelzen Railway Station,nan,0.0
13302,Celle Railway Station,nan,0.0
13305,Oebisfelde Railway Station,nan,0.0
13306,Coonawarra Airport,nan,0.0
13307,Naracoorte Airport,NAC,0.0
13308,Aerodrom Luncani,nan,0.0
13311,Clarenville Airport,nan,0.0
13314,Luckenwalde Railway Station,nan,0.0
13316,Berlin-Friedrichsfelde Ost Station,nan,0.0
13318,Rudersdorf Rathaus,nan,0.0
13319,Woltersdorf Rathaus,nan,0.0
1332,Chambéry-Challes-les-Eaux Airport,nan,0.0
13320,Livorno - Florence-Pisa Cruise Port,nan,0.0
13321,Civitavecchia Port of Rome,nan,0.0
13324,Don Sheldon Amphitheater,nan,0.0
1333,Chalon-Champforgeuil Airport,nan,0.0
13330,Mayfair Station,nan,0.0
13331,Gladstone Park Station,nan,0.0
13333,Istres Le Tube,QIE,0.0
13334,Palenque International Airport,PQM,0.0
13338,Orange Walk Airport,ORZ,0.0
13344,Costa Esmeralda Airport,ECI,0.0
13349,San Jose Airport,nan,0.0
13351,San Miguel Airport,NMG,0.0
13353,Unterluss Railway Station,nan,0.0
13354,Sandpoint Airport,nan,0.0
13355,Attu Heliport,QGQ,0.0
13356,Kangaatsiaq Heliport,QPW,0.0
13357,Kitsissuarsuit Heliport,QJE,0.0
13360,Qeqertaq Heliport,QQT,0.0
13361,Saqqaq Heliport,nan,0.0
13362,Moriusaq Heliport,nan,0.0
13363,Savissivik Heliport,nan,0.0
13364,Siorapaluk Heliport,nan,0.0
13365,Aappilattoq (Qaasuitsup) Heliport,nan,0.0
13370,Tasiusaq (Qaasuitsup) Heliport,nan,0.0
13373,Tasiusaq (Kujalleq) Heliport,nan,0.0
13376,Suzhou Railway Station,nan,0.0
13377,Ammassivik Heliport,nan,0.0
13378,Eqalugaarsuit Heliport,QFG,0.0
1338,Roanne-Renaison Airport,RNE,0.0
13380,Tiniteqilaaq Heliport,nan,0.0
13381,Isortoq Heliport,nan,0.0
13383,Sermiligaaq Heliport,nan,0.0
13384,Ikerassaarsuk Heliport,QRY,0.0
13386,Nuugaatsiaq Heliport,nan,0.0
13387,Saattut Heliport,nan,0.0
13389,Niaqornat Heliport,nan,0.0
13390,Ukkusissat Heliport,nan,0.0
13391,Moscow-Passazhirskaya Railway Station,nan,0.0
13397,Olhos D`água Airport,nan,0.0
13398,Novo Progresso Airport,NPR,0.0
134,Sherbrooke Airport,YSC,0.0
13400,Serra da Capivara Airport,nan,0.0
13401,Encarnación Airport,ENO,0.0
13402,Amatopo Airstrip,nan,0.0
13407,Ambrolauri Airport,nan,0.0
13408,Hicks Airfield,T67,0.0
13409,Karuizawa Train Station,nan,0.0
1341,Montluçon-Domérat Airport,nan,0.0
13410,Connolly Station,nan,0.0
13411,St Pierre d'Oléron Airfield,nan,0.0
13412,Semur En Auxois Airfield,nan,0.0
13413,North Leominster Station,nan,0.0
13415,Urzhar Airport,UZR,0.0
13417,Basel SBB Bahnhof,ZDH,0.0
13418,Agok,nan,0.0
1342,Valence-Chabeuil Airport,VAF,0.0
13420,Ko Similan,nan,0.0
13421,Lipki Air Base,nan,0.0
13422,Zermatt  Heliport,nan,0.0
13423,Nikolskoye Airport,nan,0.0
13424,Tilichiki Airport,nan,0.0
13425,Nyurba Airport,NYR,0.0
13426,Sakkyryr Airport,SUK,0.0
13427,Ust-Kuyga Airport,UKG,0.0
1343,Vichy-Charmeil Airport,VHY,0.0
13431,Shakhtyorsk Airport,EKS,0.0
13434,Copenhagen Sea Airport,nan,0.0
13435,Aarhus Seaplne Terminal,nan,0.0
13436,Oakland Troy Airport,nan,0.0
13440,Porter Station,nan,0.0
13445,At Tarif,nan,0.0
13448,El Bayadh Airport,EBH,0.0
13452,Monkey Bay Airport,MYZ,0.0
13453,Suwałki Airport,nan,0.0
13455,Sir Abubakar Tafawa Balewa International Airport,BCU,0.0
13456,Gombe Lawanti International Airport,GMO,0.0
13459,Adado Airport,AAD,0.0
13461,Guriel Airport,GUO,0.0
13462,Ed Daein Airport,ADV,0.0
13464,Rubondo Airstrip,nan,0.0
13466,West Kilimanjaro Airport,nan,0.0
13469,Ghazni Airport,GZI,0.0
13470,Baicheng Chang'an Airport,DBC,0.0
13472,Shangrao Sanqingshan Airport,SQD,0.0
13474,Jiansanjiang Airport,JSJ,0.0
13475,Shihezi Huayuan Airport,SHF,0.0
13477,Libo Airport,LLB,0.0
13478,Chengde Puning Airport,CDE,0.0
13479,Wudalianchi Dedu Airport,DTU,0.0
1348,Le Luc-Le Cannet Airport,nan,0.0
8446,Tacoma Narrows Airport,TIW,0.0
8449,Athuruga,nan,0.0
845,Polokwane International Airport,PTG,0.0
8453,WERL KAZERNE,nan,0.0
8454,SZEGED,nan,0.0
8455,LAKE WANNSEE,nan,0.0
8460,Jack Edwards Airport,GUF,0.0
8461,General Villamil Airport,IBB,0.0
8462,Balzers Heliport,nan,0.0
8464,Alpha,nan,0.0
8469,Hiroshimanishi Airport,HIW,0.0
8471,High River Regional Airport,nan,0.0
8474,Greater Cumberland Regional Airport,CBE,0.0
8476,Wyndham Airport,WYN,0.0
8477,Bob Quinn Lake Airport,YBO,0.0
8478,Songo Songo,nan,0.0
8480,Msembe Airport,nan,0.0
8481,Fox Glacier Airstrip,FGL,0.0
8482,Grabtsevo Airport,KLF,0.0
8483,Reykjahlid,nan,0.0
8486,Centraal,QRH,0.0
8490,Hauptbahnhof,ZSB,0.0
8492,Ellisras,ELL,0.0
8493,Tri-County Regional Airport,LNR,0.0
8495,Monroe Municipal Airport,nan,0.0
8496,Joliet Regional Airport,JOT,0.0
85,Lloydminster Airport,YLL,0.0
850,Rustenburg Airport,nan,0.0
8500,Fuerstenwalde Airport,nan,0.0
8501,Eberswalde-Finow Airport,nan,0.0
8502,Joseph A. Hardy Connellsville Airport,nan,0.0
8503,Bedford County Airport,nan,0.0
8504,Wings Field,BBX,0.0
8505,Okeechobee County Airport,OBE,0.0
8509,Zephyrhills Municipal Airport,ZPH,0.0
851,Robertson Airport,ROD,0.0
8511,Jesup Wayne County Airport,nan,0.0
8514,Thomson-McDuffie County Airport,nan,0.0
8516,Woodward Field,CDN,0.0
8526,Statesville Regional Airport,SVH,0.0
8527,Sylvania Airport,C89,0.0
8528,Burlington Municipal Airport,nan,0.0
853,Secunda Airport,ZEC,0.0
8530,Spring Hill Airport,70N,0.0
8533,Grove City Airport,29D,0.0
854,Saldanha /Vredenburg Airport,nan,0.0
8540,Youngstown Elser Metro Airport,4G4,0.0
8546,Hamburg Inc Airport,4G2,0.0
8547,Trenton-Robbinsville Airport,N87,0.0
8551,Morgantown Airport,O03,0.0
8552,Harford County Airport,0W3,0.0
8553,Tri State Steuben County Airport,ANQ,0.0
8556,Van Wert County Airport,nan,0.0
8557,Port Bucyrus-Crawford County Airport,17G,0.0
8558,Lake Wales Municipal Airport,X07,0.0
8559,Brooks Field,nan,0.0
856,Swartkop Air Force Base,nan,0.0
8560,Genesee County Airport,nan,0.0
8562,Stormville Airport,N69,0.0
8567,Scatsta Airport,nan,0.0
8568,North Sea,nan,0.0
8570,North Sea,nan,0.0
8573,North Sea,nan,0.0
8574,North Sea,nan,0.0
8575,North Sea,nan,0.0
8576,North Sea,nan,0.0
8577,Orlampa Inc Airport,nan,0.0
8579,North Sea,nan,0.0
8580,North Sea,nan,0.0
8583,Atlantic Ocean,nan,0.0
8584,Zoo,QWC,0.0
8585,Frankfurt Oder Hbf,ZFR,0.0
8586,Gare de Lyon,PLY,0.0
8589,Ostbahnhof,BHF,0.0
8590,All Airports,LON,0.0
8591,All Airports,NYC,0.0
8592,All Airports,CHI,0.0
8593,Chicago Meigs Airport,CGX,0.0
8594,All Airports,TYO,0.0
8596,All Airports,MIL,0.0
8599,All Airports,YTO,0.0
8600,Longhua Airport,nan,0.0
8603,Saarmund Airport,nan,0.0
8605,Sun Moon Lake Airport,nan,0.0
8607,Bloyer Field,Y72,0.0
8611,Saulieu Liernais Airfield,nan,0.0
8613,Buochs Airport,BXO,0.0
8614,Ambri Airport,nan,0.0
8619,Nötsch Im Gailtal Airport,nan,0.0
862,Tutuka Power Station Airport,nan,0.0
8620,Sinsheim Airfield,nan,0.0
8621,Weinheim/Bergstraße Airport,nan,0.0
8625,Wilkes Barre Wyoming Valley Airport,WBW,0.0
8626,Willoughby Lost Nation Municipal Airport,LNN,0.0
8627,Taoyuan Air Base,nan,0.0
8629,Civitavecchia,nan,0.0
863,Tzaneen Airport,LTA,0.0
8630,Bayannur Tianjitai Airport,RLK,0.0
8631,Capital City Airport,FFT,0.0
8635,Florence,6S2,0.0
8636,Martin Campbell Field Airport,1A3,0.0
8641,Marco Island Executive Airport,MRK,0.0
8642,Boipeba,nan,0.0
8649,Schaumburg Regional,06C,0.0
8650,Khulna Seaplane Landing Site,nan,0.0
8653,Marshfield Municipal Airport,MFI,0.0
8654,Alexander Field South Wood County Airport,ISW,0.0
8659,Priob\'e,nan,0.0
866,K. D. Matanzima Airport,UTT,0.0
8661,Ostafyevo International Airport,OSF,0.0
8662,Oakdale Airport,O27,0.0
8668,Banks Airport,ME5,0.0
8669,Perth/Scone Airport,PSL,0.0
8671,Grefrath-Niershorst Airport,nan,0.0
8673,Oberwolfach,nan,0.0
8674,Karlsruhe Hbf,nan,0.0
8677,Holzhau,nan,0.0
868,Virginia Airport,VIR,0.0
8680,Bad Herrenalb,nan,0.0
8681,St Paul Downtown Holman Field,STP,0.0
8682,Söderhamn Airport,SOO,0.0
8683,Newcastle Aerodrome,nan,0.0
8684,Saravane Airport,VNA,0.0
8687,Zurich,nan,0.0
8688,Bagdad Airport,E51,0.0
8690,Fuentemilanos Airport,nan,0.0
8691,Akeno Airport,nan,0.0
8692,Ust-Kamchatsk Airport,nan,0.0
9559,Huntingdon Station,nan,0.0
956,Porto Amboim Airport,PBN,0.0
9563,Greensburg Station,nan,0.0
9564,Williamsburg Station,nan,0.0
9565,Richmond Staples Mill Road Station,nan,0.0
9566,Ashland Virgina Station,nan,0.0
9567,Quantico Station,nan,0.0
957,Saurimo Airport,VHC,0.0
9570,Milano Porta Garibaldi,nan,0.0
9572,Bridgeport Ferry Dock,nan,0.0
9574,Stratford Station,nan,0.0
9575,Milford Station,nan,0.0
9578,Fairfield Station,nan,0.0
9579,Saugatuck Staiton,nan,0.0
958,Soyo Airport,SZA,0.0
9582,Harlem-125th Street Station,nan,0.0
9584,Michigan City Amtrak Station,nan,0.0
9590,Jackson MI Station,nan,0.0
9592,Gdansk Glowny,nan,0.0
9593,Poznan Glowny,nan,0.0
9594,Luebeck Hauptbahnhof,nan,0.0
960,Luena Airport,LUO,0.0
9600,Lviv Central Railway Station,nan,0.0
9601,Gara de Nord,nan,0.0
9603,Raleigh Amtrak Station,nan,0.0
9607,Bristol Temple Meads Railway Station,nan,0.0
9608,Dresden Hauptbahnhof,nan,0.0
9611,Luxembourg Railway Station,nan,0.0
9612,Milano Centrale Railway Station,nan,0.0
9613,Bologna Centrale Railway Station,nan,0.0
9614,Rimini Railway Station,nan,0.0
9615,Oxford Railway Station,nan,0.0
9616,Wigan Wallgate Railway Station,nan,0.0
9617,Aarhus Central Station,nan,0.0
9619,Oslo Central Station,XZO,0.0
9620,Bergen Railway Station,QFV,0.0
9621,Nimes Railway Station,ZYN,0.0
9625,Visbyterminalen,nan,0.0
9627,Nice Railway Station,nan,0.0
9628,Ruzomberok Hlavna stanica,nan,0.0
9629,Budapest Keleti palyaudvar,nan,0.0
963,Oyem Airport,OYE,0.0
9631,Nagoya Station,nan,0.0
9634,'s-Hertogenbosch Railway Station,nan,0.0
9635,Istanbul Esenler Otogari Bus Terminal,nan,0.0
9641,Pamplona Railway Station,EEP,0.0
9643,Ljubljana Railway Station,nan,0.0
9644,Szeged Railway Station,nan,0.0
9648,Maastricht Station,nan,0.0
9649,York Railway Station,QQY,0.0
965,Lambarene Airport,LBQ,0.0
9650,Birmingham New Street Railway Station,QQN,0.0
9651,Cesky Krumlov Station,nan,0.0
9652,Bayreuth Hauptbahnhof,nan,0.0
9655,Bahnhof Donauwoerth,nan,0.0
9657,Taichung Station,nan,0.0
9658,Pisa Centrale,nan,0.0
9659,Vernazza Station,nan,0.0
9660,Copan Ruinas,nan,0.0
9662,Water Taxi Terminal,nan,0.0
9664,Irvine Transportation Center,nan,0.0
9666,Baldur Ferry Terminal,nan,0.0
9668,Mostar Railway Station,nan,0.0
9669,Prizren,nan,0.0
9672,Inverness Railway Station,ZIV,0.0
9673,Portree,nan,0.0
9674,Aberdeen Railway Station,ZXA,0.0
9675,Petra,nan,0.0
9678,Mons Klint,nan,0.0
968,Omboue Hopital Airport,OMB,0.0
9681,Dare County Regional Airport,nan,0.0
9684,Gare de Metz-Ville,nan,0.0
9688,Helsingor Station,nan,0.0
969,Makokou Airport,MKU,0.0
9690,Tokaj Vasutallomas Station,nan,0.0
9691,Chopok Ski Resort,nan,0.0
9694,Knokke Station,nan,0.0
9695,Kortrijk Station,nan,0.0
9697,Gare de Dinant,nan,0.0
97,Old Crow Airport,YOC,0.0
9703,Bahla,nan,0.0
9704,Lukang,nan,0.0
9705,Chiayi Station,nan,0.0
9707,Tainan Station,nan,0.0
9709,Positano,nan,0.0
971,M'Vengue El Hadj Omar Bongo Ondimba International Airport,MVB,0.0
9711,Salerno Central Station,nan,0.0
9715,Lisbon Rossio Station,nan,0.0
9717,Gniezno Station,nan,0.0
9719,Tau Ferry Terminal,nan,0.0
972,Principe Airport,PCP,0.0
9721,Halhjem Ferry Terminal,nan,0.0
9723,Arsvagen Ferry Terminal,nan,0.0
9725,Schaan-Vaduz Railway Station,nan,0.0
9726,Snowshoe Mountain Ski Resort,nan,0.0
9728,Nantahala Outdoor Center,nan,0.0
9732,Bermeo Station,nan,0.0
9733,Bilbao Atxuri Station,nan,0.0
9737,Esztergom Vasutallomas Station,nan,0.0
9738,Calella Station,nan,0.0
9740,Delta Junction Airport,DJN,0.0
9741,Stevens Village Airport,SVS,0.0
9743,Atmautluak Airport,4A2,0.0
9746,Tok Airport,nan,0.0
9747,Klemtu Airport,YKT,0.0
9748,Wekweeti Airport,nan,0.0
9749,Bedwell Harbour Seaplane Base,YBW,0.0
9750,Maya Flats Airstrip,CYD,0.0
9751,Washabo Airport,WSO,0.0
9752,Rockford Van Galder Terminal,nan,0.0
9753,Popham Airfield,nan,0.0
9755,Zhuhai Railway Station,nan,0.0
9758,Corazon de Jesus Airport,CZJ,0.0
9760,Black Point Airstrip,nan,0.0
9761,Bartica A Airport,GFO,0.0
9764,Stroudsburg Pocono,ESP,0.0
9765,Sky Manor,N40,0.0
9768,Tingo Maria Airport,TGI,0.0
9769,Plínio Alarcom Airport,TJL,0.0
977,Lichinga Airport,VXC,0.0
9770,Zhangye Ganzhou Airport,YZY,0.0
9773,Hyde County Airport,nan,0.0
9774,Mocopulli Airport,MHC,0.0
9775,Taximo,nan,0.0
9776,Stillwater Regional Airport,SWO,0.0
9777,Okmulgee Regional Airport,OKM,0.0
9779,Clinton Sherman Airport,CSM,0.0
3122,Gautam Buddha Airport,BWA,0.0
3124,Janakpur Airport,JKR,0.0
3127,Pokhara Airport,PKR,0.0
3129,Biratnagar Airport,BIR,0.0
313,Saint Hubert Air Base,nan,0.0
3130,Agatti Airport,AGX,0.0
3132,Bellary Airport,BEP,0.0
3133,Bidar Air Force Station,nan,0.0
314,Ursel Air Base,nan,0.0
3141,Begumpet Airport,BPM,0.0
3142,Madurai Airport,IXM,0.0
3147,Pondicherry Airport,PNY,0.0
315,Weelde Air Base,nan,0.0
3150,Tanjore Air Force Base,TJV,0.0
3152,Tiruchirapally Civil Airport Airport,TRZ,0.0
3158,Kamphaeng Saen Airport,KDT,0.0
316,Zoersel (Oostmalle) Airfield,OBL,0.0
3163,Lampang Airport,LPT,0.0
3165,Hua Hin Airport,HHQ,0.0
3166,Takhli Airport,TKH,0.0
3169,Nakhon Sawan Airport,nan,0.0
3173,Narathiwat Airport,NAW,0.0
3175,Songkhla Airport,SGZ,0.0
3178,Cha Eian Airport,nan,0.0
318,Altenburg-Nobitz Airport,AOC,0.0
3180,Ranong Airport,UNN,0.0
3184,Sakon Nakhon Airport,SNO,0.0
3185,Surin Airport,PXR,0.0
3188,Rob Muang Airport,nan,0.0
3198,Kep Air Base,nan,0.0
3201,Phu Bai Airport,HUI,0.0
3209,Bagan Airport,NYU,0.0
3211,Coco Island Airport,nan,0.0
3214,Hommalinn Airport,HOX,0.0
3215,Kengtung Airport,KET,0.0
3217,Kyaukpyu Airport,KYP,0.0
322,Großenhain Airport,nan,0.0
3227,Mong Hsat Airport,MOG,0.0
3229,Namsang Airport,NMS,0.0
3230,Hpa-N Airport,PAA,0.0
3232,Putao Airport,PBU,0.0
3234,Shante Air Base,nan,0.0
3235,Sittwe Airport,AKY,0.0
3236,Thandwe Airport,SNW,0.0
3238,Taungoo Airport,nan,0.0
324,Halle-Oppin Airport,nan,0.0
3245,Wamena Airport,WMX,0.0
325,Riesa-Göhlis Airport,IES,0.0
3253,Sultan Khairun Babullah Airport,TTE,0.0
3254,Syukuran Aminuddin Amir Airport,LUW,0.0
3259,Babo Airport,BXB,0.0
3262,Bintulu Airport,BTU,0.0
3270,Labuan Airport,LBU,0.0
3277,Aek Godang Airport,AEG,0.0
3291,Japura Airport,RGT,0.0
3292,Lhok Sukon Airport,LSX,0.0
3297,Butterworth Airport,BWH,0.0
33,Nanaimo Airport,YCD,0.0
330,Jena-Schöngleina Airfield,nan,0.0
3302,Sultan Azlan Shah Airport,IPH,0.0
3306,Malacca Airport,MKZ,0.0
331,Kyritz Airport,nan,0.0
3311,Cakung Airport,BCH,0.0
3313,Paya Lebar Air Base,QPG,0.0
3317,Brisbane Archerfield Airport,ACF,0.0
3318,Northern Peninsula Airport,ABM,0.0
332,"\Magdeburg \""\""City\""\"" Airport\""""",ZMG,0.0
333,Rothenburg/Görlitz Airport,nan,0.0
3331,Weipa Airport,WEI,0.0
3332,Avalon Airport,AVV,0.0
3335,RAAF Base East Sale,nan,0.0
3344,Perth Jandakot Airport,JAD,0.0
3356,Coffs Harbour Airport,CFS,0.0
3357,Camden Airport,CDU,0.0
3359,Norfolk Island International Airport,NLK,0.0
336,Kamenz Airport,nan,0.0
3362,Tamworth Airport,TMW,0.0
3363,Wagga Wagga City Airport,WGA,0.0
2336,Tokushima Airport/JMSDF Air Base,TKS,0.0
2339,Ozuki Airport,nan,0.0
2342,Sado Airport,SDS,0.0
2348,Matsushima Air Base,nan,0.0
2350,Atsugi Naval Air Facility,NJA,0.0
2351,Tateyama Airport,nan,0.0
2353,Iruma Air Base,nan,0.0
2354,Kisarazu Airport,nan,0.0
2355,Shimofusa Airport,nan,0.0
2360,Yokota Air Base,OKO,0.0
2365,Yeosu Airport,RSU,0.0
2371,Jinhae Airbase/Airport (G-813/K-10),CHF,0.0
2374,Ulsan Airport,USN,0.0
2375,A 511 Airport,nan,0.0
2376,Seoul Air Base (K-16),SSN,0.0
2377,Osan Air Base,OSN,0.0
2380,Pohang Airport (G-815/K-3),KPO,0.0
2385,Ie Shima Auxiliary Air Base,nan,0.0
2389,Minami-Daito Airport,MMD,0.0
2390,Miyako Airport,MMY,0.0
2391,Kitadaito Airport,KTD,0.0
2392,Shimojishima Airport,SHI,0.0
2393,Tarama Airport,TRA,0.0
2396,Yonaguni Airport,OGN,0.0
2402,General Santos International Airport,GES,0.0
2407,Basa Air Base,nan,0.0
2415,Dr.Juan C. Angara Airport,BQA,0.0
2421,Bagabag Airport,nan,0.0
2422,Daniel Z. Romualdez Airport,TAC,0.0
2423,Bacolod-Silay Airport,BCD,0.0
2426,Godofredo P. Ramos Airport,MPH,0.0
2436,Comodoro Pierrestegui Airport,COC,0.0
2437,Gualeguaychu Airport,GHU,0.0
2438,Junin Airport,JNI,0.0
2441,Sauce Viejo Airport,SFN,0.0
2444,Chamical Airport,nan,0.0
2447,La Plata Airport,LPG,0.0
2448,Moron Airport,nan,0.0
2449,El Palomar Airport,EPA,0.0
2453,Comodoro D.R. Salomón Airport,LGS,0.0
2459,Chilecito Airport,nan,0.0
2463,Villa Dolores Airport,VDR,0.0
2464,La Quiaca Airport,nan,0.0
2465,Marcos Juarez Airport,nan,0.0
2467,Brigadier Mayor D Cesar Raul Ojeda Airport,LUQ,0.0
2468,Corrientes Airport,CNQ,0.0
2470,Formosa Airport,FMA,0.0
2473,Monte Caseros Airport,MCS,0.0
2475,Termal Airport,PRQ,0.0
2477,Gobernador Horacio Guzman International Airport,JUJ,0.0
2478,Orán Airport,ORA,0.0
2479,Laboulaye Airport,nan,0.0
2481,El Dorado Airport,ELO,0.0
2485,Curuzu Cuatia Airport,UZU,0.0
2491,Gobernador Castello Airport,VDM,0.0
2493,Marambio Base,nan,0.0
2494,Puerto Deseado Airport,PUD,0.0
2495,Hermes Quijada International Airport,RGA,0.0
2498,Capitan D Daniel Vazquez Airport,ULA,0.0
250,Wa Airport,nan,0.0
2500,Santa Cruz Airport,RZA,0.0
2502,Brigadier D.H.E. Ruiz Airport,CSZ,0.0
2504,General Pico Airport,GPO,0.0
251,Sunyani Airport,NYI,0.0
2512,Santa Rosa Airport,RSA,0.0
2516,Cutral-Co Airport,CUT,0.0
2519,Campo Délio Jardim de Mattos Airport,nan,0.0
2520,Amapá Airport,nan,0.0
2521,Araraquara Airport,AQA,0.0
2530,Major Brigadeiro Doorgal Borges Airport,nan,0.0
2532,Bauru Airport,BAU,0.0
2540,Brig. Lysias Augusto Rodrigues Airport,CLN,0.0
2552,Jacareacanga Airport,JCR,0.0
2557,Fronteira,nan,0.0
256,Korhogo Airport,HGO,0.0
2561,Guajará-Mirim Airport,GJM,0.0
257,Man Airport,MJC,0.0
2571,Francisco Vilela do Amaral Airport,ITR,0.0
2573,Belém/Brigadeiro Protásio de Oliveira Airport,nan,0.0
2579,Lages Airport,LAJ,0.0
258,San Pedro Airport,SPY,0.0
2580,Lins Airport,LIP,0.0
2591,Alberto Alcolumbre Airport,MCP,0.0
26,Kugaaruk Airport,YBB,0.0
2601,Poços de Caldas - Embaixador Walther Moreira Salles Airport,POO,0.0
2605,Porto Nacional Airport,PNB,0.0
2611,Rio Grande,RIG,0.0
11412,Estacion Central Railway Station,nan,0.0
11413,Solikamsk-Berezniki,nan,0.0
11415,Westfalen Bahnhof,nan,0.0
11416,Hagen Hauptbahnhof,nan,0.0
11417,Cologne-Koln Messe Deutz Bahnhof,nan,0.0
11419,Wurzburg Hauptbahnhof,nan,0.0
11420,Jena Paradies Bahnhof,nan,0.0
11421,Naumburg-Saale Hauptbahnhof,nan,0.0
11424,Bitterfeld Bahnhof,nan,0.0
11425,Juterbog Bahnhof,nan,0.0
11426,Siegburg Bonn Bahnhof,ZPY,0.0
11430,Lawrence Station,nan,0.0
11432,Cedarhurst Station,nan,0.0
11434,Woodmere Station,nan,0.0
11436,Tarko-Sale Airport,TQL,0.0
11437,Santa Clarita - CA,nan,0.0
11441,Eferding,nan,0.0
11444,Liverpool South Parkway Railway Station,nan,0.0
11445,Gare do Oriente,nan,0.0
11446,Coimbra-B,nan,0.0
11449,Guadalajara-Yebes Railway Station,nan,0.0
11453,FAIS,nan,0.0
11455,Bellingham-Bellingham Station,nan,0.0
11458,Kahiltna Glacier Base Camp Airstrip,nan,0.0
1146,Naivasha Airport,nan,0.0
11461,Zhaoqing East Railway Station,nan,0.0
11462,Guangning Railway Station,nan,0.0
11465,Kirknewton Railway Station,nan,0.0
11468,Vamizi island airport,nan,0.0
11474,Angsana Velavaru TMA Seaplane Dock,nan,0.0
11476,Estacio de Franca,YJD,0.0
11478,San Juan de Nicaragua,nan,0.0
11480,Finlyandsky,FVS,0.0
11482,Solingen Hauptbahnhof,nan,0.0
11483,Tbilisi Railway station,nan,0.0
11485,Baganara Island Resort,nan,0.0
11488,Hrazdan Railway Station,nan,0.0
11489,Yerevan Railway Station,nan,0.0
11491,Ayrum Railway Station,nan,0.0
11495,Aragatz Railway Station,nan,0.0
11496,Wuxi Railway Station,nan,0.0
11497,Suzhou Railway Station,nan,0.0
11498,Alashankou Bole (Bortala) airport,BPL,0.0
1150,Bu Attifel Airport,nan,0.0
11503,Miranda de Ebro Railway Station,nan,0.0
11504,Llodio Railway Station,nan,0.0
11507,Honfleur,nan,0.0
11508,Mont-Saint-Michel,nan,0.0
1151,Warehouse 59e Airport,nan,0.0
11511,Luzern,nan,0.0
11512,Aix-en-Provence,nan,0.0
11513,Narbonne,nan,0.0
11516,Urbah,nan,0.0
11519,Tobyl,nan,0.0
11522,Karasuk,nan,0.0
11523,Tatarskaia,nan,0.0
11524,Achinsk Airport,ACS,0.0
11529,Jurga,nan,0.0
1153,Kufra Airport,AKF,0.0
11530,Irtyshskoie,nan,0.0
11532,Rubzovsk,nan,0.0
11533,Lokot,nan,0.0
11535,Taishet,nan,0.0
11536,Sljudjanka,nan,0.0
11538,Belogorsk,nan,0.0
11542,Novorossiysk Mor Vokzal,nan,0.0
11543,Kerch,nan,0.0
11544,Dzankoy,nan,0.0
11546,Saidor,SDI,0.0
11547,Bambu,BCP,0.0
11549,Jinan West Railway Station,nan,0.0
11551,Zhenjiang Railway Station,nan,0.0
11552,Zhenjiang Railway Station,nan,0.0
11553,Changzhou Railway Station,nan,0.0
11556,Qufu East Railway Station,nan,0.0
11557,Zaozhuang Railway Station,nan,0.0
11559,Bengbu South Railway Station,nan,0.0
1156,Sabha Airport,SEB,0.0
11560,Chuzhou Railway Station,nan,0.0
11561,Chongqing North Railway Station,nan,0.0
11562,Chengdu Railway Station,nan,0.0
11564,Konosha,nan,0.0
11565,Obozerskiy,nan,0.0
11567,Mikun',nan,0.0
11568,Kotel'nich,nan,0.0
11570,Bui-Railway,nan,0.0
11573,Bologoye,nan,0.0
11576,Gagarin,nan,0.0
11580,Staraya Russa,nan,0.0
11583,Hinton/Jasper-Hinton Airport,YJP,0.0
11584,University Airport,nan,0.0
11585,Garibaldi Brothers Airport,nan,0.0
11587,San Antonio Caltrain Station,nan,0.0
11590,Orsha,nan,0.0
11594,Vjaz'ma,nan,0.0
11596,Kiev-Pivdeniy,nan,0.0
116,Lethbridge County Airport,YQL,0.0
1160,Hon Airport,HUQ,0.0
11603,Kanash-1,nan,0.0
11605,Vladimir,nan,0.0
11611,Lozovaja,nan,0.0
11612,Taganrog,nan,0.0
11613,Sal'sk,nan,0.0
11614,Tihoretskaja,nan,0.0
11617,Budennovsk,nan,0.0
11618,Liski,nan,0.0
1162,Ghadames East Airport,LTD,0.0
11620,Kupjansk,nan,0.0
11621,Konotop,nan,0.0
11622,Orel,nan,0.0
11626,Azov,nan,0.0
11627,Fuyong Ferry Terminal,nan,0.0
11628,Skypier,nan,0.0
1163,Zella 74 Airport,nan,0.0
11630,Bolsherech'e,nan,0.0
11633,Konstanz Station,nan,0.0
11639,Gurgaon Railway Station,nan,0.0
1164,Gisenyi Airport,GYI,0.0
11640,Amsterdam-Zuid,nan,0.0
11641,Station Lelylaan,nan,0.0
11642,Maple Bay Marina,YAQ,0.0
11643,Amsterdam Lelylaan,nan,0.0
11645,Jachthaven IJburg,nan,0.0
11647,Fort ann het Pampus,nan,0.0
11649,Williamsburg Jamestown Airport,nan,0.0
938,Fianarantsoa Airport,WFI,0.0
9380,Pellworm Field,nan,0.0
9381,Tynda,nan,0.0
9385,Weimar,nan,0.0
9388,Fontaine Airport,BOR,0.0
9390,Fairfield County Airport,nan,0.0
9391,Obock Airport,OBC,0.0
9397,Waris Airport,WAR,0.0
9398,Port Oceanic Airport,PRL,0.0
940,Manakara Airport,WVK,0.0
9402,Bairnsdale Airport,BSJ,0.0
9403,Taszár Air Base,TZR,0.0
9406,Fort Bridger Airport,FBR,0.0
9407,Prosser Airport,nan,0.0
9408,Chehalis Centralia Airport,CLS,0.0
9410,Lebanon State,S30,0.0
9413,Mt Pleasant Regional-Faison field,nan,0.0
9415,Weedon Field,EUF,0.0
9417,Dare County Regional Airport,MEO,0.0
9420,Isla Culebrita,nan,0.0
9421,Culebrita,nan,0.0
9422,Apollo Bay,nan,0.0
9425,Kendal Glider Port,nan,0.0
9428,Bessemer Airport,nan,0.0
9430,Olds Didsbury Airport,nan,0.0
9434,Carroll Avenue NICTD Station,nan,0.0
9439,San Francisco 4th and King St. Station,nan,0.0
944,Mbanza Congo Airport,SSY,0.0
9440,Oakland Jack London Square Station,nan,0.0
9441,Downtown Mountain View Station,nan,0.0
9443,Sunnyvale Station,nan,0.0
9444,Millbrae Intermodal Terminal,nan,0.0
9446,Issyk-Kul International Airport,ИКУ,0.0
9447,Crystal Airport,nan,0.0
9448,Clarke County Airport,nan,0.0
9451,Port Authority,nan,0.0
9455,Union Station,UCA,0.0
9456,Clinton Bus Stop,nan,0.0
9459,Susquehanna Trailways Terminal,nan,0.0
9466,Metro-North Station,nan,0.0
9469,Cruise Ship Dock,nan,0.0
9470,Grenada Port Authority Cruise Ship Terminal,nan,0.0
9472,Dr AC Wathey Cruise Pier,nan,0.0
9474,Pukarua Airport,PUK,0.0
9475,Kabale Airport,nan,0.0
9477,Red Hook Bay Ferry Dock,nan,0.0
9478,Gare Routiere de Fort-de-France,nan,0.0
948,Nova Lisboa Airport,NOV,0.0
9480,Philipsburg Bus Stop,nan,0.0
9483,Batoka Airfield,nan,0.0
9484,Central Bolívar Airport,nan,0.0
9486,Granada Station,nan,0.0
9489,Helipad of Viraj Group,nan,0.0
9490,Heydar Aliyev,nan,0.0
9493,Toledo Railway Station,nan,0.0
9495,Abando,nan,0.0
9496,Aeroport,nan,0.0
9497,Passeig de Gracia,nan,0.0
9499,Railway Station,nan,0.0
95,Ottawa / Gatineau Airport,YND,0.0
9500,El Almendro Airport,nan,0.0
9504,White Plains,nan,0.0
9508,Bahia San Lucas,nan,0.0
9509,Ferry Terminal,nan,0.0
9511,San Agustin Airport,nan,0.0
9517,Bus Stop,nan,0.0
9519,Bus Stop,nan,0.0
9521,Samambaia Heliport,nan,0.0
9524,La Passe,nan,0.0
9525,Ferry Dock,nan,0.0
9526,Bus,nan,0.0
9527,Bus,nan,0.0
953,Menongue Airport,SPP,0.0
9530,Bus,nan,0.0
9531,Main Station,nan,0.0
9533,Cowra Airport,CWT,0.0
9534,Algerciras Port,nan,0.0
9536,Pender Harbour Water Aerodrome,YPT,0.0
9537,Mansons Landing Water Aerodrome,YMU,0.0
9539,Sullivan Bay Water Aerodrome,YTG,0.0
9542,Coral Bay Airport,nan,0.0
9543,Ogden Hinckley Airport,OGD,0.0
9544,Lake Country Regional Airport,nan,0.0
9545,Robert S Kerr Airport,nan,0.0
9546,Colorado Plains Regional Airport,AKO,0.0
9548,Union Station,nan,0.0
9549,Cleveland Lakefront Station,nan,0.0
9550,Elkhart Station,nan,0.0
9551,Waterloo Station,nan,0.0
9552,Martin Luther King Jr. Plaza,nan,0.0
9553,Sandusky Station,nan,0.0
9556,Paoli Station,nan,0.0
9560,Tyrone Station,nan,0.0
9561,Altoona Transportation Center,nan,0.0
9562,Latrobe Station,nan,0.0
9568,Alexandria Union Station,nan,0.0
9569,Roma Ostiense,nan,0.0
9571,Port Jefferson Ferry Dock,nan,0.0
9573,Bridgeport Station,nan,0.0
9576,West Haven Station,nan,0.0
9577,Fairfield Metro Station,nan,0.0
9580,South Norwalk Station,nan,0.0
9581,Darien Station,nan,0.0
9583,Hammond-Whiting Station,nan,0.0
9585,New Buffalo Station,nan,0.0
9586,Niles Station,nan,0.0
9587,Dowagiac Station,nan,0.0
9588,Kalamazoo Transportation Center,nan,0.0
9589,Battle Creek Station,nan,0.0
9591,Ann Arbor Station,nan,0.0
9595,Cardiff Central,nan,0.0
9596,Stavanger Byterminalen,nan,0.0
9597,Bergen Busstasjonen,nan,0.0
9598,Geneva Cornavin,nan,0.0
9599,Budapest Nepliget Coach Station,nan,0.0
96,Matagami Airport,YNM,0.0
9602,Gara Sighisoara,nan,0.0
9604,Toulouse Matabiau Station,nan,0.0
9605,Bordeaux Saint Jean Station,ZFQ,0.0
9606,Carcassonne Station,nan,0.0
9609,Budapest Deli Station,nan,0.0
961,Uige Airport,UGO,0.0
9610,Szczecin Glowny Station,nan,0.0
9618,Oskarshamnterminalen,nan,0.0
4323,General Manuel Carlos Piar,CGU,0.0
433,Kajaani Airport,KAJ,0.0
4333,Ust-Ilimsk Airport,UIK,0.0
4336,Abraham Lincoln Capital Airport,SPI,0.0
434,Kauhajoki Airport,KHJ,0.0
4341,Liberal Mid-America Regional Airport,LBL,0.0
4343,Renner Field-Goodland Municipal Airport,GLD,0.0
4346,RNAS WATTON,nan,0.0
4349,Narvik Framnes Airport,NVK,0.0
436,Kemijarvi Airport,nan,0.0
4360,Bykovo Airport,BKA,0.0
4370,Pechora Airport,PEX,0.0
4372,Pskov Airport,PKV,0.0
4373,Kogalym International Airport,KGP,0.0
4376,Novosibirsk North Airport,nan,0.0
4378,Turkmenabat,nan,0.0
4382,Johnston Atoll Airport,JON,0.0
4388,Dubuque Regional Airport,DBQ,0.0
4389,Forde Bringeland,FDE,0.0
439,Kuopio Airport,KUO,0.0
4390,Shun Tak Heliport,HHP,0.0
440,Lahti Vesivehmaa Airport,QLF,0.0
441,Lappeenranta Airport,LPP,0.0
442,Mariehamn Airport,MHQ,0.0
443,Menkijarvi Airport,nan,0.0
446,Oulu Airport,OUL,0.0
447,Piikajarvi Airport,nan,0.0
449,Pudasjärvi Airport,nan,0.0
451,Raahe Pattijoki Airport,nan,0.0
452,Rantasalmi Airport,nan,0.0
453,Rovaniemi Airport,RVN,0.0
455,Savonlinna Airport,SVL,0.0
456,Selanpaa Airport,nan,0.0
459,Teisko Airport,nan,0.0
46,Dease Lake Airport,YDL,0.0
462,Vaasa Airport,VAA,0.0
464,Ylivieska Airfield,YLI,0.0
466,St Angelo Airport,ENK,0.0
47,Dauphin Barker Airport,YDN,0.0
470,Coventry Airport,CVT,0.0
474,Wolverhampton Halfpenny Green Airport,nan,0.0
475,Cotswold Airport,GBA,0.0
476,Turweston Airport,nan,0.0
477,Wellesbourne Mountford Airport,nan,0.0
479,Manchester Woodford Airport,nan,0.0
483,MoD Boscombe Down Airport,nan,0.0
484,RNAS Culdrose,nan,0.0
486,RNAS Yeovilton,YEO,0.0
493,Plymouth City Airport,PLH,0.0
496,Lasham Airport,QLA,0.0
501,London Biggin Hill Airport,BQH,0.0
505,Chalgrove Airport,nan,0.0
51,Estevan Airport,YEN,0.0
512,Carlisle Airport,CAX,0.0
52,Edson Airport,YET,0.0
524,Llanbedr Airport,nan,0.0
525,RAF Ternhill,nan,0.0
528,RAF Woodvale,nan,0.0
539,Scatsta Airport,SCS,0.0
54,Inuvik Mike Zubko Airport,YEV,0.0
5407,Fera/Maringe Airport,FRE,0.0
5408,Babanakira Airport,MBU,0.0
5413,Mono Airport,MNY,0.0
5415,Marau Airport,RUS,0.0
5416,Suavanao Airport,VAO,0.0
5417,Kaghau Airport,KGE,0.0
5420,Chimbu Airport,CMU,0.0
5426,Kikori Airport,KRI,0.0
5427,Kerema Airport,KMA,0.0
543,RAF Leuchars,ADX,0.0
5433,Tari Airport,TIZ,0.0
5436,Vanimo Airport,VAI,0.0
5437,Wapenamanda Airport,WBM,0.0
544,RAF Lossiemouth,LMO,0.0
5440,Paamiut Heliport,JFR,0.0
7504,Longyan Guanzhishan Airport,LCX,0.0
7507,Macau Ferry Pier,XZM,0.0
7509,Odell Williamson Municipal,60J,0.0
751,Ramstein Air Base,RMS,0.0
7510,Stepanakert Air Base,nan,0.0
7511,The Ohio State University Airport - Don Scott Field,OSU,0.0
7513,Addison Airport,ADS,0.0
7514,Destin Executive Airport,DSI,0.0
7516,Kherson International Airport,KHE,0.0
7517,Ryan's Creek Aerodrome,SZS,0.0
7518,Assumption Island Airport,nan,0.0
7519,Zhijiang Airport,HJJ,0.0
752,Bamberg Aaf,nan,0.0
7520,Aldabra,nan,0.0
7522,Kinston Regional Jetport At Stallings Field,ISO,0.0
7524,Pebble Island Airstrip,nan,0.0
7526,Lively Settlement Airstrip,nan,0.0
7527,Lintsang Airfield,LNJ,0.0
7528,Wenshan Airport,WNH,0.0
7531,Maturacá Airport,nan,0.0
7535,Latur Airport,LTU,0.0
7536,Tarempa Airport,MWK,0.0
7538,Würzburg-Schenkenturm Airport,nan,0.0
754,Bückeburg Air Base,nan,0.0
7543,Tana Toraja Airport,nan,0.0
7548,Mosul International Airport,OSM,0.0
7549,Tajima Airport,TJH,0.0
755,Celle Airport,ZCN,0.0
7551,Kikai Airport,KKX,0.0
7552,Aguni Airport,AGJ,0.0
7554,Haeju Airport,HAE,0.0
7557,Bulgan Airport,UGA,0.0
7558,Ulaangom Airport,ULO,0.0
7561,Bentota Airport,BJT,0.0
7564,Chi Mei Airport,CMJ,0.0
7566,Barrow Island Airport,BWB,0.0
7568,Exmouth Airport,EXM,0.0
7569,Derby Airport,DRB,0.0
757,Fritzlar Airport,FRZ,0.0
7571,Bathurst Island Airport,BRT,0.0
7572,Dunk Island Airport,DKI,0.0
7573,Lizard Island Airport,LZR,0.0
7575,Halls Creek Airport,HCQ,0.0
758,Laupheim Air Base,nan,0.0
7580,Steamboat Springs Bob Adams Field,SBS,0.0
7581,Delta Municipal Airport,DTA,0.0
7583,Carbon County Regional/Buck Davis Field,PUC,0.0
7585,Borrego Valley Airport,BXS,0.0
7586,Lake Havasu City Airport,HII,0.0
7588,Douglas Municipal Airport,DGL,0.0
759,Mendig Airfield,nan,0.0
7591,Buariki Airport,AAK,0.0
7592,Kuria Airport,KUC,0.0
7594,Tamana Island Airport,TMN,0.0
7595,Beru Airport,BEZ,0.0
7596,Nikunau Airport,NIG,0.0
7598,Makin Island Airport,MTK,0.0
7599,Maiana Airport,MNK,0.0
76,St Jean Airport,YJN,0.0
760,Niederstetten Army Air Base,nan,0.0
7600,Nonouti Airport,NON,0.0
7602,Bosset Airport,BOT,0.0
7603,Ine Airport,IMI,0.0
7604,Tinak Airport,TIC,0.0
7608,Airok Airport,AIC,0.0
7610,Whitianga Airport,WTZ,0.0
7611,Takaka Airport,KTF,0.0
7613,Angaur Airstrip,nan,0.0
7615,Afutara Aerodrome,AFT,0.0
7617,Choiseul Bay Airport,CHY,0.0
7618,Santa Ana Airport,NNB,0.0
7619,Yandina Airport,XYA,0.0
762,Fassberg Air Base,nan,0.0
7622,Dyagilevo Air Base,nan,0.0
7623,Yuryevets,nan,0.0
7624,Ozerny,nan,0.0
7626,Khakusy,nan,0.0
763,Grafenwohr Army Air Field,nan,0.0
7634,Rundu Airport,NDU,0.0
7635,Beppu Airport,BPU,0.0
7636,Heron Island,HRN,0.0
764,Hanau Army Air Field,ZNF,0.0
7640,Liskeard Station,nan,0.0
7647,Santa Monica Municipal Airport,SMO,0.0
7648,Bermuda Dunes Airport,UDD,0.0
765,Hohenfels Army Air Field,nan,0.0
7651,Yolo County Davis Woodland Winters Airport,nan,0.0
7653,Shively Field,SAA,0.0
7656,Witham Field,SUA,0.0
7657,Morristown Municipal Airport,MMU,0.0
766,Flugplatz Kitzingen,KZG,0.0
7660,Wangen-Lachen Airport,nan,0.0
7661,Pahokee Airport,nan,0.0
7665,Nezhitino,NEZ,0.0
7666,Glasgow Buchanan Bus Station,nan,0.0
7667,London Victoria Bus Station,nan,0.0
7668,Machu Pichu Airport,MFT,0.0
7669,Northwest Florida Beaches International Airport,ECP,0.0
767,Nordholz Naval Airbase,FCN,0.0
7671,Valença Airport,VAL,0.0
7673,Caruaru Airport,CAU,0.0
7674,Wake Island Airfield,AWK,0.0
7677,Gare Montparnasse,XGB,0.0
7678,Saint-Pierre-des-Corps,XSH,0.0
7679,Darsena Norte,nan,0.0
768,Diepholz Air Base,nan,0.0
7680,Casa Central,nan,0.0
7681,Puerto Franco,nan,0.0
7683,San Carlos Airport,SQL,0.0
7684,Courtelary Airport,nan,0.0
7686,Camp Okavango Airport,nan,0.0
7688,Maiwa,nan,0.0
769,Geilenkirchen Air Base,GKE,0.0
7691,Whittier Airport,nan,0.0
7692,Soldotna Airport,SXQ,0.0
7693,Gillespie Field,SEE,0.0
7694,San Clemente Island Naval Auxiliary Landing Field,nan,0.0
7703,Fréjus Airport,FRJ,0.0
7704,Geelong Airport,GEX,0.0
7705,Detroit Amtrak Station,nan,0.0
7706,Ventura Amtrak,nan,0.0
7707,Berlin Hauptbahnhof,QPP,0.0
771,Jever Air Base,nan,0.0
7710,Mezen Airport,nan,0.0
11173,Hyannis Inner Harbor,nan,0.0
11174,Straight Warf,nan,0.0
11179,Maricá Airport,nan,0.0
11180,Resende Airport,REZ,0.0
11182,Drumheller Municipal Airport,nan,0.0
11185,Pointe-a-Pitre Sea Port,nan,0.0
11188,Oranjestad Sea Port,nan,0.0
11189,La Romana Sea Port,nan,0.0
1119,Asosa Airport,ASO,0.0
11190,Are,nan,0.0
11191,Maafushivaru Seaplane Dock,nan,0.0
11195,Ikela Airport,IKL,0.0
11196,Brighton Railway Station,nan,0.0
11200,Juína Airport,JIA,0.0
11202,Inácio Luís do Nascimento Airport,JUA,0.0
11210,Arapiraca Airport,APQ,0.0
11211,Cangapara Airport,FLB,0.0
11212,Picos Airport,PCS,0.0
11215,Odawara Station,nan,0.0
11217,Himeji Station,nan,0.0
11223,Yosemite Nationalpark,nan,0.0
11225,Akaroa,nan,0.0
11227,Greymouth,nan,0.0
11228,Arthurs Pass,nan,0.0
1123,Kisimayu Airport,KMU,0.0
11233,Takayama Station,nan,0.0
11234,Shirakawa-go Bus Stop,nan,0.0
11235,Toyama Station,nan,0.0
11241,Bay Bridge,W29,0.0
11243,Montauk Airport,MTP,0.0
11244,Oshiage Station,nan,0.0
11248,Ottawa Central Station,nan,0.0
11250,Kyoto Station,nan,0.0
11252,Duivendrecht Station,nan,0.0
11253,Irving Park Station,nan,0.0
11256,Navi Mumbai,nan,0.0
1126,El Nouzha Airport,ALY,0.0
11260,Domestic Terminal Railway Station,nan,0.0
11261,Eagle Junction Railway Station,nan,0.0
11267,Central Railway Station,nan,0.0
11268,Cerro Largo International Airport,MLZ,0.0
11269,Tydeo Larre Borges Airport,PDU,0.0
1127,Abu Simbel Airport,ABS,0.0
11270,Artigas International Airport,ATI,0.0
11271,Trieste Centrale,nan,0.0
11276,Goerlitz Station,nan,0.0
11277,Turtle Island Seaplane Base,TTL,0.0
11278,Zgorzelec Station,nan,0.0
11283,Lubben-Spreewald Station,nan,0.0
11284,Brand Bahnhof,nan,0.0
11286,Weisswasser Bahnhof,nan,0.0
11288,Dewadaru - Kemujan Island,KWB,0.0
1129,Cairo West Airport,CWE,0.0
11292,Kahemba Airport,nan,0.0
11294,Akselinpolku E3106,nan,0.0
11295,São Miguel do Oeste Airport,SQX,0.0
11297,Mascota,nan,0.0
11300,Amstel Station,nan,0.0
11301,Wannsee Station,nan,0.0
11303,Skadovsk,nan,0.0
11305,Mazatlan Port Cruise Terminal,nan,0.0
11307,Port of Pichilingue,nan,0.0
11308,Port Saguenay,nan,0.0
11309,Quebec City Cruise Port,nan,0.0
11310,Xingtai East train station,nan,0.0
11312,Reid-Hillview Airport of Santa Clara County,RHV,0.0
11315,Green River Station,nan,0.0
11316,Amtrak Station,nan,0.0
11317,Winnemucca Station,nan,0.0
11318,Colfax Station,nan,0.0
11319,Roseville station,nan,0.0
11321,Chemult Station,nan,0.0
11322,Albany Depot,nan,0.0
11323,Salem Station,nan,0.0
11324,Vancouver WA Station,nan,0.0
11328,Sohar Airport,OHS,0.0
11336,Freiburg Hauptbahnhof,QFB,0.0
11337,Rose Bay Airport,RSE,0.0
11339,Khutzeymateen Lodge,nan,0.0
11340,Europoort Rotterdamn,nan,0.0
11341,Kruiningen-Yerseke Railway Station,nan,0.0
11345,FSLGR,nan,0.0
11346,ASCRM,nan,0.0
11347,Bimbadgen Estate Winery,nan,0.0
11348,MTPLS,nan,0.0
11349,CHVLB,nan,0.0
11354,Ifuru Airport,IFU,0.0
11356,Ordu Giresun Airport,OGU,0.0
11358,SEA Seaplane,nan,0.0
11359,Mataro Train Station,nan,0.0
11360,Dessau Hauptbahnhof,nan,0.0
11361,Basel Badischer Bahnhof,ZBA,0.0
11363,Gare de Montbeliard,nan,0.0
11365,Gare de Besancon-Viotte,nan,0.0
11369,Gare de Dijon-Ville,nan,0.0
11370,Gare de Altkirch,nan,0.0
11371,Gare de Colmar,nan,0.0
11372,Gare de Celestat,nan,0.0
11374,Darmstadt Hauptbahnhof,nan,0.0
11375,Fulda Hauptbahnhof,nan,0.0
11381,Braunschweig Hauptbahnhof,nan,0.0
11382,Hanau Hauptbahnhof,nan,0.0
11389,Bathpalathang Airport,BUT,0.0
11390,Norreport Station,nan,0.0
11392,Manitowoc Ferry Terminal,nan,0.0
11396,Gare de Montpellier-Saint-Roch,XPJ,0.0
11397,Helsingborg Central Station,XYH,0.0
11399,Princeton Junction,ZTJ,0.0
114,Watson Lake Airport,YQH,0.0
1140,Kisumu Airport,KIS,0.0
11400,Vommuli Island,nan,0.0
11401,Sultan Bantilan Airport,TLI,0.0
11402,Methow Valley State Airport,S52,0.0
11403,Lake Chelan Airport,S10,0.0
11404,Lost River Resort Airport,W12,0.0
11406,Vuktyl Airport,nan,0.0
11407,Berezniki Airport,nan,0.0
11409,Stendal Railway Station,nan,0.0
11410,Rathenow Railway Station,nan,0.0
11411,Wustermark Railway Station,nan,0.0
2905,Canouan Airport,CIW,0.0
2909,Balkhash Airport,BXH,0.0
2916,Uralsk Airport,URA,0.0
2918,Semipalatinsk Airport,PLX,0.0
292,Borj El Amri Airport,nan,0.0
2920,Aktobe Airport,AKX,0.0
294,El Borma Airport,EBM,0.0
2950,Gomel Airport,GME,0.0
2969,Magnitogorsk International Airport,MQF,0.0
297,Niamtougou International Airport,LRL,0.0
2978,Turkmenabat Airport,CRZ,0.0
2984,Bryansk Airport,BZK,0.0
2986,Migalovo Air Base,KLD,0.0
299,Antwerp International Airport (Deurne),ANR,0.0
2995,Akola Airport,AKD,0.0
2996,Aurangabad Airport,IXU,0.0
2998,Bilaspur Airport,PAB,0.0
2999,Bhuj Airport,BHJ,0.0
3001,Vadodara Airport,BDQ,0.0
3004,Daman Airport,NMB,0.0
3005,Deesa Airport,nan,0.0
3006,Guna Airport,GUX,0.0
3009,Jabalpur Airport,JLR,0.0
301,Kleine Brogel Air Base,nan,0.0
3011,Kandla Airport,IXY,0.0
3013,Kolhapur Airport,KLH,0.0
3014,Keshod Airport,IXK,0.0
3016,Nashik Airport,ISK,0.0
3023,Maharana Pratap Airport,UDR,0.0
3025,Anuradhapura Air Force Base,ACJ,0.0
3028,Ampara Airport,ADP,0.0
3029,Kankesanturai Airport,JAF,0.0
303,Jehonville Air Base,nan,0.0
3030,China Bay Airport,TRR,0.0
3033,Kampong Chhnang Airport,KZC,0.0
3037,Along Airport,IXV,0.0
3041,Bokaro Airport,nan,0.0
3045,Dhanbad Airport,DBD,0.0
305,Chièvres Air Base,nan,0.0
3051,Jharsuguda Airport,nan,0.0
3053,Jorhat Airport,JRH,0.0
3055,Silchar Airport,IXS,0.0
3059,Nawapara Airport,nan,0.0
306,Koksijde Air Base,nan,0.0
3062,Purnea Airport,nan,0.0
3064,Rourkela Airport,RRK,0.0
3065,Utkela Airport,nan,0.0
3067,Ziro Airport,ZER,0.0
3070,Ishurdi Airport,IRD,0.0
3071,Jessore Airport,JSR,0.0
3075,Tejgaon Airport,nan,0.0
3083,Bakshi Ka Talab Air Force Station,nan,0.0
3085,Kullu Manali Airport,KUU,0.0
3086,Bhatinda Air Force Station,BUP,0.0
3088,Bareilly Air Force Station,BEK,0.0
3091,Safdarjung Airport,nan,0.0
3094,Gwalior Airport,GWL,0.0
3096,Jhansi Airport,nan,0.0
3097,Jodhpur Airport,JDH,0.0
3099,Jaisalmer Airport,JSA,0.0
3101,Kanpur Civil Airport,nan,0.0
3102,Kota Airport,KTU,0.0
3103,Ludhiana Airport,LUH,0.0
3104,Leh Kushok Bakula Rimpochee Airport,IXL,0.0
3108,Pantnagar Airport,PGH,0.0
3109,Fursatganj Airport,nan,0.0
311,Zutendaal Air Base,nan,0.0
3111,Sarsawa Air Force Station,nan,0.0
3119,Sam Neua Airport,NEU,0.0
312,Brustem Airfield Sint Truiden,nan,0.0
13481,Alxa Right Banner Badanjilin Airport,RHT,0.0
13482,Holingol Huolinhe Airport,HUO,0.0
13484,INS Baaz,nan,0.0
13486,Jagdalpur Airport,JGB,0.0
13487,Tezu Airport,TEI,0.0
13488,Cangyuan Washan Airport,CWJ,0.0
13490,Ninglang Luguhu Airport,NLH,0.0
13493,Fazenda Spartacus Airport,nan,0.0
13494,Xinzhou Wutaishan Airport,WUT,0.0
13495,Ambikapur Airport,nan,0.0
13496,Chengjisihan Airport,NZL,0.0
13497,Fazenda Mequens Airport,nan,0.0
13499,Mostardas Airport,nan,0.0
135,Saint John Airport,YSJ,0.0
13500,Santo Domingo Airport,nan,0.0
13502,Adampur Airport,AIP,0.0
13503,Mundra Airport,nan,0.0
13504,MLN,nan,0.0
13505,Lechang East Railway Station,nan,0.0
13507,Shenyang North Railway Station,nan,0.0
13508,Detroit Metro. Airport North Transit Center,nan,0.0
13511,Vijayanagar Aerodrome (JSW),VDY,0.0
13513,Shirdi Airport,SAG,0.0
13515,Savitri Jindal Airport,nan,0.0
13516,Pakyong Airport,nan,0.0
13517,Neyveli Airport,NVY,0.0
13519,Kertajati International Airport,KJT,0.0
13524,Takengon Rembele Airport,TXE,0.0
13526,Pusako Anak Nagari Airport,nan,0.0
13527,Silampari Airport,nan,0.0
13530,Sei Bati Airport,TJB,0.0
13535,Namrole Airport,NRE,0.0
13540,Rar Gwamar Airport,DOB,0.0
13541,Gamar Malamo Airport,GLX,0.0
13542,Oesman Sadik Airport,LAH,0.0
13545,Bunyu Airport,BYQ,0.0
13549,Matahora Airport,WNI,0.0
1355,Orange-Caritat (BA 115) Air Base,XOG,0.0
13550,Jask Airport,JSK,0.0
13551,Frankfort Dow Memorial Field,nan,0.0
13553,Kozushima Airport,nan,0.0
13555,Logan,nan,0.0
13556,Dyce Railway Station,nan,0.0
13557,Dundee Railway Station,ZDU,0.0
13558,Keith Railway Station,nan,0.0
13559,Elgin Railway Station,nan,0.0
13560,Perth Railway Station,nan,0.0
13561,Kazarman Airport,nan,0.0
13562,Kerben Airport,nan,0.0
13565,Karakol International Airport,КПЖ,0.0
13566,Sayaboury Airport,ZBY,0.0
13568,Victor Mine,CMV,0.0
13569,Ovoot Airport,nan,0.0
13573,Rajbiraj Airport,RJB,0.0
13575,Duqm International Airport,DQM,0.0
13578,Inverkeithing Railway Station,nan,0.0
13579,Kirkcaldy Railway Station,nan,0.0
13581,Itbayat Airport,nan,0.0
13582,San Vicente Airport,SWL,0.0
13583,Catbalogan Airport,nan,0.0
13585,Isolatorweg Metro Station,nan,0.0
13586,Dalwhinnie Railway Station,nan,0.0
13588,Edinburgh Park Railway Station,nan,0.0
13590,Princes Street Tram Station,nan,0.0
13594,Sipalay Airport,SIL,0.0
13597,Primavera do Leste Airport,nan,0.0
13598,Croker Island Airport,CKI,0.0
13601,Laucala Island Airport,LUC,0.0
13603,Edinburgh Gateway Station,nan,0.0
13607,John C Tune Airport,nan,0.0
13611,Gerlitzen,nan,0.0
13612,LKH Villach,nan,0.0
13613,Cologne Bonn Airport Station,nan,0.0
13615,Koln Trimbornstrasse Station,nan,0.0
13616,Bitterfeld Station,nan,0.0
13617,Rimatara roadstead,RIM,0.0
13618,Rurutu port,RRT,0.0
1362,Salon-de-Provence (BA 701) Air Base,nan,0.0
13623,Napuka Island Airport,NAU,0.0
13625,Nukutavake Airport,NUK,0.0
1363,Lézignan-Corbières Airfield,nan,0.0
13630,Tatakoto Airport,TKV,0.0
13632,Tanah Merah Airport,TMH,0.0
13633,North Sea,nan,0.0
13637,Coal Creek,L20,0.0
13638,Roma Termini,nan,0.0
13639,Yambio,nan,0.0
1364,Mende-Brenoux Airfield,MEN,0.0
13641,Bartlett Rail Yard,nan,0.0
13642,Potomac Airpark,nan,0.0
13643,Helisul IV Heliport,nan,0.0
13644,Toshima,nan,0.0
13645,Gemlik Seaport,GEM,0.0
13646,Sossusvlei Lodge,nan,0.0
13649,Rangiora Airfield,nan,0.0
13650,Basel-Mulhouse,MLH,0.0
13651,Halic Seaport,nan,0.0
13653,Cochrane Station,nan,0.0
13659,Otter Rapids Station,nan,0.0
1366,Avord (BA 702) Air Base,nan,0.0
13663,Moose River Station,nan,0.0
13664,Moosonee Station,nan,0.0
13666,Renison Station,nan,0.0
13668,Fazenda Jatobasso Airport,nan,0.0
13669,FIC Heliport,nan,0.0
13670,Monguno,nan,0.0
13671,Noonkanbah Airport,NKB,0.0
13673,Major Gilbert Field Airport,4R5,0.0
13674,Hocking Hills,22I,0.0
13675,Wellington Ferry Terminal,nan,0.0
1368,Châteaudun (BA 279) Air Base,nan,0.0
13680,Bila Tserkva Airport,nan,0.0
13682,Rzhevka,RVH,0.0
13684,Kisoro Airport,nan,0.0
13685,Savannah Airstrip,KHX,0.0
13686,Brooks Aerodrome,nan,0.0
13688,Schwerin Bahnhof Sud,nan,0.0
1369,Saumur-Saint-Florent Airport,nan,0.0
13691,Dikwa,nan,0.0
13692,Roissy Junction North,nan,0.0
13694,Stennis International Airport,nan,0.0
13695,Sunchales Aeroclub Airport,NCJ,0.0
13696,Istanbul Airport,IST,0.0
11650,Osaka Port International Ferry Terminal,nan,0.0
11651,Hakata Port International Terminal,nan,0.0
11653,Vlissingen Station,nan,0.0
11654,Amboin,AMG,0.0
11655,Karanambo,KRM,0.0
11656,Wittenom,WIT,0.0
11657,Rottnest Island,nan,0.0
11659,Etadunna,ETD,0.0
1166,Kamembe Airport,KME,0.0
11660,Mungeranie,MNE,0.0
11661,Cowarie,CWR,0.0
11662,Clifton Hills,CFH,0.0
11665,Durham Downs,DHD,0.0
11669,Wilpena Pound,HWK,0.0
11671,Franz Josef Aerodrome,WHO,0.0
11674,12APO,nan,0.0
11676,ANTFR,nan,0.0
11677,ROCKI,nan,0.0
11678,LOYAL,nan,0.0
11679,CRADL,nan,0.0
1168,Damazin Airport,RSS,0.0
11680,FURYG,nan,0.0
11683,CRAWF,nan,0.0
11685,Rumbula Air Base,nan,0.0
11686,FONIM,nan,0.0
11688,FRANZ,nan,0.0
1169,El Fasher Airport,ELF,0.0
11693,MASAI,nan,0.0
11699,Martorell Central Station,nan,0.0
1170,Kassala Airport,KSL,0.0
11702,Opapimiskan Lake Airport,YBS,0.0
11704,Santa Coloma de Cervell Railway Station,nan,0.0
11705,Rockville Amtrak Station,nan,0.0
11706,Aeri de Montserrat,nan,0.0
11707,Placa d Espanya Station,nan,0.0
11710,Thalwil Railway Station,nan,0.0
11712,Baar Railway Station,nan,0.0
11715,Bruchsal Station,nan,0.0
11716,Izuhara International Passenger Terminal,nan,0.0
11719,Ærø Airport,nan,0.0
11720,Lauterbach Airport,nan,0.0
11721,Aschaffenburg Airport,nan,0.0
11723,Hillsdale Station,nan,0.0
11724,Wuxi East Railway Station,nan,0.0
11727,Jinan Railway Station,nan,0.0
11729,Shijiazhuang Railway Station,nan,0.0
11731,Plovdiv South Bus Station,nan,0.0
11732,Langfang Railway Station,nan,0.0
11736,Dolmar,nan,0.0
11739,Hüttenbusch Airport,nan,0.0
1174,Malakal Airport,MAK,0.0
11742,Union County Airport,nan,0.0
11744,Alert Bay Airport,YAL,0.0
11747,Nipawin Airport,nan,0.0
11748,Centralia / James T. Field Memorial Aerodrome,YCE,0.0
11750,Chetwynd Airport,YCQ,0.0
11751,Ross River Airport,XRR,0.0
11752,Dolbeau St Felicien Airport,YDO,0.0
11753,Amos/Magny Airport,YEY,0.0
11755,Hope Airport,YHE,0.0
11758,Fort Liard Airport,YJF,0.0
1176,Arusha Airport,ARK,0.0
11762,Charlevoix Airport,YML,0.0
11763,Nejanilini Lake Airport,nan,0.0
11764,Owen Sound / Billy Bishop Regional Airport,YOS,0.0
11765,Port Hawkesbury Airport,YPS,0.0
11766,St Thomas Municipal Airport,YQS,0.0
11767,Ottawa / Rockcliffe Airport,YRO,0.0
11768,Ottawa / Carp Airport,nan,0.0
11770,St Leonard Airport,YSL,0.0
11772,Vernon Airport,YVE,0.0
11773,Beaver Creek Airport,YXQ,0.0
11775,Kelsey Airport,KES,0.0
11777,Grand Forks Airport,ZGF,0.0
1178,Dodoma Airport,DOD,0.0
11781,Poplar River Airport,XPP,0.0
11782,Pincher Creek Airport,WPC,0.0
11783,Stewart Airport,ZST,0.0
11785,Neubrandenburg Airport,FNB,0.0
11786,Airport Bamberg-Breitenau,nan,0.0
11788,RAF Spadeadam,nan,0.0
1179,Iringa Airport,IRI,0.0
11790,Biała Podlaska Airfield,BXP,0.0
11791,Cewice Air Base,nan,0.0
11793,Leczyca Military Air Base,nan,0.0
11797,Björkvik Air Base,nan,0.0
11799,Daugavpils Intrenational Airport,DGP,0.0
11800,Jēkabpils Air Base,nan,0.0
11801,Jūrmala Airport,nan,0.0
11803,Lime Acres Finsch Mine Airport,LMR,0.0
11804,Sua Pan Airport,SXN,0.0
11806,Sumbe Airport,NDD,0.0
11807,Mangochi Airport,MAI,0.0
11808,Arandis Airport,ADI,0.0
1181,Lake Manyara Airport,LKY,0.0
11811,Beni Suef Air Base,nan,0.0
11814,St Louis Regional Airport,ALN,0.0
11815,Chandler Field,AXN,0.0
11816,Columbus Municipal Airport,CLU,0.0
11817,Curtis Field,BBD,0.0
11821,Ozark Regional Airport,WMH,0.0
11823,Burley Municipal Airport,BYI,0.0
11825,Chanute Martin Johnson Airport,CNU,0.0
11829,Barstow Daggett Airport,DAG,0.0
11831,Desert Rock Airport,DRA,0.0
11832,Needles Airport,EED,0.0
11838,Monticello Municipal Ellis Field,nan,0.0
11840,Mobridge Municipal Airport,MBG,0.0
11841,Mc Comb/Pike County Airport/John E Lewis Field,MCB,0.0
11842,Southern Illinois Airport,MDH,0.0
11844,Brunswick Executive Airport,NHZ,0.0
11848,Ottumwa Regional Airport,OTM,0.0
11849,Cairns AAF (Fort Rucker) Air Field,OZR,0.0
11851,Dutchess County Airport,POU,0.0
11852,New Richmond Regional Airport,nan,0.0
11853,Russell Municipal Airport,RSL,0.0
11854,Redwood Falls Municipal Airport,RWF,0.0
11855,Salinas Municipal Airport,SNS,0.0
11856,Sonora Municipal Airport,nan,0.0
11857,Saline County Regional Airport,nan,0.0
11859,Aurora State Airport,nan,0.0
11868,Zanesville Municipal Airport,ZZV,0.0
12091,Port Washington Water Aerodrome,nan,0.0
12093,Den Haag Centraal,ZYH,0.0
12094,Duisburg Hauptbahnhof,nan,0.0
12095,Dicka,DIC,0.0
12096,Bressaucourt Airport,nan,0.0
12098,Tsavo East Crocodile Camp,nan,0.0
12099,Massai Mara Mara Buffalo Camp,nan,0.0
12100,Bamburi Airport,nan,0.0
12101,Pioltello-Limito Railway Station,nan,0.0
12102,Verdello-Dalmine Railway Station,nan,0.0
12103,Treviglio-Ovest Railway Station,nan,0.0
12105,Aerodrom Arseniev,XBA,0.0
12106,Kandi Airport,KDC,0.0
12108,Tasman Glacier,nan,0.0
12109,Sokodé Airport,nan,0.0
1211,Albacete-Los Llanos Airport,ABC,0.0
12114,Lecce,nan,0.0
12116,Namba Station,nan,0.0
12117,Lindau Hbf,QII,0.0
12119,Sakai Station,nan,0.0
12121,Izumisano Station,nan,0.0
12124,Gare de Maintenon,nan,0.0
12126,Gare de la Loupe,nan,0.0
12127,Gare de Courville sur Eure,nan,0.0
12132,Sundance Helicopters,nan,0.0
12133,Arnbruck Airport,nan,0.0
12143,Castejon de Ebro Railway Station,nan,0.0
12145,Alfaro Railway Station,nan,0.0
12146,Calahorra Railway Station,nan,0.0
12147,Haro Railway Station,nan,0.0
12148,Carl St. and Cole St. Station,nan,0.0
12150,2nd and King Station,nan,0.0
12151,Brannan and The Embarcadero Station,nan,0.0
12152,Folsom and The Embarcadero Station,nan,0.0
12153,Montgomery Street Station,nan,0.0
12156,Duboce and Church Station,nan,0.0
12157,Duboce and Noe Street Station,nan,0.0
12161,7th St and Bryant St,nan,0.0
12162,Cherry and Grundy,nan,0.0
12165,Hacaritama Airport,nan,0.0
12166,Castro Street Station,nan,0.0
12169,West Portal Ave and Sloat Blvd,nan,0.0
12172,Hermannsburg Airport,HMG,0.0
12173,West Oakland BART Station,nan,0.0
12175,Fruitvale BART Station,nan,0.0
12177,Oakland International Airport BART Station,nan,0.0
12178,Saratoga and Moorpark,nan,0.0
12179,Homestead and Mary,nan,0.0
12180,San Antonio and Bayshore,nan,0.0
12181,Busan Port International Passenger Terminal,nan,0.0
12182,Mount Davies Airport,nan,0.0
12185,Tracy Municipal Airport,nan,0.0
12186,Embarcadero and Stockton St,nan,0.0
12187,Embarcadero and Ferry Building,nan,0.0
12189,Osaka Airport Station,nan,0.0
1219,Badajoz Airport,BJZ,0.0
12197,Juso Osaka Station,nan,0.0
12198,Nakatsu Osaka Hankyu Station,nan,0.0
122,Grande Prairie Airport,YQU,0.0
12201,Oi Keibajo-mae Station,nan,0.0
12202,Ryutsu Center Station,nan,0.0
12203,Showajima Station,nan,0.0
12205,Tenkubashi Station,nan,0.0
1221,Armilla Air Base,nan,0.0
12210,Blankenburg Station,nan,0.0
12212,Gehrenseestrasse Station,nan,0.0
12213,Springpfuhl Station,nan,0.0
12214,Springpfuhl Station,nan,0.0
12218,Everard Park Airport,nan,0.0
12220,Dortmund Hauptbahnhof,nan,0.0
12226,Gare de Busigny,nan,0.0
12229,Gare de Soignies,nan,0.0
12230,Halle Railway Station,nan,0.0
12231,Gare de Meaux,nan,0.0
12232,Gare de Chateau-Thierry,nan,0.0
12233,Gare d Epernay,nan,0.0
12234,Gare de Chalons-en-Champagne,nan,0.0
12235,Gare de Vitry-le-Francois,nan,0.0
12236,Gare de Nancy-Ville,nan,0.0
12237,Gare de Remilly,nan,0.0
12238,Gare de Forbach,nan,0.0
12239,Saarbrucken Hauptbahnhof,nan,0.0
1224,Getafe Air Base,nan,0.0
12241,Rohrbach Saar Station,nan,0.0
12243,Kaiserslautern Hauptbahnhof,nan,0.0
12247,Riedstadt-Goddelau Bahnhof,nan,0.0
12248,Zeppelinheim Bahnhof,nan,0.0
12249,Kelsterbach Bahnhof,nan,0.0
12250,Russelsheim Bahnhof,nan,0.0
12251,Mainz Romisches Theater Bahnhof,nan,0.0
12252,Mainz-Mombach Bahnhof,nan,0.0
12253,Bingen Rhein Stadt Bahnhof,nan,0.0
12254,Bingen Rhein Hauptbahnhof,nan,0.0
12256,Boppard Hauptbahnhof,nan,0.0
12260,Bonn-Mehlem Bahnhof,nan,0.0
12261,Bonn-Bad Godesberg Bahnhof,nan,0.0
12264,Bruhl Bahnhof,nan,0.0
12268,Cologne-Mulheim Bahnhof,nan,0.0
12269,Leverkusen Mitte Railway Station,nan,0.0
12270,Duisburg-Grossenbaum Railway Station,nan,0.0
12271,Munster Hauptbahnhof,nan,0.0
12273,Diepholz Railway Station,nan,0.0
12275,Rotenburg Railway Station,nan,0.0
12277,Tostedt Railway Station,nan,0.0
12279,Hamburg-Harburg Railway Station,nan,0.0
12280,Ibbenburen Railway Station,nan,0.0
12284,Borne Railway Station,nan,0.0
12286,Nijverdal Railway Station,nan,0.0
12287,Raalte Railway Station,nan,0.0
12288,Heino Railway Station,nan,0.0
12290,Holten Railway Station,nan,0.0
12291,Twello Railway Station,nan,0.0
12294,Weesp Railway Station,nan,0.0
12295,Diemen Railway Station,nan,0.0
12298,Nieuw-Vennep Railway Station,nan,0.0
12299,Sassenheim Railway Station,nan,0.0
123,Yorkton Municipal Airport,YQV,0.0
9338,Joliet Union Station,nan,0.0
934,Vohimarina Airport,VOH,0.0
9340,Lasalle Station,nan,0.0
9342,Norfolk Station,nan,0.0
9343,London Railway Station,nan,0.0
9345,Kitchener Bus Terminal,nan,0.0
9346,Gare du Palais,nan,0.0
9348,Enumclaw Airport,nan,0.0
9349,Rock Airport,9G1,0.0
9352,Plum Island Airport,2B2,0.0
9353,Brooks Camp,nan,0.0
9355,Central Station,ZGG,0.0
9360,Railway Station,nan,0.0
9362,Railway Station,nan,0.0
9363,Guangzhoudong Railway Station,nan,0.0
9365,Levashovo,nan,0.0
9366,Kettle Falls Lodge,nan,0.0
937,Tôlanaro Airport,FTU,0.0
9370,Nogliki,nan,0.0
9372,Seymchan Airport,nan,0.0
9373,Zyryanka Airport,ZKP,0.0
9374,Susuman Airport,nan,0.0
9375,OYMYAKON,nan,0.0
9376,Ust-Maya Airport,UMS,0.0
9377,Aldan Airport,ADH,0.0
9379,Vitim Airport,nan,0.0
9382,Tommot,nan,0.0
9383,Etretat,nan,0.0
9384,Le Havre,nan,0.0
9386,Xinyuan Nalati Airport,NLT,0.0
9387,Port Alsworth Airport,PTA,0.0
9389,Pampulha,BHZ,0.0
939,Farafangana Airport,RVA,0.0
9392,Tadjoura Airport,TDJ,0.0
9393,Santa Cruz del Quiche Airport,AQB,0.0
9394,Norðfjörður Airport,NOR,0.0
9395,Bursa Airport,BTZ,0.0
9396,Skyhaven Airport,nan,0.0
9399,Newton City-County Airport,EWK,0.0
9400,La Ferté Alais Airfield,nan,0.0
9401,Angguruk airstrip,nan,0.0
9404,Ocean Shores Municipal,W04,0.0
9405,Packwood,55S,0.0
9409,Desert Aire Regional Airport,nan,0.0
941,Mananjary Airport,MNJ,0.0
9411,Evanston-Uinta County Airport-Burns Field,EVW,0.0
9412,Sabetha Municipal Airport,nan,0.0
9414,Jimmy Carter Regional Airport,nan,0.0
9416,Saluda County Airport,nan,0.0
9418,Auburn University Regional Airport,AUO,0.0
9419,Tri Cities Airport,nan,0.0
942,Morombe Airport,MXM,0.0
9423,Zabrat,nan,0.0
9424,Chirag,nan,0.0
9426,Lipa Noi Pier,nan,0.0
9427,Don Sak Pier,nan,0.0
9429,Colorado Springs East Airport,nan,0.0
9431,Sundre Airport,nan,0.0
9432,Buffalo-Depew Station,nan,0.0
9433,South Bend Station,nan,0.0
9435,Chicago Millennium Station,nan,0.0
9436,St. Louis Gateway Transportation Center,nan,0.0
9437,Kansas City Union Station,nan,0.0
9438,Alvarado Transportation Center,nan,0.0
9442,San Mateo Station,nan,0.0
9445,Cleveland Greyhound Station,nan,0.0
9449,Ellaidhoo,nan,0.0
945,Benguela Airport,BUG,0.0
9450,W H 'Bud' Barron Airport,DBN,0.0
9452,Bus Terminal,nan,0.0
9453,Binghamton Bus Terminal,nan,0.0
9454,William F. Walsh Regional Transportation Center,nan,0.0
9457,Heuston Station,nan,0.0
9458,Killarney Station,nan,0.0
946,Cabinda Airport,CAB,0.0
9460,Martz Trailways Bus Terminal,nan,0.0
9461,Hazelton Bus Station,nan,0.0
9462,Lewisburg Bus Stop,nan,0.0
9463,Madison NJT Station,nan,0.0
9464,Maplewood NJT Station,nan,0.0
9465,Harrisburg Transportation Center,nan,0.0
9467,Port Everglades,nan,0.0
9468,Crown Bay,nan,0.0
9471,Martinique Cruise Terminal,nan,0.0
9473,Half Moon Cay,nan,0.0
9476,Cruz Bay Ferry Dock,nan,0.0
9479,Saint Pierre,nan,0.0
9481,Guatuso Airport,nan,0.0
9482,Summit NJT Station,nan,0.0
9485,Cordoba Station,nan,0.0
9487,Atocha,nan,0.0
9488,Corvallis Municipal Airport,CVO,0.0
949,Kuito Airport,SVP,0.0
9491,Phantom Lake,nan,0.0
9492,Tuzla Romania Airport,nan,0.0
9494,Chamartin Station,nan,0.0
9498,Sants,nan,0.0
950,Lobito Airport,nan,0.0
9501,New Brunswick Station,nan,0.0
9502,Trenton Transit Center,nan,0.0
9503,Holmesburg Jct Station,nan,0.0
9505,Southeast,nan,0.0
9506,B Street Cruise Terminal,nan,0.0
9507,Terminal Maritima,nan,0.0
9510,Ferry Dock,nan,0.0
9512,Port of Seattle,nan,0.0
9513,Ferry Terminal,nan,0.0
9514,Ferry Terminal,nan,0.0
9515,Gare Routiere,nan,0.0
9516,Bus Stop,nan,0.0