airport_id,airport_name,iata,pagerank
3682,Hartsfield Jackson Atlanta International Airport,ATL,29.551140611031197
3830,Chicago O'Hare International Airport,ORD,18.61601544546497
3484,Los Angeles International Airport,LAX,17.947551856551737
3670,Dallas Fort Worth International Airport,DFW,17.184023889978732
1382,Charles de Gaulle International Airport,CDG,15.622570571425888
507,London Heathrow Airport,LHR,15.509652501404494
3316,Singapore Changi Airport,SIN,15.407530961799013
3751,Denver International Airport,DEN,15.259066086142212
3364,Beijing Capital International Airport,PEK,15.199016961295813
340,Frankfurt am Main Airport,FRA,14.252878301739152
3797,John F Kennedy International Airport,JFK,14.060828594952046
4029,Domodedovo International Airport,DME,13.861490474763137
580,Amsterdam Airport Schiphol,AMS,13.123477691353507
3576,Miami International Airport,MIA,13.11324045140365
3361,Sydney Kingsford Smith International Airport,SYD,13.047288383597255
1701,Atatürk International Airport,ISL,12.880009572702535
2188,Dubai International Airport,DXB,12.423557408758496
3406,Shanghai Pudong International Airport,PVG,11.833202573163815
3930,Incheon International Airport,ICN,11.701449534952038
3885,Suvarnabhumi Airport,BKK,11.666073505941505
3077,Hong Kong International Airport,HKG,11.115775742997238
193,Lester B. Pearson International Airport,YYZ,11.059612068898776
1218,Barcelona International Airport,BCN,10.951935425007804
2709,El Dorado International Airport,BOG,10.890303452004321
1824,Licenciado Benito Juarez International Airport,MEX,10.356104251686796
3093,Indira Gandhi International Airport,DEL,10.34561741046343
3320,Brisbane International Airport,BNE,10.179708324631086
1229,Adolfo Suárez Madrid–Barajas Airport,MAD,10.033988066235535
3876,Charlotte Douglas International Airport,CLT,9.903321533259327
346,Munich Airport,MUC,9.819316962941194
2397,Ninoy Aquino International Airport,MNL,9.707097126697036
2564,Guarulhos - Governador André Franco Montoro International Airport,GRU,9.704477530244597
3304,Kuala Lumpur International Airport,KUL,9.634018317798368
813,OR Tambo International Airport,JNB,9.601145737897191
502,London Gatwick Airport,LGW,9.474905122984152
2279,Narita International Airport,NRT,9.450269692458592
3370,Guangzhou Baiyun International Airport,CAN,9.231271641854168
1555,Leonardo da Vinci–Fiumicino Airport,FCO,9.216371632987741
302,Brussels Airport,BRU,9.177409141351784
3752,Philadelphia International Airport,PHL,9.141797407137782
2997,Chhatrapati Shivaji International Airport,BOM,8.79238168334968
3462,Phoenix Sky Harbor International Airport,PHX,8.682583726231186
3877,McCarran International Airport,LAS,8.593331529136945
3550,George Bush Intercontinental Houston Airport,IAH,8.586007625683068
3774,Ted Stevens Anchorage International Airport,ANC,8.551755962433065
3395,Chengdu Shuangliu International Airport,CTU,8.429945203278066
1613,Vienna International Airport,VIE,8.4021282834443
2006,Auckland International Airport,AKL,8.340449442327037
737,Stockholm-Arlanda Airport,ARN,8.339991107094987
3469,San Francisco International Airport,SFO,8.316544333048101
3275,Soekarno-Hatta International Airport,CGK,8.296828179286523
478,Manchester Airport,MAN,8.269217662744184
2442,Jorge Newbery Airpark,AEP,8.214394589902593
3858,Minneapolis-St Paul International/Wold-Chamberlain Airport,MSP,8.057601845996436
2359,Tokyo Haneda International Airport,HND,7.939854538294162
3577,Seattle Tacoma International Airport,SEA,7.928490910920665
2179,Abu Dhabi International Airport,AUH,7.679138128009801
345,Düsseldorf Airport,DUS,7.641652782603324
3494,Newark Liberty International Airport,EWR,7.580760272505662
2276,Taiwan Taoyuan International Airport,TPE,7.566004323560242
3339,Melbourne International Airport,MEL,7.504417662841375
3382,Kunming Changshui International Airport,KMG,7.484297500640787
3448,General Edward Lawrence Logan International Airport,BOS,7.483642947919958
1386,Paris-Orly Airport,ORY,7.479078449875863
3878,Orlando International Airport,MCO,7.478258962466766
3998,Palma De Mallorca Airport,PMI,7.471923942813104
3599,Bethel Airport,BET,7.456601449174215
3941,Eleftherios Venizelos International Airport,ATH,7.334085128836188
3645,Detroit Metropolitan Wayne County Airport,DTW,7.252693512680311
156,Vancouver International Airport,YVR,7.198677549558184
2072,King Abdulaziz International Airport,JED,7.004345474728367
2948,Pulkovo Airport,LED,6.970011638187939
2789,Jorge Chávez International Airport,LIM,6.9126254349632985
3379,Xi'an Xianyang International Airport,XIY,6.911946422896792
1638,Humberto Delgado Airport (Lisbon Portela Airport),LIS,6.849385682977072
609,Copenhagen Kastrup Airport,CPH,6.786451545513268
1678,Zürich Airport,ZRH,6.783809066163496
2985,Sheremetyevo International Airport,SVO,6.7623969159737
644,Oslo Lufthavn,OSL,6.7240281490523275
3533,Fort Lauderdale Hollywood International Airport,FLL,6.651275111416056
3393,Chongqing Jiangbei International Airport,CKG,6.641717193636514
146,Montreal / Pierre Elliott Trudeau International Airport,YUL,6.551358817220823
3714,Washington Dulles International Airport,IAD,6.551104851904785
4059,Jomo Kenyatta International Airport,NBO,6.448108542197491
421,Helsinki Vantaa Airport,HEL,6.32211874578253
2531,Presidente Juscelino Kubistschek International Airport,BSB,6.105009807228424
11051,Hamad International Airport,DOH,6.058125719907959
3386,Hangzhou Xiaoshan International Airport,HGH,5.965853644046105
3520,Ronald Reagan Washington National Airport,DCA,5.905876393325209
3536,Salt Lake City International Airport,SLC,5.855904228323669
1107,Addis Ababa Bole International Airport,ADD,5.77780343872904
3374,Shenzhen Bao'an International Airport,SZX,5.753800435500612
3383,Xiamen Gaoqi International Airport,XMN,5.698300667392817
3351,Perth International Airport,PER,5.671139695202314
2851,Simón Bolívar International Airport,CCS,5.666655476328793
351,Berlin-Tegel Airport,TXL,5.6589624698809855
599,Dublin Airport,DUB,5.646606961301469
2082,King Khaled International Airport,RUH,5.4537956070396705
1230,Málaga Airport,AGP,5.43096655554458
548,London Stansted Airport,STN,5.3932570391588985
1128,Cairo International Airport,CAI,5.335224125130225
1524,Malpensa International Airport,MXP,5.299320682864041
4317,Sabiha Gökçen International Airport,SAW,5.295880878631428
5,Port Moresby Jacksons International Airport,POM,5.249230798869333
3391,Shanghai Hongqiao International Airport,SHA,5.2404383550145885
4075,Faa'a International Airport,PPT,5.180986630488852
2131,Mehrabad International Airport,THR,5.098165989404521
3399,Ürümqi Diwopu International Airport,URC,5.024998176513757
1852,Cancún International Airport,CUN,4.996351992415591
2650,Comodoro Arturo Merino Benítez International Airport,SCL,4.952072426940424
1587,Václav Havel Airport Prague,PRG,4.931916207501705
3940,Ngurah Rai (Bali) International Airport,DPS,4.860770412456011
178,Calgary International Airport,YYC,4.848859127784002
3205,Tan Son Nhat International Airport,SGN,4.835998201196434
3728,Daniel K Inouye International Airport,HNL,4.805546810979038
3992,Kansai International Airport,KIX,4.759225879505655
3697,La Guardia Airport,LGA,4.747334863276927
2560,Rio Galeão – Tom Jobim International Airport,GIG,4.620616235689443
3390,Liuting Airport,TAO,4.618005528915367
1074,Mohammed V International Airport,CMN,4.572464288577283
3157,Don Mueang International Airport,DMK,4.566899539038075
1885,Juan Santamaria International Airport,SJO,4.5629374353078465
1212,Alicante International Airport,ALC,4.559408130640823
3371,Changsha Huanghua International Airport,CSX,4.548810782846349
3376,Wuhan Tianhe International Airport,WUH,4.510019518416332
3849,Baltimore/Washington International Thurgood Marshall Airport,BWI,4.474921999800067
2578,Viracopos International Airport,VCP,4.407046557079383
1665,Geneva Cointrin International Airport,GVA,4.403515678649057
1871,Tocumen International Airport,PTY,4.3851721298868735
3240,Hasanuddin International Airport,UPG,4.338652808360767
1054,Gran Canaria Airport,LPA,4.294533675995599
1335,Lyon Saint-Exupéry Airport,LYS,4.277161279885573
3720,Portland International Airport,PDX,4.226792694838932
4074,Honiara International Airport,HIR,4.19163573269426
3322,Cairns International Airport,CNS,4.160428442516012
342,Hamburg Airport,HAM,4.120118592226722
1997,Bauerfield International Airport,VLI,4.11279390406039
2975,Koltsovo Airport,SVX,4.095469907053811
3678,St Louis Lambert International Airport,STL,4.093665268255842
3043,Netaji Subhash Chandra Bose International Airport,CCU,4.091447132830105
1353,Marseille Provence Airport,MRS,4.0789530117501975
3646,Tampa International Airport,TPA,4.0713895611811095
3375,Zhengzhou Xinzheng International Airport,CGO,4.061648267033124
1056,Tenerife South Airport,TFS,4.037421192581731
2176,Kuwait International Airport,KWI,4.029570340993962
1590,Ben Gurion International Airport,TLV,4.0197608687966015
3693,Ralph Wien Memorial Airport,OTZ,4.001653062290457
3747,Chicago Midway International Airport,MDW,3.971350941933785
210,Houari Boumediene Airport,ALG,3.922464214278468
3024,Bandaranaike International Colombo Airport,CMB,3.896170792620943
1354,Nice-Côte d'Azur Airport,NCE,3.884276531856645
4331,Mashhad International Airport,MHD,3.876184147296707
3388,Nanjing Lukou Airport,NKG,3.8710047346458354
2890,Luis Munoz Marin International Airport,SJU,3.8601634701954626
3341,Adelaide International Airport,ADL,3.7441611487690003
3731,San Diego International Airport,SAN,3.7415070076217627
3615,Nome Airport,OME,3.724122657432196
3861,Louis Armstrong New Orleans International Airport,MSY,3.693484091833297
3988,Ministro Pistarini International Airport,EZE,3.6870419725504746
3400,Taiping Airport,HRB,3.669210805671345
2191,Sharjah International Airport,SHJ,3.649486166905138
2194,Muscat International Airport,MCT,3.6392567577030666
3404,Zhoushuizi Airport,DLC,3.636713460796887
3131,Kempegowda International Airport,BLR,3.624668497639579
3144,Chennai International Airport,MAA,3.6139925033623093
196,Yellowknife Airport,YZF,3.5905604246038454
2621,Deputado Luiz Eduardo Magalhães International Airport,SSA,3.583183252318471
2988,Vnukovo International Airport,VKO,3.541868248468228
469,Birmingham International Airport,BHX,3.5403810857677285
2170,Queen Alia International Airport,AMM,3.540256260245979
350,Stuttgart Airport,STR,3.533807049963766
3368,Tianjin Binhai International Airport,TSN,3.53283556006207
344,Cologne Bonn Airport,CGN,3.5319556111161416
3199,Noi Bai International Airport,HAN,3.5091099812235402
3492,Juneau International Airport,JNU,3.5056295774569874
1657,Henri Coandă International Airport,OTP,3.4892466237282
3832,Fairbanks International Airport,FAI,3.488101241264447
1688,Antalya International Airport,AYT,3.4880512988254284
2001,Nouméa Magenta Airport,GEA,3.445819535124776
4144,Taoxian Airport,SHE,3.400299690661355
951,Quatro de Fevereiro Airport,LAD,3.397908873095929
1960,Nadi International Airport,NAN,3.3878386603435966
3076,Hazrat Shahjalal International Airport,DAC,3.377940006654254
535,Edinburgh Airport,EDI,3.350841465412415
1953,Lynden Pindling International Airport,NAS,3.3469956879553964
4078,Tolmachevo Airport,OVB,3.330300958123009
2537,Tancredo Neves International Airport,CNF,3.3222132457362283
1551,Venice Marco Polo Airport,VCE,3.313133277233052
534,Glasgow International Airport,GLA,3.3011027207852646
679,Warsaw Chopin Airport,WAW,3.2777922213764112
49,Edmonton International Airport,YEG,3.27523197497796
3394,Longdongbao Airport,KWE,3.2747914507241984
1804,Don Miguel Hidalgo Y Costilla International Airport,GDL,3.238439404256487
3928,Juanda International Airport,SUB,3.2145773242976126
2287,New Chitose Airport,CTS,3.1971114479751432
4108,Yaoqiang Airport,TNA,3.181052954308102
287,Tunis Carthage International Airport,TUN,3.1728078425647546
3385,Fuzhou Changle International Airport,FOC,3.172528085221434
3808,Ketchikan International Airport,KTN,3.172383663309592
2939,Boryspil International Airport,KBP,3.1541149362685874
1636,Francisco de Sá Carneiro Airport,OPO,3.1412013671393413
3999,Darwin International Airport,DRW,3.1136608136332162
2618,Congonhas Airport,CGH,3.0611824832142784
1606,Malta International Airport,MLA,3.037704983389753
492,London Luton Airport,LTN,3.028498763774671
2009,Christchurch International Airport,CHC,3.0222377036584045
273,Murtala Muhammed International Airport,LOS,3.012057461853868
2064,King Fahd International Airport,DMM,3.0082284777773154
2206,Jinnah International Airport,KHI,3.0069527099198194
2599,Salgado Filho Airport,POA,3.0064383100539502
2042,Wellington International Airport,WLG,3.00565003052117
2305,Fukuoka Airport,FUK,2.98387226668011
3486,Cleveland Hopkins International Airport,CLE,2.9673313497300557
1509,Catania-Fontanarossa Airport,CTA,2.952522049402928
1869,Marcos A. Gelabert International Airport,PAC,2.940088114001472
1055,Lanzarote Airport,ACE,2.93301941024465
2983,Tashkent International Airport,TAS,2.8895607972725825
3953,Riga International Airport,RIX,2.879644963099269
2688,Mariscal Sucre International Airport,UIO,2.8788706433797446
2057,Bahrain International Airport,BAH,2.861736252091883
3942,Chubu Centrair International Airport,NGO,2.8597123120910677
1452,Heraklion International Nikos Kazantzakis Airport,HER,2.8521613928061633
2551,Eduardo Gomes International Airport,MAO,2.8448079274991724
2908,Almaty Airport,ALA,2.8015452877094966
1626,Faro Airport,FAO,2.7906069911251823
2545,Afonso Pena Airport,CWB,2.7732496389414636
2548,Marechal Rondon Airport,CGB,2.7658753511358998
3373,Nanning Wuxu Airport,NNG,2.7610473838023
160,Winnipeg / James Armstrong Richardson International Airport,YWG,2.7341889255228815
3239,Yangon International Airport,RGN,2.7299687111520288
6341,Beijing Nanyuan Airport,NAY,2.7092125830709723
1147,Nairobi Wilson Airport,WIL,2.695010201622959
1084,Léopold Sédar Senghor International Airport,DKR,2.687005245587211
490,Bristol Airport,BRS,2.685784829762611
3125,Tribhuvan International Airport,KTM,2.6837387090377764
1825,General Mariano Escobedo International Airport,MTY,2.660970843439022
1225,Ibiza Airport,IBZ,2.6507133423124585
3690,Nashville International Airport,BNA,2.6494399133664728
4206,Mactan Cebu International Airport,CEB,2.637114331630767
1273,Toulouse-Blagnac Airport,TLS,2.6346077036925863
1682,Esenboğa International Airport,ESB,2.6327543988032565
1197,Larnaca International Airport,LCA,2.6316797485990935
1525,Il Caravaggio International Airport,BGY,2.62410203378079
3369,Taiyuan Wusu Airport,TYN,2.6207456743841337
1489,Budapest Liszt Ferenc International Airport,BUD,2.619236909924297
797,Cape Town International Airport,CPT,2.6150042468376578
132,Rankin Inlet Airport,YRT,2.599055072368755
55,Iqaluit Airport,YFB,2.5778746416968557
1472,Diagoras Airport,RHO,2.572386462372313
523,East Midlands Airport,EMA,2.565004588106924
3673,Austin Bergstrom International Airport,AUS,2.55158073186404
5967,Aniak Airport,ANI,2.5464543324195654
636,Bergen Airport Flesland,BGO,2.529752539936735
4120,Haikou Meilan International Airport,HAK,2.517472545681049
3458,Kansas City International Airport,MCI,2.5174698891531846
304,Brussels South Charleroi Airport,CRL,2.5111392640431887
4030,Sanya Phoenix International Airport,SYX,2.5055177017959376
1486,Thessaloniki Macedonia International Airport,SKG,2.4976140974259216
1418,Nantes Atlantique Airport,NTE,2.4945845702847436
4167,Orlando Sanford International Airport,SFB,2.4936747343859063
3372,Guilin Liangjiang International Airport,KWL,2.4919508183775694
6345,Baita International Airport,HET,2.48601635088907
3269,Kota Kinabalu International Airport,BKI,2.4752739740222918
1020,Ndjili International Airport,FIH,2.4696522868482624
3626,Raleigh Durham International Airport,RDU,2.469106235976569
2372,Gimhae International Airport,PUS,2.4441104275967964
2223,Benazir Bhutto International Airport,nan,2.441207450821028
2074,Prince Mohammad Bin Abdulaziz Airport,MED,2.4310136138200824
1051,Fuerteventura Airport,FUE,2.409586119716088
1423,EuroAirport Basel-Mulhouse-Freiburg Airport,BSL,2.406052325840838
1739,Belgrade Nikola Tesla Airport,BEG,2.40323756041495
248,Kotoka International Airport,ACC,2.3795733064431377
2762,El Alto International Airport,LPB,2.375067201854093
2673,José Joaquín de Olmedo International Airport,GYE,2.3729372881075528
3179,Phuket International Airport,HKT,2.370082063236614
1538,Bologna Guglielmo Marconi Airport,BLQ,2.3664312107526877
2370,Jeju International Airport,CJU,2.3547510627795933
897,Douala International Airport,DLA,2.3524224239821625
2384,Naha Airport,OKA,2.3201077966374415
2526,Val de Cans/Júlio Cezar Ribeiro International Airport,BEL,2.3069825571207483
2899,Princess Juliana International Airport,SXM,2.2944545604285174
2910,Astana International Airport,TSE,2.2692348478771023
3488,Cincinnati Northern Kentucky International Airport,CVG,2.2681383037238394
1760,Punta Cana International Airport,PUJ,2.263226429340673
663,"Tromsø Airport,",TOS,2.2604194215450635
907,Kenneth Kaunda International Airport Lusaka,LUN,2.2596305936781254
918,Ivato Airport,TNR,2.2553960031440634
5908,Santo Pekoa International Airport,SON,2.23749450375925
73,Halifax / Stanfield International Airport,YHZ,2.222755043537861
260,Nnamdi Azikiwe International Airport,ABV,2.2197741905164095
3566,William P Hobby Airport,HOU,2.2154318308976046
337,Berlin-Schönefeld Airport,SXF,2.215045204524933
3378,Lanzhou Zhongchuan Airport,LHW,2.2090359858334545
3570,Pittsburgh International Airport,PIT,2.2010619061355214
3266,Miri Airport,MYY,2.1907384560067658
1246,Valencia Airport,VLC,2.184596499153789
1706,Adnan Menderes International Airport,ADB,2.1791038250632035
3121,Macau International Airport,MFM,2.1596736937169454
503,London City Airport,LCY,2.154869174019803
1157,Tripoli International Airport,TIP,2.1477690781298864
3621,San Antonio International Airport,SAT,2.14574817500428
2922,Heydar Aliyev International Airport,GYD,2.133584170153046
2177,Beirut Rafic Hariri International Airport,BEY,2.1279323024518986
521,Newcastle Airport,NCL,2.1227591115587554
2937,Irkutsk Airport,IKT,2.113658586817776
6347,Shijiazhuang Daguocun International Airport,SJW,2.11322966620334
2157,Shiraz Shahid Dastghaib International Airport,SYZ,2.1127587304259463
3585,Indianapolis International Airport,IND,2.108498845576487
517,Leeds Bradford Airport,LBA,2.101113066026156
3387,Ningbo Lishe International Airport,NGB,2.0845289232069497
3384,Nanchang Changbei International Airport,KHN,2.0834736838735237
253,Port Bouet Airport,ABJ,2.0759740012239276
3794,King Salmon Airport,AKN,2.071368618727997
1562,Pisa International Airport,PSA,2.0701613946719695
3136,Cochin International Airport,COK,2.0630509597044
2612,Santos Dumont Airport,SDU,2.0591446717357753
2207,Alama Iqbal International Airport,LHE,2.0557541421338965
1075,Menara Airport,RAK,2.0491510548306904
100,Ottawa Macdonald-Cartier International Airport,YOW,2.0444425786627143
2334,Osaka International Airport,ITM,2.039701751835721
1561,Naples International Airport,NAP,2.033891701672589
8,Godthaab / Nuuk Airport,GOH,2.026450109867707
3453,Metropolitan Oakland International Airport,OAK,2.0151980015273607
4330,Imam Khomeini International Airport,IKA,2.0058946070861094
3244,Sentani International Airport,DJJ,2.0040386054553703
665,Trondheim Airport Værnes,TRD,2.0026847925035813
1175,Khartoum International Airport,KRT,2.0006921808513765
3931,Chiang Mai International Airport,CNX,1.9993538169936853
2979,Dushanbe Airport,DYU,1.9975434411941388
893,Sir Seewoosagur Ramgoolam International Airport,MRU,1.992963423561446
3748,Norman Y. Mineta San Jose International Airport,SJC,1.9922890562657862
3793,Southwest Florida International Airport,RSW,1.987146656769131
3759,John Glenn Columbus International Airport,CMH,1.9855304148816217
3156,Malé International Airport,MLE,1.9736850836936275
352,Hannover Airport,HAJ,1.9680235060937377
1892,Monseñor Óscar Arnulfo Romero International Airport,SAL,1.965135305789271
1909,José Martí International Airport,HAV,1.9576297651672623
6392,Wenzhou Longwan International Airport,WNZ,1.9574231790398195
1177,Julius Nyerere International Airport,DAR,1.9467096141787745
3919,Sultan Aji Muhamad Sulaiman Airport,BPN,1.9371578934954656
2923,Yakutsk Airport,YKS,1.9347757204259295
2610,Guararapes - Gilberto Freyre International Airport,REC,1.9207053335916495
629,Luxembourg-Findel International Airport,LUX,1.9062640308133718
2895,Queen Beatrix International Airport,AUA,1.9034776216548115
1961,Nausori International Airport,SUV,1.903341188872714
585,Eindhoven Airport,EIN,1.886599736952682
3473,Memphis International Airport,MEM,1.8784150455541129
3980,Sana'a International Airport,SAH,1.8702309694274588
3717,General Mitchell International Airport,MKE,1.866771374045157
6505,Phoenix-Mesa-Gateway Airport,AZA,1.857712754664134
2715,Alfonso Bonilla Aragon International Airport,CLO,1.8532083615993917
1847,General Abelardo L. Rodríguez International Airport,TIJ,1.8526739849522407
4374,Yemelyanovo Airport,KJA,1.8503290686282912
3456,Kahului Airport,OGG,1.8452358307756371
3860,Unalaska Airport,DUT,1.8445425214324187
1264,Bordeaux-Mérignac Airport,BOD,1.8387558316448191
3817,Sacramento International Airport,SMF,1.8357933324067244
1959,Rarotonga International Airport,RAR,1.833786806473492
3389,Hefei Luogang International Airport,HFE,1.8247420342924598
2559,Pinto Martins International Airport,FOR,1.8197641438375862
738,Stockholm-Bromma Airport,BMA,1.8141594938349541
2264,Kaohsiung International Airport,KHH,1.8114974862048026
1194,Sofia Airport,SOF,1.8109109326057549
1762,Las Américas International Airport,SDQ,1.7913361215870054
3308,Penang International Airport,PEN,1.7837046159290175
1005,Robert Gabriel Mugabe International Airport,HRE,1.7815277833760181
1165,Kigali International Airport,KGL,1.7571765214097002
1512,Falcone–Borsellino Airport,PMO,1.7548313678232785
666,Stavanger Airport Sola,SVG,1.7504135235803335
1957,Philip S. W. Goldson International Airport,BZE,1.748829758303991
3959,Vilnius International Airport,VNO,1.733498389846203
1367,Paris Beauvais Tillé Airport,BVA,1.7330853854527979
2624,Tefé Airport,TFF,1.7295413802774253
9,Kangerlussuaq Airport,SFJ,1.7254151237212743
245,Cadjehoun Airport,COO,1.720696510684024
18,Reykjavik Airport,RKV,1.7103733087567166
1253,Sevilla Airport,SVQ,1.7070699482811338
1216,Bilbao Airport,BIO,1.7060731550869137
1187,Entebbe International Airport,EBB,1.7007191146085863
1840,Los Cabos International Airport,SJD,1.6991259370710161
2771,Viru Viru International Airport,VVI,1.696104540051675
2912,Manas International Airport,FRU,1.6941818116135643
491,Liverpool John Lennon Airport,LPL,1.6919850382695045
1529,Milano Linate Airport,LIN,1.6873906899744315
2960,Krasnodar Pashkovsky International Airport,KRR,1.6826100317072388
2954,Minsk National Airport,MSQ,1.6814105117274665
7088,Unalakleet Airport,UNK,1.6787392815070703
1200,Dubrovnik Airport,DBV,1.6769978885097663
635,Bodø Airport,BOO,1.6739503988666504
4085,Yinchuan Airport,nan,1.66939161732573
3321,Gold Coast Airport,OOL,1.6650642792091395
2378,Gimpo International Airport,GMP,1.6643243170179505
3250,Sam Ratulangi Airport,MDC,1.6517209112297226
3380,Chinggis Khaan International Airport,ULN,1.640451723755313
4380,Longjia Airport,CGQ,1.6311669353332527
8076,Al Maktoum International Airport,DWC,1.6105158319993143
3408,Sultan Abdul Aziz Shah International Airport,SZB,1.606142355001868
532,Aberdeen Dyce Airport,ABZ,1.6040525233088316
3825,Bradley International Airport,BDL,1.6013666964443958
4019,Albuquerque International Sunport,ABQ,1.6013653353542783
2927,Khabarovsk-Novy Airport,KHV,1.600330034085159
3263,Kuching International Airport,KCH,1.588908661448368
1836,Licenciado Gustavo Díaz Ordaz International Airport,PVR,1.5865851425304984
4033,Lijiang Airport,LJG,1.5829534641075589
6173,Lokpriya Gopinath Bordoloi International Airport,GAU,1.580524379581618
3964,Zvartnots International Airport,EVN,1.577540116037316
3153,Trivandrum International Airport,TRV,1.5754554771849592
669,Kraków John Paul II International Airport,KRK,1.575060676688006
16,Keflavik International Airport,KEF,1.5671946617634465
1715,Dalaman International Airport,DLM,1.564587871996712
687,Gothenburg-Landvetter Airport,GOT,1.5598662834578592
3903,Hang Nadim International Airport,BTH,1.5464330929640677
1754,Providenciales Airport,PLS,1.5397892833740794
1222,Girona Airport,GRO,1.5325090546354834
668,Gdańsk Lech Wałęsa Airport,GDN,1.5255324532867325
529,Kirkwall Airport,KOI,1.5246700618563127
2246,Antonio B. Won Pat International Airport,GUM,1.523653674197793
3035,Siem Reap International Airport,REP,1.517532915050059
202,Sept-Îles Airport,YZV,1.5145964748272915
415,Lennart Meri Tallinn Airport,TLL,1.5093908189242602
3,Mount Hagen Kagamuga Airport,HGU,1.5053609716819725
2769,Teniente Av. Jorge Henrich Arauz Airport,TDD,1.5049698074913427
4248,Kulusuk,KUS,1.5042113991868589
2528,Pampulha - Carlos Drummond de Andrade Airport,PLU,1.497392074767467
4105,Hosea Kutako International Airport,WDH,1.497039781447409
1767,La Aurora Airport,GUA,1.4940402682415097
6366,Xining Caojiabu Airport,XNN,1.4936199304453694
3867,John Wayne Airport-Orange County Airport,SNA,1.493428897709017
3726,Boeing Field King County International Airport,BFI,1.4857498732483483
2555,Hercílio Luz International Airport,FLN,1.483701436650453
6355,Zhuhai Jinwan Airport,ZUH,1.4815399444540431
7206,Quinhagak Airport,KWN,1.4801326144676352
2729,Enrique Olaya Herrera Airport,EOH,1.4773100828034953
231,Es Senia Airport,ORN,1.4765383509138388
4021,Billings Logan International Airport,BIL,1.4736742058016625
4091,Madeira Airport,FNC,1.473474294926975
5435,Tokua Airport,RAB,1.467878980129355
608,Billund Airport,BLL,1.4640164086229828
2902,Piarco International Airport,POS,1.4634029293837323
355,Frankfurt-Hahn Airport,HHN,1.45867228222314
3531,Kodiak Airport,ADQ,1.4477484018573366
3324,Mount Isa Airport,ISA,1.4468520117032808
3722,Palm Beach International Airport,PBI,1.4405618545840888
3420,Fort Yukon Airport,FYU,1.4385220291846768
1460,Ioannis Kapodistrias International Airport,CFU,1.4362305337765884
2104,Ahwaz Airport,AWZ,1.4345109558636693
3764,Edward G. Pitka Sr Airport,GAL,1.4331327758333074
3617,St Petersburg Clearwater International Airport,PIE,1.4324862859479583
2275,Taipei Songshan Airport,TSA,1.4308721454958606
1563,Peretola Airport,FLR,1.4242132727491368
1553,Ciampino–G. B. Pastine International Airport,CIA,1.419401521667537
3995,Ilulissat Airport,JAV,1.4186434807359152
1324,Ajaccio-Napoléon Bonaparte Airport,AJA,1.4151228155102977
3712,Jacksonville International Airport,JAX,1.4130703795195032
5645,Eros Airport,ERS,1.4088082793020154
3410,Borg El Arab International Airport,HBE,1.4076539495413931
3392,Yantai Laishan Airport,YNT,1.4070741293814444
3120,Wattay International Airport,VTE,1.406354317476894
3330,Townsville Airport,TSV,1.4039608681986697
5412,Nusatupe Airport,GZO,1.4020710851642066
1780,Sangster International Airport,MBJ,1.4018809622804833
3571,Wiley Post Will Rogers Memorial Airport,BRW,1.3968682276067481
353,Bremen Airport,BRE,1.3940870474293916
2562,Santa Genoveva Airport,GYN,1.391442442798575
3502,Dallas Love Field,DAL,1.3847786026300184
916,Roland Garros Airport,RUN,1.3846389118349292
2897,Hato International Airport,CUR,1.3845847051164208
979,Maputo Airport,MPM,1.3812928231721526
1208,Zagreb Airport,ZAG,1.3792692905211457
3256,"Pattimura Airport, Ambon",AMQ,1.3788517193277872
1206,Split Airport,SPU,1.377457364046635
1520,Olbia Costa Smeralda Airport,OLB,1.3696550894363106
3863,Will Rogers World Airport,OKC,1.3649100246070396
3854,Cold Bay Airport,CDB,1.364254029040232
246,Ouagadougou Airport,OUA,1.3563726563707497
2850,Del Caribe Santiago Mariño International Airport,PMV,1.354310562020318
4242,Tanna Airport,TAH,1.351098907848318
3898,Adi Sutjipto International Airport,JOG,1.3489371131281112
1501,Bari Karol Wojtyła Airport,BRI,1.3470852329119036
4,Nadzab Airport,LAE,1.346677623459642
3515,Myrtle Beach International Airport,MYR,1.3402310881751212
1458,Kos Airport,KGS,1.339920398891127
2219,Peshawar International Airport,PEW,1.3361695482061797
4119,Djibouti-Ambouli Airport,JIB,1.3346431270489687
2745,Jose Maria Córdova International Airport,MDE,1.333743098002451
799,King Shaka International Airport,DUR,1.3322483351200913
1474,Chania International Airport,CHQ,1.3312909307896121
4014,Louisville International Standiford Field,SDF,1.3164308021268252
6147,Khudzhand Airport,LBD,1.3122903787850635
883,Maya-Maya Airport,BZV,1.3085292842374512
3620,Deadhorse Airport,SCC,1.3007762075389468
2874,V.C. Bird International Airport,ANU,1.2956787530879486
2816,Carrasco International /General C L Berisso Airport,MVD,1.285425769420289
7,Narsarsuaq Airport,UAK,1.2831282368232635
347,Nuremberg Airport,NUE,1.27672355504576
1519,Cagliari Elmas Airport,CAG,1.2715346119490933
2613,Leite Lopes Airport,RAO,1.2614561061561065
1399,Lille-Lesquin Airport,LIL,1.2573479395954836
1633,João Paulo II Airport,PDL,1.25300372145904
3196,Da Nang International Airport,DAD,1.252923495299415
2121,Esfahan Shahid Beheshti International Airport,IFN,1.2528835224105226
2538,Campo Grande Airport,CGR,1.249800605466401
4161,Yaoundé Nsimalen International Airport,NSI,1.248628168086168
1198,Paphos International Airport,PFO,1.245773060557956
2000,Lifou Airport,LIF,1.2405464940916588
5442,Qaqortoq Heliport,JJU,1.2331064812197483
2443,Ingeniero Ambrosio Taravella Airport,COR,1.2305962332172502
1926,Owen Roberts International Airport,GCM,1.2287626209971143
2452,El Plumerillo Airport,MDZ,1.227713345969091
7447,Enfidha - Hammamet International Airport,NBE,1.225547153174508
1990,Rangiroa Airport,RGI,1.2241996809261986
3608,Richmond International Airport,RIC,1.2187994106257352
7288,Placencia Airport,PLJ,1.2185690501508972
1180,Kilimanjaro International Airport,JRO,1.2185275427421243
2881,Pointe-à-Pitre Le Raizet,PTP,1.2183382287787408
4325,Hammerfest Airport,HFT,1.2133607933753707
2883,Cyril E. King Airport,STT,1.210317246063709
6789,St Augustin Airport,YIF,1.2074791485175227
4111,Roshchino International Airport,TJM,1.2037045169161662
1057,Tenerife Norte Airport,TFN,1.1959766416170574
3864,Albany International Airport,ALB,1.1935334629050685
1526,Turin Airport,TRN,1.1924071670485017
3034,Phnom Penh International Airport,PNH,1.1918705560455374
3611,Norfolk International Airport,ORF,1.1910979621091875
155,Norman Wells Airport,YVQ,1.1896642422100685
4057,Sharm El Sheikh International Airport,SSH,1.1862520959027825
6390,Sunan Shuofang International Airport,WUX,1.1857454858950256
970,Libreville Leon M'ba International Airport,LBV,1.185561372334415
111,Quebec Jean Lesage International Airport,YQB,1.1811142079687804
2994,Sardar Vallabhbhai Patel International Airport,AMD,1.1792003818805648
4092,Maestro Wilson Fonseca Airport,STM,1.1757339926738803
499,Jersey Airport,JER,1.1748916378272591
2134,Bandar Abbas International Airport,BND,1.1735125220925806
2050,Hamid Karzai International Airport,KBL,1.170262395860707
3454,Eppley Airfield,OMA,1.1677598487223497
3973,Tbilisi International Airport,TBS,1.1672063887158821
2005,La Tontouta International Airport,NOU,1.1606491060392008
495,Southampton Airport,SOU,1.1586906118471445
4198,Weeze Airport,NRN,1.1579505844338447
3265,Marudi Airport,MUR,1.1567391926471722
3137,Calicut International Airport,CCJ,1.1504075784038754
664,"Sandefjord Airport, Torp",TRF,1.1500511324097182
1321,Bastia-Poretta Airport,BIA,1.1427561960033663
2913,Osh Airport,OSS,1.1347156929224222
6386,Quanzhou Jinjiang International Airport,JJN,1.1347139390823853
2347,Sendai Airport,SDJ,1.1319851428609495
3017,Pune Airport,PNQ,1.1304344385132374
3811,Birmingham-Shuttlesworth International Airport,BHM,1.1239829087397972
1130,Hurghada International Airport,HRG,1.123062683201385
1044,Modibo Keita International Airport,BKO,1.1183982020514376
2934,Vladivostok International Airport,VVO,1.1177628242603481
6718,St Mary's Airport,KSM,1.1130004211606737
1539,Treviso-Sant'Angelo Airport,TSF,1.11123883765284
373,Dortmund Airport,DTM,1.1097583487156089
3820,Buffalo Niagara International Airport,BUF,1.1074884416464694
3806,Charleston Air Force Base-International Airport,CHS,1.1054767981502374
2990,Kazan International Airport,KZN,1.103418291511612
2665,El Tepual Airport,PMC,1.1020839532948514
5674,Praia International Airport,RAI,1.0972191826458235
657,"Moss Airport, Rygge",RYG,1.088011283917616
3636,Tucson International Airport,TUS,1.0806017884083712
348,Leipzig/Halle Airport,LEJ,1.0805425311831163
2728,Alfredo Vásquez Cobo International Airport,LET,1.0766352337100649
8173,Westsound Seaplane Base,WSX,1.0742601944620431
2875,Sir Grantley Adams International Airport,BGI,1.0703926350393917
2699,Silvio Pettirossi International Airport,ASU,1.069246127115192
5905,Norsup Airport,NUS,1.0665443811828745
2487,General E. Mosconi Airport,CRD,1.0648301917755396
2,Madang Airport,MAG,1.0646672551201655
3676,McGhee Tyson Airport,TYS,1.0586240982279764
188,Goose Bay Airport,YYR,1.0578968518151208
121,Thunder Bay Airport,YQT,1.0564106320362217
3589,Westchester County Airport,HPN,1.0549080180692958
293,Djerba Zarzis International Airport,DJE,1.0517284006647436
4097,Lhasa Gonggar Airport,LXA,1.0514460321582946
1735,Chişinău International Airport,KIV,1.0465077876476474
1435,Strasbourg Airport,SXB,1.0463692894459833
1550,Verona Villafranca Airport,VRN,1.044937498999335
3989,Erbil International Airport,EBL,1.0431949350416683
1779,Norman Manley International Airport,KIN,1.0405282266907738
3627,James M Cox Dayton International Airport,DAY,1.0386369083880111
5503,Chevery Airport,YHR,1.0382819555830431
6722,Ruby Airport,RBY,1.0373734533970855
488,Cardiff International Airport,CWL,1.0336115791377103
2856,General Manuel Carlos Piar International Airport,PZO,1.033434749619468
1154,Benina International Airport,BEN,1.0308137473821481
1629,Lajes Airport,TER,1.0298868297264907
7187,Wales Airport,WAA,1.0282859371512827
2313,Nagasaki Airport,NGS,1.0277725148999686
591,Rotterdam The Hague Airport,RTM,1.0265968728463446
3261,Dominique Edward Osok Airport,SOQ,1.0248066561740443
3007,Dabolim Airport,GOI,1.0240313909460088
3807,Reno Tahoe International Airport,RNO,1.0236085946287221
1897,Toussaint Louverture International Airport,PAP,1.0224378318078902
1190,Tirana International Airport Mother Teresa,TIA,1.0217073271290884
2933,Yuzhno-Sakhalinsk Airport,UUS,1.021407357263139
2109,Kish International Airport,KIH,1.0168338917038722
2964,Platov International Airport,ROV,1.0166926284615194
2759,Jorge Wilsterman International Airport,CBB,1.0158754835785795
4367,Aktau Airport,SCO,1.0111070813114809
5411,Munda Airport,MUA,1.009443746544075
2993,Kurumoch International Airport,KUF,1.0072272591060671
94,Natashquan Airport,YNA,1.0072197751849006
189,St. John's International Airport,YYT,1.0049342816498872
3272,Brunei International Airport,BWN,1.0042425477525676
2633,Ten. Cel. Aviador César Bombonato Airport,UDI,1.0028734948642128
2965,Sochi International Airport,AER,1.0021357353257139
2756,Vanguardia Airport,VVC,1.001427701554475
1517,Alghero-Fertilia Airport,AHO,0.9998127356885731
3685,Gerald R. Ford International Airport,GRR,0.9988468320791332
2638,Eurico de Aguiar Salles Airport,VIX,0.9961924322999269
1569,Ljubljana Jože Pučnik Airport,LJU,0.99586337021079
3337,Launceston Airport,LST,0.9921256041037487
1515,Vincenzo Florio Airport Trapani-Birgi,TPS,0.9887461661669564
2878,Martinique Aimé Césaire International Airport,FDF,0.9874477629262269
886,Pointe Noire Airport,PNR,0.9852078903530146
4315,Milas Bodrum International Airport,BJV,0.9843828968219301
7252,Postville Airport,YSO,0.9834019177545339
2992,Ufa International Airport,UFA,0.9831414366385712
1881,Daniel Oduber Quiros International Airport,LIR,0.9817374269305053
3729,Des Moines International Airport,DSM,0.9808460229407185
1231,Menorca Airport,MAH,0.9779838151682217
1807,General Ignacio P. Garcia International Airport,HMO,0.977246819128324
4279,San Pedro Airport,SPR,0.9765985636282969
9540,Deer Harbor Seaplane,DHB,0.9759947398911585
4034,Greenville Spartanburg International Airport,GSP,0.975615266553208
3660,Bill & Hillary Clinton National Airport/Adams Field,LIT,0.9748260111369621
32,Cambridge Bay Airport,YCB,0.9739703047843602
1059,Lungi International Airport,FNA,0.9723641536297345
1772,Ramón Villeda Morales International Airport,SAP,0.9717348388170152
3855,Tulsa International Airport,TUL,0.9714123365109246
4109,Changzhou Benniu Airport,CZX,0.9666408297107149
1612,Salzburg Airport,SZG,0.9663270158632177
3622,Greater Rochester International Airport,ROC,0.9651885315529334
6448,Grand Canyon West Airport,GCW,0.9612404689154856
6449,Boulder City Municipal Airport,BLD,0.9612404689154856
7310,Christiansted Harbor Seaplane Base,SSB,0.9612404689154856
7309,Charlotte Amalie Harbor Seaplane Base,SPB,0.9612404689154856
680,Copernicus Wrocław Airport,WRO,0.9600866811249598
3303,Senai International Airport,JHB,0.9586089510572631
2944,Kiev Zhuliany International Airport,IEV,0.9569649793031202
5446,Qaanaaq Airport,NAQ,0.9549488057196804
3896,Husein Sastranegara International Airport,BDO,0.9534852835994988
1243,Santiago de Compostela Airport,SCQ,0.9528430577640113
3839,Palm Springs International Airport,PSP,0.9499839713011516
596,Cork Airport,ORK,0.9498322174124391
632,Alta Airport,ALF,0.9497374228277027
465,Belfast International Airport,BFS,0.9493003336762432
4302,Jieyang Chaoshan International Airport,SWA,0.9489011913587234
298,Lomé-Tokoin Airport,LFW,0.9477637713969546
699,Stockholm Skavsta Airport,NYO,0.9455082779629228
6779,Katima Mulilo Airport,MPA,0.9449506289899299
7634,Rundu Airport,NDU,0.9449506289899299
3734,Ontario International Airport,ONT,0.9431688705347498
2268,Taichung Ching Chuang Kang Airport,RMQ,0.9406781133812231
5695,Nanyuki Airport,NYK,0.9374236481465077
7193,Stebbins Airport,WBB,0.9365545061663846
552,Exeter International Airport,EXT,0.9297812876730938
2180,Bateen Airport,AZI,0.9296686481076116
1064,Al Massira Airport,AGA,0.9292019136595573
6289,Longreach Airport,LRE,0.923743266924539
910,Simon Mwansa Kapwepwe International Airport,NLA,0.9204920378303135
2597,Governador Aluízio Alves International Airport,NAT,0.9173426190557928
2162,Tabriz International Airport,TBZ,0.9172774329226345
2616,Marechal Cunha Machado International Airport,SLZ,0.9137945045054536
7114,Venetie Airport,VEE,0.9053452309496638
3641,Theodore Francis Green State Airport,PVD,0.8988678889324014
4008,Piedmont Triad International Airport,GSO,0.8976350487102238
7093,Eek Airport,EEK,0.8967622539702436
671,Katowice International Airport,KTW,0.894992877479527
2962,Mineralnyye Vody Airport,MRV,0.893324406644837
3222,Mandalay International Airport,MDL,0.8931283748566337
1776,Toncontín International Airport,TGU,0.8927889188976286
1038,Lubumbashi International Airport,FBM,0.8924983120936045
6296,Maningrida Airport,MNG,0.8885810775790728
2651,Andrés Sabella Gálvez International Airport,ANF,0.8867656684457916
187,Churchill Airport,YYQ,0.8854360703498712
3514,Ellison Onizuka Kona International At Keahole Airport,KOA,0.8850742669135234
7192,Shaktoolik Airport,SKK,0.8837676731284901
3319,Alice Springs Airport,ASP,0.8837260055014337
144,Billy Bishop Toronto City Centre Airport,YTZ,0.8824508790394384
37,Kugluktuk Airport,YCO,0.8814604535379509
8170,Roche Harbor Seaplane Base,RCE,0.8794647055472563
3977,Aden International Airport,ADE,0.8792155869550586
7217,Akiak Airport,AKI,0.8791665306519778
3260,Rendani Airport,MKW,0.877636887214115
3745,Syracuse Hancock International Airport,SYR,0.8776144187232698
5423,Girua Airport,PNP,0.8773730786593629
5632,Ngjiva Pereira Airport,VPE,0.8772521799683947
2768,Capitan Oriel Lea Plaza Airport,TJA,0.87681389030406
2749,Gustavo Rojas Pinilla International Airport,ADZ,0.8764339885917415
6258,Cunnamulla Airport,CMA,0.876063449152541
2812,Alejandro Velasco Astete International Airport,CUZ,0.8744135644045945
2584,João Correa da Rocha Airport,MAB,0.8743550524921926
5422,Gurney Airport,GUR,0.8724181788453373
2509,Presidente Peron Airport,NQN,0.8723014658016753
1186,Abeid Amani Karume International Airport,ZNZ,0.8712731760504471
2848,La Chinita International Airport,MAR,0.8688720157881015
8401,Lombok International Airport,LOP,0.8672677195267643
5686,Bosaso Airport,BSA,0.8645355714574379
9742,Akiachak Airport,KKI,0.8635822142116136
7218,Tuluksak Airport,TLT,0.8623051056385251
2004,Ouvéa Airport,UVE,0.8620160292096937
5919,Tiga Airport,TGJ,0.8620160292096937
4362,Talagi Airport,ARH,0.8597275698184229
7216,Pilot Station Airport,PQS,0.8595519401792995
603,Shannon Airport,SNN,0.8589670723501446
1026,Mbandaka Airport,MDK,0.856092381018696
921,Toamasina Airport,TMM,0.8547373737752955
7144,Craig Seaplane Base,CGA,0.8544665698897133
141,Thompson Airport,YTH,0.8541219855158769
50,Arviat Airport,YEK,0.8538405953768388
4090,Francisco Bangoy International Airport,DVO,0.8518215705056383
128,Resolute Bay Airport,YRB,0.8510463903065565
5495,Igloolik Airport,YGT,0.8509339253995684
3273,Sultan Syarif Kasim Ii (Simpang Tiga) Airport,PKU,0.8506318152208993
7113,Tanana Airport,TAL,0.8500720466370958
9757,Independence Airport,INB,0.8495994645680117
1987,Nuku Hiva Airport,NHV,0.8495264500946738
5890,Hiva Oa-Atuona Airport,AUQ,0.8495264500946738
6,Wewak International Airport,WWK,0.8490977074799181
4356,Northwest Arkansas Regional Airport,XNA,0.8477926823153764
3355,Canberra International Airport,CBR,0.845034284941361
7098,Russian Mission Airport,RSH,0.8435052611079942
7145,Hollis Seaplane Base,HYL,0.8426272888363143
1865,Bocas Del Toro International Airport,BOC,0.8405582692810679
3916,El Tari Airport,KOE,0.8381241051642009
3901,Achmad Yani Airport,SRG,0.8375746471599379
7087,Emmonak Airport,EMK,0.836364114025959
4319,Broome International Airport,BME,0.8350568777341209
2513,San Carlos De Bariloche Airport,BRC,0.8349234890532917
1016,Lilongwe International Airport,LLW,0.8339060075281982
5492,Makkovik Airport,YMN,0.8338518665771532
2607,Governador Jorge Teixeira de Oliveira Airport,PVH,0.8318153758829576
5897,Craig Cove Airport,CCV,0.8312359341195051
5893,Mota Lava Airport,MTV,0.8310207718736377
5895,Torres Airstrip,TOH,0.8310207718736377
4328,Vadsø Airport,VDS,0.8305363845779445
5439,Neerlerit Inaat Airport,CNP,0.8282875415498011
7095,Kwethluk Airport,KWT,0.827501007997826
2802,Rodríguez Ballón International Airport,AQP,0.8258771458257161
7287,Dangriga Airport,DGA,0.825815735058486
5965,McGrath Airport,MCG,0.8257820411299964
5474,La Tabatière Airport,ZLT,0.8251879069354975
6721,Point Hope Airport,PHO,0.8237690465735453
7180,Kobuk Airport,OBU,0.8230070770715254
2581,Governador José Richa Airport,LDB,0.8215790229158015
5964,Kalskag Airport,KLG,0.8203127951770274
1989,Bora Bora Airport,BOB,0.8193088066534747
3602,Lihue Airport,LIH,0.818493877373042
7183,Brevig Mission Airport,KTS,0.8162607777247464
3908,Syamsudin Noor Airport,BDJ,0.8144373415104325
3559,El Paso International Airport,ELP,0.8135918439241948
7056,Charlotte County Airport,PGD,0.8129421857419487
3177,Samui Airport,USM,0.8128279961793806
2167,Zahedan International Airport,ZAH,0.8127969444695363
3495,Boise Air Terminal/Gowen Field,BOI,0.8114407266842966
170,Pangnirtung Airport,YXP,0.8100864862411055
7096,Kwigillingok Airport,KWK,0.8094431264859098
1209,Zadar Airport,ZAD,0.8089371809220202
29,Baker Lake Airport,YBK,0.8082086875575484
6758,Sege Airport,EGM,0.8079988747608909
7082,Friday Harbor Airport,FRD,0.8056246265465076
2647,Pdte. Carlos Ibañez del Campo Airport,PUQ,0.8054410196884361
5449,Qaarsut Airport,JQA,0.805271005605211
7207,Kotlik Airport,KOT,0.8048450180358356
7177,Ambler Airport,ABL,0.8046718391774107
5455,Punta Gorda Airport,PND,0.8041655999948975
4247,El Trompillo Airport,SRZ,0.8033678980957265
2522,Santa Maria Airport,AJU,0.8002430578927484
6457,Kenmore Air Harbor Seaplane Base,LKE,0.7994565908662943
69,Gjoa Haven Airport,YHK,0.7976591304837795
2490,Almirante Marco Andres Zar Airport,REL,0.7972843104011793
6346,Baotou Airport,BAV,0.7972812463866776
7117,Shungnak Airport,SHG,0.7968949078526395
984,Nampula Airport,APL,0.7968264464967357
6960,Chefornak Airport,CYF,0.7967482985097095
5761,Pierre Regional Airport,PIR,0.7963970290869274
2649,Diego Aracena Airport,IQQ,0.7960024880974428
2221,Quetta International Airport,UET,0.7958655344975423
4162,Conakry International Airport,CKY,0.7953898992528323
5448,Upernavik Airport,JUV,0.7937004130866324
2255,Pohnpei International Airport,PNI,0.7926243250818568
5473,Tête-à-la-Baleine Airport,ZTB,0.7922088529870915
5894,Sola Airport,SLH,0.7911903587458365
5906,Gaua Island Airport,ZGU,0.7911903587458365
6755,Deering Airport,DRG,0.7911714511137256
7178,Buckland Airport,BKC,0.7911714511137256
7179,Bob Baker Memorial Airport,IAN,0.7911714511137256
7181,Robert (Bob) Curtis Memorial Airport,ORV,0.7911714511137256
8414,Modlin Airport,WMI,0.7888203276245911
6430,Yuncheng Guangong Airport,YCU,0.7885510783763506
3223,Myeik Airport,MGZ,0.7878730900632469
4106,Victoria Harbour Seaplane Base,YWH,0.7852751815752731
7213,Kongiganak Airport,KKH,0.7850738380983145
90,Fort McMurray Airport,YMM,0.7828488041587757
2590,Zumbi dos Palmares Airport,MCZ,0.7815004506733569
3997,Aasiaat Airport,JEG,0.7807774547798156
3613,Savannah Hilton Head International Airport,SAV,0.7807763509693002
2968,Chelyabinsk Balandino Airport,CEK,0.7804395823727308
891,Malabo Airport,SSG,0.7804317663617939
915,Dzaoudzi Pamandzi International Airport,DZA,0.7791717478124874
120,Regina International Airport,YQR,0.7777806313727292
5731,William R Fairchild International Airport,CLM,0.7767936879335434
7083,Orcas Island Airport,ESD,0.7767936879335434
5961,Skagway Airport,SGY,0.7751567408368836
3105,Chaudhary Charan Singh International Airport,LKO,0.7744541714259254
280,Diori Hamani International Airport,NIM,0.7742669065670572
3305,Langkawi International Airport,LGK,0.7730535816164009
6304,Mornington Island Airport,ONG,0.7713871382978671
2030,Queenstown International Airport,ZQN,0.77052774302787
2877,Douglas-Charles Airport,DOM,0.7700122627935807
2251,Bucholz Army Air Field,KWA,0.769604417762993
87,Kelowna International Airport,YLW,0.7684648972059119
3381,Xishuangbanna Gasa Airport,JHG,0.7675973380339411
2496,Piloto Civil N. Fernández Airport,RGL,0.7666049423865127
6713,Anvik Airport,ANV,0.7665560719867467
7219,Grayling Airport,KGX,0.7665560719867467
3687,Fresno Yosemite International Airport,FAT,0.7653776095322067
3517,Nantucket Memorial Airport,ACK,0.7643994387963667
2476,Martin Miguel De Guemes International Airport,SLA,0.7636134363288478
3644,Bob Hope Airport,BUR,0.7634916608449358
1359,Montpellier-Méditerranée Airport,MPL,0.7629137246882263
7201,Kipnuk Airport,KPN,0.7625678684536752
4364,Novy Urengoy Airport,NUX,0.7621129114612287
2554,Cataratas International Airport,IGU,0.7612570112289796
2430,Kalibo International Airport,KLO,0.7609371198162211
5687,Aden Adde International Airport,MGQ,0.7582308543359085
1995,Raiatea Airport,RFP,0.7579212503367202
7108,Huslia Airport,HSL,0.7571963463794151
6240,Birdsville Airport,BVI,0.7571682577649042
41,Coral Harbour Airport,YZS,0.7557877798767008
2821,General José Antonio Anzoategui International Airport,BLA,0.7533999321821214
1737,Skopje Alexander the Great Airport,SKP,0.7525660146807284
7190,Koyuk Alfred Adams Airport,KKA,0.751485626452603
4017,Blue Grass Airport,LEX,0.7504544490944256
4112,Akron Canton Regional Airport,CAK,0.7502236064102463
3040,Bagdogra Airport,IXB,0.7499556848509842
5534,Whale Cove Airport,YXN,0.7488214440837933
5487,Chesterfield Inlet Airport,YCS,0.7477868048912697
8203,Newtok Airport,WWT,0.747728846716081
8174,Friday Harbor Seaplane Base,FBS,0.7476391437244425
3457,Wichita Eisenhower National Airport,ICT,0.7453058378014253
5447,Sisimiut Airport,JHS,0.7421274352969731
1978,Manihi Airport,XMH,0.7410722232542152
994,Seychelles International Airport,SEZ,0.7398944239494999
1508,Lamezia Terme Airport,SUF,0.7395967412119077
2958,Omsk Central Airport,OMS,0.7368701701956087
1102,Amílcar Cabral International Airport,SID,0.7366380635724102
6040,Santa Maria Airport,RIA,0.7366262322171159
2307,Kagoshima Airport,KOJ,0.7362139913327831
3323,Charleville Airport,CTL,0.7345607947462328
4043,The Eastern Iowa Airport,CID,0.7341450502701944
6463,Belize City Municipal Airport,TZA,0.7338074584976922
4327,Mehamn Airport,MEH,0.7336246586438958
40,Clyde River Airport,YCY,0.7336198604921308
2586,Regional de Maringá - Sílvio Nane Junior Airport,MGF,0.7329598991923545
6333,Windorah Airport,WNR,0.7320502656062068
7275,Denny Island Airport,nan,0.7319505972166838
1063,Roberts International Airport,ROB,0.7311617384703083
3112,Sheikh ul Alam Airport,SXR,0.7302945624580857
7191,St Michael Airport,SMK,0.7301669851702431
881,Sir Seretse Khama International Airport,GBE,0.7298192920976432
3986,Memmingen Allgau Airport,FMM,0.7282031813496509
628,Aalborg Airport,AAL,0.7280899480358168
183,Taloyoak Airport,YYH,0.726464006586566
3564,Pensacola Regional Airport,PNS,0.7253854750804121
221,Mohamed Boudiaf International Airport,CZL,0.7235596756240367
4274,Nizhny Novgorod Strigino International Airport,GOJ,0.7232314880745294
5409,Ngorangora Airport,IRA,0.7231020422295563
6773,Buffalo Spring,UAS,0.7224546482130012
2497,Malvinas Argentinas Airport,USH,0.7223398015906585
5424,Kimbe Airport,HKN,0.722060984357618
498,Guernsey Airport,GCI,0.7215367478217691
3366,Dongshan Airport,HLD,0.7208070996116734
166,Saskatoon John G. Diefenbaker International Airport,YXE,0.7204847263222511
3298,Sultan Ismail Petra Airport,KBR,0.7204531733282885
2972,Nizhnevartovsk Airport,NJC,0.7184550294512646
6387,Tunxi International Airport,TXN,0.7168199796251917
988,Chingozi Airport,TET,0.7164959198980706
3542,Harrisburg International Airport,MDT,0.7139910788409433
243,Ain el Beida Airport,OGX,0.71367156247616
5444,Nanortalik Heliport,JNN,0.7111402155206302
5438,Alluitsup Paa Heliport,LLU,0.7111402155206302
5891,Ua Pou Airport,UAP,0.7102776896295384
5892,Ua Huka Airport,UAH,0.7102776896295384
1854,General Heriberto Jara International Airport,VER,0.7094021266944479
467,George Best Belfast City Airport,BHD,0.7093136825071915
1797,General Roberto Fierro Villalobos International Airport,CUU,0.7092141897252019
3174,Krabi Airport,KBV,0.7084100983852972
1594,Eilat Airport,ETH,0.7073576791834985
8201,Tununak Airport,TNK,0.7070056589302366
1685,Adana Airport,ADA,0.7066528504314133
1036,Goma International Airport,GOM,0.7059608323581426
54,Inuvik Mike Zubko Airport,YEV,0.7051870361787183
5918,Ipota Airport,IPA,0.7035239852980735
2123,Sardar-e-Jangal Airport,RAS,0.7030692646485839
6262,Doomadgee Airport,DMD,0.7024496164556692
1999,Koumac Airport,KOC,0.7021682129953281
6434,Ordos Ejin Horo Airport,DSN,0.7014223699835943
6243,Bedourie Airport,BEU,0.7003269656782529
7128,Toowoomba Airport,TWB,0.6993534075965345
3582,Long Beach /Daugherty Field/ Airport,LGB,0.6993158281351421
5963,Haines Airport,HNS,0.6983105825639563
7212,Nunapitchuk Airport,NUP,0.6970741523527945
2440,Islas Malvinas Airport,ROS,0.6969933965829975
8200,Toksook Bay Airport,OOK,0.69638754828902
6715,Gambell Airport,GAM,0.6949135816970903
6724,Savoonga Airport,SVA,0.6949135816970903
3084,Lal Bahadur Shastri Airport,VNS,0.6925512323242539
7147,Thorne Bay Seaplane Base,KTB,0.690869263785698
7111,Nulato Airport,NUL,0.6905941744117181
6717,Kaltag Airport,KAL,0.6905941744117181
1145,Mombasa Moi International Airport,MBA,0.6903541417028025
2947,Odessa International Airport,ODS,0.690116912957024
5962,Holy Cross Airport,HCR,0.6899359101550013
7090,Shageluk Airport,SHX,0.6899359101550013
691,Gothenburg City Airport,GSE,0.6891899191615471
7188,White Mountain Airport,WMO,0.6888042469446778
1792,Bachigualato Federal International Airport,CUL,0.6885169963457469
3417,Bettles Airport,BTT,0.6882415240814213
7209,Scammon Bay Airport,SCM,0.687744506489248
4011,Manchester-Boston Regional Airport,MHT,0.6861080495710857
2882,Point Salines International Airport,GND,0.6858039843269086
2249,Marshall Islands International Airport,MAJ,0.6826068708141187
148,Hall Beach Airport,YUX,0.6804174773143612
3069,Shah Amanat International Airport,CGP,0.6802609341737376
7185,Golovin Airport,GLV,0.6802165875053324
4381,Niigata Airport,KIJ,0.6795814872942139
1745,M. R. Štefánik Airport,BTS,0.6766314000174157
537,Glasgow Prestwick Airport,PIK,0.6761911839459461
2894,Hewanorra International Airport,UVF,0.675912528030167
2714,Rafael Nuñez International Airport,CTG,0.6758508534579432
3098,Jaipur International Airport,JAI,0.675381050952655
3411,Barter Island LRRS Airport,BTI,0.6739261310986681
338,Dresden Airport,DRS,0.6737102024585564
1652,Cluj-Napoca International Airport,CLJ,0.6736118629584953
2575,Presidente Castro Pinto International Airport,JPA,0.6735133396491713
1819,Licenciado Manuel Crescencio Rejon Int Airport,MID,0.672122982614742
7184,Elim Airport,ELI,0.6720517605743279
6361,Yichang Sanxia Airport,YIH,0.6716989705878313
4209,Porto Seguro Airport,BPS,0.6706899807056272
1826,General Rafael Buelna International Airport,MZT,0.6695426594539902
6325,St George Airport,SGO,0.6694100281675709
1506,Brindisi – Salento Airport,BDS,0.6691442478941633
216,Aguenar – Hadj Bey Akhamok Airport,TMR,0.6683678531487295
7142,Hoonah Airport,HNH,0.6681565131442069
5960,Gustavus Airport,GST,0.6681565131442069
1,Goroka Airport,GKA,0.6674032223344546
674,Poznań-Ławica Airport,POZ,0.6668825473397191
6134,Akutan Seaplane Base,KQA,0.6668064514098416
7196,Nikolski Air Station,IKO,0.6668064514098416
7195,Atka Airport,AKB,0.6668064514098416
4041,Fort Wayne International Airport,FWA,0.6666582776468463
3135,Coimbatore International Airport,CJB,0.664739796681026
2662,La Florida Airport,LSC,0.6640709557039164
3143,Mangalore International Airport,IXE,0.6638015734316854
5430,Momote Airport,MAS,0.6628516203820791
3015,Dr. Babasaheb Ambedkar International Airport,NAG,0.6626843288701985
1066,Saïss Airport,FEZ,0.6624278511129246
5904,Lonorore Airport,LNE,0.6621999811500487
4385,Camp Mabry Austin City,ATT,0.6619431231832528
3289,Sultan Mahmud Badaruddin II Airport,PLM,0.661727131271362
3447,Trenton Mercer Airport,TTN,0.661385852397489
912,Prince Said Ibrahim International Airport,HAH,0.6612496172292824
2322,Komatsu Airport,KMQ,0.6603513320411256
4113,Huntsville International Carl T Jones Field,HSV,0.6600879465654805
4352,Norilsk-Alykel Airport,NSK,0.6600494412348916
3008,Devi Ahilyabai Holkar Airport,IDR,0.6593849693108578
974,Beira Airport,BEW,0.6584756607642015
3066,Vishakhapatnam Airport,VTZ,0.6575360772091411
5915,Aniwa Airport,AWD,0.6573593629316175
5917,Futuna Airport,FTA,0.6573593629316175
6086,Ust-Kamennogorsk Airport,UKK,0.6539316968736097
1122,Berbera Airport,BBO,0.6531355071375242
147,Repulse Bay Airport,YUT,0.6526055693429144
1771,Goloson International Airport,LCE,0.6513492601808395
1742,Priština International Airport,PRN,0.6500964391597727
1774,Juan Manuel Galvez International Airport,RTB,0.6490998324560042
1173,Juba International Airport,JUB,0.6490973526902616
1863,Augusto C. Sandino (Managua) International Airport,MGA,0.6487076265017712
1528,Genoa Cristoforo Colombo Airport,GOA,0.6475841362930594
1322,Calvi-Sainte-Catherine Airport,CLY,0.6472353206867948
7094,Kasigluk Airport,KUK,0.6470290268990344
2326,Hiroshima Airport,HIJ,0.6467522108006265
3460,Dillingham Airport,DLG,0.6458276005558926
3459,Dane County Regional Truax Field,MSN,0.6449634100405144
6137,Salekhard Airport,SLY,0.6433790453317489
2645,El Loa Airport,CJC,0.6431966103638076
4166,Karlsruhe Baden-Baden Airport,FKB,0.6431569516939041
161,Wabush Airport,YWK,0.6426612719790552
5979,Londolovit Airport,LNV,0.6412153791358008
1853,Carlos Rovirosa Pérez International Airport,VSA,0.6398610225218199
192,Mont Joli Airport,YYY,0.6389276739005111
1120,Bujumbura International Airport,BJM,0.6386441388729076
2974,Surgut Airport,SGC,0.6378974279200396
3580,Jackson-Medgar Wiley Evers International Airport,JAN,0.637301282655033
7240,Sleetmute Airport,SLQ,0.6372554365586264
2952,Khrabrovo Airport,KGD,0.6365649644645863
1031,Bangoka International Airport,FKI,0.6365643058121859
1118,Mekele Airport,MQX,0.6365200216058808
1226,Jerez Airport,XRY,0.6364859548058395
5524,The Pas Airport,YQD,0.6364359995821048
6716,Hooper Bay Airport,HPB,0.6360338790179607
5968,Chevak Airport,VAK,0.6360338790179607
3862,Portland International Jetport Airport,PWM,0.6357575283331351
838,Port Elizabeth Airport,PLZ,0.6352769977625911
3467,Spokane International Airport,GEG,0.6350545767439162
1991,Huahine-Fare Airport,HUH,0.6347470081352194
985,Pemba Airport,POL,0.6342498266249395
1323,Figari Sud-Corse Airport,FSC,0.6340253466774367
4072,Quad City International Airport,MLI,0.633168963843154
3956,Kaunas International Airport,KUN,0.6319960758170357
8225,Old Arctic Bay Airport,YAB,0.6318091131352247
5461,Rigolet Airport,YRG,0.6312834856921903
2569,Bahia - Jorge Amado Airport,IOS,0.6310427391103475
2868,Arturo Michelena International Airport,VLN,0.6309496069052156
1080,Ibn Batouta Airport,TNG,0.6309279354915672
2623,Senador Petrônio Portela Airport,THE,0.6304436509430169
7157,Perryville Airport,KPV,0.6302628651164401
2609,Plácido de Castro Airport,RBR,0.6295018592586868
4046,General Wayne A. Downing Peoria International Airport,PIA,0.6283092809988798
2059,Abha Regional Airport,AHB,0.6280848367788949
3115,Luang Phabang International Airport,LPQ,0.627549322747394
4124,Page Municipal Airport,PGA,0.6273182768778134
5445,Narsaq Heliport,JNS,0.6272294197029106
1144,Manda Airstrip,LAU,0.6260542582706301
5889,Ahe Airport,AHE,0.6253238612769115
1227,San Javier Airport,MJV,0.6252312229140592
4350,Berlevåg Airport,BVG,0.6249568642373556
5780,Ercan International Airport,ECN,0.624448923687849
2767,Juana Azurduy De Padilla Airport,SRE,0.6241988827429275
5454,Caye Caulker Airport,CUK,0.6236037006264402
1800,Cozumel International Airport,CZM,0.623148761437622
708,Malmö Sturup Airport,MMX,0.6228014956384462
3253,Sultan Khairun Babullah Airport,TTE,0.6220252217117626
641,"Harstad/Narvik Airport, Evenes",EVE,0.6220027021355049
4292,Hector International Airport,FAR,0.6212127994610024
3578,Lovell Field,CHA,0.6204389670550512
2656,Carriel Sur Airport,CCP,0.6202036310711097
1236,Reus Air Base,REU,0.619925807067353
2710,Ernesto Cortissoz International Airport,BAQ,0.6197873425762322
3561,Columbia Metropolitan Airport,CAE,0.6195833423105265
6723,Shishmaref Airport,SHH,0.6187004246093236
3974,Mukalla International Airport,RIY,0.6162544646672852
2501,Comandante Espora Airport,BHI,0.6162520072369104
2214,Multan International Airport,MUX,0.6160018777275904
1971,Rurutu Airport,RUR,0.6159331962164579
6322,Quilpie Airport,ULP,0.6158956624718565
6337,Winton Airport,WIN,0.6154278932199284
3100,Jammu Airport,IXJ,0.6142120521456469
1138,Eldoret International Airport,EDL,0.6140733027344556
1815,Del Bajío International Airport,BJX,0.613200099936855
3943,Kobe Airport,UKB,0.6130428297479146
6400,Mianyang Airport,MIG,0.612625693982888
3743,Four Corners Regional Airport,FMN,0.6120629285390148
4348,Springfield Branson National Airport,SGF,0.6118837086797988
2753,El Caraño Airport,UIB,0.611771897652276
6353,Dayong Airport,DYG,0.6106281543612757
184,Victoria International Airport,YYJ,0.6098754989354553
1850,Licenciado Adolfo Lopez Mateos International Airport,TLC,0.6090144869056618
3061,Lok Nayak Jayaprakash Airport,PAT,0.6079888850206213
3336,Hobart International Airport,HBA,0.6078842203715
2772,Yacuiba Airport,BYC,0.6076849977665066
1646,Sarajevo International Airport,SJJ,0.6069105948803797
2429,Iloilo International Airport,ILO,0.6068520866081554
7532,Carajás Airport,CKS,0.6065019287420347
3875,Key West International Airport,EYW,0.6064904583951075
5807,JAGS McCartney International Airport,GDT,0.6064218057620738
1403,Brest Bretagne Airport,BES,0.6061722054359746
999,N'Djamena International Airport,NDJ,0.6052954736497413
75,Pond Inlet Airport,YIO,0.6046422540580928
2619,Prof. Eribelto Manoel Reino State Airport,SJP,0.604636469770397
2387,New Ishigaki Airport,ISG,0.6043008878826642
6136,Lopez Island Airport,LPS,0.604087502376688
1251,Santander Airport,SDR,0.6033500698410316
1948,Grand Bahama International Airport,FPO,0.6030311245167032
494,Bournemouth Airport,BOH,0.6026694017372464
2976,Ashgabat International Airport,ASB,0.6011237933016293
1213,Almería International Airport,LEI,0.6003017276893517
286,Monastir Habib Bourguiba International Airport,MIR,0.6002516463765096
3610,Merle K (Mudhole) Smith Airport,CDV,0.5998809503154627
2989,Syktyvkar Airport,SCW,0.5997196042879405
3804,Cheyenne Regional Jerry Olson Field,CYS,0.59946798506047
58,Flin Flon Airport,YFO,0.5985830471660452
5419,Buka Airport,BUA,0.5960471068118374
4149,Xuzhou Guanyin Airport,XUZ,0.5954596951602981
5416,Suavanao Airport,VAO,0.5949963670801178
7617,Choiseul Bay Airport,CHY,0.5944063132008861
2935,Chita-Kadala Airport,HTA,0.5936515136614011
6351,Beihai Airport,BHY,0.5929593684849256
1488,"\Zakynthos International Airport \""\""Dionysios Solomos\""\""\""""",ZTH,0.5925728518162976
4214,Brigadeiro Lysias Rodrigues Airport,PMW,0.5923573184751734
5673,Nador International Airport,NDR,0.5922981735765813
880,Maun Airport,MUB,0.5920141951015462
2257,Kosrae International Airport,KSA,0.5916086913824989
1183,Mwanza Airport,MWZ,0.5914091604779378
275,Port Harcourt International Airport,PHC,0.5910613131114272
1628,Horta Airport,HOR,0.5904385711781347
3347,Kununurra Airport,KNX,0.5904233681173598
5694,Malindi Airport,MYD,0.5900045065763122
1050,Banjul International Airport,BJL,0.5897854127821062
234,Touat Cheikh Sidi Mohamed Belkebir Airport,AZR,0.5896124539917516
3857,Long Island Mac Arthur Airport,ISP,0.5885824065511245
6357,Zhanjiang Airport,ZHA,0.587686720897183
4320,Newcastle Airport,NTL,0.587167810961409
2940,Donetsk International Airport,DOK,0.586841127058923
2945,Lviv International Airport,LWO,0.5864348804219354
4009,Joe Foss Field Airport,FSD,0.5861776582430693
3349,Port Hedland International Airport,PHE,0.5848185645712135
4016,Roanoke–Blacksburg Regional Airport,ROA,0.5846528070042752
8199,Nightmute Airport,NME,0.5843232515466734
7097,Marshall Don Hunter Sr Airport,MLL,0.5843232515466734
7099,Tuntutuliak Airport,WTL,0.5843232515466734
4099,Mahlon Sweet Field,EUG,0.5828092127320097
649,Kirkenes Airport (Høybuktmoen),KKN,0.5822400955344088
7200,Sheldon Point Airport,SXP,0.5805793780396555
6276,Julia Creek Airport,JCK,0.5805608552036214
5966,Mountain Village Airport,MOU,0.5803943574409764
1004,Victoria Falls International Airport,VFA,0.5797827787472789
2028,Palmerston North Airport,PMR,0.5794230794282481
1609,Graz Airport,GRZ,0.5792536866960081
1094,Nouakchott–Oumtounsy International Airport,NKC,0.5789878458727421
2801,Coronel FAP Francisco Secada Vignetta International Airport,IQT,0.5789227611856856
7417,Wilwal International Airport,JIJ,0.5784630181231504
2602,Lauro Kurtz Airport,PFB,0.5766113023727182
1930,Leonard M Thompson International Airport,MHH,0.5762532528443646
1975,Tikehau Airport,TIH,0.5751756800777624
932,Maroantsetra Airport,WMN,0.5747697056107262
3326,Mackay Airport,MKY,0.574579044151035
6740,Araracuara Airport,ACR,0.5745198028314538
4285,Yeager Airport,CRW,0.574293361561548
923,Arrachart Airport,DIE,0.5739330407558891
7186,Teller Airport,TLA,0.5738583067662655
1605,Sde Dov Airport,SDV,0.5732810138754654
5569,Sanday Airport,NDY,0.5730250667194887
3257,Fakfak Airport,FKQ,0.572962389626906
7199,Alakanuk Airport,AUK,0.5725636332439595
2941,Dnipropetrovsk International Airport,DNK,0.5723870687293284
3819,City of Colorado Springs Municipal Airport,COS,0.5715031608420018
3856,Sitka Rocky Gutierrez Airport,SIT,0.5704521318846892
3267,Sibu Airport,SBW,0.5703452039764492
2404,Zamboanga International Airport,ZAM,0.5700448447042195
5910,Uléi Airport,ULB,0.5690209497622666
6111,Cherepovets Airport,CEE,0.5685424476264463
4130,Baghdad International Airport,BGW,0.5675254470824921
520,Isle of Man Airport,IOM,0.5671224934094685
7205,Klawock Airport,KLW,0.5670697247240616
6245,Burketown Airport,BUC,0.5665369954608339
2067,Gassim Airport,ELQ,0.5664681963136154
5502,Hopedale Airport,YHO,0.5664607339486699
7153,Chignik Lake Airport,KCQ,0.565860458764017
2938,Ulan-Ude Airport (Mukhino),UUD,0.5658261302212059
2011,Dunedin Airport,DUD,0.5652977142620002
533,Inverness Airport,INV,0.5647283648806584
3698,Tallahassee Regional Airport,TLH,0.5623587487517522
7384,Santa Terezinha Airport,JCB,0.5613890276229423
6719,Kivalina Airport,KVL,0.5611348625324181
1103,Rabil Airport,BVC,0.5608060837703804
6954,Manzhouli Xijiao Airport,NZH,0.5603709062012829
6394,Yiwu Airport,YIW,0.5588493261684173
5440,Paamiut Heliport,JFR,0.5568750449047418
6385,Shubuling Airport,LYI,0.5557719723974948
1796,Abraham González International Airport,CJS,0.5552368809588748
3050,Imphal Airport,IMF,0.5551088367640096
6150,Namangan Airport,NMA,0.5549066906028481
3397,Kashgar Airport,KHG,0.55474708285354
238,Oued Irara Airport,HME,0.5543458315416612
2090,Ta’if Regional Airport,TIF,0.5541876853593373
6286,Lockhart River Airport,IRG,0.5541798509750352
1741,Podgorica Airport,TGD,0.5541503958600953
10,Thule Air Base,THU,0.5539826453500964
2327,Okayama Airport,OKJ,0.5538349395504127
3910,Iskandar Airport,PKN,0.5533944992167633
6714,Atqasuk Edward Burnell Sr Memorial Airport,ATK,0.5528564478251642
7220,Wainwright Airport,AIN,0.5528564478251642
4069,L.F. Wade International International Airport,BDA,0.5523176753044322
2726,Antonio Roldan Betancourt Airport,APO,0.552141857067386
1968,Hihifo Airport,WLS,0.551777507967217
1963,Fua'amotu International Airport,TBU,0.5509468119044771
2433,Puerto Princesa Airport,PPS,0.5508744388603989
4355,Lehigh Valley International Airport,ABE,0.5501386065375456
3426,St Paul Island Airport,SNP,0.5500311866993509
3428,St George Airport,STG,0.5500311866993509
2706,Tres De Mayo Airport,PUU,0.5497481103861462
5425,Kiunga Airport,UNG,0.549354275077317
2739,Matecaña International Airport,PEI,0.5480000508160278
2903,Terrance B. Lettsome International Airport,EIS,0.5475449835166026
1214,Asturias Airport,OVD,0.5474206253965462
1479,Santorini Airport,JTR,0.547394652526964
136,Fort Smith Airport,YSM,0.5463906791149122
5642,Ondangwa Airport,OND,0.5462523383800676
7356,La Chorrera Airport,LCR,0.5460127775932653
1035,Bukavu Kavumu Airport,BKY,0.544610136797273
5434,Tabubil Airport,TBG,0.5443448365567607
3967,Asmara International Airport,ASM,0.5439699967548967
5804,Misratah Airport,MRA,0.5431416912944161
4357,Atyrau Airport,GUW,0.5428878928579072
2792,Inca Manco Capac International Airport,JUL,0.5428659612092529
6371,Bayankhongor Airport,BYN,0.5425099174735744
2893,George F. L. Charles Airport,SLU,0.5424831272254439
1149,Wajir Airport,WJR,0.5417822282800238
6248,Boulia Airport,BQL,0.541058073753884
6316,Gove Airport,GOV,0.5406691783145968
4140,Diosdado Macapagal International Airport,CRK,0.5402346203929556
5428,Kavieng Airport,KVG,0.5401618237865542
1203,Pula Airport,PUY,0.5400754342270473
5475,Nantong Airport,NTG,0.5397334633886507
3711,Burlington International Airport,BTV,0.5394385935494375
5582,"Mo i Rana Airport, Røssvoll",MQN,0.5392792881929042
7092,Nuiqsut Airport,NUI,0.5386394808617556
943,Toliara Airport,TLE,0.5367996276705651
6197,Dawei Airport,TVY,0.534416361179885
2333,Matsuyama Airport,MYJ,0.5340918305409756
5712,Gheshm Airport,nan,0.5340540547968408
5567,Papa Westray Airport,PPW,0.5339775010944446
719,Lycksele Airport,LYC,0.5335541816936231
729,Vilhelmina Airport,VHM,0.5335541816936231
6393,Yancheng Airport,YNZ,0.5335478237083717
7146,Metlakatla Seaplane Base,MTM,0.5334643708348051
6729,Arctic Village Airport,ARC,0.5330266999140768
2773,Johan Adolf Pengel International Airport,PBM,0.532856723708124
8876,Yangzhou Taizhou Airport,YTY,0.5319152636045498
133,Sudbury Airport,YSB,0.5317456028220684
2164,Shahid Sadooghi Airport,AZD,0.5307233176838687
3932,Chiang Rai International Airport,CEI,0.5303932375843581
6926,Rimatara Airport,RMT,0.5296637709523406
2891,Robert L. Bradshaw International Airport,SKB,0.5295073974879153
1994,Maupiti Airport,MAU,0.5283221761651595
3345,Karratha Airport,KTA,0.5280270784416257
4147,Petersburg James A Johnson Airport,PSG,0.52709830946475
1117,Lalibella Airport,LLI,0.5265428440428487
5997,Nagoya Airport,NKM,0.526465731263398
63,Gaspé (Michel-Pouliot) Airport,YGP,0.5253153938015892
6242,Hamilton Island Airport,HTI,0.5252002046241846
6776,Sialkot Airport,SKT,0.524435372162895
3146,Vir Savarkar International Airport,IXZ,0.5242913654561573
6383,Lianyungang Airport,LYG,0.5241046722415279
5443,Maniitsoq Airport,JSU,0.5222360709017111
6329,Thargomindah Airport,XTG,0.5213173687778321
115,Kenora Airport,YQK,0.5212058202966062
1986,Takaroa Airport,TKX,0.5211251039738474
4007,Asheville Regional Airport,AVL,0.5209734500713201
1761,Gregorio Luperon International Airport,POP,0.5209249260294254
5580,Leknes Airport,LKN,0.5208039699825837
5421,Daru Airport,DAU,0.52056038638625
2572,Prefeito Renato Moreira Airport,IMP,0.5201985664545544
30,Campbell River Airport,YBL,0.5200996905628901
6219,Lawas Airport,LWY,0.5196024033316441
6156,Belgorod International Airport,EGO,0.5187852230212607
2097,Abadan Airport,ABD,0.5185782357775643
4359,South Bend Regional Airport,SBN,0.5177218143472812
4238,Tulita Airport,ZFN,0.5175449781189152
6712,Anaktuvuk Pass Airport,AKP,0.5174556507121004
6839,Allakaket Airport,AET,0.5174556507121004
3628,Kenai Municipal Airport,ENA,0.5174188382765114
4239,Fort Good Hope Airport,YGH,0.5171977424088158
6320,Port Macquarie Airport,PQQ,0.5168495907877124
6919,Bellona,BNY,0.5167320337478217
5414,Rennell/Tingoa Airport,RNL,0.5167320337478217
2781,Cap FAP David Abenzur Rengifo International Airport,PCL,0.5166199958193513
2806,Cadete FAP Guillermo Del Castillo Paredes Airport,TPP,0.5166199958193513
6794,Taree Airport,TRO,0.5163956976695881
5688,Galcaio Airport,GLK,0.5163143351513604
906,Livingstone Airport,LVI,0.5159450027465611
2914,Shymkent Airport,CIT,0.5152230111517321
3353,Christmas Island Airport,XCH,0.5150499886369836
6343,Changzhi Airport,CIH,0.5150190395068531
2308,Miyazaki Airport,KMI,0.5147524906117686
3213,Heho Airport,HEH,0.5143906268161067
3063,Birsa Munda Airport,IXR,0.5142143074755112
4037,Central Illinois Regional Airport at Bloomington-Normal,BMI,0.5141226054986283
3224,Myitkyina Airport,MYT,0.5139830697796809
2002,Maré Airport,MEE,0.5133046044371696
5921,Île des Pins Airport,ILP,0.5133046044371696
1998,Koné Airport,KNQ,0.5133046044371696
2003,Touho Airport,TOU,0.5133046044371696
3249,Mutiara Airport,PLW,0.51325090376418
2471,Cataratas Del Iguazú International Airport,IGR,0.5132225575766383
1028,Gemena Airport,GMA,0.5132044798147193
67,Dryden Regional Airport,YHD,0.513144100549187
1265,Bergerac-Roumanière Airport,EGC,0.5130212955284869
6783,Sinop Airport,NOP,0.5126043512129305
5840,Jaqué Airport,JQE,0.5126043512129305
9758,Corazon de Jesus Airport,CZJ,0.5126043512129305
8206,Garachine Airport,GHE,0.5126043512129305
8204,Achutupo Airport,ACU,0.5126043512129305
1625,Flores Airport,FLW,0.5115214702469257
5417,Kaghau Airport,KGE,0.5114051130726286
6143,Nadym Airport,NYM,0.5113351233518453
5568,Stronsay Airport,SOY,0.5106662577593007
5498,Grise Fiord Airport,YGZ,0.5106542384100767
2595,Ministro Victor Konder International Airport,NVT,0.5105647666094113
6342,Chifeng Airport,CIF,0.5104897663113441
5898,Longana Airport,LOD,0.5091610806941084
5902,Lamen Bay Airport,LNB,0.5089642955505365
630,Ålesund Airport,AES,0.5080598136751916
6460,Gustaf III Airport,SBH,0.5078337934343574
1969,Faleolo International Airport,APW,0.5077394550203657
117,Greater Moncton International Airport,YQM,0.5064534346948087
143,Timmins/Victor M. Power,YTS,0.5063091077366636
2312,Kumamoto Airport,KMJ,0.5058113352772524
1280,Biarritz-Anglet-Bayonne Airport,BIQ,0.5052592574065127
4301,Jiuzhai Huanglong Airport,JZH,0.5043670320949162
295,Sfax Thyna International Airport,SFA,0.5029697265076533
1270,Limoges Airport,LIG,0.5028627541177056
6747,Gorgan Airport,GBT,0.5027201833259944
1992,Moorea Airport,MOZ,0.5022368045029768
3442,Grand Forks International Airport,GFK,0.502228541853924
7616,Ulawa Airport,RNA,0.5019855588601368
7618,Santa Ana Airport,NNB,0.5019855588601368
1923,Juan Gualberto Gomez International Airport,VRA,0.5014425652949226
7424,Mara Serena Lodge Airstrip,MRE,0.5011387836227081
7976,Ukunda Airstrip,UKA,0.5011387836227081
5969,Wrangell Airport,WRG,0.5011064437961269
2114,Shahid Ashrafi Esfahani Airport,KSH,0.5008142180879117
1965,Bonriki International Airport,TRW,0.5005643959489984
4015,Charlottesville Albemarle Airport,CHO,0.5005471696137768
8208,Ittoqqortoormiit Heliport,OBY,0.5004737323268776
1191,Burgas Airport,BOJ,0.49987846441149925
600,Ireland West Knock Airport,NOC,0.4990882647910983
140,Cape Dorset Airport,YTE,0.49883660173948696
2925,Mirny Airport,MJZ,0.4984494828218791
637,Båtsfjord Airport,BJF,0.49775846272744356
6039,Vitória da Conquista Airport,VDC,0.4975754331936971
1415,Rennes-Saint-Jacques Airport,RNS,0.49746686873356244
4067,Sarasota Bradenton International Airport,SRQ,0.49679194240735913
6298,Mildura Airport,MQL,0.49551693317977347
382,Friedrichshafen Airport,FDH,0.4948787110246709
2949,Murmansk Airport,MMK,0.4948323164281182
1480,Sitia Airport,JSH,0.49466925595049266
6138,Khanty Mansiysk Airport,HMA,0.49465014058472934
2508,Ástor Piazzola International Airport,MDQ,0.49452503946469
2761,Capitán Aníbal Arab Airport,CIJ,0.49411140296387257
6380,Jingdezhen Airport,JDZ,0.4941043233448714
3845,Wilmington International Airport,ILM,0.49409100494537417
152,Qikiqtarjuaq Airport,YVM,0.493092875709239
4076,Nauru International Airport,INU,0.4930309532471839
4061,El Calafate Airport,FTE,0.4928517227526163
3414,Point Lay LRRS Airport,PIZ,0.4928411584180244
5431,Moro Airport,MXH,0.4916634486801516
652,Mosjøen Airport (Kjærstad),MJF,0.49130700110760295
6267,Flinders Island Airport,FLS,0.4909592092102064
8628,Uummannaq Heliport,UMD,0.4907544741623407
5485,Lourdes de Blanc Sablon Airport,YBX,0.49027757337509476
119,Comox Airport,YQQ,0.49019128250179866
7155,Chignik Lagoon Airport,KCL,0.490079622841254
6763,Igiugig Airport,IGG,0.490079622841254
7154,Egegik Airport,EGX,0.490079622841254
1470,Aktion National Airport,PVK,0.4898212464183985
5875,Matei Airport,TVU,0.4894584403005415
5878,Savusavu Airport,SVU,0.4894584403005415
6255,Cloncurry Airport,CNJ,0.4892517657904165
2244,Saipan International Airport,SPN,0.48886868904625846
1816,Manuel Márquez de León International Airport,LAP,0.4886639505695541
711,Växjö Kronoberg Airport,VXO,0.4883032864232158
3262,Bintulu Airport,BTU,0.4881075682864731
309,Liège Airport,LGG,0.4876549216511115
1764,Cibao International Airport,STI,0.48762391523083176
3920,Juwata Airport,TRK,0.4873973392185492
2642,Balmaceda Airport,BBA,0.4872350203152234
2400,Cagayan De Oro Airport,nan,0.48682019437313107
5479,Fort Frances Municipal Airport,YAG,0.48560037125862837
2596,Santo Ângelo Airport,GEL,0.48479070738772573
9229,Sigiriya Air Force Base,GIU,0.48459283935449476
6169,Koggala Airport,KCT,0.48459283935449476
3284,Supadio Airport,PNK,0.48456918997498866
6198,Kawthoung Airport,KAW,0.4842411580128457
6803,Yakutat Airport,YAK,0.4840103101181148
4089,Bishop International Airport,FNT,0.4835578438665035
1743,Tivat Airport,TIV,0.483275212094175
5500,Vancouver Harbour Water Aerodrome,CXH,0.48290362660588076
106,Port Menier Airport,YPN,0.4828829316505998
7255,Havre St Pierre Airport,YGV,0.4828829316505998
2256,Babelthuap Airport,ROR,0.4827671522066755
4347,St. Mary's Airport,ISC,0.4819063555150744
6414,Yanji Chaoyangchuan Airport,YNJ,0.4814658213014223
1469,Mytilene International Airport,MJT,0.48141613909643743
3241,Frans Kaisiepo Airport,BIK,0.48079374609026737
1459,Karpathos Airport,AOK,0.47992874237389155
2288,Hakodate Airport,HKD,0.4798376044706887
2967,Volgograd International Airport,VOG,0.479462245482049
458,Tampere-Pirkkala Airport,TMP,0.47842444372260395
7375,Minaçu Airport,MQH,0.47799375
1867,Enrique Malek International Airport,DAV,0.4779539180681374
3472,Gainesville Regional Airport,GNV,0.4770925778269694
3777,Bellingham International Airport,BLI,0.47639316261956655
6391,Nanping Wuyishan Airport,WUS,0.47633120073435264
5773,Tupelo Regional Airport,TUP,0.47622502046709414
2015,Hamilton International Airport,HLZ,0.4760400110713041
2024,Nelson Airport,NSN,0.4760400110713041
1985,Mataiva Airport,MVT,0.47599610414066956
1977,Fakarava Airport,FAV,0.47599610414066956
508,Southend Airport,SEN,0.47579747444790527
3914,Ende (H Hasan Aroeboesman) Airport,ENE,0.47549704898540746
2454,Suboficial Ay Santiago Germano Airport,AFA,0.47501425888185733
3329,Rockhampton Airport,ROK,0.4743325155167452
1040,Kalemie Airport,FMI,0.4738659838948597
1889,Quepos Managua Airport,XQP,0.47295678787747164
5916,Dillon's Bay Airport,DLY,0.47293505460734314
1845,Francisco Sarabia International Airport,TRC,0.4728486019398401
7208,Koyukuk Airport,KYU,0.47264512397685277
6732,Tambor Airport,TMU,0.47260404650603527
3038,Agartala Airport,IXA,0.47193841914451523
9846,Zunyi Xinzhou Airport,ZYI,0.4719231186650627
1783,General Juan N Alvarez International Airport,ACA,0.47161082113819947
1464,Leros Airport,LRS,0.4714895212251148
1663,Timişoara Traian Vuia Airport,TSR,0.47128122161563973
4237,Déline Airport,YWJ,0.4707195040995615
2488,Brigadier Antonio Parodi Airport,EQS,0.47054739094589854
2310,Oita Airport,OIT,0.47030927307586307
5436,Vanimo Airport,VAI,0.46925445423910916
948,Nova Lisboa Airport,NOV,0.4691617267696687
953,Menongue Airport,SPP,0.4691617267696687
5418,Ramata Airport,RBV,0.46875848091757566
7453,Hatay Airport,HTY,0.4687267500514117
5587,Svolvær Helle Airport,SVJ,0.4682843590789529
1676,Bern Belp Airport,BRN,0.46781258671547765
6477,Erechim Airport,ERM,0.46675391193246657
1468,Mikonos Airport,JMK,0.46667694745046556
1839,General Lucio Blanco International Airport,REX,0.46590585067606605
7172,Port Williams Seaplane Base,KPR,0.4658374569033198
169,Sioux Lookout Airport,YXL,0.46541832319942034
1821,General Francisco J. Mujica International Airport,MLM,0.4650671961895592
4371,Naryan Mar Airport,NNM,0.46458210352274054
8227,Birchwood Airport,nan,0.46447108739651866
7373,Barreiras Airport,BRA,0.4644478907867444
645,Haugesund Airport,HAU,0.4643556535306614
3307,Sultan Mahmud Airport,TGG,0.46344732217604406
3271,Tawau Airport,TWU,0.4625686607210505
1726,Trabzon International Airport,TZX,0.46248391730447524
6767,Togiak Airport,TOG,0.4624390024235702
3089,Chandigarh Airport,IXC,0.4624328922978758
3020,Raipur Airport,RPR,0.46240447838625165
746,Visby Airport,VBY,0.46120522924729157
3430,Platinum Airport,PTU,0.4606694418867626
9744,Napaskiak Airport,PKA,0.4606694418867626
6079,Vance W. Amory International Airport,NEV,0.46011456738389134
7238,Crooked Creek Airport,CKD,0.459548851989018
6348,Tongliao Airport,TGO,0.45908588128773375
1037,Kindu Airport,KND,0.4587269104375399
3929,Adi Sumarmo Wiryokusumo Airport,SOC,0.4584834131893315
2467,Brigadier Mayor D Cesar Raul Ojeda Airport,LUQ,0.458438929766107
3242,Nabire Airport,NBX,0.4580565766850052
4141,Sandakan Airport,SDK,0.4579882337456955
638,Kristiansand Airport,KRS,0.4578770004170805
8237,Patos de Minas Airport,POJ,0.457628897105992
3905,Pangkal Pinang (Depati Amir) Airport,PGK,0.4571667118524018
7182,Selawik Airport,WLK,0.4570934579356688
6725,Noatak Airport,WTK,0.4570934579356688
2096,Prince Abdulmohsin Bin Abdulaziz Airport,YNB,0.4569888723276346
3873,Destin-Ft Walton Beach Airport,VPS,0.45654647955739913
27,Baie Comeau Airport,YBC,0.4564809096468627
3243,Moses Kilangin Airport,TIM,0.45626726877637497
6395,Zhoushan Airport,HSN,0.45516661122814395
5901,Lamap Airport,LPM,0.45491095558815275
5912,Southwest Bay Airport,SWJ,0.45491095558815275
2750,Eduardo Falla Solano Airport,SVI,0.45442089538232666
4375,Sary-Arka Airport,KGF,0.4541823835793587
662,Sandnessjøen Airport (Stokka),SSJ,0.4541619913005049
1072,Rabat-Salé Airport,RBA,0.4540298171912819
1042,Kananga Airport,KGA,0.4539380008474706
6356,Liuzhou Bailian Airport,LZH,0.4538680542444707
4304,Cheddi Jagan International Airport,GEO,0.4534607372708336
2089,Tabuk Airport,TUU,0.4534347149934774
3081,Sri Guru Ram Dass Jee International Airport,ATQ,0.45323662326914227
631,Andøya Airport,ANX,0.45304374876716275
1461,Kasos Airport,KSJ,0.4529943579056352
5933,Dasht-e Naz Airport,SRY,0.45236804477636705
2604,Senador Nilo Coelho Airport,PNZ,0.45217371552452384
6384,Huangyan Luqiao Airport,HYN,0.4517554499442042
6493,La Rochelle-Île de Ré Airport,LRH,0.4515698187442024
5433,Tari Airport,TIZ,0.45134717354657666
5588,Sørkjosen Airport,SOJ,0.4509403020712385
3948,Monterey Peninsula Airport,MRY,0.4507883374166916
2539,Serafin Enoss Bertaso Airport,XAP,0.4498033348264474
3246,Mopah Airport,MKQ,0.44953796425814563
3057,Dibrugarh Airport,DIB,0.4493093856745272
2884,Henry E Rohlsen Airport,STX,0.4486748115525519
1136,Aswan International Airport,ASW,0.4484987804070628
2166,Konarak Airport,ZBR,0.4482979979731958
6777,Capitan Corbeta CA Curbelo International Airport,PDP,0.44825526501926305
1106,São Pedro Airport,VXE,0.44789496104391546
6237,Aurukun Airport,AUU,0.4477278284624017
1856,Ixtapa Zihuatanejo International Airport,ZIH,0.44730367791428555
5920,Île Art - Waala Airport,BMY,0.4466199707750282
927,Antsirabato Airport,ANM,0.4461474520454589
11229,Beni Airport,BNC,0.44605914398314195
6360,Xiangyang Liuji Airport,XFN,0.44546856658930434
4056,Mulu Airport,MZV,0.4445109350763572
8256,Senadora Eunice Micheles Airport,OLC,0.44303272934926563
8258,Tapuruquara Airport,IRZ,0.44303272934926563
2630,São Gabriel da Cachoeira Airport,SJL,0.44303272934926563
8247,Eirunepé Airport,ERN,0.44303272934926563
547,Norwich International Airport,NWI,0.4428135599121033
647,Kristiansund Airport (Kvernberget),KSU,0.442378391444584
6270,Groote Eylandt Airport,GTE,0.44157835886729363
3055,Silchar Airport,IXS,0.44153553098336784
3258,Kaimana Airport,KNG,0.4413768337057249
3829,Lubbock Preston Smith International Airport,LBB,0.4411407455047034
4047,Appleton International Airport,ATW,0.44056668723913284
1689,Gaziantep International Airport,GZT,0.43994533437697547
933,Sambava Airport,SVB,0.4398744331829278
1785,Jesús Terán Paredo International Airport,AGU,0.43978864721012584
4286,Wilkes Barre Scranton International Airport,AVP,0.43975569448702584
1132,Luxor International Airport,LXR,0.4395759354913975
1220,A Coruña Airport,LCG,0.4395185813538529
2345,Akita Airport,AXT,0.43937780662981213
11,Akureyri Airport,AEY,0.43926722616317887
12,Egilsstaðir Airport,EGS,0.43926722616317887
15,Ísafjörður Airport,IFJ,0.43926722616317887
7490,Al Najaf International Airport,NJF,0.43905070296617005
6476,Mt. Fuji Shizuoka Airport,FSZ,0.43852767097670603
3840,Rick Husband Amarillo International Airport,AMA,0.4377540053474447
6338,Wynyard Airport,BWT,0.43688320871303044
9026,Lensk Airport,ULK,0.43623264917342003
3524,Atlantic City International Airport,ACY,0.43521410597617405
4101,Rogue Valley International Medford Airport,MFR,0.4351444244263281
270,Mallam Aminu International Airport,KAN,0.4351012389449808
5900,Tavie Airport,PBJ,0.4350441303658081
3652,Midland International Airport,MAF,0.43498924547347834
4252,Stokmarknes Skagen Airport,SKN,0.4348135922173923
1972,Tubuai Airport,TUB,0.43454684685789585
1655,Iaşi Airport,IAS,0.4344182442674131
7546,Persian Gulf International Airport,PGU,0.4343935397055956
6379,Ganzhou Airport,KOW,0.43369226118069215
3917,Komodo Airport,LBJ,0.4335145205436724
2423,Bacolod-Silay Airport,BCD,0.433241628227115
6241,Broken Hill Airport,BHQ,0.433121454271836
5952,Sulaymaniyah International Airport,ISU,0.4327290328952526
3152,Tiruchirapally Civil Airport Airport,TRZ,0.4324487212577303
1596,Haifa International Airport,HFA,0.43210173331312685
6212,Dumatumbun Airport,LUV,0.4314953896091962
6309,Normanton Airport,NTN,0.4308338898315131
1456,Kalamata Airport,KLX,0.43078960578904435
6089,Ganja Airport,KVD,0.4301983477740632
1918,Abel Santamaria Airport,SNU,0.43019472744259146
8807,Tabing Airport,nan,0.4300299823787344
7369,Santana do Araguaia Airport,CMP,0.42996354096930123
2641,Chacalluta Airport,ARI,0.42986258500315283
7073,San Luis Valley Regional Bergman Field,ALS,0.42953483313021107
6399,Luzhou Airport,LZO,0.4287381350087306
2576,Lauro Carneiro de Loyola Airport,JOI,0.42836420154039945
45,Deer Lake Airport,YDF,0.42819502758805783
6195,Vinh Airport,VII,0.4279770608093401
1759,Casa De Campo International Airport,LRM,0.42767448214661646
1842,Ponciano Arriaga International Airport,SLP,0.4275466020865131
4020,Gallatin Field,BZN,0.4273121505408182
7901,El Porvenir,PVE,0.4272034830232711
7962,Puerto Obaldia Airport,PUE,0.4272034830232711
1866,Cap Manuel Niño International Airport,CHX,0.4272034830232711
7895,Playon Chico,PYC,0.4272034830232711
5955,Bahia Piña Airport,BFQ,0.4272034830232711
5957,Contadora Airport,OTD,0.4272034830232711
5958,Sambu Airport,SAX,0.4272034830232711
4312,Chamonate Airport,nan,0.42691562414418804
634,Brønnøysund Airport,BNN,0.42583811367827046
2330,Miho Yonago Airport,YGJ,0.42503997116065195
4265,Martha's Vineyard Airport,MVY,0.42494448346637814
2106,Bushehr Airport,BUZ,0.42490558972362125
1910,Frank Pais International Airport,HOG,0.4244512208227692
7107,Hughes Airport,HUS,0.42398706026107646
8235,Sohag International Airport,HMB,0.4237662055973128
220,Rabah Bitat Airport,AAE,0.42352913551637994
6133,Tri Cities Airport,PSC,0.42319671205213477
2732,Fabio Alberto Leon Bentley Airport,MVP,0.42281343934879106
1070,Angads Airport,OUD,0.4224236681053658
2966,Astrakhan Airport,ASF,0.42241191060065625
990,Vilankulo Airport,VNX,0.42237588530430326
3002,Raja Bhoj International Airport,BHO,0.42231559442832534
4326,Valan Airport,HVG,0.4213586087473231
176,Whitehorse / Erik Nielsen International Airport,YXY,0.42084982920749237
7241,Stony River 2 Airport,SRV,0.4202659040385133
4087,Rapid City Regional Airport,RAP,0.42017561956227556
651,Molde Airport,MOL,0.419995537349241
7165,Port Lions Airport,ORI,0.4197761664554014
6368,Yulin Yuyang Airport,UYN,0.41967021597769194
6324,Roma Airport,RMA,0.4195006220517516
1250,Vigo Airport,VGO,0.41906816287024806
3633,Newport News Williamsburg International Airport,PHF,0.41904102192685294
1545,Trieste–Friuli Venezia Giulia Airport,TRS,0.4188451350170798
5566,North Ronaldsay Airport,NRL,0.4185880095874963
5571,Westray Airport,WRY,0.4185880095874963
2774,Cayenne-Rochambeau Airport,CAY,0.4178279317163846
4291,Ballina Byron Gateway Airport,BNK,0.4172782048576246
800,Ben Schoeman Airport,ELS,0.41687290345142775
7136,Elfin Cove Seaplane Base,ELV,0.41682888051970585
7137,Tenakee Seaplane Base,TKE,0.41682888051970585
4368,Ukhta Airport,UCT,0.41614396913687923
6403,Wanxian Airport,WXN,0.4161350646024908
5665,Osvaldo Vieira International Airport,OXB,0.41602005687670185
6743,Hami Airport,HMI,0.41521397041247127
1941,Exuma International Airport,GGT,0.4150238324531317
6407,Korla Airport,KRL,0.4148259036944303
3880,Great Falls International Airport,GTF,0.4146824734021833
3346,Kalgoorlie Boulder Airport,KGI,0.41459843411900393
6187,Buon Ma Thuot Airport,BMV,0.41413527245007703
239,In Salah Airport,INZ,0.41407910241743645
5527,Red Lake Airport,YRL,0.41393983615753394
1943,North Eleuthera Airport,ELH,0.41376094447214606
3247,Jalaluddin Airport,GTO,0.41321232269756747
236,El Golea Airport,ELG,0.41283838106604875
7898,Lianshui Airport,HIA,0.4126702074607398
5583,"Rørvik Airport, Ryum",RVK,0.4125160264868533
1846,Angel Albino Corzo International Airport,TGZ,0.4123127280784343
2670,Francisco De Orellana Airport,OCC,0.4122655122850308
5847,Puerto Jimenez Airport,PJM,0.4122303644462962
237,Noumérat - Moufdi Zakaria Airport,GHA,0.412217123403186
8238,Bauru - Arealva Airport,JTC,0.4109206256719826
2254,Chuuk International Airport,TKK,0.4108026300790547
3975,Ta'izz International Airport,TAI,0.4105325805787824
1013,Chileka International Airport,BLZ,0.41024564788327406
72,Hay River / Merlyn Carter Airport,YHY,0.4102414529310455
2708,Palonegro Airport,BGA,0.4100367037244131
7078,Show Low Regional Airport,SOW,0.40995117356557725
2667,Pichoy Airport,ZAL,0.40980050591559525
675,Rzeszów-Jasionka Airport,RZE,0.4096047041840532
1112,Aba Tenna Dejazmach Yilma International Airport,DIR,0.40918858245478174
6105,Kharkiv International Airport,HRK,0.40819966056527646
804,George Airport,GRJ,0.40819804264558796
460,Turku Airport,TKU,0.4081784232488076
6344,Datong Airport,DAT,0.40778799919687353
2920,Aktobe Airport,AKX,0.4076331384431257
7376,Araguaína Airport,AUX,0.4074921355647431
481,Newquay Cornwall Airport,NQY,0.40695707563727446
3782,Mobile Regional Airport,MOB,0.40675456522945713
2324,Toyama Airport,TOY,0.40662057292778975
4103,Roberts Field,RDM,0.40651209267483485
2824,Barquisimeto International Airport,BRM,0.40649125821903404
1901,Jardines Del Rey Airport,CCC,0.4063470450501553
341,Münster Osnabrück Airport,FMO,0.4062008382950145
2896,Flamingo International Airport,BON,0.4060829813085581
4038,Gulfport Biloxi International Airport,GPT,0.40584606633211456
6152,Urgench Airport,UGC,0.40578833841596523
1611,Linz Hörsching Airport,LNZ,0.40555862168920925
5589,"Vardø Airport, Svartnes",VAW,0.40549985433523533
4018,Evansville Regional Airport,EVV,0.4049496971203955
2987,Voronezh International Airport,VOZ,0.4049166368087841
6037,Macaé Airport,MEA,0.4047087940472814
7642,Tasiilaq Heliport,nan,0.4043501849429213
5777,Worland Municipal Airport,WRL,0.4039415601918397
1830,El Tajín National Airport,PAZ,0.40381749879102186
959,Lubango Airport,SDD,0.4032011525302226
3949,Santa Barbara Municipal Airport,SBA,0.4031361082846533
3491,Huron Regional Airport,HON,0.40302240754370705
3204,Phu Quoc International Airport,PQC,0.40292503276656483
6260,Coen Airport,CUQ,0.4026073089310063
2980,Bukhara Airport,BHK,0.4023233705779475
1352,Carcassonne Airport,CCF,0.4014293228340657
6265,Elcho Island Airport,ELC,0.40129891391245814
6295,Milingimbi Airport,MGT,0.40129891391245814
7102,Levelock Airport,KLL,0.4008817083715518
7158,Pilot Point Airport,PIP,0.4008817083715518
9745,Chignik Fisheries Airport,KCG,0.4008817083715518
7159,South Naknek Nr 2 Airport,WSN,0.4008817083715518
6223,Radin Inten II (Branti) Airport,TKG,0.4002548642689944
4063,Grand Junction Regional Airport,GJT,0.3998605258438235
5586,Sogndal Airport,SOG,0.3994374768969081
6034,Orlando Bezerra de Menezes Airport,JDO,0.3993607683513868
1223,Federico Garcia Lorca Airport,GRX,0.39934522892199065
6189,Cam Ranh Airport,CXR,0.39876374985545215
3039,Lengpui Airport,AJL,0.39847421230406926
4192,Kalymnos Airport,JKL,0.39823728772598643
3287,Sultan Thaha Airport,DJB,0.39818514418923395
296,Tozeur Nefta International Airport,TOE,0.39815847850090563
6140,Sovetskiy Airport,OVS,0.3980973347260504
2227,Sukkur Airport,SKZ,0.3976777863177173
371,Paderborn Lippstadt Airport,PAD,0.3974970539186964
6269,Gladstone Airport,GLT,0.39718395581866195
9756,Silver Creek Airport,SVK,0.3971506485076161
21,Sault Ste Marie Airport,YAM,0.397114367547351
200,Port Hardy Airport,YZT,0.3970670599475145
2337,Takamatsu Airport,TAK,0.39690675688753685
709,Halmstad Airport,HAD,0.39688919397209593
4309,Ancona Falconara Airport,AOI,0.3968319958756234
5432,Misima Island Airport,MIS,0.3963717768363791
9904,Richmond Airport,RCM,0.3962826034729559
530,Sumburgh Airport,LSI,0.3954487029610708
4216,Missoula International Airport,MSO,0.39507717950798604
3865,Valdez Pioneer Field,VDZ,0.3949458921843408
3664,Homer Airport,HOM,0.3949458921843408
6742,Sand Point Airport,SDP,0.3949458921843408
3325,Sunshine Coast Airport,MCY,0.3947322065646808
3181,Hat Yai International Airport,HDY,0.39466719041157683
2930,Sokol Airport,GDX,0.3943719620411959
6008,Cheongju International Airport/Cheongju Air Base (K-59/G-513),CJJ,0.39326912300988315
879,Kasane Airport,BBK,0.3923188531743201
3116,Pakse International Airport,PKZ,0.3919040518856632
607,Aarhus Airport,AAR,0.39183312147771515
7456,Raivavae Airport,RVV,0.3914121342258373
3544,Capital City Airport,LAN,0.3913962108770882
6411,Jiamusi Airport,JMU,0.39119228224858066
3042,Biju Patnaik Airport,BBI,0.3911429101199804
6769,Long Akah Airport,LKH,0.390854372007822
6215,Long Lellang Airport,LGL,0.390854372007822
6216,Long Seridan Airport,ODN,0.390854372007822
6220,Bario Airport,BBN,0.390854372007822
1196,Varna Airport,VAR,0.39083936490882476
3972,Kopitnari Airport,KUT,0.39062798970245455
582,Maastricht Aachen Airport,MST,0.39034888004040835
1121,Egal International Airport,HGA,0.3901795214532928
5934,Lar Airport,LRR,0.3897135935746599
1879,Golfito Airport,GLF,0.3895380803720917
3463,Bangor International Airport,BGR,0.3895040069344897
3183,Udon Thani Airport,UTH,0.3891348797962585
5581,Namsos Høknesøra Airport,OSY,0.3883608661622081
3609,Shreveport Regional Airport,SHV,0.3881366008010289
2136,Kerman Airport,KER,0.3869129719284237
1858,Playa De Oro International Airport,ZLO,0.38676733649133427
7503,Fuyang Xiguan Airport,FUG,0.38675990748267497
4010,Ayers Rock Connellan Airport,AYQ,0.3866903453205671
7317,Rurenabaque Airport,RBQ,0.38665981921978765
2981,Samarkand Airport,SKD,0.38656353022442685
3402,Mudanjiang Hailang International Airport,MDG,0.38623225911640596
920,Sainte Marie Airport,SMS,0.3859278618816001
7368,Gurupi Airport,GRP,0.385875
5984,Tufi Airport,TFI,0.3855642224035928
7151,Port Protection Seaplane Base,PPV,0.3855444215103905
7152,North Whale Seaplane Base,WWP,0.3855444215103905
5939,Bahawalpur Airport,BHV,0.38542160574502127
986,Quelimane Airport,UEL,0.3851550533259836
2724,Perales Airport,IBE,0.3850623491365011
2731,Los Garzones Airport,MTR,0.3850623491365011
3023,Maharana Pratap Airport,UDR,0.3849732695328947
3771,Plattsburgh International Airport,PBG,0.38496482317069314
3890,Wolter Monginsidi Airport,KDI,0.38449943656404084
1330,Clermont-Ferrand Auvergne Airport,CFE,0.38232948322564436
6149,Fergana International Airport,FEG,0.3816293378822662
2234,Basrah International Airport,BSR,0.3813158284955929
11290,Kongolo Airport,KOO,0.3812638240225251
7203,Nelson Lagoon Airport,NLG,0.38108796270783
7202,False Pass Airport,KFP,0.38108796270783
6765,King Cove Airport,KVC,0.38108796270783
6294,Merimbula Airport,MIM,0.3809135153336617
3235,Sittwe Airport,AKY,0.38090860508079627
541,Stornoway Airport,SYY,0.38065004291089427
6370,Altai Airport,LTI,0.380324907018915
1001,Joshua Mqabuko Nkomo International Airport,BUQ,0.3800915144728635
1505,Pescara International Airport,PSR,0.3796783401871147
930,Fascene Airport,NOS,0.3796548430190689
5951,Turbat International Airport,TUK,0.37934361101305974
6045,San Cristóbal Airport,SCY,0.37934027695974026
2299,Asahikawa Airport,AKJ,0.3791716497493231
5914,Aneityum Airport,AUY,0.37887445541832904
3846,Baton Rouge Metropolitan Airport,BTR,0.3786609343948604
1848,General Francisco Javier Mina International Airport,TAM,0.3786385699190539
2023,New Plymouth Airport,NPL,0.377972881697798
2031,Rotorua Regional Airport,ROT,0.377972881697798
2034,Tauranga Airport,TRG,0.377972881697798
2037,Woodbourne Airport,BHE,0.377972881697798
4095,Hawke's Bay Airport,NPE,0.377972881697798
1476,Samos Airport,SMI,0.3778810148911829
1980,Kaukura Airport,KKR,0.37782715759147795
6054,Obando Airport,PDA,0.37732027677703084
2738,German Olano Airport,PCR,0.37732027677703084
8961,Sir Bani Yas Airport,XSB,0.37714835946583863
6191,Can Tho International Airport,VCA,0.37695428555506055
9827,Semera Airport,SZE,0.37655939363981444
2942,Simferopol International Airport,SIP,0.37642205555698444
3209,Bagan Airport,NYU,0.37637143695178266
1855,General Leobardo C. Ruiz International Airport,ZCL,0.3763064847003833
730,Arvidsjaur Airport,AJR,0.3762592423214535
5599,Hemavan Airport,HMV,0.3762592423214535
5584,Røst Airport,RET,0.3760930079709815
1905,Antonio Maceo International Airport,SCU,0.3759700254281196
2533,Atlas Brasil Cantanhede Airport,BVB,0.37577463607604905
2048,Herat Airport,HEA,0.37547732834022995
728,Umeå Airport,UME,0.3752863166039965
3653,Austin Straubel International Airport,GRB,0.3752625216288374
2748,Simón Bolívar International Airport,SMR,0.3751519117434966
653,Banak Airport,LKL,0.37447491726686777
2402,General Santos International Airport,GES,0.37425854248853524
514,Blackpool International Airport,BLK,0.37407707786281263
4083,Bismarck Municipal Airport,BIS,0.3739465952070539
5562,Robin Hood Doncaster Sheffield Airport,DSA,0.3738515958093373
6969,Begishevo Airport,NBC,0.37369404511363696
2290,Memanbetsu Airport,MMB,0.37343798330758815
7163,Old Harbor Airport,OLH,0.3730913118029325
7164,Ouzinkie Airport,KOZ,0.3730913118029325
65,Îles-de-la-Madeleine Airport,YGR,0.3729038880249603
922,Morondava Airport,MOQ,0.37252949139680436
937,Tôlanaro Airport,FTU,0.37252949139680436
3560,Valley International Airport,HRL,0.37243696670514975
4365,Noyabrsk Airport,NOJ,0.37240279863930126
4110,Yibin Caiba Airport,YBP,0.3722902780426775
3104,Leh Kushok Bakula Rimpochee Airport,IXL,0.3720554823305219
7161,Karluk Airport,KYK,0.37198051055393533
7173,Seal Bay Seaplane Base,SYB,0.37198051055393533
7176,Zachar Bay Seaplane Base,KZB,0.37198051055393533
1958,Aitutaki Airport,AIT,0.37197280069791905
6944,Jining Qufu Airport,JNG,0.37182833320596936
1722,Diyarbakir Airport,DIY,0.3717957458715656
715,Gällivare Airport,GEV,0.37170978307724784
718,Kramfors Sollefteå Airport,KRF,0.37170978307724784
7364,Cabo Frio Airport,CFB,0.3709388593522596
646,Hasvik Airport,HAA,0.3705154630503923
125,Gander International Airport,YQX,0.3697904791562954
6319,Pormpuraaw Airport,EDR,0.3694784363048207
6281,Kowanyama Airport,KWM,0.3694784363048207
4116,Tri-Cities Regional TN/VA Airport,TRI,0.36915912058387956
6792,Grafton Airport,GFN,0.3691217162241591
952,Malanje Airport,MEG,0.3691215552830388
957,Saurimo Airport,VHC,0.3691215552830388
1925,Gerrard Smith International Airport,CYB,0.36896495223019
1696,Kayseri Erkilet Airport,ASR,0.3689647146542461
2852,Maturín Airport,MUN,0.3688016573124361
2861,Mayor Buenaventura Vivas International Airport,STD,0.3688016573124361
1944,Governor's Harbour Airport,GHB,0.36872319851704927
6315,Cocos (Keeling) Islands Airport,CCK,0.36857311002595317
5604,Kruger Mpumalanga International Airport,MQP,0.3684733855919483
1838,Querétaro Intercontinental Airport,QRO,0.36799246227115373
2340,Aomori Airport,AOJ,0.3679882192659518
7066,Chadron Municipal Airport,CDR,0.3675731854418916
8202,Goodnews Airport,GNU,0.3671616257733367
9739,Napakiak Airport,WNA,0.3671616257733367
3142,Madurai Airport,IXM,0.3670270629220579
1143,Lodwar Airport,LOK,0.36667004691066596
174,London Airport,YXU,0.36659531067687995
1831,Hermanos Serdán International Airport,PBC,0.36618244828855706
5861,Enua Airport,AIU,0.3661394801715956
5738,Fayetteville Regional Grannis Field,FAY,0.3659991720184897
6795,Choibalsan Airport,COQ,0.3658223252699715
2751,Gustavo Vargas Airport,TME,0.3657614853913868
7355,Los Colonizadores Airport,RVE,0.3657614853913868
1360,Béziers-Vias Airport,BZR,0.36568830829433213
2422,Daniel Z. Romualdez Airport,TAC,0.3654285595612505
7091,Chuathbaluk Airport,CHU,0.3654180744728277
2635,Mário de Almeida Franco Airport,UBA,0.3653176074878758
2495,Hermes Quijada International Airport,RGA,0.36523742981509005
6092,Polyarny Airport,PYJ,0.36503435189063166
958,Soyo Airport,SZA,0.3642544020378221
2439,General Urquiza Airport,PRA,0.3639971719115423
2460,Teniente Benjamin Matienzo Airport,TUC,0.3639971719115423
2461,Domingo Faustino Sarmiento Airport,UAQ,0.3639971719115423
2441,Sauce Viejo Airport,SFN,0.3639971719115423
2066,Jizan Regional Airport,GIZ,0.3638736646819633
2615,Professor Urbano Ernesto Stumpf Airport,SJK,0.36355764899471876
8428,Beloyarskiy Airport,EYK,0.36342429392040526
8217,Kegaska Airport,ZKG,0.3630940486475458
8244,Caçador Airport,CFC,0.3630847279070824
2932,Yelizovo Airport,PKC,0.36263116447642396
2195,Salalah Airport,SLL,0.36196018699538773
1268,Poitiers-Biard Airport,PIS,0.3617794167248325
1465,Limnos Airport,LXS,0.36097628651419206
3945,Lewiston Nez Perce County Airport,LWS,0.3609243716116333
3155,Paro Airport,PBH,0.360692756022142
1558,Marina Di Campo Airport,EBA,0.35964215376923964
976,Inhambane Airport,INH,0.35928913613663027
7563,Kulob Airport,TJU,0.3588913228136271
820,Lanseria Airport,HLA,0.3579172169976456
794,Bram Fischer International Airport,BFN,0.3575358064401615
9747,Klemtu Airport,YKT,0.3570805967853444
6492,Ain Arnat Airport,QSF,0.35703630843924555
5564,Eday Airport,EOI,0.35634692020911996
173,Northwest Regional Airport Terrace-Kitimat,YXT,0.3562206978063275
5652,Tshikapa Airport,TSH,0.3557811282857213
1053,La Palma Airport,SPC,0.3557445273571785
7562,Dickwella Airport,DIW,0.35568430789714484
3030,China Bay Airport,TRR,0.35568430789714484
6397,Dachuan Airport,DAX,0.35553378268336344
2926,Ignatyevo Airport,BQS,0.3553849472487868
3333,Albury Airport,ABX,0.3552300287658696
3356,Coffs Harbour Airport,CFS,0.3552300287658696
6139,Nyagan Airport,NYA,0.35509507822977787
1455,Kefallinia Airport,EFL,0.3543350372947212
6235,Albany Airport,ALH,0.35424418658613
9090,Busselton Regional Airport,BQB,0.35424418658613
3296,Sultan Abdul Halim Airport,AOR,0.3540849304300633
349,Saarbrücken Airport,SCN,0.35346624712023694
6485,Navoi Airport,NVI,0.35333650907396263
6432,Jiayuguan Airport,JGN,0.3528762534987111
162,Williams Lake Airport,YWL,0.35281930602634676
60,Fort Simpson Airport,YFS,0.3526258795423316
6271,Griffith Airport,GFF,0.35245148777891944
6249,Bathurst Airport,BHS,0.35245148777891944
6307,Narrandera Airport,NRA,0.35245148777891944
6317,Parkes Airport,PKE,0.35245148777891944
3826,Mc Allen Miller International Airport,MFE,0.3521966635245368
6130,Mid Delta Regional Airport,GLH,0.35212712711843697
2252,Cassidy International Airport,CXI,0.35192146618273107
1887,Palmar Sur Airport,PMZ,0.3516466940220986
6788,Vieques Airport,VQS,0.3516259443984198
3097,Jodhpur Airport,JDH,0.35128267367856253
5874,Labasa Airport,LBS,0.3511230653149418
5869,Vunisea Airport,KDV,0.3511230653149418
2332,Kōchi Ryōma Airport,KCZ,0.3507993828420078
1252,Zaragoza Air Base,ZAZ,0.350681561217631
8949,Mattala Rajapaksa International Airport,HRI,0.35055669612084867
3237,Tachileik Airport,THL,0.3503410716828307
4345,"Ørsta-Volda Airport, Hovden",HOV,0.350203902002034
4148,Luoyang Airport,LYA,0.34999104489336424
5721,Watertown Regional Airport,ATY,0.34983682027699026
3288,Fatmawati Soekarno Airport,BKS,0.3497861354681879
2587,Mário Ribeiro Airport,MOC,0.3495946328894159
2713,Camilo Daza International Airport,CUC,0.34942766565598965
244,In Aménas Airport,IAM,0.3493360682671024
9327,Comiso Airport,CIY,0.34894907803169256
4115,Montgomery Regional (Dannelly Field) Airport,MGM,0.34889520026820964
4028,Chicago Rockford International Airport,RFD,0.34864655438763714
5737,New Bedford Regional Airport,EWB,0.3480858917695698
4314,Edward Bodden Airfield,LYB,0.3478369757984585
3358,Dubbo City Regional Airport,DBO,0.3476937745697119
3074,Osmany International Airport,ZYL,0.3474129074420843
6955,Wuhai Airport,WUA,0.34740919399069026
6428,Jing Gang Shan Airport,nan,0.3474076431788598
1829,Xoxocotlán International Airport,OAX,0.3473113945662655
8962,Dalma Airport,ZDY,0.3472404022296695
2189,Fujairah International Airport,FJR,0.3472404022296695
5935,Ardabil Airport,ADU,0.3467399975153863
2991,Orenburg Central Airport,REN,0.3465933974947258
2543,Bartolomeu Lisandro Airport,CAW,0.34627059247209935
6720,Mekoryuk Airport,MYU,0.3461963488361974
4190,Astypalaia Airport,JTY,0.3458095198961099
2907,Argyle International Airport,SVD,0.345803508183929
1110,Axum Airport,AXU,0.34547650196911134
1114,Gonder Airport,GDQ,0.34547650196911134
8266,Gazipaşa Airport,GZP,0.34486885309657084
7239,Red Devil Airport,RDV,0.3447642741412974
7367,Presidente João Batista Figueiredo Airport,OPS,0.3444245617388992
6413,Qiqihar Sanjiazi Airport,NDG,0.3442797313724857
3696,South Arkansas Regional At Goodwin Field,ELD,0.3442351983757105
1721,Elazığ Airport,EZS,0.343989229388997
2664,Maquehue Airport,PZS,0.34353169044222903
3971,Batumi International Airport,BUS,0.34280753762218114
2900,Clayton J Lloyd International Airport,AXA,0.3417586975449836
5793,Corvo Airport,CVU,0.3417492846601602
3946,Elmira Corning Regional Airport,ELM,0.34162553281378744
2570,Usiminas Airport,IPN,0.3410037538668074
6183,Gan International Airport,GAN,0.34098306103638626
3784,Santa Fe Municipal Airport,SAF,0.3395799549979328
1033,Bunia Airport,BUX,0.33949202821239277
8239,Ourilândia do Norte Airport,OIA,0.33918312959729113
7669,Northwest Florida Beaches International Airport,ECP,0.33912846044690315
2233,Zhob Airport,PZH,0.33856165894176365
2566,Altamira Airport,ATM,0.3381099851902428
6301,Moranbah Airport,MOV,0.3381019833629374
4386,Albert J Ellis Airport,OAJ,0.3378447238567417
3658,Augusta Regional At Bush Field,AGS,0.3378447238567417
1610,Innsbruck Airport,INN,0.33762278778277505
3310,Presidente Nicolau Lobato International Airport,DIL,0.3374932087322058
5859,Colonel Hill Airport,CRI,0.3372252722804835
1932,Spring Point Airport,AXP,0.3372252722804835
1949,Inagua Airport,IGA,0.3372252722804835
1952,Mayaguana Airport,MYG,0.3372252722804835
1634,Pico Airport,PIX,0.33709498945733146
2477,Gobernador Horacio Guzman International Airport,JUJ,0.33707306297398665
5844,Cabo Velas Airport,nan,0.3367851685869994
949,Kuito Airport,SVP,0.33651360370004857
5630,Catumbela Airport,CBT,0.33651360370004857
9025,Bijie Feixiong Airport,BFJ,0.33607698424022137
2603,João Simões Lopes Neto International Airport,PET,0.33582936808625163
5691,Assiut International Airport,ATZ,0.3357942344487802
2808,Padre Aldamiz International Airport,PEM,0.3357823972431944
5994,Kushiro Airport,KUH,0.3355753147179002
4305,Guarani International Airport,AGT,0.33519664095800034
11473,Jinchuan Airport,JIC,0.33494983098945547
2973,Bolshoye Savino Airport,PEE,0.3347573139840161
2051,Kandahar Airport,KDH,0.33458988763995495
5643,Oranjemund Airport,OMD,0.3338962888294397
7029,Municipal,CZH,0.3338293318668594
3018,Porbandar Airport,PBD,0.3337642067030018
6359,Nanyang Jiangying Airport,NNY,0.33362320197588674
3630,Niagara Falls International Airport,IAG,0.3335071435449508
6285,Lord Howe Island Airport,LDH,0.33282817967695155
3558,Meadows Field,BFL,0.33250578565438793
2671,Mariscal Lamar Airport,CUE,0.33225622418927964
4201,Dipolog Airport,DPL,0.3319066835424093
2844,Josefa Camejo International Airport,LSP,0.33185246278495717
734,Luleå Airport,LLA,0.33182907951578244
676,"\Szczecin-Goleniów \""\""Solidarność\""\"" Airport\""""",SZZ,0.33167714897357053
6038,Frank Miloye Milenkowichi–Marília State Airport,MII,0.33145862528238645
5943,Dera Ismael Khan Airport,DSK,0.33122072868530245
3270,Labuan Airport,LBU,0.33118366491346407
3498,Minot International Airport,MOT,0.3309459342128499
6132,Kingman Airport,IGM,0.33076927903967585
410,Westerland Sylt Airport,GWT,0.33066536161766225
10792,Jumandy Airport,TNW,0.3303054579584437
209,Soummam Airport,BJA,0.3301669632543197
230,Zenata – Messali El Hadj Airport,TLM,0.3301669632543197
5601,Shire Inda Selassie Airport,SHC,0.3300608242974803
2518,Conceição do Araguaia Airport,CDJ,0.32967472627824074
3294,Sultan Iskandar Muda International Airport,BTJ,0.3291932256967596
6992,Charles M. Schulz Sonoma County Airport,STS,0.3291079903945238
1285,Castres-Mazamet Airport,DCM,0.32846012779737344
1450,Chios Island National Airport,JKH,0.32833766314655133
2344,Hanamaki Airport,HNA,0.3282197517839685
4000,Surat Thani Airport,URT,0.327454586032639
5936,Urmia Airport,OMH,0.3272429869796732
3661,Stewart International Airport,SWF,0.3272069992187883
5954,Sayun International Airport,GXF,0.32710768904838117
6350,Xilinhot Airport,XIL,0.3270346772655861
5497,Gillam Airport,YGX,0.32678439847486285
4278,Barnstable Municipal Boardman Polando Field,HYA,0.3264879437649611
8892,Kooddoo Airport,GKK,0.3263500360557327
6185,Kadhdhoo Airport,KDO,0.3263500360557327
4040,Toledo Express Airport,TOL,0.3263430497715458
4297,Bogashevo Airport,TOF,0.3261104054640204
7577,Ravensthorpe Airport,RVT,0.32599890187077696
2381,Daegu Airport,TAE,0.32577028569649513
5693,Lokichoggio Airport,LKG,0.3255693918113541
1141,Kitale Airport,KTL,0.3255693918113541
5692,Amboseli Airport,ASV,0.3255693918113541
2390,Miyako Airport,MMY,0.3253591761218349
5810,Samaná El Catey International Airport,AZS,0.3250745323336309
4153,Lien Khuong Airport,DLI,0.3249739568247436
6398,Guangyuan Airport,GYS,0.3249487209744165
2547,Hugo Cantergiani Regional Airport,CXJ,0.3248836365136183
6943,Gu-Lian Airport,OHE,0.32416351494579365
3413,Cape Lisburne LRRS Airport,LUR,0.32406530040424963
6349,Ulanhot Airport,HLH,0.3239948219368234
2678,Cotopaxi International Airport,LTX,0.3238541608351528
2742,Antonio Narino Airport,PSO,0.32347431358454404
7118,Birch Creek Airport,KBC,0.32337190347768113
7242,Healy River Airport,nan,0.32337190347768113
1814,Valle del Fuerte International Airport,LMM,0.32331649579235733
8979,Jiagedaqi Airport,JGD,0.32326891301578475
5741,Memorial Field,HOT,0.32317008060030944
11257,Dharavandhoo Airport,DRV,0.32307524189644227
3732,Monroe Regional Airport,MLU,0.323072019575166
3775,Robert Gray  Army Air Field Airport,GRK,0.323072019575166
3493,Lafayette Regional Airport,LFT,0.323072019575166
3852,Alexandria International Airport,AEX,0.323072019575166
5702,Port Sudan New International Airport,PZU,0.32304091211394614
4203,Legazpi City International Airport,LGP,0.3229421261146348
2425,Sibulan Airport,DGT,0.3229421261146348
4200,Bancasi Airport,BXU,0.3229421261146348
4204,Labo Airport,OZC,0.3229421261146348
2426,Godofredo P. Ramos Airport,MPH,0.3229421261146348
6352,Changde Airport,CGD,0.32278079140616717
4341,Liberal Mid-America Regional Airport,LBL,0.32238717223958324
5733,Dodge City Regional Airport,DDC,0.32238717223958324
5903,Maewo-Naone Airport,MWF,0.32220933463899415
6771,Walaha Airport,WLH,0.32220933463899415
5899,Sara Airport,SSR,0.32220933463899415
6047,General Rivadeneira Airport,ESM,0.32205188416230457
1794,Ciudad Obregón International Airport,CEN,0.3217522623341133
2657,Mataveri Airport,IPC,0.32154048247284545
7407,Guanambi Airport,GNM,0.3215354209379329
3092,Dehradun Airport,DED,0.32107097228140014
4336,Abraham Lincoln Capital Airport,SPI,0.320986159615483
973,São Tomé International Airport,TMS,0.3209778425013491
109,Fort Chipewyan Airport,YPY,0.32087605450862466
5742,Tri-State/Milton J. Ferguson Field,HTS,0.3208315097144883
1728,Van Ferit Melen Airport,VAN,0.3207672800548863
6375,Diqing Airport,DIG,0.3205931151164328
1755,South Caicos Airport,XSC,0.3205529670001036
4384,California Redwood Coast-Humboldt County Airport,ACV,0.32009003898099975
4039,Kalamazoo Battle Creek International Airport,AZO,0.3199837588569866
7380,Dourados Airport,DOU,0.31996139760447084
1801,General Guadalupe Victoria International Airport,DGO,0.31993562559067806
6278,King Island Airport,KNS,0.31970533361871156
1097,Nouadhibou International Airport,NDB,0.31940659230982854
6778,Walvis Bay Airport,WVB,0.31915625291347977
4369,Usinsk Airport,USK,0.3191285562039587
1278,Brive Souillac Airport,BVE,0.31907834705399823
3904,Buluh Tumbang (H A S Hanandjoeddin) Airport,TJQ,0.31877773630122325
6184,Hanimaadhoo Airport,HAQ,0.31868273544125164
5596,Torsby Airport,TYF,0.3179957936528012
4358,Kzyl-Orda Southwest Airport,KZO,0.31771840235838344
3299,Kuantan Airport,KUA,0.3176205459547081
2996,Aurangabad Airport,IXU,0.31759207782423016
3001,Vadodara Airport,BDQ,0.31759207782423016
2591,Alberto Alcolumbre Airport,MCP,0.31725313438603936
70,John C. Munro Hamilton International Airport,YHM,0.3171221192111107
1205,Rijeka Airport,RJK,0.31702642610513626
5594,Hagfors Airport,HFS,0.31701688427715535
6153,Karshi Khanabad Airport,KSQ,0.316997569958088
3328,Proserpine Whitsunday Coast Airport,PPP,0.3169039334979191
698,Mora Airport,MXX,0.3162896693259322
714,Sveg Airport,EVG,0.3162896693259322
3859,New Castle Airport,ILG,0.31620789103946906
1724,Erzurum International Airport,ERZ,0.3161827129064284
3398,Hotan Airport,HTN,0.31606024497947866
6142,Pobedilovo Airport,KVX,0.31576744984730976
946,Cabinda Airport,CAB,0.3154861143208023
5697,Gamal Abdel Nasser Airport,TOB,0.31528362702085283
4054,Dali Airport,DLU,0.3150287925877195
6072,Juan Pablo Pérez Alfonso Airport,VIG,0.31496419393043423
149,Rouyn Noranda Airport,YUY,0.3149485832005032
153,Val-d'Or Airport,YVO,0.3149485832005032
7135,Angoon Seaplane Base,AGN,0.31480921799481915
7138,Pelican Seaplane Base,PEC,0.31480921799481915
5765,Rhinelander Oneida County Airport,RHI,0.31459898700365363
3535,Falls International Airport,INL,0.31459898700365363
6837,Ford Airport,IMT,0.31459898700365363
6957,Brainerd Lakes Regional Airport,BRD,0.31459898700365363
9843,Jiuhuashan Airport,JUH,0.3145743959268608
4127,Glacier Park International Airport,FCA,0.3144923819670868
2259,Kinmen Airport,KNH,0.3142753675149325
2272,Makung Airport,MZG,0.3142753675149325
7059,Chautauqua County-Jamestown Airport,JHW,0.31411406611355985
5722,Bradford Regional Airport,BFD,0.31411406611355985
5734,DuBois Regional Airport,DUJ,0.31411406611355985
4058,Venango Regional Airport,FKL,0.31411406611355985
643,Florø Airport,FRO,0.31389689806595444
5680,Gode Airport,GDE,0.31361873925305755
5855,Long Banga Airport,LBP,0.3135524220776008
6753,Mardin Airport,MQM,0.31349561210658394
9044,Şanlıurfa GAP Airport,GNY,0.31319959951418125
586,Eelde Airport,GRQ,0.3130613447246718
164,Cranbrook/Canadian Rockies International Airport,YXC,0.31287682742302725
2535,Cascavel Airport,CAC,0.3122905893235216
462,Vaasa Airport,VAA,0.3120094412749081
977,Lichinga Airport,VXC,0.31167489983852825
2304,Fukue Airport,FUJ,0.31142523058658694
6302,Moruya Airport,MYA,0.31059261423999673
4308,Dunhuang Airport,DNH,0.3105009945039535
3705,Molokai Airport,MKK,0.30987343756673463
122,Grande Prairie Airport,YQU,0.3094330913375059
3694,Altoona Blair County Airport,AOO,0.3093908239841046
4169,John Murtha Johnstown Cambria County Airport,JST,0.3093908239841046
6056,Capitán de Av. Emilio Beltrán Airport,GYA,0.30937574995979467
6058,Capitán Av. Selin Zeitun Lopez Airport,RIB,0.30937574995979467
2069,Ha'il Airport,HAS,0.3089411351919477
2281,Hyakuri Airport,IBR,0.3089331010634077
4363,Saratov Central Airport,RTW,0.30881641673273097
2341,Yamagata Airport,GAJ,0.3080733653778017
3236,Thandwe Airport,SNW,0.30783041961669133
4296,Gillette Campbell County Airport,GCC,0.30755357472501693
5766,Southwest Wyoming Regional Airport,RKS,0.30755357472501693
1579,Karlovy Vary International Airport,KLV,0.3071431476180107
8781,Qianjiang Wulingshan Airport,JIQ,0.30708683074850746
264,Akanu Ibiam International Airport,ENU,0.306763897620191
6268,Geraldton Airport,GET,0.30627745330775324
6314,Paraburdoo Airport,PBO,0.30627745330775324
3348,Learmonth Airport,LEA,0.30627745330775324
2632,Rubem Berta Airport,URG,0.3061866859292357
4322,Klagenfurt Airport,KLU,0.30600390935041677
5885,Pointe Vele Airport,FUT,0.3059495363374524
438,Kittilä Airport,KTT,0.3057580513061643
3713,Durango La Plata County Airport,DRO,0.3056450456132331
6429,Shanhaiguan Airport,SHP,0.30558540751365165
179,Smithers Airport,YYD,0.30540088892271644
5730,North Central West Virginia Airport,CKB,0.30519820832222594
6160,Bugulma Airport,UUA,0.3051970938254267
2764,Capitan Nicolas Rojas Airport,POI,0.304568138519986
2025,Invercargill Airport,IVC,0.30455799981252535
6388,Weifang Airport,WEF,0.3044134031372497
1078,Cherif Al Idrissi Airport,AHU,0.30345838257276525
3881,Youngstown Warren Regional Airport,YNG,0.30338357304472363
2568,Itaituba Airport,ITB,0.30321579119909997
1043,Mbuji Mayi Airport,MJM,0.3030274195992054
6204,Tambolaka Airport,TMC,0.3029798219105344
2007,Taupo Airport,TUO,0.3028477023769614
2045,Whangarei Airport,WRE,0.3028477023769614
2012,Gisborne Airport,GIS,0.3028477023769614
154,Kuujjuaq Airport,YVP,0.30252216901657636
6945,Drake Bay Airport,DRK,0.3022513051345989
6731,Arenal Airport,FON,0.3022513051345989
3363,Wagga Wagga City Airport,WGA,0.3022360459468799
6052,La Pedrera Airport,LPD,0.30220092027936196
5477,Tarapacá Airport,TCD,0.30220092027936196
435,Kokkola-Pietarsaari Airport,KOK,0.302119111063265
3504,Helena Regional Airport,HLN,0.30192938440256234
1462,Alexander the Great International Airport,KVA,0.30155818825658937
2053,Mazar I Sharif Airport,MZR,0.3014849518318666
448,Pori Airport,POR,0.3010075464076407
3170,Phitsanulok Airport,PHS,0.3005158912802573
2936,Bratsk Airport,BTK,0.2999895574461014
1956,San Salvador Airport,ZSA,0.299846463575241
6427,Anqing Tianzhushan Airport,AQG,0.29946307793136306
68,Ulukhaktok Holman Airport,YHI,0.2993515699789197
4100,Idaho Falls Regional Airport,IDA,0.29917588384307436
4189,Muan International Airport,MWX,0.29886926750566506
5999,Fukushima Airport,FKS,0.29862585921874674
2029,Paraparaumu Airport,PPQ,0.29854006120610954
8259,Oriximiná Airport,ORX,0.2982514425322937
2955,Abakan Airport,ABA,0.29796182763351936
8832,Lublin Airport,LUZ,0.2978180192710821
5407,Fera/Maringe Airport,FRE,0.2978125515126241
5415,Marau Airport,RUS,0.2978125515126241
5404,Uru Harbour Airport,ATD,0.2978125515126241
5410,Santa Cruz/Graciosa Bay/Luova Airport,SCZ,0.2978125515126241
2901,Tobago-Crown Point Airport,TAB,0.2977515811544643
1983,Takapoto Airport,TKP,0.2974113458799028
6218,Bakalalan Airport,BKM,0.29693762991612954
1446,Dimokritos Airport,AXD,0.2965716974243181
3118,Savannakhet Airport,ZVK,0.2961647943786542
685,Ronneby Airport,RNB,0.2958621503087415
5597,Ängelholm-Helsingborg Airport,AGH,0.2958621503087415
707,Kalmar Airport,KLR,0.2958621503087415
721,Sundsvall-Härnösand Airport,SDL,0.2958621503087415
4191,Ikaria Airport,JIK,0.295632210853332
3937,Ubon Ratchathani Airport,UBP,0.29560974784313854
601,Kerry Airport,KIR,0.2954824858705608
3232,Putao Airport,PBU,0.29536699054248566
2879,L'Espérance Airport,SFG,0.2953476687021696
515,Humberside Airport,HUY,0.2951663943094157
7506,Xingyi Airport,ACX,0.2950894498996736
4197,Marsa Alam International Airport,RMF,0.2945138416435051
6188,Cat Bi International Airport,HPH,0.2943712151382501
1320,Metz-Nancy-Lorraine Airport,ETZ,0.29412406627003856
6190,Co Ong Airport,VCS,0.2939965271362337
6365,Qingyang Airport,IQN,0.2939522312769676
4023,Cherry Capital Airport,TVC,0.293707125817075
4045,Central Wisconsin Airport,CWA,0.293707125817075
3976,Hodeidah International Airport,HOD,0.2936631000666407
56,Fredericton Airport,YFC,0.29353349715866806
3437,Fort Smith Regional Airport,FSM,0.29330628544851517
3201,Phu Bai Airport,HUI,0.2929553034309951
5613,Los Alamitos Army Air Field,nan,0.2927989626276364
6367,Yan'an Ershilipu Airport,ENY,0.2927006381773078
442,Mariehamn Airport,MHQ,0.2923211832189261
4128,MBS International Airport,MBS,0.2918901280223899
6073,Ji-Paraná Airport,JPR,0.29179915791894756
1350,Saint-Étienne-Bouthéon Airport,EBU,0.2917284395264875
2918,Semipalatinsk Airport,PLX,0.2913726386135917
6141,Izhevsk Airport,IJK,0.29043038056602033
5740,Central Nebraska Regional Airport,GRI,0.2902416559220373
1738,Gibraltar Airport,GIB,0.2900402123487944
2961,Uytash Airport,MCX,0.28998339491734254
1514,Reggio Calabria Airport,REG,0.28975474036036414
127,Quesnel Airport,YQZ,0.2896830411362917
6382,Quzhou Airport,JUZ,0.28949507080768866
6410,Heihe Airport,HEK,0.289471656522625
2361,Gwangju Airport,KWJ,0.28940195988103123
9824,Tazadit Airport,OUZ,0.28925366047595996
6374,Mörön Airport,MXV,0.2889678886532041
1534,Cuneo International Airport,CUF,0.28889064246980223
3744,Corpus Christi International Airport,CRP,0.2887171390822579
2556,Fernando de Noronha Airport,FEN,0.2884903684737996
112,Red Deer Regional Airport,YQF,0.2880397462884575
6376,Mangshi Airport,LUM,0.28799553428834174
6151,Nukus Airport,NCU,0.2879238114696411
4318,University Park Airport,SCE,0.28776517102311283
3598,Duluth International Airport,DLH,0.28773961236773343
4145,Dongying Shengli Airport,DOY,0.28727747869025994
3671,Melbourne International Airport,MLB,0.28714431063145707
3730,Coastal Carolina Regional Airport,EWN,0.28714431063145707
3950,Daytona Beach International Airport,DAB,0.28714431063145707
3377,Pyongyang Sunan International Airport,FNJ,0.28694227629341457
658,"Svalbard Airport, Longyear",LYR,0.28657277528833397
3415,Hilo International Airport,ITO,0.28646508241302693
4048,Rochester International Airport,RST,0.2864186383163238
6209,Kalimarau Airport,BEJ,0.2863570282700305
5572,Land's End Airport,LEQ,0.2863030553081481
1058,Melilla Airport,MLN,0.28570624356366475
6401,Nanchong Airport,NAO,0.2853974021561371
1692,Malatya Tulga Airport,nan,0.28539308303161276
1276,Tarbes-Lourdes-Pyrénées Airport,LDE,0.2853251753282795
3282,Ketapang(Rahadi Usman) Airport,KTG,0.2852841143045786
8858,Sannvhe,TVS,0.284669704570977
1820,General Rodolfo Sánchez Taboada International Airport,MXL,0.28451942966429045
5883,Vanua Balavu Airport,VBV,0.2844992109969973
5867,Cicia Airport,ICI,0.2844992109969973
5873,Lakeba Island Airport,LKB,0.2844992109969973
4077,Funafuti International Airport,FUN,0.2844992109969973
182,Charlottetown Airport,YYG,0.28441361670070764
339,Erfurt Airport,ERF,0.28431616099664214
4235,Kaadedhdhoo Airport,KDM,0.2842538856680209
1274,Pau Pyrénées Airport,PUF,0.2842085645469493
4377,Uray Airport,URJ,0.28417903128178107
8417,Jixi Xingkaihu Airport,JXA,0.28401000020507616
9107,Yichun Mingyueshan Airport,YIC,0.2836660856683346
6381,Jiujiang Lushan Airport,JIU,0.28341159636989804
1639,São Jorge Airport,SJZ,0.2832207788179919
8407,Handan Airport,HDG,0.2828041831072605
1567,Perugia San Francesco d'Assisi – Umbria International Airport,PEG,0.2823022882488109
393,Zweibrücken Airport,ZQW,0.28213198374708937
2963,Stavropol Shpakovskoye Airport,STW,0.2821018291825691
2297,Tsushima Airport,TSJ,0.28184445082303644
3254,Syukuran Aminuddin Amir Airport,LUW,0.2811017699181703
929,Amborovy Airport,MJN,0.2806583429661492
4199,Francisco B. Reyes Airport,USU,0.2804556926680192
6016,Surigao Airport,SUG,0.2804556926680192
1109,Arba Minch Airport,AMH,0.2798727881376432
1119,Asosa Airport,ASO,0.2798727881376432
6217,Mukah Airport,MKM,0.2789690673913828
235,Biskra Airport,BSK,0.2788965879756367
1356,Perpignan-Rivesaltes (Llabanère) Airport,PGF,0.2786792417473117
5809,Salt Cay Airport,SLX,0.2785991033580923
432,Kemi-Tornio Airport,KEM,0.27842425373180935
2286,Tokachi-Obihiro Airport,OBO,0.2781780523926181
2311,Kitakyūshū Airport,KKJ,0.2781780523926181
5488,Nain Airport,YDP,0.27800451812191923
1448,Nea Anchialos Airport,VOL,0.27791689997269414
3924,Muhammad Salahuddin Airport,BMU,0.2778332733945632
7237,Coffman Cove Seaplane Base,KCC,0.27782145694493493
7148,Hydaburg Seaplane Base,HYG,0.27782145694493493
7150,Point Baker Seaplane Base,KPB,0.27782145694493493
3334,Melbourne Essendon Airport,MEB,0.2775
8243,São Félix do Araguaia Airport,SXO,0.2775
6021,Tuguegarao Airport,TUG,0.27745930033984717
6026,Roxas Airport,RXS,0.27745930033984717
2399,Awang Airport,CBO,0.27745930033984717
3994,Tagbilaran Airport,TAG,0.27745930033984717
6737,Pajala Airport,PJA,0.27728074478282905
6404,Aksu Airport,AKU,0.27677768519399487
2103,Mahshahr Airport,MRX,0.2761273433156166
6080,Virgin Gorda Airport,VIJ,0.27571654799555034
7194,Tin City Long Range Radar Station Airport,TNC,0.27571388494860094
3331,Weipa Airport,WEI,0.2756122553789501
2541,Diomício Freitas Airport,CCM,0.2750927369904795
1376,Tours-Val-de-Loire Airport,TUF,0.2748762927583927
2203,Gwadar International Airport,GWD,0.2745389412065258
1262,Agen-La Garenne Airport,AGF,0.2743395114312201
5896,Siwo Airport,EAE,0.27430140787715956
5911,Valesdir Airport,VLS,0.27430140787715956
5909,Tongoa Airport,TGH,0.27430140787715956
6318,Port Lincoln Airport,PLO,0.2741458010047008
446,Oulu Airport,OUL,0.27363807939660534
5932,Noshahr Airport,NSH,0.27358060329011236
2142,Birjand Airport,XBJ,0.27358060329011236
2151,Ramsar Airport,RZR,0.27358060329011236
2916,Uralsk Airport,URA,0.27341985077591807
5980,Losuia Airport,LSA,0.27318588841818964
1441,St Pierre Airport,FSP,0.2731532553258047
917,Pierrefonds Airport,ZSE,0.2731441032658109
5552,Batna Airport,BLJ,0.2730033406953201
5959,Adak Airport,ADK,0.2724729460921705
3429,Iliamna Airport,ILI,0.2724729460921705
468,City of Derry Airport,LDY,0.27243434205910383
2717,Las Brujas Airport,CZU,0.2712180761368471
2712,Gerardo Tobar López Airport,BUN,0.2712180761368471
2719,Gustavo Artunduaga Paredes Airport,FLA,0.2712180761368471
2734,Benito Salas Airport,NVA,0.2712180761368471
2747,Jorge E. Gonzalez Torres Airport,SJE,0.2712180761368471
2752,Santiago Perez Airport,AUC,0.2712180761368471
2755,Alfonso López Pumarejo Airport,VUP,0.2712180761368471
6055,El Yopal Airport,EYP,0.2712180761368471
5509,Kimmirut Airport,YLC,0.2711548747251479
2807,Coronel FAP Carlos Ciriani Santa Rosa International Airport,TCQ,0.2711530223327779
1746,Košice Airport,KSC,0.2711183754301735
3691,Laredo International Airport,LRD,0.27093122864940994
5556,Kumasi Airport,KMS,0.2705912482170893
2550,Presidente Prudente Airport,PPB,0.2704009427199938
4215,Nelson Ribeiro Guimarães Airport,CLV,0.2704009427199938
1694,Sivas Nuri Demirağ Airport,VAS,0.26987939351461326
1895,Cap Haitien International Airport,CAP,0.26984941860843603
6046,Camilo Ponce Enriquez Airport,LOH,0.2697956467146074
877,Francistown Airport,FRW,0.26967645340126417
225,Bou Chekif Airport,TID,0.269156201869645
113,Windsor Airport,YQG,0.2690320859818672
5557,Heringsdorf Airport,HDF,0.26882910729896625
1993,Hao Airport,HOI,0.2685754679742194
1984,Arutua Airport,AXR,0.2685754679742194
5727,Jack Mc Namara Field Airport,CEC,0.268544641119263
1454,Kithira Airport,KIT,0.2683330732729482
6354,Meixian Airport,MXZ,0.2682011684540707
4049,University of Illinois Willard Airport,CMI,0.26793815130594595
4050,Manhattan Regional Airport,MHK,0.26793815130594595
3719,Columbia Regional Airport,COU,0.26793815130594595
3911,Tjilik Riwut Airport,PKY,0.2674418610065092
224,Hassi R'Mel Airport,HRM,0.26725154579847427
5768,San Luis County Regional Airport,SBP,0.26709007518788075
6402,Nyingchi Airport,LZY,0.26704642002724155
3894,Abdul Rachman Saleh Airport,MLG,0.2667179710187636
6051,Caucaya Airport,LQM,0.2665401471924168
168,Fort St John Airport,YXJ,0.26650116815206754
172,Prince George Airport,YXS,0.26650116815206754
1691,Konya Airport,KYA,0.2664429340589735
8180,Zona da Mata Regional Airport,IZA,0.2663987745525051
5585,Sandane Airport (Anda),SDN,0.26612453486253557
3068,Cox's Bazar Airport,CXB,0.26560162062971376
3071,Jessore Airport,JSR,0.26560162062971376
4389,Forde Bringeland,FDE,0.26557225445953764
7862,Tengchong Tuofeng Airport,TCZ,0.2654061273682309
3933,Nakhon Si Thammarat Airport,NST,0.2653637287170789
3936,Nakhon Phanom Airport,KOP,0.2653637287170789
3182,Trang Airport,TST,0.2653637287170789
2672,Seymour Airport,GPS,0.26467013847987003
4284,Morgantown Municipal Walter L. Bill Hart Field,MGW,0.2644742118075994
8630,Bayannur Tianjitai Airport,RLK,0.2639548885870324
1979,Totegegie Airport,GMR,0.26391357879573885
1981,Makemo Airport,MKP,0.26391357879573885
4218,Bundaberg Airport,BDB,0.2639099506789293
4217,Blackall Airport,BKQ,0.2639099506789293
3990,Emerald Airport,EMD,0.2639099506789293
6053,Reyes Murillo Airport,NQU,0.26384427299965413
2711,José Celestino Mutis Airport,BSC,0.26384427299965413
6962,Branson Airport,BKG,0.2635723614381198
3906,Raja Haji Fisabilillah International Airport,TNJ,0.2635403450603565
5832,Puerto Lempira Airport,PEU,0.2633428642082514
6433,Dandong Airport,DDG,0.26328845615068724
1412,Caen-Carpiquet Airport,CFR,0.2631957720372827
78,Kamloops Airport,YKA,0.2630429468176238
9845,Saertu Airport,DQA,0.2629708154361967
772,Rostock-Laage Airport,RLG,0.2625489223294942
4276,Erie International Tom Ridge Field,ERI,0.26239341595620747
2296,Yamaguchi Ube Airport,UBJ,0.26207526470973996
3913,Maumere(Wai Oti) Airport,MOF,0.2619554142653417
7160,Akhiok Airport,AKK,0.2615456559014662
7162,Larsen Bay Airport,KLN,0.2615456559014662
7167,Amook Bay Seaplane Base,AOS,0.2615456559014662
7168,Kitoi Bay Seaplane Base,KKB,0.2615456559014662
6231,Stagen Airport,KBU,0.26143661744700936
7579,Provo Municipal Airport,PVU,0.2612325388313118
5862,Mangaia Island Airport,MGS,0.2609864003489595
5865,Mitiaro Island Airport,MOI,0.2609864003489595
5864,Mauke Airport,MUK,0.2609864003489595
6972,Warri Airport,QRW,0.26026532827785676
262,Benin Airport,BNI,0.26026532827785676
6730,Sam Mbakwe International Airport,QOW,0.26026532827785676
263,Margaret Ekpo International Airport,CBQ,0.26026532827785676
4052,Hervey Bay Airport,HVB,0.2599489581584545
3359,Norfolk Island International Airport,NLK,0.2599489581584545
2854,General Bartolome Salom International Airport,PBL,0.2597621889528222
4129,Greater Binghamton/Edwin A Link field,BGM,0.25967154018851624
3944,Pullman Moscow Regional Airport,PUW,0.2596578494097281
6412,Jinzhou Airport,JNZ,0.25958336605725796
660,Stord Airport,SRP,0.25954534686749237
1808,Licenciado Miguel de la Madrid Airport,CLQ,0.2594435284569194
1802,Amado Nervo National Airport,TPQ,0.2594435284569194
3838,Watertown International Airport,ART,0.25943333563052884
625,Vagar Airport,FAE,0.2593818751757786
3396,Xichang Qingshan Airport,XIC,0.2593494342952627
6193,Phu Cat Airport,UIH,0.25892850563033126
3642,Salisbury Ocean City Wicomico Regional Airport,SBY,0.25883498878102995
5715,Southwest Georgia Regional Airport,ABY,0.2587405277490168
3259,Babo Airport,BXB,0.2585388573041252
2917,Pavlodar Airport,PWQ,0.25847818443330073
5811,La Isabela International Airport,JBQ,0.2583713177631818
6303,Mount Gambier Airport,MGB,0.25832098081125077
1837,Puerto Escondido International Airport,PXM,0.2583160436806449
579,Mount Pleasant Airport,MPN,0.25823884385931883
1531,Parma Airport,PMF,0.25808150442503214
3624,Teterboro Airport,TEB,0.25802474787181495
6963,Tongren Fenghuang Airport,TEN,0.2578899321510495
2885,Rafael Hernandez Airport,BQN,0.25782101899886045
2525,Araçatuba Airport,ARU,0.257807895529897
2870,Dr. Antonio Nicolás Briceño Airport,VLV,0.257674926764004
2822,Barinas Airport,BNS,0.257674926764004
2849,Alberto Carnevalli Airport,MRD,0.257674926764004
8826,Changbaishan Airport,NBS,0.25751013293427016
291,Gabès Matmata International Airport,GAE,0.2574209172095054
1153,Kufra Airport,AKF,0.2573660123874942
6088,Kostanay West Airport,KSN,0.25730949309244366
190,Kapuskasing Airport,YYU,0.2572871052792029
8914,Termas de Río Hondo international Airport,RHD,0.25699858595577135
2455,Catamarca Airport,CTC,0.25699858595577135
2456,Vicecomodoro Angel D. La Paz Aragonés Airport,SDE,0.25699858595577135
2458,Capitan V A Almonacid Airport,IRJ,0.25699858595577135
2469,Resistencia International Airport,RES,0.25699858595577135
2474,Libertador Gral D Jose De San Martin Airport,PSS,0.25699858595577135
2492,El Tehuelche Airport,PMY,0.25699858595577135
2517,Aviador C. Campos Airport,CPC,0.25699858595577135
2470,Formosa Airport,FMA,0.25699858595577135
2491,Gobernador Castello Airport,VDM,0.25699858595577135
2512,Santa Rosa Airport,RSA,0.25699858595577135
7067,Alliance Municipal Airport,AIA,0.2569499290195698
1105,Preguiça Airport,SNE,0.25687279505854527
3947,Ithaca Tompkins Regional Airport,ITH,0.2567224124103434
2549,Cruzeiro do Sul Airport,CZS,0.2566747036569667
8314,Hilton Head Airport,HHH,0.25628932804497906
7358,La Macarena,LMC,0.25610220064018374
4062,Armidale Airport,ARM,0.25598796563797954
1289,Rodez-Marcillac Airport,RDZ,0.25588004076801574
3851,Lanai Airport,LNY,0.2557387194059191
2365,Yeosu Airport,RSU,0.25572598970679755
2374,Ulsan Airport,USN,0.25572598970679755
2380,Pohang Airport (G-815/K-3),KPO,0.25572598970679755
5672,Hassan I Airport,EUN,0.25570691298631415
135,Saint John Airport,YSJ,0.25521134248482635
1729,Batman Airport,BAL,0.2548994657491997
1723,Erzincan Airport,ERC,0.2548994657491997
6782,Muş Airport,MSR,0.2548994657491997
5796,Kars Airport,KSY,0.2548994657491997
5798,Kahramanmaraş Airport,KCM,0.2548994657491997
6222,Kudat Airport,KUD,0.2548026495012799
5942,Dera Ghazi Khan Airport,DEA,0.25463047103050646
2722,Juan Casiano Airport,GPI,0.2545124748953944
1439,Nîmes-Arles-Camargue Airport,FNI,0.254337268498138
177,North Bay Jack Garland Airport,YYB,0.2543061101505344
6266,Esperance Airport,EPR,0.25418496887183545
6310,Newman Airport,ZNE,0.25418496887183545
9905,RAAF Base Curtin,DCN,0.25418496887183545
7065,Sidney - Richland Regional Airport,SDY,0.254110034771423
7070,Dawson Community Airport,GDV,0.254110034771423
7071,L M Clayton Airport,OLF,0.254110034771423
5739,Wokal Field Glasgow International Airport,GGW,0.254110034771423
3604,Havre City County Airport,HVR,0.254110034771423
7062,Shenandoah Valley Regional Airport,SHD,0.25374238054844384
924,Mananara Nord Airport,WMR,0.2535535604049704
1546,Federico Fellini International Airport,RMI,0.25352356132496034
6194,Pleiku Airport,PXU,0.25349630510924603
6007,Sacheon Air Base/Airport,HIN,0.2533769501147493
2577,Presidente João Suassuna Airport,CPV,0.25320858784678624
888,Bangui M'Poko International Airport,BGF,0.2529994664400376
3012,Khajuraho Airport,HJR,0.2525915280319097
6066,Mayor General FAP Armando Revoredo Iglesias Airport,CJA,0.2524909434568756
6067,Alferez Fap David Figueroa Fernandini Airport,HUU,0.2524909434568756
2786,Coronel FAP Alfredo Mendivil Duarte Airport,AYP,0.2524909434568756
2809,Capitán FAP Guillermo Concha Iberico International Airport,PIU,0.2524909434568756
865,Pierre Van Ryneveld Airport,UTN,0.25246870408330563
815,Kimberley Airport,KIM,0.25246870408330563
811,Hoedspruit Air Force Base Airport,HDS,0.25246870408330563
2295,Iki Airport,IKI,0.25226367105948605
1789,Ciudad del Carmen International Airport,CME,0.2519764299137474
1786,Bahías de Huatulco International Airport,HUX,0.2519764299137474
5511,St Georges Airport,nan,0.25131293977116587
5526,Rae Lakes Airport,YRA,0.25131293977116587
7277,Wekweètì Airport,YFJ,0.25131293977116587
5463,Whatì Airport,YLE,0.25131293977116587
2956,Barnaul Airport,BAX,0.25131219930775334
2957,Kemerovo Airport,KEJ,0.25131219930775334
901,Garoua International Airport,GOU,0.2510685670055791
1202,Osijek Airport,OSI,0.25106312891896376
9849,Anshun Huangguoshu Airport,AVA,0.2507941902837072
3022,Surat Airport,STV,0.25078482041385314
3009,Jabalpur Airport,JLR,0.25078482041385314
2278,Hualien Airport,HUN,0.25071535860313643
3019,Rajkot Airport,RAJ,0.2502108861155655
6174,Dimapur Airport,DMU,0.25011555834878363
3872,Casper-Natrona County International Airport,CPR,0.250099722443796
1617,Santa Maria Airport,SMA,0.24989890207464602
9898,Oksibil Airport,OKL,0.24984598808604855
3245,Wamena Airport,WMX,0.24984598808604855
6159,Vorkuta Airport,VKT,0.24980917204820763
5699,La Abraq Airport,LAQ,0.24925715970293344
6095,Tiksi Airport,IKS,0.24918099762959237
6093,Chokurdakh Airport,CKH,0.24918099762959237
6094,Cherskiy Airport,CYX,0.24918099762959237
6409,Yining Airport,YIN,0.24910097769741513
2222,Shaikh Zaid Airport,RYK,0.24894866364894108
364,Lübeck Blankensee Airport,LBC,0.2485585202537823
6148,Andizhan Airport,AZN,0.2485366277104809
2060,Al Ahsa Airport,HOF,0.2477304917578904
7395,Romeu Zema Airport,AAX,0.24755857674710297
6735,Coronel Altino Machado de Oliveira Airport,GVR,0.24755857674710297
1582,Ostrava Leos Janáček Airport,OSR,0.247417802046445
1904,Ignacio Agramonte International Airport,CMW,0.24729638602828993
4353,Anapa Vityazevo Airport,AAQ,0.24709526332361093
2212,Moenjodaro Airport,MJD,0.24707277157309185
2062,Bisha Airport,BHH,0.2462984979601325
2075,Nejran Airport,EAM,0.2462984979601325
2061,Al Baha Airport,ABT,0.2462984979601325
1032,Matari Airport,IRP,0.2461590067202163
7479,Okha Airport,OHH,0.24514900526292527
1127,Abu Simbel Airport,ABS,0.2450489068981485
3543,Lincoln Airport,LNK,0.2448988224223054
3300,Kerteh Airport,KTE,0.24359683603404156
9774,Mocopulli Airport,MHC,0.24337311954967325
4131,Nan Airport,NNT,0.2428340269217178
79,Waterloo Airport,YKF,0.24271550349692014
538,Benbecula Airport,BEB,0.2422882581586885
3079,Agra Airport,AGR,0.24200791887365597
6924,Ust-Kut Airport,UKX,0.2416407684860211
8944,Bodaybo Airport,ODO,0.2416407684860211
3715,Easterwood Field,CLL,0.24151662376340338
3738,Brownsville South Padre Island International Airport,BRO,0.24151662376340338
3848,Tyler Pounds Regional Airport,TYR,0.24151662376340338
3513,Lake Charles Regional Airport,LCH,0.24151662376340338
1658,Sibiu International Airport,SBZ,0.2407370462019151
2705,El Eden Airport,AXM,0.24073260856865056
5747,Arnold Palmer Regional Airport,LBE,0.23990354317617268
5593,Åre Östersund Airport,OSD,0.23898940825991974
3596,Yuma MCAS/Yuma International Airport,YUM,0.23897054264373183
5671,Mogador Airport,ESU,0.2386920574786578
4219,Grand Canyon National Park Airport,GCN,0.23859019001835222
5857,Arthur's Town Airport,ATC,0.2383555987835854
1950,Deadman's Cay Airport,LGI,0.2383555987835854
1946,Rock Sound Airport,RSD,0.2383555987835854
1951,Stella Maris Airport,SML,0.2383555987835854
688,Jönköping Airport,JKG,0.2381878319326139
2401,Pagadian Airport,PAG,0.2379692592214034
3938,Khon Kaen Airport,KKC,0.23792788348459906
9310,Daocheng Yading Airport,DCY,0.23749512540851114
4044,La Crosse Municipal Airport,LSE,0.2373424769170455
1627,Graciosa Airport,GRW,0.2371960873826854
5420,Chimbu Airport,CMU,0.23702383639419175
5437,Wapenamanda Airport,WBM,0.23702383639419175
5429,Mendi Airport,MDU,0.23702383639419175
1482,Skiros Airport,SKU,0.23690178290816713
3984,Socotra International Airport,SCT,0.23689070446452118
8381,Majeed Bin Abdulaziz Airport,ULH,0.23665096819270565
1065,Tan Tan Airport,TTA,0.23657387563878102
1140,Kisumu Airport,KIS,0.23643044245243372
6435,Bao'anying Airport,PZI,0.23628807843646044
2336,Tokushima Airport/JMSDF Air Base,TKS,0.23545203492841207
3979,Al Ghaidah International Airport,AAY,0.235392880568667
7018,Thief River Falls Regional Airport,TVF,0.23511353501012264
6018,Naga Airport,WNP,0.23497286689323144
6019,Basco Airport,BSO,0.23497286689323144
6024,Catarman National Airport,CRM,0.23497286689323144
4202,Laoag International Airport,LAO,0.23497286689323144
726,Skellefteå Airport,SFT,0.23470829855977887
3675,Sawyer International Airport,MQT,0.23445827973462607
1438,Toulon-Hyères Airport,TLN,0.23397336919846032
1679,St Gallen Altenrhein Airport,ACH,0.23382579215447286
2316,Amami Airport,ASJ,0.23374732296675724
2346,Misawa Air Base,MSJ,0.23374732296675724
5703,Bukoba Airport,BKZ,0.23348833293754298
11258,Saumlaki/Olilit Airport,SXK,0.23340959230170624
5554,Bordj Badji Mokhtar Airport,BMW,0.23332524382001574
1405,Dinard-Pleurtuit-Saint-Malo Airport,DNR,0.23277651044318295
890,Bata Airport,BSG,0.2325510367111428
5701,Nyala Airport,UYL,0.23243882815805877
1169,El Fasher Airport,ELF,0.23243882815805877
6768,Geneina Airport,EGN,0.23243882815805877
5670,Dakhla Airport,VIL,0.23225214378180398
3674,Rickenbacker International Airport,LCK,0.23201480995242257
2202,Faisalabad International Airport,LYP,0.23190616618385612
522,Durham Tees Valley Airport,MME,0.2317424486230764
5776,Valdosta Regional Airport,VLD,0.23155539581176257
5725,Brunswick Golden Isles Airport,BQK,0.23155539581176257
4255,Columbus Metropolitan Airport,CSG,0.23155539581176257
4273,Golden Triangle Regional Airport,GTR,0.23155539581176257
3739,Dothan Regional Airport,DHN,0.23155539581176257
6358,Enshi Airport,ENH,0.23102750355188043
6110,Solovki Airport,CSH,0.23094651759617368
1637,Porto Santo Airport,PXO,0.23081131595900936
5457,Anahim Lake Airport,YAA,0.23060976723993054
6013,Jolo Airport,JOL,0.23049106619307863
3958,Palanga International Airport,PLQ,0.23041035516988545
249,Tamale Airport,TML,0.23039416547805952
3072,Shah Mokhdum Airport,RJH,0.2299934669780462
108,Prince Rupert Airport,YPR,0.22997292632434074
175,Abbotsford Airport,YXX,0.22971654566875296
2860,Santa Elena de Uairen Airport,SNV,0.22957743069365827
2830,Canaima Airport,CAJ,0.22957743069365827
2035,Timaru Airport,TIU,0.2294328204916886
2046,Westport Airport,WSZ,0.2294328204916886
441,Lappeenranta Airport,LPP,0.22928001035011233
5794,Banja Luka International Airport,BNX,0.22886415741168992
4013,LTS Pulau Redang Airport,RDN,0.22885885983278043
4349,Narvik Framnes Airport,NVK,0.22879097462074968
2110,Bandar Lengeh Airport,BDH,0.22816559220823496
2243,Rota International Airport,ROP,0.22803214779673686
1082,Cap Skirring Airport,CSK,0.22800506693297012
2258,Yap International Airport,YAP,0.22753731268655542
1062,Spriggs Payne Airport,MLW,0.22751077249194357
11230,Boende Airport,BNB,0.22746308641501467
3264,Limbang Airport,LMN,0.2273019499302211
7313,Uyuni Airport,UYU,0.22728406925999303
4271,St Cloud Regional Airport,STC,0.22716979223387498
1309,Dole-Tavaux Airport,DLE,0.22698912574002617
2622,Trombetas Airport,TMT,0.22660789559955
34,Castlegar/West Kootenay Regional Airport,YCG,0.22651470498989712
33,Nanaimo Airport,YCD,0.22651470498989712
1052,Hierro Airport,VDE,0.22629377387219965
1511,Pantelleria Airport,PNL,0.2260265988259394
2291,Nakashibetsu Airport,SHB,0.22601764157102827
2294,Wakkanai Airport,WKJ,0.22601764157102827
7372,Parintins Airport,PIN,0.2252582120253497
2628,Tabatinga Airport,TBT,0.2252582120253497
7398,Coari Airport,CIZ,0.2252582120253497
7399,Barcelos Airport,BAZ,0.2252582120253497
2014,Hokitika Airfield,HKK,0.2251251793208368
3215,Kengtung Airport,KET,0.22424418259093862
5800,Adıyaman Airport,ADF,0.22410983587438385
5799,Ağrı Airport,AJI,0.22410983587438385
9043,Iğdır Airport,IGD,0.22410983587438385
9272,Bingöl Çeltiksuyu Airport,BGG,0.22410983587438385
6098,Ugolny Airport,DYR,0.2238796524050462
126,Sydney / J.A. Douglas McCurdy Airport,YQY,0.22384404819339787
2017,Kerikeri Airport,KKE,0.2234148818852728
2018,Kaitaia Airport,KAT,0.2234148818852728
2041,Whakatane Airport,WHK,0.2234148818852728
2047,Wanganui Airport,WAG,0.2234148818852728
6396,Qamdo Bangda Airport,BPX,0.22329885732298593
5758,Owensboro Daviess County Airport,OWB,0.22327446916089097
1851,Tapachula International Airport,TAP,0.22316768807726614
6748,Ilam Airport,IIL,0.22315939422527395
6749,Parsabade Moghan Airport,PFQ,0.22315939422527395
5931,Sabzevar National Airport,AFZ,0.22315939422527395
2117,Sanandaj Airport,SDG,0.22315939422527395
5927,Khoram Abad Airport,KHD,0.22315939422527395
7547,Yasouj Airport,YES,0.22315939422527395
5928,Bam Airport,BXR,0.22315939422527395
5930,Bojnord Airport,BJB,0.22315939422527395
5940,Chitral Airport,CJL,0.22310645818223207
1242,San Sebastian Airport,EAS,0.22293594157608007
733,Stockholm Västerås Airport,VST,0.22285303820905303
4249,Juancho E. Yrausquin Airport,SAB,0.22237394955339446
9844,Anshan Air Base,AOG,0.22233753844594464
5837,El Lencero Airport,JAL,0.2222106957870966
1795,Ingeniero Alberto Acuña Ongay International Airport,CPE,0.2222106957870966
1813,Lázaro Cárdenas Airport,LZC,0.2222106957870966
1818,General Servando Canales International Airport,MAM,0.2222106957870966
1798,General Pedro Jose Mendez International Airport,CVM,0.2222106957870966
1822,Minatitlán/Coatzacoalcos National Airport,MTT,0.2222106957870966
1834,Piedras Negras International Airport,PDS,0.2222106957870966
2911,Taraz Airport,DMB,0.2221392453174259
6085,Zhezkazgan Airport,DZN,0.2221392453174259
6084,Petropavlosk South Airport,PPK,0.2221392453174259
6146,Kurgan Airport,KRO,0.22196943831841318
7003,Ulyanovsk Baratayevka Airport,ULV,0.22196943831841318
6103,Zaporizhzhia International Airport,OZH,0.22189653921673225
3796,Kapalua Airport,JHM,0.22165800477519723
6083,Kokshetau Airport,KOV,0.22163179038394057
1473,Araxos Airport,GPA,0.22161802573776163
5591,Bydgoszcz Ignacy Jan Paderewski Airport,BZG,0.22156846169970462
4157,Chu Lai International Airport,VCL,0.22147765171549752
4158,Dong Tac Airport,TBB,0.22147765171549752
4154,Dong Hoi Airport,VDH,0.22147765171549752
2611,Rio Grande,RIG,0.22126258676830737
6739,Hagerstown Regional Richard A Henson Field,HGR,0.22115510915595193
1279,Périgueux-Bassillac Airport,PGX,0.22092599439644234
9771,Cacoal Airport,OAL,0.2208995789594738
7382,Maestro Marinho Franco Airport,ROO,0.2208995789594738
2637,Brigadeiro Camarão Airport,BVH,0.2208995789594738
2524,Piloto Osvaldo Marques Dias Airport,AFL,0.2208995789594738
4064,St George Municipal Airport,SGU,0.2206851175577897
4344,Yellowstone Regional Airport,COD,0.2206851175577897
4027,Jackson Hole Airport,JAC,0.2206851175577897
1247,Valladolid Airport,VLL,0.22067080947922274
247,Bobo Dioulasso Airport,BOY,0.21970359440498885
7558,Ulaangom Airport,ULO,0.21948394432660204
7470,Ulgii Mongolei Airport,ULG,0.21948394432660204
6372,Dalanzadgad Airport,DLZ,0.21948394432660204
6373,Khovd Airport,HVD,0.21948394432660204
5996,Saga Airport,HSG,0.21934924724553395
6772,Chaoyang Airport,CHG,0.2193239280398425
9841,Zaysan Airport,SZI,0.21923339329616573
1361,Avignon-Caumont Airport,AVN,0.21919943246812892
6377,Pu'er Simao Airport,SYM,0.21918406757640668
4125,Utila Airport,UII,0.21897449430082297
1773,La Laguna Airport,GJA,0.21897449430082297
5937,Al Ain International Airport,AAN,0.2188867358540801
8924,Velikiy Ustyug Airport,VUS,0.21878614976821636
5637,Chimoio Airport,VPY,0.21877858079108436
5696,Gardabya Airport,SRX,0.21851964586967904
5749,Lebanon Municipal Airport,LEB,0.21846319589314614
1584,Pardubice Airport,PED,0.21846094224760704
6162,Cheboksary Airport,CSY,0.21846094224760704
6166,Saransk Airport,SKX,0.21846094224760704
8774,Lankaran International Airport,LLK,0.21846094224760704
11436,Tarko-Sale Airport,TQL,0.2181056232986593
1903,Vilo Acuña International Airport,CYO,0.21809411181240856
1835,Licenciado y General Ignacio Lopez Rayon Airport,UPN,0.21795919567693076
1510,Lampedusa Airport,LMP,0.21782258574350424
2743,El Embrujo Airport,PVA,0.21744387163018672
6741,Gorakhpur Airport,GOP,0.2173811917086646
6760,Kangra Airport,DHM,0.2173811917086646
6003,Kunsan Air Base,KUV,0.21735194034846736
266,Ibadan Airport,IBA,0.21712703202221634
277,Yola Airport,YOL,0.21712703202221634
267,Ilorin International Airport,ILR,0.21712703202221634
276,Sadiq Abubakar III International Airport,SKO,0.21712703202221634
3080,Allahabad Airport,IXD,0.21709422455952077
416,Tartu Airport,TAY,0.2170855528610332
430,Jyvaskyla Airport,JYV,0.2170855528610332
433,Kajaani Airport,KAJ,0.2170855528610332
453,Rovaniemi Airport,RVN,0.2170855528610332
455,Savonlinna Airport,SVL,0.2170855528610332
743,Norrköping Airport,NRK,0.2170855528610332
3003,Bhavnagar Airport,BHU,0.21680725741037707
2999,Bhuj Airport,BHJ,0.21680725741037707
5711,Diu Airport,DIU,0.21680725741037707
3659,Sloulin Field International Airport,ISN,0.2168051915877087
7064,Dickinson Theodore Roosevelt Regional Airport,DIK,0.2168051915877087
6378,Zhaotong Airport,ZAT,0.21678944609768153
5641,Luderitz Airport,LUD,0.21668754883017394
6168,Hubli Airport,HBX,0.21662535331396007
5877,Rotuma Airport,RTA,0.2166238543179444
9888,Kao Airport,KAZ,0.21655966782031202
9889,Melangguane Airport,MNA,0.21655966782031202
3886,Naha Airport,NAH,0.21655966782031202
6154,Termez Airport,TMJ,0.21641462457874858
7001,Aspen-Pitkin Co/Sardy Field,ASE,0.21637633934696443
3161,U-Tapao International Airport,UTP,0.21624244434992476
1810,Plan De Guadalupe International Airport,SLW,0.21587108202019908
7932,Ngari Gunsa Airport,NGQ,0.21558569869026561
3251,Kasiguncu Airport,PSJ,0.21555088495908517
8735,Pomalaa,PUM,0.21555088495908517
9887,Betoambari Airport,BUW,0.21555088495908517
9181,Tampa Padang,MJU,0.21555088495908517
7394,General Leite de Castro Airport,RVD,0.21538074648134875
2521,Araraquara Airport,AQA,0.21538074648134875
8242,Bonito Airport,BYO,0.21538074648134875
5924,Dawadmi Domestic Airport,nan,0.21499581176224444
5925,Al-Jawf Domestic Airport,AJF,0.21499581176224444
2086,Sharurah Airport,SHW,0.21499581176224444
2068,Gurayat Domestic Airport,URY,0.21499581176224444
2076,Al Qaisumah/Hafr Al Batin Airport,AQI,0.21499581176224444
2084,Arar Domestic Airport,RAE,0.21499581176224444
6119,Spichenkovo Airport,NOZ,0.21497326019187865
2969,Magnitogorsk International Airport,MQF,0.21426482027854235
724,Kiruna Airport,KRN,0.21423333242219575
3302,Sultan Azlan Shah Airport,IPH,0.21412088363151932
8845,Lingling Airport,LLF,0.21393673608755626
7519,Zhijiang Airport,HJJ,0.21347038628566165
497,Alderney Airport,ACI,0.21342401282836454
8082,Baise Youjiang Airport,AEB,0.2132566022952371
7508,Liping Airport,HZH,0.21319066614579563
7987,Mackenzie Airport,nan,0.21315609327757915
2280,Matsumoto Airport,MMJ,0.2128724038703727
3318,Northern Peninsula Airport,ABM,0.2128061276894751
6272,Horn Island Airport,HID,0.2128061276894751
4195,Paros National Airport,PAS,0.21275109541538975
1451,Ioannina Airport,IOA,0.21275109541538975
5787,Syros Airport,JSY,0.21275109541538975
4193,Milos Airport,MLO,0.21275109541538975
4194,Naxos Airport,JNX,0.21275109541538975
1475,Skiathos Island National Airport,JSI,0.21275109541538975
944,Mbanza Congo Airport,SSY,0.21251841840839086
960,Luena Airport,LUO,0.21251841840839086
5633,Namibe Airport,MSZ,0.21251841840839086
2683,Eloy Alfaro International Airport,MEC,0.21246057747467229
2690,Santa Rosa International Airport,ETR,0.21246057747467229
6750,Nueva Loja Airport,LGQ,0.21246057747467229
2680,Coronel E Carvajal Airport,XMS,0.21246057747467229
2697,Teniente Coronel Luis a Mantilla Airport,TUA,0.21246057747467229
7863,Belbek Airport,UKS,0.21237529213073622
1077,Ouarzazate Airport,OZZ,0.2123663969943508
3689,Imperial County Airport,IPL,0.21222974902666103
2544,Corumbá International Airport,CMG,0.21215350207457404
6253,Coober Pedy Airport,CPD,0.2120729005023504
6256,Ceduna Airport,CED,0.2120729005023504
6311,Olympic Dam Airport,OLP,0.2120729005023504
6312,Port Augusta Airport,PUG,0.2120729005023504
4051,Kingscote Airport,KGC,0.2120729005023504
6334,Whyalla Airport,WYA,0.2120729005023504
3718,Abilene Regional Airport,ABI,0.21175088963675257
3770,Texarkana Regional Webb Field,TXK,0.21175088963675257
3497,Garden City Regional Airport,GCK,0.21175088963675257
4256,Lawton Fort Sill Regional Airport,LAW,0.21175088963675257
3612,Southeast Texas Regional Airport,BPT,0.21175088963675257
3680,Sheppard Air Force Base-Wichita Falls Municipal Airport,SPS,0.21175088963675257
3700,Waco Regional Airport,ACT,0.21175088963675257
3708,San Angelo Regional Mathis Field,SJT,0.21175088963675257
3736,Roswell International Air Center Airport,ROW,0.21175088963675257
4354,Joplin Regional Airport,JLN,0.21175088963675257
3465,East Texas Regional Airport,GGG,0.21175088963675257
2629,Tucuruí Airport,TUR,0.21168312959729108
8240,Redenção Airport,RDC,0.21168312959729108
7081,Mammoth Yosemite Airport,MMH,0.21145272601421577
3987,Nevşehir Kapadokya Airport,NAV,0.21128324715722896
1693,Amasya Merzifon Airport,MZH,0.21128324715722896
1699,Çardak Airport,DNZ,0.21128324715722896
6744,Wuzhou Changzhoudao Airport,WUZ,0.21117110158642102
7359,Villa Garzón Airport,VGZ,0.21060903806842352
2718,Yariguíes Airport,EJA,0.21060903806842352
2725,San Luis Airport,IPI,0.21060903806842352
2741,Guillermo León Valencia Airport,PPN,0.21060903806842352
2733,La Nubia Airport,MZL,0.21060903806842352
2746,Almirante Padilla Airport,RCH,0.21060903806842352
6069,Santa Rosa Airport,SRA,0.2105159135332126
1934,Treasure Cay Airport,TCB,0.21024714100045405
1937,South Bimini Airport,BIM,0.21024714100045405
5772,Santa Maria Pub/Capt G Allan Hancock Field,SMX,0.21014096789311434
5750,Crater Lake-Klamath Regional Airport,LMT,0.2096281686857698
5757,Southwest Oregon Regional Airport,OTH,0.2096281686857698
3528,Northern Maine Regional Airport at Presque Isle,PQI,0.20947508727544525
5720,Alpena County Regional Airport,APN,0.20942623331328486
610,Esbjerg Airport,EBJ,0.2092271334374746
1408,Deauville-Saint-Gatien Airport,DOL,0.20854176127265148
299,Antwerp International Airport (Deurne),ANR,0.20854176127265148
1409,Lorient South Brittany (Bretagne Sud) Airport,LRT,0.20839778010458387
5726,Southeast Iowa Regional Airport,BRL,0.2083674390012837
4042,Decatur Airport,DEC,0.2083674390012837
4261,Flagstaff Pulliam Airport,FLG,0.2082441796366239
2172,Aqaba King Hussein International Airport,AQJ,0.2078396382512617
3173,Narathiwat Airport,NAW,0.20768186435853944
3180,Ranong Airport,UNN,0.20768186435853944
3184,Sakon Nakhon Airport,SNO,0.20768186435853944
6186,Mae Sot Airport,MAQ,0.20768186435853944
3164,Phrae Airport,PRH,0.20768186435853944
3186,Loei Airport,LOE,0.20768186435853944
4132,Roi Et Airport,ROI,0.20768186435853944
4133,Buri Ram Airport,BFV,0.20768186435853944
4300,Chumphon Airport,CJM,0.20768186435853944
7478,Burevestnik Airport,BVV,0.20760829197375383
8782,Cooma Hospital Helipad,nan,0.20760829197375383
6297,McArthur River Mine Airport,MCV,0.20720417963562685
7457,Foshan Shadi Airport,FUO,0.20709052288281077
6238,Barcaldine Airport,BCI,0.2069549753394647
900,N'Gaoundéré Airport,NGE,0.2069054843385275
693,Trollhättan-Vänersborg Airport,THN,0.2068727420488219
4024,Mundo Maya International Airport,FRS,0.20686058109934385
531,Wick Airport,WIC,0.20668890785098143
6426,Worcester Regional Airport,ORH,0.20667575823380155
5595,Karlstad Airport,KSD,0.2065525265355723
5529,Sanikiluaq Airport,YSK,0.20635537829023687
5612,Chipata Airport,CIP,0.20619401565823484
9828,Kasama Airport,KAA,0.20619401565823484
908,Mfuwe Airport,MFU,0.20619401565823484
4388,Dubuque Regional Airport,DBQ,0.20618726166919335
5718,Waterloo Regional Airport,ALO,0.20618726166919335
3753,Sioux Gateway Col. Bud Day Field,SUX,0.20618726166919335
7370,Breves Airport,BVS,0.20575104479534642
5753,Lynchburg Regional Preston Glenn Field,LYH,0.20558891481969455
6959,Pitt Greenville Airport,PGV,0.20558891481969455
3879,Florence Regional Airport,FLO,0.20558891481969455
6752,Tacheng Airport,TCG,0.2053534149931596
6408,Karamay Airport,KRY,0.2053534149931596
9386,Xinyuan Nalati Airport,NLT,0.2053534149931596
6946,Altay Air Base,AAT,0.2053534149931596
6406,Kuqa Airport,KCA,0.2053534149931596
6958,Greenbrier Valley Airport,LWB,0.20533958009900224
5675,São Filipe Airport,SFL,0.2045852134536187
1104,Maio Airport,MMO,0.2045852134536187
7383,Tancredo Thomas de Faria Airport,GPB,0.20448269379362483
3704,McKellar-Sipes Regional Airport,MKL,0.20447649741545454
9823,Goulimime Airport,GLN,0.204292731279203
2853,Cacique Aramare Airport,PYH,0.203837463382002
2858,San Antonio Del Tachira Airport,SVZ,0.203837463382002
2833,José Leonardo Chirinos Airport,CZE,0.203837463382002
2835,Cumaná (Antonio José de Sucre) Airport,CUM,0.203837463382002
2846,La Fria Airport,LFR,0.203837463382002
2864,San Tomé Airport,SOM,0.203837463382002
3754,Middle Georgia Regional Airport,MCN,0.20373731967082864
5941,Dalbandin Airport,DBA,0.2035211178181053
6949,Naypyidaw Airport,NYT,0.20330737498486184
4006,Tweed New Haven Airport,HVN,0.20324607396133546
3584,Williamsport Regional Airport,IPT,0.20324607396133546
3461,Boone County Airport,HRO,0.20312608409165
6793,Orange Airport,OAG,0.2029939828189898
3332,Avalon Airport,AVV,0.2029939828189898
3362,Tamworth Airport,TMW,0.2029939828189898
6287,Lismore Airport,LSY,0.2029939828189898
6300,Moree Airport,MRZ,0.2029939828189898
2658,Cañal Bajo Carlos - Hott Siebert Airport,ZOS,0.20296501449862608
4196,Kastelorizo Airport,KZS,0.20280406631789097
6179,Bharatpur Airport,BHR,0.20278963271343495
6180,Bhadrapur Airport,BDP,0.20278963271343495
6182,Nepalgunj Airport,KEP,0.20278963271343495
3122,Gautam Buddha Airport,BWA,0.20278963271343495
3127,Pokhara Airport,PKR,0.20278963271343495
3129,Biratnagar Airport,BIR,0.20278963271343495
4183,Tumling Tar Airport,TMI,0.20278963271343495
4188,Dhangarhi Airport,DHI,0.20278963271343495
2889,Mercedita Airport,PSE,0.20249212811505815
1649,Tautii Magheraus Airport,BAY,0.2024516445905341
1656,Oradea International Airport,OMR,0.2024516445905341
1659,Satu Mare Airport,SUJ,0.2024516445905341
1193,Plovdiv International Airport,PDV,0.2023876537577937
2716,La Florida Airport,TCO,0.20225623744769713
6036,Coronel Horácio de Mattos Airport,LEC,0.20219055977562986
2631,Paulo Afonso Airport,PAV,0.20219055977562986
2582,Bom Jesus da Lapa Airport,LAZ,0.20219055977562986
6106,Ivano-Frankivsk International Airport,IFO,0.20207270602972294
6770,Tanjung Manis Airport,TGC,0.20166711746116173
7894,Yushu Batang Airport,YUS,0.2013301003880537
2785,Capitan FAP Jose A Quinones Gonzales International Airport,CIX,0.20124547172843787
2788,Comandante FAP German Arias Graziani Airport,ATA,0.20124547172843787
2796,Capitan FAP Pedro Canga Rodriguez Airport,TBP,0.20124547172843787
2804,Capitan FAP Carlos Martinez De Pinillos International Airport,TRU,0.20124547172843787
2787,Andahuaylas Airport,ANS,0.20124547172843787
9768,Tingo Maria Airport,TGI,0.20124547172843787
840,Hendrik Van Eck Airport,PHW,0.20104364676291075
843,Pietermaritzburg Airport,PZB,0.20104364676291075
1018,Moshoeshoe I International Airport,MSU,0.20104364676291075
849,Richards Bay Airport,RCB,0.20104364676291075
887,Matsapha Airport,MTS,0.20104364676291075
827,Margate Airport,MGH,0.20104364676291075
845,Polokwane International Airport,PTG,0.20104364676291075
8492,Ellisras,ELL,0.20104364676291075
866,K. D. Matanzima Airport,UTT,0.20104364676291075
519,Hawarden Airport,CEG,0.20102196542585038
1654,Craiova Airport,CRA,0.20088187477732555
7821,Zonguldak Airport,ONQ,0.20087233636336563
5577,Donegal Airport,CFN,0.20075295243808688
1884,Nosara Airport,NOB,0.2007504350448663
5842,Aerotortuguero Airport,TTQ,0.2007504350448663
2165,Zabol Airport,ACZ,0.20042120906483837
6790,Hamadan Airport,HDM,0.20042120906483837
3217,Kyaukpyu Airport,KYP,0.20017520316703916
9311,Gannan Xiahe Airport,GXH,0.20007260890644654
1374,Châlons-Vatry Airport,XCR,0.2000520204203565
8043,Zhongwei Shapotou Airport,ZHY,0.1995658025330147
4081,Xieng Khouang Airport,XKH,0.1995491891636158
4142,Luang Namtha Airport,LXG,0.1995491891636158
4143,Oudomsay Airport,ODY,0.1995491891636158
1219,Badajoz Airport,BJZ,0.19937900508300585
742,Linköping City Airport,LPI,0.19930378062374446
9543,Ogden Hinckley Airport,OGD,0.19907616139927833
1182,Mtwara Airport,MYW,0.19840177698650627
9829,Mbeya Airport,nan,0.19840177698650627
1176,Arusha Airport,ARK,0.19840177698650627
6225,Ranai Airport,NTX,0.19839900872104604
995,Praslin Airport,PRI,0.19811193993495974
10160,Erenhot Saiwusu International Airport,ERL,0.19794830224058774
1662,Transilvania Târgu Mureş International Airport,TGM,0.1979002189855819
1490,Debrecen International Airport,DEB,0.19692975046193995
1536,Bolzano Airport,BZO,0.19682435916961918
1111,Bahir Dar Airport,BJR,0.19649856934233426
1113,Gambella Airport,GMB,0.19649856934233426
1116,Jimma Airport,JIM,0.19649856934233426
400,Kassel-Calden Airport,KSF,0.19628052009150157
967,Port Gentil Airport,POG,0.1962600836734374
6264,Devonport Airport,DPO,0.19624808030890034
6363,Golmud Airport,GOQ,0.19618636448174298
7527,Lintsang Airfield,LNJ,0.1961227117176044
7528,Wenshan Airport,WNH,0.1961227117176044
7505,Baoshan Yunduan Airport,BSD,0.1961227117176044
6118,Kyzyl Airport,KYZ,0.19582038424301057
6012,Camiguin Airport,CGM,0.1954828257747877
6974,Siargao Airport,IAO,0.1954828257747877
9848,Lindu Airport,LDS,0.19545466589689708
1675,Lugano Airport,LUG,0.19538922689219468
5709,Arua Airport,RUA,0.19490705710909031
7450,Bugungu Airport,nan,0.19490705710909031
605,Waterford Airport,WAT,0.19437361721201138
6781,Çanakkale Airport,CKZ,0.1936162185919707
6784,Tekirdağ Çorlu Airport,TEQ,0.1936162185919707
472,Gloucestershire Airport,GLO,0.19357476429530854
10940,Zhangjiakou Ningyuan Airport,ZQZ,0.19332794589014093
9826,Akwa Ibom International Airport,QUO,0.19313829625564052
269,Kaduna Airport,KAD,0.19313829625564052
268,Yakubu Gowon Airport,JOS,0.19313829625564052
5763,Portsmouth International at Pease Airport,PSM,0.19300066099420402
3790,Scott AFB/Midamerica Airport,BLV,0.19300066099420402
5998,Iwami Airport,IWJ,0.1927260174642061
6001,Shonai Airport,SYO,0.1927260174642061
3409,Noto Airport,NTQ,0.1927260174642061
11922,Iwakuni Marine Corps Air Station,IWK,0.1927260174642061
6000,Odate Noshiro Airport,ONJ,0.1927260174642061
2335,Tottori Airport,TTJ,0.1927260174642061
2284,Nanki Shirahama Airport,SHM,0.1927260174642061
2298,Monbetsu Airport,MBE,0.1927260174642061
2328,Izumo Airport,IZO,0.1927260174642061
2352,Hachijojima Airport,HAC,0.1927260174642061
2356,Oshima Airport,OIM,0.1927260174642061
3978,Ataq Airport,AXK,0.19269644028433347
6023,Calbayog Airport,CYP,0.19248643344661576
6025,Moises R. Espinosa Airport,MBT,0.19248643344661576
2409,San Jose Airport,SJI,0.19248643344661576
6022,Virac Airport,VRC,0.19248643344661576
6733,Cauayan Airport,CYZ,0.19248643344661576
894,Sir Charles Gaetan Duval Airport,RRG,0.19104803442193694
3927,Umbu Mehang Kunda Airport,WGP,0.19102440764519266
2217,Panjgur Airport,PJG,0.19095308309192807
252,Takoradi Airport,TKD,0.19019708273902985
3268,Lahad Datu Airport,LDU,0.19019203860424205
181,Penticton Airport,YYF,0.18998646316217033
8223,Trail Airport,YZZ,0.18998646316217033
5523,Powell River Airport,YPW,0.18998646316217033
5545,Masset Airport,ZMT,0.18998646316217033
6738,Bella Coola Airport,QBC,0.18998646316217033
198,Sandspit Airport,YZP,0.18998646316217033
6989,Northeast Florida Regional Airport,UST,0.18988961740998767
4306,Eugene F. Correira International Airport,OGL,0.18928868878024407
211,Djanet Inedbirene Airport,DJG,0.1889703729513947
5555,Guemar Airport,ELU,0.1889703729513947
222,Cheikh Larbi Tébessi Airport,TEE,0.1889703729513947
233,Ghriss Airport,MUW,0.1889703729513947
240,Touggourt Sidi Madhi Airport,TGR,0.1889703729513947
898,Salak Airport,MVR,0.18895583401926286
3073,Saidpur Airport,SPD,0.1885338735432379
6176,Barisal Airport,BZL,0.1885338735432379
1277,Angoulême-Brie-Champniers Airport,ANG,0.18824860555878273
10119,Fuvahmulah Airport,FVM,0.18788944638557661
1162,Ghadames East Airport,LTD,0.18778213203642463
1152,Ghat Airport,GHT,0.18778213203642463
5805,Ubari Airport,QUB,0.18778213203642463
5553,Béchar Boudghene Ben Ali Lotfi Airport,CBH,0.18778075657813512
9135,Tho Xuan Airport,THD,0.18745085391483382
4155,Rach Gia Airport,VKG,0.18745085391483382
4156,Cà Mau Airport,CAH,0.18745085391483382
1166,Kamembe Airport,KME,0.18708321848832885
3445,Hana Airport,HNM,0.18706496185907676
3545,Waimea Kohala Airport,MUE,0.18706496185907676
6172,Shillong Airport,SHL,0.18673210342022292
1908,Mariana Grajales Airport,GAO,0.18672681752098008
6109,Uzhhorod International Airport,UDJ,0.1867262914417145
116,Lethbridge County Airport,YQL,0.18652824182772676
167,Medicine Hat Airport,YXH,0.18652824182772676
31,Brandon Municipal Airport,YBR,0.18652824182772676
6164,Orsk Airport,OSW,0.18633893911587476
8775,Gabala International Airport,GBB,0.18633893911587476
6165,Penza Airport,PEZ,0.18633893911587476
6114,Petrozavodsk Airport,PES,0.18633893911587476
6122,Khankala Air Base,nan,0.18633893911587476
6124,Beslan Airport,OGZ,0.18633893911587476
6125,Elista Airport,ESL,0.18633893911587476
8740,Gorno-Altaysk Airport,RGK,0.18633893911587476
3965,Gyumri Shirak Airport,LWN,0.18633893911587476
6734,Kirovsk-Apatity Airport,KVK,0.18633893911587476
6121,Igarka Airport,IAA,0.1863178586158375
1793,Chetumal International Airport,CTM,0.18610534789354827
1828,Quetzalcóatl International Airport,NLD,0.18610534789354827
5746,Laramie Regional Airport,LAR,0.18564997633985664
5748,North Platte Regional Airport Lee Bird Field,LBF,0.18564997633985664
7051,Gunnison Crested Butte Regional Airport,GUC,0.18564997633985664
6881,Riverton Regional Airport,RIW,0.18564997633985664
6129,Kearney Municipal Airport,EAR,0.18564997633985664
5723,Western Neb. Rgnl/William B. Heilig Airport,BFF,0.18564997633985664
5769,Sheridan County Airport,SHR,0.18564997633985664
7068,Mc Cook Ben Nelson Regional Airport,MCK,0.18564997633985664
6880,Montrose Regional Airport,MTJ,0.18564997633985664
4338,Cortez Municipal Airport,CEZ,0.18564997633985664
4339,Yampa Valley Airport,HDN,0.18564997633985664
3527,Pueblo Memorial Airport,PUB,0.18564997633985664
4250,Eagle County Regional Airport,EGE,0.18564997633985664
4373,Kogalym International Airport,KGP,0.1856304992025385
5949,Skardu Airport,KDU,0.18551033519413657
2204,Gilgit Airport,GIL,0.18551033519413657
2931,Pevek Airport,PWE,0.18517024777501778
6157,Kursk East Airport,URS,0.18517024777501778
6466,Donskoye Airport,TBW,0.18517024777501778
4159,Mae Hong Son Airport,PYY,0.18515216256317832
4086,Mae Hong Son Airport,HGN,0.18515216256317832
4022,Bert Mooney Airport,BTM,0.18503514121793307
5736,Elko Regional Airport,EKO,0.18503514121793307
5760,Pocatello Regional Airport,PIH,0.18503514121793307
7074,Canyonlands Field,CNY,0.18503514121793307
7076,Vernal Regional Airport,VEL,0.18503514121793307
4263,Joslin Field Magic Valley Regional Airport,TWF,0.18503514121793307
3824,Cedar City Regional Airport,CDC,0.18503514121793307
5848,Tobias Bolanos International Airport,SYQ,0.18453386345240047
1970,Pago Pago International Airport,PPG,0.18433687877342114
2081,Rafha Domestic Airport,RAH,0.18407161323311932
2093,Turaif Domestic Airport,TUI,0.18407161323311932
6192,Dien Bien Phu Airport,DIN,0.18402679780066378
1081,Ziguinchor Airport,ZIG,0.18383709767762368
3085,Kullu Manali Airport,KUU,0.1836905958543323
3101,Kanpur Civil Airport,nan,0.1836905958543323
3103,Ludhiana Airport,LUH,0.1836905958543323
6005,Wonju/Hoengseong Air Base (K-38/K-46),WJU,0.18367597017423365
439,Kuopio Airport,KUO,0.18354277643051659
428,Ivalo Airport,IVL,0.18354277643051659
429,Joensuu Airport,JOE,0.18354277643051659
437,Kuusamo Airport,KAO,0.18354277643051659
413,Kuressaare Airport,URE,0.18351262884877007
3094,Gwalior Airport,GWL,0.18340362870518853
3010,Jamnagar Airport,JGA,0.18340362870518853
2898,F. D. Roosevelt Airport,EUX,0.18336658089994345
5719,Walla Walla Regional Airport,ALW,0.18323744427543856
5779,Yakima Air Terminal McAllister Field,YKM,0.18323744427543856
6916,Pangborn Memorial Airport,EAT,0.18323744427543856
3134,Vijayawada Airport,VGA,0.18322172460877154
3000,Belgaum Airport,IXG,0.18322172460877154
7774,Mysore Airport,MYQ,0.18322172460877154
3724,Ogdensburg International Airport,OGS,0.18247869864884556
3546,Massena International Richards Field,MSS,0.18247869864884556
3597,Cavern City Air Terminal,CNM,0.1821444116286437
7584,Los Alamos Airport,LAM,0.1821444116286437
6940,Tunoshna Airport,IAR,0.18212200313173232
703,Kristianstad Airport,KID,0.18211666621109796
722,Örnsköldsvik Airport,OER,0.18211666621109796
2388,Kumejima Airport,UEO,0.18206750466871224
6814,Benjamin Rivera Noriega Airport,CPX,0.1819026289037274
2888,Eugenio Maria De Hostos Airport,MAZ,0.1819026289037274
1417,Quimper-Cornouaille Airport,UIP,0.18152843491965814
1313,Le Puy-Loudes Airport,LPY,0.18152843491965814
1344,Aurillac Airport,AUR,0.18152843491965814
1416,Lannion-Côte de Granit Airport,LAI,0.18152843491965814
6883,Eastern Oregon Regional At Pendleton Airport,PDT,0.18150863614162105
5659,La Gomera Airport,GMZ,0.1815025578672723
655,Ørland Airport,OLA,0.18149288732003913
642,Leirin Airport,VDB,0.18149288732003913
640,Bardufoss Airport,BDU,0.18149288732003913
656,Røros Airport,RRS,0.18149288732003913
1463,Filippos Airport,KZI,0.18137554770769487
1453,Kastoria National Airport,KSO,0.18137554770769487
5538,Bathurst Airport,ZBF,0.18136729429142856
28,CFB Bagotville,YBG,0.18136729429142856
5714,Aberdeen Regional Airport,ABR,0.18115521524785216
3650,Range Regional Airport,HIB,0.18115521524785216
4287,Bemidji Regional Airport,BJI,0.18115521524785216
2095,Al Wajh Domestic Airport,EJH,0.1809241985291253
659,Skien Airport,SKE,0.18091404239337874
4114,Mid Ohio Valley Regional Airport,PKB,0.18087632392943934
1079,Saniat R'mel Airport,TTU,0.1808379620746927
5802,Balıkesir Körfez Airport,EDO,0.1807896298748158
290,Gafsa Ksar International Airport,GAF,0.18073751383325434
3446,Ernest A. Love Field,PRC,0.18072636300710793
1817,Loreto International Airport,LTO,0.18072636300710793
4088,Mc Clellan-Palomar Airport,CLD,0.18072636300710793
7122,Merced Regional Macready Field,MCE,0.18072636300710793
7121,Visalia Municipal Airport,VIS,0.18072636300710793
3130,Agatti Airport,AGX,0.1805017996662452
5801,Süleyman Demirel International Airport,ISE,0.18049361728241317
1651,Mihail Kogălniceanu International Airport,CND,0.18049361728241317
9045,Zafer Airport,KZR,0.18049361728241317
9273,Kastamonu Airport,KFS,0.18049361728241317
6090,Nakhchivan Airport,NAJ,0.18049361728241317
4093,Sihanoukville International Airport,KOS,0.18047224255704558
5728,Cape Girardeau Regional Airport,CGI,0.18027380816668703
5744,Kirksville Regional Airport,IRK,0.18027380816668703
5774,Quincy Regional Baldwin Field,UIN,0.18027380816668703
3665,Waynesville-St. Robert Regional Forney field,TBN,0.18027380816668703
3591,Jonesboro Municipal Airport,JBR,0.18027380816668703
6825,Williamson County Regional Airport,MWA,0.18027380816668703
3163,Lampang Airport,LPT,0.18024601912605964
4135,Trat Airport,TDX,0.18024601912605964
3939,Sukhothai Airport,THS,0.18024601912605964
2262,Taitung Airport,TTT,0.18016189252499826
2192,Khasab Air Base,KHS,0.18006474029649228
4012,Naples Municipal Airport,APF,0.18001684325797854
9842,Tuticorin Airport,TCR,0.17986035789751462
3749,Lea County Regional Airport,HOB,0.1797657341266508
5775,Victoria Regional Airport,VCT,0.1797657341266508
5767,Rutland - Southern Vermont Regional Airport,RUT,0.1797375436377226
6456,Provincetown Municipal Airport,PVC,0.1797375436377226
5770,Adirondack Regional Airport,SLK,0.1797375436377226
4026,Knox County Regional Airport,RKD,0.1797375436377226
3701,Augusta State Airport,AUG,0.1797375436377226
4025,Hancock County-Bar Harbor Airport,BHB,0.1797375436377226
3805,Stockton Metropolitan Airport,SCK,0.17941460488600638
199,Chris Hadfield Airport,YZR,0.17920227421588128
61,Kingston Norman Rogers Airport,YGK,0.17920227421588128
6135,Grant County Airport,SVC,0.17912208981831196
6933,Gelendzhik Airport,GDZ,0.17863432107600394
362,Hamburg-Finkenwerder Airport,XFW,0.1784421415387878
1425,Dijon-Bourgogne Airport,DIJ,0.1784421415387878
5729,Chippewa County International Airport,CIU,0.17827101806543272
5762,Pellston Regional Airport of Emmet County Airport,PLN,0.17827101806543272
6800,Delta County Airport,ESC,0.17827101806543272
5724,Raleigh County Memorial Airport,BKW,0.1781544481617479
5751,Lancaster Airport,LNS,0.1781544481617479
4098,Redding Municipal Airport,RDD,0.17811953254414883
3710,Chico Municipal Airport,CIC,0.17811953254414883
3816,Modesto City Co-Harry Sham Field,MOD,0.17811953254414883
5732,Houghton County Memorial Airport,CMX,0.17809363083459673
5735,Chippewa Valley Regional Airport,EAU,0.17809363083459673
5754,Muskegon County Airport,MKG,0.17809363083459673
4117,Barkley Regional Airport,PAH,0.17809363083459673
3843,Topeka Regional Airport - Forbes Field,FOE,0.17809363083459673
5563,Campbeltown Airport,CAL,0.1778185140645819
5575,Barra Airport,BRR,0.1778185140645819
536,Islay Airport,ILY,0.1778185140645819
542,Tiree Airport,TRE,0.1778185140645819
11498,Alashankou Bole (Bortala) airport,BPL,0.17767670749657977
4160,Bol Airport,BWK,0.17765633966726857
1645,Mostar International Airport,OMO,0.17728899802022957
1647,Arad International Airport,ARW,0.17728899802022957
5574,Anglesey Airport,VLY,0.17721535951078876
5716,Athens Ben Epps Airport,AHN,0.17719683983347673
5756,Northwest Alabama Regional Airport,MSL,0.17718513193725421
5759,Hattiesburg Laurel Regional Airport,PIB,0.17718513193725421
4335,Key Field,MEI,0.17718513193725421
1371,Le Havre Octeville Airport,LEH,0.17686934518492578
2270,Tainan Airport,TNN,0.17642979287022262
540,Dundee Airport,DND,0.17625464632518964
1588,Brno-Tuřany Airport,BRQ,0.17625464632518964
5771,Salina Municipal Airport,SLN,0.17584642650967217
5781,Logroño-Agoncillo Airport,RJL,0.17582206858993157
1234,Pamplona Airport,PNA,0.17582206858993157
374,Augsburg Airport,AGB,0.1756351876393416
612,Karup Airport,KRP,0.17493372359681564
618,Bornholm Airport,RNN,0.17493372359681564
619,Sønderborg Airport,SGD,0.17493372359681564
8209,Vinnytsia/Gavyryshivka Airport,VIN,0.1748713898268712
6780,Anadolu Airport,AOE,0.1744310274732706
6006,Yangyang International Airport,YNY,0.17421839305347842
4264,Monaco,MCM,0.1742070189555888
10941,Arxan Yi'ershi Airport,YIE,0.17404754990159993
1238,Salamanca Airport,SLM,0.17355693649307424
6756,Leon Airport,LEN,0.17355693649307424
6757,Burgos Airport,RGS,0.17355693649307424
310,Ostend-Bruges International Airport,OST,0.17318253167457973
7459,Lleida-Alguaire Airport,ILD,0.17318253167457973
356,Mannheim-City Airport,MHG,0.17287163975968273
8921,Kangding Airport,KGT,0.17187378135212777
7504,Longyan Guanzhishan Airport,LCX,0.17148591793889087
7507,Macau Ferry Pier,XZM,0.15000000000000002
7509,Odell Williamson Municipal,60J,0.15000000000000002
751,Ramstein Air Base,RMS,0.15000000000000002
7510,Stepanakert Air Base,nan,0.15000000000000002
7511,The Ohio State University Airport - Don Scott Field,OSU,0.15000000000000002
7513,Addison Airport,ADS,0.15000000000000002
7514,Destin Executive Airport,DSI,0.15000000000000002
7516,Kherson International Airport,KHE,0.15000000000000002
7517,Ryan's Creek Aerodrome,SZS,0.15000000000000002
7518,Assumption Island Airport,nan,0.15000000000000002
752,Bamberg Aaf,nan,0.15000000000000002
7520,Aldabra,nan,0.15000000000000002
7522,Kinston Regional Jetport At Stallings Field,ISO,0.15000000000000002
7524,Pebble Island Airstrip,nan,0.15000000000000002
7526,Lively Settlement Airstrip,nan,0.15000000000000002
7531,Maturacá Airport,nan,0.15000000000000002
7535,Latur Airport,LTU,0.15000000000000002
7536,Tarempa Airport,MWK,0.15000000000000002
7538,Würzburg-Schenkenturm Airport,nan,0.15000000000000002
754,Bückeburg Air Base,nan,0.15000000000000002
7543,Tana Toraja Airport,nan,0.15000000000000002
7548,Mosul International Airport,OSM,0.15000000000000002
7549,Tajima Airport,TJH,0.15000000000000002
755,Celle Airport,ZCN,0.15000000000000002
7551,Kikai Airport,KKX,0.15000000000000002
7552,Aguni Airport,AGJ,0.15000000000000002
7554,Haeju Airport,HAE,0.15000000000000002
7557,Bulgan Airport,UGA,0.15000000000000002
7561,Bentota Airport,BJT,0.15000000000000002
7564,Chi Mei Airport,CMJ,0.15000000000000002
7566,Barrow Island Airport,BWB,0.15000000000000002
7568,Exmouth Airport,EXM,0.15000000000000002
7569,Derby Airport,DRB,0.15000000000000002
757,Fritzlar Airport,FRZ,0.15000000000000002
7571,Bathurst Island Airport,BRT,0.15000000000000002
7572,Dunk Island Airport,DKI,0.15000000000000002
7573,Lizard Island Airport,LZR,0.15000000000000002
7575,Halls Creek Airport,HCQ,0.15000000000000002
758,Laupheim Air Base,nan,0.15000000000000002
7580,Steamboat Springs Bob Adams Field,SBS,0.15000000000000002
7581,Delta Municipal Airport,DTA,0.15000000000000002
7583,Carbon County Regional/Buck Davis Field,PUC,0.15000000000000002
7585,Borrego Valley Airport,BXS,0.15000000000000002
7586,Lake Havasu City Airport,HII,0.15000000000000002
7588,Douglas Municipal Airport,DGL,0.15000000000000002
759,Mendig Airfield,nan,0.15000000000000002
7591,Buariki Airport,AAK,0.15000000000000002
7592,Kuria Airport,KUC,0.15000000000000002
7594,Tamana Island Airport,TMN,0.15000000000000002
7595,Beru Airport,BEZ,0.15000000000000002
7596,Nikunau Airport,NIG,0.15000000000000002
7598,Makin Island Airport,MTK,0.15000000000000002
7599,Maiana Airport,MNK,0.15000000000000002
76,St Jean Airport,YJN,0.15000000000000002
760,Niederstetten Army Air Base,nan,0.15000000000000002
7600,Nonouti Airport,NON,0.15000000000000002
7602,Bosset Airport,BOT,0.15000000000000002
7603,Ine Airport,IMI,0.15000000000000002
7604,Tinak Airport,TIC,0.15000000000000002
7608,Airok Airport,AIC,0.15000000000000002
7610,Whitianga Airport,WTZ,0.15000000000000002
7611,Takaka Airport,KTF,0.15000000000000002
7613,Angaur Airstrip,nan,0.15000000000000002
7615,Afutara Aerodrome,AFT,0.15000000000000002
7619,Yandina Airport,XYA,0.15000000000000002
762,Fassberg Air Base,nan,0.15000000000000002
7622,Dyagilevo Air Base,nan,0.15000000000000002
7623,Yuryevets,nan,0.15000000000000002
7624,Ozerny,nan,0.15000000000000002
7626,Khakusy,nan,0.15000000000000002
763,Grafenwohr Army Air Field,nan,0.15000000000000002
7635,Beppu Airport,BPU,0.15000000000000002
7636,Heron Island,HRN,0.15000000000000002
764,Hanau Army Air Field,ZNF,0.15000000000000002
7640,Liskeard Station,nan,0.15000000000000002
7647,Santa Monica Municipal Airport,SMO,0.15000000000000002
7648,Bermuda Dunes Airport,UDD,0.15000000000000002
765,Hohenfels Army Air Field,nan,0.15000000000000002
7651,Yolo County Davis Woodland Winters Airport,nan,0.15000000000000002
7653,Shively Field,SAA,0.15000000000000002
7656,Witham Field,SUA,0.15000000000000002
7657,Morristown Municipal Airport,MMU,0.15000000000000002
766,Flugplatz Kitzingen,KZG,0.15000000000000002
7660,Wangen-Lachen Airport,nan,0.15000000000000002
7661,Pahokee Airport,nan,0.15000000000000002
7665,Nezhitino,NEZ,0.15000000000000002
7666,Glasgow Buchanan Bus Station,nan,0.15000000000000002
7667,London Victoria Bus Station,nan,0.15000000000000002
7668,Machu Pichu Airport,MFT,0.15000000000000002
767,Nordholz Naval Airbase,FCN,0.15000000000000002
7671,Valença Airport,VAL,0.15000000000000002
7673,Caruaru Airport,CAU,0.15000000000000002
7674,Wake Island Airfield,AWK,0.15000000000000002
7677,Gare Montparnasse,XGB,0.15000000000000002
7678,Saint-Pierre-des-Corps,XSH,0.15000000000000002
7679,Darsena Norte,nan,0.15000000000000002
768,Diepholz Air Base,nan,0.15000000000000002
7680,Casa Central,nan,0.15000000000000002
7681,Puerto Franco,nan,0.15000000000000002
7683,San Carlos Airport,SQL,0.15000000000000002
7684,Courtelary Airport,nan,0.15000000000000002
7686,Camp Okavango Airport,nan,0.15000000000000002
7688,Maiwa,nan,0.15000000000000002
769,Geilenkirchen Air Base,GKE,0.15000000000000002
7691,Whittier Airport,nan,0.15000000000000002
7692,Soldotna Airport,SXQ,0.15000000000000002
7693,Gillespie Field,SEE,0.15000000000000002
7694,San Clemente Island Naval Auxiliary Landing Field,nan,0.15000000000000002
7703,Fréjus Airport,FRJ,0.15000000000000002
7704,Geelong Airport,GEX,0.15000000000000002
7705,Detroit Amtrak Station,nan,0.15000000000000002
7706,Ventura Amtrak,nan,0.15000000000000002
7707,Berlin Hauptbahnhof,QPP,0.15000000000000002
771,Jever Air Base,nan,0.15000000000000002
7710,Mezen Airport,nan,0.15000000000000002
9125,Klatovy Airport,nan,0.15000000000000002
9131,Talcha Airport,nan,0.15000000000000002
9133,Walkersville Turnaround,nan,0.15000000000000002
9134,Chara Airport,nan,0.15000000000000002
9137,Oberschleißheim Airfield,nan,0.15000000000000002
9138,Pinal Airpark,MZJ,0.15000000000000002
9139,Glendale Municipal Airport,nan,0.15000000000000002
9141,Verden-Scharnhorst Airfield,nan,0.15000000000000002
9143,Fort Lauderdale-Hollywood International Airport Station at Dania Beach,nan,0.15000000000000002
9145,Lecheo,nan,0.15000000000000002
9151,Comino Airport,JCO,0.15000000000000002
9152,Udine stazione,nan,0.15000000000000002
9154,Depati Parbo Airport,nan,0.15000000000000002
9155,Kolosovka,nan,0.15000000000000002
9156,Ekibastuz Airport,EKB,0.15000000000000002
9157,Znamenka airport,nan,0.15000000000000002
9158,Tevriz airport,nan,0.15000000000000002
9161,Bekdash airport,nan,0.15000000000000002
9164,Sikeston Memorial Municipal Airport,SIK,0.15000000000000002
9165,Nynashamnterminalen,nan,0.15000000000000002
9166,Rodby Port,nan,0.15000000000000002
9167,Puttgarden,QUA,0.15000000000000002
9169,Royal Island Resort,nan,0.15000000000000002
9171,Port of Belfast,BE2,0.15000000000000002
9172,Stranraer Ferry Port,SR2,0.15000000000000002
9179,Saratoga County Airport,nan,0.15000000000000002
9187,Coral Creek Airport,nan,0.15000000000000002
9188,Lakefront Airport,NEW,0.15000000000000002
919,Miandrivazo Airport,ZVA,0.15000000000000002
9191,Vermilion Regional Airport,DNV,0.15000000000000002
9192,Varberg Railway Station,nan,0.15000000000000002
9196,Dearborn Amtrak Station,nan,0.15000000000000002
9197,Merritt Island Airport,COI,0.15000000000000002
9200,Sebastian Municipal,X26,0.15000000000000002
9201,Terrace Bay,TCY,0.15000000000000002
9202,Nxabega Airstrip,nan,0.15000000000000002
9205,Bumi Airport,BZH,0.15000000000000002
9209,Boat,nan,0.15000000000000002
9211,Boat,nan,0.15000000000000002
9214,Village,nan,0.15000000000000002
9216,Beijing West Railway Station,nan,0.15000000000000002
9220,Madoogali Seaplane Dock,nan,0.15000000000000002
9221,Effingham Memorial Airport,1H2,0.15000000000000002
9225,Andrau Airpark,AAP,0.15000000000000002
9226,Flying Cloud Airport,FCM,0.15000000000000002
9227,Likoma Island Airport,LIX,0.15000000000000002
9228,Johnson County Executive Airport,OJC,0.15000000000000002
9230,Westbahnhoff,XWW,0.15000000000000002
9235,Meedhuffushi Seaplane dock,nan,0.15000000000000002
9238,Markham Airport,nan,0.15000000000000002
9239,Stanhope Municipal Airport,nan,0.15000000000000002
9240,Kawartha Lakes (Lindsay) Airport,nan,0.15000000000000002
9241,Niagara District Airport,YCM,0.15000000000000002
9243,Edenvale Aerodrome,nan,0.15000000000000002
9245,Holland Landing Airpark,nan,0.15000000000000002
9246,Kent,XCM,0.15000000000000002
9248,Hanover / Saugeen Municipal Airport,nan,0.15000000000000002
9249,Brandywine Airport,nan,0.15000000000000002
9250,Batoka,nan,0.15000000000000002
9251,Manassas Regional Airport/Harry P. Davis Field,MNZ,0.15000000000000002
9253,Bubovice Airport,nan,0.15000000000000002
9256,Johnstown Amtrak,nan,0.15000000000000002
9257,Harvey Field S43,nan,0.15000000000000002
9258,Urgup,nan,0.15000000000000002
926,Ambilobe Airport,AMB,0.15000000000000002
9260,AYaou,nan,0.15000000000000002
9261,Camop,nan,0.15000000000000002
9264,DieuM,nan,0.15000000000000002
9265,Dorli,nan,0.15000000000000002
9266,Elyse,nan,0.15000000000000002
9269,Prevo,nan,0.15000000000000002
9274,Okawango Lodge,nan,0.15000000000000002
9275,Kai Tak,nan,0.15000000000000002
9279,Hite Airport,UT3,0.15000000000000002
928,Analalava Airport,HVA,0.15000000000000002
9281,Newhaven Ferry Port,nan,0.15000000000000002
9282,Ollantaytambo Train Station,nan,0.15000000000000002
9284,Poroy Train Station,nan,0.15000000000000002
9288,Seydisfjordur,nan,0.15000000000000002
9290,Torit Airport,nan,0.15000000000000002
9293,Philipsburg Port,nan,0.15000000000000002
9295,Charlotte Amalie Port,nan,0.15000000000000002
9296,San Juan Port,nan,0.15000000000000002
9299,Lincolnville GO Station,nan,0.15000000000000002
93,Montreal International (Mirabel) Airport,YMX,0.15000000000000002
9300,Mormugao-Goa Port,nan,0.15000000000000002
9302,Penang Cruise Terminal,nan,0.15000000000000002
9304,Singapore Cruise Terminal,nan,0.15000000000000002
9305,Shelby County Airport,nan,0.15000000000000002
9307,Mattoon Amtrak,nan,0.15000000000000002
9308,Lüliang Airport,LLV,0.15000000000000002
931,Besalampy Airport,BPY,0.15000000000000002
9312,Komandoo,nan,0.15000000000000002
9313,Komandoo,nan,0.15000000000000002
9314,Meck Island Airstrip,nan,0.15000000000000002
9319,Railway Station,nan,0.15000000000000002
9325,Heliport NUS,nan,0.15000000000000002
9330,Xugana,nan,0.15000000000000002
9335,Salem Station,nan,0.15000000000000002
9339,Laraway Road,nan,0.15000000000000002
9341,Waterloo International,nan,0.15000000000000002
9344,Gloucester Station,nan,0.15000000000000002
9347,Johnstown Amtrak,nan,0.15000000000000002
935,Ambalabe Airport,WAI,0.15000000000000002
9350,Grand Central Terminal,nan,0.15000000000000002
9351,Tremont,nan,0.15000000000000002
9354,Kulik Lake Airport,LKK,0.15000000000000002
9356,Euston Station,QQU,0.15000000000000002
9357,Waterloo International,QQW,0.15000000000000002
9358,Belorussky Station,nan,0.15000000000000002
9359,Railway Station,nan,0.15000000000000002
936,Ampampamena Airport,IVA,0.15000000000000002
9361,Railway Station,nan,0.15000000000000002
9364,Domodedovo,nan,0.15000000000000002
9367,Severobajkalsk Port,nan,0.15000000000000002
9368,Vanino-Port,nan,0.15000000000000002
9369,Holmsk-Port,nan,0.15000000000000002
9371,Markovo Airport,KVM,0.15000000000000002
9378,Olyokminsk Airport,OLZ,0.15000000000000002
10947,Kuum-Ni,nan,0.15000000000000002
10948,Pukchang,nan,0.15000000000000002
10949,Wonsan Kalma International Airport,WOS,0.15000000000000002
1095,Sélibaby Airport,SEY,0.15000000000000002
10950,Hyangsan heliport,nan,0.15000000000000002
10951,Mestia Queen Tamar Airport,nan,0.15000000000000002
10952,Magas Airport,IGT,0.15000000000000002
10956,Wilmette Station,nan,0.15000000000000002
10957,Nashville Riverfront Station,nan,0.15000000000000002
10958,Birmingham Station,nan,0.15000000000000002
10959,Tampa Union Station,nan,0.15000000000000002
1096,Atar International Airport,ATR,0.15000000000000002
10962,Ulleungdo,nan,0.15000000000000002
10963,Ulleungdo,nan,0.15000000000000002
10966,Ulleungdo,nan,0.15000000000000002
10968,Ulleungdo,nan,0.15000000000000002
10971,Ulleungdo,nan,0.15000000000000002
10972,Gangneung,nan,0.15000000000000002
10976,Charlotte Amtrak Station,nan,0.15000000000000002
10977,Fayetteville Amtrak Station,nan,0.15000000000000002
1098,Bir Moghrein Airport,nan,0.15000000000000002
10980,Indian Hill Station,nan,0.15000000000000002
10981,Winnetka Station,nan,0.15000000000000002
10982,Hubbard Woods Station,nan,0.15000000000000002
10983,Glencoe Station,nan,0.15000000000000002
10984,Braeside Station,nan,0.15000000000000002
10986,Highland Park Station,nan,0.15000000000000002
10987,Highwood Station,nan,0.15000000000000002
10989,East Lake Forest Station,nan,0.15000000000000002
10992,North Chicago Station,nan,0.15000000000000002
10994,Zion Station,nan,0.15000000000000002
10995,Winthrop Harbor Staiton,nan,0.15000000000000002
10997,Ulleungdo,nan,0.15000000000000002
10998,Ulleungdo,nan,0.15000000000000002
10999,Gangneung,nan,0.15000000000000002
11006,Guntersville Municipal Airport - Joe Starnes Field,8A1,0.15000000000000002
11007,Ravinia Park Station,nan,0.15000000000000002
11008,Mankato Regional Airport,nan,0.15000000000000002
11009,Captain Auguste George Airport,NGD,0.15000000000000002
1101,Tata Airport,LEK,0.15000000000000002
11010,Troy Municipal Airport at N Kenneth Campbell Field,TOI,0.15000000000000002
11011,Merkel Field Sylacauga Municipal Airport,nan,0.15000000000000002
11013,Carl Folsom Airport,14J,0.15000000000000002
11014,Blackwell Field,71J,0.15000000000000002
11015,Reeves Airport,41A,0.15000000000000002
11016,South Alabama Regional Airport,79J,0.15000000000000002
11020,Nadunumu Airport,NDN,0.15000000000000002
11022,Thomas C Russell Field,ALX,0.15000000000000002
11024,Moskovsky railway station,nan,0.15000000000000002
11025,Leningradsky railway station,nan,0.15000000000000002
11027,Amtrak Station,nan,0.15000000000000002
11030,Port Keats Airport,PKT,0.15000000000000002
11031,Garden Point Airport,GPN,0.15000000000000002
11032,Stade Airport,nan,0.15000000000000002
11034,Busan International Passenger Terminal,nan,0.15000000000000002
11035,Meriden Markham Municipal Airport,nan,0.15000000000000002
11039,Van Buren Street Station,nan,0.15000000000000002
11040,Museum Campus 11th St. Station,nan,0.15000000000000002
11041,57th Street Station,nan,0.15000000000000002
11042,East Chicago Station,nan,0.15000000000000002
11045,Port of Roatan,nan,0.15000000000000002
11052,Valerio Catullo,nan,0.15000000000000002
11054,Canmore Municipal Heliport,nan,0.15000000000000002
11056,AGAP South,nan,0.15000000000000002
11059,Station,nan,0.15000000000000002
11064,TEST,nan,0.15000000000000002
11066,Hof HaCarmel,nan,0.15000000000000002
11067,Ridgely Airpark,nan,0.15000000000000002
11070,Brewster Field,HDE,0.15000000000000002
11073,Wahoo Municipal Airport,nan,0.15000000000000002
11074,Jim Kelly Field,LXN,0.15000000000000002
11076,Council Bluffs Municipal Airport,CBF,0.15000000000000002
11080,Elkhart Morton County Airport,nan,0.15000000000000002
11081,Front Range Airport,nan,0.15000000000000002
11082,Galesburg Municipal Airport,GBG,0.15000000000000002
11085,Camdenton,OZS,0.15000000000000002
11086,Meade Municipal Airport,nan,0.15000000000000002
11087,Turkey Mountain Estates Airport,nan,0.15000000000000002
11088,Ulysses Airport,nan,0.15000000000000002
11089,Flagler Aerial Spraying Inc Airport,nan,0.15000000000000002
11092,Larned Pawnee County Airport,nan,0.15000000000000002
11093,Lampasas Airport,nan,0.15000000000000002
11094,Bay City Municipal Airport,BBC,0.15000000000000002
11095,Cox Field,PRX,0.15000000000000002
11096,Coffeyville Municipal Airport,CFV,0.15000000000000002
11098,Greeley–Weld County Airport,GXY,0.15000000000000002
11099,General Dewitt Spain Airport,nan,0.15000000000000002
11101,Fremont Municipal Airport,FET,0.15000000000000002
11103,Olsztyn-Mazury Airport,SZY,0.15000000000000002
11104,Center HaShmona Railway Station,nan,0.15000000000000002
11105,Rehovot Railway Station,nan,0.15000000000000002
11108,Aviosuperficie Monti della Tolfa,nan,0.15000000000000002
11115,Harbor,nan,0.15000000000000002
11117,Harbour,nan,0.15000000000000002
11121,Morris Canal Basin,nan,0.15000000000000002
11122,Harbour,nan,0.15000000000000002
11123,Harbour,nan,0.15000000000000002
11124,Harbour,nan,0.15000000000000002
11127,Banff Airport,YBA,0.15000000000000002
11128,NAS Agana Airport,NGM,0.15000000000000002
11129,Nordborg Flyveplads,nan,0.15000000000000002
11132,Gießen-Lützellinden Airport,nan,0.15000000000000002
11135,Keweenaw Waterway,nan,0.15000000000000002
11139,Kotido Airport,nan,0.15000000000000002
11140,Kajjansi Airfield,nan,0.15000000000000002
11142,Paracatu Airport,nan,0.15000000000000002
11144,Janaúba Airport,nan,0.15000000000000002
11146,Cristiano Ferreira Varella Airport,nan,0.15000000000000002
11148,Prince George Railway Station,XDV,0.15000000000000002
11149,Prince Rupert Railway Station and Ferry Terminal,XDW,0.15000000000000002
11151,Port Hardy Ferry Terminal,nan,0.15000000000000002
11152,Depature Bay Ferry Terminal,nan,0.15000000000000002
11153,Peter O Knight Airport,TPF,0.15000000000000002
11156,Puerto Madero,nan,0.15000000000000002
11157,Myrdal Station,nan,0.15000000000000002
11158,Flam Station,nan,0.15000000000000002
11159,Voss Station,nan,0.15000000000000002
11160,Barnbougle Dunes,nan,0.15000000000000002
11163,Taita Hills Airport,nan,0.15000000000000002
11164,Hot Air Safaris Landing Area,nan,0.15000000000000002
11165,Hot Air Safaris Base,nan,0.15000000000000002
11166,Angermunde Station,nan,0.15000000000000002
11170,Lure Malbouhans Air Base,nan,0.15000000000000002
11171,Gare de Belfort,nan,0.15000000000000002
11172,Gare de Ronchamp,nan,0.15000000000000002
10268,Changhua Station,nan,0.15000000000000002
10269,Yuanlin Station,nan,0.15000000000000002
1027,Gbadolite Airport,BDT,0.15000000000000002
10270,Douliu Station,nan,0.15000000000000002
10271,Dounan Station,nan,0.15000000000000002
10272,Jingtong Station,nan,0.15000000000000002
10277,Yingge Station,nan,0.15000000000000002
10278,Banqiao Station,nan,0.15000000000000002
10280,Aberdeen Station,nan,0.15000000000000002
10285,Olympic Station,nan,0.15000000000000002
10286,Tung Chung Station,nan,0.15000000000000002
10288,Marlboro Gautrain Station,nan,0.15000000000000002
10291,Gare de Reims,nan,0.15000000000000002
10294,Yongphulla Airport,YON,0.15000000000000002
10296,Elizabeth Field,FID,0.15000000000000002
10299,Bay Ridge 95th Street Station,nan,0.15000000000000002
1030,Lisala Airport,LIQ,0.15000000000000002
10300,Parkchester Station,nan,0.15000000000000002
10303,Attleboro MBTA Station,nan,0.15000000000000002
10304,North Falmouth Railroad Station,nan,0.15000000000000002
10305,Woods Hole Railroad Station,nan,0.15000000000000002
10309,Danyang Railway Station,DYN,0.15000000000000002
10310,Tikkurila Railway Station,HVT,0.15000000000000002
10311,Gare de Champagne-Ardenne TGV,XIZ,0.15000000000000002
10316,Oulu Railway Station,nan,0.15000000000000002
10319,Suomenlinna,nan,0.15000000000000002
10322,Gare du Creusot TGV,nan,0.15000000000000002
10328,Amersfoort Railway Station,nan,0.15000000000000002
10331,Almelo Railway Station,nan,0.15000000000000002
10332,Hengelo Railway Station,nan,0.15000000000000002
10335,Amsterdam Sloterdijk,nan,0.15000000000000002
10337,Den Haag HS,nan,0.15000000000000002
10338,Schiedam Centrum,nan,0.15000000000000002
10340,Zwijndrecht Railway Station,nan,0.15000000000000002
10341,Roosendaal Railway Station,nan,0.15000000000000002
10344,Gare de Schaerbeek,nan,0.15000000000000002
10345,Puhinui Railway Station,nan,0.15000000000000002
10346,Hardy Reef,nan,0.15000000000000002
10347,Hamburg-Bergedorf Station,nan,0.15000000000000002
10350,Schwanheide Bahnhof,nan,0.15000000000000002
10351,Boizenburg Bahnhof,nan,0.15000000000000002
10352,Hagenow Bahnhof,nan,0.15000000000000002
10354,Wittenberge Bahnhof,nan,0.15000000000000002
10355,Neustadt Dosse Bahnhof,nan,0.15000000000000002
10357,Spandau Bahnhof,nan,0.15000000000000002
10358,Nauen Bahnhof,nan,0.15000000000000002
10362,Ocean Beach Muni Metro Station,nan,0.15000000000000002
10363,Hechi Jinchengjiang Airport,HCJ,0.15000000000000002
10365,Plaza de los Virreyes Station,nan,0.15000000000000002
10371,General WM J Fox Airfield,WJF,0.15000000000000002
10372,Kern Valley Airport,L05,0.15000000000000002
10379,Gdynia Glowna,nan,0.15000000000000002
10381,Marlboro Gautrain Station,nan,0.15000000000000002
10382,Ershui Station,nan,0.15000000000000002
10386,Tongluo Station,nan,0.15000000000000002
10388,Banqiao Station,nan,0.15000000000000002
1039,Kolwezi Airport,KWZ,0.15000000000000002
10390,Hukou Station,nan,0.15000000000000002
10391,Yangmei Station,nan,0.15000000000000002
10392,Chenggong Station,nan,0.15000000000000002
10394,BWI Rail Station,nan,0.15000000000000002
10396,Erkner Bahnhof,nan,0.15000000000000002
104,Pitt Meadows Airport,nan,0.15000000000000002
10400,Blankenfelde Bahnhof,nan,0.15000000000000002
10402,Cottbuser Bahnhof,nan,0.15000000000000002
10404,Hlavni Nadrazi,nan,0.15000000000000002
10405,Usti nad Labem Hlavni Nadrazi,nan,0.15000000000000002
10407,Roudnice nad Labem Hlavni Nad.,nan,0.15000000000000002
10408,Kralupy nad Vltavou Hlavni Nad.,nan,0.15000000000000002
1041,Kamina Base Airport,KMN,0.15000000000000002
10410,Furstenwalde Bahnhof,nan,0.15000000000000002
10412,Bydgoszcz Glowna,nan,0.15000000000000002
10413,Dworzec PKP,nan,0.15000000000000002
10417,Motherwell Railway Station,nan,0.15000000000000002
10420,Haymarket Railway Station,nan,0.15000000000000002
10423,Wallyford Railway Station,nan,0.15000000000000002
10424,Prestonpans Railway Station,nan,0.15000000000000002
10428,Alnmouth Railway station,nan,0.15000000000000002
10430,Widdrington Railway Station,nan,0.15000000000000002
10432,Morpeth Railway Station,nan,0.15000000000000002
10433,Cramlington Railway Station,nan,0.15000000000000002
10436,Durham Railway Station,nan,0.15000000000000002
10437,Darlington Railway Station,nan,0.15000000000000002
10440,Retford Railway Station,nan,0.15000000000000002
10441,North Gate Railway Station,nan,0.15000000000000002
10442,Grantham Railway Station,nan,0.15000000000000002
10443,Huntingdon Railway Station,nan,0.15000000000000002
10445,Sandy Railway Station,nan,0.15000000000000002
10447,Arlesey Railway Station,nan,0.15000000000000002
10448,Hitchin Railway Station,nan,0.15000000000000002
10449,Knebworth Railway Station,nan,0.15000000000000002
1045,Gao Airport,GAQ,0.15000000000000002
10450,Welwyn North Railway Station,nan,0.15000000000000002
10451,Welwyn Garden City Railway Station,nan,0.15000000000000002
10452,Hatfield Railway Station,nan,0.15000000000000002
10454,Brookmans Park Railway Station,nan,0.15000000000000002
10455,Hadley Wood Railway Station,nan,0.15000000000000002
10457,Oakleigh Park Railway Station,nan,0.15000000000000002
10458,New Southgate Railway Station,nan,0.15000000000000002
1046,Kayes Dag Dag Airport,KYS,0.15000000000000002
10460,Hornsey Railway Station,nan,0.15000000000000002
10462,Ealing Broadway Station,nan,0.15000000000000002
10463,West Ealing Railway Station,nan,0.15000000000000002
10464,Hanwell Railway Station,nan,0.15000000000000002
10468,Gare TGV Haute-Picardie,nan,0.15000000000000002
10470,Rainham Essex Railway Station,nan,0.15000000000000002
10472,Adam Benjamin Metro Center,nan,0.15000000000000002
10473,Harpers Ferry Train Station,nan,0.15000000000000002
10475,Connellsville Amtrak Station,nan,0.15000000000000002
10476,Petersburg Amtrak,nan,0.15000000000000002
10480,Jacksonville Station,nan,0.15000000000000002
10481,Union Station,nan,0.15000000000000002
10483,Winter Haven Amtrak Station,nan,0.15000000000000002
10484,Sebring Station,nan,0.15000000000000002
10486,West Palm Beach Station,nan,0.15000000000000002
10487,Boynton Beach Station,nan,0.15000000000000002
10488,Sturtevant Amtrak Station,nan,0.15000000000000002
10489,Battersea Park Railway Station,nan,0.15000000000000002
10490,Clapham Junction Railway Station,nan,0.15000000000000002
10491,Wandsworth Common Railway Station,nan,0.15000000000000002
10497,East Croydon Station,nan,0.15000000000000002
10498,South Croydon Railway Station,nan,0.15000000000000002
10499,Purley Oaks Railway Station,nan,0.15000000000000002
10502,Merstham Railway Station,nan,0.15000000000000002
12553,Kilafors Railway Station,nan,0.15000000000000002
12554,Bollnas Railway Station,nan,0.15000000000000002
12555,Arbra Railway Station,nan,0.15000000000000002
12556,Jarvso Railway Station,nan,0.15000000000000002
12557,Ljusdal Railway Station,nan,0.15000000000000002
12558,Alby Industrivagen soda,nan,0.15000000000000002
1256,Nangis-Les Loges Airport,nan,0.15000000000000002
12562,Mellansel Railway Station,nan,0.15000000000000002
12563,Vannas Resecentrum Station,nan,0.15000000000000002
12565,Hallnas Railway Station,nan,0.15000000000000002
12567,Jorn Railway Station,nan,0.15000000000000002
12569,Morjarv Railway Station,nan,0.15000000000000002
12570,Karungi Railway Station,nan,0.15000000000000002
12573,Haukipudas Railway Station,nan,0.15000000000000002
12574,Kannas Railway Station,nan,0.15000000000000002
12575,Bennas Railway Station,nan,0.15000000000000002
12576,Kauhava Railway Station,nan,0.15000000000000002
12577,Lapua Railway Station,nan,0.15000000000000002
12578,Parkano Railway Station,nan,0.15000000000000002
1258,Albert-Bray Airport,BYF,0.15000000000000002
12580,Son Nagar Junction Railway Station,nan,0.15000000000000002
12581,Sasaram Junction Railway Station,nan,0.15000000000000002
12583,Tughlakabad Railway Station,nan,0.15000000000000002
12587,Grossbeeren Bahnhof,nan,0.15000000000000002
12590,Heidenau Railway Station,nan,0.15000000000000002
12591,Schona Railway Station,nan,0.15000000000000002
12593,Brunswick MARC Station,nan,0.15000000000000002
12594,Point of Rocks MARC Station,nan,0.15000000000000002
12595,Germantown MARC Station,nan,0.15000000000000002
12596,Gaithersburg MARC Station,nan,0.15000000000000002
12597,Silver Spring MARC Station,nan,0.15000000000000002
12598,Crystal City VRE Station,nan,0.15000000000000002
12599,Franconia Springfield Station,nan,0.15000000000000002
12601,Fredericksburg Station,nan,0.15000000000000002
12602,Spotsylvania VRE Station,nan,0.15000000000000002
12604,Potomac Shores VRE Station,nan,0.15000000000000002
12605,Brooke VRE Station,nan,0.15000000000000002
12606,Leeland Road VRE Station,nan,0.15000000000000002
12609,Chang Gung Memorial Hospital Station,nan,0.15000000000000002
12615,Gare de Chelles-Gournay,nan,0.15000000000000002
12616,Gare de Chaville-Rive-Gauche,nan,0.15000000000000002
12618,Goondiwindi Airport,GOO,0.15000000000000002
12621,Gare de La Courneuve Aubervilliers,nan,0.15000000000000002
12622,Gare de Drancy,nan,0.15000000000000002
12624,Gare de Villepinte,nan,0.15000000000000002
12625,CDGVAL Terminal 1 Station,nan,0.15000000000000002
12626,CDGVAL Terminal 2 Station,nan,0.15000000000000002
12628,CDGVAL Parc de Stationnement PR Station,nan,0.15000000000000002
12629,CDGVAL Parc de Stationnement PX Station,nan,0.15000000000000002
12630,Plateau de Vanves Station,nan,0.15000000000000002
12632,Port harcourt,PHG,0.15000000000000002
12634,Gallieni Paris Metro Station,nan,0.15000000000000002
12639,Chilly-Mazarin RER Station,nan,0.15000000000000002
12641,Joinville-le-Pont RER Station,nan,0.15000000000000002
12644,Kaiseraugst Bahnhof,nan,0.15000000000000002
12645,Sissach Bahnhof,nan,0.15000000000000002
12646,Hagendorf Bahnhof,nan,0.15000000000000002
12648,Hergiswil Bahnhof,nan,0.15000000000000002
12650,Castione-Arbedo Railway Station,nan,0.15000000000000002
12653,Saronno Railway Station,nan,0.15000000000000002
12654,Certosa Railway Station,nan,0.15000000000000002
12658,Portogruaro-Caorle Railway Station,nan,0.15000000000000002
12659,San Marco Railway Station,nan,0.15000000000000002
12660,Carina Railway Station,nan,0.15000000000000002
12661,Pontebba Railway Station,nan,0.15000000000000002
12662,Spittal-Millstatter See Bahnhof,nan,0.15000000000000002
12663,Eben im Pongau Bahnhof,nan,0.15000000000000002
12664,Holzkirchen Bahnhof,nan,0.15000000000000002
12667,Leonberg Bahnhof,nan,0.15000000000000002
12670,Gare de Saint-Hilaire-au-Temple,nan,0.15000000000000002
12671,Terminal Station,nan,0.15000000000000002
12673,Evergreen Regional Airport/Middleton Field,nan,0.15000000000000002
12674,Flomaton Station,nan,0.15000000000000002
12676,Glasgow Municipal Airport,GLW,0.15000000000000002
12678,Madison-Holiday Inn Heliport,nan,0.15000000000000002
12679,Augusta Shuttle Station,nan,0.15000000000000002
12681,Gare de Massy TGV,XJY,0.15000000000000002
12686,Gare de Courtalain,nan,0.15000000000000002
12689,Flagler County Airport,FIN,0.15000000000000002
12690,Strausberg Bahnhof,nan,0.15000000000000002
12692,Friedrichshagen Station,nan,0.15000000000000002
12693,Amritsar Junction Railway Station,nan,0.15000000000000002
12694,Chennai Central Railway Station,nan,0.15000000000000002
12700,Opa-Locka West Airport,nan,0.15000000000000002
12702,Homestead Seaboard Air Line Railway Station,nan,0.15000000000000002
12705,Northside Station,nan,0.15000000000000002
12706,Dr. Martin Luther King Jr. Plaza Station,nan,0.15000000000000002
12707,Brownsville Station,nan,0.15000000000000002
12708,Earlington Heights Station,nan,0.15000000000000002
12709,Allapattah Station,nan,0.15000000000000002
12711,Civic Center Station,nan,0.15000000000000002
12717,Bayfront Park Metromover Station,nan,0.15000000000000002
12719,College-Bayside Metromover Station,nan,0.15000000000000002
12720,College North Metromover Station,nan,0.15000000000000002
12724,College Park MARTA Station,nan,0.15000000000000002
12725,East Point MARTA Station,nan,0.15000000000000002
12726,Lakewood-Fort McPherson MARTA Station,nan,0.15000000000000002
12727,Oakland City MARTA Station,nan,0.15000000000000002
12728,West End MARTA Station,nan,0.15000000000000002
12731,Civic Center MARTA Station,nan,0.15000000000000002
12736,Eglinton TTC Station,nan,0.15000000000000002
12737,Davisville TTC Station,nan,0.15000000000000002
12739,Summerhill TTC Station,nan,0.15000000000000002
12740,Rosedale TTC Station,nan,0.15000000000000002
12742,Wellesley TTC Station,nan,0.15000000000000002
12743,College TTC Station,nan,0.15000000000000002
12744,Dundas TTC Station,nan,0.15000000000000002
12745,Queen TTC Station,nan,0.15000000000000002
12746,King TTC Station,nan,0.15000000000000002
12748,Toronto Pearson Terminal 1 Station,nan,0.15000000000000002
12751,34th Street Hudson Yards Station,nan,0.15000000000000002
12752,Battery Park Landing,nan,0.15000000000000002
12755,Goethals Bridge Staten Island Station,nan,0.15000000000000002
12757,Fulton St. Station,nan,0.15000000000000002
12759,Canal St. Station,nan,0.15000000000000002
12764,23rd St. IRT Lexington Ave Line Station,nan,0.15000000000000002
12765,28th St. IRT Lexington Ave Line Station,nan,0.15000000000000002
12767,Grand Central 42nd St. Station,nan,0.15000000000000002
12768,Times Square 42nd St. Port Authority Station,nan,0.15000000000000002
12770,59th St. Columbus Circle Station,nan,0.15000000000000002
12771,66th St. Lincoln Ctr. IRT Broadway 7th Ave. Line Station,nan,0.15000000000000002
10510,Aeroport Charles de Gaulle 2 TGV,nan,0.15000000000000002
10516,Aeroporto Railway Station,nan,0.15000000000000002
10517,Zurich Airport Railway Station,nan,0.15000000000000002
10520,Nyugati Railway Terminal,nan,0.15000000000000002
10525,Hamburg Airport Station,nan,0.15000000000000002
10527,Schonefeld Flughafen Station,nan,0.15000000000000002
10529,Loughborough Station,nan,0.15000000000000002
10532,Hineno Station,nan,0.15000000000000002
10535,Shin-Imamiya Station,nan,0.15000000000000002
10536,Imamiya Station,nan,0.15000000000000002
10537,Taisho Station,nan,0.15000000000000002
10538,Bentencho Station,nan,0.15000000000000002
10539,Nishikujo Station,nan,0.15000000000000002
10540,Osaka Station,nan,0.15000000000000002
10541,Yokohama Station,nan,0.15000000000000002
10542,Shinagawa Station,nan,0.15000000000000002
10546,Port of Algeciras,nan,0.15000000000000002
10550,Sakura Station Chiba,nan,0.15000000000000002
10551,Yotsukaido Station,nan,0.15000000000000002
10553,Tsudanuma Station,nan,0.15000000000000002
10554,Nishi-Funabashi Station,nan,0.15000000000000002
10555,Ichikawa Station,nan,0.15000000000000002
10556,Kameido Station,nan,0.15000000000000002
10558,Haneda Airport International Terminal Station,nan,0.15000000000000002
10559,Haneda Airport Terminal 2 Station,nan,0.15000000000000002
10560,Haneda Airport Terminal 1 Station,nan,0.15000000000000002
10564,Hong Kong International Airport Station,nan,0.15000000000000002
10565,Hong Kong Boundary Crossing Facilities,nan,0.15000000000000002
10566,Dulles International Airport Station,nan,0.15000000000000002
10567,Airport MBTA Station,nan,0.15000000000000002
10568,Reagan National Airport Station,nan,0.15000000000000002
10572,Lenox MARTA Station,nan,0.15000000000000002
10573,Seattle Center Monorail,nan,0.15000000000000002
10575,WSF Terminal Pier 52,nan,0.15000000000000002
10576,Court Square,nan,0.15000000000000002
10579,Prospect Ave. BMT 4th Ave. Line,nan,0.15000000000000002
10580,Union Passenger Terminal,nan,0.15000000000000002
10582,St. Charles at Lee Circle Streetcar Stop,nan,0.15000000000000002
10583,St. Charles at Louisiana Streetcar Stop,nan,0.15000000000000002
10585,St. Charles at S. Carrollton Streetcar Stop,nan,0.15000000000000002
10587,Union Station,nan,0.15000000000000002
10590,La Crosse Amtrak Station,nan,0.15000000000000002
10594,SFO BART Station,nan,0.15000000000000002
10595,Embarcadero Station,nan,0.15000000000000002
10596,San Bruno BART Station,nan,0.15000000000000002
10598,Blake Knolls,nan,0.15000000000000002
10599,Aeropuerto T4 Madrid Metro,nan,0.15000000000000002
10600,Barajas Station Madrid Metro,nan,0.15000000000000002
10602,Bahnhof Amstetten,nan,0.15000000000000002
10604,Wels Hauptbahnhof,nan,0.15000000000000002
10605,Bahnhof Attnang-Puchheim,nan,0.15000000000000002
10606,Innsbruck Hauptbahnhof,nan,0.15000000000000002
10607,Bahnhof Bludenz,nan,0.15000000000000002
10608,Bahnhof Feldkirch,nan,0.15000000000000002
10612,Yangcheng Lake Railway Station,nan,0.15000000000000002
10614,Anting North Railway Station,nan,0.15000000000000002
10615,Nanxiang North Railway Station,nan,0.15000000000000002
10617,Ota Air Base,nan,0.15000000000000002
10620,Jinshan North Railway Station,nan,0.15000000000000002
10622,Jiaxing South Railway Station,nan,0.15000000000000002
10624,Haining West Railway Station,nan,0.15000000000000002
10627,Suvarnabhumi Station,nan,0.15000000000000002
10629,Ban Thap Chang Station,nan,0.15000000000000002
10632,City Air Terminal,nan,0.15000000000000002
10636,Sandton Gautrain Station,nan,0.15000000000000002
10640,Mascot Railway Station,nan,0.15000000000000002
10642,Mangonia Park Station,nan,0.15000000000000002
10643,Lake Worth Station,nan,0.15000000000000002
10644,Delray Beach Station,nan,0.15000000000000002
10645,Boca Raton Station,nan,0.15000000000000002
10647,Howrah Junction Railway Station,nan,0.15000000000000002
10648,Asansol Railway Station,nan,0.15000000000000002
10652,Delhi Aerocity Metro Station,nan,0.15000000000000002
10655,Santacruz Railway Station,nan,0.15000000000000002
10657,Andheri Railway Station,nan,0.15000000000000002
10659,Dadar Railway Station,nan,0.15000000000000002
10660,Vadala Road Railway Station,nan,0.15000000000000002
10661,Chhatrapati Shivaji Terminus,nan,0.15000000000000002
10663,Dehri-on-Sone Railway Station,nan,0.15000000000000002
10665,Parasnath Railway Station,nan,0.15000000000000002
10666,Dhanbad Junction Railway Station,nan,0.15000000000000002
10667,Durgapur Railway Station,nan,0.15000000000000002
1067,Ifrane Airport,nan,0.15000000000000002
10671,Mathura Junction Railway Station,nan,0.15000000000000002
10672,Yamuna Bridge Railway Station,nan,0.15000000000000002
10674,Firozabad Railway Station,nan,0.15000000000000002
10678,Incheon Airport Cargo Terminal Station,nan,0.15000000000000002
10679,Unseo Station,nan,0.15000000000000002
1068,Moulay Ali Cherif Airport,ERH,0.15000000000000002
10680,Cheongna International City Station,nan,0.15000000000000002
10682,Gyeyang Station,nan,0.15000000000000002
10684,Digital Media City Station,nan,0.15000000000000002
10686,Gongdeok Station,nan,0.15000000000000002
10689,Wuqing Railway Station,nan,0.15000000000000002
10690,Huangcun Railway Station,nan,0.15000000000000002
10691,Fengtai Railway Station,nan,0.15000000000000002
10692,Langfang North Railway Station,nan,0.15000000000000002
10693,Dongmajuanzhen Railway Station,nan,0.15000000000000002
10695,Tianjin North Railway Station,nan,0.15000000000000002
10701,Auckland Ferry Terminal,nan,0.15000000000000002
10704,South Kensington Railway Station,nan,0.15000000000000002
10705,Footscray Railway Station,nan,0.15000000000000002
10707,West Footscray Railway Station,nan,0.15000000000000002
10708,Tottenham Railway Station,nan,0.15000000000000002
10712,Airport South Station,nan,0.15000000000000002
10715,Lok Ma Chau Station,nan,0.15000000000000002
10721,Changi Airport MRT Station,nan,0.15000000000000002
10722,Cham,nan,0.15000000000000002
10726,Guangmingcheng Station,nan,0.15000000000000002
10727,Capital Intl Terminal 2 Station,nan,0.15000000000000002
10731,Pudong Intl Airport Station,nan,0.15000000000000002
10734,Hailun Road Station,nan,0.15000000000000002
10735,Binhaiguojijichang Station,nan,0.15000000000000002
10736,Songshan Airport Station,nan,0.15000000000000002
10738,Marina Bay MRT Station,nan,0.15000000000000002
10740,Caspian Sea,nan,0.15000000000000002
10742,Anaheim Regional Transportation Intermodal Center,nan,0.15000000000000002
10743,Simi Valley Train Station,nan,0.15000000000000002
10745,Lashenden (Headcorn) Airfield,nan,0.15000000000000002
10746,Panshanger Aerodrome,nan,0.15000000000000002
10747,Thurrock Airfield,nan,0.15000000000000002
2339,Ozuki Airport,nan,0.15000000000000002
2342,Sado Airport,SDS,0.15000000000000002
2348,Matsushima Air Base,nan,0.15000000000000002
2350,Atsugi Naval Air Facility,NJA,0.15000000000000002
2351,Tateyama Airport,nan,0.15000000000000002
2353,Iruma Air Base,nan,0.15000000000000002
2354,Kisarazu Airport,nan,0.15000000000000002
2355,Shimofusa Airport,nan,0.15000000000000002
2360,Yokota Air Base,OKO,0.15000000000000002
2371,Jinhae Airbase/Airport (G-813/K-10),CHF,0.15000000000000002
2375,A 511 Airport,nan,0.15000000000000002
2376,Seoul Air Base (K-16),SSN,0.15000000000000002
2377,Osan Air Base,OSN,0.15000000000000002
2385,Ie Shima Auxiliary Air Base,nan,0.15000000000000002
2389,Minami-Daito Airport,MMD,0.15000000000000002
2391,Kitadaito Airport,KTD,0.15000000000000002
2392,Shimojishima Airport,SHI,0.15000000000000002
2393,Tarama Airport,TRA,0.15000000000000002
2396,Yonaguni Airport,OGN,0.15000000000000002
2407,Basa Air Base,nan,0.15000000000000002
2415,Dr.Juan C. Angara Airport,BQA,0.15000000000000002
2421,Bagabag Airport,nan,0.15000000000000002
2436,Comodoro Pierrestegui Airport,COC,0.15000000000000002
2437,Gualeguaychu Airport,GHU,0.15000000000000002
2438,Junin Airport,JNI,0.15000000000000002
2444,Chamical Airport,nan,0.15000000000000002
2447,La Plata Airport,LPG,0.15000000000000002
2448,Moron Airport,nan,0.15000000000000002
2449,El Palomar Airport,EPA,0.15000000000000002
2453,Comodoro D.R. Salomón Airport,LGS,0.15000000000000002
2459,Chilecito Airport,nan,0.15000000000000002
2463,Villa Dolores Airport,VDR,0.15000000000000002
2464,La Quiaca Airport,nan,0.15000000000000002
2465,Marcos Juarez Airport,nan,0.15000000000000002
2468,Corrientes Airport,CNQ,0.15000000000000002
2473,Monte Caseros Airport,MCS,0.15000000000000002
2475,Termal Airport,PRQ,0.15000000000000002
2478,Orán Airport,ORA,0.15000000000000002
2479,Laboulaye Airport,nan,0.15000000000000002
2481,El Dorado Airport,ELO,0.15000000000000002
2485,Curuzu Cuatia Airport,UZU,0.15000000000000002
2493,Marambio Base,nan,0.15000000000000002
2494,Puerto Deseado Airport,PUD,0.15000000000000002
2498,Capitan D Daniel Vazquez Airport,ULA,0.15000000000000002
250,Wa Airport,nan,0.15000000000000002
2500,Santa Cruz Airport,RZA,0.15000000000000002
2502,Brigadier D.H.E. Ruiz Airport,CSZ,0.15000000000000002
2504,General Pico Airport,GPO,0.15000000000000002
251,Sunyani Airport,NYI,0.15000000000000002
2516,Cutral-Co Airport,CUT,0.15000000000000002
2519,Campo Délio Jardim de Mattos Airport,nan,0.15000000000000002
2520,Amapá Airport,nan,0.15000000000000002
2530,Major Brigadeiro Doorgal Borges Airport,nan,0.15000000000000002
2532,Bauru Airport,BAU,0.15000000000000002
2540,Brig. Lysias Augusto Rodrigues Airport,CLN,0.15000000000000002
2552,Jacareacanga Airport,JCR,0.15000000000000002
2557,Fronteira,nan,0.15000000000000002
256,Korhogo Airport,HGO,0.15000000000000002
2561,Guajará-Mirim Airport,GJM,0.15000000000000002
257,Man Airport,MJC,0.15000000000000002
2571,Francisco Vilela do Amaral Airport,ITR,0.15000000000000002
2573,Belém/Brigadeiro Protásio de Oliveira Airport,nan,0.15000000000000002
2579,Lages Airport,LAJ,0.15000000000000002
258,San Pedro Airport,SPY,0.15000000000000002
2580,Lins Airport,LIP,0.15000000000000002
26,Kugaaruk Airport,YBB,0.15000000000000002
2601,Poços de Caldas - Embaixador Walther Moreira Salles Airport,POO,0.15000000000000002
2605,Porto Nacional Airport,PNB,0.15000000000000002
5489,Fort Severn Airport,YER,0.15000000000000002
5490,Fort Albany Airport,YFA,0.15000000000000002
5493,Texada Gillies Bay Airport,YGB,0.15000000000000002
5496,Kuujjuarapik Airport,YGW,0.15000000000000002
550,Sheffield City Heliport,nan,0.15000000000000002
5504,Ivujivik Airport,YIK,0.15000000000000002
5505,Island Lake Airport,YIV,0.15000000000000002
5507,Waskaganish Airport,YKQ,0.15000000000000002
5508,Aupaluk Airport,YPJ,0.15000000000000002
551,Cranfield Airport,nan,0.15000000000000002
5514,Chapais Airport,YMT,0.15000000000000002
5518,Points North Landing Airport,YNL,0.15000000000000002
5522,Peawanuck Airport,YPO,0.15000000000000002
5528,Stony Rapids Airport,YSF,0.15000000000000002
553,Bristol Filton Airport,FZO,0.15000000000000002
5530,St. Theresa Point Airport,YST,0.15000000000000002
5531,Big Trout Lake Airport,YTL,0.15000000000000002
5533,Webequie Airport,YWP,0.15000000000000002
5535,Salluit Airport,YZG,0.15000000000000002
5537,Ilford Airport,ILF,0.15000000000000002
5539,Eastmain River Airport,ZEM,0.15000000000000002
5540,Fond-Du-Lac Airport,ZFD,0.15000000000000002
5541,Gods River Airport,ZGI,0.15000000000000002
5544,Muskrat Dam Airport,MSA,0.15000000000000002
5547,Round Lake (Weagamow Lake) Airport,ZRJ,0.15000000000000002
5548,Sandy Lake Airport,ZSJ,0.15000000000000002
5549,Shamattawa Airport,ZTM,0.15000000000000002
555,RAF Benson,BEX,0.15000000000000002
5559,Helgoland-Düne Airport,HGL,0.15000000000000002
5560,Seinäjoki Airport,SJY,0.15000000000000002
5561,Nottingham Airport,NQT,0.15000000000000002
5565,Fair Isle Airport,FIE,0.15000000000000002
557,RAF Mildenhall,MHZ,0.15000000000000002
5570,Lerwick / Tingwall Airport,LWK,0.15000000000000002
5578,Weston Airport,nan,0.15000000000000002
5598,Storuman Airport,SQO,0.15000000000000002
5605,Malamala Airport,AAM,0.15000000000000002
5606,Mmabatho International Airport,MBD,0.15000000000000002
5608,Orapa Airport,ORP,0.15000000000000002
5609,Shakawe Airport,SWX,0.15000000000000002
561,RAF Brize Norton,BZZ,0.15000000000000002
5610,Limpopo Valley Airport,TLD,0.15000000000000002
5611,Ngot Nzoungou Airport,DIS,0.15000000000000002
5616,Ankavandra Airport,JVA,0.15000000000000002
5617,Belo sur Tsiribihina Airport,BMD,0.15000000000000002
5618,Maintirano Airport,MXT,0.15000000000000002
562,RAF Odiham,ODH,0.15000000000000002
5620,Tambohorano Airport,WTA,0.15000000000000002
5622,Ambatondrazaka Airport,WAM,0.15000000000000002
5625,Soalala Airport,DWB,0.15000000000000002
5626,Mampikony Airport,WMP,0.15000000000000002
5629,Manja Airport,MJA,0.15000000000000002
563,DCAE Cosford Air Base,nan,0.15000000000000002
5631,Dundo Airport,DUE,0.15000000000000002
5634,Koulamoutou Mabimbi Airport,KOU,0.15000000000000002
5635,Mouilla Ville Airport,MJL,0.15000000000000002
5636,Tchibanga Airport,TCH,0.15000000000000002
5638,Croisette Heliport,JCA,0.15000000000000002
5639,Sarh Airport,SRH,0.15000000000000002
564,RAF Northolt,NHT,0.15000000000000002
5646,Boma Airport,BOA,0.15000000000000002
5648,Inongo Airport,INO,0.15000000000000002
5650,Basango Mboliasa Airport,KRZ,0.15000000000000002
5655,Gamba,GAX,0.15000000000000002
566,RAF Dishforth,nan,0.15000000000000002
5661,Ceuta Heliport,JCU,0.15000000000000002
5664,Kenema Airport,KEN,0.15000000000000002
5666,Groennedal Heliport,JGR,0.15000000000000002
5668,Iginniarfik Heliport,QFI,0.15000000000000002
567,Leeming Airport,nan,0.15000000000000002
5678,Combolcha Airport,DSE,0.15000000000000002
5679,Dembidollo Airport,DEM,0.15000000000000002
5681,Gore Airport,GOR,0.15000000000000002
5684,Tippi Airport,TIE,0.15000000000000002
5685,Alula Airport,ALU,0.15000000000000002
5689,Burao Airport,BUO,0.15000000000000002
569,RAF Honington,BEQ,0.15000000000000002
5698,Mitiga Airport,MJI,0.15000000000000002
57,Forestville Airport,YFE,0.15000000000000002
5704,Kigoma Airport,TKQ,0.15000000000000002
5705,Lindi Airport,LDI,0.15000000000000002
12773,79th St. IRT Broadway 7th Ave. Line Station,nan,0.15000000000000002
12776,Wayne Route 23 Transit Center,nan,0.15000000000000002
12777,Denville Station,nan,0.15000000000000002
12779,Mount Olive Station,nan,0.15000000000000002
12780,Columbia NJ Station,nan,0.15000000000000002
12781,Birchwood Pocono Airport,nan,0.15000000000000002
12783,Woodbridge NJT Station,nan,0.15000000000000002
12790,Riverline Florence Station,nan,0.15000000000000002
12791,Larchmont  Metro North Station,nan,0.15000000000000002
12794,TF Green Airport MBTA Station,nan,0.15000000000000002
12796,Danielson Airport,nan,0.15000000000000002
12798,Brewster Station,nan,0.15000000000000002
12799,Route 128 Amtrak Station,nan,0.15000000000000002
12801,Newtonville Station,nan,0.15000000000000002
12803,JFK Umps MBTA Station,nan,0.15000000000000002
12804,Andrew MBTA Station,nan,0.15000000000000002
12805,Quincy Adams MBTA Station,nan,0.15000000000000002
12807,North Station,nan,0.15000000000000002
1281,Cahors-Lalbenque Airport,ZAO,0.15000000000000002
12812,Lee Train Depot,nan,0.15000000000000002
12813,Lohring Station,nan,0.15000000000000002
12814,Rathaus Nord Station,nan,0.15000000000000002
12815,Trevose Station,nan,0.15000000000000002
12817,Fort Washington Station,nan,0.15000000000000002
12818,Norristown Transportation Center,nan,0.15000000000000002
12820,Fetters Construction Airport,nan,0.15000000000000002
12821,Spring Mill Station,nan,0.15000000000000002
12822,Conshohocken Station,nan,0.15000000000000002
12824,East Falls Station,nan,0.15000000000000002
12825,Girard Av and 34th St Station,nan,0.15000000000000002
12839,T-Centralen,nan,0.15000000000000002
1284,Albi-Le Séquestre Airport,LBI,0.15000000000000002
12844,Docker River Airport,DKV,0.15000000000000002
12845,Jerry Phibbs Air,nan,0.15000000000000002
12846,Amsterdam Station,nan,0.15000000000000002
12851,Lackawanna Station,nan,0.15000000000000002
12855,Bellefonte Airport,N96,0.15000000000000002
12857,Emlenton Municipal Airport,nan,0.15000000000000002
12859,Wetzl Airport,nan,0.15000000000000002
12861,Cranberry Township Rec Air,nan,0.15000000000000002
12865,McLean Metro Station,nan,0.15000000000000002
12867,Forest Glen Metro Station,nan,0.15000000000000002
12868,Mansfield MBTA Station,nan,0.15000000000000002
12869,Gilbert AirPark,nan,0.15000000000000002
1287,Millau-Larzac Airfield,nan,0.15000000000000002
12871,Fremont Ind Station,nan,0.15000000000000002
12872,Aretz Airport,nan,0.15000000000000002
12876,Santorini Ferry Terminal,nan,0.15000000000000002
12877,Heraklion Ferry Terminal,nan,0.15000000000000002
12878,Barcelona-Sants,nan,0.15000000000000002
12879,Seville Prado San Sebastian Bus Station,nan,0.15000000000000002
12882,Formosa Boulevard KMRT Station,nan,0.15000000000000002
12884,Cultural Center KMRT Station,nan,0.15000000000000002
12886,World Games KMRT Station,nan,0.15000000000000002
12889,Aozihdi KMRT Station,nan,0.15000000000000002
12890,Houyi KMRT Station,nan,0.15000000000000002
12891,Central Park KMRT Station,nan,0.15000000000000002
12892,Sanduo Shopping District KMRT Station,nan,0.15000000000000002
12895,Cianjhen Senior High School KMRT Station,nan,0.15000000000000002
12897,Old Bridge Airport,3N6,0.15000000000000002
129,Rivière-du-Loup Airport,YRI,0.15000000000000002
12900,Cham Railway Station,nan,0.15000000000000002
12901,Rotkreuz Railway Station,nan,0.15000000000000002
12902,Yuanyangguojizhongxin Station,nan,0.15000000000000002
12905,Cuifuxincun Station,nan,0.15000000000000002
12906,Yudongcheng Station,nan,0.15000000000000002
12908,Konggangjingjiqu Station,nan,0.15000000000000002
12909,Guoshanlu Station,nan,0.15000000000000002
1291,Villeneuve-sur-Lot Airport,nan,0.15000000000000002
12911,Xinzhuang Fuduxin Station,nan,0.15000000000000002
12912,Taishan Station,nan,0.15000000000000002
12914,National Taiwan Sport University Station,nan,0.15000000000000002
12915,Linkou Station,nan,0.15000000000000002
12916,Shanbi Station,nan,0.15000000000000002
1292,Royan-Médis Airport,RYN,0.15000000000000002
12920,Punalu'u Waterfall,nan,0.15000000000000002
12921,Alxa Left Banner Bayanhot Airport,AXF,0.15000000000000002
12922,Tuan Chau,nan,0.15000000000000002
12926,Frederikshavn,nan,0.15000000000000002
12928,Balestrand Ferry Terminal,nan,0.15000000000000002
12929,Hull Rail Station,nan,0.15000000000000002
1293,Mimizan Airport,nan,0.15000000000000002
12930,Kalmar Rail Station,nan,0.15000000000000002
12931,El Fuentero Airport,nan,0.15000000000000002
12932,DFDS Copenhagen Terminal,nan,0.15000000000000002
12933,Elvesaeter Center,nan,0.15000000000000002
12934,Bourges Central Station,nan,0.15000000000000002
12939,Prague na knizeci,nan,0.15000000000000002
12940,Pscheveny,nan,0.15000000000000002
12942,Plitvice National Park,nan,0.15000000000000002
12943,Rab Ferry Terminal,nan,0.15000000000000002
12945,Simberi Airport,NIS,0.15000000000000002
1295,Montauban Airport,XMW,0.15000000000000002
12950,Statesboro Bulloch County Airport,TBR,0.15000000000000002
12951,Utopia Airport,nan,0.15000000000000002
12952,Greenwood Heliport,nan,0.15000000000000002
12953,PCB,nan,0.15000000000000002
12958,Amata Airport,AMT,0.15000000000000002
12959,Cooperstown,COP,0.15000000000000002
12962,Athens Airport Station,nan,0.15000000000000002
12964,Paiania Kantza Station,nan,0.15000000000000002
1297,Libourne-Artigues-de-Lussac Airport,nan,0.15000000000000002
12972,Panormou Metro Station,nan,0.15000000000000002
12973,Ambelokipi Metro Station,nan,0.15000000000000002
12978,O'Hare CTA Station,nan,0.15000000000000002
12979,Erldunda Airport,EDD,0.15000000000000002
12980,Helisul I Heliport,nan,0.15000000000000002
12981,North Sea,nan,0.15000000000000002
12983,Harun Thohir Airport,BXW,0.15000000000000002
12985,Skypier,nan,0.15000000000000002
12987,Humberto Ghizzo Bortoluzzi Regional Airport,JJG,0.15000000000000002
12988,Linz Hauptbahnhof,LZS,0.15000000000000002
1299,Marmande-Virazeil Airport,nan,0.15000000000000002
12990,Chatsworth Station,nan,0.15000000000000002
12991,Timisoara Nord Station,nan,0.15000000000000002
12995,Udaipur City Station,nan,0.15000000000000002
12996,Jaipur Junction Station,nan,0.15000000000000002
12998,Hazrat Nizamuddin Station,NZM,0.15000000000000002
13,Hornafjörður Airport,HFN,0.15000000000000002
13002,Lepetane Ferry Port,nan,0.15000000000000002
13003,Sunnyside Municipal Airport,1S5,0.15000000000000002
13005,Alexanderplatz Station,nan,0.15000000000000002
13009,Vogtareuth Airport,nan,0.15000000000000002
13014,Off Airport - Portage Hotel,nan,0.15000000000000002
13015,Off Airport - Picton SPB,nan,0.15000000000000002
11001,Ulleungdo,nan,0.15000000000000002
11002,Ulleungdo,nan,0.15000000000000002
11003,Ashland-Lineville Airport,26A,0.15000000000000002
11004,Talladega Municipal Airport,ASN,0.15000000000000002
11005,Greenville Downtown Airport,GMU,0.15000000000000002
11012,Enterprise Municipal Airport,ETS,0.15000000000000002
11017,Ryan Field,nan,0.15000000000000002
11018,Efogi Airport,EFG,0.15000000000000002
11019,Kagi Airport,KGW,0.15000000000000002
11021,Bodinumu Airport,BNM,0.15000000000000002
11023,Ntswi,nan,0.15000000000000002
11026,Holyhead Ferry Port,nan,0.15000000000000002
11028,Singapore-Tanah Merah Ferry Terminal,nan,0.15000000000000002
11029,Batam-Nongsapura Ferry Terminal,nan,0.15000000000000002
11033,Hitakatsu International Passenger Terminal,nan,0.15000000000000002
11036,Howard Airport,nan,0.15000000000000002
11037,Mato de Miranda,nan,0.15000000000000002
11038,Flinders Island Airport,nan,0.15000000000000002
11043,Dune Park Station,nan,0.15000000000000002
11044,Port Tampa Bay,nan,0.15000000000000002
11046,Genova Piazza Principe,nan,0.15000000000000002
11047,La Spezia Centrale,nan,0.15000000000000002
11048,Luzern-Beromunster Airport,nan,0.15000000000000002
11049,La Grand'combe Airport,nan,0.15000000000000002
11050,Natakhtari,nan,0.15000000000000002
11053,Fort Mackay / Horizon Airport,HZP,0.15000000000000002
11055,Krasnokamensk Airport,nan,0.15000000000000002
11057,Hialeah Market Station,nan,0.15000000000000002
11058,Eisenach Hauptbahnhof,nan,0.15000000000000002
11060,Station,nan,0.15000000000000002
11061,HaHagana Railway Station,nan,0.15000000000000002
11062,Beersheba North Railway Station,nan,0.15000000000000002
11063,TEST,nan,0.15000000000000002
11065,Emmen,nan,0.15000000000000002
11068,New Castle Henry Co. Municipal Airport,nan,0.15000000000000002
11069,Scott City Municipal Airport,nan,0.15000000000000002
11071,Pratt Regional Airport,PTT,0.15000000000000002
11072,Yubileyniy Airfield,nan,0.15000000000000002
11075,Sublette Municipal Airport,nan,0.15000000000000002
11077,Kokomo Municipal Airport,OKK,0.15000000000000002
11078,Neodesha Municipal Airport,nan,0.15000000000000002
11079,King Ranch Airport,nan,0.15000000000000002
1108,Lideta Army Airport,nan,0.15000000000000002
11083,Tribune,5K2,0.15000000000000002
11084,Guymon Municipal Airport,GUY,0.15000000000000002
11090,Independence Municipal Airport,IDP,0.15000000000000002
11091,Augusta Municipal Airport,nan,0.15000000000000002
11097,The Farm Airport,nan,0.15000000000000002
11100,Oryol Yuzhny Airport,OEL,0.15000000000000002
11102,La Grande/Union County Airport,LGD,0.15000000000000002
11106,Fort Erie Megabus Stop,nan,0.15000000000000002
11107,St. Cathrines Bus Terminal,nan,0.15000000000000002
11109,Moyer Field,nan,0.15000000000000002
11110,Pocono Mountains Municipal Airport,MPO,0.15000000000000002
11111,Quakertown Airport,UKT,0.15000000000000002
11112,Princeton,PCT,0.15000000000000002
11113,King's Wharf,nan,0.15000000000000002
11114,St. Georges Harbour,nan,0.15000000000000002
11116,Harbour,nan,0.15000000000000002
11118,Harbour,nan,0.15000000000000002
11119,Harbour,nan,0.15000000000000002
11120,Harbour,nan,0.15000000000000002
11125,Northwest Arkansas Samuel Walton International Airport,NRW,0.15000000000000002
11126,Kowloon Macau Ferry Terminal,nan,0.15000000000000002
11130,Nika Island Resort,nan,0.15000000000000002
11131,Banning Municipal Airport,BNG,0.15000000000000002
11133,Tököl Airport,nan,0.15000000000000002
11134,Karl Stefan Memorial Airport,OFK,0.15000000000000002
11136,Windigo Harbor Seaplane Dock,nan,0.15000000000000002
11137,North Saanich Ferry,nan,0.15000000000000002
11138,Tsawwassen Freey,nan,0.15000000000000002
11141,Arlington Municipal Airport,nan,0.15000000000000002
11143,Das Bandeirinhas Airport,nan,0.15000000000000002
11145,Juscelino Kubitscheck Airport,TFL,0.15000000000000002
11147,Horseshoe Bay Ferry Terminal,nan,0.15000000000000002
11150,Prince Rupert Ferry Terminal,nan,0.15000000000000002
11154,Bloor Station,nan,0.15000000000000002
11155,Weston Station,nan,0.15000000000000002
11161,Chicago Helicopter Experience,nan,0.15000000000000002
11162,Meuer Farm Helicopter Landing,nan,0.15000000000000002
11167,Berlin ZOB,nan,0.15000000000000002
11168,Hannover ZOB,nan,0.15000000000000002
11169,Gare de Mulhouse,nan,0.15000000000000002
11175,Parati Airport,nan,0.15000000000000002
11176,Umberto Modiano Airport,BZC,0.15000000000000002
11177,Angra dos Reis Airport,nan,0.15000000000000002
11178,Itaperuna Airport,ITP,0.15000000000000002
11181,Saquarema Airport,nan,0.15000000000000002
11183,Kiel Seehafen,nan,0.15000000000000002
11184,Saint Johns Sea Port on Antigua,nan,0.15000000000000002
11186,Scarborough Sea Port,nan,0.15000000000000002
11187,Willemstad Sea Port,nan,0.15000000000000002
11192,Gare de Saint-Louis,nan,0.15000000000000002
11193,Mwene-Ditu Airport,nan,0.15000000000000002
11194,Tunta Airport,KBN,0.15000000000000002
11197,Meedhupparu,nan,0.15000000000000002
11198,Aripuanã Airport,AIR,0.15000000000000002
11199,Juruena Airport,JRN,0.15000000000000002
11201,Vila Rica Airport,VLP,0.15000000000000002
11203,Cáceres Airport,CCX,0.15000000000000002
11204,Posto Leonardo Vilas Boas Airport,nan,0.15000000000000002
11205,Tangará da Serra Airport,TGQ,0.15000000000000002
11206,Canarana Airport,CQA,0.15000000000000002
11207,Vila Bela da Santíssima Trindade Airport,MTG,0.15000000000000002
11208,Bumbar Airport,BMB,0.15000000000000002
11209,Sobral Airport,nan,0.15000000000000002
11213,Centara Seaplane Dock,nan,0.15000000000000002
11214,Tokyo Station,nan,0.15000000000000002
11216,Shin-Osaka Station,nan,0.15000000000000002
11218,Hiroshima Station,nan,0.15000000000000002
11219,Hakone-Yumoto Station,nan,0.15000000000000002
11220,Gora,nan,0.15000000000000002
11221,Jackson Union Station,nan,0.15000000000000002
11222,Zion Nationalpark,nan,0.15000000000000002
8693,Oconomowoc Airport,nan,0.15000000000000002
8697,Bogande Airport,XBG,0.15000000000000002
8699,Reeroe Airport,CHE,0.15000000000000002
870,Vereeniging Airport,nan,0.15000000000000002
8701,Alkantpan Copper Airport,nan,0.15000000000000002
8702,Alldays Airport,ADY,0.15000000000000002
8703,Bredasdorp Airport,nan,0.15000000000000002
8706,Butler Co Regional Airport - Hogan Field,HAO,0.15000000000000002
8707,Bungoma Airport,nan,0.15000000000000002
8710,Embu Airport,nan,0.15000000000000002
8713,Hola Airport,HOA,0.15000000000000002
8714,Homa Bay Airport,nan,0.15000000000000002
8715,Isiolo Airport,nan,0.15000000000000002
8716,Kalokol,KLK,0.15000000000000002
8718,Kilaguni Airport,ILU,0.15000000000000002
8719,Kerio Valley,KRV,0.15000000000000002
8720,Andavadoaka,DVD,0.15000000000000002
8721,Antsirabe Airport,ATJ,0.15000000000000002
8723,Ust-Tsylma Airport,UTS,0.15000000000000002
8724,Atlantic City Rail Terminal,ZRA,0.15000000000000002
8727,Cape May Ferry Terminal,nan,0.15000000000000002
873,Waterkloof Air Force Base,WKF,0.15000000000000002
8730,Yarmouth Ferry Terminal,nan,0.15000000000000002
8732,London - Kings Cross,QQK,0.15000000000000002
8733,Stevenage Railway Station,XVJ,0.15000000000000002
8734,Peterborough Railway Station,XVH,0.15000000000000002
8739,Whittlesford Parkway Rail Station,WLF,0.15000000000000002
874,Welkom Airport,nan,0.15000000000000002
8741,Gryzliny - Lansk,nan,0.15000000000000002
8742,Fond du Lac County Airport,FLD,0.15000000000000002
8743,Waupaca Municipal Airport,nan,0.15000000000000002
8744,Stevens Point Municipal Airport,STE,0.15000000000000002
8745,Mys Shmidta Airport,nan,0.15000000000000002
8747,Luce County Airport,nan,0.15000000000000002
8749,Hannover Messe-Heliport,ZVM,0.15000000000000002
8753,Pom Pom Camp,nan,0.15000000000000002
8756,Agra Cantonment Railway Station,nan,0.15000000000000002
8758,Turpan Railway Station,nan,0.15000000000000002
8759,Galion Municipal Airport,GQQ,0.15000000000000002
876,Zeerust Airport,nan,0.15000000000000002
8761,Tiputini Airport,TPN,0.15000000000000002
8763,Clarksville–Montgomery County Regional Airport,CKV,0.15000000000000002
8764,Oban Rail Station,nan,0.15000000000000002
8765,Memmingen Rail Station,nan,0.15000000000000002
8767,Aachen HBF,nan,0.15000000000000002
8768,Liege-Guillemins Railway Station,XHN,0.15000000000000002
8772,Chester County G O Carlson Airport,CTH,0.15000000000000002
8777,Lake Placid Airport,LKP,0.15000000000000002
878,Jwaneng Airport,JWA,0.15000000000000002
8780,Magan Airport,GYG,0.15000000000000002
8788,Gangtok Helipad,nan,0.15000000000000002
8789,Malcolm McKinnon Airport,SSI,0.15000000000000002
8790,Beaver County Airport,BFP,0.15000000000000002
8798,Brackett Field,POC,0.15000000000000002
8803,Heber City Municipal Airport,36U,0.15000000000000002
8804,Beech Factory Airport,BEC,0.15000000000000002
8810,Hamburg Hbf,ZMB,0.15000000000000002
8812,Old Rhinebeck Airport,nan,0.15000000000000002
8813,Duxford Aerodrome,QFO,0.15000000000000002
8815,Sidney Municipal-Lloyd W Carr Field,SNY,0.15000000000000002
8816,Newnan Hospital Heliport,nan,0.15000000000000002
8817,Schofields Aerodrome,nan,0.15000000000000002
8822,Mount Garnet Airport,nan,0.15000000000000002
8824,Kalaeloa Airport,JRF,0.15000000000000002
8825,Bamiyan Airport,BIN,0.15000000000000002
8828,Lewa Airport,nan,0.15000000000000002
8834,Madison County Executive Airport-Tom Sharp Jr Field,nan,0.15000000000000002
8835,Leesburg Executive Airport,nan,0.15000000000000002
8836,CNC4,nan,0.15000000000000002
8837,CNC4,nan,0.15000000000000002
8840,Villa Airport,VAM,0.15000000000000002
8841,Hilton Iru fushi,IRU,0.15000000000000002
8842,Dhigurah Centara Grand Maldives,DHG,0.15000000000000002
8846,Lošinj Island Airport,LSZ,0.15000000000000002
8847,Onslow Airport,ONS,0.15000000000000002
8849,RUDNIKI,CZW,0.15000000000000002
885,Ouesso Airport,OUE,0.15000000000000002
8850,Williamson Sodus Airport,nan,0.15000000000000002
8854,Boulder Municipal Airport,WBU,0.15000000000000002
8856,Berchtesgarden BKS,nan,0.15000000000000002
8860,Tutow Airport,nan,0.15000000000000002
8865,Dubai Cruise Terminal,nan,0.15000000000000002
8868,Spa (la Sauvenière) Airfield,nan,0.15000000000000002
8871,Cottonwood Airport,nan,0.15000000000000002
8872,Namur-Suarlée Airfield,nan,0.15000000000000002
8873,Kiewit Airfield Hasselt,nan,0.15000000000000002
8874,Ak-Chin Regional Airport,nan,0.15000000000000002
8881,Pecs,QPJ,0.15000000000000002
8882,Neuwied,nan,0.15000000000000002
8885,Amsterdam Zuid WTC,nan,0.15000000000000002
8887,Zagreb Glavni Kolod.,nan,0.15000000000000002
8888,Dillant Hopkins Airport,EEN,0.15000000000000002
889,Berbérati Airport,BBT,0.15000000000000002
8890,Kawama Airport,VRO,0.15000000000000002
8891,Yumuri Valley,nan,0.15000000000000002
8893,Glasgow Industrial Airport,nan,0.15000000000000002
8894,Rochester Airport,RCS,0.15000000000000002
8896,Paris Nord,nan,0.15000000000000002
8897,Venlo railway station,nan,0.15000000000000002
8898,Monchengladbach Central Station,nan,0.15000000000000002
8899,Utrecht Centraal,nan,0.15000000000000002
89,Moose Jaw Air Vice Marshal C. M. McEwen Airport,YMJ,0.15000000000000002
8906,Station Aare,nan,0.15000000000000002
8907,Villach Hauptbahnhof,nan,0.15000000000000002
8908,Krakow Glowny,nan,0.15000000000000002
8910,Roma Termini,nan,0.15000000000000002
8911,Napoli Centrale,nan,0.15000000000000002
8918,Keetmanshoop Airport,KMP,0.15000000000000002
892,RAF Ascension Island,ASI,0.15000000000000002
8922,Train Station,nan,0.15000000000000002
8923,Train Station,nan,0.15000000000000002
8925,Iowa City Municipal Airport,IOW,0.15000000000000002
8926,Turpan Jiaohe Airport,TLQ,0.15000000000000002
8927,Lorenzo Airport,nan,0.15000000000000002
8929,Sasakwa Airstrip,nan,0.15000000000000002
13481,Alxa Right Banner Badanjilin Airport,RHT,0.15000000000000002
13482,Holingol Huolinhe Airport,HUO,0.15000000000000002
13484,INS Baaz,nan,0.15000000000000002
13486,Jagdalpur Airport,JGB,0.15000000000000002
13487,Tezu Airport,TEI,0.15000000000000002
13488,Cangyuan Washan Airport,CWJ,0.15000000000000002
13490,Ninglang Luguhu Airport,NLH,0.15000000000000002
13493,Fazenda Spartacus Airport,nan,0.15000000000000002
13494,Xinzhou Wutaishan Airport,WUT,0.15000000000000002
13495,Ambikapur Airport,nan,0.15000000000000002
13496,Chengjisihan Airport,NZL,0.15000000000000002
13497,Fazenda Mequens Airport,nan,0.15000000000000002
13499,Mostardas Airport,nan,0.15000000000000002
13500,Santo Domingo Airport,nan,0.15000000000000002
13502,Adampur Airport,AIP,0.15000000000000002
13503,Mundra Airport,nan,0.15000000000000002
13504,MLN,nan,0.15000000000000002
13505,Lechang East Railway Station,nan,0.15000000000000002
13507,Shenyang North Railway Station,nan,0.15000000000000002
13508,Detroit Metro. Airport North Transit Center,nan,0.15000000000000002
13511,Vijayanagar Aerodrome (JSW),VDY,0.15000000000000002
13513,Shirdi Airport,SAG,0.15000000000000002
13515,Savitri Jindal Airport,nan,0.15000000000000002
13516,Pakyong Airport,nan,0.15000000000000002
13517,Neyveli Airport,NVY,0.15000000000000002
13519,Kertajati International Airport,KJT,0.15000000000000002
13524,Takengon Rembele Airport,TXE,0.15000000000000002
13526,Pusako Anak Nagari Airport,nan,0.15000000000000002
13527,Silampari Airport,nan,0.15000000000000002
13530,Sei Bati Airport,TJB,0.15000000000000002
13535,Namrole Airport,NRE,0.15000000000000002
13540,Rar Gwamar Airport,DOB,0.15000000000000002
13541,Gamar Malamo Airport,GLX,0.15000000000000002
13542,Oesman Sadik Airport,LAH,0.15000000000000002
13545,Bunyu Airport,BYQ,0.15000000000000002
13549,Matahora Airport,WNI,0.15000000000000002
1355,Orange-Caritat (BA 115) Air Base,XOG,0.15000000000000002
13550,Jask Airport,JSK,0.15000000000000002
13551,Frankfort Dow Memorial Field,nan,0.15000000000000002
13553,Kozushima Airport,nan,0.15000000000000002
13555,Logan,nan,0.15000000000000002
13556,Dyce Railway Station,nan,0.15000000000000002
13557,Dundee Railway Station,ZDU,0.15000000000000002
13558,Keith Railway Station,nan,0.15000000000000002
13559,Elgin Railway Station,nan,0.15000000000000002
13560,Perth Railway Station,nan,0.15000000000000002
13561,Kazarman Airport,nan,0.15000000000000002
13562,Kerben Airport,nan,0.15000000000000002
13565,Karakol International Airport,КПЖ,0.15000000000000002
13566,Sayaboury Airport,ZBY,0.15000000000000002
13568,Victor Mine,CMV,0.15000000000000002
13569,Ovoot Airport,nan,0.15000000000000002
13573,Rajbiraj Airport,RJB,0.15000000000000002
13575,Duqm International Airport,DQM,0.15000000000000002
13578,Inverkeithing Railway Station,nan,0.15000000000000002
13579,Kirkcaldy Railway Station,nan,0.15000000000000002
13581,Itbayat Airport,nan,0.15000000000000002
13582,San Vicente Airport,SWL,0.15000000000000002
13583,Catbalogan Airport,nan,0.15000000000000002
13585,Isolatorweg Metro Station,nan,0.15000000000000002
13586,Dalwhinnie Railway Station,nan,0.15000000000000002
13588,Edinburgh Park Railway Station,nan,0.15000000000000002
13590,Princes Street Tram Station,nan,0.15000000000000002
13594,Sipalay Airport,SIL,0.15000000000000002
13597,Primavera do Leste Airport,nan,0.15000000000000002
13598,Croker Island Airport,CKI,0.15000000000000002
13601,Laucala Island Airport,LUC,0.15000000000000002
13603,Edinburgh Gateway Station,nan,0.15000000000000002
13607,John C Tune Airport,nan,0.15000000000000002
13611,Gerlitzen,nan,0.15000000000000002
13612,LKH Villach,nan,0.15000000000000002
13613,Cologne Bonn Airport Station,nan,0.15000000000000002
13615,Koln Trimbornstrasse Station,nan,0.15000000000000002
13616,Bitterfeld Station,nan,0.15000000000000002
13617,Rimatara roadstead,RIM,0.15000000000000002
13618,Rurutu port,RRT,0.15000000000000002
1362,Salon-de-Provence (BA 701) Air Base,nan,0.15000000000000002
13623,Napuka Island Airport,NAU,0.15000000000000002
13625,Nukutavake Airport,NUK,0.15000000000000002
1363,Lézignan-Corbières Airfield,nan,0.15000000000000002
13630,Tatakoto Airport,TKV,0.15000000000000002
13632,Tanah Merah Airport,TMH,0.15000000000000002
13633,North Sea,nan,0.15000000000000002
13637,Coal Creek,L20,0.15000000000000002
13638,Roma Termini,nan,0.15000000000000002
13639,Yambio,nan,0.15000000000000002
1364,Mende-Brenoux Airfield,MEN,0.15000000000000002
13641,Bartlett Rail Yard,nan,0.15000000000000002
13642,Potomac Airpark,nan,0.15000000000000002
13643,Helisul IV Heliport,nan,0.15000000000000002
13644,Toshima,nan,0.15000000000000002
13645,Gemlik Seaport,GEM,0.15000000000000002
13646,Sossusvlei Lodge,nan,0.15000000000000002
13649,Rangiora Airfield,nan,0.15000000000000002
13650,Basel-Mulhouse,MLH,0.15000000000000002
13651,Halic Seaport,nan,0.15000000000000002
13653,Cochrane Station,nan,0.15000000000000002
13659,Otter Rapids Station,nan,0.15000000000000002
1366,Avord (BA 702) Air Base,nan,0.15000000000000002
13663,Moose River Station,nan,0.15000000000000002
13664,Moosonee Station,nan,0.15000000000000002
13666,Renison Station,nan,0.15000000000000002
13668,Fazenda Jatobasso Airport,nan,0.15000000000000002
13669,FIC Heliport,nan,0.15000000000000002
13670,Monguno,nan,0.15000000000000002
13671,Noonkanbah Airport,NKB,0.15000000000000002
13673,Major Gilbert Field Airport,4R5,0.15000000000000002
13674,Hocking Hills,22I,0.15000000000000002
13675,Wellington Ferry Terminal,nan,0.15000000000000002
1368,Châteaudun (BA 279) Air Base,nan,0.15000000000000002
13680,Bila Tserkva Airport,nan,0.15000000000000002
13682,Rzhevka,RVH,0.15000000000000002
13684,Kisoro Airport,nan,0.15000000000000002
13685,Savannah Airstrip,KHX,0.15000000000000002
13686,Brooks Aerodrome,nan,0.15000000000000002
13688,Schwerin Bahnhof Sud,nan,0.15000000000000002
1369,Saumur-Saint-Florent Airport,nan,0.15000000000000002
13691,Dikwa,nan,0.15000000000000002
13692,Roissy Junction North,nan,0.15000000000000002
13694,Stennis International Airport,nan,0.15000000000000002
13695,Sunchales Aeroclub Airport,NCJ,0.15000000000000002
13696,Istanbul Airport,IST,0.15000000000000002
13891,Mangalore Airport,nan,0.15000000000000002
13892,Brussels South Station,nan,0.15000000000000002
13894,Asnieres-sur-Seine Station,nan,0.15000000000000002
13897,Main St. and Longwood Rd.,nan,0.15000000000000002
13898,Camrose Airport,nan,0.15000000000000002
13899,King St. W and Dundurn St.,nan,0.15000000000000002
1390,Troyes-Barberey Airport,nan,0.15000000000000002
13904,Pien am Chiemsee,nan,0.15000000000000002
13905,Auber Paris RER,nan,0.15000000000000002
13907,Port Angeles Auto and Passenger Ferry Terminal,nan,0.15000000000000002
13908,Victoria Auto and Passenger Ferry Terminal,nan,0.15000000000000002
13911,Brebieres Sud Railway Station,nan,0.15000000000000002
13912,Leforest Railway Station,nan,0.15000000000000002
13915,Noeux-les-Mines Railway Station,nan,0.15000000000000002
13917,Haubourdin Railway Station,nan,0.15000000000000002
13918,Wavrin Railway Station,nan,0.15000000000000002
13919,Don-Sainghin Railway Station,nan,0.15000000000000002
1392,Étain-Rouvres Air Base,nan,0.15000000000000002
13922,Halle-Ammendorf Station,nan,0.15000000000000002
13927,Praca do Comercio,nan,0.15000000000000002
13928,Mosteiro dos Jeronimos,nan,0.15000000000000002
1393,Autun-Bellevue Airport,nan,0.15000000000000002
13930,Sanjo Keihan,nan,0.15000000000000002
13933,Fujiko F Fujio Museum Bus Stop,nan,0.15000000000000002
13936,Shinjuku Station,nan,0.15000000000000002
13939,Central Bus Station,nan,0.15000000000000002
13940,Al Jafiliya Station,nan,0.15000000000000002
13942,Dubai Metro-Burj Khalifa-Dubai Mall Station,nan,0.15000000000000002
13943,Dubai Metro-Al Fheidi Station,nan,0.15000000000000002
13945,Bus Terminal,nan,0.15000000000000002
13946,Bus Terminal,nan,0.15000000000000002
13947,Gare de Lembeek,nan,0.15000000000000002
13948,Gare de Silly,nan,0.15000000000000002
13949,Forest-South Railway Station,nan,0.15000000000000002
1395,Cambrai-Épinoy (BA 103) Air Base,nan,0.15000000000000002
13951,Neuss Am Kaiser Station,nan,0.15000000000000002
13953,Dusseldorf-Hamm Station,nan,0.15000000000000002
13958,Railway Station,nan,0.15000000000000002
13959,Kowloon Tong,nan,0.15000000000000002
13962,Downtown,nan,0.15000000000000002
13967,Bus Station,nan,0.15000000000000002
13969,Amtrak Station,nan,0.15000000000000002
1397,Besançon-La Vèze Airport,nan,0.15000000000000002
13970,Perrache Central Bus Station,nan,0.15000000000000002
13974,Gare De Sotteville,nan,0.15000000000000002
13975,Rouen Junction L'est,nan,0.15000000000000002
13976,Train Station,nan,0.15000000000000002
13977,Train Station,nan,0.15000000000000002
13982,Train Station,nan,0.15000000000000002
13983,Train Station,nan,0.15000000000000002
13987,Bad St Peter-Ording Station,nan,0.15000000000000002
13993,Hauptbahnhof,nan,0.15000000000000002
13998,Yangshuo Railway Station,nan,0.15000000000000002
14,Húsavík Airport,HZK,0.15000000000000002
1400,Merville-Calonne Airport,HZB,0.15000000000000002
14001,Shah Plant 4th Roundabout Bus Station,nan,0.15000000000000002
14005,Abu Al Abyad ADNOC Fod Station,nan,0.15000000000000002
14006,Bus Station,nan,0.15000000000000002
14007,Bus Station,nan,0.15000000000000002
1401,Charleville-Mézières Airport,XCZ,0.15000000000000002
14011,Ferry Terminal,nan,0.15000000000000002
14012,Gare de Maisons-Alfort,nan,0.15000000000000002
14013,Gare du Vert de Maisons,nan,0.15000000000000002
14014,Gare de Creteil-Pompadour,nan,0.15000000000000002
14015,Gare de Lieusaint-Moissy,nan,0.15000000000000002
14017,Gare de Collonges-au-Mont-dOr,nan,0.15000000000000002
14018,Gare de Couzon-au-Mont-dOr,nan,0.15000000000000002
14021,Gare dAnse,nan,0.15000000000000002
14022,Gare de Villefranche-sur-Saone,nan,0.15000000000000002
14023,Gare de Romaneche-Thorins,nan,0.15000000000000002
14025,Porte de Saint-Cloud Station,nan,0.15000000000000002
14026,Pont de Sevres Station,nan,0.15000000000000002
14027,Porte Maillot Metro Station,nan,0.15000000000000002
14029,Gare de Sevran Beaudottes,nan,0.15000000000000002
14031,Mainz-Bischofsheim Station,nan,0.15000000000000002
14032,Kelsterbach Station,nan,0.15000000000000002
14035,Vleuten Railway Station,nan,0.15000000000000002
14039,Praha U Krize,nan,0.15000000000000002
14044,Dreye Railway Station,nan,0.15000000000000002
14046,Elbbrucke Station,nan,0.15000000000000002
14048,Rothenburgsort Station,nan,0.15000000000000002
14049,Tiefstack Station,nan,0.15000000000000002
14051,Landwehr Station,nan,0.15000000000000002
14052,Hasselbrook Station,nan,0.15000000000000002
14054,Hamburg-Tonndorf Station,nan,0.15000000000000002
14055,Arstaberg Station,nan,0.15000000000000002
14057,Poznan Junikowo Railway Station,nan,0.15000000000000002
1406,La Baule-Escoublac Airport,LBY,0.15000000000000002
14060,Meinsdorf bei Rosslau,nan,0.15000000000000002
14062,Medewitz-Mark Station,nan,0.15000000000000002
14064,Dresden Freiberger Strasse,nan,0.15000000000000002
14066,Radebeul-Weintraube Station,nan,0.15000000000000002
14068,Radebeul-Zitzschewig Station,nan,0.15000000000000002
14069,Dresden Bischofsplatz Station,nan,0.15000000000000002
14070,Dresden-Pieschen Station,nan,0.15000000000000002
14071,Dresden-Strehlen Station,nan,0.15000000000000002
14073,Dresden-Niedersedlitz Station,nan,0.15000000000000002
14074,Goerlitz Svt junction,nan,0.15000000000000002
14078,Charlottesville Train Station,nan,0.15000000000000002
14083,Ahlten Station,nan,0.15000000000000002
14084,Grossbrembach Overtaking Loop,nan,0.15000000000000002
14086,San Isidro del General Airport,nan,0.15000000000000002
14088,Bezmer Air Base,JAM,0.15000000000000002
14092,Xingcheng Air Base,XEN,0.15000000000000002
14093,Lefkoniko Airport,GEC,0.15000000000000002
14096,Kalocsa/Foktő Airport,nan,0.15000000000000002
14098,Jakkur Aerodrome,nan,0.15000000000000002
14099,Jalal-Abad Airport,nan,0.15000000000000002
1410,La Roche-sur-Yon Airport,EDM,0.15000000000000002
14101,Rustaq Airport,MNH,0.15000000000000002
14102,Laguindingan Airport,CGY,0.15000000000000002
14103,Kostomuksha Airport,nan,0.15000000000000002
14104,Privolzhskiy Air Base,nan,0.15000000000000002
14106,Rogachyovo Air Base,nan,0.15000000000000002
14107,Ulan-Ude East Airport,nan,0.15000000000000002
1411,Landivisiau Air Base,LDV,0.15000000000000002
14110,Melitopol Air Base,nan,0.15000000000000002
1413,Lanvéoc-Poulmic Air Base,nan,0.15000000000000002
142,CFB Trenton,YTR,0.15000000000000002
1420,Morlaix-Ploujean Airport,MXN,0.15000000000000002
1426,Metz-Frescaty (BA 128) Air Base,MZM,0.15000000000000002
10504,Earlswood Railway Station,nan,0.15000000000000002
10509,Heathrow Central Railway Station,nan,0.15000000000000002
10511,Orlyval Sud Station,nan,0.15000000000000002
10512,Glasgow Airport Railway Station,nan,0.15000000000000002
10513,Brussels Airport Zaventem Railway Station,nan,0.15000000000000002
10514,Airport - Rodalies de Catalunya,nan,0.15000000000000002
10515,Aeroporto Railway Station,nan,0.15000000000000002
10518,Airport Terminal Station,nan,0.15000000000000002
10519,Flughafen Wien Railway Station,nan,0.15000000000000002
10521,Ferihegy Railway Station,nan,0.15000000000000002
10522,Flughafen U-Bahn,nan,0.15000000000000002
10523,Airport Regional Station,nan,0.15000000000000002
10524,Dusseldorf Airport Station,nan,0.15000000000000002
10526,Kastrup Airport Station,nan,0.15000000000000002
10528,Brandenburg Airport Railway Station,nan,0.15000000000000002
10530,Castaway Cay,nan,0.15000000000000002
10531,Station van Leuven,nan,0.15000000000000002
10533,Mikunigaoka Station,nan,0.15000000000000002
10534,Tennoji Station,nan,0.15000000000000002
10543,Kawasaki Station,nan,0.15000000000000002
10544,Guarapari Airport,GUZ,0.15000000000000002
10545,Ubatuba Airport,UBT,0.15000000000000002
10547,Keiseinarita Station,nan,0.15000000000000002
10548,Narita Station,nan,0.15000000000000002
10549,Shisui Station,nan,0.15000000000000002
10552,Chiba Station,nan,0.15000000000000002
10557,Narita Airport Terminal 2 Station,nan,0.15000000000000002
10561,Kansai Airport Station,nan,0.15000000000000002
10562,Incheon International Airport Station,nan,0.15000000000000002
10563,Gimpo International Airport Station,nan,0.15000000000000002
10569,King Street-Old Town Station,nan,0.15000000000000002
10570,Airport MARTA Station,nan,0.15000000000000002
10571,Peachtree Center MARTA Station,nan,0.15000000000000002
10574,Westlake Center Monorail,nan,0.15000000000000002
10577,Chambers Street - World Trade Center - Park Place,nan,0.15000000000000002
10578,Secaucus Junction,nan,0.15000000000000002
10581,Canal at Carondelet Streetcar Stop,nan,0.15000000000000002
10584,St. Charles at Jefferson Streetcar Stop,nan,0.15000000000000002
10586,S. Carrollton at S. Claiborne Streetcar Stop,nan,0.15000000000000002
10588,Albion Amtrak Station,nan,0.15000000000000002
10589,Racine North Shore Station,nan,0.15000000000000002
10591,Wisconsin Dells Amtrak Station,nan,0.15000000000000002
10592,Portage Amtrak Station,nan,0.15000000000000002
10593,Richland Center Station,nan,0.15000000000000002
10597,Ashby BART Station,nan,0.15000000000000002
1060,Cufar Airport,nan,0.15000000000000002
10601,St. Polten Hauptbahnhof,nan,0.15000000000000002
10603,Linz Hauptbahnhof,nan,0.15000000000000002
10609,Buchs SG Bahnhof,nan,0.15000000000000002
10610,Bahnhof Sargans,nan,0.15000000000000002
10611,Ali Air Base,nan,0.15000000000000002
10613,Huaqiao Railway Station,nan,0.15000000000000002
10616,Shanghai West Railway Station,nan,0.15000000000000002
10618,Borroloola Airport,BOX,0.15000000000000002
10619,Songjiang South Railway Station,nan,0.15000000000000002
10621,Jiashan South Railway Station,nan,0.15000000000000002
10623,Tongxiang Railway Station,nan,0.15000000000000002
10625,Yuhang Railway Station,nan,0.15000000000000002
10626,Hangzhou South Railway Station,nan,0.15000000000000002
10628,Lat Krabang Station,nan,0.15000000000000002
10630,Hua Mak Station,nan,0.15000000000000002
10631,Ramkhamhaeng Station,nan,0.15000000000000002
10633,Ratchaprarop Station,nan,0.15000000000000002
10634,Tambo Int'l. Airport Gautrain Station,nan,0.15000000000000002
10635,Rhodesfield Gautrain Station,nan,0.15000000000000002
10637,Rosebank Gautrain Station,nan,0.15000000000000002
10638,Sydney International Airport Station,nan,0.15000000000000002
10639,Sydney Domestic Airport Station,nan,0.15000000000000002
10641,Green Square Railway Station,nan,0.15000000000000002
10646,New London Union Station,nan,0.15000000000000002
10649,Mughalsarai Junction Railway Station,nan,0.15000000000000002
10650,Allahabad Junction Railway Station,nan,0.15000000000000002
10651,Delhi Airport Metro Station,nan,0.15000000000000002
10653,Dhaula Kuan Metro Station,nan,0.15000000000000002
10654,Shivaji Stadium Metro Station,nan,0.15000000000000002
10656,Airport Road Metro Station,nan,0.15000000000000002
10658,Bandra Railway Station,nan,0.15000000000000002
10662,Bhabua Road Railway Station,nan,0.15000000000000002
10664,Koderma Railway Station,nan,0.15000000000000002
10668,Barddhaman Junction Railway Station,nan,0.15000000000000002
10669,Hazrat Nizamuddin Railway Station,nan,0.15000000000000002
10670,Faridabad Railway Station,nan,0.15000000000000002
10673,Tundla Junction Railway Station,nan,0.15000000000000002
10675,Shikohabad Railway Station,nan,0.15000000000000002
10676,Etawah Railway Station,nan,0.15000000000000002
10677,Unnao Junction Railway Station,nan,0.15000000000000002
10681,Geomam Station,nan,0.15000000000000002
10683,Magongnaru Station,nan,0.15000000000000002
10685,Hongik University Station,nan,0.15000000000000002
10687,Yizhuang Railway Station,nan,0.15000000000000002
10688,Yongle Railway Station,nan,0.15000000000000002
1069,Bassatine Airport,MEK,0.15000000000000002
10694,Yangcun Railway Station,nan,0.15000000000000002
10696,Aeroport Charles de Gaulle 1 RER,nan,0.15000000000000002
10697,Gare de La Plaine-Stade de France RER,nan,0.15000000000000002
10698,Gare du Bourget,nan,0.15000000000000002
10699,Gare Aulnay-sous-Bois,nan,0.15000000000000002
107,Peterborough Airport,YPQ,0.15000000000000002
10700,Parc des Expositions RER,nan,0.15000000000000002
10702,Mount Eden Railway Station,nan,0.15000000000000002
10703,North Melbourne Railway Station,nan,0.15000000000000002
10706,Middle Footscray Railway Station,nan,0.15000000000000002
10709,Albion Railway Station Melbourne,nan,0.15000000000000002
1071,Ben Slimane Airport,GMD,0.15000000000000002
10710,Guangzhou East Railway Station,nan,0.15000000000000002
10711,Shenzhen East Railway Station,nan,0.15000000000000002
10713,Airport East Station,nan,0.15000000000000002
10714,Futian Checkpoint Station,nan,0.15000000000000002
10716,Lo Wu Station,nan,0.15000000000000002
10717,University Station MTR,nan,0.15000000000000002
10718,Tai Wai Station MTR,nan,0.15000000000000002
10719,Tung Chung Station,nan,0.15000000000000002
10720,Tanah Merah MRT Station,nan,0.15000000000000002
10723,Elsenthal Grafe Airport,nan,0.15000000000000002
10724,Qingsheng Station,nan,0.15000000000000002
10725,Humen Railway Station,nan,0.15000000000000002
10728,Capital Intl Terminal 3 Station,nan,0.15000000000000002
10729,Sanyuanqiao Station,nan,0.15000000000000002
11224,Hanmer Springs,nan,0.15000000000000002
11226,Te Anau,nan,0.15000000000000002
11231,Nagoya Station,nan,0.15000000000000002
11232,Gifu Station,nan,0.15000000000000002
11236,Kanazawa Station,nan,0.15000000000000002
11237,Ueno Station,nan,0.15000000000000002
11238,Osaka Station,nan,0.15000000000000002
11239,Notohadinegoro,JBB,0.15000000000000002
11240,Perkiomen Valley Airport,N10,0.15000000000000002
11242,Bugalaga Airstrip,nan,0.15000000000000002
11245,Centennial Station-Amtrak,OLW,0.15000000000000002
11246,Union Depot-Amtrak,nan,0.15000000000000002
11247,Gouda Railway Station,nan,0.15000000000000002
11249,Nara Station,nan,0.15000000000000002
11251,Alimataa,nan,0.15000000000000002
11254,Jefferson Park Transit Center,nan,0.15000000000000002
11255,Porter County Municipal Airport,VPZ,0.15000000000000002
11259,North Pole,nan,0.15000000000000002
11262,International Terminal Railway Station,nan,0.15000000000000002
11263,Wooloowin Railway Station,nan,0.15000000000000002
11264,Albion Railway Station Brisbane,nan,0.15000000000000002
11265,Bowen Hills Railway Station,nan,0.15000000000000002
11266,Fortitude Valley Railway Station,nan,0.15000000000000002
11272,Murray Bridge Airport,nan,0.15000000000000002
11273,Horsham Airport,HSM,0.15000000000000002
11274,Swan Hill Airport,SWH,0.15000000000000002
11275,Cottbus Station,nan,0.15000000000000002
11279,Grunau station,nan,0.15000000000000002
11280,Zeuthen Station,nan,0.15000000000000002
11281,Konigs Wusterhausen Station,nan,0.15000000000000002
11282,Lubbenau Station,nan,0.15000000000000002
11285,Spremberg Bahnhof,nan,0.15000000000000002
11287,Rotterdam Noord Railway Station,nan,0.15000000000000002
11289,Garmisch-Partenkirchen Bahnhof,nan,0.15000000000000002
11291,Attopeu Airport,AOU,0.15000000000000002
11293,Francisco de Miranda Airport,nan,0.15000000000000002
11296,Talpa de Allende,nan,0.15000000000000002
11298,Lichtenberg Station,nan,0.15000000000000002
11299,Mason County Airport,LDM,0.15000000000000002
11302,Kanash,nan,0.15000000000000002
11304,Weesperplein Station,nan,0.15000000000000002
11306,Cruise Port,nan,0.15000000000000002
1131,El Gora Airport,EGH,0.15000000000000002
11311,Collins Island,nan,0.15000000000000002
11313,Aerodrom,nan,0.15000000000000002
11314,Fraser CO Winter Park,nan,0.15000000000000002
11320,Dunsmuir Station,nan,0.15000000000000002
11325,Amtrak Station,nan,0.15000000000000002
11326,Stellwagen Bank National Marine Sanctuary,nan,0.15000000000000002
11327,Barnstable Harbor,nan,0.15000000000000002
11329,Buffalo-Exchange Street Station,ZXS,0.15000000000000002
1133,Mersa Matruh Airport,MUH,0.15000000000000002
11330,Kitchener,nan,0.15000000000000002
11331,Kadanwari Airport,KCF,0.15000000000000002
11332,Sawan Airport,RZS,0.15000000000000002
11333,Yangshuo Quay,nan,0.15000000000000002
11334,Guilin Quay,nan,0.15000000000000002
11335,Guilin Wharf,nan,0.15000000000000002
11338,Bergamo Railway Station,nan,0.15000000000000002
1134,Port Said Airport,PSD,0.15000000000000002
11342,Sint-Niklaas Railway Station,nan,0.15000000000000002
11343,WWWWW,nan,0.15000000000000002
11344,MDVRU,nan,0.15000000000000002
1135,St Catherine International Airport,SKV,0.15000000000000002
11350,Santa Apolonia Railway Station,nan,0.15000000000000002
11351,Campanha Railway Station,nan,0.15000000000000002
11352,Thamkharka Airport,nan,0.15000000000000002
11353,Thimarafushi Airport,TMF,0.15000000000000002
11355,Kaintiba Airport,KZF,0.15000000000000002
11357,Hakkari Yüksekova Airport,YKO,0.15000000000000002
11362,Mullheim Baden Station,nan,0.15000000000000002
11364,Gare de Haricourt,nan,0.15000000000000002
11366,Gare de Besancon Franche-Comte TGV,nan,0.15000000000000002
11367,Gare de Dole,nan,0.15000000000000002
11368,Gare de Villers-les-Pots,nan,0.15000000000000002
1137,El Tor Airport,ELT,0.15000000000000002
11373,Karlsruhe Hauptbahnhof,nan,0.15000000000000002
11376,Kassel Hauptbahnhof,nan,0.15000000000000002
11377,Wolfsburg Hauptbahnhof,nan,0.15000000000000002
11378,Kassel-Wilhelmshohe Station,nan,0.15000000000000002
11379,Gottingen Railway Station,ZEU,0.15000000000000002
11380,Hildesheim Hauptbahnhof,nan,0.15000000000000002
11383,Zaragoza Delicias Railway Station,nan,0.15000000000000002
11384,Camp de Tarragona Railway Station,nan,0.15000000000000002
11385,Deming Station,nan,0.15000000000000002
11386,Jelenia Góra Glider Airport,nan,0.15000000000000002
11387,Lake Brooks AK,5Z9,0.15000000000000002
11388,Passo Campolongo,nan,0.15000000000000002
1139,Kakamega Airport,GGM,0.15000000000000002
11391,Ludington Ferry Terminal,nan,0.15000000000000002
11393,Lancaster Station,ZRL,0.15000000000000002
11394,Harrisburg Transportation Center,ZUG,0.15000000000000002
11395,Gare de Nantes,QJZ,0.15000000000000002
11398,Liverpool Street Station,ZLS,0.15000000000000002
11405,Stehekin State Airport,6S9,0.15000000000000002
11408,Lehrte Railway Station,nan,0.15000000000000002
11414,Bielefeld Hauptbahnhof,nan,0.15000000000000002
11418,Aschaffenburg Hauptbahnhof,nan,0.15000000000000002
11422,Lutherstadt Wittenberg Bahnhof,nan,0.15000000000000002
11423,Saalfeld Bahnhof,nan,0.15000000000000002
11427,Museo Nao Victoria,nan,0.15000000000000002
11428,Far Rockaway Station,nan,0.15000000000000002
11429,Inwood Station,nan,0.15000000000000002
11431,San Sebastián Airport,nan,0.15000000000000002
11433,Tolwin Observatory Airport,nan,0.15000000000000002
11435,Manchester Airport Station,nan,0.15000000000000002
11438,Camarillo Airport,nan,0.15000000000000002
11439,Puerto Toro,nan,0.15000000000000002
11440,Baganara Island Resort Airstrip,nan,0.15000000000000002
11442,Manchester Oxford Road Railway Station,nan,0.15000000000000002
11443,Warrington Central Railway Station,nan,0.15000000000000002
11447,Aveiro Railway Station,nan,0.15000000000000002
11448,Vila Nova de Gaia-Devesas,nan,0.15000000000000002
11450,Calatayud Railway Station,nan,0.15000000000000002
11451,Lleida Pirineus Railway Station,nan,0.15000000000000002
11452,Leopoldsburg Airfield,nan,0.15000000000000002
11454,WOLEAI,nan,0.15000000000000002
9338,Joliet Union Station,nan,0.15000000000000002
934,Vohimarina Airport,VOH,0.15000000000000002
9340,Lasalle Station,nan,0.15000000000000002
9342,Norfolk Station,nan,0.15000000000000002
9343,London Railway Station,nan,0.15000000000000002
9345,Kitchener Bus Terminal,nan,0.15000000000000002
9346,Gare du Palais,nan,0.15000000000000002
9348,Enumclaw Airport,nan,0.15000000000000002
9349,Rock Airport,9G1,0.15000000000000002
9352,Plum Island Airport,2B2,0.15000000000000002
9353,Brooks Camp,nan,0.15000000000000002
9355,Central Station,ZGG,0.15000000000000002
9360,Railway Station,nan,0.15000000000000002
9362,Railway Station,nan,0.15000000000000002
9363,Guangzhoudong Railway Station,nan,0.15000000000000002
9365,Levashovo,nan,0.15000000000000002
9366,Kettle Falls Lodge,nan,0.15000000000000002
9370,Nogliki,nan,0.15000000000000002
9372,Seymchan Airport,nan,0.15000000000000002
9373,Zyryanka Airport,ZKP,0.15000000000000002
9374,Susuman Airport,nan,0.15000000000000002
9375,OYMYAKON,nan,0.15000000000000002
9376,Ust-Maya Airport,UMS,0.15000000000000002
9377,Aldan Airport,ADH,0.15000000000000002
9379,Vitim Airport,nan,0.15000000000000002
9382,Tommot,nan,0.15000000000000002
9383,Etretat,nan,0.15000000000000002
9384,Le Havre,nan,0.15000000000000002
9387,Port Alsworth Airport,PTA,0.15000000000000002
9389,Pampulha,BHZ,0.15000000000000002
939,Farafangana Airport,RVA,0.15000000000000002
9392,Tadjoura Airport,TDJ,0.15000000000000002
9393,Santa Cruz del Quiche Airport,AQB,0.15000000000000002
9394,Norðfjörður Airport,NOR,0.15000000000000002
9395,Bursa Airport,BTZ,0.15000000000000002
9396,Skyhaven Airport,nan,0.15000000000000002
9399,Newton City-County Airport,EWK,0.15000000000000002
9400,La Ferté Alais Airfield,nan,0.15000000000000002
9401,Angguruk airstrip,nan,0.15000000000000002
9404,Ocean Shores Municipal,W04,0.15000000000000002
9405,Packwood,55S,0.15000000000000002
9409,Desert Aire Regional Airport,nan,0.15000000000000002
941,Mananjary Airport,MNJ,0.15000000000000002
9411,Evanston-Uinta County Airport-Burns Field,EVW,0.15000000000000002
9412,Sabetha Municipal Airport,nan,0.15000000000000002
9414,Jimmy Carter Regional Airport,nan,0.15000000000000002
9416,Saluda County Airport,nan,0.15000000000000002
9418,Auburn University Regional Airport,AUO,0.15000000000000002
9419,Tri Cities Airport,nan,0.15000000000000002
942,Morombe Airport,MXM,0.15000000000000002
9423,Zabrat,nan,0.15000000000000002
9424,Chirag,nan,0.15000000000000002
9426,Lipa Noi Pier,nan,0.15000000000000002
9427,Don Sak Pier,nan,0.15000000000000002
9429,Colorado Springs East Airport,nan,0.15000000000000002
9431,Sundre Airport,nan,0.15000000000000002
9432,Buffalo-Depew Station,nan,0.15000000000000002