airline,airline_id,source_airport,source_airport_id,destination_airport,destination_airport_id,codeshare,stops,equipment
PB,,YNP,,YDP,5488,,0,DHT
PB,,YAY,24,YBX,5485,,0,SFB
P6,,YBG,28,YHU,71,,0,J32
PB,,YCL,36,YHZ,73,,0,SFB
PB,,YDF,45,YYR,188,,0,DH1 SFB
9M,,YEG,49,YOP,7266,,0,BEH
6L,,YEV,54,YHI,68,,0,DHT
3H,,YGL,62,YGW,5496,,0,DHT
P6,,YGR,65,YQB,111,,0,PL2 J32
P6,,YHU,71,YQB,111,,0,J32 PL2
PB,,YHZ,73,YCL,36,,0,SFB
3H,,YKL,80,YWK,161,,0,BET
YN,,YMO,91,YFA,5490,,0,DH1
YN,,YMO,91,YKQ,5507,,0,BEC
9M,,YOJ,99,YEG,49,,0,BEH
P6,,YQB,111,YBC,27,,0,J32
P6,,YQB,111,YHU,71,,0,J32 PL2
3H,,YQB,111,YKL,80,,0,DH8
P6,,YQB,111,YWK,161,,0,AT4
6L,,YSY,139,YHI,68,,0,DHT
YN,,YTS,143,YMO,91,,0,DH1 BEC
3H,,YUL,146,YGL,62,,0,73M
PB,,YUL,146,YWK,161,,0,DH1
P6,,YUY,149,YVO,153,,0,J32
YN,,YVO,153,YUL,146,,0,DH8
P6,,YVO,153,YUY,149,,0,J32
3H,,YVP,154,XGR,5512,,0,DHT BET
3H,,YVP,154,YPH,5520,,0,BET
3H,,YVP,154,YPX,6727,,0,BET
3H,,YVP,154,YTQ,6728,,0,DHT DH8
9M,,YVR,156,YDQ,48,,0,DH1
3H,,YWK,161,YKL,80,,0,BET
PB,,YWK,161,YYR,188,,0,DH1
3H,,YWK,161,YZV,202,,0,BET
PB,,YWK,161,ZUM,5550,,0,DH1
9M,,YWL,162,YQZ,127,,0,BEH
9M,,YXJ,168,YEG,49,,0,D38 DH3
9M,,YXJ,168,YYE,180,,0,D38 BEH DH3
WT,,YXL,169,KIF,5469,,0,BEH
WT,,YXL,169,XKS,5480,,0,BEH
WT,,YXL,169,YRL,5527,,0,BEH PL2
WT,,YXL,169,YTL,5531,,0,BEH
WT,,YXL,169,MSA,5544,,0,BEH
WT,,YXL,169,ZRJ,5547,,0,BEH
9M,,YXS,172,YLW,87,,0,BEH
9M,,YXS,172,YXJ,168,,0,BEH
9M,,YXS,172,YYC,178,,0,DH3
9M,,YXS,172,YYD,179,,0,BEH
9M,,YYC,178,YLL,85,,0,BEH D38
9M,,YYE,180,YXJ,168,,0,D38 BEH DH3
PB,,YYR,188,YAY,24,,0,DH1
PB,,YYR,188,YDF,45,,0,DH1
PB,,YYR,188,YWK,161,,0,DH1
PB,,YYR,188,YBX,5485,,0,SFB
PB,,YYT,189,YDF,45,,0,DH1 SFB
P6,,YYY,192,YZV,202,,0,AT4
P6,,YZV,202,YBG,28,,0,J32
3H,,YZV,202,YKL,80,,0,BET DH8
P6,,YZV,202,YQB,111,,0,J32
O4,,ACC,248,NYI,251,,0,ATR
O4,,ACC,248,KMS,5556,,0,ATR
HS,,GOT,687,SDL,721,,0,F50
HS,,GOT,687,BLE,739,,0,J32
HS,,MMX,708,ORB,731,,0,J32
HS,,SDL,721,GOT,687,,0,F50
HS,,UME,728,OSD,5593,,0,J32
HS,,ORB,731,MMX,708,,0,J32
HS,,BLE,739,ORB,731,,0,J32
ZD,,HAH,912,DZA,915,,0,AT7
ZD,,DZA,915,HAH,912,,0,AT7
ZD,,DZA,915,MJN,929,,0,AT7
XU,,BBO,1122,DXB,2188,,0,M82
P2,,LAU,1144,MYD,5694,,0,DH8
P2,,WIL,1147,NYK,5695,,0,CNA
P2,,WIL,1147,MRE,7424,,0,DH7 DHT
ZD,,DAR,1177,DZA,915,,0,AT7
XU,,EBB,1187,NBO,4059,,0,M82
EB,,MAD,1229,CUN,1852,,0,744
EB,,PUJ,1760,MAD,1229,,0,744
5U,,GUA,1767,FRS,4024,,0,SF3 EMB
5U,,RTB,1774,GUA,1767,,0,SF3
5U,,TGU,1776,GUA,1767,,0,SF3
XU,,DXB,2188,HGA,1121,,0,M82
YJ,,HEH,3213,MDL,3222,,0,AT7
YJ,,MDL,3222,NYU,3209,,0,AT7
YJ,,MDL,3222,MYT,3224,,0,AT7
YJ,,THL,3237,HEH,3213,,0,AT7
YJ,,RGN,3239,HEH,3213,,0,AT7
YJ,,RGN,3239,MDL,3222,,0,AT7
4W,,BTT,3417,AKP,6712,,0,PA2
4W,,FYU,3420,FAI,3832,,0,PA2
X4,,JNU,3492,EXI,7141,,0,PA1
P1,,MDW,3747,LUK,3681,Y,0,FRJ
4W,,FAI,3832,CIK,7105,,0,PA2
4W,,FAI,3832,RMP,7112,,0,CN1
4W,,FAI,3832,WBQ,7115,,0,PA2
5U,,FRS,4024,GUA,1767,,0,EMB SF3
5U,,FRS,4024,BZE,1957,,0,CNA
WT,,YAX,5465,YTL,5531,,0,BEH
WT,,YNO,5467,YHP,5471,,0,PL2 BEH
WT,,XBE,5468,YTL,5531,,0,BEH
WT,,KIF,5469,YXL,169,,0,BEH
WT,,YHP,5471,YRL,5527,,0,PL2 BEH
YN,,YKU,5472,YVO,153,,0,BET
YN,,YKU,5472,YGW,5496,,0,DH8
WT,,XKS,5480,YTL,5531,,0,BEH
3H,,YKG,5481,YPJ,5508,,0,DHT DH8
YN,,YAT,5482,YPO,5522,,0,DH1
PB,,YDP,5488,YNP,,,0,DHT
WT,,YER,5489,YXL,169,,0,BEH
YN,,YFA,5490,YMO,91,,0,DH1
WT,,YFH,5491,YQT,121,,0,PL2 BEH
3H,,YGW,5496,YUL,146,,0,DH8
3H,,YGW,5496,YPH,5520,,0,BET
3H,,YQC,5499,YKG,5481,,0,DH8
YN,,YNS,5501,YMT,5514,,0,DH8
PB,,YHO,5502,YMN,5492,,0,DHT
3H,,AKV,5506,YIK,5504,,0,DH8
YN,,YKQ,5507,YMO,91,,0,BEC
YN,,YKQ,5507,YKU,5472,,0,DH8
YN,,YKQ,5507,YMT,5514,,0,DH8
3H,,YPJ,5508,YVP,154,,0,DHT
3H,,YPJ,5508,YKG,5481,,0,DHT DH8
WT,,YLH,5510,YWP,5533,,0,BEH
YN,,YMT,5514,YNS,5501,,0,DH8
3H,,YUD,5515,YGW,5496,,0,DH8
3H,,YUD,5515,YSK,5529,,0,DH8
YN,,YNC,5516,YKU,5472,,0,DH8
WT,,YPM,5521,YXL,169,,0,BEH
WT,,YPM,5521,YNO,5467,,0,PL2 BEH
YN,,YPO,5522,YAT,5482,,0,DH1
WT,,YRL,5527,YVZ,5532,,0,BEH
3H,,YSK,5529,YGW,5496,,0,DH8
3H,,YSK,5529,YUD,5515,,0,DH8
YN,,ZEM,5539,YKQ,5507,,0,DH8
WT,,MSA,5544,ZRJ,5547,,0,BEH
WT,,ZSJ,5548,YPM,5521,,0,PL2
WT,,ZSJ,5548,KEW,8355,,0,BEH
PB,,ZUM,5550,YYR,188,,0,DH1
XU,,BSA,5686,BBO,1122,,0,EM2
XU,,MGQ,5687,HGA,1121,,0,M82
XU,,GLK,5688,WJR,1149,,0,EM2
XU,,GLK,5688,BSA,5686,,0,EM2
XU,,GLK,5688,MGQ,5687,,0,EM2
4E,,MCG,5965,NIB,7214,,0,PAG
7S,,ANI,5967,HCR,5962,,0,CNA
7S,,ANI,5967,KLG,5964,,0,CNA
4W,,AKP,6712,FAI,3832,,0,PA2
7S,,ANV,6713,KGX,7219,,0,CNA
3H,,YPX,6727,YVP,154,,0,BET
3H,,YTQ,6728,YPJ,5508,,0,DHT DH8
P2,,UAS,6773,WIL,1147,,0,CNA
P6,,YVB,6775,YYY,192,,0,J32 PL2
4W,,CIK,7105,FAI,3832,,0,PA2
4W,,MNT,7110,FAI,3832,,0,CN1
4W,,WBQ,7115,FAI,3832,,0,PA2
4W,,CEM,7116,IRC,7236,,0,PA2
4W,,CXF,7119,AKP,6712,,0,PA2
4E,,NIB,7214,MCG,5965,,0,PAG
4E,,TCT,7215,TLJ,3423,,0,PAG
4W,,MLY,7246,MNT,7110,,0,CN1
PB,,YSO,7252,YYR,188,,0,DHT
PB,,YSO,7252,YMN,5492,,0,DHT
9M,,YOP,7266,YEG,49,,0,BEH
P2,,MRE,7424,WIL,1147,,0,DH7 DHT
P1,,MMU,7657,CVG,3488,,0,FRJ
Q5,10,CKX,,TKJ,7235,,0,CNA
Q5,10,FAI,3832,HKB,7242,,0,CNA
Q5,10,TKJ,7235,CKX,,,0,CNA
Q5,10,HKB,7242,FAI,3832,,0,CNA
ZI,21,MLH,,QSF,6492,,0,320
ZI,21,BJA,209,MRS,1353,,0,320
ZI,21,ALG,210,ORY,1386,,0,320 319
ZI,21,ALG,210,LIL,1399,,0,320
ZI,21,CZL,221,MRS,1353,,0,319
ZI,21,ORN,231,MRS,1353,,0,319
ZI,21,ORN,231,CDG,1382,,0,319
ZI,21,ORN,231,ORY,1386,,0,320
ZI,21,ORN,231,LIL,1399,,0,320
ZI,21,BSK,235,ORY,1386,,0,319
ZI,21,DJE,293,ORY,1386,,0,320
ZI,21,TLS,1273,ALG,210,,0,320 319
ZI,21,LYS,1335,QSF,6492,,0,320
ZI,21,MRS,1353,BJA,209,,0,320
ZI,21,ORY,1386,ALG,210,,0,320 319
ZI,21,ORY,1386,DJE,293,,0,320
ZI,21,ORY,1386,BKO,1044,,0,320
ZI,21,ORY,1386,LIS,1638,,0,319 320
ZI,21,ORY,1386,VKO,2988,,0,320
ZI,21,ORY,1386,FNC,4091,,0,320
ZI,21,ORY,1386,QSF,6492,,0,320
ZI,21,LIL,1399,ALG,210,,0,320
ZI,21,VKO,2988,ORY,1386,,0,320
ZI,21,FNC,4091,ORY,1386,,0,320
ZI,21,QSF,6492,MLH,,,0,320
ZI,21,QSF,6492,LYS,1335,,0,320
ZI,21,QSF,6492,ORY,1386,,0,320
AA,24,HYD,,LHR,507,Y,0,767
AA,24,YEG,49,LAX,3484,,0,737
AA,24,YEG,49,DFW,3670,,0,319
AA,24,YEG,49,LAS,3877,,0,737
AA,24,YHZ,73,PHL,3752,Y,0,E70 CRJ E75
AA,24,YKF,79,ORD,3830,Y,0,ER4 ERD
AA,24,YOW,100,CLT,3876,Y,0,CRJ
AA,24,YQB,111,PHL,3752,Y,0,CRJ
AA,24,YUL,146,AMM,2170,Y,0,330
AA,24,YUL,146,MIA,3576,,0,738
AA,24,YUL,146,DTW,3645,Y,0,330
AA,24,YUL,146,DFW,3670,,0,738
AA,24,YVR,156,NRT,2279,,0,787
AA,24,YVR,156,SEA,3577,Y,0,DH4
AA,24,YVR,156,PDX,3720,Y,0,DH4
AA,24,YYC,178,SAN,3731,,0,737
AA,24,YYC,178,JFK,3797,,0,737
AA,24,YYC,178,ORD,3830,,0,737
AA,24,YYZ,193,DCA,3520,Y,0,CRJ
AA,24,YYZ,193,JFK,3797,Y,0,CR7
AA,24,YYZ,193,LAS,3877,,0,737
AA,24,YYZ,193,MCO,3878,,0,737
AA,24,BRU,302,PHL,3752,,0,767
AA,24,FRA,340,CLT,3876,,0,333 332
AA,24,HAM,342,LHR,507,Y,0,320 319 321
AA,24,DUS,345,MIA,3576,Y,0,330
AA,24,MUC,346,LHR,507,Y,0,321 320 319
AA,24,TXL,351,LHR,507,Y,0,320 319 321
AA,24,TXL,351,ORD,3830,Y,0,330
AA,24,HEL,421,MAN,478,Y,0,E70
AA,24,HEL,421,LHR,507,Y,0,320
AA,24,MAN,478,LHR,507,Y,0,319 320 321
AA,24,MAN,478,PHL,3752,,0,332
AA,24,LHR,507,HYD,,Y,0,767
AA,24,LHR,507,ACC,248,Y,0,744
AA,24,LHR,507,BRU,302,Y,0,320 319 321
AA,24,LHR,507,MAN,478,Y,0,319 320 321
AA,24,LHR,507,NCL,521,Y,0,321 320 319
AA,24,LHR,507,ABZ,532,Y,0,319 321 320
AA,24,LHR,507,DUB,599,Y,0,319
AA,24,LHR,507,LUX,629,Y,0,319
AA,24,LHR,507,BGO,636,Y,0,319
AA,24,LHR,507,OSL,644,Y,0,319 320 321
AA,24,LHR,507,LCA,1197,Y,0,767
AA,24,LHR,507,ZAG,1208,Y,0,319 320
AA,24,LHR,507,BCN,1218,Y,0,319 320 321 767
AA,24,LHR,507,MXP,1524,Y,0,319 320 321
AA,24,LHR,507,BLQ,1538,Y,0,320 319
AA,24,LHR,507,FCO,1555,Y,0,321 320 319
AA,24,LHR,507,OTP,1657,Y,0,320
AA,24,LHR,507,BAH,2057,Y,0,777
AA,24,LHR,507,DXB,2188,Y,0,744 777
AA,24,LHR,507,DEL,3093,Y,0,777
AA,24,LHR,507,BOS,3448,Y,0,744 777
AA,24,LHR,507,PHX,3462,Y,0,744
AA,24,LHR,507,SEA,3577,,0,777
AA,24,LHR,507,DEN,3751,Y,0,777
AA,24,LHR,507,NBO,4059,Y,0,744
AA,24,GLA,534,LHR,507,Y,0,319 320 321
AA,24,GLA,534,PHL,3752,,0,757
AA,24,EDI,535,LHR,507,Y,0,767 320 321
AA,24,AMS,580,LHR,507,Y,0,320 767 321 319
AA,24,AMS,580,PHL,3752,,0,757
AA,24,DUB,599,PHL,3752,,0,332
AA,24,DUB,599,JFK,3797,,0,757
AA,24,BGO,636,LHR,507,Y,0,319
AA,24,CPT,797,LHR,507,Y,0,744 777
AA,24,JNB,813,LHR,507,Y,0,380 744
AA,24,LPA,1054,MAD,1229,Y,0,320
AA,24,BCN,1218,PHL,3752,,0,332
AA,24,BCN,1218,JFK,3797,,0,763
AA,24,MAD,1229,LAX,3484,Y,0,340
AA,24,AGP,1230,LHR,507,Y,0,320
AA,24,NCE,1354,LHR,507,Y,0,319 320 321
AA,24,CDG,1382,KUL,3304,,0,380
AA,24,CDG,1382,DFW,3670,,0,763 777
AA,24,ORY,1386,JFK,3797,Y,0,757
AA,24,BSL,1423,LHR,507,Y,0,319 320
AA,24,BUD,1489,LHR,507,Y,0,320
AA,24,FCO,1555,ORD,3830,,0,763
AA,24,FCO,1555,CLT,3876,,0,333
AA,24,ZRH,1678,LHR,507,Y,0,320 319
AA,24,ZRH,1678,JFK,3797,,0,763
AA,24,GIB,1738,LHR,507,Y,0,320
AA,24,PLS,1754,PHL,3752,,0,319
AA,24,PUJ,1760,PHL,3752,,0,319 332 320
AA,24,POP,1761,MIA,3576,,0,757
AA,24,SDQ,1762,MIA,3576,,0,757 763
AA,24,GUA,1767,DFW,3670,,0,738
AA,24,TGU,1776,MIA,3576,,0,757
AA,24,CUU,1797,DFW,3670,Y,0,ER4 ERD
AA,24,CZM,1800,MIA,3576,,0,738
AA,24,CZM,1800,DFW,3670,,0,738
AA,24,CZM,1800,CLT,3876,,0,319
AA,24,GDL,1804,PHX,3462,Y,0,CR9 CRJ
AA,24,GDL,1804,LAX,3484,Y,0,737
AA,24,GDL,1804,DFW,3670,,0,M80
AA,24,BJX,1815,DFW,3670,,0,319
AA,24,MEX,1824,PHX,3462,,0,319
AA,24,MEX,1824,LAX,3484,Y,0,737
AA,24,MEX,1824,MIA,3576,,0,738
AA,24,MEX,1824,CLT,3876,,0,319
AA,24,MZT,1826,PHX,3462,,0,320 319
AA,24,MZT,1826,DFW,3670,Y,0,ERD ER4
AA,24,PVR,1836,ORD,3830,,0,M83
AA,24,QRO,1838,DFW,3670,Y,0,ERD
AA,24,TRC,1845,DFW,3670,Y,0,ER4
AA,24,CUN,1852,BOS,3448,,0,319
AA,24,CUN,1852,PHX,3462,,0,757 320 321
AA,24,CUN,1852,CLT,3876,,0,321 320 737
AA,24,ZCL,1855,DFW,3670,Y,0,ERD
AA,24,LIR,1881,MIA,3576,,0,738
AA,24,LIR,1881,DFW,3670,,0,738
AA,24,GCM,1926,MIA,3576,,0,738
AA,24,GGT,1941,MIA,3576,Y,0,ER4
AA,24,ELH,1943,MIA,3576,Y,0,ER4
AA,24,FPO,1948,CLT,3876,Y,0,CR7
AA,24,NAS,1953,DCA,3520,,0,319
AA,24,NAS,1953,MIA,3576,Y,0,ER4 ERD
AA,24,NAS,1953,PHL,3752,,0,319 320
AA,24,NAS,1953,CLT,3876,,0,319 737
AA,24,BZE,1957,DFW,3670,,0,738
AA,24,AKL,2006,BNE,3320,Y,0,737
AA,24,AKL,2006,SYD,3361,Y,0,737
AA,24,AMM,2170,YUL,146,Y,0,330
AA,24,AMM,2170,JFK,3797,Y,0,340 330
AA,24,AMM,2170,ORD,3830,Y,0,340
AA,24,AUH,2179,LHR,507,Y,0,777
AA,24,AUH,2179,ISB,2223,Y,0,320 332
AA,24,KHH,2264,NRT,2279,,0,763
AA,24,TPE,2276,NRT,2279,,0,737
AA,24,NRT,2279,TPE,2276,,0,737
AA,24,NRT,2279,CTS,2287,,0,773
AA,24,NRT,2279,HKG,3077,,0,763
AA,24,NRT,2279,HAN,3199,,0,763
AA,24,NRT,2279,SGN,3205,,0,763
AA,24,NRT,2279,SAN,3731,,0,787
AA,24,NRT,2279,ICN,3930,,0,737
AA,24,ITM,2334,NRT,2279,,0,773 737
AA,24,HND,2359,SFO,3469,,0,787
AA,24,PUS,2372,NRT,2279,,0,737
AA,24,CNF,2537,MIA,3576,,0,763
AA,24,CWB,2545,POA,2599,,0,763
AA,24,GIG,2560,MIA,3576,,0,763
AA,24,GIG,2560,CLT,3876,,0,767
AA,24,SCL,2650,LIM,2789,Y,0,763
AA,24,SCL,2650,MIA,3576,,0,763
AA,24,GYE,2673,UIO,2688,Y,0,319
AA,24,BOG,2709,DFW,3670,,0,319
AA,24,LPB,2762,VVI,2771,,0,757
AA,24,JUL,2792,AQP,2802,Y,0,320
AA,24,MVD,2816,MIA,3576,,0,763
AA,24,MAR,2848,MIA,3576,,0,757
AA,24,CCS,2851,SJU,2890,,0,738
AA,24,DOM,2877,SJU,2890,,0,SF3
AA,24,PTP,2881,MIA,3576,,0,738
AA,24,GND,2882,MIA,3576,,0,738
AA,24,STT,2883,JFK,3797,,0,757
AA,24,STX,2884,MIA,3576,,0,738
AA,24,SJU,2890,CCS,2851,,0,738
AA,24,SJU,2890,FDF,2878,,0,SF3
AA,24,SJU,2890,PTP,2881,,0,SF3
AA,24,SJU,2890,DFW,3670,,0,757
AA,24,SJU,2890,PHL,3752,,0,757 767 320
AA,24,SJU,2890,VIJ,6080,,0,DHT
AA,24,SKB,2891,MIA,3576,,0,738
AA,24,CUR,2897,MIA,3576,,0,738
AA,24,SXM,2899,PHL,3752,,0,332
AA,24,SXM,2899,CLT,3876,,0,757 319
AA,24,HKG,3077,SFO,3469,Y,0,773 744
AA,24,HKG,3077,ORD,3830,Y,0,773
AA,24,MAA,3144,LHR,507,Y,0,777
AA,24,KUL,3304,NRT,2279,,0,763
AA,24,KUL,3304,SIN,3316,,0,737
AA,24,PEN,3308,KUL,3304,,0,737
AA,24,ASP,3319,SYD,3361,Y,0,737
AA,24,BNE,3320,TSV,3330,Y,0,737
AA,24,BNE,3320,CBR,3355,Y,0,737
AA,24,BNE,3320,SYD,3361,Y,0,744 737
AA,24,BNE,3320,DRW,3999,Y,0,763
AA,24,CNS,3322,BNE,3320,Y,0,737
AA,24,MEL,3339,PER,3351,Y,0,330 737
AA,24,MEL,3339,CBR,3355,Y,0,737
AA,24,MEL,3339,LAX,3484,Y,0,380
AA,24,ADL,3341,BNE,3320,Y,0,737
AA,24,PER,3351,BNE,3320,Y,0,330 737
AA,24,CBR,3355,BNE,3320,Y,0,737
AA,24,CBR,3355,SYD,3361,Y,0,737
AA,24,SYD,3361,AKL,2006,Y,0,737
AA,24,SYD,3361,CHC,2009,Y,0,737
AA,24,SYD,3361,BNE,3320,Y,0,737 763
AA,24,SYD,3361,ADL,3341,Y,0,737
AA,24,SYD,3361,CBR,3355,Y,0,737
AA,24,PEK,3364,SEA,3577,Y,0,787
AA,24,PEK,3364,ORD,3830,,0,777
AA,24,PVG,3406,ORD,3830,,0,777
AA,24,BOS,3448,LHR,507,Y,0,777 744
AA,24,BOS,3448,MAD,1229,,0,330
AA,24,BOS,3448,NRT,2279,,0,787
AA,24,BOS,3448,PHX,3462,,0,320 319 321
AA,24,BOS,3448,PIT,3570,Y,0,E70 CRJ
AA,24,BOS,3448,PDX,3720,Y,0,737
AA,24,BOS,3448,JFK,3797,,0,738
AA,24,BOS,3448,CLT,3876,,0,319 321 320 E90
AA,24,OAK,3453,OGG,3456,Y,0,737
AA,24,OAK,3453,PHX,3462,,0,319 CR9
AA,24,OAK,3453,KOA,3514,Y,0,737
AA,24,OAK,3453,SEA,3577,Y,0,737
AA,24,OMA,3454,PHX,3462,,0,319
AA,24,OMA,3454,DCA,3520,Y,0,E70
AA,24,OGG,3456,SJC,3748,Y,0,737
AA,24,ICT,3457,DFW,3670,,0,319
AA,24,ICT,3457,ORD,3830,Y,0,CRJ
AA,24,MCI,3458,PHL,3752,Y,0,E75 E70 CRJ
AA,24,MCI,3458,CLT,3876,,0,319
AA,24,MSN,3459,DFW,3670,Y,0,ER4 CRJ
AA,24,MSN,3459,ORD,3830,Y,0,ER4 ERD
AA,24,PHX,3462,YEG,49,,0,319 320 737
AA,24,PHX,3462,YYC,178,,0,319 737
AA,24,PHX,3462,MEX,1824,,0,319
AA,24,PHX,3462,CUN,1852,,0,757 320 321
AA,24,PHX,3462,OMA,3454,,0,319
AA,24,PHX,3462,GEG,3467,,0,319
AA,24,PHX,3462,EWR,3494,,0,320
AA,24,PHX,3462,DCA,3520,,0,757 320 319
AA,24,PHX,3462,SEA,3577,,0,320 321
AA,24,PHX,3462,IND,3585,,0,320 319
AA,24,PHX,3462,YUM,3596,Y,0,CRJ
AA,24,PHX,3462,SAT,3621,Y,0,CR9
AA,24,PHX,3462,TUS,3636,Y,0,CR9 CRJ
AA,24,PHX,3462,DFW,3670,,0,M80 M83 319 738 321 320
AA,24,PHX,3462,MKE,3717,,0,319
AA,24,PHX,3462,SJC,3748,,0,319 320
AA,24,PHX,3462,DEN,3751,,0,320 321
AA,24,PHX,3462,CMH,3759,,0,320 319
AA,24,PHX,3462,ANC,3774,,0,320
AA,24,PHX,3462,JFK,3797,,0,321
AA,24,PHX,3462,RNO,3807,,0,319 320
AA,24,PHX,3462,BWI,3849,,0,321 319 320
AA,24,PHX,3462,CLT,3876,,0,321 320
AA,24,PHX,3462,LAS,3877,,0,321 320 319
AA,24,PHX,3462,FLG,4261,Y,0,CRJ
AA,24,BGR,3463,DCA,3520,Y,0,CRJ E70
AA,24,SFO,3469,LHR,507,Y,0,744
AA,24,SFO,3469,PVR,1836,Y,0,737
AA,24,SFO,3469,HND,2359,,0,787
AA,24,SFO,3469,DFW,3670,,0,738 757 763
AA,24,SFO,3469,JFK,3797,,0,763 32B
AA,24,SFO,3469,ORD,3830,,0,738
AA,24,SFO,3469,PSP,3839,Y,0,737
AA,24,GNV,3472,MIA,3576,Y,0,ER4
AA,24,MEM,3473,DCA,3520,Y,0,CRJ
AA,24,MEM,3473,DFW,3670,,0,319
AA,24,MEM,3473,CLT,3876,,0,319 CR7
AA,24,LAX,3484,YYC,178,,0,737
AA,24,LAX,3484,LHR,507,,0,77W
AA,24,LAX,3484,MEX,1824,Y,0,737
AA,24,LAX,3484,SJD,1840,,0,M83 738
AA,24,LAX,3484,NRT,2279,,0,777 773
AA,24,LAX,3484,LIM,2789,Y,0,763
AA,24,LAX,3484,HKG,3077,Y,0,773
AA,24,LAX,3484,BNE,3320,Y,0,744
AA,24,LAX,3484,SYD,3361,Y,0,380 744
AA,24,LAX,3484,PVG,3406,,0,777
AA,24,LAX,3484,PHX,3462,,0,321 319 320
AA,24,LAX,3484,SFO,3469,,0,738
AA,24,LAX,3484,SLC,3536,Y,0,CRJ CR7
AA,24,LAX,3484,PIT,3570,,0,738
AA,24,LAX,3484,SEA,3577,Y,0,737
AA,24,LAX,3484,IND,3585,,0,738
AA,24,LAX,3484,DFW,3670,,0,738 763 757 M83
AA,24,LAX,3484,AUS,3673,,0,M83 738
AA,24,LAX,3484,FAT,3687,Y,0,CRJ
AA,24,LAX,3484,BNA,3690,,0,738
AA,24,LAX,3484,DEN,3751,Y,0,CR7
AA,24,LAX,3484,PHL,3752,,0,321 320
AA,24,LAX,3484,CMH,3759,,0,738
AA,24,LAX,3484,SAF,3784,Y,0,CRJ
AA,24,LAX,3484,EUG,4099,Y,0,CRJ
AA,24,LAX,3484,STS,6992,Y,0,DH4
AA,24,CLE,3486,JFK,3797,Y,0,ER4
AA,24,CVG,3488,DCA,3520,Y,0,CRJ
AA,24,CVG,3488,PHL,3752,Y,0,E70 CRJ E75
AA,24,CVG,3488,ORD,3830,Y,0,ER4
AA,24,LFT,3493,DFW,3670,Y,0,ERD ER4 CRJ
AA,24,EWR,3494,ORY,1386,Y,0,757
AA,24,EWR,3494,HKG,3077,Y,0,773
AA,24,EWR,3494,PHX,3462,,0,320
AA,24,EWR,3494,DFW,3670,,0,M83 M80
AA,24,EWR,3494,PHL,3752,,0,DH3
AA,24,EWR,3494,ORD,3830,Y,0,E75 CR7
AA,24,BOI,3495,PHX,3462,,0,319
AA,24,LCH,3513,DFW,3670,Y,0,ER4 ERD
AA,24,KOA,3514,OAK,3453,Y,0,737
AA,24,KOA,3514,PHX,3462,,0,757
AA,24,DCA,3520,YUL,146,Y,0,CRJ
AA,24,DCA,3520,NAS,1953,,0,319
AA,24,DCA,3520,FLL,3533,,0,319
AA,24,DCA,3520,CAE,3561,Y,0,CRJ
AA,24,DCA,3520,CHA,3578,Y,0,CRJ
AA,24,DCA,3520,IND,3585,Y,0,E70 E75 CRJ
AA,24,DCA,3520,RDU,3626,Y,0,ERD CRJ
AA,24,DCA,3520,LIT,3660,Y,0,E70
AA,24,DCA,3520,STL,3678,Y,0,CR7
AA,24,DCA,3520,BNA,3690,Y,0,ERD CRJ E70
AA,24,DCA,3520,LGA,3697,,0,319 E90
AA,24,DCA,3520,TLH,3698,Y,0,CRJ
AA,24,DCA,3520,JAX,3712,Y,0,CRJ E75 E70
AA,24,DCA,3520,PDX,3720,Y,0,737
AA,24,DCA,3520,PBI,3722,Y,0,E75 E70
AA,24,DCA,3520,DSM,3729,Y,0,E70 CRJ
AA,24,DCA,3520,CMH,3759,Y,0,CRJ E75 E70
AA,24,DCA,3520,BHM,3811,Y,0,CRJ
AA,24,DCA,3520,ORD,3830,,0,738 M83 M80
AA,24,DCA,3520,ILM,3845,Y,0,CRJ
AA,24,DCA,3520,MSP,3858,Y,0,E70 E75
AA,24,DCA,3520,VPS,3873,Y,0,CRJ
AA,24,DCA,3520,GSO,4008,Y,0,CRJ E70 E75
AA,24,DCA,3520,SDF,4014,Y,0,CRJ E75
AA,24,DCA,3520,GSP,4034,Y,0,CRJ
AA,24,DCA,3520,SRQ,4067,Y,0,CRJ
AA,24,DCA,3520,CRW,4285,Y,0,DH3
AA,24,DCA,3520,OAJ,4386,Y,0,CRJ
AA,24,DCA,3520,FAY,5738,,0,DH3
AA,24,FLL,3533,DCA,3520,,0,319
AA,24,FLL,3533,ORD,3830,,0,738
AA,24,FLL,3533,CLT,3876,,0,319 321 320 737
AA,24,SLC,3536,CLT,3876,,0,320
AA,24,MDT,3542,PHL,3752,,0,DH3
AA,24,MDT,3542,CLT,3876,,0,319 CR7 CRJ
AA,24,IAH,3550,DFW,3670,,0,M80 M83
AA,24,IAH,3550,ORD,3830,Y,0,CR7
AA,24,BFL,3558,PHX,3462,Y,0,CRJ CR9
AA,24,ELP,3559,LAX,3484,Y,0,CRJ
AA,24,ELP,3559,ORD,3830,Y,0,E75
AA,24,CAE,3561,DCA,3520,,0,CRJ
AA,24,CAE,3561,PHL,3752,Y,0,CRJ
AA,24,HOU,3566,DFW,3670,,0,M83 M80
AA,24,PIT,3570,MIA,3576,Y,0,ER4
AA,24,PIT,3570,DFW,3670,,0,M80
AA,24,PIT,3570,ORD,3830,Y,0,E75 CR7 ER4
AA,24,PIT,3570,CLT,3876,,0,319 737 321 320
AA,24,MIA,3576,LHR,507,,0,77W 777
AA,24,MIA,3576,BCN,1218,,0,763
AA,24,MIA,3576,MAD,1229,,0,330 763 340
AA,24,MIA,3576,LRM,1759,Y,0,ER4
AA,24,MIA,3576,POP,1761,,0,757
AA,24,MIA,3576,SDQ,1762,,0,757 763
AA,24,MIA,3576,MGA,1863,,0,738
AA,24,MIA,3576,PTY,1871,,0,738
AA,24,MIA,3576,SJO,1885,,0,757 738
AA,24,MIA,3576,SAL,1892,,0,738
AA,24,MIA,3576,GCM,1926,,0,738
AA,24,MIA,3576,MHH,1930,Y,0,ERD
AA,24,MIA,3576,NAS,1953,Y,0,ER4 ERD
AA,24,MIA,3576,MAO,2551,,0,763 738
AA,24,MIA,3576,GRU,2564,,0,773 777
AA,24,MIA,3576,SSA,2621,,0,757
AA,24,MIA,3576,GYE,2673,,0,738 763 757
AA,24,MIA,3576,ASU,2699,,0,757
AA,24,MIA,3576,LPB,2762,,0,757
AA,24,MIA,3576,ANU,2874,,0,738
AA,24,MIA,3576,FDF,2878,,0,738
AA,24,MIA,3576,GND,2882,,0,738
AA,24,MIA,3576,STT,2883,,0,757
AA,24,MIA,3576,SJU,2890,,0,738 757
AA,24,MIA,3576,UVF,2894,,0,757
AA,24,MIA,3576,SXM,2899,,0,757 738
AA,24,MIA,3576,BOS,3448,,0,757 738
AA,24,MIA,3576,SFO,3469,,0,763 757 738
AA,24,MIA,3576,GNV,3472,Y,0,ER4
AA,24,MIA,3576,CLE,3486,Y,0,ER4
AA,24,MIA,3576,EWR,3494,,0,738 757
AA,24,MIA,3576,DCA,3520,,0,738
AA,24,MIA,3576,PIT,3570,Y,0,ER4
AA,24,MIA,3576,SEA,3577,,0,757
AA,24,MIA,3576,IND,3585,Y,0,ER4
AA,24,MIA,3576,ORF,3611,Y,0,ER4
AA,24,MIA,3576,TPA,3646,,0,738
AA,24,MIA,3576,JAX,3712,Y,0,ER4 ERD
AA,24,MIA,3576,IAD,3714,,0,738
AA,24,MIA,3576,SAN,3731,,0,738
AA,24,MIA,3576,DEN,3751,,0,738
AA,24,MIA,3576,BHM,3811,Y,0,ER4
AA,24,MIA,3576,BWI,3849,,0,738
AA,24,MIA,3576,TUL,3855,,0,738
AA,24,MIA,3576,MSY,3861,,0,738
AA,24,MIA,3576,LAS,3877,,0,738 757
AA,24,SEA,3577,YVR,156,Y,0,DH4
AA,24,SEA,3577,LHR,507,,0,777
AA,24,SEA,3577,PEK,3364,Y,0,787
AA,24,SEA,3577,BOS,3448,Y,0,737
AA,24,SEA,3577,LAX,3484,Y,0,737
AA,24,SEA,3577,LGB,3582,Y,0,CR7
AA,24,SEA,3577,SAN,3731,Y,0,737
AA,24,SEA,3577,SJC,3748,Y,0,737
AA,24,SEA,3577,DEN,3751,Y,0,737
AA,24,SEA,3577,SNA,3867,Y,0,737
AA,24,SEA,3577,CLT,3876,,0,320 321 319
AA,24,CHA,3578,DCA,3520,Y,0,CRJ
AA,24,CHA,3578,DFW,3670,Y,0,ER4 ERD
AA,24,JAN,3580,DFW,3670,Y,0,ER4 ERD
AA,24,LGB,3582,SEA,3577,Y,0,CR7
AA,24,IND,3585,PHX,3462,,0,320 319
AA,24,IND,3585,LAX,3484,,0,738
AA,24,IND,3585,DCA,3520,Y,0,E70 E75 CRJ
AA,24,IND,3585,MIA,3576,Y,0,ER4
AA,24,IND,3585,PHL,3752,,0,E90
AA,24,IND,3585,JFK,3797,Y,0,ER4
AA,24,YUM,3596,PHX,3462,Y,0,CRJ
AA,24,LIH,3602,OAK,3453,Y,0,737
AA,24,LIH,3602,PHX,3462,,0,757
AA,24,RIC,3608,CLT,3876,,0,319
AA,24,ORF,3611,MIA,3576,Y,0,ER4
AA,24,ORF,3611,PHL,3752,,0,DH3
AA,24,ORF,3611,JFK,3797,Y,0,ER4
AA,24,BPT,3612,DFW,3670,Y,0,CRJ ERD ER4
AA,24,SAV,3613,DFW,3670,Y,0,ER4
AA,24,SAV,3613,CLT,3876,,0,CRJ
AA,24,SAT,3621,PHX,3462,Y,0,CR9
AA,24,ROC,3622,CLT,3876,,0,319
AA,24,RDU,3626,DCA,3520,Y,0,CRJ ERD
AA,24,RDU,3626,PIT,3570,Y,0,ER4
AA,24,RDU,3626,PHL,3752,,0,E90 319
AA,24,DAY,3627,PHL,3752,Y,0,CRJ
AA,24,DAY,3627,ORD,3830,Y,0,ER4
AA,24,TUS,3636,PHX,3462,Y,0,CR9 CRJ
AA,24,TUS,3636,ORD,3830,,0,M83 M80
AA,24,PVD,3641,PHL,3752,,0,E90 DH3
AA,24,PVD,3641,CLT,3876,,0,320 321 319
AA,24,BUR,3644,PDX,3720,Y,0,CR7
AA,24,DTW,3645,MIA,3576,,0,738
AA,24,DTW,3645,DFW,3670,,0,M83 M80 738
AA,24,DTW,3645,LGA,3697,Y,0,CR7
AA,24,TPA,3646,LGW,502,Y,0,777
AA,24,TPA,3646,DCA,3520,,0,319
AA,24,TPA,3646,JFK,3797,Y,0,CR7
AA,24,TPA,3646,CLT,3876,,0,320 737 321 319
AA,24,AGS,3658,DCA,3520,Y,0,CRJ
AA,24,LIT,3660,DFW,3670,,0,M80 M83
AA,24,LIT,3660,CLT,3876,Y,0,CR9 CRJ
AA,24,SWF,3661,PHL,3752,,0,DH3
AA,24,DFW,3670,YVR,156,,0,738
AA,24,DFW,3670,YYC,178,,0,M80 M83 738
AA,24,DFW,3670,FRA,340,,0,777
AA,24,DFW,3670,MAD,1229,,0,777
AA,24,DFW,3670,CDG,1382,,0,763 777
AA,24,DFW,3670,PLS,1754,,0,738
AA,24,DFW,3670,GUA,1767,,0,738
AA,24,DFW,3670,RTB,1774,,0,738
AA,24,DFW,3670,AGU,1785,Y,0,ER4
AA,24,DFW,3670,CUU,1797,Y,0,ERD ER4
AA,24,DFW,3670,SJD,1840,,0,M80 M83
AA,24,DFW,3670,SLP,1842,Y,0,ERD
AA,24,DFW,3670,BZE,1957,,0,738
AA,24,DFW,3670,NRT,2279,,0,777
AA,24,DFW,3670,GIG,2560,,0,763
AA,24,DFW,3670,SCL,2650,,0,763
AA,24,DFW,3670,CCS,2851,,0,738
AA,24,DFW,3670,BOS,3448,,0,738 757
AA,24,DFW,3670,PHX,3462,,0,321 738 M80 319 M83 320
AA,24,DFW,3670,MEM,3473,,0,319
AA,24,DFW,3670,SLC,3536,,0,M83 M80
AA,24,DFW,3670,ELP,3559,,0,M80 319
AA,24,DFW,3670,HOU,3566,,0,M83 M80
AA,24,DFW,3670,PIT,3570,,0,M80
AA,24,DFW,3670,IND,3585,,0,M80 M83
AA,24,DFW,3670,SHV,3609,Y,0,CRJ ERD ER4
AA,24,DFW,3670,DAY,3627,,0,319 M80 M83
AA,24,DFW,3670,TPA,3646,,0,738 M83 M80
AA,24,DFW,3670,MAF,3652,Y,0,ERD CRJ ER4
AA,24,DFW,3670,STL,3678,,0,M80 M83 738
AA,24,DFW,3670,BNA,3690,,0,738 M80 M83
AA,24,DFW,3670,LRD,3691,Y,0,ERD CRJ ER4
AA,24,DFW,3670,LGA,3697,,0,738
AA,24,DFW,3670,TLH,3698,Y,0,ER4 ERD
AA,24,DFW,3670,SJT,3708,Y,0,ER4 CRJ ERD
AA,24,DFW,3670,COU,3719,Y,0,ER4 ERD
AA,24,DFW,3670,PDX,3720,,0,M83
AA,24,DFW,3670,MLU,3732,Y,0,ER4 CRJ
AA,24,DFW,3670,CRP,3744,,0,319
AA,24,DFW,3670,SJC,3748,,0,M83
AA,24,DFW,3670,DEN,3751,,0,738 M80 M83
AA,24,DFW,3670,TXK,3770,Y,0,ERD ER4
AA,24,DFW,3670,SAF,3784,Y,0,ER4 ERD
AA,24,DFW,3670,BHM,3811,,0,M80 M83
AA,24,DFW,3670,BDL,3825,,0,738
AA,24,DFW,3670,LBB,3829,,0,M80 M83
AA,24,DFW,3670,AMA,3840,Y,0,ER4 CRJ ERD
AA,24,DFW,3670,AEX,3852,Y,0,CRJ ER4 ERD
AA,24,DFW,3670,VPS,3873,Y,0,ER4 CRJ ERD
AA,24,DFW,3670,CLT,3876,,0,321 319 M80 M83 320 737 757
AA,24,DFW,3670,LAS,3877,,0,738 M80 M83 757
AA,24,DFW,3670,MCO,3878,,0,738 M80 M83 757
AA,24,DFW,3670,LEX,4017,Y,0,ERD ER4
AA,24,DFW,3670,ABQ,4019,,0,M80 M83
AA,24,DFW,3670,FWA,4041,Y,0,ER4
AA,24,DFW,3670,GJT,4063,Y,0,ER4
AA,24,DFW,3670,MLI,4072,Y,0,ERD ER4
AA,24,DFW,3670,CRW,4285,Y,0,CRJ
AA,24,DFW,3670,JLN,4354,Y,0,ER4
AA,24,AUS,3673,PHX,3462,,0,319
AA,24,TYS,3676,DFW,3670,Y,0,ER4 CRJ ERD
AA,24,STL,3678,DCA,3520,Y,0,CR7
AA,24,STL,3678,PIT,3570,Y,0,ER4
AA,24,STL,3678,DFW,3670,,0,M83 M80 738
AA,24,STL,3678,LGA,3697,Y,0,CR7
AA,24,STL,3678,ORD,3830,,0,M80 M83 738
AA,24,SPS,3680,DFW,3670,Y,0,ERD ER4 CRJ
AA,24,GRR,3685,DFW,3670,Y,0,ERD ER4
AA,24,FAT,3687,PHX,3462,Y,0,CR9 CRJ
AA,24,BNA,3690,LGA,3697,Y,0,CR7
AA,24,LGA,3697,YYZ,193,Y,0,CR7
AA,24,LGA,3697,DAY,3627,Y,0,ERD
AA,24,LGA,3697,LIT,3660,Y,0,CR7
AA,24,LGA,3697,DFW,3670,,0,738
AA,24,LGA,3697,STL,3678,Y,0,CR7
AA,24,LGA,3697,BNA,3690,Y,0,CR7
AA,24,LGA,3697,PBI,3722,,0,738
AA,24,LGA,3697,ORD,3830,,0,738
AA,24,LGA,3697,GSO,4008,Y,0,ERD
AA,24,LGA,3697,CHO,4015,Y,0,ERD
AA,24,LGA,3697,XNA,4356,Y,0,CR7
AA,24,TLH,3698,CLT,3876,Y,0,CR7 CRJ
AA,24,BTV,3711,DCA,3520,,0,CRJ
AA,24,JAX,3712,MIA,3576,Y,0,ER4 ERD
AA,24,DRO,3713,DFW,3670,Y,0,ER4 CRJ
AA,24,IAD,3714,LHR,507,Y,0,744 777
AA,24,IAD,3714,DFW,3670,,0,738 M80
AA,24,MKE,3717,PHL,3752,Y,0,CRJ
AA,24,ABI,3718,DFW,3670,Y,0,ERD ER4 CRJ
AA,24,PDX,3720,OAK,3453,Y,0,DH4
AA,24,PDX,3720,PHX,3462,,0,321 320 319
AA,24,PDX,3720,LGB,3582,Y,0,CR7
AA,24,PDX,3720,BUR,3644,Y,0,CR7
AA,24,PDX,3720,ONT,3734,Y,0,CR7
AA,24,PDX,3720,ORD,3830,,0,738
AA,24,PBI,3722,LAX,3484,,0,738
AA,24,PBI,3722,PHL,3752,,0,E90 319
AA,24,PBI,3722,ORD,3830,,0,M83 738 M80
AA,24,PBI,3722,CLT,3876,,0,737 320 319
AA,24,HNL,3728,HND,2359,,0,777
AA,24,HNL,3728,OAK,3453,Y,0,737
AA,24,HNL,3728,LAX,3484,,0,757
AA,24,HNL,3728,DFW,3670,,0,763
AA,24,HNL,3728,SJC,3748,Y,0,737
AA,24,DSM,3729,PHX,3462,,0,319
AA,24,DSM,3729,DFW,3670,,0,M80 M83
AA,24,SAN,3731,PVR,1836,Y,0,737
AA,24,SAN,3731,NRT,2279,,0,787
AA,24,SAN,3731,LAX,3484,Y,0,CRJ CR7
AA,24,SAN,3731,PDX,3720,Y,0,737
AA,24,SAN,3731,JFK,3797,,0,738
AA,24,SAN,3731,ORD,3830,,0,738
AA,24,BRO,3738,DFW,3670,Y,0,CRJ ER4
AA,24,CRP,3744,DFW,3670,,0,319
AA,24,SYR,3745,BOS,3448,,0,DH3
AA,24,SYR,3745,PHL,3752,,0,DH3
AA,24,SJC,3748,GDL,1804,Y,0,737
AA,24,SJC,3748,OGG,3456,Y,0,737
AA,24,SJC,3748,SEA,3577,Y,0,737
AA,24,SJC,3748,PDX,3720,Y,0,737 DH4
AA,24,DEN,3751,LHR,507,Y,0,777
AA,24,DEN,3751,LAX,3484,Y,0,CR7
AA,24,DEN,3751,SEA,3577,Y,0,737
AA,24,PHL,3752,BRU,302,,0,767
AA,24,PHL,3752,FRA,340,,0,332 767
AA,24,PHL,3752,MAN,478,,0,332
AA,24,PHL,3752,AMS,580,,0,757
AA,24,PHL,3752,MAD,1229,,0,333
AA,24,PHL,3752,FCO,1555,,0,333
AA,24,PHL,3752,LIS,1638,,0,757
AA,24,PHL,3752,PLS,1754,,0,319
AA,24,PHL,3752,PUJ,1760,,0,319 332 320
AA,24,PHL,3752,NAS,1953,,0,319 320
AA,24,PHL,3752,AUA,2895,,0,320
AA,24,PHL,3752,BOS,3448,,0,E90 319 321 320
AA,24,PHL,3752,BGR,3463,Y,0,E75 CRJ
AA,24,PHL,3752,SFO,3469,,0,320 321
AA,24,PHL,3752,CVG,3488,,0,CRJ
AA,24,PHL,3752,FLL,3533,,0,320 319
AA,24,PHL,3752,SEA,3577,,0,320 321
AA,24,PHL,3752,RIC,3608,,0,DH3
AA,24,PHL,3752,SAT,3621,,0,E90
AA,24,PHL,3752,ROC,3622,,0,DH3
AA,24,PHL,3752,RDU,3626,,0,319 E90
AA,24,PHL,3752,SBY,3642,,0,DH3
AA,24,PHL,3752,DTW,3645,,0,E90 320 319
AA,24,PHL,3752,TPA,3646,,0,321 320 319 737
AA,24,PHL,3752,DFW,3670,,0,M83 319 320 738 M80 E90 757
AA,24,PHL,3752,AUS,3673,,0,319 E90
AA,24,PHL,3752,TYS,3676,Y,0,CRJ
AA,24,PHL,3752,STL,3678,,0,CRJ
AA,24,PHL,3752,BNA,3690,Y,0,CRJ E75 E70
AA,24,PHL,3752,BTV,3711,,0,E90
AA,24,PHL,3752,SAN,3731,,0,320
AA,24,PHL,3752,SYR,3745,,0,DH3
AA,24,PHL,3752,DEN,3751,,0,321 320
AA,24,PHL,3752,CMH,3759,Y,0,CRJ E75 E70
AA,24,PHL,3752,RSW,3793,,0,319 E90 320
AA,24,PHL,3752,CHS,3806,Y,0,E75 CRJ
AA,24,PHL,3752,ISP,3857,,0,DH3
AA,24,PHL,3752,MSY,3861,Y,0,319 E90 E75
AA,24,PHL,3752,PWM,3862,,0,E90
AA,24,PHL,3752,LAS,3877,,0,321 320
AA,24,PHL,3752,MCO,3878,,0,767 321 757 320 332
AA,24,PHL,3752,ATH,3941,,0,332
AA,24,PHL,3752,ELM,3946,,0,DH3
AA,24,PHL,3752,HVN,4006,,0,DH3
AA,24,PHL,3752,GSO,4008,Y,0,CRJ E75
AA,24,PHL,3752,GSP,4034,Y,0,CRJ
AA,24,PHL,3752,BDA,4069,,0,319
AA,24,PHL,3752,ABE,4355,,0,DH3
AA,24,PHL,3752,DOH,11051,,0,777
AA,24,CMH,3759,PHX,3462,,0,319 320
AA,24,CMH,3759,DFW,3670,,0,M83 M80
AA,24,CMH,3759,ORD,3830,Y,0,ER4 CR7 ERD
AA,24,CMH,3759,CLT,3876,,0,CR9
AA,24,TXK,3770,DFW,3670,Y,0,ERD ER4
AA,24,ANC,3774,PHX,3462,,0,319 320
AA,24,ANC,3774,LAX,3484,Y,0,737
AA,24,SAF,3784,LAX,3484,Y,0,CRJ
AA,24,RSW,3793,DUS,345,Y,0,330
AA,24,RSW,3793,DFW,3670,,0,738
AA,24,RSW,3793,PHL,3752,,0,319 E90 320
AA,24,JFK,3797,YYC,178,,0,737
AA,24,JFK,3797,YYZ,193,Y,0,CR7
AA,24,JFK,3797,DUS,345,Y,0,330
AA,24,JFK,3797,TXL,351,Y,0,330
AA,24,JFK,3797,HEL,421,Y,0,330
AA,24,JFK,3797,MAN,478,,0,757
AA,24,JFK,3797,LCY,503,,0,318
AA,24,JFK,3797,LHR,507,,0,777 77W
AA,24,JFK,3797,MAD,1229,,0,330 757 340
AA,24,JFK,3797,CDG,1382,,0,763 757
AA,24,JFK,3797,MXP,1524,,0,763
AA,24,JFK,3797,CUN,1852,,0,738
AA,24,JFK,3797,NRT,2279,,0,787 773
AA,24,JFK,3797,GIG,2560,,0,763
AA,24,JFK,3797,SCL,2650,Y,0,787
AA,24,JFK,3797,GYE,2673,Y,0,763
AA,24,JFK,3797,LIM,2789,Y,0,763
AA,24,JFK,3797,CCS,2851,,0,757 738
AA,24,JFK,3797,SFO,3469,,0,32B 763
AA,24,JFK,3797,DCA,3520,,0,738
AA,24,JFK,3797,PIT,3570,Y,0,ER4
AA,24,JFK,3797,MIA,3576,,0,757 763 738
AA,24,JFK,3797,ORF,3611,Y,0,ER4
AA,24,JFK,3797,TPA,3646,Y,0,CR7
AA,24,JFK,3797,CMH,3759,Y,0,ER4 CR7
AA,24,JFK,3797,ORD,3830,,0,738
AA,24,JFK,3797,CLT,3876,,0,321 319
AA,24,CHS,3806,PHL,3752,,0,CRJ
AA,24,RNO,3807,DFW,3670,,0,M83 738
AA,24,RNO,3807,ORD,3830,,0,738
AA,24,KTN,3808,SEA,3577,Y,0,734
AA,24,SMF,3817,CLT,3876,,0,321
AA,24,COS,3819,DFW,3670,,0,M80 M83
AA,24,BUF,3820,BOS,3448,Y,0,CRJ
AA,24,BDL,3825,DCA,3520,Y,0,E75 CRJ E70
AA,24,BDL,3825,CLT,3876,,0,320 321 319
AA,24,LBB,3829,DFW,3670,,0,M80 M83
AA,24,ORD,3830,YUL,146,Y,0,CRJ
AA,24,ORD,3830,YVR,156,,0,737
AA,24,ORD,3830,YYC,178,,0,737
AA,24,ORD,3830,MAN,478,,0,763
AA,24,ORD,3830,LHR,507,,0,763 777
AA,24,ORD,3830,DUB,599,,0,763
AA,24,ORD,3830,MEX,1824,,0,738
AA,24,ORD,3830,PVR,1836,,0,M83
AA,24,ORD,3830,AUH,2179,Y,0,777
AA,24,ORD,3830,SJU,2890,,0,738
AA,24,ORD,3830,PEK,3364,,0,777
AA,24,ORD,3830,BOS,3448,,0,738
AA,24,ORD,3830,OMA,3454,Y,0,E75 ER4 CR7
AA,24,ORD,3830,MCI,3458,Y,0,ER4 CR7 E75 ERD
AA,24,ORD,3830,PHX,3462,,0,321 738 M83 320 M80
AA,24,ORD,3830,MEM,3473,Y,0,CR7 ER4 ERD
AA,24,ORD,3830,CVG,3488,Y,0,ER4
AA,24,ORD,3830,FLL,3533,,0,738
AA,24,ORD,3830,IAH,3550,Y,0,CR7
AA,24,ORD,3830,ELP,3559,Y,0,E75
AA,24,ORD,3830,PIT,3570,Y,0,E75 CR7 ER4
AA,24,ORD,3830,SEA,3577,,0,738
AA,24,ORD,3830,CHA,3578,Y,0,ER4 ERD
AA,24,ORD,3830,IND,3585,Y,0,ER4 ERD E75 CR7
AA,24,ORD,3830,RIC,3608,Y,0,ERD
AA,24,ORD,3830,SAT,3621,Y,0,CR7 E75
AA,24,ORD,3830,DAY,3627,Y,0,ER4
AA,24,ORD,3830,GRB,3653,Y,0,ER4
AA,24,ORD,3830,LIT,3660,Y,0,ER4 CR7
AA,24,ORD,3830,DFW,3670,,0,M80 M83 738
AA,24,ORD,3830,AUS,3673,,0,M80 M83
AA,24,ORD,3830,MQT,3675,Y,0,ER4
AA,24,ORD,3830,TYS,3676,Y,0,ERD ER4
AA,24,ORD,3830,ATL,3682,Y,0,E75 CR7
AA,24,ORD,3830,GRR,3685,Y,0,ER4 ERD
AA,24,ORD,3830,JAX,3712,Y,0,ER4 CR7
AA,24,ORD,3830,MKE,3717,Y,0,CRJ
AA,24,ORD,3830,DSM,3729,Y,0,ERD ER4 E75
AA,24,ORD,3830,SYR,3745,Y,0,CR7 ER4
AA,24,ORD,3830,DEN,3751,,0,M80 M83
AA,24,ORD,3830,BUF,3820,Y,0,ER4 CR7 E75
AA,24,ORD,3830,PSP,3839,,0,M83
AA,24,ORD,3830,BWI,3849,Y,0,E75 ER4 CR7
AA,24,ORD,3830,MSP,3858,Y,0,E75 CR7
AA,24,ORD,3830,LAS,3877,,0,M83 738
AA,24,ORD,3830,MCO,3878,,0,738 M83 M80
AA,24,ORD,3830,CID,4043,Y,0,ER4
AA,24,ORD,3830,LSE,4044,Y,0,ER4 ERD
AA,24,ORD,3830,CWA,4045,Y,0,ERD ER4
AA,24,ORD,3830,CMI,4049,Y,0,ER4 ERD
AA,24,ORD,3830,MLI,4072,Y,0,ERD ER4
AA,24,ORD,3830,FNT,4089,Y,0,ER4 ERD
AA,24,ORD,3830,XNA,4356,Y,0,ER4 CR7 ERD
AA,24,ART,3838,PHL,3752,Y,0,CRJ
AA,24,PSP,3839,PHX,3462,Y,0,CRJ CR9
AA,24,PSP,3839,SFO,3469,Y,0,737
AA,24,ILM,3845,CLT,3876,,0,319 CR9
AA,24,BWI,3849,LHR,507,Y,0,767
AA,24,BWI,3849,PHX,3462,,0,319 320
AA,24,BWI,3849,ORD,3830,Y,0,E75 ER4 CR7
AA,24,AEX,3852,DFW,3670,Y,0,ER4 CRJ ERD
AA,24,TUL,3855,DFW,3670,,0,M80 738 M83 757
AA,24,MSP,3858,DCA,3520,Y,0,E75 E70
AA,24,MSY,3861,MIA,3576,,0,738
AA,24,MSY,3861,AUS,3673,,0,
AA,24,MSY,3861,PHL,3752,Y,0,319 E90 E75
AA,24,SNA,3867,DFW,3670,,0,738
AA,24,VPS,3873,DCA,3520,Y,0,CRJ
AA,24,CLT,3876,YUL,146,Y,0,CRJ
AA,24,CLT,3876,YYZ,193,Y,0,E75 CRJ
AA,24,CLT,3876,LHR,507,,0,333
AA,24,CLT,3876,CDG,1382,,0,333
AA,24,CLT,3876,MBJ,1780,,0,319 321 320
AA,24,CLT,3876,MEX,1824,,0,319
AA,24,CLT,3876,LIR,1881,,0,320
AA,24,CLT,3876,GCM,1926,,0,320 321 319
AA,24,CLT,3876,BZE,1957,,0,319
AA,24,CLT,3876,ANU,2874,,0,319
AA,24,CLT,3876,AUA,2895,,0,757 319 320
AA,24,CLT,3876,LAX,3484,,0,321
AA,24,CLT,3876,CVG,3488,,0,CRJ CR9
AA,24,CLT,3876,EWR,3494,,0,321 320 737 319
AA,24,CLT,3876,MYR,3515,,0,DH8
AA,24,CLT,3876,PNS,3564,Y,0,CR9
AA,24,CLT,3876,PIT,3570,,0,319 737 320 321
AA,24,CLT,3876,MIA,3576,,0,320 321 319 737
AA,24,CLT,3876,SEA,3577,,0,320 321 319
AA,24,CLT,3876,JAN,3580,Y,0,CRJ CR7
AA,24,CLT,3876,RIC,3608,,0,319 CR7
AA,24,CLT,3876,ORF,3611,,0,319
AA,24,CLT,3876,PHF,3633,,0,CR7
AA,24,CLT,3876,LIT,3660,Y,0,CR9 CRJ
AA,24,CLT,3876,DFW,3670,,0,M80 321 319 M83 320 737 757
AA,24,CLT,3876,STL,3678,,0,319
AA,24,CLT,3876,BNA,3690,,0,319 CR7
AA,24,CLT,3876,TLH,3698,Y,0,CRJ CR7
AA,24,CLT,3876,IAD,3714,,0,CR7
AA,24,CLT,3876,PDX,3720,,0,320
AA,24,CLT,3876,RSW,3793,,0,320 321 319 737
AA,24,CLT,3876,JFK,3797,,0,321 319
AA,24,CLT,3876,CHS,3806,,0,DH8 319 CR7
AA,24,CLT,3876,BUF,3820,,0,319 320 737
AA,24,CLT,3876,ORD,3830,,0,321 320 CR9 E90
AA,24,CLT,3876,ILM,3845,,0,319
AA,24,CLT,3876,BWI,3849,,0,319 737 321 757 320 E90
AA,24,CLT,3876,MSP,3858,,0,319 321 320
AA,24,CLT,3876,PWM,3862,,0,319
AA,24,CLT,3876,ALB,3864,,0,319
AA,24,CLT,3876,LAS,3877,,0,321
AA,24,CLT,3876,MCO,3878,,0,321 767 757 319
AA,24,CLT,3876,FLO,3879,,0,DH3 DH8
AA,24,CLT,3876,SDF,4014,,0,CR7 CR9 CRJ
AA,24,CLT,3876,GSP,4034,,0,DH3 DH8
AA,24,CLT,3876,GPT,4038,Y,0,CR7 CRJ
AA,24,CLT,3876,TRI,4116,,0,DH8 DH3
AA,24,CLT,3876,AVP,4286,Y,0,CRJ CR9
AA,24,CLT,3876,ABE,4355,Y,0,CR7 CRJ CR9
AA,24,CLT,3876,FAY,5738,,0,DH8
AA,24,CLT,3876,HTS,5742,,0,DH8 DH3
AA,24,LAS,3877,YEG,49,,0,737
AA,24,LAS,3877,YYZ,193,,0,737
AA,24,LAS,3877,LGW,502,Y,0,777
AA,24,LAS,3877,LHR,507,Y,0,744
AA,24,LAS,3877,LAX,3484,,0,738
AA,24,LAS,3877,DCA,3520,,0,320 319
AA,24,MCO,3878,YYZ,193,,0,737
AA,24,MCO,3878,LGW,502,Y,0,777
AA,24,MCO,3878,PHX,3462,,0,321 320
AA,24,MCO,3878,LAX,3484,,0,757 738
AA,24,MCO,3878,MIA,3576,,0,757 738
AA,24,MCO,3878,SEA,3577,Y,0,737
AA,24,MCO,3878,PHL,3752,,0,321 767 757 320 332
AA,24,MCO,3878,CLT,3876,,0,321 757 767 319
AA,24,BKK,3885,NRT,2279,,0,763
AA,24,BKK,3885,KUL,3304,,0,737
AA,24,ICN,3930,DFW,3670,,0,777
AA,24,ATH,3941,LHR,507,Y,0,320 767
AA,24,NGO,3942,HNL,3728,,0,777
AA,24,ELM,3946,PHL,3752,,0,DH3
AA,24,ITH,3947,PHL,3752,,0,DH3
AA,24,MRY,3948,PHX,3462,Y,0,CRJ
AA,24,SBA,3949,PHX,3462,Y,0,CR9 CRJ
AA,24,GSO,4008,LGA,3697,Y,0,ERD
AA,24,GSO,4008,PHL,3752,Y,0,E75 CRJ E70
AA,24,MHT,4011,DCA,3520,,0,CRJ
AA,24,MHT,4011,PHL,3752,Y,0,E70 E75 CRJ
AA,24,MHT,4011,CLT,3876,Y,0,CR9
AA,24,SDF,4014,MIA,3576,Y,0,ER4
AA,24,SDF,4014,DFW,3670,,0,M80 M83 319
AA,24,CHO,4015,PHL,3752,,0,DH3
AA,24,CHO,4015,ORD,3830,Y,0,CRJ
AA,24,ROA,4016,CLT,3876,,0,DH8 DH3
AA,24,EVV,4018,DFW,3670,Y,0,ERD
AA,24,ABQ,4019,PHX,3462,Y,0,CRJ CR9
AA,24,ABQ,4019,LAX,3484,Y,0,CR7 CRJ
AA,24,GSP,4034,PHL,3752,Y,0,CRJ
AA,24,GPT,4038,DFW,3670,Y,0,ERD ER4
AA,24,LSE,4044,ORD,3830,Y,0,ER4 ERD
AA,24,PIA,4046,DFW,3670,Y,0,ER4
AA,24,PIA,4046,ORD,3830,Y,0,ER4 ERD
AA,24,CMI,4049,DFW,3670,Y,0,ER4
AA,24,CMI,4049,ORD,3830,Y,0,ER4 ERD
AA,24,MHK,4050,DFW,3670,Y,0,ERD ER4
AA,24,MHK,4050,ORD,3830,Y,0,ERD ER4
AA,24,NBO,4059,LHR,507,Y,0,744
AA,24,GJT,4063,PHX,3462,Y,0,CRJ
AA,24,GJT,4063,DFW,3670,Y,0,ER4
AA,24,SRQ,4067,DCA,3520,Y,0,CRJ
AA,24,MLI,4072,DFW,3670,Y,0,ERD ER4
AA,24,PPT,4075,LAX,3484,Y,0,340
AA,24,RAP,4087,DFW,3670,Y,0,CRJ ER4
AA,24,CAK,4112,PHL,3752,,0,CRJ
AA,24,HSV,4113,DCA,3520,Y,0,E70 CRJ
AA,24,MGM,4115,DFW,3670,Y,0,ERD ER4
AA,24,MGM,4115,CLT,3876,Y,0,CRJ
AA,24,BGM,4129,PHL,3752,,0,DH3
AA,24,FLG,4261,PHX,3462,Y,0,CRJ
AA,24,ERI,4276,PHL,3752,,0,DH3
AA,24,AVP,4286,PHL,3752,,0,DH3
AA,24,FAR,4292,DFW,3670,Y,0,ER4 ERD
AA,24,SCE,4318,PHL,3752,,0,DH3
AA,24,ABE,4355,PHL,3752,,0,DH3
AA,24,ABE,4355,CLT,3876,Y,0,CR9 CR7 CRJ
AA,24,XNA,4356,LAX,3484,Y,0,CR7
AA,24,XNA,4356,ORD,3830,Y,0,CR7 ER4 ERD
AA,24,XNA,4356,CLT,3876,Y,0,CR7 CRJ
AA,24,OAJ,4386,CLT,3876,,0,DH8 CR7
AA,24,DBQ,4388,ORD,3830,Y,0,ER4 ERD
AA,24,LYH,5753,CLT,3876,,0,DH8
AA,24,SCY,6045,GYE,2673,Y,0,319
AA,24,PGV,6959,CLT,3876,,0,DH8
AA,24,HHH,8314,DCA,3520,,0,DH3
AA,24,HHH,8314,CLT,3876,,0,DH3
AA,24,DOH,11051,JFK,3797,,0,777
OZ,28,FRA,340,ICN,3930,,0,74E
OZ,28,MUC,346,IST,1701,,0,321
OZ,28,VIE,1613,IST,1701,,0,321
OZ,28,ZRH,1678,IST,1701,,0,320
OZ,28,IST,1701,VIE,1613,,0,321
OZ,28,IST,1701,NBO,4059,Y,0,738
OZ,28,SPN,2244,PUS,2372,,0,320
OZ,28,ROR,2256,ICN,3930,,0,321
OZ,28,UBJ,2296,ICN,3930,,0,321
OZ,28,HIJ,2326,ICN,3930,,0,321
OZ,28,YGJ,2330,ICN,3930,,0,321 320
OZ,28,TAK,2337,ICN,3930,,0,321 320
OZ,28,CJU,2370,KWJ,2361,,0,321 320
OZ,28,CJU,2370,KPO,2380,,0,320
OZ,28,CJU,2370,TAE,2381,,0,320 321
OZ,28,CJU,2370,HIN,6007,,0,320
OZ,28,PUS,2372,SPN,2244,,0,320
OZ,28,PUS,2372,FUK,2305,,0,734 320
OZ,28,PUS,2372,OKA,2384,,0,320
OZ,28,PUS,2372,MNL,2397,,0,320
OZ,28,PUS,2372,PEK,3364,,0,320
OZ,28,PUS,2372,CAN,3370,,0,320
OZ,28,PUS,2372,KWL,3372,,0,320
OZ,28,PUS,2372,TXN,6387,,0,320
OZ,28,GMP,2378,RSU,2365,,0,320 321
OZ,28,GMP,2378,KPO,2380,,0,320
OZ,28,GMP,2378,PEK,3364,,0,333
OZ,28,KPO,2380,GMP,2378,,0,320
OZ,28,TAE,2381,CJU,2370,,0,320 321
OZ,28,OKA,2384,PUS,2372,,0,320
OZ,28,OKA,2384,ICN,3930,,0,321
OZ,28,PNH,3034,ICN,3930,,0,321
OZ,28,HKG,3077,ICN,3930,,0,744 321 320 333 763
OZ,28,DEL,3093,HKG,3077,Y,0,77L
OZ,28,HKT,3179,ICN,3930,,0,763
OZ,28,SGN,3205,ICN,3930,,0,321 77W 772
OZ,28,RGN,3239,ICN,3930,,0,763
OZ,28,PEK,3364,GMP,2378,,0,333
OZ,28,PEK,3364,ICN,3930,,0,321 333
OZ,28,PEK,3364,MWX,4189,,0,321
OZ,28,PEK,3364,CJJ,6008,,0,321
OZ,28,TSN,3368,ICN,3930,,0,333
OZ,28,CAN,3370,PUS,2372,,0,320
OZ,28,CSX,3371,ICN,3930,,0,321
OZ,28,KWL,3372,ICN,3930,,0,763 321
OZ,28,XIY,3379,ICN,3930,,0,321 763
OZ,28,KHN,3384,ICN,3930,,0,321
OZ,28,HGH,3386,PUS,2372,,0,320
OZ,28,NKG,3388,ICN,3930,,0,763 321
OZ,28,CKG,3393,ICN,3930,,0,320 763 321
OZ,28,CTU,3395,HFE,3389,Y,0,319
OZ,28,CTU,3395,ICN,3930,,0,321
OZ,28,HRB,3400,ICN,3930,,0,763
OZ,28,SFO,3469,ICN,3930,,0,77L
OZ,28,LAX,3484,MSY,3861,Y,0,320 319 738
OZ,28,LAX,3484,ICN,3930,,0,77L 744
OZ,28,SEA,3577,ICN,3930,,0,333
OZ,28,HNL,3728,ICN,3930,,0,333
OZ,28,JFK,3797,ICN,3930,,0,77W
OZ,28,ORD,3830,ATL,3682,Y,0,E70 CR7
OZ,28,BKK,3885,PUS,2372,Y,0,330
OZ,28,ICN,3930,YVR,156,Y,0,763
OZ,28,ICN,3930,CDG,1382,,0,772
OZ,28,ICN,3930,AUH,2179,Y,0,345
OZ,28,ICN,3930,KHH,2264,,0,M90
OZ,28,ICN,3930,UBJ,2296,,0,321
OZ,28,ICN,3930,MYJ,2333,,0,321
OZ,28,ICN,3930,TAK,2337,,0,321 320
OZ,28,ICN,3930,SDJ,2347,,0,321 763
OZ,28,ICN,3930,MNL,2397,,0,333 772
OZ,28,ICN,3930,KHV,2927,,0,321
OZ,28,ICN,3930,TAS,2983,,0,333
OZ,28,ICN,3930,PNH,3034,,0,321
OZ,28,ICN,3930,REP,3035,,0,321
OZ,28,ICN,3930,DEL,3093,,0,333
OZ,28,ICN,3930,HKT,3179,,0,763
OZ,28,ICN,3930,DAD,3196,,0,321
OZ,28,ICN,3930,SGN,3205,,0,321 77W 772
OZ,28,ICN,3930,RGN,3239,,0,763
OZ,28,ICN,3930,SIN,3316,,0,333
OZ,28,ICN,3930,KWL,3372,,0,321
OZ,28,ICN,3930,XIY,3379,,0,321 763
OZ,28,ICN,3930,KHN,3384,,0,321
OZ,28,ICN,3930,HGH,3386,,0,333
OZ,28,ICN,3930,NGB,3387,,0,321
OZ,28,ICN,3930,YNT,3392,,0,321 320
OZ,28,ICN,3930,CTU,3395,,0,321
OZ,28,ICN,3930,HRB,3400,,0,763
OZ,28,ICN,3930,SFO,3469,,0,77L
OZ,28,ICN,3930,SEA,3577,,0,333
OZ,28,ICN,3930,NGO,3942,,0,321 763
OZ,28,ICN,3930,LJG,4033,,0,320
OZ,28,ICN,3930,TXN,6387,,0,320
OZ,28,ICN,3930,YNJ,6414,,0,321
OZ,28,ICN,3930,DOH,11051,Y,0,333
OZ,28,DPS,3940,ICN,3930,,0,763
OZ,28,NGO,3942,ICN,3930,,0,321 763
OZ,28,KIX,3992,SPN,2244,,0,763
OZ,28,KIX,3992,PUS,2372,Y,0,321
OZ,28,LJG,4033,ICN,3930,,0,320
OZ,28,NBO,4059,ADD,1107,,0,763
OZ,28,NBO,4059,IST,1701,Y,0,738
OZ,28,TNA,4108,ICN,3930,,0,321
OZ,28,CEB,4206,ICN,3930,,0,321 763
OZ,28,CGQ,4380,ICN,3930,,0,763 321
OZ,28,HIN,6007,CJU,2370,,0,320
OZ,28,CJJ,6008,CJU,2370,,0,321 320
OZ,28,TXN,6387,PUS,2372,,0,320
8U,32,TUN,287,MRA,5804,,0,319 320
8U,32,SFA,295,MRA,5804,,0,319
8U,32,CMN,1074,TIP,1157,,0,320 319 332
8U,32,BEN,1154,TUN,287,,0,319 320
8U,32,BEN,1154,TIP,1157,,0,320 319 332
8U,32,BEN,1154,AMM,2170,,0,320
8U,32,TIP,1157,SFA,295,,0,320 319
8U,32,TIP,1157,CMN,1074,,0,320 319 332
8U,32,TIP,1157,BEN,1154,,0,320 319 332
8U,32,IST,1701,TIP,1157,,0,332 319
8U,32,AMM,2170,TIP,1157,,0,332 320
8U,32,HBE,3410,TIP,1157,,0,320 319
8U,32,MRA,5804,SFA,295,,0,320 319
G4,35,GFK,3442,LAS,3877,,0,M80
G4,35,GFK,3442,AZA,6505,,0,M80
G4,35,OAK,3453,AZA,6505,,0,M80
G4,35,OAK,3453,PVU,7579,,0,319
G4,35,ICT,3457,LAS,3877,,0,M80
G4,35,ICT,3457,AZA,6505,,0,M80
G4,35,BGR,3463,PIE,3617,,0,320
G4,35,BGR,3463,SFB,4167,,0,320
G4,35,LAX,3484,HNL,3728,,0,757
G4,35,LAX,3484,EUG,4099,,0,M80
G4,35,BOI,3495,LAS,3877,,0,M80
G4,35,MOT,3498,AZA,6505,,0,M80
G4,35,FLL,3533,AVL,4007,,0,M80
G4,35,CHA,3578,PIE,3617,,0,320
G4,35,CHA,3578,SFB,4167,,0,M80
G4,35,DLH,3598,LAS,3877,,0,M80
G4,35,PIE,3617,MDT,3542,,0,M80
G4,35,PIE,3617,LCK,3674,,0,320
G4,35,PIE,3617,DSM,3729,,0,M80
G4,35,PIE,3617,SYR,3745,,0,320
G4,35,PIE,3617,PBG,3771,,0,320
G4,35,PIE,3617,ELM,3946,,0,M80
G4,35,PIE,3617,AVL,4007,,0,320
G4,35,PIE,3617,FSD,4009,,0,320
G4,35,PIE,3617,ROA,4016,,0,M80
G4,35,PIE,3617,CID,4043,,0,320
G4,35,PIE,3617,PIA,4046,,0,M80 320
G4,35,PIE,3617,MLI,4072,,0,M80
G4,35,PIE,3617,TRI,4116,,0,M80
G4,35,PIE,3617,FAR,4292,,0,M80
G4,35,PIE,3617,SGF,4348,,0,320
G4,35,PIE,3617,HTS,5742,,0,320
G4,35,IAG,3630,PIE,3617,,0,M80
G4,35,IAG,3630,SFB,4167,,0,320
G4,35,IAG,3630,PGD,7056,,0,M80
G4,35,LIT,3660,SFB,4167,,0,M80
G4,35,GRR,3685,PIE,3617,,0,320
G4,35,FAT,3687,LAS,3877,,0,M80
G4,35,BTV,3711,SFB,4167,,0,M80
G4,35,HNL,3728,LAX,3484,,0,757
G4,35,SAN,3731,BLI,3777,,0,M80
G4,35,SYR,3745,PIE,3617,,0,320
G4,35,PBG,3771,FLL,3533,,0,M80
G4,35,PBG,3771,PIE,3617,,0,320
G4,35,PBG,3771,SFB,4167,,0,M80
G4,35,BLI,3777,PSP,3839,,0,M80
G4,35,BLI,3777,LAS,3877,,0,M80 757
G4,35,BLV,3790,SFB,4167,,0,M80
G4,35,RNO,3807,LAS,3877,,0,M80
G4,35,PSP,3839,BLI,3777,,0,M80
G4,35,LAS,3877,SHV,3609,,0,M80
G4,35,LAS,3877,AUS,3673,,0,M80 757
G4,35,LAS,3877,DSM,3729,,0,M80
G4,35,LAS,3877,BLI,3777,,0,757 M80
G4,35,LAS,3877,BIL,4021,,0,M80
G4,35,LAS,3877,CID,4043,,0,M80
G4,35,LAS,3877,PIA,4046,,0,M80
G4,35,LAS,3877,ATW,4047,,0,M80
G4,35,LAS,3877,RAP,4087,,0,M80
G4,35,LAS,3877,EUG,4099,,0,M80
G4,35,LAS,3877,MFR,4101,,0,M80
G4,35,LAS,3877,FAR,4292,,0,M80
G4,35,LAS,3877,SGF,4348,,0,M80
G4,35,LAS,3877,XNA,4356,,0,M80
G4,35,LAS,3877,SBN,4359,,0,M80
G4,35,LAS,3877,GRI,5740,,0,M80
G4,35,YNG,3881,MYR,3515,,0,M80
G4,35,YNG,3881,PIE,3617,,0,M80
G4,35,YNG,3881,SFB,4167,,0,M80
G4,35,MRY,3948,LAS,3877,,0,M80
G4,35,AVL,4007,PIE,3617,,0,320
G4,35,AVL,4007,SFB,4167,,0,M80
G4,35,GSO,4008,SFB,4167,,0,M80
G4,35,FSD,4009,LAS,3877,,0,M80
G4,35,LEX,4017,PIE,3617,,0,320
G4,35,LEX,4017,PGD,7056,,0,M80
G4,35,BZN,4020,AZA,6505,,0,M80
G4,35,BIL,4021,LAS,3877,,0,M80
G4,35,RFD,4028,PGD,7056,,0,M80
G4,35,GSP,4034,FLL,3533,,0,M80
G4,35,GSP,4034,PIE,3617,,0,M80 320
G4,35,BMI,4037,SFB,4167,,0,320
G4,35,TOL,4040,SFB,4167,,0,M80
G4,35,FWA,4041,AZA,6505,,0,319
G4,35,FWA,4041,PGD,7056,,0,M80
G4,35,ATW,4047,LAS,3877,,0,M80
G4,35,RST,4048,AZA,6505,,0,319
G4,35,GJT,4063,LAS,3877,,0,M80
G4,35,MLI,4072,PIE,3617,,0,M80
G4,35,MLI,4072,LAS,3877,,0,M80
G4,35,EUG,4099,LAS,3877,,0,M80
G4,35,EUG,4099,AZA,6505,,0,M80
G4,35,IDA,4100,LAS,3877,,0,M80
G4,35,MFR,4101,LAX,3484,,0,M80
G4,35,TRI,4116,PIE,3617,,0,M80
G4,35,SFB,4167,BGR,3463,,0,320
G4,35,SFB,4167,IAG,3630,,0,320
G4,35,SFB,4167,PHF,3633,,0,320
G4,35,SFB,4167,BTV,3711,,0,M80
G4,35,SFB,4167,BLV,3790,,0,M80
G4,35,SFB,4167,ELM,3946,,0,320 M80
G4,35,SFB,4167,FSD,4009,,0,320
G4,35,SFB,4167,RFD,4028,,0,320
G4,35,SFB,4167,BMI,4037,,0,320
G4,35,SFB,4167,TOL,4040,,0,M80
G4,35,SFB,4167,CID,4043,,0,M80
G4,35,SFB,4167,MLI,4072,,0,320
G4,35,SFB,4167,TRI,4116,,0,M80
G4,35,SFB,4167,SPI,4336,,0,M80
G4,35,SFB,4167,SGF,4348,,0,M80
G4,35,SFB,4167,ABE,4355,,0,320 M80
G4,35,SFB,4167,XNA,4356,,0,320
G4,35,SFB,4167,SBN,4359,,0,320
G4,35,STC,4271,AZA,6505,,0,319
G4,35,FAR,4292,PIE,3617,,0,M80
G4,35,SGF,4348,PIE,3617,,0,320
G4,35,SGF,4348,SFB,4167,,0,M80
G4,35,SGF,4348,PGD,7056,,0,M80
G4,35,ABE,4355,MYR,3515,,0,M80
G4,35,ABE,4355,PIE,3617,,0,M80 320
G4,35,ABE,4355,PGD,7056,,0,M80
G4,35,SBN,4359,PIE,3617,,0,M80
G4,35,SBN,4359,LAS,3877,,0,M80
G4,35,SBN,4359,SFB,4167,,0,320
G4,35,CKB,5730,SFB,4167,,0,320
G4,35,GRI,5740,AZA,6505,,0,M80
G4,35,HTS,5742,PIE,3617,,0,320
G4,35,HTS,5742,SFB,4167,,0,M80
G4,35,PSC,6133,AZA,6505,,0,M80
G4,35,AZA,6505,GTF,3880,,0,M80
G4,35,AZA,6505,BZN,4020,,0,M80
G4,35,AZA,6505,BIL,4021,,0,319
G4,35,AZA,6505,RFD,4028,,0,319
G4,35,AZA,6505,PIA,4046,,0,M80
G4,35,AZA,6505,ATW,4047,,0,M80
G4,35,AZA,6505,RST,4048,,0,319
G4,35,AZA,6505,BIS,4083,,0,M80
G4,35,AZA,6505,RAP,4087,,0,M80
G4,35,AZA,6505,GRI,5740,,0,M80
G4,35,AZA,6505,OGD,9543,,0,319
G4,35,HGR,6739,SFB,4167,,0,M80
G4,35,PGD,7056,IAG,3630,,0,M80
G4,35,PGD,7056,YNG,3881,,0,M80
G4,35,PGD,7056,RFD,4028,,0,M80
G4,35,PGD,7056,GSP,4034,,0,M80
G4,35,PGD,7056,TOL,4040,,0,M80
G4,35,PGD,7056,PIA,4046,,0,M80
G4,35,PGD,7056,ABE,4355,,0,M80
G4,35,PGD,7056,SBN,4359,,0,M80
M3,42,OSL,644,VDB,642,,0,SWM
M3,42,OLA,655,OSL,644,,0,SWM
ABJ,43,LAZ,2582,GNM,7407,,0,EMB
8V,55,FAI,3832,BTT,3417,,0,CNC
8V,55,FAI,3832,AKP,6712,,0,PAG
8V,55,FAI,3832,RBY,6722,,0,CNC
8V,55,RBY,6722,TAL,7113,,0,CNC
8V,55,AET,6839,BTT,3417,,0,CNC
8V,55,AET,6839,HUS,7107,,0,CNC
8V,55,HSL,7108,RBY,6722,,0,CNC
8V,55,HSL,7108,HUS,7107,,0,CNC
8V,55,HSL,7108,TAL,7113,,0,CNC
8V,55,TAL,7113,HSL,7108,,0,CNC
8V,55,VEE,7114,ARC,6729,,0,CNC
8T,68,YFS,60,YZF,196,,0,DHT
8T,68,YZF,196,YFS,60,,0,DHT
8T,68,YZF,196,YSG,5511,,0,DHT
8T,68,YSG,5511,YZF,196,,0,DHT
8T,68,YRA,5526,YZF,196,,0,DHT
8T,68,YFJ,7277,YZF,196,,0,DHT
JP,83,FRA,340,TIA,1190,,0,319
JP,83,WAW,679,LJU,1569,,0,CR2
JP,83,TIA,1190,FRA,340,,0,319
JP,83,CDG,1382,LJU,1569,,0,CR9 319 CR2
JP,83,LJU,1569,FRA,340,,0,CR9 319
JP,83,LJU,1569,MUC,346,,0,CR9 CR2
JP,83,LJU,1569,CPH,609,,0,CR9
JP,83,LJU,1569,VIE,1613,,0,CR9 CR2
JP,83,LJU,1569,IST,1701,,0,319 CR9
JP,83,LJU,1569,SKP,1737,,0,CR9 CR2
JP,83,LJU,1569,SVO,2985,,0,319 CR9 CR2
JP,83,PRG,1587,LJU,1569,,0,CR2
JP,83,SJJ,1646,LJU,1569,,0,CR2
JP,83,IST,1701,LJU,1569,,0,CR9 319
JP,83,PRN,1742,FRA,340,,0,319
UX,90,LPA,1054,BIO,1216,,0,738
UX,90,LPA,1054,MAD,1229,,0,738 332 333
UX,90,LPA,1054,SVQ,1253,,0,738
UX,90,ACE,1055,MAD,1229,,0,738 332
UX,90,ACE,1055,SCQ,1243,,0,738
UX,90,TFS,1056,ALC,1212,,0,738
UX,90,TFN,1057,BCN,1218,,0,738
UX,90,DKR,1084,MAD,1229,,0,738
UX,90,ALC,1212,TFS,1056,,0,738
UX,90,LEI,1213,MAD,1229,,0,ATR
UX,90,LEI,1213,SVQ,1253,,0,ATR
UX,90,OVD,1214,TFS,1056,,0,738
UX,90,OVD,1214,MAD,1229,,0,ATR
UX,90,BIO,1216,ACE,1055,,0,738
UX,90,BIO,1216,IBZ,1225,,0,738
UX,90,BIO,1216,MAD,1229,,0,E90
UX,90,BIO,1216,PMI,3998,,0,738 E90
UX,90,BCN,1218,TFN,1057,,0,738
UX,90,BCN,1218,BJZ,1219,,0,ATR
UX,90,BCN,1218,MAD,1229,,0,332 333
UX,90,BCN,1218,PMI,3998,,0,738 E90
UX,90,BJZ,1219,MAD,1229,,0,ATR
UX,90,LCG,1220,MAD,1229,,0,E90
UX,90,GRX,1223,PMI,3998,,0,E90
UX,90,IBZ,1225,MAD,1229,,0,E90 738
UX,90,MAD,1229,BRU,302,,0,E90
UX,90,MAD,1229,FRA,340,,0,E90
UX,90,MAD,1229,FUE,1051,,0,738
UX,90,MAD,1229,TFN,1057,,0,332 738
UX,90,MAD,1229,DKR,1084,,0,738
UX,90,MAD,1229,BIO,1216,,0,E90
UX,90,MAD,1229,BJZ,1219,,0,ATR
UX,90,MAD,1229,IBZ,1225,,0,E90 738
UX,90,MAD,1229,AGP,1230,,0,ATR
UX,90,MAD,1229,VGO,1250,,0,E90
UX,90,MAD,1229,ORY,1386,,0,738 E90
UX,90,MAD,1229,MXP,1524,,0,738
UX,90,MAD,1229,FCO,1555,,0,738
UX,90,MAD,1229,PRG,1587,,0,32S
UX,90,MAD,1229,LIS,1638,,0,ER4
UX,90,MAD,1229,GRU,2564,,0,332
UX,90,MAD,1229,LIM,2789,,0,332
UX,90,MAD,1229,CCS,2851,,0,332
UX,90,MAD,1229,SVO,2985,Y,0,32S
UX,90,MAD,1229,JFK,3797,,0,332
UX,90,MAD,1229,EZE,3988,,0,332
UX,90,AGP,1230,MAD,1229,,0,ATR 738
UX,90,SCQ,1243,ACE,1055,,0,738
UX,90,VLC,1246,CDG,1382,,0,738
UX,90,VLC,1246,PMI,3998,,0,ATR E90
UX,90,VGO,1250,MAD,1229,,0,E90
UX,90,ZAZ,1252,PMI,3998,,0,E90
UX,90,SVQ,1253,LPA,1054,,0,738
UX,90,SVQ,1253,LEI,1213,,0,ATR
UX,90,CDG,1382,BIO,1216,Y,0,E90
UX,90,CDG,1382,BCN,1218,Y,0,32S
UX,90,CDG,1382,AGP,1230,,0,738
UX,90,ORY,1386,MAD,1229,,0,E90 738
UX,90,MXP,1524,MAD,1229,,0,738
UX,90,OTP,1657,BCN,1218,Y,0,737
UX,90,CUN,1852,MAD,1229,,0,333
UX,90,JED,2072,RUH,2082,,0,320
UX,90,MVD,2816,MAD,1229,,0,332
UX,90,CCS,2851,MAD,1229,,0,332
UX,90,SVO,2985,BCN,1218,,0,32S
UX,90,PMI,3998,GRX,1223,,0,E90
UX,90,PMI,3998,MAD,1229,,0,738 E90
A3,96,BRU,302,ATH,3941,,0,321 320
A3,96,FRA,340,ATH,3941,,0,321
A3,96,DUS,345,HER,1452,,0,320
A3,96,DUS,345,ATH,3941,,0,320
A3,96,MUC,346,ATH,3941,,0,320
A3,96,TXL,351,HER,1452,,0,320
A3,96,HAJ,352,SKG,1486,,0,320
A3,96,MAN,478,ATH,3941,,0,320
A3,96,LHR,507,ATH,3941,,0,321 320
A3,96,CAI,1128,ATH,3941,,0,738
A3,96,SOF,1194,ATH,3941,,0,DH4
A3,96,LCA,1197,SKG,1486,,0,320
A3,96,BOD,1264,HER,1452,,0,320
A3,96,CDG,1382,RHO,1472,,0,320
A3,96,AXD,1446,ATH,3941,,0,320 DH4 321
A3,96,JKH,1450,ATH,3941,,0,DH4 319
A3,96,IOA,1451,ATH,3941,,0,DH4
A3,96,HER,1452,FRA,340,,0,320
A3,96,HER,1452,DUS,345,,0,320
A3,96,HER,1452,TXL,351,,0,320
A3,96,HER,1452,BOD,1264,,0,320
A3,96,HER,1452,CDG,1382,,0,320
A3,96,HER,1452,RHO,1472,,0,320
A3,96,HER,1452,LED,2948,,0,320
A3,96,KIT,1454,ATH,3941,,0,DH4
A3,96,KLX,1456,DUS,345,,0,319
A3,96,KLX,1456,MUC,346,,0,319
A3,96,KLX,1456,ARN,737,,0,319
A3,96,KGS,1458,RHO,1472,,0,DH8
A3,96,CFU,1460,ATH,3941,,0,DH4 320
A3,96,CFU,1460,DME,4029,,0,320
A3,96,KVA,1462,ATH,3941,,0,DH4
A3,96,LRS,1464,ATH,3941,,0,DH8
A3,96,LRS,1464,JKL,4192,,0,DH8
A3,96,LXS,1465,ATH,3941,,0,DH4
A3,96,MJT,1469,SKG,1486,,0,320
A3,96,MJT,1469,ATH,3941,,0,320 DH4
A3,96,RHO,1472,AOK,1459,,0,DH8
A3,96,SKG,1486,ARN,737,Y,0,736
A3,96,SKG,1486,LCA,1197,,0,320
A3,96,SKG,1486,HER,1452,,0,320
A3,96,SKG,1486,MJT,1469,,0,320
A3,96,SKG,1486,RHO,1472,,0,320
A3,96,SKG,1486,LED,2948,,0,320
A3,96,SKG,1486,ATH,3941,,0,320 321 DH4
A3,96,ZTH,1488,ATH,3941,,0,DH4
A3,96,PRG,1587,ATH,3941,,0,320
A3,96,LED,2948,HER,1452,,0,320
A3,96,LED,2948,RHO,1472,,0,320
A3,96,ATH,3941,BRU,302,,0,321 320
A3,96,ATH,3941,TXL,351,,0,320
A3,96,ATH,3941,MAN,478,,0,320
A3,96,ATH,3941,TIA,1190,,0,DH4
A3,96,ATH,3941,SOF,1194,,0,DH4
A3,96,ATH,3941,MRS,1353,,0,320
A3,96,ATH,3941,NTE,1418,,0,320
A3,96,ATH,3941,AXD,1446,,0,320 DH4 321
A3,96,ATH,3941,IOA,1451,,0,DH4
A3,96,ATH,3941,LRS,1464,,0,DH8
A3,96,ATH,3941,LXS,1465,,0,DH4
A3,96,ATH,3941,MJT,1469,,0,320 DH4
A3,96,ATH,3941,SKU,1482,,0,DH4
A3,96,ATH,3941,BUD,1489,,0,320
A3,96,ATH,3941,MXP,1524,,0,320
A3,96,ATH,3941,FCO,1555,,0,320
A3,96,ATH,3941,TLV,1590,,0,320
A3,96,ATH,3941,OTP,1657,,0,320 DH4
A3,96,ATH,3941,GVA,1665,,0,320
A3,96,ATH,3941,TBS,3973,,0,320
A3,96,ATH,3941,JNX,4194,,0,DH8
A3,96,ATH,3941,JSY,5787,,0,DH8
A3,96,DME,4029,KGS,1458,,0,320
A3,96,DME,4029,CFU,1460,,0,320
A3,96,DME,4029,RHO,1472,,0,320
A3,96,DME,4029,SKG,1486,,0,320
A3,96,DME,4029,ATH,3941,,0,320 321
A3,96,JKL,4192,KGS,1458,,0,DH8
A3,96,MLO,4193,ATH,3941,,0,DH8
A3,96,JNX,4194,ATH,3941,,0,DH8
PE,106,ACH,1679,VIE,1613,,0,E70
KO,109,ANC,3774,ILI,3429,,0,
I9,116,MXP,1524,FOR,2559,,0,767
I9,116,FOR,2559,MXP,1524,,0,767
FG,125,HEA,2048,KBL,2050,,0,734
FG,125,KBL,2050,ESB,1682,,0,734
FG,125,KBL,2050,DXB,2188,,0,734
FG,125,KWI,2176,KBL,2050,,0,734
FG,125,DXB,2188,KBL,2050,,0,734
FG,125,DEL,3093,KBL,2050,,0,734
SU,130,ALG,210,CDG,1382,Y,0,319
SU,130,BRU,302,SVO,2985,,0,320 319
SU,130,SXF,337,LED,2948,,0,319
SU,130,FRA,340,SVO,2985,,0,320 319
SU,130,DUS,345,LED,2948,,0,319
SU,130,MUC,346,LED,2948,,0,319
SU,130,AMS,580,SVO,2985,,0,321 320
SU,130,OSL,644,SVO,2985,,0,320
SU,130,KRK,669,SVO,2985,,0,SU9
SU,130,WAW,679,SVO,2985,,0,320
SU,130,CMN,1074,SVO,2985,,0,738
SU,130,AGP,1230,SVO,2985,,0,320
SU,130,NCE,1354,LED,2948,,0,320
SU,130,NCE,1354,SVO,2985,,0,321 320
SU,130,NCE,1354,DME,4029,,0,320
SU,130,CDG,1382,TLS,1273,Y,0,319 320
SU,130,CDG,1382,LYS,1335,Y,0,320 319
SU,130,CDG,1382,LED,2948,,0,320
SU,130,HER,1452,SVO,2985,,0,321
SU,130,VCE,1551,SVO,2985,,0,321 320
SU,130,FCO,1555,LED,2948,,0,320
SU,130,LJU,1569,SVO,2985,,0,CR2
SU,130,VIE,1613,LED,2948,,0,319
SU,130,OTP,1657,SVO,2985,,0,737 SU9
SU,130,AYT,1688,ROV,2964,,0,319
SU,130,BEY,2177,SVO,2985,,0,320 319
SU,130,PUS,2372,VVO,2934,,0,319
SU,130,ALA,2908,LED,2948,,0,320 319
SU,130,TSE,2910,LED,2948,,0,319
SU,130,OSS,2913,LED,2948,,0,320
SU,130,GYD,2922,SVO,2985,,0,320
SU,130,PKC,2932,SVO,2985,,0,77W
SU,130,UUS,2933,SVO,2985,,0,333 332
SU,130,UUS,2933,HRB,3400,,0,737
SU,130,UUS,2933,ICN,3930,,0,737
SU,130,VVO,2934,OVB,4078,,0,319
SU,130,HTA,2935,SVO,2985,,0,738
SU,130,IKT,2937,SVO,2985,,0,320
SU,130,KBP,2939,LED,2948,,0,A81
SU,130,KBP,2939,SVO,2985,,0,321 320
SU,130,DNK,2941,SVO,2985,,0,SU9
SU,130,SIP,2942,LED,2948,,0,320 319
SU,130,LED,2948,FRA,340,,0,319
SU,130,LED,2948,ARN,737,,0,319
SU,130,LED,2948,BCN,1218,,0,763 320
SU,130,LED,2948,HER,1452,,0,320
SU,130,LED,2948,FCO,1555,,0,320
SU,130,LED,2948,PRG,1587,,0,319
SU,130,LED,2948,VIE,1613,,0,319
SU,130,LED,2948,IST,1701,,0,319
SU,130,LED,2948,OMS,2958,,0,A81
SU,130,LED,2948,ROV,2964,,0,A81 319
SU,130,LED,2948,SKD,2981,,0,763 320
SU,130,LED,2948,TAS,2983,,0,763 320
SU,130,LED,2948,VKO,2988,,0,319
SU,130,LED,2948,EVN,3964,,0,319 320
SU,130,LED,2948,OVB,4078,,0,320 763
SU,130,LED,2948,TJM,4111,,0,319
SU,130,LED,2948,NMA,6150,,0,320
SU,130,MMK,2949,LED,2948,,0,319 A81
SU,130,ABA,2955,SVO,2985,,0,320
SU,130,BAX,2956,SVO,2985,,0,321 320
SU,130,OMS,2958,SVO,2985,,0,320
SU,130,KRR,2960,AER,2965,,0,319
SU,130,KRR,2960,EVN,3964,,0,319
SU,130,MRV,2962,SVX,2975,,0,319
SU,130,MRV,2962,TAS,2983,,0,319
SU,130,MRV,2962,SVO,2985,,0,319 321 320
SU,130,ROV,2964,AYT,1688,,0,319
SU,130,ROV,2964,SVX,2975,,0,319
SU,130,ROV,2964,LBD,6147,,0,319
SU,130,AER,2965,LED,2948,,0,319 320
SU,130,AER,2965,OMS,2958,,0,319
SU,130,AER,2965,SVX,2975,,0,319
SU,130,AER,2965,TAS,2983,,0,319
SU,130,VOG,2967,SVO,2985,,0,320
SU,130,SVX,2975,ROV,2964,,0,319
SU,130,SVX,2975,AER,2965,,0,319
SU,130,TAS,2983,ROV,2964,,0,319
SU,130,SVO,2985,BRU,302,,0,320 319
SU,130,SVO,2985,FRA,340,,0,320 319
SU,130,SVO,2985,HAM,342,,0,738 321
SU,130,SVO,2985,DUS,345,,0,320 319
SU,130,SVO,2985,MUC,346,,0,320
SU,130,SVO,2985,TXL,351,Y,0,737
SU,130,SVO,2985,TLL,415,,0,320 319
SU,130,SVO,2985,AMS,580,,0,321 320
SU,130,SVO,2985,CPH,609,,0,320
SU,130,SVO,2985,KRK,669,,0,SU9
SU,130,SVO,2985,AGP,1230,,0,320
SU,130,SVO,2985,BUD,1489,,0,320
SU,130,SVO,2985,LJU,1569,,0,CR2
SU,130,SVO,2985,PRG,1587,,0,321 320
SU,130,SVO,2985,OTP,1657,,0,SU9 737
SU,130,SVO,2985,GVA,1665,,0,320 319
SU,130,SVO,2985,IST,1701,,0,320
SU,130,SVO,2985,BEG,1739,,0,319 321 320 733 738
SU,130,SVO,2985,BEY,2177,,0,319 320
SU,130,SVO,2985,NRT,2279,,0,333
SU,130,SVO,2985,FRU,2912,,0,319 321
SU,130,SVO,2985,VVO,2934,,0,77W 333
SU,130,SVO,2985,HTA,2935,,0,738
SU,130,SVO,2985,UUD,2938,,0,319
SU,130,SVO,2985,ODS,2947,,0,320 SU9 319
SU,130,SVO,2985,KGD,2952,,0,320
SU,130,SVO,2985,BAX,2956,,0,320 321
SU,130,SVO,2985,KEJ,2957,,0,321
SU,130,SVO,2985,OMS,2958,,0,320
SU,130,SVO,2985,KRR,2960,,0,319 320 738
SU,130,SVO,2985,VOG,2967,,0,320
SU,130,SVO,2985,NJC,2972,,0,321 319 320
SU,130,SVO,2985,SVX,2975,,0,321 320
SU,130,SVO,2985,TAS,2983,,0,321
SU,130,SVO,2985,MIA,3576,,0,332
SU,130,SVO,2985,IAD,3714,,0,763
SU,130,SVO,2985,ICN,3930,,0,333
SU,130,SVO,2985,RIX,3953,,0,320 321
SU,130,SVO,2985,VNO,3959,,0,320
SU,130,SVO,2985,TJM,4111,,0,320 SU9
SU,130,SVO,2985,GOJ,4274,,0,SU9 320
SU,130,SVO,2985,TOF,4297,,0,738
SU,130,SVO,2985,IKA,4330,,0,320
SU,130,SCW,2989,LED,2948,,0,A81
SU,130,KZN,2990,LED,2948,,0,A81
SU,130,UFA,2992,SVO,2985,,0,320 319
SU,130,KUF,2993,LED,2948,,0,319 A81
SU,130,DEL,3093,SVO,2985,,0,332 333
SU,130,SGN,3205,SVO,2985,,0,333
SU,130,PEK,3364,SVO,2985,,0,333 77W
SU,130,CAN,3370,SVO,2985,,0,333 332
SU,130,HRB,3400,UUS,2933,,0,737
SU,130,MIA,3576,SVO,2985,,0,332
SU,130,IAD,3714,SVO,2985,,0,763
SU,130,JFK,3797,SVO,2985,,0,333 77W
SU,130,BKK,3885,SVO,2985,,0,333
SU,130,ICN,3930,KHV,2927,,0,319
SU,130,ICN,3930,UUS,2933,,0,737
SU,130,ICN,3930,SVO,2985,,0,333
SU,130,ATH,3941,SVO,2985,,0,320 321
SU,130,VNO,3959,SVO,2985,,0,320
SU,130,EVN,3964,MRV,2962,,0,319
SU,130,EVN,3964,ROV,2964,,0,319
SU,130,EVN,3964,SVO,2985,,0,321 738 320
SU,130,DME,4029,NCE,1354,,0,320
SU,130,DME,4029,LED,2948,,0,319 320
SU,130,TJM,4111,LED,2948,,0,319
SU,130,GOJ,4274,SVO,2985,,0,320 SU9
SU,130,TOF,4297,SVO,2985,,0,738
SU,130,IKA,4330,SVO,2985,,0,320
SU,130,AAQ,4353,SVO,2985,,0,320 319
SU,130,ARH,4362,LED,2948,,0,A81 319
SU,130,ARH,4362,SVO,2985,Y,0,735
SU,130,KJA,4374,KHV,2927,,0,319
SU,130,KJA,4374,LED,2948,,0,320
SU,130,KJA,4374,SVO,2985,,0,321 77W
SU,130,NMA,6150,LED,2948,,0,320
SU,130,NVI,6485,LED,2948,,0,320
JA,132,CPH,609,SJJ,1646,,0,AT7
JA,132,SJJ,1646,BEG,1739,,0,AT7
JA,132,IST,1701,SJJ,1646,,0,AT7
JA,132,BEG,1739,SJJ,1646,,0,AT7
AF,137,MLH,,ORY,1386,,0,AT7
AF,137,YUL,146,CDG,1382,,0,744 343
AF,137,YUL,146,ATL,3682,Y,0,CR9
AF,137,YYZ,193,CDG,1382,,0,772
AF,137,YYZ,193,ATL,3682,Y,0,CR7
AF,137,ALG,210,MRS,1353,,0,320 319
AF,137,COO,245,CDG,1382,,0,343
AF,137,OUA,246,CDG,1382,,0,343
AF,137,ABV,260,PHC,275,,0,332
AF,137,PHC,275,ABV,260,,0,332
AF,137,ANR,299,LCY,503,Y,0,F50
AF,137,LGG,309,BIA,1321,,0,320
AF,137,LGG,309,AJA,1324,Y,0,320
AF,137,DRS,338,LCY,503,Y,0,AR8
AF,137,FRA,340,CDG,1382,,0,318
AF,137,FRA,340,JFK,3797,Y,0,76W
AF,137,HAM,342,TLS,1273,,0,319
AF,137,DUS,345,CDG,1382,,0,318 320
AF,137,DUS,345,NTE,1418,Y,0,ER4
AF,137,MUC,346,CDG,1382,,0,320 319 318 32A 321
AF,137,TXL,351,CDG,1382,,0,321 319 320 318
AF,137,HAJ,352,CDG,1382,,0,E70 AR8
AF,137,IVL,428,KTT,438,Y,0,319
AF,137,CWL,488,JER,499,Y,0,F50
AF,137,CWL,488,EDI,535,Y,0,F50
AF,137,CWL,488,ORY,1386,Y,0,F50
AF,137,SOU,495,EGC,1265,Y,0,DH4
AF,137,SOU,495,LIG,1270,Y,0,DH4
AF,137,SOU,495,RNS,1415,Y,0,DH4
AF,137,SOU,495,NTE,1418,Y,0,DH4
AF,137,LCY,503,DRS,338,Y,0,AR8
AF,137,LHR,507,CDG,1382,,0,321 320 319
AF,137,LHR,507,SEA,3577,,0,76W
AF,137,LHR,507,JFK,3797,Y,0,76W 764
AF,137,ABZ,532,CDG,1382,,0,E70
AF,137,EDI,535,CWL,488,Y,0,F50
AF,137,EXT,552,EGC,1265,Y,0,DH4
AF,137,EXT,552,CDG,1382,Y,0,DH4
AF,137,EXT,552,RNS,1415,Y,0,DH4
AF,137,AMS,580,LCY,503,Y,0,AR8
AF,137,AMS,580,KGL,1165,Y,0,332
AF,137,AMS,580,NCE,1354,Y,0,73W E90 73H
AF,137,AMS,580,KUL,3304,Y,0,772
AF,137,BLL,608,CDG,1382,,0,E90
AF,137,WAW,679,CDG,1382,,0,321 318 319 320
AF,137,GOT,687,LYS,1335,Y,0,ER4
AF,137,BZV,883,CDG,1382,,0,343
AF,137,MRU,893,ZSE,917,Y,0,AT7
AF,137,DLA,897,SSG,891,,0,772
AF,137,LVI,906,HRE,1005,Y,0,E90
AF,137,LUN,907,AMS,580,Y,0,330
AF,137,LUN,907,NBO,4059,Y,0,763 E90
AF,137,ZSE,917,MRU,893,Y,0,AT7
AF,137,HRE,1005,NBO,4059,Y,0,E90
AF,137,LLW,1016,LUN,907,Y,0,E90
AF,137,BKO,1044,CDG,1382,,0,343
AF,137,DKR,1084,CDG,1382,,0,77W
AF,137,NKC,1094,CDG,1382,,0,332
AF,137,KGL,1165,EBB,1187,Y,0,332 330
AF,137,JRO,1180,DAR,1177,Y,0,332 330
AF,137,LCA,1197,CDG,1382,,0,320
AF,137,ZAG,1208,CDG,1382,,0,AR8
AF,137,BCN,1218,CDG,1382,,0,321 32A 318 320
AF,137,MAD,1229,CDG,1382,,0,321 320 318 32A 319
AF,137,MAD,1229,JFK,3797,Y,0,764
AF,137,AGP,1230,CDG,1382,Y,0,738
AF,137,VGO,1250,CDG,1382,,0,E70
AF,137,BOD,1264,MRS,1353,,0,319 320
AF,137,BOD,1264,ORY,1386,,0,321 319 320
AF,137,BOD,1264,NTE,1418,Y,0,ER4
AF,137,PIS,1268,LYS,1335,Y,0,AT5
AF,137,LIG,1270,SOU,495,Y,0,DH4
AF,137,TLS,1273,HAM,342,,0,319
AF,137,TLS,1273,AMS,580,Y,0,E90
AF,137,TLS,1273,CDG,1382,,0,320 319 321
AF,137,TLS,1273,ORY,1386,,0,320 319 321
AF,137,TLS,1273,SXB,1435,,0,319 320
AF,137,PUF,1274,CDG,1382,,0,E90
AF,137,BVE,1278,LCY,503,Y,0,AR8
AF,137,BIQ,1280,ORY,1386,,0,CRK 319 321 320
AF,137,BIA,1321,LGG,309,,0,320
AF,137,BIA,1321,LYS,1335,Y,0,320
AF,137,BIA,1321,NCE,1354,Y,0,AT7
AF,137,BIA,1321,ORY,1386,,0,321 319
AF,137,BIA,1321,NTE,1418,Y,0,320
AF,137,AJA,1324,LGG,309,,0,320
AF,137,AJA,1324,TLS,1273,Y,0,320
AF,137,AJA,1324,NTE,1418,Y,0,320
AF,137,LYS,1335,TLS,1273,,0,319 320 CRK
AF,137,LYS,1335,BIA,1321,Y,0,320
AF,137,LYS,1335,NCE,1354,,0,320 319
AF,137,LYS,1335,PRG,1587,Y,0,E90 CRK
AF,137,EBU,1350,BIA,1321,Y,0,AT7
AF,137,MRS,1353,TUN,287,,0,319 320
AF,137,MRS,1353,TXL,351,,0,320 319
AF,137,MRS,1353,AMS,580,,0,319
AF,137,MRS,1353,RAK,1075,,0,320
AF,137,MRS,1353,BIQ,1280,,0,320 319
AF,137,MRS,1353,BIA,1321,Y,0,320
AF,137,MRS,1353,LIL,1399,,0,319
AF,137,MRS,1353,RNS,1415,,0,319
AF,137,MRS,1353,NTE,1418,,0,319
AF,137,MRS,1353,VCE,1551,,0,320 319
AF,137,MRS,1353,TLV,1590,,0,320
AF,137,MRS,1353,SVO,2985,,0,320
AF,137,NCE,1354,SOU,495,Y,0,E95
AF,137,NCE,1354,FSC,1323,Y,0,AT7
AF,137,NCE,1354,CDG,1382,,0,320 318 321 319
AF,137,NCE,1354,LIL,1399,,0,319 320
AF,137,NCE,1354,SXB,1435,,0,320 319
AF,137,CDG,1382,YUL,146,,0,744 343
AF,137,CDG,1382,TUN,287,,0,319 320 321
AF,137,CDG,1382,MUC,346,,0,319 318 320 32A 321
AF,137,CDG,1382,NUE,347,,0,E70
AF,137,CDG,1382,NCL,521,,0,AR8
AF,137,CDG,1382,DUB,599,,0,AR8
AF,137,CDG,1382,CPH,609,,0,318 319 320
AF,137,CDG,1382,LUX,629,Y,0,ER4 DH4
AF,137,CDG,1382,OSL,644,,0,E90
AF,137,CDG,1382,WAW,679,,0,318 319 320 321
AF,137,CDG,1382,DLA,897,,0,772
AF,137,CDG,1382,BKO,1044,,0,343
AF,137,CDG,1382,DKR,1084,,0,77W
AF,137,CDG,1382,BCN,1218,,0,321 32A 318 320
AF,137,CDG,1382,MAD,1229,,0,320 321 318 32A 319
AF,137,CDG,1382,AGP,1230,Y,0,738
AF,137,CDG,1382,VGO,1250,,0,E70
AF,137,CDG,1382,BOD,1264,,0,321 320 32A 318
AF,137,CDG,1382,PUF,1274,,0,E90
AF,137,CDG,1382,CLY,1322,,0,320
AF,137,CDG,1382,MRS,1353,,0,32A 319 318 321 320
AF,137,CDG,1382,BES,1403,,0,318 321
AF,137,CDG,1382,RNS,1415,,0,AT7
AF,137,CDG,1382,BSL,1423,,0,AT7
AF,137,CDG,1382,GOA,1528,,0,E70 E90
AF,137,CDG,1382,BLQ,1538,,0,E70 E90
AF,137,CDG,1382,VRN,1550,,0,E70
AF,137,CDG,1382,FCO,1555,,0,320 321 319 32A
AF,137,CDG,1382,LJU,1569,,0,E70
AF,137,CDG,1382,PRG,1587,,0,321 320 32A
AF,137,CDG,1382,TLV,1590,,0,320
AF,137,CDG,1382,OTP,1657,,0,321 320 319
AF,137,CDG,1382,PUJ,1760,,0,744
AF,137,CDG,1382,MEX,1824,,0,744
AF,137,CDG,1382,HAV,1909,,0,77W
AF,137,CDG,1382,JED,2072,Y,0,333
AF,137,CDG,1382,AMM,2170,,0,320
AF,137,CDG,1382,NRT,2279,,0,388 788 77W
AF,137,CDG,1382,GIG,2560,,0,77W 332
AF,137,CDG,1382,BOG,2709,,0,343
AF,137,CDG,1382,BOM,2997,,0,332
AF,137,CDG,1382,DEL,3093,,0,332
AF,137,CDG,1382,BLR,3131,,0,332
AF,137,CDG,1382,KUL,3304,,0,772
AF,137,CDG,1382,PEK,3364,,0,772 77W
AF,137,CDG,1382,WUH,3376,,0,332
AF,137,CDG,1382,BOS,3448,,0,744
AF,137,CDG,1382,LAX,3484,,0,388 772
AF,137,CDG,1382,CVG,3488,Y,0,76W
AF,137,CDG,1382,IAH,3550,,0,77W
AF,137,CDG,1382,SEA,3577,Y,0,332
AF,137,CDG,1382,IAD,3714,,0,388 77W
AF,137,CDG,1382,PHL,3752,Y,0,752
AF,137,CDG,1382,JFK,3797,,0,332 772 388 343
AF,137,CDG,1382,ATH,3941,,0,319 32A 320 321
AF,137,CDG,1382,RIX,3953,Y,0,733 735 73C
AF,137,CDG,1382,EZE,3988,,0,772
AF,137,CDG,1382,NSI,4161,,0,772
AF,137,CDG,1382,CKY,4162,,0,332
AF,137,ORY,1386,MLH,,,0,AT7
AF,137,ORY,1386,SOU,495,Y,0,DH4
AF,137,ORY,1386,TLS,1273,,0,320 319 321
AF,137,ORY,1386,PUF,1274,,0,319 CRK
AF,137,ORY,1386,BIA,1321,,0,321 319
AF,137,ORY,1386,AJA,1324,,0,321 320 319
AF,137,ORY,1386,NCE,1354,,0,320 319 321
AF,137,ORY,1386,TLN,1438,,0,CRK 319 321 320
AF,137,ORY,1386,CAY,2774,,0,343
AF,137,ORY,1386,PMI,3998,Y,0,E90 738
AF,137,LIL,1399,MRS,1353,,0,319
AF,137,BES,1403,MRS,1353,,0,319
AF,137,RNS,1415,MRS,1353,,0,319
AF,137,RNS,1415,CDG,1382,,0,AT7
AF,137,NTE,1418,BRU,302,Y,0,ER4
AF,137,NTE,1418,MAN,478,Y,0,E75 DH4
AF,137,NTE,1418,AMS,580,,0,ER4
AF,137,NTE,1418,AJA,1324,Y,0,320
AF,137,NTE,1418,MRS,1353,,0,319
AF,137,NTE,1418,NCE,1354,,0,320 319
AF,137,NTE,1418,CDG,1382,,0,321 318 319 320
AF,137,NTE,1418,ORY,1386,,0,AT5
AF,137,BSL,1423,CDG,1382,,0,AT7
AF,137,SXB,1435,TLS,1273,,0,319 320
AF,137,SXB,1435,NCE,1354,,0,320 319
AF,137,GOA,1528,CDG,1382,,0,E70 E90
AF,137,LIN,1529,ORY,1386,Y,0,320 32S 319
AF,137,VRN,1550,CDG,1382,,0,E70
AF,137,VCE,1551,TLS,1273,,0,319 320
AF,137,VCE,1551,MRS,1353,,0,320 319
AF,137,VCE,1551,NCE,1354,,0,320
AF,137,VCE,1551,CDG,1382,,0,318 320 319 32A
AF,137,FCO,1555,LCY,503,Y,0,E90
AF,137,FCO,1555,BOD,1264,Y,0,E70 E90 CR7
AF,137,FCO,1555,LYS,1335,,0,CRK
AF,137,FCO,1555,MRS,1353,,0,319
AF,137,FLR,1563,LYS,1335,Y,0,AT5
AF,137,MLA,1606,TLS,1273,,0,320 319
AF,137,VIE,1613,CDG,1382,,0,320 318 319 32A 321
AF,137,ZRH,1678,CDG,1382,,0,318
AF,137,IST,1701,CDG,1382,,0,320 319 321
AF,137,SDQ,1762,CDG,1382,,0,744
AF,137,SDQ,1762,PTP,2881,,0,AT5
AF,137,SJD,1840,ATL,3682,Y,0,73W 738
AF,137,PTY,1871,ATL,3682,Y,0,738
AF,137,SJO,1885,ATL,3682,Y,0,738 757
AF,137,DMM,2064,KWI,2176,Y,0,332 330
AF,137,JED,2072,CDG,1382,Y,0,333
AF,137,RUH,2082,CDG,1382,,0,332
AF,137,KWI,2176,DMM,2064,Y,0,332 330
AF,137,AUH,2179,AMS,580,Y,0,330
AF,137,TPE,2276,MNL,2397,Y,0,777
AF,137,HND,2359,CDG,1382,,0,772 77W
AF,137,BSB,2531,CDG,1382,,0,772
AF,137,MAO,2551,GRU,2564,Y,0,738
AF,137,SCL,2650,CDG,1382,,0,77W 772
AF,137,BOG,2709,CDG,1382,,0,343
AF,137,CCS,2851,CDG,1382,,0,332
AF,137,PTP,2881,ORY,1386,,0,77W
AF,137,PTP,2881,PAP,1897,,0,32A 320
AF,137,PTP,2881,FDF,2878,,0,32A AT5 320
AF,137,SJU,2890,ATL,3682,Y,0,73H 753 757
AF,137,SLU,2893,FDF,2878,,0,AT5
AF,137,SXM,2899,CDG,1382,,0,343
AF,137,LED,2948,CDG,1382,,0,319 320 321
AF,137,HAN,3199,CDG,1382,Y,0,777
AF,137,SGN,3205,CDG,1382,,0,772
AF,137,KUL,3304,CGK,3275,Y,0,777
AF,137,CAN,3370,WUH,3376,Y,0,738
AF,137,CAN,3370,SHE,4144,Y,0,320
AF,137,WUH,3376,CDG,1382,,0,332
AF,137,WUH,3376,ENH,6358,Y,0,738
AF,137,PVG,3406,CDG,1382,,0,772 77W 388
AF,137,BOS,3448,LHR,507,Y,0,764
AF,137,BOS,3448,ATL,3682,Y,0,757 M90 M88
AF,137,ICT,3457,ATL,3682,Y,0,CR7 CR9
AF,137,MSN,3459,ATL,3682,Y,0,CR7 320 CR9
AF,137,PHX,3462,ATL,3682,Y,0,757 739
AF,137,SFO,3469,ATL,3682,Y,0,763 739 757
AF,137,SFO,3469,HNL,3728,Y,0,753
AF,137,LAX,3484,ATL,3682,Y,0,763 757 76W
AF,137,CVG,3488,ATL,3682,Y,0,M88 738 320 319
AF,137,LFT,3493,ATL,3682,Y,0,CRJ
AF,137,EWR,3494,CDG,1382,Y,0,76W
AF,137,SLC,3536,CDG,1382,Y,0,332
AF,137,IAH,3550,CDG,1382,,0,77W
AF,137,IAH,3550,ATL,3682,Y,0,M88 717 319
AF,137,PIT,3570,ATL,3682,Y,0,M88 CR9 717
AF,137,MIA,3576,CDG,1382,,0,77W
AF,137,MIA,3576,PAP,1897,,0,320
AF,137,MIA,3576,ATL,3682,Y,0,M88 757 M90 73H
AF,137,SEA,3577,CDG,1382,Y,0,332
AF,137,SEA,3577,ATL,3682,Y,0,739 76W 757
AF,137,SEA,3577,HNL,3728,Y,0,753
AF,137,JAN,3580,ATL,3682,Y,0,717 CR9
AF,137,IND,3585,ATL,3682,Y,0,M88 320 M90
AF,137,RDU,3626,ATL,3682,Y,0,752 M88 M90 739
AF,137,TUS,3636,ATL,3682,Y,0,M90
AF,137,PVD,3641,ATL,3682,Y,0,M88
AF,137,DTW,3645,FRA,340,Y,0,764
AF,137,DTW,3645,CDG,1382,,0,343
AF,137,TPA,3646,ATL,3682,Y,0,757 739
AF,137,GRB,3653,ATL,3682,Y,0,CR9
AF,137,AGS,3658,ATL,3682,Y,0,CRJ 717
AF,137,AUS,3673,ATL,3682,Y,0,M90 M88
AF,137,ATL,3682,YYZ,193,Y,0,CR9
AF,137,ATL,3682,DUS,345,Y,0,76W
AF,137,ATL,3682,MUC,346,Y,0,764
AF,137,ATL,3682,MTY,1825,Y,0,CR9
AF,137,ATL,3682,PTY,1871,Y,0,738
AF,137,ATL,3682,ICT,3457,Y,0,CR9 M88
AF,137,ATL,3682,MCI,3458,Y,0,M88 M90 757
AF,137,ATL,3682,MSN,3459,Y,0,320 73W CR9
AF,137,ATL,3682,PHX,3462,Y,0,757 73H 739 738
AF,137,ATL,3682,SFO,3469,Y,0,763 739 757
AF,137,ATL,3682,GNV,3472,Y,0,CR9 717 CR7
AF,137,ATL,3682,CLE,3486,Y,0,717 CR9
AF,137,ATL,3682,CVG,3488,Y,0,738 M88 319
AF,137,ATL,3682,LFT,3493,Y,0,CRJ
AF,137,ATL,3682,EWR,3494,Y,0,717
AF,137,ATL,3682,DAL,3502,Y,0,CRJ
AF,137,ATL,3682,DCA,3520,Y,0,M88 M90 320
AF,137,ATL,3682,FLL,3533,Y,0,757 M90
AF,137,ATL,3682,IAH,3550,Y,0,M88 717 320 319
AF,137,ATL,3682,CAE,3561,Y,0,M88 CRJ 319 717
AF,137,ATL,3682,SEA,3577,Y,0,757 763 739
AF,137,ATL,3682,JAN,3580,Y,0,717 CR9 M88 CRJ
AF,137,ATL,3682,IND,3585,Y,0,320 M88 M90
AF,137,ATL,3682,HPN,3589,Y,0,CR7
AF,137,ATL,3682,SAV,3613,Y,0,717 M88 319
AF,137,ATL,3682,ROC,3622,Y,0,M90 M88
AF,137,ATL,3682,RDU,3626,Y,0,M88 739 320
AF,137,ATL,3682,DAY,3627,Y,0,M88
AF,137,ATL,3682,PVD,3641,Y,0,M88
AF,137,ATL,3682,TPA,3646,Y,0,739 757
AF,137,ATL,3682,LIT,3660,Y,0,M88
AF,137,ATL,3682,DFW,3670,Y,0,M88 319
AF,137,ATL,3682,AUS,3673,Y,0,M90 M88
AF,137,ATL,3682,IAD,3714,Y,0,320 M88
AF,137,ATL,3682,MKE,3717,Y,0,M90 M88
AF,137,ATL,3682,PBI,3722,Y,0,M90 757
AF,137,ATL,3682,EWN,3730,Y,0,CRJ
AF,137,ATL,3682,SYR,3745,Y,0,CR9 M88
AF,137,ATL,3682,JFK,3797,Y,0,319 752 M88 738
AF,137,ATL,3682,BHM,3811,Y,0,M88
AF,137,ATL,3682,SMF,3817,Y,0,757
AF,137,ATL,3682,BUF,3820,Y,0,M90 M88
AF,137,ATL,3682,BWI,3849,Y,0,M90 757 320
AF,137,ATL,3682,MSP,3858,Y,0,320 M90 757
AF,137,ATL,3682,PWM,3862,Y,0,M88
AF,137,ATL,3682,OKC,3863,Y,0,CR9 M88
AF,137,ATL,3682,SNA,3867,Y,0,757
AF,137,ATL,3682,VPS,3873,Y,0,319 M88 717
AF,137,ATL,3682,AVL,4007,Y,0,CRJ M88
AF,137,ATL,3682,GSO,4008,Y,0,M88 320 319
AF,137,ATL,3682,SDF,4014,Y,0,M88 M90
AF,137,ATL,3682,CHO,4015,Y,0,CRJ
AF,137,ATL,3682,EVV,4018,Y,0,CRJ
AF,137,ATL,3682,BMI,4037,Y,0,CR7 CR9
AF,137,ATL,3682,FWA,4041,Y,0,CRJ
AF,137,ATL,3682,ATW,4047,Y,0,CR9
AF,137,ATL,3682,MLI,4072,Y,0,CR9 CR7
AF,137,ATL,3682,SGF,4348,Y,0,CRJ CR9
AF,137,ATL,3682,XNA,4356,Y,0,CRJ CR9 717 CR7
AF,137,ATL,3682,SBN,4359,Y,0,CRJ
AF,137,ATL,3682,ABY,5715,Y,0,CRJ
AF,137,ATL,3682,BQK,5725,Y,0,CRJ
AF,137,ATL,3682,FAY,5738,Y,0,CRJ 73W
AF,137,ATL,3682,VLD,5776,Y,0,CRJ
AF,137,JAX,3712,ATL,3682,Y,0,757
AF,137,IAD,3714,ATL,3682,Y,0,320 M88 319
AF,137,MKE,3717,ATL,3682,Y,0,M88 M90
AF,137,PBI,3722,ATL,3682,Y,0,M90 757
AF,137,EWN,3730,ATL,3682,Y,0,CRJ
AF,137,MDW,3747,ATL,3682,Y,0,320 319 717
AF,137,JFK,3797,BCN,1218,Y,0,333
AF,137,JFK,3797,ATL,3682,Y,0,319 738 752
AF,137,SMF,3817,ATL,3682,Y,0,757
AF,137,ORD,3830,CDG,1382,,0,332
AF,137,BTR,3846,ATL,3682,Y,0,CR9 CRJ CR7
AF,137,TUL,3855,ATL,3682,Y,0,CR7 CR9
AF,137,MSP,3858,CDG,1382,Y,0,332
AF,137,MSP,3858,SFO,3469,Y,0,753
AF,137,MSP,3858,SEA,3577,Y,0,753
AF,137,MSP,3858,ATL,3682,Y,0,320 757 M88
AF,137,MSP,3858,MSY,3861,Y,0,E75 CR9
AF,137,MSY,3861,DTW,3645,Y,0,319 CR7
AF,137,OKC,3863,ATL,3682,Y,0,M88 CR9
AF,137,BKK,3885,LPQ,3115,Y,0,AT7
AF,137,BKK,3885,CNX,3931,Y,0,320
AF,137,CNX,3931,BKK,3885,Y,0,320
AF,137,ATH,3941,TLS,1273,,0,320
AF,137,EVN,3964,CDG,1382,,0,320
AF,137,KIX,3992,CDG,1382,,0,772 77W
AF,137,PMI,3998,ORY,1386,Y,0,E90 738
AF,137,AVL,4007,ATL,3682,Y,0,CR7 CRJ
AF,137,ROA,4016,ATL,3682,Y,0,CRJ
AF,137,LEX,4017,ATL,3682,Y,0,CRJ CR9
AF,137,GSP,4034,ATL,3682,Y,0,M88 CR7 319 717 CRJ
AF,137,BMI,4037,ATL,3682,Y,0,CR7 CR9
AF,137,CID,4043,ATL,3682,Y,0,CR9 CRJ
AF,137,ATW,4047,ATL,3682,Y,0,CR7
AF,137,NBO,4059,DZA,915,Y,0,73W
AF,137,NBO,4059,HRE,1005,Y,0,763
AF,137,NBO,4059,KGL,1165,Y,0,E70
AF,137,NBO,4059,CDG,1382,Y,0,763
AF,137,MLI,4072,ATL,3682,Y,0,CR9
AF,137,PPT,4075,LAX,3484,,0,772
AF,137,LXA,4097,CKG,3393,Y,0,319
AF,137,TRI,4116,ATL,3682,Y,0,CRJ
AF,137,NSI,4161,CDG,1382,,0,772
AF,137,CSG,4255,ATL,3682,Y,0,CRJ
AF,137,GTR,4273,ATL,3682,Y,0,CRJ
AF,137,SGF,4348,ATL,3682,Y,0,CRJ
AF,137,SBN,4359,ATL,3682,Y,0,CRJ
AF,137,ECP,7669,ATL,3682,Y,0,717 M88 CR9
AF,137,NBS,8826,SHE,4144,Y,0,320
AF,137,DOH,11051,MCT,2194,Y,0,330
SB,139,NAN,1960,WLS,1968,,0,320
SB,139,WLS,1968,NOU,2005,,0,320
SB,139,WLS,1968,FUT,5885,,0,DHT
SB,139,NOU,2005,WLS,1968,,0,320
SB,139,NOU,2005,KIX,3992,,0,332
SB,139,NOU,2005,PPT,4075,,0,332
SB,139,NRT,2279,NOU,2005,,0,332
SB,139,KIX,3992,NOU,2005,,0,332
2O,146,ADQ,3531,KKB,7168,,0,BNI
2O,146,KLN,7162,KYK,7161,,0,BNI
2O,146,KKB,7168,SYB,7173,,0,BNI
SW,153,FRA,340,WDH,4105,,0,332
SW,153,MUB,880,VFA,1004,,0,ER3
SW,153,MUB,880,WDH,4105,,0,ER3
SW,153,LAD,951,WDH,4105,,0,319
SW,153,VFA,1004,WDH,4105,,0,ER3
SW,153,HRE,1005,WDH,4105,,0,ER3
SW,153,WDH,4105,ACC,248,,0,319
SW,153,WDH,4105,JNB,813,,0,319 ER3
SW,153,WDH,4105,LUN,907,,0,ER3
SW,153,WDH,4105,LAD,951,,0,319
SW,153,WDH,4105,HRE,1005,,0,ER3
SW,153,ERS,5645,MPA,6779,,0,ER3
SW,153,ERS,5645,NDU,7634,,0,ER3
SW,153,WVB,6778,WDH,4105,,0,ER3
PL,179,RCY,,NAS,1953,,0,ATP
PL,179,GHB,1944,NAS,1953,,0,ATP
PL,179,NAS,1953,RCY,,,0,ATP
PL,179,NAS,1953,RSD,1946,,0,ATP
PL,179,NAS,1953,SML,1951,,0,ATP
PL,179,ATC,5857,NAS,1953,,0,ATP
J2,197,FRA,340,GYD,2922,Y,0,333 343
J2,197,LHR,507,GYD,2922,,0,767
J2,197,CDG,1382,GYD,2922,,0,320
J2,197,FCO,1555,GYD,2922,,0,319
J2,197,PRG,1587,GYD,2922,,0,320
J2,197,VIE,1613,GYD,2922,,0,320
J2,197,ESB,1682,GYD,2922,,0,320 319
J2,197,GYD,2922,MXP,1524,,0,320
J2,197,GYD,2922,FCO,1555,,0,319
J2,197,GYD,2922,VIE,1613,,0,320
J2,197,GYD,2922,TBZ,2162,,0,E70 E90
J2,197,GYD,2922,KBP,2939,,0,737 320 319
J2,197,GYD,2922,LED,2948,,0,320 757
J2,197,GYD,2922,SVX,2975,,0,320
J2,197,GYD,2922,RIX,3953,,0,735
J2,197,GYD,2922,TBS,3973,,0,E70 E90
J2,197,GYD,2922,OVB,4078,,0,757
J2,197,LED,2948,GYD,2922,,0,320 757
J2,197,MRV,2962,GYD,2922,,0,E70 E90
J2,197,PEK,3364,GYD,2922,,0,340
J2,197,KVD,6089,LED,2948,,0,757
J2,197,DOH,11051,GYD,2922,Y,0,320
AB,214,DRS,338,DUS,345,,0,DH4 319 73G
AB,214,DRS,338,HER,1452,,0,738
AB,214,FRA,340,HEL,421,Y,0,E90
AB,214,FRA,340,ALC,1212,,0,320
AB,214,FRA,340,IBZ,1225,,0,320
AB,214,FRA,340,BEG,1739,,0,319
AB,214,FRA,340,AMM,2170,Y,0,319
AB,214,FRA,340,PMI,3998,,0,320 321 332
AB,214,FMO,341,IBZ,1225,,0,738
AB,214,FMO,341,PMI,3998,,0,738 320
AB,214,HAM,342,NUE,347,,0,DH4
AB,214,HAM,342,HEL,421,Y,0,E90 319 E70
AB,214,HAM,342,LPA,1054,,0,320
AB,214,HAM,342,ACE,1055,,0,320
AB,214,HAM,342,ALC,1212,,0,320
AB,214,HAM,342,IBZ,1225,,0,320 738
AB,214,HAM,342,HER,1452,,0,320
AB,214,HAM,342,KGS,1458,,0,738
AB,214,HAM,342,CFU,1460,,0,320
AB,214,HAM,342,SKG,1486,,0,320
AB,214,HAM,342,OLB,1520,,0,320
AB,214,HAM,342,SZG,1612,,0,320 319
AB,214,HAM,342,FAO,1626,,0,320
AB,214,HAM,342,RIX,3953,Y,0,DH4 735 73C
AB,214,CGN,344,MUC,346,,0,73G
AB,214,CGN,344,FUE,1051,,0,738
AB,214,CGN,344,TFS,1056,,0,738
AB,214,CGN,344,HRG,1130,,0,738
AB,214,CGN,344,AGP,1230,,0,738
AB,214,CGN,344,CFU,1460,,0,738
AB,214,CGN,344,PMI,3998,,0,332 738 320
AB,214,DUS,345,DRS,338,,0,DH4 319 73G
AB,214,DUS,345,HAM,342,,0,320 319 DH4 738
AB,214,DUS,345,MUC,346,,0,320 738 319 321 DH4
AB,214,DUS,345,STR,350,,0,DH4
AB,214,DUS,345,TXL,351,,0,738 319 320 73G 321 DH4
AB,214,DUS,345,HEL,421,Y,0,E90
AB,214,DUS,345,FUE,1051,,0,738 332 321
AB,214,DUS,345,SPC,1053,,0,321
AB,214,DUS,345,LPA,1054,,0,332
AB,214,DUS,345,TFS,1056,,0,332 738 321
AB,214,DUS,345,ALC,1212,,0,321 332
AB,214,DUS,345,NCE,1354,,0,319 320 738
AB,214,DUS,345,HER,1452,,0,738 321 320
AB,214,DUS,345,KVA,1462,,0,738
AB,214,DUS,345,MJT,1469,,0,738
AB,214,DUS,345,SKG,1486,,0,321
AB,214,DUS,345,CTA,1509,,0,321 738 320
AB,214,DUS,345,CAG,1519,,0,738
AB,214,DUS,345,MXP,1524,,0,73G 738 320
AB,214,DUS,345,VCE,1551,,0,738 320 321
AB,214,DUS,345,AYT,1688,,0,321 320
AB,214,DUS,345,BEG,1739,,0,319
AB,214,DUS,345,CUN,1852,,0,332
AB,214,DUS,345,VRA,1923,,0,332
AB,214,DUS,345,RSW,3793,,0,332
AB,214,DUS,345,JFK,3797,,0,332
AB,214,DUS,345,RIX,3953,Y,0,DH4
AB,214,DUS,345,RMF,4197,,0,321
AB,214,MUC,346,HAM,342,,0,320 738 73G
AB,214,MUC,346,LHR,507,Y,0,321 320 319
AB,214,MUC,346,LPA,1054,,0,738
AB,214,MUC,346,AGP,1230,,0,738 320
AB,214,MUC,346,AOK,1459,,0,320
AB,214,MUC,346,CFU,1460,,0,321 320
AB,214,MUC,346,KVA,1462,,0,738
AB,214,MUC,346,MJT,1469,,0,320
AB,214,MUC,346,PVK,1470,,0,320
AB,214,MUC,346,RHO,1472,,0,738
AB,214,MUC,346,SMI,1476,,0,320
AB,214,MUC,346,BDS,1506,,0,73G 738
AB,214,MUC,346,TLV,1590,,0,320
AB,214,MUC,346,AMM,2170,Y,0,319
AB,214,MUC,346,RIX,3953,Y,0,73C DH4 735
AB,214,MUC,346,PMI,3998,,0,738 321 320
AB,214,MUC,346,SAW,4317,,0,738 320
AB,214,MUC,346,NBE,7447,,0,320
AB,214,NUE,347,DJE,293,,0,738
AB,214,NUE,347,HAM,342,,0,DH4
AB,214,NUE,347,TXL,351,,0,DH4 319
AB,214,NUE,347,FUE,1051,,0,738
AB,214,NUE,347,TFS,1056,,0,738
AB,214,NUE,347,IBZ,1225,,0,738
AB,214,NUE,347,SKG,1486,,0,738
AB,214,LEJ,348,FUE,1051,,0,738
AB,214,LEJ,348,TFS,1056,,0,738
AB,214,LEJ,348,PMI,3998,,0,738 320
AB,214,SCN,349,TXL,351,,0,73G 320
AB,214,STR,350,HAM,342,,0,320 738
AB,214,STR,350,JER,499,,0,DH4
AB,214,STR,350,LHR,507,Y,0,319 321 320
AB,214,STR,350,ALC,1212,,0,320 738
AB,214,STR,350,IBZ,1225,,0,738 320
AB,214,STR,350,CTA,1509,,0,738 320
AB,214,STR,350,OLB,1520,,0,320 738 73G
AB,214,STR,350,FLR,1563,,0,DH4
AB,214,TXL,351,MUC,346,,0,321 738 320 319 73G
AB,214,TXL,351,NUE,347,,0,319 DH4
AB,214,TXL,351,GWT,410,,0,DH4
AB,214,TXL,351,HEL,421,,0,738 73G
AB,214,TXL,351,OSL,644,,0,319
AB,214,TXL,351,KRK,669,,0,319 DH4 73G
AB,214,TXL,351,GOT,687,,0,73G
AB,214,TXL,351,HRG,1130,,0,321
AB,214,TXL,351,MAD,1229,,0,738 320
AB,214,TXL,351,MAH,1231,,0,738
AB,214,TXL,351,ORY,1386,,0,738 320 319
AB,214,TXL,351,SKG,1486,,0,319
AB,214,TXL,351,NAP,1561,,0,320 73G
AB,214,TXL,351,TLV,1590,,0,321 738 320
AB,214,TXL,351,GRZ,1609,,0,319
AB,214,TXL,351,SZG,1612,,0,319
AB,214,TXL,351,FAO,1626,,0,321 320
AB,214,TXL,351,ZRH,1678,,0,738 319 321 320 73G
AB,214,TXL,351,AUH,2179,,0,332
AB,214,TXL,351,MIA,3576,,0,332
AB,214,TXL,351,DME,4029,,0,738
AB,214,HAJ,352,VIE,1613,,0,320 E90
AB,214,FDH,382,PMI,3998,,0,320
AB,214,GWT,410,DUS,345,,0,DH4 319 738 320
AB,214,GWT,410,MUC,346,,0,DH4 73G
AB,214,GWT,410,TXL,351,,0,DH4
AB,214,HEL,421,FRA,340,Y,0,E90
AB,214,HEL,421,DUS,345,Y,0,E90
AB,214,JER,499,FRA,340,,0,DH4
AB,214,JER,499,DUS,345,,0,73G
AB,214,JER,499,HAJ,352,,0,DH4
AB,214,LGW,502,SZG,1612,Y,0,734
AB,214,LCY,503,ZRH,1678,Y,0,E90 E70
AB,214,LHR,507,VIE,1613,Y,0,320
AB,214,LHR,507,ZRH,1678,Y,0,319 320 321
AB,214,STN,548,DUS,345,,0,DH4
AB,214,CPH,609,TXL,351,,0,738 319 73G
AB,214,KRK,669,TXL,351,,0,DH4 319 73G
AB,214,GOT,687,TXL,351,,0,73G
AB,214,FUE,1051,CGN,344,,0,738
AB,214,FUE,1051,SZG,1612,,0,320
AB,214,SPC,1053,DUS,345,,0,321
AB,214,LPA,1054,MUC,346,,0,738
AB,214,LPA,1054,TXL,351,,0,321 320
AB,214,LPA,1054,SZG,1612,,0,320
AB,214,TFS,1056,HAM,342,,0,320
AB,214,TFS,1056,DUS,345,,0,332 738 321
AB,214,TFS,1056,LEJ,348,,0,738
AB,214,TFS,1056,GRZ,1609,,0,320
AB,214,TFS,1056,SZG,1612,,0,320
AB,214,TFS,1056,VIE,1613,,0,320
AB,214,HRG,1130,DUS,345,,0,738 332
AB,214,HRG,1130,LEJ,348,,0,738
AB,214,LCA,1197,VIE,1613,,0,320
AB,214,BCN,1218,DUS,345,,0,738 321
AB,214,BCN,1218,VIE,1613,Y,0,320 321
AB,214,IBZ,1225,FMO,341,,0,738
AB,214,IBZ,1225,CGN,344,,0,738
AB,214,IBZ,1225,DUS,345,,0,321 738 332
AB,214,IBZ,1225,STR,350,,0,738 320
AB,214,IBZ,1225,PAD,371,,0,738
AB,214,IBZ,1225,FDH,382,,0,320
AB,214,MAD,1229,FRA,340,Y,0,32A
AB,214,MAD,1229,MUC,346,Y,0,319 320 321
AB,214,MAD,1229,VIE,1613,,0,320 321
AB,214,AGP,1230,VIE,1613,Y,0,321 320
AB,214,AGP,1230,PMI,3998,,0,320 321
AB,214,MAH,1231,CGN,344,,0,738
AB,214,MAH,1231,DUS,345,,0,738
AB,214,MAH,1231,MUC,346,,0,738
AB,214,MAH,1231,TXL,351,,0,738
AB,214,VLC,1246,VIE,1613,Y,0,320
AB,214,ORY,1386,TXL,351,,0,738 320 319
AB,214,BSL,1423,LHR,507,Y,0,319 320 321
AB,214,BSL,1423,PMI,3998,,0,320 738
AB,214,HER,1452,DRS,338,,0,738
AB,214,HER,1452,MUC,346,,0,738 320
AB,214,HER,1452,LEJ,348,,0,738
AB,214,HER,1452,TXL,351,,0,738 321
AB,214,HER,1452,GRZ,1609,,0,320
AB,214,HER,1452,LNZ,1611,,0,321
AB,214,HER,1452,SZG,1612,,0,321
AB,214,HER,1452,VIE,1613,,0,320 321
AB,214,KLX,1456,VIE,1613,,0,320 E90
AB,214,KGS,1458,CGN,344,,0,738 73G
AB,214,KGS,1458,DUS,345,,0,738 321
AB,214,CFU,1460,FRA,340,,0,320
AB,214,CFU,1460,FMO,341,,0,738
AB,214,CFU,1460,DUS,345,,0,321 738
AB,214,CFU,1460,MUC,346,,0,320
AB,214,KVA,1462,DUS,345,,0,738
AB,214,JMK,1468,VIE,1613,,0,320 321
AB,214,MJT,1469,DUS,345,,0,738
AB,214,PVK,1470,MUC,346,,0,320
AB,214,PVK,1470,VIE,1613,,0,E90
AB,214,RHO,1472,DRS,338,,0,738
AB,214,RHO,1472,DUS,345,,0,738
AB,214,RHO,1472,TXL,351,,0,320
AB,214,RHO,1472,VIE,1613,,0,320 E90
AB,214,CHQ,1474,VIE,1613,,0,320
AB,214,SMI,1476,NUE,347,,0,738
AB,214,SKG,1486,DUS,345,,0,321
AB,214,SKG,1486,MUC,346,,0,738
AB,214,SKG,1486,STR,350,,0,738
AB,214,SKG,1486,VIE,1613,,0,E90
AB,214,ZTH,1488,DUS,345,,0,738
AB,214,BDS,1506,MUC,346,,0,321 73G 738
AB,214,SUF,1508,ZRH,1678,,0,320
AB,214,CAG,1519,DUS,345,,0,738
AB,214,CAG,1519,MUC,346,,0,320 738
AB,214,OLB,1520,DUS,345,,0,738 319
AB,214,OLB,1520,STR,350,,0,320 738 73G
AB,214,MXP,1524,TXL,351,,0,738 73G 320
AB,214,VCE,1551,STR,350,,0,320 73G
AB,214,VCE,1551,TXL,351,,0,320 738 73G
AB,214,NAP,1561,DUS,345,,0,738 320
AB,214,NAP,1561,STR,350,,0,320 738
AB,214,NAP,1561,ZRH,1678,,0,320
AB,214,FLR,1563,VIE,1613,Y,0,DH4
AB,214,TLV,1590,TXL,351,,0,320 321 738
AB,214,INN,1610,PMI,3998,Y,0,320
AB,214,LNZ,1611,PMI,3998,Y,0,320
AB,214,SZG,1612,TXL,351,,0,319
AB,214,SZG,1612,ACE,1055,,0,320
AB,214,SZG,1612,VIE,1613,,0,320
AB,214,VIE,1613,FRA,340,Y,0,E90 320
AB,214,VIE,1613,MUC,346,Y,0,E90
AB,214,VIE,1613,LHR,507,Y,0,320
AB,214,VIE,1613,CPH,609,Y,0,E90
AB,214,VIE,1613,LPA,1054,,0,320
AB,214,VIE,1613,LCA,1197,,0,320
AB,214,VIE,1613,BCN,1218,Y,0,320 321
AB,214,VIE,1613,MAD,1229,,0,320 321
AB,214,VIE,1613,AGP,1230,Y,0,321 320
AB,214,VIE,1613,CDG,1382,Y,0,320
AB,214,VIE,1613,VOL,1448,,0,320
AB,214,VIE,1613,KLX,1456,,0,320 E90
AB,214,VIE,1613,CFU,1460,,0,320
AB,214,VIE,1613,RHO,1472,,0,320 E90
AB,214,VIE,1613,CHQ,1474,,0,320
AB,214,VIE,1613,JTR,1479,,0,321 320 E90
AB,214,VIE,1613,FCO,1555,,0,E90
AB,214,VIE,1613,AMM,2170,Y,0,320 319
AB,214,FAO,1626,MUC,346,,0,738
AB,214,FAO,1626,TXL,351,,0,321 320
AB,214,FAO,1626,PMI,3998,,0,738 320
AB,214,GVA,1665,MAD,1229,Y,0,320 319
AB,214,ZRH,1678,HEL,421,,0,319
AB,214,ZRH,1678,LCY,503,Y,0,E90 E70
AB,214,ZRH,1678,LHR,507,Y,0,320 319 321
AB,214,ZRH,1678,FUE,1051,,0,320
AB,214,ZRH,1678,LPA,1054,,0,320
AB,214,ZRH,1678,TFS,1056,,0,320
AB,214,ZRH,1678,ALC,1212,,0,320 321
AB,214,ZRH,1678,CTA,1509,,0,320 319
AB,214,ZRH,1678,NAP,1561,,0,320
AB,214,ZRH,1678,VIE,1613,Y,0,321 E90 320
AB,214,AYT,1688,FMO,341,,0,738
AB,214,AYT,1688,DUS,345,,0,321 320
AB,214,AYT,1688,MUC,346,,0,321
AB,214,AYT,1688,NUE,347,,0,738
AB,214,AYT,1688,STR,350,,0,738 320
AB,214,BEG,1739,STR,350,,0,733 319
AB,214,BEG,1739,TXL,351,,0,319
AB,214,PUJ,1760,DUS,345,,0,332
AB,214,PUJ,1760,MUC,346,,0,332
AB,214,POP,1761,DUS,345,,0,332
AB,214,AMM,2170,TXL,351,Y,0,320 319
AB,214,AUH,2179,FRA,340,Y,0,332 333
AB,214,AUH,2179,MUC,346,Y,0,346 345 333
AB,214,AUH,2179,TXL,351,,0,332
AB,214,AUH,2179,SIN,3316,Y,0,332
AB,214,AUH,2179,PEK,3364,Y,0,332
AB,214,SIN,3316,BNE,3320,Y,0,332
AB,214,BNE,3320,SIN,3316,Y,0,332
AB,214,PEK,3364,NGO,3942,Y,0,332
AB,214,LAX,3484,DUS,345,,0,332
AB,214,MIA,3576,TXL,351,,0,332
AB,214,RSW,3793,DUS,345,,0,332
AB,214,BKK,3885,CNX,3931,Y,0,319
AB,214,RIX,3953,MUC,346,Y,0,73C DH4 735
AB,214,PMI,3998,FRA,340,,0,321 320 332
AB,214,PMI,3998,FMO,341,,0,738 320
AB,214,PMI,3998,NUE,347,,0,738
AB,214,PMI,3998,HAJ,352,,0,321 738
AB,214,PMI,3998,IBZ,1225,,0,320 738
AB,214,PMI,3998,BSL,1423,,0,320 738
AB,214,PMI,3998,ZRH,1678,,0,738 320 332 321
AB,214,DME,4029,FRA,340,Y,0,319
AB,214,FKB,4166,PMI,3998,,0,320 321 73G
AB,214,RMF,4197,DUS,345,,0,321
AB,214,SAW,4317,SXF,337,,0,738
AB,214,SAW,4317,CGN,344,,0,738
AB,214,SAW,4317,DUS,345,,0,738
AB,214,SAW,4317,MUC,346,,0,738 320
AB,214,NBE,7447,DRS,338,,0,738
AB,214,NBE,7447,DUS,345,,0,738
AB,214,NBE,7447,MUC,346,,0,320
AB,214,NBE,7447,NUE,347,,0,738
AI,218,HYD,,JED,2072,,0,744
AI,218,HYD,,SHJ,2191,,0,321
AI,218,HYD,,VTZ,3066,,0,321
AI,218,HYD,,BLR,3131,,0,319
AI,218,HYD,,VGA,3134,,0,319
AI,218,HYD,,MAA,3144,,0,320
AI,218,HYD,,TIR,3151,,0,321
AI,218,FRA,340,MAA,3144,Y,0,343
AI,218,MUC,346,BOM,2997,Y,0,333
AI,218,LHR,507,JFK,3797,Y,0,772
AI,218,MRU,893,BOM,2997,Y,0,332
AI,218,MRU,893,BLR,3131,Y,0,332
AI,218,ADD,1107,DEL,3093,Y,0,763
AI,218,CAI,1128,BOM,2997,Y,0,738
AI,218,IST,1701,BOM,2997,Y,0,330
AI,218,IST,1701,DEL,3093,Y,0,330
AI,218,DMM,2064,DEL,3093,,0,320
AI,218,JED,2072,HYD,,,0,744
AI,218,JED,2072,BOM,2997,,0,77W
AI,218,RUH,2082,DEL,3093,,0,77W 77L
AI,218,RUH,2082,TRV,3153,,0,77W
AI,218,AUH,2179,BOM,2997,,0,319
AI,218,AUH,2179,DEL,3093,,0,319
AI,218,DXB,2188,BOM,2997,,0,321
AI,218,DXB,2188,DEL,3093,,0,788
AI,218,SHJ,2191,HYD,,,0,321
AI,218,SHJ,2191,COK,3136,,0,320
AI,218,SHJ,2191,CCJ,3137,,0,321
AI,218,MCT,2194,DEL,3093,,0,320
AI,218,IXU,2996,DEL,3093,,0,319
AI,218,BOM,2997,FRA,340,Y,0,744
AI,218,BOM,2997,JNB,813,Y,0,332
AI,218,BOM,2997,MRU,893,Y,0,332
AI,218,BOM,2997,ADD,1107,Y,0,763
AI,218,BOM,2997,JED,2072,,0,77W
AI,218,BOM,2997,RUH,2082,,0,77W
AI,218,BOM,2997,AUH,2179,,0,319
AI,218,BOM,2997,AMD,2994,,0,321 320 77W
AI,218,BOM,2997,BHO,3002,,0,321
AI,218,BOM,2997,GOI,3007,,0,321
AI,218,BOM,2997,UDR,3023,,0,319
AI,218,BOM,2997,CMB,3024,Y,0,320
AI,218,BOM,2997,BBI,3042,,0,319
AI,218,BOM,2997,DEL,3093,,0,321 319 77W 788
AI,218,BOM,2997,JDH,3097,,0,319
AI,218,BOM,2997,COK,3136,,0,319
AI,218,BOM,2997,MAA,3144,,0,319 332
AI,218,BOM,2997,EWR,3494,,0,77W
AI,218,BDQ,3001,DEL,3093,,0,320
AI,218,GOI,3007,KWI,2176,,0,320
AI,218,GOI,3007,BLR,3131,,0,319
AI,218,JGA,3010,BOM,2997,,0,319
AI,218,HJR,3012,VNS,3084,,0,320
AI,218,NAG,3015,BOM,2997,,0,319
AI,218,NAG,3015,RPR,3020,,0,319
AI,218,RAJ,3019,BOM,2997,,0,319
AI,218,STV,3022,DEL,3093,,0,CR7
AI,218,UDR,3023,DEL,3093,,0,319
AI,218,CMB,3024,DEL,3093,Y,0,320
AI,218,IXA,3038,CCU,3043,,0,319
AI,218,BBI,3042,DEL,3093,,0,319 320
AI,218,BBI,3042,IXZ,3146,,0,CR7
AI,218,CCU,3043,BOM,2997,,0,319
AI,218,CCU,3043,AJL,3039,,0,319
AI,218,CCU,3043,IXB,3040,,0,319 320
AI,218,CCU,3043,IXS,3055,,0,ATR 319 320
AI,218,CCU,3043,DIB,3057,,0,320
AI,218,CCU,3043,KTM,3125,,0,319
AI,218,CCU,3043,BLR,3131,,0,319
AI,218,CCU,3043,MAA,3144,,0,320
AI,218,CCU,3043,RGN,3239,,0,320
AI,218,CCU,3043,SHL,6172,,0,ATR
AI,218,IMF,3050,AJL,3039,,0,319
AI,218,IMF,3050,IXS,3055,,0,ATR
AI,218,IXS,3055,CCU,3043,,0,ATR 319 320
AI,218,DIB,3057,DMU,6174,,0,320
AI,218,VTZ,3066,HYD,,,0,321
AI,218,VTZ,3066,BOM,2997,,0,319
AI,218,HKG,3077,DEL,3093,,0,788
AI,218,IXD,3080,DEL,3093,,0,CR7 ATR
AI,218,ATQ,3081,DEL,3093,,0,321 788 320
AI,218,VNS,3084,BOM,2997,,0,319
AI,218,VNS,3084,DEL,3093,,0,320 321
AI,218,VNS,3084,KTM,3125,,0,321
AI,218,DEL,3093,BHX,469,,0,788
AI,218,DEL,3093,KBL,2050,,0,320
AI,218,DEL,3093,BAH,2057,,0,319
AI,218,DEL,3093,DMM,2064,,0,320
AI,218,DEL,3093,JED,2072,,0,77W
AI,218,DEL,3093,RUH,2082,,0,77W 77L
AI,218,DEL,3093,MCT,2194,,0,320
AI,218,DEL,3093,NRT,2279,,0,788
AI,218,DEL,3093,JLR,3009,,0,CR7
AI,218,DEL,3093,NAG,3015,,0,319
AI,218,DEL,3093,STV,3022,,0,CR7
AI,218,DEL,3093,UDR,3023,,0,319
AI,218,DEL,3093,CMB,3024,Y,0,320
AI,218,DEL,3093,VTZ,3066,,0,321
AI,218,DEL,3093,JDH,3097,,0,319
AI,218,DEL,3093,IXJ,3100,,0,320
AI,218,DEL,3093,KNU,3101,,0,ATR
AI,218,DEL,3093,LUH,3103,,0,ATR
AI,218,DEL,3093,KTM,3125,,0,320 321
AI,218,DEL,3093,BLR,3131,,0,788 320
AI,218,DEL,3093,COK,3136,,0,320 321
AI,218,DEL,3093,SIN,3316,,0,788
AI,218,DEL,3093,MEL,3339,,0,788
AI,218,DEL,3093,PVG,3406,,0,788
AI,218,DEL,3093,BKK,3885,,0,321
AI,218,DEL,3093,GAU,6173,,0,320
AI,218,JDH,3097,DEL,3093,,0,319
AI,218,JAI,3098,DEL,3093,,0,319
AI,218,IXJ,3100,DEL,3093,,0,320
AI,218,IXJ,3100,SXR,3112,,0,320
AI,218,IXL,3104,IXJ,3100,,0,319
AI,218,SXR,3112,IXJ,3100,,0,320
AI,218,SXR,3112,IXL,3104,,0,319
AI,218,KTM,3125,VNS,3084,,0,321
AI,218,BLR,3131,HYD,,,0,319
AI,218,BLR,3131,FRA,340,Y,0,74H
AI,218,BLR,3131,BOM,2997,,0,319
AI,218,BLR,3131,TRV,3153,,0,320
AI,218,VGA,3134,HYD,,,0,319
AI,218,CJB,3135,BOM,2997,,0,321
AI,218,COK,3136,SHJ,2191,,0,320
AI,218,COK,3136,BOM,2997,,0,319
AI,218,COK,3136,DEL,3093,,0,321 320
AI,218,COK,3136,CCJ,3137,,0,744
AI,218,CCJ,3137,RUH,2082,,0,77W
AI,218,CCJ,3137,CJB,3135,,0,321
AI,218,CCJ,3137,COK,3136,,0,744
AI,218,IXE,3143,BOM,2997,,0,321
AI,218,IXE,3143,BLR,3131,,0,ATR
AI,218,MAA,3144,HYD,,,0,320
AI,218,MAA,3144,MCT,2194,,0,319
AI,218,MAA,3144,COK,3136,,0,319
AI,218,IXZ,3146,MAA,3144,,0,321
AI,218,TIR,3151,HYD,,,0,321
AI,218,TRV,3153,SHJ,2191,,0,320
AI,218,TRV,3153,BOM,2997,,0,319
AI,218,TRV,3153,COK,3136,,0,321
AI,218,TRV,3153,MAA,3144,,0,320
AI,218,SIN,3316,CCU,3043,Y,0,333
AI,218,SIN,3316,HKG,3077,Y,0,77W
AI,218,SIN,3316,DEL,3093,,0,788
AI,218,SIN,3316,MAA,3144,,0,332
AI,218,SIN,3316,KUL,3304,Y,0,333 772
AI,218,SIN,3316,BKK,3885,Y,0,772
AI,218,SIN,3316,ICN,3930,Y,0,77W
AI,218,SYD,3361,DEL,3093,,0,788
AI,218,SFO,3469,HKG,3077,Y,0,77W
AI,218,JFK,3797,DEL,3093,,0,77W
AI,218,ORD,3830,DEL,3093,,0,77W
AI,218,BKK,3885,BOM,2997,,0,321
AI,218,BKK,3885,DEL,3093,,0,321
AI,218,ICN,3930,DEL,3093,Y,0,333
AI,218,GAU,6173,CCU,3043,,0,319 320
ZB,220,BHX,469,FUE,1051,,0,321
ZB,220,BHX,469,HRG,1130,,0,321
ZB,220,BHX,469,LEI,1213,,0,321
ZB,220,BHX,469,AGP,1230,,0,321
ZB,220,BHX,469,NCE,1354,,0,320 321
ZB,220,BHX,469,VCE,1551,,0,320 321
ZB,220,BHX,469,DLM,1715,,0,321 320
ZB,220,MAN,478,HRG,1130,,0,321
ZB,220,MAN,478,DBV,1200,,0,321 320
ZB,220,MAN,478,ALC,1212,,0,321 320
ZB,220,MAN,478,LEI,1213,,0,321
ZB,220,MAN,478,BCN,1218,,0,321
ZB,220,MAN,478,AGP,1230,,0,321 320
ZB,220,MAN,478,MAH,1231,,0,321
ZB,220,MAN,478,VCE,1551,,0,320 321
ZB,220,MAN,478,FAO,1626,,0,321 752 320
ZB,220,MAN,478,GIB,1738,,0,320
ZB,220,MAN,478,SSH,4057,,0,321 332
ZB,220,LTN,492,ACE,1055,,0,321 320
ZB,220,LTN,492,LCA,1197,,0,320
ZB,220,LTN,492,MAH,1231,,0,321
ZB,220,LTN,492,FCO,1555,,0,320
ZB,220,LTN,492,NAP,1561,,0,320
ZB,220,LTN,492,SSH,4057,,0,321
ZB,220,LGW,502,ACE,1055,,0,321
ZB,220,LGW,502,HRG,1130,,0,321
ZB,220,LGW,502,BCN,1218,,0,321 752
ZB,220,LGW,502,VRN,1550,,0,321
ZB,220,LGW,502,FAO,1626,,0,752 321 332
ZB,220,LGW,502,PMI,3998,,0,321 752
ZB,220,LGW,502,FNC,4091,,0,321
ZB,220,LGW,502,BJV,4315,,0,321
ZB,220,LGW,502,NBE,7447,,0,321
ZB,220,LBA,517,MAH,1231,,0,320
ZB,220,EMA,523,ACE,1055,,0,321
ZB,220,EMA,523,AGP,1230,,0,321
ZB,220,EMA,523,FAO,1626,,0,321
ZB,220,EMA,523,PMI,3998,,0,321
ZB,220,ACE,1055,BHX,469,,0,321 320
ZB,220,ACE,1055,MAN,478,,0,321 320
ZB,220,ACE,1055,LTN,492,,0,321 320
ZB,220,TFS,1056,EMA,523,,0,321
ZB,220,AGA,1064,MAN,478,,0,320
ZB,220,HRG,1130,BHX,469,,0,321
ZB,220,LCA,1197,MAN,478,,0,321
ZB,220,LCA,1197,LGW,502,,0,321
ZB,220,PFO,1198,MAN,478,,0,321
ZB,220,PFO,1198,LGW,502,,0,321
ZB,220,DBV,1200,MAN,478,,0,321 320
ZB,220,DBV,1200,LGW,502,,0,321 752
ZB,220,ALC,1212,MAN,478,,0,321 320
ZB,220,LEI,1213,MAN,478,,0,321
ZB,220,BCN,1218,BHX,469,,0,320 321
ZB,220,BCN,1218,MAN,478,,0,321
ZB,220,BCN,1218,LBA,517,,0,320
ZB,220,AGP,1230,LTN,492,,0,321 320
ZB,220,AGP,1230,LGW,502,,0,321 752
ZB,220,AGP,1230,EMA,523,,0,321
ZB,220,MAH,1231,BHX,469,,0,321
ZB,220,MAH,1231,LTN,492,,0,321
ZB,220,MAH,1231,LGW,502,,0,321
ZB,220,NCE,1354,LGW,502,,0,321
ZB,220,HER,1452,LBA,517,,0,320
ZB,220,VRN,1550,MAN,478,,0,321 752
ZB,220,VRN,1550,LGW,502,,0,321
ZB,220,VCE,1551,LGW,502,,0,321
ZB,220,MLA,1606,EMA,523,,0,321
ZB,220,FAO,1626,LTN,492,,0,320 321
ZB,220,FAO,1626,LGW,502,,0,752 321 332
ZB,220,AYT,1688,LTN,492,,0,320
ZB,220,AYT,1688,LGW,502,,0,321
ZB,220,AYT,1688,LBA,517,,0,320
ZB,220,DLM,1715,LTN,492,,0,321 320
ZB,220,DLM,1715,LGW,502,,0,321 752
ZB,220,GIB,1738,BHX,469,,0,320
ZB,220,PMI,3998,MAN,478,,0,321 320 332 752
ZB,220,SSH,4057,LTN,492,,0,321
ZB,220,SSH,4057,LGW,502,,0,332 321
ZB,220,NBE,7447,MAN,478,,0,320 321
CC,221,SAP,1772,GUA,1767,,0,L4T
CC,221,SAP,1772,RTB,1774,,0,SF3
CC,221,SAP,1772,TGU,1776,,0,SF3
CC,221,RTB,1774,GUA,1767,,0,L4T
CC,221,RTB,1774,SAP,1772,,0,SF3
CC,221,TGU,1776,SAP,1772,,0,SF3
CC,221,PEU,5832,TGU,1776,,0,SF3
TN,225,AKL,2006,PPT,4075,,0,343 763
TN,225,NRT,2279,ICN,3930,,0,333
TN,225,BNE,3320,AKL,2006,Y,0,73H
TN,225,MOF,3913,KOE,3916,,0,F50
IZ,231,BCN,1218,TLV,1590,,0,753
IZ,231,TLV,1590,CDG,1382,,0,753
IZ,231,TLV,1590,ETH,1594,,0,E95 753 AT7 E90
IZ,231,ETH,1594,TLV,1590,,0,E95 753 AT7 E90
IZ,231,ETH,1594,HFA,1596,,0,AT7
IZ,231,HFA,1596,SDV,1605,,0,AT7
IZ,231,SDV,1605,HFA,1596,,0,AT7
AP,240,DUS,345,CTA,1509,,0,320
AP,240,STR,350,CTA,1509,,0,320
AP,240,LGW,502,CTA,1509,,0,320
AP,240,TIA,1190,MXP,1524,,0,320
AP,240,TIA,1190,GOA,1528,,0,320
AP,240,TIA,1190,VRN,1550,,0,320
AP,240,LYS,1335,CTA,1509,,0,320
AP,240,CDG,1382,CTA,1509,,0,320
AP,240,SUF,1508,TRN,1526,,0,320
AP,240,SUF,1508,VCE,1551,,0,320
AP,240,CTA,1509,TXL,351,,0,320
AP,240,CTA,1509,MXP,1524,,0,320
AP,240,CTA,1509,TRN,1526,,0,320
AP,240,CTA,1509,VCE,1551,,0,320
AP,240,CTA,1509,SVO,2985,,0,320
AP,240,PMO,1512,CDG,1382,,0,320
AP,240,PMO,1512,VCE,1551,,0,320
AP,240,PMO,1512,SVO,2985,,0,320
AP,240,LIN,1529,AMS,580,Y,0,32S 321
AP,240,LIN,1529,CDG,1382,Y,0,32S 320 319
AP,240,LIN,1529,BRI,1501,Y,0,32S E75 319
AP,240,BLQ,1538,CTA,1509,,0,320
AP,240,VCE,1551,SUF,1508,,0,320
AP,240,VCE,1551,CTA,1509,,0,320
AP,240,VCE,1551,PRG,1587,,0,320
AP,240,PSA,1562,SVO,2985,,0,320
AP,240,VIE,1613,CTA,1509,,0,320
AP,240,LED,2948,VCE,1551,,0,320
AP,240,ATH,3941,VCE,1551,,0,320
S2,241,HYD,,BOM,2997,Y,0,738 73G 73H
S2,241,HYD,,DEL,3093,Y,0,738 73W
S2,241,AMD,2994,DEL,3093,Y,0,738 73W
S2,241,BOM,2997,HYD,,Y,0,738 73G 73H
S2,241,BOM,2997,AMD,2994,Y,0,738 73H
S2,241,BOM,2997,IXU,2996,Y,0,738 AT7
S2,241,BOM,2997,BDQ,3001,,0,73H 738
S2,241,BOM,2997,GOI,3007,Y,0,73H 73G 738
S2,241,BOM,2997,IDR,3008,Y,0,73H 73G
S2,241,BOM,2997,RPR,3020,Y,0,738
S2,241,BOM,2997,UDR,3023,Y,0,73H 73G
S2,241,BOM,2997,JDH,3097,Y,0,73H
S2,241,BOM,2997,BLR,3131,Y,0,738 73W 73G 73H 739
S2,241,BOM,2997,COK,3136,Y,0,73H
S2,241,BOM,2997,MAA,3144,Y,0,738 73H
S2,241,BHO,3002,BOM,2997,Y,0,73G 738
S2,241,GOI,3007,MAA,3144,Y,0,738
S2,241,PNQ,3017,BLR,3131,Y,0,738
S2,241,AJL,3039,CCU,3043,Y,0,AT7
S2,241,IXB,3040,CCU,3043,Y,0,738
S2,241,CCU,3043,BOM,2997,Y,0,738 73H
S2,241,CCU,3043,IXB,3040,Y,0,738
S2,241,CCU,3043,PAT,3061,Y,0,AT7
S2,241,CCU,3043,VTZ,3066,Y,0,73G
S2,241,CCU,3043,VNS,3084,Y,0,AT7
S2,241,IXS,3055,GAU,6173,Y,0,AT7
S2,241,IXR,3063,DEL,3093,Y,0,73H
S2,241,VTZ,3066,CCU,3043,Y,0,73G
S2,241,ATQ,3081,DEL,3093,Y,0,AT7 73H 738
S2,241,IXC,3089,BOM,2997,Y,0,738
S2,241,IXC,3089,DEL,3093,Y,0,738 AT7
S2,241,DEL,3093,HYD,,Y,0,73W 738
S2,241,DEL,3093,AMD,2994,Y,0,73W 738
S2,241,DEL,3093,UDR,3023,Y,0,AT7
S2,241,DEL,3093,IXB,3040,Y,0,73W
S2,241,DEL,3093,PAT,3061,Y,0,73H
S2,241,DEL,3093,ATQ,3081,Y,0,AT7 73H 738
S2,241,DEL,3093,VNS,3084,Y,0,738
S2,241,DEL,3093,IXC,3089,Y,0,738 AT7
S2,241,DEL,3093,DED,3092,Y,0,73H 738 AT7
S2,241,DEL,3093,IXL,3104,Y,0,73W
S2,241,DEL,3093,SXR,3112,Y,0,738 73H
S2,241,DEL,3093,GOP,6741,Y,0,AT7
S2,241,JDH,3097,DEL,3093,Y,0,AT7
S2,241,JAI,3098,DEL,3093,Y,0,738 AT7 73H
S2,241,IXL,3104,DEL,3093,Y,0,73W
S2,241,BLR,3131,BOM,2997,Y,0,738 73W 73G 73H 739
S2,241,BLR,3131,DEL,3093,Y,0,73H 739 738
S2,241,BLR,3131,IXE,3143,Y,0,AT7 738
S2,241,BLR,3131,TRV,3153,Y,0,73H
S2,241,COK,3136,MAA,3144,Y,0,AT7 73H
S2,241,CCJ,3137,BOM,2997,Y,0,738
S2,241,MAA,3144,BOM,2997,Y,0,738 73H
S2,241,MAA,3144,DEL,3093,Y,0,738
S2,241,IXZ,3146,CCU,3043,Y,0,738
S2,241,DIU,5711,PBD,3018,Y,0,AT7
S2,241,GAU,6173,IMF,3050,Y,0,738
S2,241,GOP,6741,DEL,3093,Y,0,AT7
KM,242,BRU,302,CTA,1509,Y,0,319
KM,242,BRU,302,MLA,1606,,0,320 319
KM,242,HAM,342,MLA,1606,,0,320
KM,242,DUS,345,MLA,1606,,0,319 320
KM,242,MUC,346,CTA,1509,,0,319
KM,242,BRS,490,MLA,1606,,0,320
KM,242,LGW,502,MLA,1606,,0,320 319
KM,242,GLA,534,MLA,1606,,0,320
KM,242,LCA,1197,MLA,1606,Y,0,332
KM,242,CDG,1382,MLA,1606,,0,319 320
KM,242,BUD,1489,MLA,1606,,0,320
KM,242,CTA,1509,MUC,346,,0,319
KM,242,CTA,1509,MLA,1606,,0,319 320
KM,242,FCO,1555,MLA,1606,,0,320 319
KM,242,MLA,1606,FRA,340,,0,319 320
KM,242,MLA,1606,DUS,345,,0,319 320
KM,242,MLA,1606,TXL,351,,0,320
KM,242,MLA,1606,MAN,478,,0,320
KM,242,MLA,1606,BRS,490,,0,320
KM,242,MLA,1606,LGW,502,,0,320 319
KM,242,MLA,1606,LHR,507,,0,320 319
KM,242,MLA,1606,NWI,547,,0,320
KM,242,MLA,1606,BEN,1154,,0,320
KM,242,MLA,1606,LCA,1197,Y,0,332
KM,242,MLA,1606,MRS,1353,,0,320
KM,242,MLA,1606,BUD,1489,,0,320
KM,242,MLA,1606,FCO,1555,,0,320 319
KM,242,MLA,1606,ZRH,1678,,0,319
KM,242,MLA,1606,LED,2948,,0,319 320
KM,242,MLA,1606,DME,4029,,0,320
KM,242,DME,4029,MLA,1606,,0,320
M6,246,BEL,2526,BVS,7370,,0,EMB
M6,246,ATM,2566,ORX,8259,,0,EM2
M6,246,STM,4092,ITB,2568,,0,EM2
BM,312,BRU,302,NCL,521,,0,ER4
BM,312,BRU,302,EMA,523,,0,ER3
BM,312,FRA,340,BRS,490,,0,ER4
BM,312,BRS,490,HAM,342,,0,ER3
BM,312,BRS,490,MUC,346,,0,ER4
BM,312,BRS,490,ABZ,532,,0,ER4
BM,312,BRS,490,MXP,1524,,0,ER4
BM,312,EBJ,610,ABZ,532,,0,ER4
BM,312,GOT,687,SVG,666,,0,ER4
BM,312,MXP,1524,BRS,490,,0,ER4
NX,316,FUK,2305,MFM,3121,,0,321
NX,316,MNL,2397,MFM,3121,Y,0,320
NX,316,MFM,3121,TPE,2276,,0,319 320 321
NX,316,MFM,3121,PUS,2372,,0,320
NX,316,MFM,3121,MNL,2397,Y,0,320
NX,316,MFM,3121,NNG,3373,,0,319 320 321
NX,316,MFM,3121,WUH,3376,Y,0,320
NX,316,MFM,3121,CTU,3395,,0,321 320
NX,316,MFM,3121,PVG,3406,,0,321
NX,316,MFM,3121,KIX,3992,,0,319
NX,316,MFM,3121,SHE,4144,,0,319
NX,316,MFM,3121,MWX,4189,,0,320
NX,316,DAD,3196,MFM,3121,,0,319
NX,316,NNG,3373,MFM,3121,,0,319 320 321
NX,316,HGH,3386,MFM,3121,,0,321 320 319
NX,316,NGB,3387,MFM,3121,,0,320 319
NX,316,NKG,3388,MFM,3121,,0,321
NX,316,CKG,3393,MFM,3121,,0,319 320
NX,316,CTU,3395,MFM,3121,,0,321 320
NX,316,KIX,3992,MFM,3121,,0,319
HM,319,MRU,893,SEZ,994,Y,0,320
HM,319,SEZ,994,PRI,995,,0,DHT
AM,321,BRU,302,MAD,1229,,0,E90
AM,321,MAD,1229,CUN,1852,,0,333
AM,321,MAD,1229,ATL,3682,Y,0,764
AM,321,CDG,1382,TLS,1273,Y,0,320
AM,321,CDG,1382,ATL,3682,Y,0,76W
AM,321,ACA,1783,TLC,1850,Y,0,ERJ
AM,321,AGU,1785,MTY,1825,Y,0,ERJ
AM,321,CUL,1792,MEX,1824,,0,EMJ 737
AM,321,CUL,1792,TIJ,1847,,0,738
AM,321,CJS,1796,HMO,1807,Y,0,ERJ
AM,321,CJS,1796,MEX,1824,,0,EMJ
AM,321,CJS,1796,MTY,1825,Y,0,ERJ
AM,321,CJS,1796,TIJ,1847,Y,0,ERJ
AM,321,DGO,1801,TIJ,1847,Y,0,EMJ
AM,321,GDL,1804,CUU,1797,Y,0,ERJ
AM,321,GDL,1804,HMO,1807,Y,0,ERJ
AM,321,GDL,1804,LAP,1816,Y,0,ERJ
AM,321,GDL,1804,MEX,1824,,0,737 EMJ E70 E75 738 ERJ
AM,321,GDL,1804,PVR,1836,Y,0,ERJ
AM,321,GDL,1804,TLC,1850,Y,0,ERJ
AM,321,GDL,1804,SFO,3469,,0,738
AM,321,GDL,1804,LAX,3484,,0,738
AM,321,GDL,1804,ATL,3682,Y,0,320
AM,321,GDL,1804,SMF,3817,,0,738
AM,321,GDL,1804,ORD,3830,,0,737
AM,321,HMO,1807,CJS,1796,Y,0,ERJ
AM,321,HMO,1807,CUU,1797,Y,0,ERJ
AM,321,HMO,1807,LMM,1814,Y,0,ERJ
AM,321,HMO,1807,MEX,1824,,0,737
AM,321,HMO,1807,TIJ,1847,Y,0,ERJ
AM,321,HMO,1807,LAX,3484,Y,0,ERJ
AM,321,SLW,1810,MEX,1824,Y,0,ERJ
AM,321,LMM,1814,HMO,1807,Y,0,ERJ
AM,321,LMM,1814,MEX,1824,Y,0,E70
AM,321,BJX,1815,MEX,1824,,0,EMJ E70 ERJ
AM,321,LAP,1816,GDL,1804,Y,0,ERJ
AM,321,MAM,1818,MEX,1824,Y,0,ERJ
AM,321,MID,1819,VSA,1853,,0,AT7
AM,321,MXL,1820,MEX,1824,,0,737
AM,321,MEX,1824,CDG,1382,,0,787
AM,321,MEX,1824,HUX,1786,Y,0,EMJ
AM,321,MEX,1824,CME,1789,,0,737 EMJ E70 ERJ
AM,321,MEX,1824,CEN,1794,Y,0,E70
AM,321,MEX,1824,CPE,1795,Y,0,EMJ E70
AM,321,MEX,1824,CVM,1798,,0,ATR
AM,321,MEX,1824,LMM,1814,Y,0,E70
AM,321,MEX,1824,MID,1819,,0,737 EMJ E70 ERJ
AM,321,MEX,1824,MXL,1820,,0,737
AM,321,MEX,1824,MZT,1826,,0,EMJ
AM,321,MEX,1824,OAX,1829,,0,E75 ERJ
AM,321,MEX,1824,PDS,1834,,0,CRJ
AM,321,MEX,1824,PVR,1836,,0,738 ERJ 737 EMJ
AM,321,MEX,1824,SLP,1842,Y,0,ERJ
AM,321,MEX,1824,TAP,1851,,0,E70 EMJ ERJ E75
AM,321,MEX,1824,CUN,1852,,0,762 737 738 EMJ 763 787
AM,321,MEX,1824,ZIH,1856,Y,0,ERJ EMJ
AM,321,MEX,1824,PTY,1871,Y,0,738 73G
AM,321,MEX,1824,LIM,2789,,0,762 738 763
AM,321,MEX,1824,CCS,2851,,0,737
AM,321,MEX,1824,JFK,3797,,0,738 787
AM,321,MEX,1824,LAS,3877,,0,737
AM,321,MTY,1825,CUL,1792,Y,0,ERJ
AM,321,MTY,1825,HMO,1807,Y,0,ERJ
AM,321,MTY,1825,MEX,1824,,0,737 EMJ ERJ
AM,321,MTY,1825,PBC,1831,Y,0,ERJ
AM,321,MTY,1825,QRO,1838,Y,0,ERJ
AM,321,MTY,1825,TAM,1848,,0,AT7
AM,321,MTY,1825,PTY,1871,Y,0,E90
AM,321,MZT,1826,GDL,1804,Y,0,ERJ
AM,321,MZT,1826,LAX,3484,Y,0,739
AM,321,OAX,1829,MEX,1824,,0,E75 ERJ
AM,321,PAZ,1830,VSA,1853,,0,ATR
AM,321,SJD,1840,MEX,1824,,0,EMJ 738 737
AM,321,SJD,1840,LAX,3484,,0,734
AM,321,SJD,1840,ATL,3682,Y,0,73W 738
AM,321,SLP,1842,MEX,1824,Y,0,ERJ
AM,321,TRC,1845,CUU,1797,Y,0,ERJ
AM,321,TGZ,1846,MEX,1824,,0,ERJ EMJ
AM,321,TIJ,1847,CJS,1796,Y,0,ERJ
AM,321,TIJ,1847,DGO,1801,Y,0,EMJ
AM,321,TIJ,1847,MEX,1824,,0,737 787 762 777
AM,321,TAM,1848,MEX,1824,Y,0,ERJ E70 E75 EMJ
AM,321,TAM,1848,MTY,1825,,0,AT7
AM,321,TLC,1850,ACA,1783,Y,0,ERJ
AM,321,TLC,1850,GDL,1804,Y,0,ERJ
AM,321,TAP,1851,GUA,1767,Y,0,ERJ
AM,321,CUN,1852,PTY,1871,Y,0,738 73G
AM,321,CUN,1852,BOS,3448,Y,0,757
AM,321,CUN,1852,IND,3585,Y,0,320
AM,321,VSA,1853,MID,1819,,0,AT7
AM,321,VSA,1853,MEX,1824,,0,737 EMJ ERJ E70
AM,321,VSA,1853,PAZ,1830,,0,ATR
AM,321,VER,1854,MEX,1824,,0,AT7
AM,321,VER,1854,TAM,1848,,0,AT7
AM,321,VER,1854,VSA,1853,,0,AT7
AM,321,PTY,1871,GDL,1804,Y,0,E90
AM,321,PTY,1871,MEX,1824,Y,0,738 73G
AM,321,PTY,1871,PAP,1897,Y,0,73G 738
AM,321,SJO,1885,MEX,1824,,0,738
AM,321,HAV,1909,MEX,1824,,0,737
AM,321,HAV,1909,CUN,1852,,0,737
AM,321,SCL,2650,MEX,1824,,0,762 763
AM,321,VVI,2771,LIM,2789,Y,0,319
AM,321,LIM,2789,MEX,1824,,0,763 738 762
AM,321,LIM,2789,VVI,2771,,0,319
AM,321,LIM,2789,AQP,2802,Y,0,319
AM,321,AQP,2802,JUL,2792,Y,0,319
AM,321,CCS,2851,MEX,1824,,0,737
AM,321,POS,2902,PTY,1871,,0,73G E90
AM,321,PVG,3406,TIJ,1847,,0,777
AM,321,BOS,3448,CUN,1852,Y,0,757
AM,321,SFO,3469,GDL,1804,,0,738
AM,321,SFO,3469,MEX,1824,,0,737
AM,321,LAX,3484,MEX,1824,,0,737
AM,321,LAX,3484,PVR,1836,Y,0,739 320 73H
AM,321,LAX,3484,SJD,1840,Y,0,73J 734
AM,321,LAX,3484,ZIH,1856,Y,0,739
AM,321,CLE,3486,ATL,3682,Y,0,717
AM,321,CVG,3488,ATL,3682,Y,0,738
AM,321,SLC,3536,CUN,1852,Y,0,320
AM,321,IAH,3550,MEX,1824,,0,EMJ
AM,321,MIA,3576,MID,1819,Y,0,EMJ
AM,321,IND,3585,ATL,3682,Y,0,M88 M90
AM,321,SAT,3621,MTY,1825,Y,0,ERJ
AM,321,RDU,3626,ATL,3682,Y,0,M88 M90 739
AM,321,DTW,3645,MTY,1825,Y,0,319
AM,321,DTW,3645,CUN,1852,Y,0,320
AM,321,TPA,3646,ATL,3682,Y,0,757
AM,321,DFW,3670,MEX,1824,Y,0,EMJ
AM,321,ATL,3682,YUL,146,Y,0,CR9 CR7
AM,321,ATL,3682,CZM,1800,Y,0,M88 319
AM,321,ATL,3682,GDL,1804,Y,0,320
AM,321,ATL,3682,PVR,1836,Y,0,757
AM,321,ATL,3682,BOS,3448,Y,0,M90 757 738 M88 320 319
AM,321,ATL,3682,SLC,3536,Y,0,757
AM,321,ATL,3682,STL,3678,Y,0,M90 717 319 M88
AM,321,ATL,3682,IAD,3714,Y,0,M88
AM,321,ATL,3682,JFK,3797,Y,0,738 319 73H
AM,321,ATL,3682,BDL,3825,Y,0,M88 73W
AM,321,ATL,3682,MSP,3858,Y,0,320 757 M90 739
AM,321,ATL,3682,ALB,3864,Y,0,CR9 M88
AM,321,ATL,3682,ABY,5715,Y,0,CRJ
AM,321,FAT,3687,GDL,1804,,0,738
AM,321,LGA,3697,ATL,3682,Y,0,M88 757 738
AM,321,IAD,3714,ATL,3682,Y,0,M88
AM,321,ONT,3734,GDL,1804,,0,738
AM,321,DEN,3751,ATL,3682,Y,0,M90 738
AM,321,CMH,3759,ATL,3682,Y,0,M88
AM,321,JFK,3797,MEX,1824,,0,738 787
AM,321,SMF,3817,GDL,1804,,0,738
AM,321,BWI,3849,ATL,3682,Y,0,M88 757 73W 320
AM,321,LAS,3877,MTY,1825,,0,737
AM,321,MCO,3878,CUN,1852,Y,0,757
AM,321,JAL,5837,MEX,1824,,0,ATR
NH,324,YVR,156,EWR,3494,,0,319
NH,324,DUS,345,NRT,2279,,0,788
NH,324,LHR,507,WAW,679,Y,0,734
NH,324,LHR,507,NRT,2279,,0,346 343
NH,324,LHR,507,HND,2359,,0,77W
NH,324,WAW,679,LHR,507,Y,0,734
NH,324,CDG,1382,HND,2359,,0,777
NH,324,VIE,1613,NRT,2279,Y,0,772
NH,324,LIS,1638,LHR,507,Y,0,320 321 319
NH,324,IST,1701,NRT,2279,Y,0,332 77W
NH,324,IST,1701,KIX,3992,Y,0,332
NH,324,AUH,2179,PEK,3364,Y,0,332
NH,324,GUM,2246,CTS,2287,Y,0,738
NH,324,GUM,2246,SDJ,2347,Y,0,73G
NH,324,GUM,2246,KIX,3992,Y,0,73G 738
NH,324,KHH,2264,NRT,2279,,0,321
NH,324,TPE,2276,FUK,2305,Y,0,332 333
NH,324,NRT,2279,YYZ,193,Y,0,77W
NH,324,NRT,2279,LHR,507,,0,346
NH,324,NRT,2279,CDG,1382,,0,777
NH,324,NRT,2279,VIE,1613,Y,0,772
NH,324,NRT,2279,ZRH,1678,Y,0,343
NH,324,NRT,2279,AUH,2179,Y,0,332
NH,324,NRT,2279,KHH,2264,,0,321
NH,324,NRT,2279,CTS,2287,,0,320 737
NH,324,NRT,2279,KMQ,2322,Y,0,CR7
NH,324,NRT,2279,SDJ,2347,,0,735 737
NH,324,NRT,2279,MNL,2397,,0,763
NH,324,NRT,2279,BOM,2997,,0,737
NH,324,NRT,2279,HKG,3077,Y,0,763
NH,324,NRT,2279,MFM,3121,Y,0,321 320 319
NH,324,NRT,2279,XMN,3383,,0,763
NH,324,NRT,2279,DLC,3404,Y,0,763 738
NH,324,NRT,2279,SFO,3469,,0,77W
NH,324,NRT,2279,IAH,3550,Y,0,777
NH,324,NRT,2279,SEA,3577,,0,788
NH,324,NRT,2279,SJC,3748,,0,788
NH,324,NRT,2279,JFK,3797,,0,77W
NH,324,NRT,2279,ORD,3830,,0,77W 777
NH,324,NRT,2279,BKK,3885,,0,777 76F
NH,324,NRT,2279,ICN,3930,Y,0,321 333 738 772 74E
NH,324,NRT,2279,NGO,3942,,0,320 735
NH,324,NRT,2279,KIX,3992,Y,0,744
NH,324,OBO,2286,HND,2359,Y,0,737 735
NH,324,CTS,2287,MMB,2290,,0,DH8
NH,324,CTS,2287,SHB,2291,,0,DH8
NH,324,CTS,2287,HIJ,2326,,0,320
NH,324,CTS,2287,OKJ,2327,Y,0,737
NH,324,CTS,2287,ITM,2334,,0,320 772
NH,324,CTS,2287,AXT,2345,Y,0,DH8
NH,324,CTS,2287,SDJ,2347,,0,735 737
NH,324,CTS,2287,KUH,5994,,0,737
NH,324,HKD,2288,HND,2359,,0,772 767 320
NH,324,MMB,2290,NGO,3942,,0,735
NH,324,SHB,2291,CTS,2287,,0,DH8
NH,324,WKJ,2294,HND,2359,,0,737
NH,324,IKI,2295,NGS,2313,Y,0,DH2
NH,324,UBJ,2296,HND,2359,,0,767
NH,324,TSJ,2297,NGS,2313,Y,0,DH2
NH,324,MBE,2298,HND,2359,,0,738
NH,324,AKJ,2299,NGO,3942,,0,737
NH,324,FUK,2305,CTS,2287,,0,772 767
NH,324,FUK,2305,KMI,2308,Y,0,DH8 CR7 CRJ
NH,324,FUK,2305,KMQ,2322,,0,735
NH,324,FUK,2305,SDJ,2347,,0,735
NH,324,FUK,2305,HND,2359,,0,773 772 767 787 738
NH,324,FUK,2305,CJU,2370,Y,0,320
NH,324,FUK,2305,OKA,2384,,0,735 767 738
NH,324,KOJ,2307,HND,2359,,0,787 320 767
NH,324,KMI,2308,NGO,3942,,0,737 735 DH8
NH,324,OIT,2310,ITM,2334,Y,0,CR7 DH8
NH,324,KMJ,2312,ICN,3930,Y,0,321 320
NH,324,NGS,2313,IKI,2295,Y,0,DH2
NH,324,NGS,2313,NGO,3942,,0,737
NH,324,KMQ,2322,NRT,2279,Y,0,CR7 CRJ
NH,324,KMQ,2322,FUK,2305,,0,735
NH,324,HIJ,2326,SDJ,2347,Y,0,CR7 CRJ
NH,324,HIJ,2326,OKA,2384,,0,767
NH,324,HIJ,2326,ICN,3930,Y,0,321
NH,324,OKJ,2327,TPE,2276,Y,0,M90
NH,324,OKJ,2327,CTS,2287,Y,0,737
NH,324,YGJ,2330,HND,2359,,0,737 767 738 320
NH,324,MYJ,2333,OKA,2384,,0,737
NH,324,MYJ,2333,NGO,3942,Y,0,DH8
NH,324,ITM,2334,NRT,2279,,0,738 767
NH,324,ITM,2334,CTS,2287,,0,772 320
NH,324,ITM,2334,KMI,2308,,0,737 735 DH8
NH,324,ITM,2334,OIT,2310,Y,0,CR7 DH8
NH,324,ITM,2334,KCZ,2332,Y,0,DH8 735
NH,324,ITM,2334,FKS,5999,Y,0,735 CRJ DH8 CR7
NH,324,TAK,2337,ICN,3930,Y,0,321 320
NH,324,SDJ,2347,TPE,2276,Y,0,321
NH,324,SDJ,2347,NRT,2279,,0,737 735
NH,324,SDJ,2347,OKA,2384,,0,767
NH,324,SDJ,2347,PVG,3406,Y,0,738
NH,324,SDJ,2347,NGO,3942,,0,735 DH8
NH,324,HAC,2352,HND,2359,,0,738 320
NH,324,HND,2359,LHR,507,,0,77W
NH,324,HND,2359,MMB,2290,Y,0,737 735
NH,324,HND,2359,WKJ,2294,,0,737
NH,324,HND,2359,UBJ,2296,,0,767
NH,324,HND,2359,MBE,2298,,0,738
NH,324,HND,2359,KMI,2308,,0,320 787 767
NH,324,HND,2359,NGS,2313,,0,772
NH,324,HND,2359,KMQ,2322,,0,772 767 320 787
NH,324,HND,2359,HIJ,2326,,0,787 772 767 320
NH,324,HND,2359,YGJ,2330,,0,767 738 737 320
NH,324,HND,2359,MYJ,2333,,0,772 787 767
NH,324,HND,2359,ITM,2334,,0,320 772 773 787 767
NH,324,HND,2359,AXT,2345,,0,767 737 787 738
NH,324,HND,2359,MNL,2397,,0,788
NH,324,HND,2359,SIN,3316,,0,788 773
NH,324,HND,2359,SHA,3391,,0,777
NH,324,HND,2359,LAX,3484,,0,777
NH,324,HND,2359,DPS,3940,,0,332
NH,324,HND,2359,UKB,3943,,0,737 767
NH,324,HND,2359,HSG,5996,,0,320 737 738
NH,324,HND,2359,IWJ,5998,,0,320 737
NH,324,HND,2359,ONJ,6000,,0,738 737
NH,324,CJU,2370,FUK,2305,Y,0,320
NH,324,GMP,2378,HND,2359,,0,77W 777
NH,324,OKA,2384,CTS,2287,Y,0,737
NH,324,OKA,2384,FUK,2305,,0,767 738 735
NH,324,OKA,2384,NGS,2313,,0,737
NH,324,OKA,2384,HIJ,2326,,0,767
NH,324,OKA,2384,MYJ,2333,,0,737
NH,324,OKA,2384,ITM,2334,,0,767 773
NH,324,OKA,2384,TAK,2337,Y,0,767
NH,324,OKA,2384,SDJ,2347,,0,767
NH,324,OKA,2384,HND,2359,,0,772 773 738
NH,324,OKA,2384,MMY,2390,,0,735
NH,324,OKA,2384,PEK,3364,Y,0,738
NH,324,OKA,2384,UKB,3943,Y,0,737
NH,324,ISG,2387,FUK,2305,,0,735
NH,324,ISG,2387,OKA,2384,,0,735 738
NH,324,MMY,2390,ISG,2387,,0,735
NH,324,HKG,3077,NGO,3942,,0,737
NH,324,HKG,3077,KIX,3992,,0,763
NH,324,DEL,3093,NRT,2279,,0,763
NH,324,MFM,3121,NRT,2279,Y,0,321 320 319
NH,324,HAN,3199,HND,2359,,0,763
NH,324,CGK,3275,HND,2359,,0,788
NH,324,SIN,3316,NRT,2279,,0,788
NH,324,SIN,3316,NGO,3942,Y,0,333
NH,324,PEK,3364,CTS,2287,Y,0,738
NH,324,PEK,3364,HND,2359,,0,788
NH,324,PEK,3364,OKA,2384,Y,0,738
NH,324,PEK,3364,CTU,3395,Y,0,320
NH,324,PEK,3364,NGO,3942,Y,0,738 332
NH,324,TSN,3368,DLC,3404,Y,0,738
NH,324,CAN,3370,NRT,2279,,0,763
NH,324,HGH,3386,KIX,3992,,0,737
NH,324,DLC,3404,KIX,3992,,0,737
NH,324,PVG,3406,PEK,3364,Y,0,738
NH,324,PVG,3406,SZX,3374,Y,0,321
NH,324,PVG,3406,CTU,3395,Y,0,319
NH,324,NTQ,3409,HND,2359,,0,737 738
NH,324,SFO,3469,NRT,2279,,0,77W
NH,324,LAX,3484,HND,2359,,0,777
NH,324,IAH,3550,NRT,2279,Y,0,777
NH,324,HNL,3728,NRT,2279,Y,0,744 763
NH,324,JFK,3797,NRT,2279,,0,77W
NH,324,MSY,3861,ORD,3830,Y,0,CR7
NH,324,BKK,3885,NRT,2279,,0,777 76F
NH,324,BKK,3885,CNX,3931,Y,0,AB6
NH,324,BKK,3885,CEI,3932,Y,0,734
NH,324,ICN,3930,NRT,2279,Y,0,333 321 738 772 74E
NH,324,ICN,3930,FUK,2305,Y,0,333 321 77L 763
NH,324,ICN,3930,OKA,2384,Y,0,321
NH,324,ICN,3930,KIX,3992,Y,0,77L 74E 763 772 321
NH,324,DPS,3940,NRT,2279,,0,333
NH,324,NGO,3942,MMB,2290,,0,735
NH,324,NGO,3942,FUK,2305,,0,735 738
NH,324,NGO,3942,KOJ,2307,,0,735 738 737
NH,324,NGO,3942,OIT,2310,Y,0,CR7
NH,324,NGO,3942,OKA,2384,,0,767
NH,324,NGO,3942,ISG,2387,,0,737
NH,324,NGO,3942,PEK,3364,Y,0,738
NH,324,NGO,3942,PVG,3406,,0,737
NH,324,NGO,3942,KIJ,4381,Y,0,DH8
NH,324,KIX,3992,FRA,340,Y,0,744
NH,324,KIX,3992,IST,1701,Y,0,332
NH,324,KIX,3992,CTS,2287,,0,737
NH,324,KIX,3992,MFM,3121,Y,0,319
NH,324,KIX,3992,FOC,3385,Y,0,320
NH,324,KIX,3992,HGH,3386,,0,737
NH,324,KIX,3992,BKK,3885,Y,0,773
NH,324,KIX,3992,WUX,6390,Y,0,738
NH,324,KIJ,4381,NRT,2279,Y,0,DH8
NH,324,KIJ,4381,FUK,2305,Y,0,735
NH,324,KIJ,4381,NGO,3942,Y,0,DH8
NH,324,HSG,5996,HND,2359,,0,737 320 738
NH,324,IWJ,5998,HND,2359,,0,320 737
NH,324,WUX,6390,KIX,3992,Y,0,738
NH,324,FSZ,6476,OKA,2384,,0,737
NH,324,FSZ,6476,ICN,3930,Y,0,320
NH,324,DOH,11051,KIX,3992,Y,0,332
NH,324,IWK,11922,HND,2359,,0,737 738
PX,328,MAG,2,POM,5,,0,DH4 100
PX,328,MAG,2,WWK,6,,0,100 DH4
PX,328,MAG,2,VAI,5436,,0,DH4
PX,328,LAE,4,POM,5,,0,100 DH4
PX,328,LAE,4,HKN,5424,,0,DH4
PX,328,POM,5,GKA,1,,0,DH4 DH8 DH3
PX,328,POM,5,MAG,2,,0,100 DH4
PX,328,POM,5,WWK,6,,0,100 DH4
PX,328,POM,5,NAN,1960,,0,737
PX,328,POM,5,NRT,2279,,0,738
PX,328,POM,5,MNL,2397,,0,738
PX,328,POM,5,BNE,3320,,0,763 738
PX,328,POM,5,PNP,5423,,0,DH3 DH4 DH8
PX,328,POM,5,UNG,5425,,0,DH8 DH3
PX,328,POM,5,MDU,5429,,0,DH8
PX,328,POM,5,VAI,5436,,0,DH4
PX,328,POM,5,WBM,5437,,0,DH8
PX,328,POM,5,LNV,5979,,0,DH8 DH3
PX,328,WWK,6,MAG,2,,0,100 DH4
PX,328,WWK,6,POM,5,,0,100 DH4
PX,328,MNL,2397,POM,5,,0,738
PX,328,BNE,3320,POM,5,,0,763 738
PX,328,CNS,3322,POM,5,,0,DH4
PX,328,HIR,4074,NAN,1960,,0,737
PX,328,BUA,5419,POM,5,,0,100
PX,328,PNP,5423,POM,5,,0,DH3 DH4 DH8
PX,328,KVG,5428,POM,5,,0,100 DH4
PX,328,KVG,5428,RAB,5435,,0,100
PX,328,MDU,5429,POM,5,,0,DH8
PX,328,MAS,5430,MAG,2,,0,100
PX,328,MAS,5430,POM,5,,0,100 737
PX,328,MXH,5431,HGU,3,,0,DH3
PX,328,MIS,5432,BUA,5419,,0,DH8
PX,328,TIZ,5433,POM,5,,0,DH8 DH3
PX,328,TBG,5434,POM,5,,0,DH3
PX,328,RAB,5435,MAS,5430,,0,100
PX,328,RAB,5435,LNV,5979,,0,DH3 DH8
PX,328,VAI,5436,MAG,2,,0,DH4
PX,328,VAI,5436,WWK,6,,0,DH4
PX,328,LNV,5979,POM,5,,0,DH3 DH8
G9,329,HYD,,SHJ,2191,,0,320
G9,329,BAH,2057,SHJ,2191,,0,320
G9,329,DMM,2064,SHJ,2191,,0,320
G9,329,ELQ,2067,SHJ,2191,,0,320
G9,329,RUH,2082,SHJ,2191,,0,320
G9,329,TIF,2090,SHJ,2191,,0,320
G9,329,YNB,2096,SHJ,2191,,0,320
G9,329,BEY,2177,SHJ,2191,,0,320
G9,329,SHJ,2191,HYD,,,0,320
G9,329,SHJ,2191,BAH,2057,,0,320
G9,329,SHJ,2191,AHB,2059,,0,320
G9,329,SHJ,2191,HOF,2060,,0,320
G9,329,SHJ,2191,HAS,2069,,0,320
G9,329,SHJ,2191,JED,2072,,0,320
G9,329,SHJ,2191,TIF,2090,,0,320
G9,329,SHJ,2191,SYZ,2157,,0,320
G9,329,SHJ,2191,AMM,2170,,0,320
G9,329,SHJ,2191,KWI,2176,,0,320
G9,329,SHJ,2191,MCT,2194,,0,320
G9,329,SHJ,2191,SLL,2195,,0,320
G9,329,SHJ,2191,PEW,2219,,0,320
G9,329,SHJ,2191,SVX,2975,,0,320
G9,329,SHJ,2191,AMD,2994,,0,320
G9,329,SHJ,2191,BOM,2997,,0,320
G9,329,SHJ,2191,GOI,3007,,0,320
G9,329,SHJ,2191,NAG,3015,,0,320
G9,329,SHJ,2191,CGP,3069,,0,320
G9,329,SHJ,2191,KTM,3125,,0,320
G9,329,SHJ,2191,MAA,3144,,0,320
G9,329,SHJ,2191,HBE,3410,,0,320
G9,329,SHJ,2191,EBL,3989,,0,320
G9,329,SHJ,2191,DME,4029,,0,320
G9,329,SHJ,2191,MHD,4331,,0,320
G9,329,SHJ,2191,ATZ,5691,,0,320
G9,329,SHJ,2191,DOH,11051,,0,320
G9,329,KHI,2206,SHJ,2191,,0,320
G9,329,PEW,2219,SHJ,2191,,0,320
G9,329,BSR,2234,SHJ,2191,,0,320
G9,329,TSE,2910,SHJ,2191,,0,320
G9,329,CIT,2914,SHJ,2191,,0,320
G9,329,ODS,2947,SHJ,2191,,0,320
G9,329,ROV,2964,SHJ,2191,,0,320
G9,329,SVX,2975,SHJ,2191,,0,320
G9,329,UFA,2992,SHJ,2191,,0,320
G9,329,BOM,2997,SHJ,2191,,0,320
G9,329,GOI,3007,SHJ,2191,,0,320
G9,329,CGP,3069,SHJ,2191,,0,320
G9,329,DEL,3093,SHJ,2191,,0,320
G9,329,JAI,3098,SHJ,2191,,0,320
G9,329,MAA,3144,SHJ,2191,,0,320
G9,329,TRV,3153,SHJ,2191,,0,320
G9,329,EBL,3989,SHJ,2191,,0,320
G9,329,DME,4029,SHJ,2191,,0,320
G9,329,LRR,5934,SHJ,2191,,0,320
G9,329,HRK,6105,SHJ,2191,,0,320
AC,330,YBC,27,YUL,146,Y,0,DH1
AC,330,YBG,28,YUL,146,Y,0,DH1
AC,330,YCG,34,YVR,156,Y,0,DH3
AC,330,YDF,45,YHZ,73,Y,0,CRJ DH1
AC,330,YEG,49,YOW,100,,0,E90
AC,330,YEG,49,YQU,122,Y,0,DH3
AC,330,YEG,49,YWG,160,Y,0,CRJ
AC,330,YEG,49,YXE,166,Y,0,DH3
AC,330,YEG,49,SFO,3469,Y,0,CR7
AC,330,YEG,49,EWR,3494,Y,0,319
AC,330,YEG,49,IAH,3550,Y,0,738 320 737 319
AC,330,YFC,56,YHZ,73,,0,BEH
AC,330,YGP,63,YGR,65,Y,0,DH3 DH1
AC,330,YGP,63,YQB,111,Y,0,DH1 DH3
AC,330,YGR,65,YGP,63,Y,0,DH1 DH3
AC,330,YHZ,73,YYR,188,Y,0,CRJ
AC,330,YHZ,73,YYZ,193,,0,E90 320 763 319
AC,330,YHZ,73,BOS,3448,Y,0,CRJ
AC,330,YKA,78,YVR,156,Y,0,DH3
AC,330,YLW,87,LAX,3484,Y,0,CR7
AC,330,YMM,90,YYZ,193,,0,E90 320 319
AC,330,YMM,90,DEN,3751,Y,0,CR7
AC,330,YOW,100,YEG,49,,0,E90 320
AC,330,YOW,100,YQB,111,Y,0,DH1
AC,330,YOW,100,YVR,156,,0,320 763
AC,330,YOW,100,YXU,174,Y,0,DH1
AC,330,YOW,100,YYT,189,Y,0,CRA
AC,330,YOW,100,YYZ,193,,0,320 319 E90 763 E75
AC,330,YOW,100,FRA,340,,0,333
AC,330,YOW,100,LHR,507,,0,763
AC,330,YOW,100,IAD,3714,Y,0,ERJ
AC,330,YQB,111,YYZ,193,Y,0,DH4
AC,330,YQB,111,YZV,202,Y,0,DH1
AC,330,YQG,113,YYZ,193,,0,319
AC,330,YQM,117,YUL,146,Y,0,DH4
AC,330,YQM,117,YYZ,193,Y,0,DH4 CRJ
AC,330,YQR,120,YWG,160,Y,0,CRJ
AC,330,YQR,120,DEN,3751,Y,0,CRJ
AC,330,YQR,120,ORD,3830,Y,0,CRJ
AC,330,YQT,121,YWG,160,Y,0,CRJ
AC,330,YQT,121,YYZ,193,Y,0,CRJ DH4
AC,330,YQX,125,YHZ,73,Y,0,CRA CRJ
AC,330,YQX,125,YYR,188,Y,0,BEH
AC,330,YQY,126,YHZ,73,Y,0,DH1
AC,330,YSB,133,YYZ,193,Y,0,DH1
AC,330,YUL,146,YBG,28,Y,0,DH1
AC,330,YUL,146,YEG,49,,0,320
AC,330,YUL,146,YFC,56,Y,0,DH4 DH1
AC,330,YUL,146,YHZ,73,,0,320 E90 E75 319
AC,330,YUL,146,YSJ,135,Y,0,DH1
AC,330,YUL,146,YVR,156,,0,321 320 333 319
AC,330,YUL,146,YYC,178,,0,E90 319 320
AC,330,YUL,146,YYG,182,Y,0,DH4
AC,330,YUL,146,YYZ,193,,0,321 320 319 333 763 E75
AC,330,YUL,146,YZV,202,Y,0,DH1
AC,330,YUL,146,MUC,346,Y,0,333
AC,330,YUL,146,LHR,507,,0,77W
AC,330,YUL,146,GVA,1665,,0,333
AC,330,YUL,146,CZM,1800,,0,319
AC,330,YUL,146,HOG,1910,,0,319
AC,330,YUL,146,SFO,3469,,0,319
AC,330,YUL,146,EWR,3494,Y,0,CRJ
AC,330,YUL,146,FLL,3533,,0,320
AC,330,YUL,146,LGA,3697,,0,E75
AC,330,YUL,146,BDL,3825,Y,0,BEH
AC,330,YUL,146,AZS,5810,,0,320
AC,330,YVO,153,YUL,146,Y,0,DH1
AC,330,YVR,156,YPR,108,Y,0,DH3
AC,330,YVR,156,YUL,146,,0,333 320 321
AC,330,YVR,156,YWL,162,Y,0,BEH
AC,330,YVR,156,YXE,166,Y,0,CRJ
AC,330,YVR,156,YXJ,168,Y,0,DH4
AC,330,YVR,156,YXT,173,Y,0,DH3
AC,330,YVR,156,YYZ,193,,0,320 319 77L 321 77W 763
AC,330,YVR,156,PVR,1836,,0,319
AC,330,YVR,156,PVG,3406,,0,763
AC,330,YVR,156,SFO,3469,,0,E90 320 319
AC,330,YVR,156,LAX,3484,,0,319
AC,330,YVR,156,PDX,3720,Y,0,DH3
AC,330,YVR,156,DEN,3751,Y,0,320 319 CR7 737 739
AC,330,YVR,156,LAS,3877,,0,319
AC,330,YWG,160,YQR,120,Y,0,CRJ
AC,330,YWG,160,YYC,178,Y,0,CRA
AC,330,YWG,160,YYZ,193,,0,E90 320 319
AC,330,YWG,160,ORD,3830,Y,0,CRJ ERJ
AC,330,YXC,164,YYC,178,Y,0,BEH
AC,330,YXE,166,YEG,49,Y,0,DH3
AC,330,YXE,166,YYC,178,Y,0,DH4
AC,330,YXH,167,YYC,178,Y,0,BEH
AC,330,YXS,172,YVR,156,Y,0,DH4
AC,330,YYB,177,YYZ,193,Y,0,DH1
AC,330,YYC,178,YCG,34,Y,0,DH3
AC,330,YYC,178,YLW,87,Y,0,DH3 CRJ
AC,330,YYC,178,YQU,122,Y,0,DH3 DH4
AC,330,YYC,178,YUL,146,,0,E90 319 320
AC,330,YYC,178,YXE,166,Y,0,DH4
AC,330,YYC,178,YXH,167,Y,0,BEH
AC,330,YYC,178,YZF,196,Y,0,CRJ
AC,330,YYC,178,FRA,340,,0,77W
AC,330,YYC,178,LHR,507,,0,333
AC,330,YYC,178,CUN,1852,,0,319
AC,330,YYC,178,SFO,3469,Y,0,CR7
AC,330,YYC,178,LAX,3484,,0,319
AC,330,YYC,178,DEN,3751,Y,0,CRJ 738 737 CR7
AC,330,YYC,178,ORD,3830,Y,0,737 CR7 738 320
AC,330,YYD,179,YVR,156,Y,0,DH3
AC,330,YYJ,184,YVR,156,Y,0,DH3 DH4
AC,330,YYR,188,YDF,45,Y,0,BEH
AC,330,YYR,188,YHZ,73,Y,0,CRJ
AC,330,YYR,188,YQX,125,Y,0,BEH
AC,330,YYR,188,YWK,161,Y,0,BEH
AC,330,YYT,189,YHZ,73,,0,E90
AC,330,YYT,189,YOW,100,Y,0,CRA
AC,330,YYT,189,YUL,146,,0,E90 319 320
AC,330,YYT,189,LHR,507,,0,319
AC,330,YYY,192,YUL,146,Y,0,DH1
AC,330,YYZ,193,YEG,49,,0,320 319 E90
AC,330,YYZ,193,YHZ,73,,0,320 E90 319 763
AC,330,YYZ,193,YMM,90,,0,E90 320 319
AC,330,YYZ,193,YQG,113,,0,319
AC,330,YYZ,193,YSJ,135,Y,0,DH4
AC,330,YYZ,193,YTS,143,Y,0,DH1
AC,330,YYZ,193,YVR,156,,0,321 320 77W 763 77L 319 333
AC,330,YYZ,193,YXE,166,,0,E90
AC,330,YYZ,193,YYB,177,Y,0,DH1
AC,330,YYZ,193,YYJ,184,,0,320
AC,330,YYZ,193,YYT,189,,0,320 E90 319
AC,330,YYZ,193,YZR,199,Y,0,BEH
AC,330,YYZ,193,FRA,340,,0,77W
AC,330,YYZ,193,WAW,679,,0,788
AC,330,YYZ,193,FCO,1555,,0,333
AC,330,YYZ,193,MBJ,1780,,0,319
AC,330,YYZ,193,MEX,1824,,0,319
AC,330,YYZ,193,SJO,1885,,0,319
AC,330,YYZ,193,CCC,1901,,0,319
AC,330,YYZ,193,GRU,2564,,0,763
AC,330,YYZ,193,SCL,2650,,0,763
AC,330,YYZ,193,LIM,2789,,0,763
AC,330,YYZ,193,AUA,2895,,0,319
AC,330,YYZ,193,HKG,3077,,0,77L
AC,330,YYZ,193,PVG,3406,,0,77L
AC,330,YYZ,193,PHX,3462,,0,319
AC,330,YYZ,193,SFO,3469,,0,320
AC,330,YYZ,193,CLE,3486,Y,0,DH1
AC,330,YYZ,193,FLL,3533,,0,320
AC,330,YYZ,193,MDT,3542,Y,0,BEH
AC,330,YYZ,193,MIA,3576,,0,E90
AC,330,YYZ,193,SEA,3577,,0,E90
AC,330,YYZ,193,RDU,3626,Y,0,CRJ
AC,330,YYZ,193,DTW,3645,Y,0,BEH CRJ
AC,330,YYZ,193,DFW,3670,,0,E75
AC,330,YYZ,193,MKE,3717,Y,0,CRJ
AC,330,YYZ,193,SYR,3745,Y,0,BEH
AC,330,YYZ,193,RSW,3793,,0,320
AC,330,YYZ,193,JFK,3797,Y,0,CRA
AC,330,YYZ,193,BDL,3825,Y,0,BEH
AC,330,YYZ,193,ORD,3830,,0,E75
AC,330,YYZ,193,MSP,3858,Y,0,CRA CRJ
AC,330,YYZ,193,MSY,3861,Y,0,CRA
AC,330,YYZ,193,MCO,3878,,0,319
AC,330,YYZ,193,AZS,5810,,0,319
AC,330,YZF,196,YEG,49,Y,0,CRJ
AC,330,YZV,202,YWK,161,Y,0,DH1
AC,330,COO,245,ABJ,253,Y,0,332
AC,330,OUA,246,BRU,302,Y,0,333
AC,330,BRU,302,YYZ,193,Y,0,332
AC,330,BRU,302,COO,245,Y,0,332
AC,330,BRU,302,OUA,246,Y,0,333
AC,330,BRU,302,BJM,1120,Y,0,332
AC,330,FRA,340,VLC,1246,Y,0,319
AC,330,FRA,340,NAP,1561,Y,0,321
AC,330,FRA,340,VNO,3959,Y,0,321
AC,330,FRA,340,DOH,11051,Y,0,333
AC,330,LHR,507,YEG,49,,0,763
AC,330,LHR,507,YUL,146,,0,77W
AC,330,LHR,507,YVR,156,,0,77W
AC,330,AMS,580,CPH,609,Y,0,319 321
AC,330,CPH,609,WAW,679,Y,0,M80
AC,330,CPH,609,VNO,3959,Y,0,M80
AC,330,TRD,665,CPH,609,Y,0,M80
AC,330,WAW,679,CPH,609,Y,0,M80
AC,330,KGL,1165,EBB,1187,Y,0,332
AC,330,LCA,1197,FRA,340,Y,0,319 321
AC,330,CDG,1382,YYZ,193,,0,77W
AC,330,FCO,1555,YYZ,193,,0,333
AC,330,TLV,1590,YUL,146,,0,763
AC,330,GVA,1665,YUL,146,,0,333
AC,330,ZRH,1678,YUL,146,,0,330
AC,330,ZRH,1678,YYZ,193,,0,333
AC,330,IST,1701,YYZ,193,,0,763 77W
AC,330,PLS,1754,YUL,146,,0,319
AC,330,PLS,1754,YYZ,193,,0,E90
AC,330,POP,1761,YHZ,73,,0,319
AC,330,KIN,1779,YYZ,193,,0,319
AC,330,MBJ,1780,YUL,146,,0,319
AC,330,MBJ,1780,YYZ,193,,0,319
AC,330,MEX,1824,YVR,156,,0,319
AC,330,MEX,1824,YYZ,193,,0,319
AC,330,LIR,1881,YYZ,193,,0,319
AC,330,PAP,1897,YUL,146,,0,763
AC,330,VRA,1923,YUL,146,,0,320
AC,330,VRA,1923,YYZ,193,,0,319
AC,330,GCM,1926,YYZ,193,,0,E90
AC,330,JED,2072,ADD,1107,Y,0,333
AC,330,JED,2072,IST,1701,,0,321
AC,330,NRT,2279,YYC,178,,0,763
AC,330,LIM,2789,YYZ,193,,0,763
AC,330,ANU,2874,YYZ,193,,0,320
AC,330,BGI,2875,YYZ,193,,0,319
AC,330,DEL,3093,BRU,302,Y,0,332
AC,330,SYD,3361,YVR,156,,0,77L
AC,330,PEK,3364,YVR,156,,0,330 77W
AC,330,PEK,3364,YYZ,193,,0,77W
AC,330,PVG,3406,YYZ,193,,0,77L
AC,330,BOS,3448,YHZ,73,Y,0,CRJ
AC,330,BOS,3448,YYZ,193,,0,E90 E75
AC,330,OGG,3456,YVR,156,,0,763
AC,330,SFO,3469,YVR,156,,0,E90 320 319
AC,330,SFO,3469,YYC,178,Y,0,CR7
AC,330,LAX,3484,YUL,146,,0,319
AC,330,LAX,3484,YVR,156,,0,319
AC,330,LAX,3484,YYC,178,,0,319
AC,330,CLE,3486,YYZ,193,Y,0,DH1
AC,330,CVG,3488,YYZ,193,Y,0,CRJ
AC,330,EWR,3494,YYC,178,,0,E90
AC,330,EWR,3494,MSY,3861,Y,0,319 E70 320 738
AC,330,DCA,3520,YOW,100,Y,0,CRJ
AC,330,DCA,3520,YUL,146,Y,0,CRJ
AC,330,IAH,3550,YEG,49,Y,0,738 320 737 319
AC,330,IAH,3550,YYZ,193,Y,0,CRA
AC,330,MIA,3576,YYZ,193,,0,E90
AC,330,ROC,3622,YYZ,193,Y,0,BEH
AC,330,TPA,3646,YYZ,193,,0,319
AC,330,DFW,3670,YYZ,193,,0,E75
AC,330,BNA,3690,YYZ,193,Y,0,CRJ
AC,330,LGA,3697,YOW,100,Y,0,CRJ
AC,330,LGA,3697,YYZ,193,,0,E90 E75
AC,330,IAD,3714,YUL,146,Y,0,ERJ CRJ
AC,330,SAN,3731,YYZ,193,,0,319
AC,330,DEN,3751,YMM,90,Y,0,CR7
AC,330,DEN,3751,YUL,146,,0,E90
AC,330,DEN,3751,YVR,156,Y,0,319 320 CR7 738
AC,330,DEN,3751,YWG,160,Y,0,ERJ
AC,330,DEN,3751,ATL,3682,Y,0,CR7
AC,330,ORD,3830,YHZ,73,Y,0,ERJ
AC,330,ORD,3830,YQR,120,Y,0,CRJ
AC,330,ORD,3830,YVR,156,Y,0,319 320 739 737 738
AC,330,ORD,3830,YYC,178,Y,0,CR7 737
AC,330,ORD,3830,YYZ,193,,0,E75
AC,330,BWI,3849,YYZ,193,Y,0,DH1
AC,330,MSY,3861,YYZ,193,Y,0,CRA
AC,330,MSY,3861,EWR,3494,Y,0,738 ERJ 320 319
AC,330,MSY,3861,DEN,3751,Y,0,320 738 ERJ
AC,330,MCO,3878,YUL,146,,0,319
AC,330,ICN,3930,BKK,3885,Y,0,333 777
AC,330,VNO,3959,FRA,340,Y,0,320 321
AC,330,ZBF,5538,YUL,146,Y,0,DH3 DH1
AC,330,AZS,5810,YYZ,193,,0,319
AC,330,DOH,11051,FRA,340,Y,0,333
BT,333,BRU,302,RIX,3953,,0,735 DH4
BT,333,FRA,340,AUH,2179,,0,332 333
BT,333,HAM,342,RIX,3953,,0,DH4 735
BT,333,DUS,345,RIX,3953,,0,DH4
BT,333,HEL,421,RIX,3953,,0,73C DH4 735
BT,333,LGW,502,RIX,3953,,0,73C 735
BT,333,LHR,507,LIN,1529,,0,319
BT,333,AMS,580,AUH,2179,,0,332
BT,333,BLL,608,RIX,3953,,0,DH4
BT,333,WAW,679,RIX,3953,,0,DH4
BT,333,LCA,1197,RIX,3953,,0,735
BT,333,NCE,1354,RIX,3953,,0,735 73C
BT,333,BUD,1489,RIX,3953,,0,DH4 735
BT,333,OLB,1520,RIX,3953,,0,73C
BT,333,VCE,1551,RIX,3953,,0,73C 735
BT,333,FCO,1555,RIX,3953,,0,73C
BT,333,TLV,1590,RIX,3953,,0,73C 735
BT,333,LED,2948,RIX,3953,,0,DH4
BT,333,MSQ,2954,RIX,3953,,0,DH4 73C
BT,333,RIX,3953,FRA,340,,0,735 DH4 73C
BT,333,RIX,3953,TXL,351,,0,DH4 735
BT,333,RIX,3953,TKU,460,,0,DH4
BT,333,RIX,3953,LGW,502,,0,73C 735
BT,333,RIX,3953,ABZ,532,,0,735
BT,333,RIX,3953,AMS,580,,0,73C 735
BT,333,RIX,3953,GOT,687,,0,DH4
BT,333,RIX,3953,ARN,737,,0,DH4 735 73C 733
BT,333,RIX,3953,MXP,1524,,0,73C 735
BT,333,RIX,3953,MLA,1606,,0,73C
BT,333,RIX,3953,KGD,2952,,0,DH4
BT,333,RIX,3953,VKO,2988,,0,73G
BT,333,RIX,3953,ATH,3941,,0,73C
BT,333,RIX,3953,PLQ,3958,,0,DH4
BT,333,RIX,3953,DME,4029,,0,73C DH4 735
BT,333,RIX,3953,SAW,4317,,0,735
BT,333,VNO,3959,BRU,302,Y,0,AR1 319
BT,333,TBS,3973,RIX,3953,,0,73C 735
EL,336,SKG,1486,ROV,2964,,0,AR8
EL,336,DME,4029,SKG,1486,,0,AR8
TL,338,OOL,3321,ISA,3324,,0,E70
TL,338,KTA,3345,PHE,3349,,0,E70
TL,338,KNX,3347,DRW,3999,,0,E70
TL,338,PHE,3349,BME,4319,,0,E70
TL,338,PER,3351,KNX,3347,,0,E70
TL,338,DRW,3999,KNX,3347,,0,E70
TL,338,DRW,3999,GTE,6270,,0,EM2
TL,338,BME,4319,KTA,3345,,0,E70
TL,338,ELC,6265,MNG,6296,,0,EM2
TL,338,GTE,6270,DRW,3999,,0,EM2
TL,338,MNG,6296,DRW,3999,,0,EM2
TL,338,MNG,6296,MGT,6295,,0,EM2
TL,338,MCV,6297,DRW,3999,,0,E70
TL,338,GOV,6316,DRW,3999,,0,EM2
4N,341,YEG,49,YXY,176,,0,737
4N,341,YLW,87,YVR,156,,0,737
4N,341,YLW,87,YXY,176,,0,737
4N,341,YVR,156,YXY,176,,0,737
4N,341,YXY,176,YLW,87,,0,737
4N,341,YXY,176,YZF,196,,0,737
4N,341,YYC,178,YEG,49,,0,737
4N,341,YZF,196,YOW,100,,0,737
NZ,345,AIT,1958,RAR,1959,Y,0,SF3
NZ,345,NAN,1960,AKL,2006,,0,772 320 763 773
NZ,345,NOU,2005,AKL,2006,,0,320
NZ,345,AKL,2006,NAN,1960,,0,320 763 772 773
NZ,345,AKL,2006,TBU,1963,,0,320 763
NZ,345,AKL,2006,APW,1969,,0,320 763
NZ,345,AKL,2006,NOU,2005,Y,0,320
NZ,345,AKL,2006,TUO,2007,Y,0,BEH
NZ,345,AKL,2006,CHC,2009,,0,320 733
NZ,345,AKL,2006,DUD,2011,,0,320
NZ,345,AKL,2006,KAT,2018,Y,0,BEH
NZ,345,AKL,2006,NSN,2024,Y,0,AT7 DH3
NZ,345,AKL,2006,PMR,2028,Y,0,AT7 DH3
NZ,345,AKL,2006,PPQ,2029,Y,0,DH3
NZ,345,AKL,2006,ROT,2031,Y,0,DH3 BEH
NZ,345,AKL,2006,TRG,2034,Y,0,DH3 BEH AT7
NZ,345,AKL,2006,MEL,3339,,0,773 320
NZ,345,AKL,2006,PVG,3406,,0,763 772
NZ,345,AKL,2006,LAX,3484,,0,772 773
NZ,345,AKL,2006,PPT,4075,,0,763
NZ,345,TUO,2007,WLG,2042,Y,0,BEH
NZ,345,CHC,2009,IVC,2025,Y,0,AT7 DH3
NZ,345,CHC,2009,ROT,2031,Y,0,AT7
NZ,345,CHC,2009,TRG,2034,Y,0,DH3
NZ,345,CHC,2009,WLG,2042,,0,320 733 DH3
NZ,345,CHC,2009,BNE,3320,,0,320
NZ,345,DUD,2011,AKL,2006,,0,320
NZ,345,DUD,2011,WLG,2042,,0,320 733
NZ,345,GIS,2012,WLG,2042,Y,0,BEH
NZ,345,HLZ,2015,CHC,2009,Y,0,AT7 DH3
NZ,345,HLZ,2015,WLG,2042,Y,0,AT7 DH3
NZ,345,KAT,2018,AKL,2006,Y,0,BEH
NZ,345,NPL,2023,AKL,2006,Y,0,DH3 AT7
NZ,345,NPL,2023,WLG,2042,Y,0,DH3
NZ,345,PMR,2028,CHC,2009,Y,0,DH3 AT7
NZ,345,PMR,2028,WLG,2042,Y,0,BEH
NZ,345,ZQN,2030,WLG,2042,Y,0,AT7
NZ,345,ROT,2031,AKL,2006,Y,0,BEH DH3
NZ,345,ROT,2031,CHC,2009,Y,0,AT7
NZ,345,ROT,2031,WLG,2042,Y,0,DH3
NZ,345,TRG,2034,AKL,2006,Y,0,DH3 BEH AT7
NZ,345,TRG,2034,CHC,2009,Y,0,DH3
NZ,345,BHE,2037,WLG,2042,Y,0,DH3 BEH
NZ,345,WHK,2041,AKL,2006,Y,0,BEH
NZ,345,WLG,2042,TUO,2007,Y,0,BEH
NZ,345,WLG,2042,HLZ,2015,Y,0,AT7 DH3
NZ,345,WLG,2042,PMR,2028,Y,0,BEH
NZ,345,WLG,2042,ROT,2031,Y,0,DH3
NZ,345,WLG,2042,WRE,2045,Y,0,BEH
NZ,345,WLG,2042,NPE,4095,Y,0,DH3 AT7
NZ,345,WRE,2045,AKL,2006,Y,0,DH3 BEH
NZ,345,AUH,2179,SIN,3316,Y,0,332
NZ,345,NRT,2279,AKL,2006,,0,763 772
NZ,345,HKG,3077,AKL,2006,,0,772
NZ,345,SIN,3316,AUH,2179,Y,0,332
NZ,345,SIN,3316,BNE,3320,Y,0,332
NZ,345,BNE,3320,AKL,2006,,0,773 772 320 763
NZ,345,BNE,3320,CHC,2009,,0,320
NZ,345,BNE,3320,WLG,2042,Y,0,73H
NZ,345,BNE,3320,NLK,3359,,0,320
NZ,345,OOL,3321,AKL,2006,,0,320
NZ,345,MEL,3339,CHC,2009,,0,320
NZ,345,MEL,3339,PVG,3406,Y,0,330
NZ,345,KGI,3346,PER,3351,Y,0,E90 100
NZ,345,KNX,3347,PER,3351,Y,0,100
NZ,345,PER,3351,AKL,2006,,0,772
NZ,345,PER,3351,LEA,3348,Y,0,100
NZ,345,PER,3351,PBO,6314,Y,0,100
NZ,345,PER,3351,RVT,7577,Y,0,F50
NZ,345,PER,3351,DCN,9905,Y,0,320 100
NZ,345,NLK,3359,SYD,3361,,0,320
NZ,345,SYD,3361,AKL,2006,,0,763 320 772
NZ,345,SYD,3361,NLK,3359,,0,320
NZ,345,SYD,3361,PVG,3406,Y,0,330
NZ,345,SYD,3361,PQQ,6320,,0,AT7
NZ,345,PEK,3364,PVG,3406,Y,0,330
NZ,345,PVG,3406,AKL,2006,,0,772 763
NZ,345,PVG,3406,MEL,3339,Y,0,330
NZ,345,PVG,3406,SYD,3361,Y,0,330
NZ,345,SFO,3469,FRA,340,Y,0,744
NZ,345,SFO,3469,LHR,507,Y,0,777
NZ,345,SFO,3469,AKL,2006,,0,772 744
NZ,345,SFO,3469,SYD,3361,Y,0,777
NZ,345,LAX,3484,GDL,1804,Y,0,319
NZ,345,LAX,3484,RAR,1959,,0,763
NZ,345,LAX,3484,PPT,4075,Y,0,343
NZ,345,PPT,4075,LAX,3484,Y,0,343
NZ,345,NPE,4095,AKL,2006,Y,0,AT7 DH3
NZ,345,NPE,4095,WLG,2042,Y,0,DH3 AT7
NZ,345,ALH,6235,PER,3351,Y,0,F50
NZ,345,CNJ,6255,BNE,3320,Y,0,E90
NZ,345,EPR,6266,PER,3351,Y,0,F50
NZ,345,GET,6268,PER,3351,Y,0,F50 100
NZ,345,RVT,7577,PER,3351,Y,0,F50
NZ,345,DCN,9905,PER,3351,Y,0,320 100
GV,386,UGB,,PTH,6766,,0,BEC
GV,386,DLG,3460,AKN,3794,,0,BEC
GV,386,DUT,3860,IKO,7196,,0,BEC
GV,386,KQA,6134,DUT,3860,,0,BEC
GV,386,PTH,6766,AKN,3794,,0,BEC
GV,386,KCL,7155,KCQ,7153,,0,BEC
GV,386,KPV,7157,AKN,3794,,0,BEC
GV,386,AKB,7195,DUT,3860,,0,BEC
JW,397,NRT,2279,ICN,3930,,0,320
JW,397,CTS,2287,NRT,2279,,0,320
JW,397,ICN,3930,NRT,2279,,0,320
2B,410,GYD,2922,NBC,6969,,0,CR2
2B,410,LED,2948,UUA,6160,,0,CR2
2B,410,KGD,2952,EGO,6156,,0,CR2
2B,410,AER,2965,KZN,2990,,0,CR2
2B,410,ASF,2966,KZN,2990,,0,CR2
2B,410,CEK,2968,OVB,4078,,0,CR2
2B,410,NJC,2972,SVX,2975,,0,CR2
2B,410,SVX,2975,KZN,2990,,0,CR2
2B,410,SVX,2975,NBC,6969,,0,CR2
2B,410,OVB,4078,CEK,2968,,0,CR2
2B,410,OVB,4078,SVX,2975,,0,CR2
2B,410,NUX,4364,SVX,2975,,0,CR2
2B,410,EGO,6156,KGD,2952,,0,CR2
2B,410,NBC,6969,DME,4029,,0,CR2
AR,412,BCN,1218,EZE,3988,,0,340
AR,412,CUN,1852,EZE,3988,,0,340
AR,412,ROS,2440,AEP,2442,Y,0,E90
AR,412,AEP,2442,ROS,2440,Y,0,E90
AR,412,AEP,2442,SDE,2456,,0,737
AR,412,AEP,2442,IGR,2471,,0,737
AR,412,AEP,2442,SLA,2476,,0,737
AR,412,AEP,2442,VDM,2491,Y,0,E90
AR,412,AEP,2442,RGA,2495,,0,737
AR,412,AEP,2442,BHI,2501,,0,737
AR,412,AEP,2442,NQN,2509,,0,737
AR,412,AEP,2442,RSA,2512,Y,0,E90
AR,412,AEP,2442,CPC,2517,Y,0,E90
AR,412,AEP,2442,MVD,2816,,0,737
AR,412,AEP,2442,FTE,4061,,0,737
AR,412,COR,2443,AEP,2442,,0,737
AR,412,COR,2443,EZE,3988,,0,737
AR,412,MDZ,2452,COR,2443,,0,737
AR,412,MDZ,2452,EZE,3988,Y,0,E90
AR,412,AFA,2454,AEP,2442,Y,0,E90
AR,412,CTC,2455,AEP,2442,Y,0,E90
AR,412,IRJ,2458,AEP,2442,Y,0,E90
AR,412,UAQ,2461,AEP,2442,,0,737
AR,412,LUQ,2467,AEP,2442,Y,0,E90
AR,412,SLA,2476,MDZ,2452,Y,0,E90
AR,412,JUJ,2477,AEP,2442,,0,737
AR,412,JUJ,2477,COR,2443,Y,0,E90
AR,412,CRD,2487,AEP,2442,,0,737
AR,412,CRD,2487,NQN,2509,,0,737
AR,412,RGA,2495,AEP,2442,,0,737
AR,412,MDQ,2508,AEP,2442,,0,737
AR,412,BRC,2513,MDZ,2452,,0,737
AR,412,CPC,2517,AEP,2442,Y,0,E90
AR,412,GRU,2564,AEP,2442,,0,737
AR,412,ASU,2699,EZE,3988,,0,737
AR,412,CCS,2851,EZE,3988,,0,340
AR,412,JFK,3797,EZE,3988,,0,330
AR,412,EZE,3988,BCN,1218,,0,340
AR,412,EZE,3988,ROS,2440,Y,0,E90
AR,412,EZE,3988,USH,2497,,0,340
AR,412,EZE,3988,BRC,2513,,0,737
AR,412,EZE,3988,SCL,2650,Y,0,E90
AR,412,EZE,3988,CCS,2851,,0,340
AR,412,PDP,6777,AEP,2442,Y,0,E90
AR,412,RHD,8914,AEP,2442,Y,0,E90
QN,426,LED,2948,EVN,3964,,0,735
QN,426,EVN,3964,CDG,1382,,0,320
QN,426,EVN,3964,AER,2965,,0,735
QN,426,EVN,3964,SVX,2975,,0,735
QN,426,EVN,3964,VKO,2988,,0,320
QN,426,EVN,3964,ATH,3941,,0,735
AS,439,YEG,49,SEA,3577,Y,0,DH4
AS,439,YVR,156,SEA,3577,Y,0,DH4
AS,439,LTO,1817,LAX,3484,Y,0,DH4
AS,439,MEX,1824,LAX,3484,,0,73H
AS,439,SJD,1840,SAN,3731,,0,73H
AS,439,ZIH,1856,LAX,3484,,0,739
AS,439,ZLO,1858,LAX,3484,,0,73H
AS,439,SNP,3426,ANC,3774,Y,0,SF3
AS,439,STG,3428,ANC,3774,Y,0,SF3
AS,439,BOS,3448,PQI,3528,,0,SF3
AS,439,BOS,3448,SAN,3731,,0,73H
AS,439,OAK,3453,OGG,3456,,0,73H
AS,439,OGG,3456,PDX,3720,,0,73H
AS,439,OGG,3456,SMF,3817,,0,73H
AS,439,PHX,3462,LAX,3484,Y,0,CRJ
AS,439,PHX,3462,PDX,3720,,0,734 73G 73H
AS,439,GEG,3467,SEA,3577,,0,734
AS,439,SFO,3469,SJD,1840,,0,734
AS,439,SFO,3469,ORD,3830,Y,0,738
AS,439,SFO,3469,PSP,3839,,0,734
AS,439,LAX,3484,LTO,1817,Y,0,DH4
AS,439,LAX,3484,SJD,1840,,0,73J 734
AS,439,LAX,3484,BOS,3448,Y,0,757 738
AS,439,LAX,3484,SFO,3469,Y,0,738
AS,439,LAX,3484,IAH,3550,Y,0,CR7
AS,439,LAX,3484,ELP,3559,Y,0,CRJ
AS,439,LAX,3484,MIA,3576,Y,0,757 777 763 738
AS,439,LAX,3484,IND,3585,Y,0,738
AS,439,LAX,3484,LIH,3602,Y,0,757
AS,439,LAX,3484,RDU,3626,Y,0,738
AS,439,LAX,3484,DFW,3670,Y,0,738 763 757 M83
AS,439,LAX,3484,BNA,3690,Y,0,738
AS,439,LAX,3484,HNL,3728,Y,0,757 753
AS,439,LAX,3484,SAN,3731,Y,0,CRJ CR7
AS,439,LAX,3484,ANC,3774,,0,73G 739
AS,439,LAX,3484,SAF,3784,Y,0,CRJ
AS,439,LAX,3484,BDL,3825,Y,0,738
AS,439,LAX,3484,ORD,3830,Y,0,738
AS,439,LAX,3484,MSY,3861,Y,0,319
AS,439,LAX,3484,OKC,3863,Y,0,CR7
AS,439,LAX,3484,MCO,3878,Y,0,757 738
AS,439,LAX,3484,MRY,3948,Y,0,CRJ
AS,439,LAX,3484,STS,6992,Y,0,DH4
AS,439,JNU,3492,ANC,3774,,0,734 73Q
AS,439,JNU,3492,PSG,4147,,0,73Q
AS,439,JNU,3492,YAK,6803,,0,73Q
AS,439,EWR,3494,SEA,3577,,0,73J
AS,439,BOI,3495,PDX,3720,Y,0,DH4 CR7
AS,439,BOI,3495,SAN,3731,Y,0,CR7
AS,439,BOI,3495,SMF,3817,Y,0,DH4
AS,439,BOI,3495,LWS,3945,Y,0,DH4
AS,439,KOA,3514,OAK,3453,,0,73H
AS,439,KOA,3514,LAX,3484,Y,0,757
AS,439,DCA,3520,LAX,3484,,0,73H
AS,439,DCA,3520,PDX,3720,,0,73H
AS,439,PQI,3528,BOS,3448,,0,SF3
AS,439,ADQ,3531,ANC,3774,,0,734 73Q
AS,439,SLC,3536,SEA,3577,,0,739 734 73H 73G
AS,439,ELP,3559,LAX,3484,Y,0,CRJ
AS,439,PIT,3570,LAX,3484,Y,0,738
AS,439,BRW,3571,ANC,3774,,0,73Q
AS,439,MIA,3576,LAX,3484,Y,0,777 763 757 738
AS,439,MIA,3576,ATL,3682,Y,0,M88 757 M90 73H
AS,439,SEA,3577,YEG,49,Y,0,DH4
AS,439,SEA,3577,YVR,156,Y,0,DH4
AS,439,SEA,3577,YYC,178,Y,0,DH4
AS,439,SEA,3577,YYJ,184,Y,0,DH4
AS,439,SEA,3577,OMA,3454,Y,0,CR7
AS,439,SEA,3577,MCI,3458,,0,73J
AS,439,SEA,3577,GEG,3467,,0,734
AS,439,SEA,3577,SFO,3469,,0,73J 734 73G 73H 739
AS,439,SEA,3577,KOA,3514,,0,73H
AS,439,SEA,3577,FLL,3533,,0,73H
AS,439,SEA,3577,SLC,3536,,0,739 734 73H 73G
AS,439,SEA,3577,IAH,3550,,0,73J
AS,439,SEA,3577,SAT,3621,,0,73H 73J
AS,439,SEA,3577,DFW,3670,,0,73J 739
AS,439,SEA,3577,STL,3678,,0,73H 73J
AS,439,SEA,3577,PDX,3720,Y,0,DH4 CR7
AS,439,SEA,3577,HNL,3728,,0,73H
AS,439,SEA,3577,SAN,3731,,0,73H 73J 734 739 73G
AS,439,SEA,3577,RNO,3807,Y,0,DH4
AS,439,SEA,3577,KTN,3808,,0,73Q 734
AS,439,SEA,3577,COS,3819,,0,CR7
AS,439,SEA,3577,ORD,3830,,0,739 73J 73H
AS,439,SEA,3577,FAI,3832,,0,73G 73J 739 73H
AS,439,SEA,3577,PSP,3839,,0,73G 73H
AS,439,SEA,3577,SNA,3867,,0,73G 73H
AS,439,SEA,3577,LAS,3877,,0,73H 739 73G 73J
AS,439,SEA,3577,BIL,4021,Y,0,DH4
AS,439,SEA,3577,EUG,4099,Y,0,DH4
AS,439,SEA,3577,MSO,4216,Y,0,DH4
AS,439,SEA,3577,EAT,6916,Y,0,DH4
AS,439,IND,3585,LAX,3484,Y,0,738
AS,439,BET,3599,ANC,3774,,0,73Q 734
AS,439,LIH,3602,OAK,3453,,0,73H
AS,439,LIH,3602,LAX,3484,Y,0,757
AS,439,LIH,3602,SAN,3731,,0,73H
AS,439,CDV,3610,YAK,6803,,0,73Q
AS,439,ORF,3611,ATL,3682,Y,0,M90 M88 319
AS,439,OME,3615,OTZ,3693,,0,734
AS,439,OME,3615,ANC,3774,,0,73Q 734
AS,439,SAT,3621,SEA,3577,,0,73H 73J
AS,439,TUS,3636,SEA,3577,,0,73J
AS,439,HOM,3664,ANC,3774,Y,0,BE1 DH8
AS,439,DFW,3670,SNA,3867,Y,0,738
AS,439,STL,3678,SEA,3577,,0,73H 73J
AS,439,ATL,3682,PNS,3564,Y,0,M90 717
AS,439,ATL,3682,MIA,3576,Y,0,757 320 73H
AS,439,ATL,3682,PDX,3720,,0,73J 73H
AS,439,ATL,3682,PBI,3722,Y,0,757 M88 M90
AS,439,ATL,3682,CHS,3806,Y,0,M88 320 73W 717 319
AS,439,ATL,3682,MSY,3861,Y,0,757 M88 M90
AS,439,ATL,3682,CLT,3876,Y,0,M88 M90 319
AS,439,FAT,3687,PDX,3720,Y,0,DH4
AS,439,FAT,3687,SAN,3731,Y,0,DH4
AS,439,OTZ,3693,OME,3615,,0,73Q 734
AS,439,JAX,3712,ATL,3682,Y,0,757 739 M90 738
AS,439,PDX,3720,YVR,156,Y,0,DH4
AS,439,PDX,3720,PHX,3462,,0,734 73G 73H
AS,439,PDX,3720,SFO,3469,,0,734 73G
AS,439,PDX,3720,BOI,3495,Y,0,DH4 CR7
AS,439,PDX,3720,BUR,3644,Y,0,CR7
AS,439,PDX,3720,DTW,3645,Y,0,739
AS,439,PDX,3720,DFW,3670,,0,73J
AS,439,PDX,3720,ATL,3682,,0,73J
AS,439,PDX,3720,SJC,3748,,0,734 73G 73H
AS,439,PDX,3720,ANC,3774,,0,73H 734 73J 73G
AS,439,PDX,3720,PSP,3839,,0,734 73J
AS,439,PDX,3720,BIL,4021,Y,0,DH4
AS,439,PDX,3720,EUG,4099,Y,0,DH4
AS,439,HNL,3728,OAK,3453,,0,73H
AS,439,HNL,3728,LAX,3484,Y,0,757
AS,439,HNL,3728,SEA,3577,,0,73H
AS,439,HNL,3728,SAN,3731,,0,73H
AS,439,HNL,3728,BLI,3777,,0,73H
AS,439,SAN,3731,PVR,1836,,0,73J
AS,439,SAN,3731,OGG,3456,,0,73H
AS,439,SAN,3731,BOI,3495,Y,0,CR7
AS,439,SAN,3731,SLC,3536,Y,0,738 319 320
AS,439,SAN,3731,DTW,3645,Y,0,753 757
AS,439,SAN,3731,DFW,3670,Y,0,M83 M80 738 757
AS,439,SAN,3731,ATL,3682,Y,0,73H 763 739
AS,439,SAN,3731,FAT,3687,Y,0,DH4
AS,439,SAN,3731,JFK,3797,Y,0,73H 757
AS,439,SAN,3731,MSP,3858,Y,0,320 738 739
AS,439,SAN,3731,MRY,3948,Y,0,DH4
AS,439,SAN,3731,STS,6992,Y,0,DH4
AS,439,SJC,3748,SJD,1840,,0,734
AS,439,SJC,3748,OGG,3456,,0,73H
AS,439,SJC,3748,LIH,3602,,0,73H
AS,439,SJC,3748,HNL,3728,,0,73H
AS,439,PHL,3752,SEA,3577,,0,73J 73H
AS,439,CMH,3759,LAX,3484,Y,0,738
AS,439,ANC,3774,HOM,3664,Y,0,BE1 DH8
AS,439,ANC,3774,OTZ,3693,,0,73Q 734
AS,439,ANC,3774,HNL,3728,,0,73H
AS,439,ANC,3774,AKN,3794,Y,0,SF3
AS,439,ANC,3774,LAS,3877,,0,73H
AS,439,ANC,3774,MCG,5965,,0,SF3
AS,439,ANC,3774,SDP,6742,Y,0,SF3
AS,439,BLI,3777,HNL,3728,,0,73H
AS,439,SAF,3784,LAX,3484,Y,0,CRJ
AS,439,RSW,3793,ATL,3682,Y,0,M90 757 M88
AS,439,AKN,3794,ANC,3774,Y,0,SF3
AS,439,CHS,3806,ATL,3682,Y,0,M88 73W 717 319
AS,439,RNO,3807,SEA,3577,Y,0,DH4
AS,439,RNO,3807,PDX,3720,Y,0,DH4
AS,439,RNO,3807,SJC,3748,Y,0,DH4
AS,439,KTN,3808,JNU,3492,,0,734
AS,439,KTN,3808,SEA,3577,,0,734 73Q
AS,439,KTN,3808,SIT,3856,,0,734
AS,439,SMF,3817,OGG,3456,,0,73H
AS,439,SMF,3817,LAX,3484,Y,0,CRJ
AS,439,SMF,3817,BOI,3495,Y,0,DH4
AS,439,SMF,3817,SEA,3577,,0,73H
AS,439,COS,3819,SEA,3577,,0,CR7
AS,439,ORD,3830,SAN,3731,Y,0,738
AS,439,ORD,3830,ANC,3774,,0,73H
AS,439,FAI,3832,SEA,3577,,0,73J 73H 73G 739
AS,439,PSP,3839,SEA,3577,,0,73H 734 73J
AS,439,PSP,3839,SMF,3817,Y,0,DH4
AS,439,CDB,3854,ANC,3774,Y,0,SF3
AS,439,SIT,3856,JNU,3492,,0,734
AS,439,SIT,3856,KTN,3808,,0,734
AS,439,ISP,3857,BOS,3448,,0,SF3
AS,439,MSY,3861,LAX,3484,Y,0,319
AS,439,MCO,3878,LAX,3484,Y,0,757 738
AS,439,PUW,3944,SEA,3577,Y,0,DH4
AS,439,PUW,3944,LWS,3945,Y,0,DH4
AS,439,LWS,3945,PUW,3944,Y,0,DH4
AS,439,SBA,3949,SEA,3577,Y,0,CR7
AS,439,ABQ,4019,LAX,3484,Y,0,CR7 CRJ
AS,439,BIL,4021,SEA,3577,Y,0,DH4
AS,439,EUG,4099,SEA,3577,Y,0,DH4
AS,439,MFR,4101,PDX,3720,Y,0,DH4
AS,439,HSV,4113,ATL,3682,Y,0,M88 717 CR7 CRJ
AS,439,PSG,4147,JNU,3492,,0,73Q
AS,439,PSG,4147,WRG,5969,,0,73Q
AS,439,ALW,5719,SEA,3577,Y,0,DH4
AS,439,ADK,5959,ANC,3774,,0,734 73Q
AS,439,MCG,5965,ANC,3774,,0,SF3
AS,439,ANI,5967,ANC,3774,,0,SF3
AS,439,ANI,5967,MCG,5965,,0,SF3
AS,439,PSC,6133,PDX,3720,Y,0,DH4
AS,439,SDP,6742,ANC,3774,Y,0,SF3
AS,439,YAK,6803,JNU,3492,,0,73Q
AS,439,YAK,6803,CDV,3610,,0,73Q
AS,439,STS,6992,LAX,3484,Y,0,DH4
AS,439,STS,6992,SEA,3577,Y,0,DH4
4D,442,TLV,1590,CAI,1128,,0,E70
OB,462,CBB,2759,CIJ,2761,,0,733
OB,462,CBB,2759,LPB,2762,,0,733
OB,462,LPB,2762,CBB,2759,,0,733
OB,462,LPB,2762,CIJ,2761,,0,733
OB,462,LPB,2762,TJA,2768,,0,733
OB,462,SRE,2767,LPB,2762,,0,733
OB,462,TJA,2768,VVI,2771,,0,733
OB,462,VVI,2771,MAD,1229,,0,762
OB,462,EZE,3988,VVI,2771,,0,733
2J,470,OUA,246,NIM,280,,0,CRJ
2J,470,OUA,246,BKO,1044,,0,M87 CRJ
2J,470,BOY,247,ABJ,253,,0,CRJ
2J,470,BKO,1044,ABJ,253,,0,M87
FO,476,DMM,2064,ADE,3977,,0,CR7
FO,476,RIY,3974,SAH,3980,,0,CR7
FO,476,TAI,3975,DMM,2064,,0,CR7
FO,476,ADE,3977,SHJ,2191,,0,CR7
FO,476,SAH,3980,RIY,3974,,0,CR7
FO,476,SAH,3980,TAI,3975,,0,CR7
FO,476,SAH,3980,HOD,3976,,0,CR7
FO,476,SAH,3980,ADE,3977,,0,CR7
FO,476,SAH,3980,GXF,5954,,0,CR7
PJ,477,YHZ,73,FSP,1441,,0,ATR
PJ,477,YUL,146,FSP,1441,,0,ATR
PJ,477,FSP,1441,YHZ,73,,0,ATR
OS,491,DUS,345,GRZ,1609,Y,0,DH4
OS,491,MUC,346,GRZ,1609,Y,0,CR9 CR7
OS,491,LEJ,348,VIE,1613,Y,0,DH4
OS,491,STR,350,VIE,1613,Y,0,319 100 F70 320 DH4 CRJ
OS,491,OSL,644,VIE,1613,Y,0,319 100 F70
OS,491,WAW,679,VIE,1613,Y,0,E95 F70 100 DH4 E75
OS,491,LPA,1054,VIE,1613,Y,0,320
OS,491,TFS,1056,VIE,1613,Y,0,320
OS,491,CAI,1128,VIE,1613,Y,0,319 738 E70
OS,491,VAR,1196,VIE,1613,Y,0,320 100 F70
OS,491,CHQ,1474,VIE,1613,Y,0,320
OS,491,BUD,1489,VIE,1613,Y,0,DH4 100 F70
OS,491,CTA,1509,VIE,1613,Y,0,320 100
OS,491,OLB,1520,VIE,1613,Y,0,320
OS,491,BLQ,1538,VIE,1613,Y,0,100 F70 DH4
OS,491,FCO,1555,VIE,1613,Y,0,320 100 319
OS,491,FLR,1563,VIE,1613,Y,0,DH4 F70
OS,491,GRZ,1609,MUC,346,Y,0,CR9 CR7
OS,491,GRZ,1609,VIE,1613,Y,0,100 DH4 F70
OS,491,SZG,1612,FRA,340,Y,0,100
OS,491,VIE,1613,HAM,342,Y,0,320 319 321 CRJ
OS,491,VIE,1613,MUC,346,Y,0,320 E95 319 100 CR9 F70
OS,491,VIE,1613,LEJ,348,Y,0,DH4
OS,491,VIE,1613,LHR,507,Y,0,320 321
OS,491,VIE,1613,CPH,609,Y,0,320 100 319
OS,491,VIE,1613,OSL,644,Y,0,100 F70
OS,491,VIE,1613,WAW,679,Y,0,F70 E95 100 DH4 E75
OS,491,VIE,1613,HRG,1130,Y,0,319
OS,491,VIE,1613,SOF,1194,Y,0,100 320 321 319 F70
OS,491,VIE,1613,VAR,1196,Y,0,320 100 F70
OS,491,VIE,1613,LYS,1335,Y,0,DH4 F70
OS,491,VIE,1613,HER,1452,Y,0,320
OS,491,VIE,1613,RHO,1472,Y,0,320
OS,491,VIE,1613,SKG,1486,Y,0,320 100
OS,491,VIE,1613,PMO,1512,Y,0,F70
OS,491,VIE,1613,MXP,1524,Y,0,319 320 100
OS,491,VIE,1613,BLQ,1538,Y,0,F70 DH4 100
OS,491,VIE,1613,VCE,1551,Y,0,DH4
OS,491,VIE,1613,FCO,1555,Y,0,320 100 319
OS,491,VIE,1613,SJJ,1646,Y,0,320 100 319
OS,491,VIE,1613,OTP,1657,Y,0,320 319 100 321
OS,491,VIE,1613,IST,1701,Y,0,320 100 319
OS,491,VIE,1613,BEG,1739,Y,0,F70 319 DH4 100 320
OS,491,VIE,1613,KSC,1746,Y,0,DH4 100 F70
OS,491,VIE,1613,AMM,2170,Y,0,320 319
OS,491,VIE,1613,NRT,2279,,0,772
OS,491,VIE,1613,ODS,2947,Y,0,E90
OS,491,VIE,1613,MSQ,2954,Y,0,100 F70 320 319 321
OS,491,VIE,1613,ROV,2964,Y,0,F70 100
OS,491,VIE,1613,DEL,3093,Y,0,767 763
OS,491,VIE,1613,JFK,3797,Y,0,772
OS,491,VIE,1613,ORD,3830,Y,0,763
OS,491,VIE,1613,BKK,3885,,0,772
OS,491,VIE,1613,ATH,3941,Y,0,321 320
OS,491,VIE,1613,RIX,3953,Y,0,73C 735 DH4
OS,491,VIE,1613,VNO,3959,Y,0,100 F70
OS,491,VIE,1613,EVN,3964,Y,0,320 321
OS,491,VIE,1613,TBS,3973,Y,0,735
OS,491,VIE,1613,PMI,3998,Y,0,319
OS,491,VIE,1613,KLU,4322,Y,0,DH4
OS,491,ZRH,1678,VIE,1613,Y,0,32A 320 319 321 AR1
OS,491,TGD,1741,VIE,1613,Y,0,100 DH4
OS,491,DXB,2188,VIE,1613,Y,0,763
OS,491,NRT,2279,VIE,1613,,0,772
OS,491,GYD,2922,VIE,1613,Y,0,319
OS,491,MSQ,2954,VIE,1613,Y,0,F70 100 320 319 321
OS,491,KRR,2960,VIE,1613,Y,0,100 F70 319
OS,491,PEK,3364,VIE,1613,Y,0,763 767
OS,491,ATH,3941,VIE,1613,Y,0,321 320
OS,491,EVN,3964,VIE,1613,Y,0,320 321
OS,491,EBL,3989,VIE,1613,Y,0,319
OS,491,DME,4029,VIE,1613,Y,0,320
OS,491,FNC,4091,VIE,1613,Y,0,321
OS,491,KLU,4322,CGN,344,Y,0,CRJ
OS,491,KLU,4322,TXL,351,Y,0,319 CRJ
MO,502,YBK,29,YRT,132,,0,AT4
MO,502,YZS,41,YUT,147,,0,AT4
MO,502,YEK,50,YRT,132,,0,AT4
MO,502,YFB,55,YRT,132,Y,0,73M
MO,502,YFO,58,YTH,141,,0,FRJ
MO,502,YRT,132,YBK,29,,0,AT4
MO,502,YRT,132,YEK,50,,0,AT4
MO,502,YRT,132,YCS,5487,,0,AT4
MO,502,YRT,132,YXN,5534,,0,AT4
MO,502,YTH,141,YWG,160,,0,FRJ AT4
MO,502,YTH,141,YGX,5497,,0,AT4
MO,502,YWG,160,YFO,58,,0,FRJ AT4
MO,502,YWG,160,YRT,132,,0,FRJ AT4
MO,502,YWG,160,YTH,141,,0,AT4 FRJ
MO,502,YWG,160,YSK,5529,,0,AT4
MO,502,YYQ,187,YEK,50,,0,AT4
MO,502,YYQ,187,YRT,132,,0,FRJ AT4
MO,502,YYQ,187,YTH,141,,0,AT4
MO,502,YCS,5487,YBK,29,,0,AT4
MO,502,YCS,5487,YRT,132,,0,AT4
MO,502,YQD,5524,YFO,58,,0,AT4
5N,503,LED,2948,SCW,2989,,0,735
5N,503,LED,2948,ARH,4362,,0,735
5N,503,MMK,2949,TOS,663,Y,0,AN4
5N,503,MMK,2949,LED,2948,,0,735
5N,503,MMK,2949,ARH,4362,Y,0,AN4
5N,503,SVO,2985,MMK,2949,,0,735
5N,503,SVO,2985,SCW,2989,,0,735
5N,503,SVO,2985,ARH,4362,,0,735
5N,503,ARH,4362,SVO,2985,,0,735
5N,503,ARH,4362,USK,4369,Y,0,AN4
5N,503,CSH,6110,ARH,4362,Y,0,AN4
GR,508,SOU,495,ACI,497,,0,BNT
GR,508,ACI,497,SOU,495,,0,BNT
GR,508,ACI,497,GCI,498,,0,BNT
GR,508,GCI,498,MAN,478,,0,AT7
GR,508,GCI,498,STN,548,,0,AT7
GR,508,GCI,498,DNR,1405,,0,BNT
AV,515,YYZ,193,MEX,1824,,0,319
AV,515,YYZ,193,SAL,1892,,0,320
AV,515,BCN,1218,BOG,2709,,0,330
AV,515,PUJ,1760,BOG,2709,,0,320 319
AV,515,SDQ,1762,LIM,2789,,0,320 319
AV,515,GUA,1767,SAP,1772,,0,ATR
AV,515,GUA,1767,TGU,1776,,0,ATR
AV,515,GUA,1767,SJO,1885,,0,320
AV,515,GUA,1767,SAL,1892,,0,E90 319 320 321
AV,515,GUA,1767,MIA,3576,,0,E90
AV,515,SAP,1772,SAL,1892,,0,E90 ATR 320 319
AV,515,SAP,1772,MIA,3576,,0,320 E90 319
AV,515,SAP,1772,JFK,3797,,0,320
AV,515,TGU,1776,GUA,1767,,0,ATR
AV,515,TGU,1776,SJO,1885,,0,ATR
AV,515,MEX,1824,BOG,2709,,0,320 737 330
AV,515,MEX,1824,LIM,2789,,0,319 320
AV,515,CUN,1852,SAL,1892,,0,321 320 E90
AV,515,PTY,1871,SJO,1885,,0,E90 319
AV,515,PTY,1871,BOG,2709,,0,319 73G 330 320
AV,515,SJO,1885,GUA,1767,,0,320
AV,515,SJO,1885,SAP,1772,,0,ATR
AV,515,SJO,1885,PTY,1871,,0,319 E90
AV,515,SJO,1885,SAL,1892,,0,E90 320 321 319
AV,515,SJO,1885,LIM,2789,,0,320
AV,515,SAL,1892,YYZ,193,,0,320
AV,515,SAL,1892,MEX,1824,,0,319 320
AV,515,SAL,1892,LIR,1881,,0,ATR
AV,515,SAL,1892,SJO,1885,,0,320 E90 321 319
AV,515,SAL,1892,BZE,1957,,0,E90
AV,515,SAL,1892,MDE,2745,,0,E90
AV,515,SAL,1892,IAH,3550,,0,738 E90
AV,515,SAL,1892,JFK,3797,,0,320 321
AV,515,SAL,1892,ORD,3830,,0,319
AV,515,BZE,1957,SAL,1892,,0,E90
AV,515,GIG,2560,BOG,2709,,0,319
AV,515,GRU,2564,BOG,2709,,0,319 330
AV,515,POA,2599,LIM,2789,,0,319 320
AV,515,SCL,2650,ANF,2651,Y,0,319
AV,515,GYE,2673,SAL,1892,,0,E90
AV,515,GYE,2673,BOG,2709,Y,0,319
AV,515,UIO,2688,SAL,1892,,0,319 320
AV,515,UIO,2688,BOG,2709,Y,0,320 319
AV,515,BGA,2708,BOG,2709,,0,320 319 AT7 318
AV,515,BGA,2708,MDE,2745,,0,320
AV,515,BOG,2709,BCN,1218,,0,330
AV,515,BOG,2709,MEX,1824,,0,330 320 737
AV,515,BOG,2709,PTY,1871,,0,319 330 73G 320
AV,515,BOG,2709,GRU,2564,,0,319 330
AV,515,BOG,2709,GYE,2673,Y,0,319
AV,515,BOG,2709,AXM,2705,,0,AT7 320 318 319
AV,515,BOG,2709,BAQ,2710,,0,320 318 319
AV,515,BOG,2709,BUN,2712,Y,0,AT5
AV,515,BOG,2709,CTG,2714,,0,318 320 319
AV,515,BOG,2709,CLO,2715,,0,320 319 AT7 318 330
AV,515,BOG,2709,FLA,2719,,0,AT7
AV,515,BOG,2709,IBE,2724,,0,AT7
AV,515,BOG,2709,LET,2728,,0,320 E90 318
AV,515,BOG,2709,MDE,2745,,0,320 319 318
AV,515,BOG,2709,AUC,2752,Y,0,AT5 ER4
AV,515,BOG,2709,UIB,2753,Y,0,AT5
AV,515,BOG,2709,LPB,2762,,0,319
AV,515,BOG,2709,CCS,2851,,0,320 330
AV,515,BOG,2709,SJU,2890,,0,319
AV,515,BOG,2709,AUA,2895,,0,320 319
AV,515,BOG,2709,CUR,2897,,0,319 318 320
AV,515,BOG,2709,MIA,3576,,0,330 319
AV,515,BOG,2709,IAD,3714,,0,319
AV,515,BOG,2709,JFK,3797,,0,319 330
AV,515,BOG,2709,EZE,3988,,0,330
AV,515,BOG,2709,EYP,6055,,0,AT7
AV,515,BAQ,2710,BOG,2709,,0,319 318 320
AV,515,CTG,2714,CLO,2715,,0,318 320
AV,515,CTG,2714,MDE,2745,,0,320 318
AV,515,CLO,2715,MAD,1229,,0,330
AV,515,CLO,2715,SAL,1892,,0,E90
AV,515,CLO,2715,BOG,2709,,0,318 320 319 AT7 330
AV,515,CLO,2715,CTG,2714,,0,318 320
AV,515,CLO,2715,GPI,2722,Y,0,AT5
AV,515,CLO,2715,PSO,2742,,0,AT7
AV,515,CLO,2715,MDE,2745,,0,320 319 AT7 318
AV,515,APO,2726,EOH,2729,Y,0,AT5 AT7
AV,515,MTR,2731,BOG,2709,,0,318 320 319
AV,515,MVP,2732,VVC,2756,Y,0,AT5
AV,515,NVA,2734,BOG,2709,,0,318 AT7
AV,515,PEI,2739,BOG,2709,,0,320 318 AT7 319
AV,515,PSO,2742,BOG,2709,,0,318
AV,515,PSO,2742,CLO,2715,,0,AT7
AV,515,MDE,2745,BGA,2708,,0,320
AV,515,MDE,2745,CUC,2713,,0,318
AV,515,MDE,2745,CLO,2715,,0,319 318 AT7 320
AV,515,MDE,2745,SMR,2748,,0,318 320
AV,515,MDE,2745,JFK,3797,,0,319
AV,515,RCH,2746,BOG,2709,,0,320 318 319
AV,515,SJE,2747,BOG,2709,Y,0,AT5
AV,515,LIM,2789,SJO,1885,,0,320
AV,515,LIM,2789,ASU,2699,,0,E90
AV,515,SJU,2890,BOG,2709,,0,319
AV,515,CUR,2897,BOG,2709,,0,319 318 320
AV,515,SFO,3469,SAL,1892,,0,319 320
AV,515,EWR,3494,SAL,1892,,0,320 738
AV,515,IAH,3550,SAL,1892,,0,738 E90
AV,515,IAH,3550,BOG,2709,,0,752 73G
AV,515,MIA,3576,SAP,1772,,0,320 E90 319
AV,515,MIA,3576,BOG,2709,,0,319 330
AV,515,MIA,3576,CTG,2714,,0,318 320
AV,515,MIA,3576,CLO,2715,,0,319 318 320
AV,515,DFW,3670,SAL,1892,,0,E90
AV,515,IAD,3714,BOG,2709,,0,319
AV,515,JFK,3797,BOG,2709,,0,319 330
AV,515,CLT,3876,SJO,1885,,0,319
AV,515,EZE,3988,LIM,2789,,0,330 321
NF,524,VLI,1997,TAH,4242,,0,ATR YN2 DHT BNI
NF,524,VLI,1997,EAE,5896,,0,BNI
NF,524,VLI,1997,PBJ,5900,,0,DHT
NF,524,NOU,2005,VLI,1997,,0,ATR
NF,524,BNE,3320,VLI,1997,,0,738
NF,524,SYD,3361,VLI,1997,,0,738
NF,524,TAH,4242,VLI,1997,,0,ATR YN2 DHT BNI
NF,524,TAH,4242,AWD,5915,,0,YN2 BNI
NF,524,TOH,5895,ZGU,5906,,0,DHT
NF,524,CCV,5897,LNB,5902,,0,DHT
NF,524,CCV,5897,NUS,5905,,0,YN2 DHT
NF,524,CCV,5897,ULB,5910,,0,DHT YN2
NF,524,SSR,5899,SON,5908,,0,DHT
NF,524,PBJ,5900,VLI,1997,,0,DHT
NF,524,PBJ,5900,ULB,5910,,0,DHT
NF,524,LPM,5901,VLI,1997,,0,DHT
NF,524,LNB,5902,CCV,5897,,0,DHT
NF,524,LNE,5904,VLI,1997,,0,DHT
NF,524,NUS,5905,CCV,5897,,0,DHT YN2
NF,524,NUS,5905,SON,5908,,0,DHT YN2
NF,524,NUS,5905,SWJ,5912,,0,DHT
NF,524,ZGU,5906,MTV,5893,,0,DHT
NF,524,ZGU,5906,TOH,5895,,0,DHT
NF,524,SON,5908,LOD,5898,,0,DHT YN2 BNI
NF,524,SON,5908,SSR,5899,,0,DHT
NF,524,SON,5908,WLH,6771,,0,DHT YN2
NF,524,ULB,5910,VLI,1997,,0,YN2
NF,524,ULB,5910,CCV,5897,,0,DHT
NF,524,SWJ,5912,NUS,5905,,0,DHT
NF,524,AUY,5914,TAH,4242,,0,YN2 BNI
NF,524,DLY,5916,VLI,1997,,0,YN2
NF,524,DLY,5916,IPA,5918,,0,YN2
NF,524,FTA,5917,AWD,5915,,0,YN2
NF,524,IPA,5918,TAH,4242,,0,YN2
B9,543,AWZ,2104,KIH,2109,,0,M82
B9,543,AWZ,2104,SYZ,2157,,0,M82
B9,543,AWZ,2104,MHD,4331,,0,M82
B9,543,KIH,2109,AWZ,2104,,0,M82
B9,543,IFN,2121,AWZ,2104,,0,M82
B9,543,RAS,2123,MHD,4331,,0,M82
B9,543,THR,2131,AWZ,2104,,0,M82
B9,543,SYZ,2157,AWZ,2104,,0,M82
B9,543,SYZ,2157,MHD,4331,,0,M82
B9,543,TBZ,2162,THR,2131,,0,M82
B9,543,TBZ,2162,MHD,4331,,0,M82
B9,543,AZD,2164,MHD,4331,,0,M82
B9,543,ZAH,2167,MHD,4331,,0,M82
B9,543,MHD,4331,ABD,2097,,0,M82
B9,543,MHD,4331,KSH,2114,,0,M82
B9,543,MHD,4331,IFN,2121,,0,M82
B9,543,MHD,4331,AZD,2164,,0,M82
B9,543,MHD,4331,ZAH,2167,,0,M82
B9,543,MHD,4331,GSM,5712,,0,M82
B9,543,GSM,5712,MHD,4331,,0,M82
B9,543,SRY,5933,MHD,4331,,0,M82
TX,567,DZA,915,TNR,918,Y,0,332
TX,567,RUN,916,ORY,1386,Y,0,747
TX,567,ORY,1386,PAP,1897,,0,333
TX,567,ORY,1386,PTP,2881,,0,333 332
TX,567,SDQ,1762,PTP,2881,,0,AT7
TX,567,PAP,1897,PTP,2881,,0,AT7
TX,567,SFG,2879,PTP,2881,,0,AT7
TX,567,PTP,2881,ORY,1386,,0,333 332
IX,569,DMM,2064,CCJ,3137,,0,738
IX,569,AUH,2179,COK,3136,,0,738
IX,569,AUH,2179,CCJ,3137,,0,738
IX,569,AUH,2179,TRV,3153,,0,738
IX,569,SHJ,2191,COK,3136,,0,738
IX,569,SHJ,2191,TRV,3153,,0,738
IX,569,MCT,2194,TRV,3153,,0,738
IX,569,BOM,2997,CCJ,3137,,0,738
IX,569,BOM,2997,MAA,3144,,0,738
IX,569,BOM,2997,TRV,3153,,0,738
IX,569,JAI,3098,SHJ,2191,,0,738
IX,569,COK,3136,AUH,2179,,0,738
IX,569,COK,3136,MCT,2194,,0,738
IX,569,COK,3136,BOM,2997,,0,738
IX,569,COK,3136,TRV,3153,,0,738
IX,569,CCJ,3137,KWI,2176,,0,738
IX,569,CCJ,3137,DXB,2188,,0,738
IX,569,CCJ,3137,SLL,2195,,0,738
IX,569,CCJ,3137,IXE,3143,,0,738
IX,569,IXE,3143,DMM,2064,,0,738
IX,569,IXE,3143,AUH,2179,,0,738
IX,569,IXE,3143,SHJ,2191,,0,738
IX,569,MAA,3144,BOM,2997,,0,738
IX,569,MAA,3144,TRZ,3152,,0,738
IX,569,TRZ,3152,SIN,3316,,0,738
IX,569,TRV,3153,AUH,2179,,0,738
IX,569,TRV,3153,DXB,2188,,0,738
IX,569,TRV,3153,SHJ,2191,,0,738
IX,569,KUL,3304,MAA,3144,,0,738
IX,569,DOH,11051,BAH,2057,,0,738
IX,569,DOH,11051,CCJ,3137,,0,738
AK,576,REP,3035,KUL,3304,,0,320
AK,576,HKG,3077,BKI,3269,,0,320
AK,576,MAA,3144,KUL,3304,,0,320
AK,576,HDY,3181,KUL,3304,,0,320
AK,576,HAN,3199,KUL,3304,,0,320
AK,576,RGN,3239,KUL,3304,,0,320
AK,576,KCH,3263,MYY,3266,,0,320
AK,576,KCH,3263,SBW,3267,,0,320
AK,576,KCH,3263,BKI,3269,,0,320
AK,576,KCH,3263,JHB,3303,,0,320
AK,576,MYY,3266,KCH,3263,,0,320
AK,576,MYY,3266,BKI,3269,,0,320
AK,576,MYY,3266,JHB,3303,,0,320
AK,576,MYY,3266,KUL,3304,,0,320
AK,576,MYY,3266,PEN,3308,,0,320
AK,576,SBW,3267,JHB,3303,,0,320
AK,576,BKI,3269,TPE,2276,,0,320
AK,576,BKI,3269,SIN,3316,,0,320
AK,576,BKI,3269,CAN,3370,,0,320
AK,576,BKI,3269,SZX,3374,,0,320
AK,576,BKI,3269,SDK,4141,,0,320
AK,576,TWU,3271,JHB,3303,,0,320
AK,576,PKU,3273,KUL,3304,,0,320
AK,576,CGK,3275,KUL,3304,,0,320
AK,576,AOR,3296,KUL,3304,,0,320
AK,576,KBR,3298,KCH,3263,,0,320
AK,576,JHB,3303,KCH,3263,,0,320
AK,576,JHB,3303,KUL,3304,,0,320
AK,576,KUL,3304,REP,3035,,0,320
AK,576,KUL,3304,HKG,3077,,0,320
AK,576,KUL,3304,MFM,3121,,0,320
AK,576,KUL,3304,BLR,3131,,0,320
AK,576,KUL,3304,HDY,3181,,0,320
AK,576,KUL,3304,HAN,3199,,0,320
AK,576,KUL,3304,BTU,3262,,0,320
AK,576,KUL,3304,KCH,3263,,0,320
AK,576,KUL,3304,MYY,3266,,0,320
AK,576,KUL,3304,SBW,3267,,0,320
AK,576,KUL,3304,PKU,3273,,0,320
AK,576,KUL,3304,CGK,3275,,0,320
AK,576,KUL,3304,PLM,3289,,0,320
AK,576,KUL,3304,TGG,3307,,0,320
AK,576,KUL,3304,CAN,3370,,0,320
AK,576,KUL,3304,KWL,3372,,0,320
AK,576,KUL,3304,SZX,3374,,0,320
AK,576,KUL,3304,URT,4000,,0,320
AK,576,KUL,3304,SDK,4141,,0,320
AK,576,LGK,3305,SIN,3316,,0,320
AK,576,PEN,3308,KCH,3263,,0,320
AK,576,PEN,3308,JHB,3303,,0,320
AK,576,PEN,3308,SIN,3316,,0,320
AK,576,SIN,3316,BKI,3269,,0,320
AK,576,SIN,3316,KBR,3298,,0,320
AK,576,SIN,3316,KUL,3304,,0,320
AK,576,SIN,3316,PEN,3308,,0,320
AK,576,CAN,3370,BKI,3269,,0,320
AK,576,CAN,3370,KUL,3304,,0,320
AK,576,NNG,3373,KUL,3304,,0,320
AK,576,HGH,3386,BKI,3269,,0,320
AK,576,SRG,3901,KUL,3304,,0,320
AK,576,SOC,3929,KUL,3304,,0,320
AK,576,CNX,3931,KUL,3304,,0,320
AK,576,DPS,3940,KUL,3304,,0,320
AK,576,URT,4000,KUL,3304,,0,320
AK,576,PDG,8807,KUL,3304,,0,320
3G,595,ACC,248,LOS,273,,0,319
3G,595,ACC,248,DKR,1084,,0,319
3G,595,LOS,273,DLA,897,,0,319
3G,595,LOS,273,ROB,1063,,0,319
3G,595,DLA,897,LOS,273,,0,319
3G,595,BJL,1050,BCN,1218,,0,319
3G,595,FNA,1059,LGW,502,,0,319
3G,595,ROB,1063,ACC,248,,0,319
3G,595,ROB,1063,LOS,273,,0,319
3G,595,ROB,1063,FNA,1059,,0,319
3G,595,DKR,1084,ACC,248,,0,319
3G,595,DKR,1084,LOS,273,,0,319
3G,595,DKR,1084,BJL,1050,,0,319
3G,595,DKR,1084,FNA,1059,,0,319
3G,595,BCN,1218,BJL,1050,,0,319
AZ,596,YYZ,193,FCO,1555,,0,332
AZ,596,YYZ,193,DTW,3645,Y,0,CRJ
AZ,596,ALG,210,FCO,1555,,0,319 32S
AZ,596,ORN,231,FCO,1555,,0,E75
AZ,596,ACC,248,FCO,1555,,0,330
AZ,596,FRA,340,FCO,1555,,0,319 E75 E90 32S
AZ,596,FRA,340,HAN,3199,Y,0,777
AZ,596,DUS,345,CDG,1382,Y,0,318 320
AZ,596,MUC,346,FCO,1555,,0,319 32S
AZ,596,NUE,347,CDG,1382,Y,0,E70
AZ,596,STR,350,CTA,1509,,0,320
AZ,596,TXL,351,AMS,580,Y,0,737
AZ,596,TXL,351,CDG,1382,Y,0,321 319 320 318
AZ,596,HAJ,352,AMS,580,Y,0,E90 F70
AZ,596,HAJ,352,CDG,1382,Y,0,E70
AZ,596,MAN,478,CDG,1382,Y,0,321 320
AZ,596,LGW,502,CTA,1509,,0,320
AZ,596,LGW,502,PMO,1512,,0,320
AZ,596,LBA,517,AMS,580,Y,0,F70
AZ,596,GLA,534,AMS,580,Y,0,737
AZ,596,EDI,535,CDG,1382,Y,0,AR8
AZ,596,AMS,580,HAM,342,Y,0,737 F70 E90
AZ,596,AMS,580,CGN,344,Y,0,F70
AZ,596,AMS,580,DUS,345,Y,0,F70
AZ,596,AMS,580,HEL,421,Y,0,737
AZ,596,AMS,580,BRS,490,Y,0,E90
AZ,596,AMS,580,LBA,517,Y,0,F70
AZ,596,AMS,580,AES,630,Y,0,E90
AZ,596,AMS,580,LIN,1529,,0,32S 321
AZ,596,AMS,580,FCO,1555,,0,321 32S 320 319
AZ,596,AMS,580,FLR,1563,,0,E90
AZ,596,AMS,580,PTY,1871,Y,0,777 77W
AZ,596,AMS,580,LIM,2789,Y,0,77W 777
AZ,596,AMS,580,NBO,4059,Y,0,747
AZ,596,BLL,608,AMS,580,Y,0,737 F70 E90
AZ,596,BLL,608,CDG,1382,Y,0,E90
AZ,596,CPH,609,VCE,1551,Y,0,320
AZ,596,LUX,629,MXP,1524,Y,0,DH4 ER4
AZ,596,KRS,638,AMS,580,Y,0,F70 E90
AZ,596,TRD,665,AMS,580,Y,0,E90
AZ,596,SVG,666,AMS,580,Y,0,737 E90 F70
AZ,596,WAW,679,FCO,1555,,0,32S
AZ,596,DKR,1084,CDG,1382,Y,0,77W
AZ,596,CAI,1128,FCO,1555,,0,319 32S
AZ,596,TIP,1157,FCO,1555,,0,319
AZ,596,TIA,1190,BRI,1501,,0,32S 319
AZ,596,TIA,1190,MXP,1524,Y,0,320
AZ,596,TIA,1190,BLQ,1538,Y,0,320
AZ,596,TIA,1190,FCO,1555,,0,32S 319 E90 E75
AZ,596,LCA,1197,ATH,3941,,0,320
AZ,596,BCN,1218,TFN,1057,Y,0,738
AZ,596,BCN,1218,PMI,3998,Y,0,E90
AZ,596,MAD,1229,TFN,1057,Y,0,738 332
AZ,596,MAD,1229,VGO,1250,Y,0,E90
AZ,596,MAD,1229,FCO,1555,,0,321 32S 319 320
AZ,596,MAD,1229,PMI,3998,Y,0,738 E90
AZ,596,VLC,1246,PMI,3998,Y,0,E90
AZ,596,VGO,1250,CDG,1382,Y,0,E70
AZ,596,BOD,1264,CDG,1382,Y,0,321 320 32A 318
AZ,596,TLS,1273,LYS,1335,Y,0,319 320 CRK
AZ,596,TLS,1273,CDG,1382,Y,0,320 319
AZ,596,TLS,1273,FCO,1555,,0,E75
AZ,596,PUF,1274,CDG,1382,Y,0,E90
AZ,596,BIA,1321,NCE,1354,,0,AT7
AZ,596,FSC,1323,NCE,1354,Y,0,AT7
AZ,596,LYS,1335,AJA,1324,Y,0,320
AZ,596,LYS,1335,CTA,1509,,0,320
AZ,596,LYS,1335,FCO,1555,,0,CRK
AZ,596,MRS,1353,BIA,1321,,0,320
AZ,596,MRS,1353,AJA,1324,,0,320 AT7
AZ,596,MRS,1353,FCO,1555,Y,0,319
AZ,596,NCE,1354,CLY,1322,,0,AT7
AZ,596,NCE,1354,FSC,1323,Y,0,AT7
AZ,596,NCE,1354,AJA,1324,Y,0,AT7
AZ,596,CDG,1382,YYZ,193,Y,0,772
AZ,596,CDG,1382,DUS,345,Y,0,318 320
AZ,596,CDG,1382,TXL,351,Y,0,321 320
AZ,596,CDG,1382,HAJ,352,Y,0,E70 AR8
AZ,596,CDG,1382,BRE,353,Y,0,E70
AZ,596,CDG,1382,NCL,521,Y,0,AR8
AZ,596,CDG,1382,ABZ,532,Y,0,E70
AZ,596,CDG,1382,DUB,599,Y,0,AR8
AZ,596,CDG,1382,OSL,644,Y,0,E90
AZ,596,CDG,1382,GOT,687,Y,0,E70 E90
AZ,596,CDG,1382,DKR,1084,Y,0,77W
AZ,596,CDG,1382,BIO,1216,Y,0,E90 E70
AZ,596,CDG,1382,TLS,1273,Y,0,320 319
AZ,596,CDG,1382,MPL,1359,Y,0,318 319 320 32A
AZ,596,CDG,1382,BES,1403,Y,0,318 321
AZ,596,CDG,1382,RNS,1415,Y,0,AT7
AZ,596,CDG,1382,CTA,1509,Y,0,320
AZ,596,CDG,1382,NAP,1561,Y,0,321
AZ,596,CDG,1382,FLR,1563,Y,0,318
AZ,596,CDG,1382,LIS,1638,Y,0,320 318 319 321
AZ,596,CDG,1382,LIM,2789,Y,0,77W
AZ,596,CDG,1382,SXM,2899,Y,0,343
AZ,596,CDG,1382,HAN,3199,Y,0,777
AZ,596,CDG,1382,SGN,3205,Y,0,777
AZ,596,CDG,1382,BOS,3448,Y,0,744
AZ,596,CDG,1382,IAH,3550,Y,0,77W
AZ,596,CDG,1382,MIA,3576,Y,0,77W
AZ,596,CDG,1382,JFK,3797,Y,0,332 388 772 343
AZ,596,CDG,1382,BKK,3885,Y,0,77W
AZ,596,CDG,1382,EVN,3964,,0,320
AZ,596,BES,1403,CDG,1382,Y,0,318 321
AZ,596,RNS,1415,CDG,1382,Y,0,AT7
AZ,596,NTE,1418,CDG,1382,Y,0,321 318 319 320
AZ,596,NTE,1418,MXP,1524,,0,ER4
AZ,596,SKG,1486,FCO,1555,,0,E75 E90
AZ,596,BRI,1501,FCO,1555,,0,319 32S 321 E75 320
AZ,596,BDS,1506,LIN,1529,Y,0,E90 319 E75 32S
AZ,596,CTA,1509,DUS,345,,0,320
AZ,596,CTA,1509,STR,350,,0,320
AZ,596,CTA,1509,LGW,502,,0,320
AZ,596,CTA,1509,LYS,1335,,0,320
AZ,596,CTA,1509,CDG,1382,Y,0,320
AZ,596,CTA,1509,LIN,1529,,0,319 320 E75 32S E90
AZ,596,CTA,1509,VCE,1551,Y,0,320
AZ,596,CTA,1509,FCO,1555,,0,32S 319 321 320
AZ,596,CTA,1509,NAP,1561,Y,0,E75
AZ,596,REG,1514,TRN,1526,,0,319
AZ,596,REG,1514,LIN,1529,,0,320
AZ,596,REG,1514,FCO,1555,,0,320 319
AZ,596,AHO,1517,LIN,1529,,0,319
AZ,596,CAG,1519,LIN,1529,,0,319 E75 320 32S E90
AZ,596,CAG,1519,FCO,1555,,0,321 320 319 32S
AZ,596,OLB,1520,RIX,3953,Y,0,73C
AZ,596,MXP,1524,TUN,287,,0,319 32S
AZ,596,MXP,1524,TIA,1190,Y,0,320
AZ,596,MXP,1524,MRS,1353,,0,AT7
AZ,596,MXP,1524,OPO,1636,Y,0,ER4 100
AZ,596,MXP,1524,AUH,2179,Y,0,332
AZ,596,MXP,1524,NRT,2279,,0,772
AZ,596,MXP,1524,GYD,2922,Y,0,320
AZ,596,MXP,1524,LED,2948,,0,320
AZ,596,MXP,1524,RIX,3953,Y,0,73C 735
AZ,596,TRN,1526,TIA,1190,,0,320 32S
AZ,596,TRN,1526,SUF,1508,,0,320
AZ,596,TRN,1526,REG,1514,,0,319
AZ,596,TRN,1526,FCO,1555,,0,32S 319 320 E75
AZ,596,GOA,1528,TIA,1190,Y,0,320
AZ,596,LIN,1529,BRU,302,Y,0,E75 E90
AZ,596,LIN,1529,FRA,340,Y,0,E75
AZ,596,LIN,1529,LHR,507,,0,320 32S 321
AZ,596,LIN,1529,WAW,679,,0,319 E75
AZ,596,LIN,1529,BRI,1501,,0,320 32S
AZ,596,LIN,1529,BDS,1506,,0,E90
AZ,596,LIN,1529,REG,1514,,0,320
AZ,596,LIN,1529,CAG,1519,,0,319 E75 320 32S E90
AZ,596,LIN,1529,TRS,1545,Y,0,E75 32S
AZ,596,LIN,1529,PRG,1587,,0,319 E75
AZ,596,LIN,1529,VIE,1613,,0,E75
AZ,596,LIN,1529,CIY,9327,,0,E90
AZ,596,BLQ,1538,CTA,1509,,0,320
AZ,596,BLQ,1538,FCO,1555,,0,319 E75
AZ,596,VRN,1550,TIA,1190,Y,0,320
AZ,596,VRN,1550,FCO,1555,,0,32S E75 319
AZ,596,VCE,1551,AMS,580,Y,0,737
AZ,596,VCE,1551,MRS,1353,Y,0,320 319
AZ,596,VCE,1551,NCE,1354,Y,0,320
AZ,596,VCE,1551,PMO,1512,Y,0,320
AZ,596,VCE,1551,PRG,1587,Y,0,320
AZ,596,VCE,1551,SVO,2985,Y,0,321 320
AZ,596,FCO,1555,ORN,231,,0,E75
AZ,596,FCO,1555,TUN,287,,0,32S 319 E90 E75
AZ,596,FCO,1555,LCY,503,,0,E90
AZ,596,FCO,1555,LHR,507,,0,321 32S 320
AZ,596,FCO,1555,LUX,629,Y,0,DH4
AZ,596,FCO,1555,CMN,1074,,0,319 320 32S E90
AZ,596,FCO,1555,BOD,1264,,0,E70 E90 CR7
AZ,596,FCO,1555,TLS,1273,,0,E75
AZ,596,FCO,1555,LYS,1335,,0,CRK
AZ,596,FCO,1555,MRS,1353,Y,0,319
AZ,596,FCO,1555,SXB,1435,,0,ER4 CR7
AZ,596,FCO,1555,BUD,1489,,0,32S 319
AZ,596,FCO,1555,BRI,1501,,0,32S 321 319 320
AZ,596,FCO,1555,SUF,1508,,0,32S 321 320 319
AZ,596,FCO,1555,CTA,1509,,0,321 32S 319 320
AZ,596,FCO,1555,PMO,1512,,0,E75 32S 320 321 319
AZ,596,FCO,1555,CAG,1519,,0,319 32S 320 321
AZ,596,FCO,1555,BLQ,1538,,0,319 E75
AZ,596,FCO,1555,NAP,1561,,0,32S 319
AZ,596,FCO,1555,FLR,1563,,0,319
AZ,596,FCO,1555,PRG,1587,,0,32S
AZ,596,FCO,1555,TLV,1590,,0,321 32S
AZ,596,FCO,1555,VIE,1613,,0,319 E90 E75
AZ,596,FCO,1555,LIS,1638,Y,0,320 321 319
AZ,596,FCO,1555,IAS,1655,,0,733
AZ,596,FCO,1555,OTP,1657,,0,32S 319
AZ,596,FCO,1555,GVA,1665,,0,32S E75 319 E90
AZ,596,FCO,1555,IST,1701,,0,321 32S 320
AZ,596,FCO,1555,TGD,1741,,0,E75 100
AZ,596,FCO,1555,AMM,2170,,0,319 32S
AZ,596,FCO,1555,KWI,2176,Y,0,340
AZ,596,FCO,1555,AUH,2179,,0,330
AZ,596,FCO,1555,NRT,2279,,0,772
AZ,596,FCO,1555,GIG,2560,,0,330
AZ,596,FCO,1555,GRU,2564,,0,772
AZ,596,FCO,1555,KBP,2939,,0,32S
AZ,596,FCO,1555,SVO,2985,,0,32S 319 321
AZ,596,FCO,1555,CMB,3024,Y,0,332 343
AZ,596,FCO,1555,DEL,3093,Y,0,333
AZ,596,FCO,1555,BOS,3448,,0,330 332
AZ,596,FCO,1555,MIA,3576,,0,772 330
AZ,596,FCO,1555,JFK,3797,,0,772 330
AZ,596,FCO,1555,ORD,3830,,0,332 330
AZ,596,FCO,1555,ICN,3930,Y,0,744
AZ,596,FCO,1555,EVN,3964,,0,32S 319
AZ,596,FCO,1555,KIX,3992,,0,330
AZ,596,FCO,1555,IKA,4330,,0,320
AZ,596,NAP,1561,CTA,1509,Y,0,E75
AZ,596,PSA,1562,TIA,1190,Y,0,320
AZ,596,PSA,1562,PRG,1587,Y,0,320
AZ,596,PRG,1587,VCE,1551,Y,0,320
AZ,596,PRG,1587,FCO,1555,,0,32S
AZ,596,TLV,1590,FCO,1555,,0,320 32S 321
AZ,596,VIE,1613,CTA,1509,,0,320
AZ,596,VIE,1613,LIN,1529,,0,E75
AZ,596,LIS,1638,CDG,1382,Y,0,319 318 320 321
AZ,596,LIS,1638,VCE,1551,Y,0,319
AZ,596,IAS,1655,OTP,1657,Y,0,AT7 AT5
AZ,596,OTP,1657,CLJ,1652,Y,0,AT7 318
AZ,596,OTP,1657,IAS,1655,Y,0,AT7
AZ,596,OTP,1657,OMR,1656,Y,0,AT5
AZ,596,SUJ,1659,OTP,1657,Y,0,AT5
AZ,596,TGM,1662,OTP,1657,Y,0,AT5
AZ,596,TSR,1663,OTP,1657,Y,0,318 733 AT7
AZ,596,GVA,1665,FLR,1563,Y,0,S20
AZ,596,KIV,1735,OTP,1657,,0,AT7
AZ,596,BEG,1739,MXP,1524,Y,0,733
AZ,596,BEG,1739,FCO,1555,,0,E90 E75 32S 319
AZ,596,MEX,1824,MAD,1229,Y,0,777
AZ,596,CUN,1852,ATL,3682,Y,0,757
AZ,596,PTY,1871,AMS,580,Y,0,777 77W
AZ,596,BAH,2057,AUH,2179,Y,0,320
AZ,596,JED,2072,FCO,1555,Y,0,320
AZ,596,RUH,2082,FCO,1555,Y,0,320
AZ,596,KWI,2176,AUH,2179,,0,320
AZ,596,BEY,2177,MXP,1524,,0,320
AZ,596,BEY,2177,FCO,1555,,0,32S 320 319
AZ,596,AUH,2179,KRT,1175,Y,0,320
AZ,596,AUH,2179,MXP,1524,Y,0,332
AZ,596,AUH,2179,FCO,1555,,0,330
AZ,596,AUH,2179,BAH,2057,,0,320
AZ,596,AUH,2179,MEL,3339,Y,0,77W
AZ,596,AUH,2179,SYD,3361,Y,0,77W 346
AZ,596,AUH,2179,PEK,3364,,0,332
AZ,596,AUH,2179,CTU,3395,,0,332
AZ,596,DXB,2188,AMS,580,Y,0,777
AZ,596,DXB,2188,CDG,1382,Y,0,77W
AZ,596,NRT,2279,MXP,1524,,0,772
AZ,596,NRT,2279,VCE,1551,,0,772
AZ,596,NRT,2279,FCO,1555,,0,772
AZ,596,GIG,2560,FCO,1555,,0,330
AZ,596,LIM,2789,AMS,580,Y,0,77W 777
AZ,596,CCS,2851,FCO,1555,,0,330
AZ,596,STT,2883,JFK,3797,Y,0,757
AZ,596,SXM,2899,CDG,1382,Y,0,343
AZ,596,FRU,2912,SVO,2985,,0,319
AZ,596,GYD,2922,FCO,1555,Y,0,319
AZ,596,LED,2948,VCE,1551,Y,0,320
AZ,596,SVO,2985,CTA,1509,,0,320
AZ,596,SVO,2985,MXP,1524,,0,32S 319
AZ,596,SVO,2985,BLQ,1538,Y,0,320
AZ,596,SVO,2985,TAS,2983,,0,321
AZ,596,HKG,3077,CDG,1382,Y,0,77W
AZ,596,DEL,3093,AUH,2179,,0,332 320
AZ,596,COK,3136,AUH,2179,,0,320
AZ,596,MLE,3156,AUH,2179,Y,0,320
AZ,596,HAN,3199,FRA,340,Y,0,777
AZ,596,SGN,3205,FRA,340,Y,0,777
AZ,596,SGN,3205,CDG,1382,Y,0,777
AZ,596,KUL,3304,AUH,2179,,0,332
AZ,596,SYD,3361,AUH,2179,Y,0,77W 346
AZ,596,PEK,3364,AUH,2179,,0,332
AZ,596,BOS,3448,CDG,1382,Y,0,744
AZ,596,MCI,3458,ATL,3682,Y,0,M88
AZ,596,GNV,3472,ATL,3682,Y,0,CR9 CR7
AZ,596,LAX,3484,CDG,1382,Y,0,388 772
AZ,596,LAX,3484,FCO,1555,,0,772
AZ,596,EWR,3494,ATL,3682,Y,0,717
AZ,596,DCA,3520,ATL,3682,Y,0,M88 M90
AZ,596,HOU,3566,ATL,3682,Y,0,M88
AZ,596,MIA,3576,CDG,1382,Y,0,77W
AZ,596,SEA,3577,CDG,1382,Y,0,332
AZ,596,CHA,3578,ATL,3682,Y,0,CRJ CR7
AZ,596,JAN,3580,ATL,3682,Y,0,717
AZ,596,IND,3585,ATL,3682,Y,0,M88 M90
AZ,596,ORF,3611,ATL,3682,Y,0,M88 M90 319
AZ,596,SAT,3621,ATL,3682,Y,0,757 M90
AZ,596,RDU,3626,ATL,3682,Y,0,752 M90 M88
AZ,596,DFW,3670,ATL,3682,Y,0,M88
AZ,596,ATL,3682,GDL,1804,Y,0,320
AZ,596,ATL,3682,SJU,2890,Y,0,757
AZ,596,ATL,3682,MCI,3458,Y,0,M88 M90
AZ,596,ATL,3682,PHX,3462,Y,0,757 738
AZ,596,ATL,3682,GNV,3472,Y,0,CR9 717
AZ,596,ATL,3682,MEM,3473,Y,0,M88
AZ,596,ATL,3682,LAX,3484,Y,0,763
AZ,596,ATL,3682,DCA,3520,Y,0,M90 757
AZ,596,ATL,3682,SLC,3536,Y,0,763 757
AZ,596,ATL,3682,CAE,3561,Y,0,CR9 CRJ
AZ,596,ATL,3682,HOU,3566,Y,0,M88
AZ,596,ATL,3682,PIT,3570,Y,0,CR9 M88
AZ,596,ATL,3682,SEA,3577,Y,0,739 757 738
AZ,596,ATL,3682,CHA,3578,Y,0,CRJ M88
AZ,596,ATL,3682,JAN,3580,Y,0,717 CR9
AZ,596,ATL,3682,IND,3585,Y,0,320
AZ,596,ATL,3682,ORF,3611,Y,0,M88 M90
AZ,596,ATL,3682,RDU,3626,Y,0,M88 320 739
AZ,596,ATL,3682,TPA,3646,Y,0,757 739
AZ,596,ATL,3682,DFW,3670,Y,0,M88
AZ,596,ATL,3682,AUS,3673,Y,0,M90 M88
AZ,596,ATL,3682,STL,3678,Y,0,M90
AZ,596,ATL,3682,BNA,3690,Y,0,320 717
AZ,596,ATL,3682,JAX,3712,Y,0,757
AZ,596,ATL,3682,IAD,3714,Y,0,M88
AZ,596,ATL,3682,MKE,3717,Y,0,M90
AZ,596,ATL,3682,SAN,3731,Y,0,763
AZ,596,ATL,3682,BDL,3825,Y,0,M88
AZ,596,ATL,3682,CLT,3876,Y,0,M88
AZ,596,ATL,3682,MCO,3878,Y,0,757
AZ,596,BNA,3690,ATL,3682,Y,0,M88 717
AZ,596,IAD,3714,ATL,3682,Y,0,320 M88
AZ,596,PBI,3722,ATL,3682,Y,0,757 M90
AZ,596,SAN,3731,ATL,3682,Y,0,73H 763 739
AZ,596,PHL,3752,ATL,3682,Y,0,M88 M90 738
AZ,596,RSW,3793,ATL,3682,Y,0,M90
AZ,596,JFK,3797,YYZ,193,Y,0,CR7
AZ,596,JFK,3797,MEX,1824,Y,0,738
AZ,596,JFK,3797,MSY,3861,Y,0,CR9
AZ,596,CHS,3806,ATL,3682,Y,0,M88
AZ,596,BHM,3811,ATL,3682,Y,0,M88
AZ,596,ILM,3845,ATL,3682,Y,0,CRJ
AZ,596,MSY,3861,ATL,3682,Y,0,M90
AZ,596,ALB,3864,ATL,3682,Y,0,M88
AZ,596,CLT,3876,ATL,3682,Y,0,M90
AZ,596,ICN,3930,MXP,1524,Y,0,744
AZ,596,KIX,3992,FCO,1555,,0,330
AZ,596,GSP,4034,ATL,3682,Y,0,M88 319 717
AZ,596,NBO,4059,AMS,580,Y,0,747
AZ,596,SRQ,4067,ATL,3682,Y,0,M90
AZ,596,HSV,4113,ATL,3682,Y,0,M88
AZ,596,IKA,4330,FCO,1555,,0,320
AZ,596,CIY,9327,LIN,1529,,0,E90
Z8,603,CBB,2759,LPB,2762,,0,CRJ
Z8,603,LPB,2762,VVI,2771,,0,CRJ
Z8,603,LPB,2762,AQP,2802,,0,CRJ
Z8,603,LPB,2762,CUZ,2812,,0,CRJ
Z8,603,TJA,2768,VVI,2771,,0,CRJ
Z8,603,TJA,2768,BYC,2772,,0,SWM
Z8,603,VVI,2771,TJA,2768,,0,CRJ
Z8,603,BYC,2772,SRZ,4247,,0,SWM
Z8,603,RBQ,7317,LPB,2762,,0,SWM CRJ
UM,608,JNB,813,BUQ,1001,,0,762
UM,608,JNB,813,VFA,1004,,0,732
UM,608,BUQ,1001,VFA,1004,,0,732
UM,608,HRE,1005,JNB,813,,0,762
UM,608,HRE,1005,BUQ,1001,,0,732
R7,622,BLA,2821,VLN,2868,,0,M80
R7,622,BRM,2824,CCS,2851,,0,DC9 M80
R7,622,LSP,2844,CCS,2851,,0,DC9
R7,622,MAR,2848,CCS,2851,,0,M80 DC9
R7,622,PMV,2850,PZO,2856,,0,M80
R7,622,CCS,2851,BRM,2824,,0,DC9
R7,622,CCS,2851,STD,2861,,0,M80 DC9
R7,622,PZO,2856,BLA,2821,,0,M80
R7,622,PZO,2856,PMV,2850,,0,M80
FV,641,DUS,345,LED,2948,,0,319
FV,641,LED,2948,HAM,342,,0,319
FV,641,LED,2948,DUS,345,,0,319
FV,641,LED,2948,KZN,2990,,0,A81
BP,683,JNB,813,BBK,879,,0,AT5
BP,683,BBK,879,JNB,813,,0,AT5
BP,683,BBK,879,MUB,880,,0,AT5
BP,683,MUB,880,JNB,813,,0,AT5 AT7
GS,690,HLD,3366,HRB,3400,,0,E90
GS,690,TSN,3368,CJU,2370,,0,321
GS,690,TSN,3368,CGO,3375,,0,E90 320
GS,690,TSN,3368,WUH,3376,,0,E90 320 321
GS,690,TSN,3368,XIY,3379,,0,320 321 E90
GS,690,TSN,3368,HGH,3386,,0,E90
GS,690,TSN,3368,TAO,3390,,0,E90
GS,690,TSN,3368,ICN,3930,,0,321
GS,690,TSN,3368,SHE,4144,,0,E90
GS,690,TSN,3368,BAV,6346,,0,ERJ
GS,690,TYN,3369,TSN,3368,,0,ERJ
GS,690,TYN,3369,INC,4085,,0,ERJ
GS,690,CSX,3371,XIY,3379,,0,E90
GS,690,CSX,3371,HAK,4120,,0,E90
GS,690,CSX,3371,ZYI,9846,,0,E90
GS,690,KWL,3372,KWE,3394,,0,E90
GS,690,KWL,3372,HAK,4120,,0,E90
GS,690,NNG,3373,WUH,3376,,0,320 E90
GS,690,NNG,3373,KWE,3394,,0,E90
GS,690,NNG,3373,HAK,4120,,0,E90 320
GS,690,NNG,3373,LZO,6399,,0,E90
GS,690,CGO,3375,KHN,3384,,0,320
GS,690,CGO,3375,HFE,3389,,0,E90
GS,690,CGO,3375,KWE,3394,,0,E90
GS,690,CGO,3375,SWA,4302,,0,E90
GS,690,CGO,3375,HET,6345,,0,E90
GS,690,CGO,3375,DSN,6434,,0,E90
GS,690,WUH,3376,SYX,4030,,0,321
GS,690,WUH,3376,DSN,6434,,0,ERJ
GS,690,LHW,3378,KWL,3372,,0,E90
GS,690,LHW,3378,XIY,3379,,0,ERJ
GS,690,LHW,3378,DNH,4308,,0,ERJ
GS,690,LHW,3378,IQN,6365,,0,E90
GS,690,XIY,3379,TSN,3368,,0,E90 320 321
GS,690,XIY,3379,NNG,3373,,0,320 E90
GS,690,XIY,3379,LHW,3378,,0,ERJ
GS,690,XIY,3379,CKG,3393,,0,321 320
GS,690,XIY,3379,CGD,6352,,0,E90
GS,690,XIY,3379,IQN,6365,,0,E90
GS,690,XIY,3379,ZYI,9846,,0,E90
GS,690,XIY,3379,JIC,11473,,0,ERJ
GS,690,KMG,3382,NNG,3373,,0,E90
GS,690,KMG,3382,XIY,3379,,0,320
GS,690,XMN,3383,NKG,3388,,0,E90
GS,690,XMN,3383,FUG,7503,,0,E90
GS,690,KHN,3384,KOW,6379,,0,ERJ
GS,690,FOC,3385,HFE,3389,,0,E90
GS,690,FOC,3385,TAO,3390,,0,E90
GS,690,FOC,3385,HIA,7898,,0,ERJ
GS,690,HGH,3386,SWA,4302,,0,E90
GS,690,NGB,3387,SWA,4302,,0,E90
GS,690,NKG,3388,XMN,3383,,0,E90
GS,690,TAO,3390,TSN,3368,,0,E90
GS,690,TAO,3390,FOC,3385,,0,E90
GS,690,CKG,3393,TSN,3368,,0,321 320
GS,690,KWE,3394,CGO,3375,,0,E90
GS,690,KWE,3394,XIY,3379,,0,E90 321
GS,690,KWE,3394,CKG,3393,,0,E90
GS,690,KWE,3394,TEN,6963,,0,E90
GS,690,KHG,3397,URC,3399,,0,320
GS,690,URC,3399,TSN,3368,,0,320
GS,690,URC,3399,CGO,3375,,0,321
GS,690,URC,3399,KHG,3397,,0,320
GS,690,URC,3399,KCA,6406,,0,E90
GS,690,URC,3399,KRL,6407,,0,E90
GS,690,URC,3399,DSN,6434,,0,E90
GS,690,URC,3399,AAT,6946,,0,E90
GS,690,URC,3399,NLT,9386,,0,E90
GS,690,MDG,3402,SHE,4144,,0,E90
GS,690,DLC,3404,LYI,6385,,0,E90
GS,690,SYX,4030,CGO,3375,,0,321
GS,690,INC,4085,KWE,3394,,0,E90
GS,690,HAK,4120,CSX,3371,,0,E90
GS,690,HAK,4120,NNG,3373,,0,E90 320
GS,690,HAK,4120,CGD,6352,,0,E90
GS,690,HAK,4120,ZYI,9846,,0,E90
GS,690,SHE,4144,DAT,6344,,0,E90
GS,690,SHE,4144,HLH,6349,,0,ERJ
GS,690,SHE,4144,JMU,6411,,0,E90
GS,690,SWA,4302,CSX,3371,,0,E90
GS,690,SWA,4302,HFE,3389,,0,E90
GS,690,CGQ,4380,TSN,3368,,0,E90
GS,690,CIF,6342,TSN,3368,,0,E90
GS,690,DAT,6344,SHE,4144,,0,E90
GS,690,HET,6345,HLH,6349,,0,ERJ
GS,690,HET,6345,XIL,6350,,0,ERJ
GS,690,HET,6345,DSN,6434,,0,ERJ
GS,690,HET,6345,WUA,6955,,0,ERJ
GS,690,HET,6345,ERL,10160,,0,ERJ
GS,690,BAV,6346,TSN,3368,,0,ERJ
GS,690,BAV,6346,XIY,3379,,0,ERJ
GS,690,SJW,6347,TAO,3390,,0,ERJ
GS,690,TGO,6348,HET,6345,,0,ERJ E90
GS,690,CGD,6352,XMN,3383,,0,E90
GS,690,ZUH,6355,HAK,4120,,0,E90
GS,690,ZUH,6355,KOW,6379,,0,E90
GS,690,ZHA,6357,KMG,3382,,0,E90
GS,690,ZHA,6357,HAK,4120,,0,E90
GS,690,IQN,6365,LHW,3378,,0,E90
GS,690,UYN,6368,XIY,3379,,0,E90
GS,690,KOW,6379,ZUH,6355,,0,E90
GS,690,LYI,6385,CSX,3371,,0,E90
GS,690,LYI,6385,WUH,3376,,0,E90
GS,690,LYI,6385,WNZ,6392,,0,E90
GS,690,JJN,6386,NNG,3373,,0,E90
GS,690,WNZ,6392,KHN,3384,,0,E90
GS,690,WNZ,6392,LYI,6385,,0,E90
GS,690,WNZ,6392,FUG,7503,,0,E90
GS,690,WNZ,6392,HIA,7898,,0,ERJ
GS,690,YIW,6394,LYI,6385,,0,E90
GS,690,AKU,6404,URC,3399,,0,320 E90
GS,690,KRL,6407,URC,3399,,0,E90
GS,690,YIN,6409,URC,3399,,0,E90 320
GS,690,JGN,6432,LHW,3378,,0,ERJ
GS,690,DSN,6434,INC,4085,,0,ERJ
GS,690,DSN,6434,HET,6345,,0,ERJ
GS,690,DSN,6434,SJW,6347,,0,ERJ
GS,690,HMI,6743,XIY,3379,,0,E90
GS,690,HMI,6743,URC,3399,,0,E90
GS,690,TCG,6752,URC,3399,,0,E90
GS,690,AAT,6946,URC,3399,,0,E90
GS,690,NZH,6954,HET,6345,,0,E90
GS,690,HIA,7898,TSN,3368,,0,ERJ
GS,690,HIA,7898,WNZ,6392,,0,ERJ
GS,690,YZY,7987,LHW,3378,,0,ERJ
GS,690,YZY,7987,XIY,3379,,0,ERJ
GS,690,RLK,8630,INC,4085,,0,ERJ
GS,690,NLT,9386,URC,3399,,0,E90
GS,690,ZYI,9846,CSX,3371,,0,E90
GS,690,ZYI,9846,XMN,3383,,0,E90
GS,690,ZYI,9846,SYX,4030,,0,E90
GS,690,ERL,10160,HET,6345,,0,ERJ
GS,690,BPL,11498,URC,3399,,0,E90
VT,692,KHZ,,KXU,,,0,ATR
VT,692,KXU,,PPT,4075,,0,ATR
VT,692,TUB,1972,RUR,1971,,0,ATR
VT,692,TUB,1972,PPT,4075,,0,ATR
VT,692,TUB,1972,RVV,7456,,0,ATR
VT,692,TIH,1975,RGI,1990,,0,ATR
VT,692,FAV,1977,RGI,1990,,0,ATR
VT,692,GMR,1979,PPT,4075,,0,ATR
VT,692,MKP,1981,PPT,4075,,0,ATR
VT,692,TKX,1986,PPT,4075,,0,ATR
VT,692,TKX,1986,AHE,5889,,0,ATR
VT,692,NHV,1987,PPT,4075,,0,ATR
VT,692,NHV,1987,AUQ,5890,,0,ATR DHT
VT,692,NHV,1987,UAH,5892,,0,DHT
VT,692,BOB,1989,TIH,1975,,0,ATR
VT,692,BOB,1989,MOZ,1992,,0,ATR
VT,692,BOB,1989,MAU,1994,,0,ATR
VT,692,BOB,1989,RFP,1995,,0,ATR
VT,692,RGI,1990,XMH,1978,,0,ATR
VT,692,MOZ,1992,BOB,1989,,0,ATR
VT,692,MOZ,1992,RFP,1995,,0,ATR
VT,692,MAU,1994,BOB,1989,,0,ATR
VT,692,MAU,1994,RFP,1995,,0,ATR
VT,692,MAU,1994,PPT,4075,,0,ATR
VT,692,RFP,1995,HUH,1991,,0,ATR
VT,692,PPT,4075,RKA,,,0,ATR
VT,692,PPT,4075,RAR,1959,,0,ATR
VT,692,PPT,4075,TUB,1972,,0,ATR
VT,692,PPT,4075,TIH,1975,,0,ATR
VT,692,PPT,4075,FAV,1977,,0,ATR
VT,692,PPT,4075,XMH,1978,,0,ATR
VT,692,PPT,4075,MVT,1985,,0,ATR
VT,692,PPT,4075,AHE,5889,,0,ATR
VT,692,PPT,4075,AUQ,5890,,0,ATR
VT,692,PPT,4075,RMT,6926,,0,ATR
VT,692,AHE,5889,XMH,1978,,0,ATR
VT,692,AUQ,5890,UAP,5891,,0,DHT
VT,692,AUQ,5890,UAH,5892,,0,DHT
VT,692,RVV,7456,TUB,1972,,0,ATR
CA,751,YVR,156,PVG,3406,Y,0,763
CA,751,YYZ,193,PEK,3364,Y,0,77W
CA,751,FRA,340,CPH,609,,0,320 319 321
CA,751,FRA,340,PEK,3364,,0,773
CA,751,FRA,340,CTU,3395,,0,330
CA,751,FRA,340,PVG,3406,,0,330
CA,751,MUC,346,ATH,3941,,0,330
CA,751,HEL,421,ARN,737,,0,717 73W AT7
CA,751,HEL,421,PVG,3406,,0,343
CA,751,LHR,507,PVG,3406,Y,0,346
CA,751,CPH,609,PEK,3364,Y,0,343
CA,751,GOT,687,ARN,737,Y,0,73W 717 736 73H
CA,751,ARN,737,VAA,462,,0,S20
CA,751,ARN,737,GOT,687,Y,0,73H 73W
CA,751,ADD,1107,PEK,3364,,0,77L
CA,751,ADD,1107,CAN,3370,,0,77W
CA,751,MAD,1229,PEK,3364,,0,330
CA,751,CDG,1382,PEK,3364,,0,773
CA,751,CDG,1382,PVG,3406,,0,330
CA,751,MXP,1524,PEK,3364,,0,330
CA,751,MXP,1524,PVG,3406,,0,330
CA,751,GVA,1665,ARN,737,,0,736 73H 717
CA,751,IST,1701,PEK,3364,,0,77W
CA,751,CUN,1852,IAH,3550,,0,739
CA,751,TPE,2276,PEK,3364,,0,333 77W 744
CA,751,TPE,2276,HGH,3386,,0,321 332 M90 744
CA,751,TPE,2276,HET,6345,,0,321
CA,751,TPE,2276,WNZ,6392,,0,319
CA,751,NRT,2279,PEK,3364,,0,320 321 738
CA,751,FUK,2305,PVG,3406,,0,320
CA,751,PUS,2372,PEK,3364,,0,738
CA,751,SVO,2985,PEK,3364,,0,777
CA,751,HKG,3077,PEK,3364,,0,772 321 744 333 320
CA,751,HKG,3077,TSN,3368,,0,738
CA,751,HKG,3077,CKG,3393,,0,737
CA,751,MFM,3121,PEK,3364,,0,320 321 319
CA,751,MFM,3121,TYN,3369,,0,320 319
CA,751,MFM,3121,NGB,3387,,0,320 319
CA,751,MFM,3121,HFE,3389,,0,320 321
CA,751,MFM,3121,SHA,3391,,0,321 320 319
CA,751,RGN,3239,PEK,3364,,0,738
CA,751,SIN,3316,PEK,3364,,0,333
CA,751,SYD,3361,PVG,3406,,0,330
CA,751,PEK,3364,DUS,345,,0,330
CA,751,PEK,3364,LGW,502,,0,330
CA,751,PEK,3364,LHR,507,,0,773
CA,751,PEK,3364,ADD,1107,,0,77L
CA,751,PEK,3364,FCO,1555,,0,330
CA,751,PEK,3364,TLV,1590,Y,0,763
CA,751,PEK,3364,NRT,2279,,0,321 738 320
CA,751,PEK,3364,CTS,2287,,0,738
CA,751,PEK,3364,GMP,2378,,0,738 333
CA,751,PEK,3364,TAE,2381,,0,738
CA,751,PEK,3364,SVO,2985,,0,777
CA,751,PEK,3364,DEL,3093,,0,333
CA,751,PEK,3364,MFM,3121,,0,321 320 319
CA,751,PEK,3364,HKT,3179,,0,738
CA,751,PEK,3364,SGN,3205,,0,737
CA,751,PEK,3364,RGN,3239,,0,738
CA,751,PEK,3364,CSX,3371,,0,321 738
CA,751,PEK,3364,FNJ,3377,,0,737
CA,751,PEK,3364,LHW,3378,,0,738
CA,751,PEK,3364,XMN,3383,,0,738 321
CA,751,PEK,3364,NGB,3387,,0,738
CA,751,PEK,3364,SHA,3391,,0,320 773 744 738 333 330
CA,751,PEK,3364,URC,3399,,0,738 772 321
CA,751,PEK,3364,HRB,3400,,0,321 738
CA,751,PEK,3364,DLC,3404,,0,738
CA,751,PEK,3364,IAH,3550,,0,773
CA,751,PEK,3364,HNL,3728,,0,330
CA,751,PEK,3364,ICN,3930,,0,330 738
CA,751,PEK,3364,CNX,3931,,0,738
CA,751,PEK,3364,SYX,4030,,0,321 330
CA,751,PEK,3364,SWA,4302,,0,738
CA,751,PEK,3364,NTG,5475,,0,738
CA,751,PEK,3364,TGO,6348,,0,737
CA,751,PEK,3364,HLH,6349,,0,737
CA,751,PEK,3364,BHY,6351,,0,738
CA,751,PEK,3364,ZHA,6357,,0,738
CA,751,PEK,3364,XNN,6366,,0,738
CA,751,PEK,3364,YIW,6394,,0,738
CA,751,PEK,3364,GYS,6398,,0,737
CA,751,PEK,3364,YCU,6430,,0,738
CA,751,PEK,3364,DDG,6433,,0,738
CA,751,PEK,3364,CHG,6772,,0,737
CA,751,PEK,3364,YIC,9107,Y,0,320
CA,751,PEK,3364,DQA,9845,,0,738
CA,751,TSN,3368,CAN,3370,,0,738
CA,751,TSN,3368,KMG,3382,,0,738
CA,751,TSN,3368,XMN,3383,,0,738
CA,751,TSN,3368,CTU,3395,,0,738
CA,751,TSN,3368,HET,6345,Y,0,738
CA,751,TSN,3368,YCU,6430,,0,738 737
CA,751,TYN,3369,SZX,3374,,0,738
CA,751,TYN,3369,LHW,3378,Y,0,738
CA,751,TYN,3369,TAO,3390,Y,0,738
CA,751,TYN,3369,URC,3399,Y,0,738
CA,751,TYN,3369,TNA,4108,Y,0,CR7 CR2
CA,751,TYN,3369,DSN,6434,Y,0,CR2
CA,751,CAN,3370,IST,1701,,0,330 343
CA,751,CAN,3370,NRT,2279,Y,0,763
CA,751,CAN,3370,TSN,3368,,0,738
CA,751,CAN,3370,NNG,3373,Y,0,738
CA,751,CAN,3370,CGO,3375,Y,0,320
CA,751,CAN,3370,XMN,3383,,0,320
CA,751,CAN,3370,CKG,3393,,0,738 737
CA,751,CAN,3370,KWE,3394,,0,737
CA,751,CAN,3370,HRB,3400,Y,0,320
CA,751,CAN,3370,CZX,4109,Y,0,320
CA,751,CAN,3370,HAK,4120,Y,0,738 320
CA,751,CAN,3370,SHE,4144,Y,0,320
CA,751,CAN,3370,CGQ,4380,Y,0,738
CA,751,CAN,3370,HET,6345,,0,737
CA,751,CAN,3370,LYI,6385,,0,320
CA,751,CAN,3370,WUX,6390,,0,738
CA,751,CAN,3370,WUS,6391,Y,0,738
CA,751,CAN,3370,WNZ,6392,Y,0,738 320
CA,751,CAN,3370,WXN,6403,,0,737
CA,751,CSX,3371,PEK,3364,,0,321 738
CA,751,CSX,3371,KMG,3382,,0,738 737
CA,751,CSX,3371,XMN,3383,Y,0,738
CA,751,CSX,3371,HFE,3389,Y,0,738
CA,751,CSX,3371,TNA,4108,Y,0,738
CA,751,KWL,3372,XIY,3379,,0,738
CA,751,KWL,3372,XMN,3383,Y,0,738
CA,751,KWL,3372,FOC,3385,Y,0,738
CA,751,KWL,3372,CKG,3393,Y,0,738
CA,751,KWL,3372,CTU,3395,,0,319
CA,751,KWL,3372,PVG,3406,,0,320 321
CA,751,NNG,3373,MFM,3121,,0,319 320 321
CA,751,NNG,3373,WUH,3376,Y,0,738
CA,751,NNG,3373,XIY,3379,Y,0,320
CA,751,NNG,3373,XMN,3383,Y,0,738
CA,751,NNG,3373,HGH,3386,,0,319
CA,751,NNG,3373,SYX,4030,Y,0,320
CA,751,SZX,3374,SIN,3316,Y,0,738
CA,751,SZX,3374,PEK,3364,,0,777 333 772 738 330 321
CA,751,SZX,3374,TYN,3369,,0,738
CA,751,SZX,3374,CGO,3375,Y,0,320 738
CA,751,SZX,3374,WUH,3376,,0,320
CA,751,SZX,3374,XIY,3379,Y,0,320
CA,751,SZX,3374,KMG,3382,Y,0,738
CA,751,SZX,3374,HFE,3389,Y,0,738 320
CA,751,SZX,3374,CTU,3395,,0,319 321
CA,751,SZX,3374,PVG,3406,,0,321 320
CA,751,SZX,3374,TNA,4108,Y,0,738
CA,751,SZX,3374,HAK,4120,Y,0,320 738 319
CA,751,SZX,3374,CGQ,4380,Y,0,320 738
CA,751,SZX,3374,XFN,6360,Y,0,319
CA,751,SZX,3374,YIH,6361,Y,0,320
CA,751,SZX,3374,JDZ,6380,Y,0,320
CA,751,SZX,3374,WUX,6390,,0,738
CA,751,SZX,3374,DAX,6397,,0,319
CA,751,SZX,3374,MIG,6400,Y,0,320 738
CA,751,SZX,3374,YIC,9107,Y,0,320
CA,751,CGO,3375,PEK,3364,,0,738
CA,751,CGO,3375,TSN,3368,Y,0,738
CA,751,CGO,3375,CAN,3370,Y,0,320
CA,751,CGO,3375,NNG,3373,,0,320
CA,751,CGO,3375,LHW,3378,Y,0,738
CA,751,CGO,3375,HRB,3400,,0,320
CA,751,CGO,3375,TNA,4108,Y,0,CR2 738
CA,751,CGO,3375,SHE,4144,,0,320
CA,751,WUH,3376,MFM,3121,,0,320
CA,751,WUH,3376,SZX,3374,,0,320
CA,751,WUH,3376,KMG,3382,Y,0,738
CA,751,FNJ,3377,PEK,3364,,0,737
CA,751,LHW,3378,CGO,3375,Y,0,738
CA,751,LHW,3378,HGH,3386,,0,319
CA,751,XIY,3379,TSN,3368,,0,738
CA,751,XIY,3379,KWL,3372,,0,738
CA,751,XIY,3379,LHW,3378,Y,0,738
CA,751,XIY,3379,CTU,3395,,0,738
CA,751,XIY,3379,URC,3399,,0,738 320
CA,751,XIY,3379,HRB,3400,,0,737
CA,751,XIY,3379,JDZ,6380,,0,320
CA,751,XIY,3379,WUX,6390,,0,738
CA,751,XIY,3379,WNZ,6392,,0,320
CA,751,KMG,3382,RGN,3239,,0,319
CA,751,KMG,3382,CAN,3370,,0,320
CA,751,KMG,3382,SZX,3374,Y,0,738
CA,751,KMG,3382,XMN,3383,Y,0,738
CA,751,KMG,3382,HGH,3386,,0,319
CA,751,KMG,3382,NKG,3388,Y,0,738
CA,751,KMG,3382,KWE,3394,Y,0,738
CA,751,KMG,3382,TNA,4108,Y,0,738
CA,751,KMG,3382,WNZ,6392,,0,738
CA,751,XMN,3383,CAN,3370,,0,320
CA,751,XMN,3383,CSX,3371,Y,0,738
CA,751,XMN,3383,KWL,3372,Y,0,738
CA,751,XMN,3383,NNG,3373,Y,0,738
CA,751,XMN,3383,SZX,3374,Y,0,320
CA,751,XMN,3383,CGO,3375,Y,0,738
CA,751,XMN,3383,XIY,3379,Y,0,738
CA,751,XMN,3383,KMG,3382,Y,0,738
CA,751,XMN,3383,HGH,3386,Y,0,738
CA,751,XMN,3383,TAO,3390,Y,0,738
CA,751,XMN,3383,SYX,4030,Y,0,CR2
CA,751,XMN,3383,ZUH,6355,Y,0,738
CA,751,KHN,3384,SZX,3374,Y,0,320 319
CA,751,FOC,3385,PEK,3364,,0,738
CA,751,FOC,3385,HAK,4120,Y,0,CR2
CA,751,FOC,3385,ZUH,6355,Y,0,738
CA,751,FOC,3385,WUX,6390,Y,0,738
CA,751,HGH,3386,PEK,3364,,0,321 320 330 738
CA,751,HGH,3386,NNG,3373,,0,319
CA,751,HGH,3386,XMN,3383,Y,0,738
CA,751,HGH,3386,TAO,3390,,0,319 320
CA,751,HGH,3386,KWE,3394,,0,320 319
CA,751,HGH,3386,INC,4085,,0,319
CA,751,NKG,3388,FRA,340,Y,0,343
CA,751,NKG,3388,SZX,3374,,0,738
CA,751,NKG,3388,KWE,3394,Y,0,738
CA,751,NKG,3388,CGQ,4380,,0,320
CA,751,HFE,3389,MFM,3121,,0,320 321
CA,751,HFE,3389,PEK,3364,,0,738 321
CA,751,HFE,3389,CSX,3371,Y,0,738
CA,751,HFE,3389,SZX,3374,Y,0,738 320
CA,751,HFE,3389,TAO,3390,Y,0,738
CA,751,HFE,3389,DLC,3404,Y,0,738
CA,751,TAO,3390,PEK,3364,,0,738 321
CA,751,TAO,3390,CAN,3370,Y,0,738
CA,751,TAO,3390,SZX,3374,Y,0,320 738
CA,751,TAO,3390,XMN,3383,Y,0,738
CA,751,TAO,3390,HFE,3389,Y,0,738
CA,751,TAO,3390,SHA,3391,Y,0,738
CA,751,TAO,3390,CTU,3395,,0,321
CA,751,TAO,3390,HRB,3400,Y,0,738
CA,751,TAO,3390,ICN,3930,,0,321 738
CA,751,TAO,3390,KIX,3992,Y,0,763
CA,751,TAO,3390,SHE,4144,Y,0,738 343
CA,751,TAO,3390,WUS,6391,Y,0,738
CA,751,TAO,3390,WNZ,6392,Y,0,738
CA,751,SHA,3391,TSA,2275,,0,333 738
CA,751,SHA,3391,MFM,3121,,0,321 320 319
CA,751,SHA,3391,TAO,3390,Y,0,738
CA,751,SHA,3391,CKG,3393,,0,737
CA,751,SHA,3391,CTU,3395,,0,333
CA,751,YNT,3392,WUH,3376,,0,320
CA,751,YNT,3392,HGH,3386,Y,0,738
CA,751,YNT,3392,SHA,3391,Y,0,738
CA,751,YNT,3392,CGQ,4380,,0,320
CA,751,YNT,3392,SJW,6347,Y,0,738
CA,751,CKG,3393,HKG,3077,,0,737
CA,751,CKG,3393,PEK,3364,,0,738 773 330 737 321
CA,751,CKG,3393,CGO,3375,Y,0,738
CA,751,CKG,3393,HGH,3386,,0,319 320 738 737
CA,751,CKG,3393,NKG,3388,,0,737 738
CA,751,CKG,3393,TAO,3390,Y,0,738
CA,751,CKG,3393,SHA,3391,,0,737
CA,751,CKG,3393,PVG,3406,,0,738 737
CA,751,CKG,3393,LJG,4033,,0,737
CA,751,CKG,3393,INC,4085,,0,737
CA,751,CKG,3393,TNA,4108,Y,0,738
CA,751,CKG,3393,WUX,6390,,0,738
CA,751,CKG,3393,WUS,6391,Y,0,738
CA,751,CKG,3393,WNZ,6392,,0,319
CA,751,KWE,3394,XIY,3379,Y,0,738
CA,751,KWE,3394,KMG,3382,Y,0,738
CA,751,KWE,3394,XMN,3383,Y,0,737 738
CA,751,KWE,3394,KHN,3384,Y,0,733
CA,751,KWE,3394,SHA,3391,,0,320
CA,751,KWE,3394,TNA,4108,Y,0,738
CA,751,CTU,3395,FRA,340,,0,330
CA,751,CTU,3395,NRT,2279,Y,0,763
CA,751,CTU,3395,BOM,2997,,0,319
CA,751,CTU,3395,KTM,3125,,0,319
CA,751,CTU,3395,PEK,3364,,0,321 333 330 320 777 738
CA,751,CTU,3395,TSN,3368,,0,738
CA,751,CTU,3395,TYN,3369,,0,321
CA,751,CTU,3395,CAN,3370,,0,321 319 320
CA,751,CTU,3395,CSX,3371,,0,321 319
CA,751,CTU,3395,KWL,3372,,0,319
CA,751,CTU,3395,CGO,3375,,0,320
CA,751,CTU,3395,XMN,3383,,0,320
CA,751,CTU,3395,KHN,3384,,0,321
CA,751,CTU,3395,HFE,3389,,0,321 319
CA,751,CTU,3395,KHG,3397,,0,319
CA,751,CTU,3395,HRB,3400,,0,321
CA,751,CTU,3395,PVG,3406,,0,319 340 320 321 330
CA,751,CTU,3395,LJG,4033,,0,320
CA,751,CTU,3395,LXA,4097,,0,319 330
CA,751,CTU,3395,TNA,4108,,0,320
CA,751,CTU,3395,SWA,4302,,0,319
CA,751,CTU,3395,ZUH,6355,,0,319
CA,751,CTU,3395,ZHA,6357,,0,319
CA,751,CTU,3395,XNN,6366,,0,320
CA,751,CTU,3395,UYN,6368,,0,319
CA,751,CTU,3395,JDZ,6380,Y,0,738
CA,751,CTU,3395,LZY,6402,,0,319
CA,751,CTU,3395,AKU,6404,,0,320
CA,751,CTU,3395,YIN,6409,,0,319
CA,751,CTU,3395,DCY,9310,,0,319
CA,751,XIC,3396,CTU,3395,,0,319 320
CA,751,KHG,3397,URC,3399,,0,738
CA,751,URC,3399,PEK,3364,,0,738 772 321
CA,751,URC,3399,XIY,3379,,0,738 320
CA,751,URC,3399,CKG,3393,,0,737
CA,751,URC,3399,HTN,3398,,0,738
CA,751,URC,3399,TNA,4108,Y,0,738
CA,751,URC,3399,YCU,6430,,0,320
CA,751,HRB,3400,TSN,3368,,0,738
CA,751,HRB,3400,SZX,3374,Y,0,320 738
CA,751,HRB,3400,CGO,3375,,0,320
CA,751,HRB,3400,DLC,3404,,0,320
CA,751,DLC,3404,HIJ,2326,,0,738
CA,751,DLC,3404,TSN,3368,,0,738
CA,751,DLC,3404,TYN,3369,,0,738
CA,751,DLC,3404,SZX,3374,Y,0,738
CA,751,DLC,3404,XIY,3379,,0,738 320
CA,751,DLC,3404,NKG,3388,,0,738
CA,751,DLC,3404,TAO,3390,Y,0,738 CR2
CA,751,DLC,3404,HRB,3400,,0,320
CA,751,DLC,3404,ICN,3930,Y,0,321
CA,751,DLC,3404,TNA,4108,Y,0,CR2
CA,751,DLC,3404,NTG,5475,Y,0,738
CA,751,DLC,3404,WUX,6390,,0,738
CA,751,PVG,3406,YVR,156,Y,0,763
CA,751,PVG,3406,YYZ,193,Y,0,77L
CA,751,PVG,3406,FRA,340,,0,330
CA,751,PVG,3406,MUC,346,Y,0,346
CA,751,PVG,3406,AKL,2006,Y,0,772 763
CA,751,PVG,3406,SYD,3361,,0,330
CA,751,PVG,3406,XIY,3379,,0,321 320
CA,751,PVG,3406,KHN,3384,Y,0,320
CA,751,PVG,3406,YNT,3392,Y,0,738
CA,751,PVG,3406,KWE,3394,,0,320
CA,751,PVG,3406,CTU,3395,,0,340 320 319 321 330
CA,751,PVG,3406,SFO,3469,Y,0,744
CA,751,PVG,3406,LAX,3484,Y,0,788
CA,751,PVG,3406,EWR,3494,Y,0,777
CA,751,PVG,3406,ORD,3830,Y,0,744
CA,751,LAX,3484,PVG,3406,Y,0,788
CA,751,IAH,3550,ATL,3682,Y,0,CRJ ERJ
CA,751,IAD,3714,PEK,3364,Y,0,777
CA,751,HNL,3728,PEK,3364,,0,330
CA,751,JFK,3797,PEK,3364,,0,773
CA,751,BKK,3885,SZX,3374,Y,0,738
CA,751,ICN,3930,PEK,3364,,0,330 738
CA,751,ICN,3930,CTU,3395,Y,0,321
CA,751,ICN,3930,YNJ,6414,,0,738
CA,751,NGO,3942,PVG,3406,,0,319
CA,751,KIX,3992,TAO,3390,Y,0,763
CA,751,KIX,3992,TNA,4108,Y,0,738
CA,751,SYX,4030,SZX,3374,Y,0,320
CA,751,SYX,4030,WUX,6390,Y,0,320
CA,751,INC,4085,XIY,3379,,0,320 738
CA,751,INC,4085,CKG,3393,,0,737
CA,751,INC,4085,CTU,3395,,0,321
CA,751,INC,4085,CGQ,4380,,0,737
CA,751,INC,4085,SJW,6347,Y,0,738
CA,751,INC,4085,XNN,6366,Y,0,CR2
CA,751,LXA,4097,CKG,3393,,0,319
CA,751,TNA,4108,TYN,3369,Y,0,CR7 CR2
CA,751,TNA,4108,CGO,3375,Y,0,CR2 738
CA,751,TNA,4108,XMN,3383,Y,0,CR2 738
CA,751,TNA,4108,KHN,3384,Y,0,733
CA,751,TNA,4108,FOC,3385,Y,0,CR2
CA,751,TNA,4108,SHA,3391,Y,0,738
CA,751,TNA,4108,YNT,3392,Y,0,CR2 738
CA,751,TNA,4108,URC,3399,Y,0,738
CA,751,TNA,4108,DLC,3404,Y,0,CR2
CA,751,TNA,4108,ICN,3930,Y,0,738
CA,751,TNA,4108,INC,4085,Y,0,CR2 738
CA,751,TNA,4108,SHE,4144,Y,0,738
CA,751,TNA,4108,CGQ,4380,Y,0,738
CA,751,TNA,4108,HET,6345,Y,0,738
CA,751,CZX,4109,CAN,3370,Y,0,320
CA,751,CZX,4109,HRB,3400,Y,0,320
CA,751,CZX,4109,SHE,4144,Y,0,320
CA,751,YBP,4110,PEK,3364,,0,737
CA,751,HAK,4120,PEK,3364,,0,321
CA,751,HAK,4120,CGO,3375,,0,320
CA,751,HAK,4120,HGH,3386,,0,319
CA,751,SHE,4144,FRA,340,Y,0,343
CA,751,SHE,4144,MFM,3121,,0,319
CA,751,SHE,4144,CAN,3370,Y,0,320
CA,751,SHE,4144,SZX,3374,Y,0,320
CA,751,SHE,4144,HGH,3386,Y,0,320
CA,751,SHE,4144,NKG,3388,Y,0,320
CA,751,SHE,4144,CTU,3395,,0,321
CA,751,SHE,4144,TNA,4108,Y,0,738
CA,751,SHE,4144,WNZ,6392,,0,320
CA,751,MWX,4189,PEK,3364,Y,0,321
CA,751,SWA,4302,PEK,3364,,0,738
CA,751,CGQ,4380,WUH,3376,Y,0,738
CA,751,CGQ,4380,TAO,3390,,0,319
CA,751,CGQ,4380,CTU,3395,,0,321
CA,751,CGQ,4380,TNA,4108,Y,0,738
CA,751,NTG,5475,CAN,3370,,0,320
CA,751,NTG,5475,DLC,3404,Y,0,738
CA,751,NTG,5475,SHE,4144,Y,0,738
CA,751,CIH,6343,CTU,3395,,0,319
CA,751,DAT,6344,PEK,3364,,0,738
CA,751,HET,6345,PVG,3406,,0,321
CA,751,BAV,6346,PEK,3364,,0,738 737
CA,751,BAV,6346,TYN,3369,Y,0,CR7
CA,751,BAV,6346,CAN,3370,Y,0,320
CA,751,SJW,6347,YNT,3392,Y,0,738
CA,751,BHY,6351,PEK,3364,,0,738
CA,751,BHY,6351,HGH,3386,,0,319
CA,751,DYG,6353,PEK,3364,,0,737 738
CA,751,ZUH,6355,PEK,3364,,0,738 321
CA,751,ZUH,6355,NNG,3373,,0,738
CA,751,ZUH,6355,CKG,3393,,0,738
CA,751,ZUH,6355,HYN,6384,,0,738
CA,751,ZUH,6355,WNZ,6392,Y,0,738
CA,751,XFN,6360,SZX,3374,Y,0,319
CA,751,YIH,6361,PEK,3364,,0,738
CA,751,XNN,6366,WUH,3376,Y,0,320
CA,751,XNN,6366,XIY,3379,,0,320
CA,751,XNN,6366,CTU,3395,,0,320
CA,751,UYN,6368,CTU,3395,,0,319
CA,751,KOW,6379,PEK,3364,,0,738
CA,751,JDZ,6380,FOC,3385,,0,320
CA,751,JDZ,6380,CTU,3395,Y,0,738
CA,751,JUZ,6382,SZX,3374,Y,0,320
CA,751,JUZ,6382,XMN,3383,Y,0,738
CA,751,HYN,6384,PEK,3364,,0,738
CA,751,HYN,6384,ZUH,6355,,0,738
CA,751,LYI,6385,CAN,3370,,0,320
CA,751,WUX,6390,PEK,3364,,0,738
CA,751,WUX,6390,WUH,3376,Y,0,738
CA,751,WUX,6390,XIY,3379,,0,738
CA,751,WUX,6390,XMN,3383,Y,0,738
CA,751,WUX,6390,DLC,3404,,0,738
CA,751,WUX,6390,SHE,4144,Y,0,320 738
CA,751,WUS,6391,CAN,3370,Y,0,738
CA,751,WUS,6391,TAO,3390,Y,0,738
CA,751,WUS,6391,CKG,3393,Y,0,738
CA,751,WNZ,6392,TPE,2276,,0,319
CA,751,WNZ,6392,SZX,3374,Y,0,738
CA,751,WNZ,6392,XIY,3379,,0,320
CA,751,WNZ,6392,TAO,3390,Y,0,738
CA,751,WNZ,6392,KWE,3394,,0,319
CA,751,WNZ,6392,CTU,3395,,0,320
CA,751,WNZ,6392,PVG,3406,,0,319 320
CA,751,WNZ,6392,ZUH,6355,Y,0,738
CA,751,BPX,6396,CTU,3395,,0,319
CA,751,DAX,6397,PEK,3364,,0,737
CA,751,DAX,6397,SZX,3374,,0,319
CA,751,GYS,6398,CAN,3370,,0,737
CA,751,GYS,6398,HGH,3386,,0,319
CA,751,LZO,6399,CAN,3370,,0,737
CA,751,MIG,6400,CGO,3375,Y,0,CR2
CA,751,LZY,6402,CTU,3395,,0,319
CA,751,AKU,6404,CTU,3395,,0,320
CA,751,YIN,6409,CTU,3395,,0,319
CA,751,JMU,6411,PEK,3364,,0,738
CA,751,JNZ,6412,TAO,3390,Y,0,CR7
CA,751,NDG,6413,PEK,3364,,0,738
CA,751,YNJ,6414,PEK,3364,,0,738
CA,751,YNJ,6414,TAO,3390,Y,0,737
CA,751,YCU,6430,LHW,3378,Y,0,738
CA,751,DSN,6434,PEK,3364,,0,738
CA,751,DSN,6434,TYN,3369,Y,0,CR2
CA,751,HMI,6743,PEK,3364,,0,737
CA,751,RLK,8630,PEK,3364,,0,738
CA,751,YTY,8876,PEK,3364,,0,738
CA,751,YTY,8876,CKG,3393,,0,738
CA,751,YIC,9107,PEK,3364,Y,0,320
CA,751,ZYI,9846,PEK,3364,,0,738
Q6,753,CNS,3322,ABM,3318,,0,DH1
Q6,753,CNS,3322,ISA,3324,,0,DH1
Q6,753,CNS,3322,KWM,6281,,0,DH1
Q6,753,CNS,3322,NTN,6309,,0,DH1
Q6,753,ISA,3324,CNS,3322,,0,DH1
Q6,753,BVI,6240,BEU,6243,,0,DH1
Q6,753,BVI,6240,WNR,6333,,0,DH1
Q6,753,BEU,6243,BVI,6240,,0,DH1
Q6,753,BEU,6243,BQL,6248,,0,DH1
Q6,753,BUC,6245,DMD,6262,,0,DH1
Q6,753,CMA,6258,XTG,6329,,0,DH1
Q6,753,CUQ,6260,IRG,6286,,0,DH1
Q6,753,DMD,6262,BUC,6245,,0,DH1
Q6,753,DMD,6262,ONG,6304,,0,DH1
Q6,753,KWM,6281,CNS,3322,,0,DH1
Q6,753,KWM,6281,EDR,6319,,0,DH1
Q6,753,IRG,6286,CNS,3322,,0,DH1
Q6,753,IRG,6286,AUU,6237,,0,DH1
Q6,753,ONG,6304,BUC,6245,,0,DH1
Q6,753,NTN,6309,CNS,3322,,0,DH1
Q6,753,EDR,6319,KWM,6281,,0,DH1
Q6,753,TWB,7128,BNE,3320,,0,DH1
Q6,753,TWB,7128,SGO,6325,,0,DH1
AH,794,BJA,209,LYS,1335,,0,738
AH,794,BJA,209,ORY,1386,,0,736
AH,794,ALG,210,YUL,146,,0,330
AH,794,ALG,210,BJA,209,,0,738 ATR
AH,794,ALG,210,CZL,221,,0,ATR 736 738 767
AH,794,ALG,210,HRM,224,,0,ATR
AH,794,ALG,210,TLM,230,,0,738 ATR
AH,794,ALG,210,AZR,234,,0,ATR 738
AH,794,ALG,210,BSK,235,,0,ATR 738
AH,794,ALG,210,GHA,237,,0,ATR
AH,794,ALG,210,TGR,240,,0,ATR
AH,794,ALG,210,OGX,243,,0,ATR
AH,794,ALG,210,OUA,246,,0,736
AH,794,ALG,210,NIM,280,,0,738
AH,794,ALG,210,TUN,287,,0,736 738
AH,794,ALG,210,MAD,1229,,0,736
AH,794,ALG,210,ETZ,1320,,0,736
AH,794,ALG,210,MRS,1353,,0,736
AH,794,ALG,210,NCE,1354,,0,736 738
AH,794,ALG,210,GVA,1665,,0,736
AH,794,ALG,210,BEY,2177,,0,736
AH,794,ALG,210,SVO,2985,,0,736
AH,794,ALG,210,BLJ,5552,,0,ATR 738
AH,794,TMR,216,ALG,210,,0,738
AH,794,TMR,216,ELG,236,,0,ATR
AH,794,AAE,220,ALG,210,,0,738 ATR 736
AH,794,AAE,220,LYS,1335,,0,738
AH,794,CZL,221,AZR,234,,0,ATR
AH,794,CZL,221,LYS,1335,,0,738
AH,794,CZL,221,NCE,1354,,0,738 736
AH,794,HRM,224,ALG,210,,0,ATR
AH,794,TLM,230,MRS,1353,,0,738
AH,794,TLM,230,ORY,1386,,0,738
AH,794,ORN,231,ALG,210,,0,736 ATR 738 767
AH,794,ORN,231,AAE,220,,0,ATR
AH,794,ORN,231,CZL,221,,0,ATR
AH,794,ORN,231,GHA,237,,0,ATR
AH,794,ORN,231,OGX,243,,0,ATR
AH,794,ORN,231,TLS,1273,,0,736
AH,794,ORN,231,IST,1701,,0,738
AH,794,ORN,231,CBH,5553,,0,ATR
AH,794,MUW,233,TID,225,,0,ATR
AH,794,AZR,234,ALG,210,,0,ATR
AH,794,AZR,234,CZL,221,,0,ATR
AH,794,AZR,234,ORN,231,,0,ATR
AH,794,AZR,234,BMW,5554,,0,ATR
AH,794,BSK,235,ORY,1386,,0,738
AH,794,ELG,236,TMR,216,,0,ATR
AH,794,ELG,236,OGX,243,,0,ATR
AH,794,GHA,237,CZL,221,,0,ATR
AH,794,GHA,237,ORN,231,,0,ATR
AH,794,INZ,239,ALG,210,,0,ATR
AH,794,OGX,243,AZR,234,,0,ATR
AH,794,OGX,243,IAM,244,,0,ATR
AH,794,ABJ,253,ALG,210,,0,738
AH,794,NIM,280,ALG,210,,0,738
AH,794,FRA,340,ALG,210,,0,736
AH,794,LHR,507,ALG,210,,0,736
AH,794,BKO,1044,ALG,210,,0,738
AH,794,CAI,1128,ALG,210,,0,736
AH,794,TIP,1157,ALG,210,,0,736
AH,794,BCN,1218,ALG,210,,0,736
AH,794,MAD,1229,ALG,210,,0,736
AH,794,TLS,1273,ALG,210,,0,736
AH,794,TLS,1273,ORN,231,,0,736
AH,794,ETZ,1320,ALG,210,,0,736
AH,794,LYS,1335,BJA,209,,0,738
AH,794,LYS,1335,ALG,210,,0,736 738
AH,794,LYS,1335,TLM,230,,0,736
AH,794,LYS,1335,BLJ,5552,,0,738
AH,794,MRS,1353,AAE,220,,0,738
AH,794,MRS,1353,CZL,221,,0,738
AH,794,MRS,1353,TLM,230,,0,736
AH,794,MRS,1353,QSF,6492,,0,738
AH,794,NCE,1354,ALG,210,,0,736 738
AH,794,NCE,1354,CZL,221,,0,738
AH,794,CDG,1382,ALG,210,,0,330 738
AH,794,CDG,1382,CZL,221,,0,738
AH,794,CDG,1382,ORN,231,,0,330
AH,794,ORY,1386,BJA,209,,0,736
AH,794,ORY,1386,AAE,220,,0,736
AH,794,ORY,1386,CZL,221,,0,736
AH,794,LIL,1399,ALG,210,,0,738
AH,794,VIE,1613,ALG,210,,0,736
AH,794,LIS,1638,ALG,210,,0,736
AH,794,IST,1701,ALG,210,,0,736
AH,794,IST,1701,AAE,220,,0,738
AH,794,IST,1701,ORN,231,,0,738
AH,794,PEK,3364,ALG,210,,0,330
AH,794,BLJ,5552,ALG,210,,0,ATR 738
AH,794,BLJ,5552,MRS,1353,,0,738
AH,794,CBH,5553,ORN,231,,0,ATR
AH,794,BMW,5554,AZR,234,,0,ATR
AH,794,QSF,6492,ALG,210,,0,ATR 738
EN,807,FRA,340,LIN,1529,,0,321 E90 320 319 32A
EN,807,MUC,346,BRI,1501,,0,E95
EN,807,MUC,346,VRN,1550,,0,E95
EN,807,VRN,1550,MUC,346,,0,E95
EI,837,YYZ,193,DUB,599,,0,757
EI,837,SXF,337,DUB,599,,0,320
EI,837,HAJ,352,DUB,599,,0,320
EI,837,BHD,467,AGP,1230,,0,320
EI,837,MAN,478,ORK,596,Y,0,AT7
EI,837,MAN,478,SNN,603,Y,0,AT7 AT4
EI,837,CWL,488,DUB,599,Y,0,AT7
EI,837,BRS,490,ORK,596,Y,0,AT7
EI,837,BOH,494,DUB,599,Y,0,AT4
EI,837,JER,499,DUB,599,Y,0,AT7
EI,837,LGW,502,NOC,600,,0,319
EI,837,LHR,507,BHD,467,,0,319
EI,837,BLK,514,DUB,599,Y,0,AT4
EI,837,GLA,534,DUB,599,Y,0,AT7 AT4
EI,837,AMS,580,ORK,596,,0,320
EI,837,ORK,596,MAN,478,Y,0,AT7
EI,837,ORK,596,LHR,507,,0,320
EI,837,ORK,596,GLA,534,Y,0,AT7
EI,837,ORK,596,EDI,535,Y,0,AT7
EI,837,ORK,596,AMS,580,,0,320
EI,837,ORK,596,ACE,1055,,0,320
EI,837,ORK,596,ALC,1212,,0,320
EI,837,ORK,596,NCE,1354,,0,320
EI,837,ORK,596,CDG,1382,,0,320
EI,837,ORK,596,LIS,1638,,0,320
EI,837,DUB,599,BRU,302,,0,320
EI,837,DUB,599,SXF,337,,0,320
EI,837,DUB,599,FRA,340,,0,320
EI,837,DUB,599,DUS,345,,0,320
EI,837,DUB,599,BHX,469,,0,320
EI,837,DUB,599,JER,499,Y,0,AT7
EI,837,DUB,599,IOM,520,Y,0,AT4
EI,837,DUB,599,ABZ,532,Y,0,AT7
EI,837,DUB,599,GLA,534,Y,0,AT7 AT4
EI,837,DUB,599,CPH,609,,0,320
EI,837,DUB,599,WAW,679,,0,320
EI,837,DUB,599,FUE,1051,,0,320
EI,837,DUB,599,LPA,1054,,0,320
EI,837,DUB,599,TFS,1056,,0,320
EI,837,DUB,599,BOJ,1191,,0,320
EI,837,DUB,599,ALC,1212,,0,320
EI,837,DUB,599,BIO,1216,,0,320
EI,837,DUB,599,IBZ,1225,,0,320
EI,837,DUB,599,AGP,1230,,0,330 320
EI,837,DUB,599,BOD,1264,,0,320
EI,837,DUB,599,TLS,1273,,0,320
EI,837,DUB,599,LYS,1335,,0,320
EI,837,DUB,599,NCE,1354,,0,320
EI,837,DUB,599,MXP,1524,,0,320
EI,837,DUB,599,LIN,1529,,0,320
EI,837,DUB,599,NAP,1561,,0,320
EI,837,DUB,599,FAO,1626,,0,320 321 330 332
EI,837,DUB,599,ZRH,1678,,0,320
EI,837,DUB,599,AUH,2179,Y,0,77W 332
EI,837,DUB,599,IAD,3714,Y,0,752
EI,837,DUB,599,JFK,3797,,0,330
EI,837,DUB,599,ORD,3830,,0,330 332
EI,837,DUB,599,MCO,3878,,0,330 332
EI,837,DUB,599,PMI,3998,,0,320
EI,837,SNN,603,MAN,478,Y,0,AT7 AT4
EI,837,SNN,603,BRS,490,Y,0,AT4
EI,837,SNN,603,EDI,535,Y,0,AT7
EI,837,CPH,609,DUB,599,,0,320
EI,837,ARN,737,DUB,599,,0,320
EI,837,LPA,1054,DUB,599,,0,320
EI,837,TFS,1056,DUB,599,,0,320
EI,837,PUY,1203,DUB,599,,0,320
EI,837,ALC,1212,ORK,596,,0,320
EI,837,IBZ,1225,DUB,599,,0,320
EI,837,AGP,1230,ORK,596,,0,320
EI,837,AGP,1230,DUB,599,,0,330 320
EI,837,SCQ,1243,DUB,599,,0,320
EI,837,TLS,1273,DUB,599,,0,320
EI,837,PGF,1356,DUB,599,,0,320
EI,837,CDG,1382,ORK,596,,0,320
EI,837,CDG,1382,DUB,599,,0,320 319
EI,837,CFU,1460,DUB,599,,0,320
EI,837,CTA,1509,DUB,599,,0,320
EI,837,BLQ,1538,DUB,599,,0,320
EI,837,VRN,1550,DUB,599,,0,320
EI,837,NAP,1561,DUB,599,,0,320
EI,837,PRG,1587,DUB,599,,0,320
EI,837,FAO,1626,BHD,467,,0,320
EI,837,LIS,1638,DUB,599,,0,320
EI,837,ZRH,1678,DUB,599,,0,320
EI,837,BOS,3448,DUB,599,,0,332 330
EI,837,BOS,3448,SNN,603,,0,757
EI,837,SFO,3469,DUB,599,,0,332
EI,837,ATL,3682,ORD,3830,Y,0,CR7 ERJ E70
EI,837,ORD,3830,ATL,3682,Y,0,CR7 E70
EI,837,MCO,3878,DUB,599,,0,330 332
EI,837,PMI,3998,BHD,467,,0,320 319
FJ,879,NAN,1960,TBU,1963,,0,73H 73W
FJ,879,NAN,1960,VLI,1997,,0,73W AT5
FJ,879,NAN,1960,AKL,2006,,0,73H 332 73W
FJ,879,NAN,1960,CXI,2252,,0,73W
FJ,879,NAN,1960,BNE,3320,,0,73H 73W
FJ,879,NAN,1960,KDV,5869,Y,0,DHT
FJ,879,NAN,1960,SVU,5878,Y,0,DHT
FJ,879,SUV,1961,NAN,1960,Y,0,AT5
FJ,879,SUV,1961,SYD,3361,,0,73W
FJ,879,SUV,1961,FUN,4077,,0,AT5
FJ,879,SUV,1961,KDV,5869,Y,0,DHT
FJ,879,SUV,1961,LKB,5873,Y,0,DHT
FJ,879,SUV,1961,SVU,5878,Y,0,DHT
FJ,879,TRW,1965,NAN,1960,,0,73H 73W
FJ,879,APW,1969,NAN,1960,,0,73H
FJ,879,AKL,2006,NAN,1960,,0,73W 73H 332
FJ,879,CXI,2252,NAN,1960,,0,73W
FJ,879,CXI,2252,HNL,3728,,0,73W
FJ,879,BNE,3320,NAN,1960,,0,73H 73W
FJ,879,MEL,3339,NAN,1960,,0,73H
FJ,879,SYD,3361,SUV,1961,,0,73W
FJ,879,LAX,3484,NAN,1960,,0,332
FJ,879,ICI,5867,SUV,1961,Y,0,DHT
FJ,879,KDV,5869,NAN,1960,Y,0,DHT
FJ,879,LKB,5873,SUV,1961,Y,0,DHT
FJ,879,LBS,5874,NAN,1960,Y,0,AT5
FJ,879,LBS,5874,SUV,1961,Y,0,AT5
FJ,879,TVU,5875,NAN,1960,Y,0,DHT
FJ,879,SVU,5878,NAN,1960,Y,0,DHT
FJ,879,SVU,5878,SUV,1961,Y,0,DHT
RC,881,BLL,608,FAE,625,,0,319
RC,881,FAE,625,CPH,609,,0,319
RC,881,FAE,625,BGO,636,,0,319
QH,882,IST,1701,FRU,2912,,0,73H
QH,882,FRU,2912,CEK,2968,,0,735
QH,882,FRU,2912,SVX,2975,,0,735
QH,882,FRU,2912,TAS,2983,,0,735
QH,882,FRU,2912,DME,4029,,0,733
QH,882,FRU,2912,KJA,4374,,0,735
QH,882,OSS,2913,IST,1701,,0,319
QH,882,CEK,2968,FRU,2912,,0,735
QH,882,SGC,2974,OSS,2913,,0,735
QH,882,SVX,2975,FRU,2912,,0,735
QH,882,TAS,2983,FRU,2912,,0,735
QH,882,DME,4029,FRU,2912,,0,733
QH,882,DME,4029,OSS,2913,,0,733 734
QH,882,OVB,4078,FRU,2912,,0,735
QH,882,OVB,4078,OSS,2913,,0,734
QH,882,KJA,4374,OSS,2913,,0,735
NY,896,AEY,11,RKV,18,,0,F50 DH8
NY,896,IFJ,15,RKV,18,,0,DH8
NY,896,RKV,18,GOH,8,,0,DH8
2P,897,MNL,2397,ZAM,2404,,0,320
2P,897,MNL,2397,DGT,2425,,0,320
2P,897,MNL,2397,PPS,2433,,0,320
2P,897,MNL,2397,OZC,4204,,0,320
2P,897,MNL,2397,SUG,6016,,0,DH4
2P,897,MNL,2397,TUG,6021,,0,DH4
2P,897,MNL,2397,CRM,6024,,0,DH4
2P,897,MNL,2397,RXS,6026,,0,320
2P,897,MNL,2397,DWC,8076,,0,330
2P,897,CBO,2399,MNL,2397,,0,320
2P,897,GES,2402,MNL,2397,Y,0,320
2P,897,ZAM,2404,MNL,2397,,0,320
2P,897,KLO,2430,MNL,2397,,0,320
2P,897,TUG,6021,MNL,2397,,0,DH4
GL,921,SRK,,NAQ,5446,,0,BH2
GL,921,AOQ,,JUV,5448,,0,BH2
GL,921,UAK,7,JFR,5440,,0,DH8
GL,921,UAK,7,JNS,5445,,0,BH2
GL,921,GOH,8,UAK,7,,0,DH8
GL,921,GOH,8,KUS,4248,,0,DH8
GL,921,GOH,8,JFR,5440,,0,DH8
GL,921,GOH,8,JSU,5443,,0,DH7
GL,921,SFJ,9,GOH,8,,0,DH8 DH7
GL,921,SFJ,9,JAV,3995,,0,DH8
GL,921,SFJ,9,JEG,3997,,0,DH8
GL,921,SFJ,9,KUS,4248,,0,DH8
GL,921,SFJ,9,JHS,5447,,0,DH7 DH8
GL,921,THU,10,NAQ,5446,,0,BH2
GL,921,KEF,16,GOH,8,,0,DH8
GL,921,KUS,4248,GOH,8,,0,DH8
GL,921,KUS,4248,SFJ,9,,0,DH8
GL,921,KUS,4248,CNP,5439,,0,DH8
GL,921,KUS,4248,AGM,7642,,0,BH2
GL,921,LLU,5438,JJU,5442,,0,BH2
GL,921,LLU,5438,JNN,5444,,0,BH2
GL,921,CNP,5439,KUS,4248,,0,DH8
GL,921,JFR,5440,UAK,7,,0,DH8
GL,921,JJU,5442,LLU,5438,,0,BH2
GL,921,JJU,5442,JNS,5445,,0,BH2
GL,921,JNS,5445,QFX,,,0,BH2
GL,921,NAQ,5446,SRK,,,0,BH2
GL,921,NAQ,5446,THU,10,,0,BH2
GL,921,JHS,5447,SFJ,9,,0,DH7 DH8
GL,921,JHS,5447,JEG,3997,,0,DH8
GL,921,JUV,5448,AOQ,,,0,BH2
GL,921,JUV,5448,JAV,3995,,0,DH8
GL,921,JUV,5448,NAQ,5446,,0,DH8
GL,921,JQA,5449,JAV,3995,,0,DH8
GL,921,JQA,5449,UMD,8628,,0,BH2
GL,921,UMD,8628,JQA,5449,,0,BH2
W9,970,NYU,3209,HEH,3213,,0,AT7
W9,970,NYU,3209,RGN,3239,,0,AT7
W9,970,HEH,3213,MDL,3222,,0,AT7
W9,970,MDL,3222,HEH,3213,,0,AT7
W9,970,MYT,3224,MDL,3222,,0,AT7
W9,970,MYT,3224,PBU,3232,,0,AT7
W9,970,MYT,3224,RGN,3239,,0,AT7
W9,970,RGN,3239,NYU,3209,,0,AT7
W9,970,RGN,3239,HEH,3213,,0,AT7
W9,970,RGN,3239,KYP,3217,,0,AT7
W9,970,RGN,3239,MYT,3224,,0,AT7
W9,970,RGN,3239,THL,3237,,0,AT7
W9,970,RGN,3239,CNX,3931,,0,AT7
KK,995,LTN,492,IST,1701,,0,320
KK,995,ESB,1682,EBL,3989,,0,320
KK,995,ADA,1685,EBL,3989,,0,320
KK,995,IST,1701,ADA,1685,,0,320
KK,995,IST,1701,AYT,1688,,0,320
KK,995,IST,1701,GZT,1689,,0,320
KK,995,IST,1701,TBS,3973,,0,320
KK,995,IST,1701,EBL,3989,,0,320
KK,995,IST,1701,BJV,4315,,0,320
KK,995,IST,1701,ECN,5780,,0,320
KK,995,EBL,3989,ADA,1685,,0,320
KK,995,ECN,5780,ADB,1706,,0,320
KK,995,NBC,6969,IST,1701,,0,320
JS,998,VVO,2934,FNJ,3377,,0,T20
JS,998,PEK,3364,FNJ,3377,,0,A81 T20
JS,998,FNJ,3377,VVO,2934,,0,T20
KC,1006,VIE,1613,TSE,2910,Y,0,320
KC,1006,IST,1701,SCO,4367,,0,320
KC,1006,AUH,2179,TSE,2910,,0,320 321
KC,1006,ALA,2908,AUH,2179,,0,320 321
KC,1006,ALA,2908,TSE,2910,,0,757 321 320 767 319 E90
KC,1006,ALA,2908,CIT,2914,,0,320 E90 757 319
KC,1006,ALA,2908,KBP,2939,,0,320
KC,1006,ALA,2908,DYU,2979,,0,320 757
KC,1006,ALA,2908,SVO,2985,,0,320 321
KC,1006,ALA,2908,KZN,2990,,0,E90
KC,1006,ALA,2908,BKK,3885,,0,767 757
KC,1006,ALA,2908,TBS,3973,,0,E90
KC,1006,TSE,2910,IST,1701,,0,320
KC,1006,TSE,2910,AKX,2920,,0,E90 320
KC,1006,TSE,2910,KBP,2939,,0,E90
KC,1006,TSE,2910,LED,2948,,0,E90
KC,1006,TSE,2910,SVX,2975,,0,E90
KC,1006,TSE,2910,OVB,4078,,0,E90
KC,1006,TSE,2910,KZO,4358,,0,E90 321 320
KC,1006,TSE,2910,SCO,4367,,0,E90
KC,1006,TSE,2910,KSN,6088,,0,E90
KC,1006,CIT,2914,TSE,2910,,0,E90
KC,1006,PWQ,2917,ALA,2908,,0,E90
KC,1006,GYD,2922,ALA,2908,,0,E90
KC,1006,GYD,2922,TSE,2910,,0,E90
KC,1006,SVX,2975,TSE,2910,,0,E90
KC,1006,TAS,2983,ALA,2908,,0,320 319 E90 757
KC,1006,SVO,2985,TSE,2910,,0,320
KC,1006,DEL,3093,ALA,2908,,0,E90 320
KC,1006,KUL,3304,ALA,2908,,0,757
KC,1006,PEK,3364,ALA,2908,,0,320
KC,1006,PEK,3364,TSE,2910,,0,320
KC,1006,BKK,3885,ALA,2908,,0,767 757
KC,1006,TBS,3973,ALA,2908,,0,E90
KC,1006,OVB,4078,TSE,2910,,0,E90
KC,1006,GUW,4357,IST,1701,,0,320
KC,1006,GUW,4357,TSE,2910,,0,320
KC,1006,KZO,4358,ALA,2908,,0,320 E90 319
KC,1006,SCO,4367,ALA,2908,,0,757 321 320
KC,1006,SCO,4367,TSE,2910,,0,E90
KC,1006,KSN,6088,TSE,2910,,0,E90
LV,1008,MLE,3156,PVG,3406,,0,763
LV,1008,PEK,3364,MLE,3156,,0,763
XL,1034,CUE,2671,UIO,2688,,0,319
XL,1034,GYE,2673,MIA,3576,Y,0,738 763 757
XL,1034,UIO,2688,CUE,2671,,0,319
XL,1034,UIO,2688,GYE,2673,,0,319 320
XL,1034,UIO,2688,MIA,3576,,0,763
XL,1034,SCY,6045,GYE,2673,,0,319
TD,1048,PRG,1587,EVN,3964,,0,319
TD,1048,VIE,1613,EVN,3964,Y,0,321
TD,1048,EVN,3964,PRG,1587,,0,319
TD,1048,EVN,3964,VIE,1613,Y,0,321
MK,1057,MRU,893,LHR,507,,0,343
MK,1057,MRU,893,CPT,797,,0,319
MK,1057,MRU,893,DUR,799,,0,319
MK,1057,MRU,893,ZSE,917,,0,AT7
MK,1057,MRU,893,DXB,2188,Y,0,388 77W
MK,1057,MRU,893,BOM,2997,,0,332 343
MK,1057,MRU,893,HKG,3077,,0,332
MK,1057,MRU,893,DEL,3093,,0,332
MK,1057,MRU,893,KUL,3304,,0,343 332
MK,1057,MRU,893,PEK,3364,,0,343
MK,1057,MRU,893,PVG,3406,,0,343
MK,1057,CDG,1382,MRU,893,,0,343
MK,1057,CDG,1382,BSL,1423,Y,0,AT7
MK,1057,DXB,2188,MRU,893,Y,0,388 77W
MK,1057,MAA,3144,MRU,893,,0,332
MK,1057,KUL,3304,MRU,893,,0,343 332
MK,1057,SIN,3316,KUL,3304,,0,343
MK,1057,PVG,3406,MRU,893,,0,343
MK,1057,NBO,4059,MRU,893,,0,319
MD,1066,JNB,813,TNR,918,,0,733
MD,1066,DZA,915,TNR,918,,0,AT7 733
MD,1066,DZA,915,MJN,929,,0,AT7
MD,1066,TNR,918,JNB,813,,0,733
MD,1066,TNR,918,MRU,893,,0,733
MD,1066,TNR,918,HAH,912,,0,733 AT7
MD,1066,TNR,918,DZA,915,,0,AT7 733
MD,1066,TNR,918,SMS,920,,0,AT7 AT5
MD,1066,TNR,918,TMM,921,,0,DHT AT7 AT5
MD,1066,TNR,918,MOQ,922,,0,DHT AT7
MD,1066,TNR,918,MJN,929,,0,AT7 AT5
MD,1066,TNR,918,WMN,932,,0,AT5 AT7
MD,1066,TNR,918,FTU,937,,0,733 AT7
MD,1066,TNR,918,MRS,1353,,0,343
MD,1066,TMM,921,WMR,924,,0,DHT
MD,1066,DIE,923,NOS,930,,0,733
MD,1066,WMN,932,SVB,933,,0,AT7
MD,1066,SVB,933,DIE,923,,0,733
MD,1066,FTU,937,TNR,918,,0,733 AT7
MD,1066,TLE,943,TNR,918,,0,733 AT7
MD,1066,TLE,943,FTU,937,,0,733
MD,1066,CDG,1382,TNR,918,,0,343
MD,1066,KUL,3304,BKK,3885,Y,0,333
MD,1066,SIN,3316,BKK,3885,Y,0,777
MD,1066,CAN,3370,BKK,3885,,0,343
MD,1066,BKK,3885,CAN,3370,,0,343
9U,1073,FRA,340,KIV,1735,,0,E90
9U,1073,DUB,599,KIV,1735,,0,E90
9U,1073,MXP,1524,KIV,1735,,0,E90
9U,1073,BLQ,1538,KIV,1735,,0,E90
9U,1073,VRN,1550,KIV,1735,,0,E90
9U,1073,FCO,1555,KIV,1735,,0,E90
9U,1073,IST,1701,KIV,1735,,0,320 E90
9U,1073,KIV,1735,BLQ,1538,,0,E90
9U,1073,KIV,1735,FCO,1555,,0,E90
9U,1073,KIV,1735,IST,1701,,0,320 E90
9U,1073,KIV,1735,AER,2965,,0,EM2
9U,1073,KIV,1735,ATH,3941,,0,E90
9U,1073,SGC,2974,KIV,1735,,0,E90
9U,1073,DME,4029,KIV,1735,,0,320 E90
8D,1109,ADQ,3531,OLH,7163,,0,CNA
8D,1109,ADQ,3531,KOZ,7164,,0,CNA
8D,1109,ADQ,3531,ORI,7165,,0,CNA
8D,1109,KOZ,7164,ADQ,3531,,0,CNA
8D,1109,ORI,7165,ADQ,3531,,0,CNA
4Y,1173,BET,3599,MLL,7097,,0,CNA
4Y,1173,BET,3599,WTL,7099,,0,CNA
4Y,1173,BET,3599,KWN,7206,,0,CNA
4Y,1173,ATT,4385,KUK,7094,,0,CNA
4Y,1173,CYF,6960,BET,3599,,0,CNA
4Y,1173,EEK,7093,KWN,7206,,0,CNA
4Y,1173,KUK,7094,NUP,7212,,0,CNA
4Y,1173,MLL,7097,PQS,7216,,0,CNA
4Y,1173,NUP,7212,BET,3599,,0,CNA
4Y,1173,PQS,7216,BET,3599,,0,CNA
4Y,1173,AKI,7217,TLT,7218,,0,CNA
4Y,1173,TNK,8201,WWT,8203,,0,CNA
4Y,1173,GNU,8202,PTU,3430,,0,CNA
4Y,1173,WWT,8203,BET,3599,,0,CNA
UU,1191,DZA,915,RUN,916,,0,738 77L
UU,1191,RUN,916,CDG,1382,,0,77W 77L
UU,1191,RUN,916,MAA,3144,,0,738
UU,1191,TNR,918,RUN,916,,0,738 AT7
UU,1191,TMM,921,RUN,916,,0,AT7
UU,1191,CDG,1382,RUN,916,,0,77W 77L
UU,1191,MAA,3144,RUN,916,,0,738
A5,1203,AMS,580,CFE,1330,,0,ER4
A5,1203,GOT,687,LYS,1335,,0,ER4
A5,1203,BOD,1264,SXB,1435,,0,E70 ER4
A5,1203,PIS,1268,AJA,1324,,0,AT5
A5,1203,PIS,1268,LYS,1335,,0,AT5
A5,1203,TLS,1273,LIL,1399,,0,E70
A5,1203,TLS,1273,RNS,1415,,0,CRJ CR7
A5,1203,PUF,1274,LYS,1335,,0,CRK AT7 ER4 CRJ CR7
A5,1203,LDE,1276,ORY,1386,,0,CR7
A5,1203,BVE,1278,AJA,1324,,0,AT5
A5,1203,BVE,1278,ORY,1386,,0,AT5
A5,1203,BIQ,1280,NCE,1354,,0,CR7
A5,1203,DCM,1285,AGF,1262,,0,AT5
A5,1203,DCM,1285,ORY,1386,,0,AT5
A5,1203,FSC,1323,LIL,1399,,0,CRK
A5,1203,AJA,1324,DCM,1285,,0,AT5
A5,1203,CFE,1330,AMS,580,,0,ER4
A5,1203,CFE,1330,LYS,1335,,0,ER4
A5,1203,LYS,1335,BRU,302,,0,ER4
A5,1203,LYS,1335,PIS,1268,,0,AT5
A5,1203,LYS,1335,PUF,1274,,0,AT7 ER4 CRJ CR7
A5,1203,LYS,1335,ETZ,1320,,0,ER4 AT7 CRJ
A5,1203,LYS,1335,CFE,1330,,0,ER4
A5,1203,LYS,1335,MRS,1353,,0,AT5 CRJ
A5,1203,LYS,1335,LIL,1399,,0,CRJ ER4
A5,1203,LYS,1335,BES,1403,,0,CR7 CRK ER4
A5,1203,LYS,1335,VCE,1551,,0,ER4 CRK
A5,1203,LYS,1335,PRG,1587,,0,E90 CRK
A5,1203,NCE,1354,BOD,1264,,0,CR7
A5,1203,NCE,1354,ETZ,1320,,0,ER4 CRJ CR7
A5,1203,NCE,1354,CFE,1330,,0,ER4
A5,1203,MPL,1359,LIL,1399,,0,E70
A5,1203,MPL,1359,NTE,1418,,0,E70 CRK ER4
A5,1203,MPL,1359,SXB,1435,,0,E70
A5,1203,ORY,1386,BVE,1278,,0,AT5
A5,1203,ORY,1386,RDZ,1289,,0,AT7
A5,1203,ORY,1386,AUR,1344,,0,AT5
A5,1203,ORY,1386,LRH,6493,,0,BEH
A5,1203,LIL,1399,BIA,1321,,0,E70
A5,1203,LIL,1399,MPL,1359,,0,E70
A5,1203,BES,1403,NCE,1354,,0,CR7
A5,1203,LRT,1409,ORY,1386,,0,CR7
A5,1203,CFR,1412,NCE,1354,,0,CR7
A5,1203,CFR,1412,ORY,1386,,0,BEH
A5,1203,RNS,1415,LYS,1335,,0,CRK CR7
A5,1203,NTE,1418,BRU,302,,0,ER4
A5,1203,NTE,1418,BOD,1264,,0,ER4
A5,1203,NTE,1418,TLS,1273,,0,CR7
A5,1203,NTE,1418,CLY,1322,,0,E70
A5,1203,NTE,1418,LYS,1335,,0,CRK E70 ER4
A5,1203,NTE,1418,LIL,1399,,0,ER4
A5,1203,NTE,1418,SXB,1435,,0,ER4
A5,1203,SXB,1435,NTE,1418,,0,ER4
A5,1203,MXP,1524,LYS,1335,,0,ER4 CRJ
A5,1203,MXP,1524,NTE,1418,,0,ER4
A5,1203,FCO,1555,BOD,1264,,0,E70 E90 CR7
A5,1203,FCO,1555,LYS,1335,,0,CRK
A5,1203,FCO,1555,SXB,1435,,0,ER4 CR7
A5,1203,FLR,1563,LYS,1335,,0,AT5
A5,1203,PRG,1587,LYS,1335,,0,E90 CRK
A5,1203,GVA,1665,BIQ,1280,,0,CR7
A5,1203,LRH,6493,PIS,1268,,0,AT5
A5,1203,LRH,6493,ORY,1386,,0,BEH
QL,1206,BLA,2821,CCS,2851,,0,D93
QL,1206,PMV,2850,CCS,2851,,0,D93
QL,1206,PMV,2850,VLN,2868,,0,D93
QL,1206,CCS,2851,PMV,2850,,0,D93
QL,1206,CCS,2851,STD,2861,,0,D93
QL,1206,CCS,2851,VIG,6072,,0,D93
QL,1206,STD,2861,CCS,2851,,0,D93
QL,1206,VLN,2868,PMV,2850,,0,D93
QL,1206,VIG,6072,CCS,2851,,0,D93
BF,1230,CNS,3322,GTE,6270,,0,BE1
BF,1230,GTE,6270,DRW,3999,,0,BE1
Z3,1266,KTN,3808,HYL,7145,,0,DHP
Z3,1266,CGA,7144,KLW,7205,,0,DHP
Z3,1266,HYL,7145,KTN,3808,,0,DHP
Z3,1266,HYL,7145,KTB,7147,,0,DHP
Z3,1266,MTM,7146,KTN,3808,,0,DHP
R3,1287,MQJ,,YKS,2923,,0,A40
R3,1287,TLV,1590,KRR,2960,,0,73W
R3,1287,YKS,2923,MQJ,,,0,A40
R3,1287,YKS,2923,BQS,2926,,0,DH4
R3,1287,YKS,2923,KHV,2927,,0,SU9 DH4 73W
R3,1287,YKS,2923,VVO,2934,,0,SU9
R3,1287,YKS,2923,IKT,2937,,0,73W 73H
R3,1287,YKS,2923,PEK,3364,,0,73W
R3,1287,YKS,2923,KJA,4374,,0,DH4
R3,1287,YKS,2923,CYX,6094,,0,A40
R3,1287,YKS,2923,ULK,9026,,0,A40
R3,1287,VVO,2934,YKS,2923,,0,SU9
R3,1287,IKT,2937,YKS,2923,,0,73W 73H
R3,1287,UUD,2938,YKS,2923,,0,DH4
R3,1287,KRR,2960,LCA,1197,,0,73W
R3,1287,KRR,2960,PRG,1587,,0,73W 73H
R3,1287,KRR,2960,IST,1701,,0,73W
R3,1287,KRR,2960,DYU,2979,,0,73W
R3,1287,KRR,2960,TAS,2983,,0,73W
R3,1287,KRR,2960,VKO,2988,,0,73W
R3,1287,KRR,2960,FEG,6149,,0,73H
R3,1287,KRR,2960,EGO,6156,,0,DH4
R3,1287,DYU,2979,KRR,2960,,0,73W
R3,1287,VKO,2988,YKS,2923,,0,73H
R3,1287,VKO,2988,KRR,2960,,0,73W
R3,1287,NUX,4364,KRR,2960,,0,73W
R3,1287,DYR,6098,KHV,2927,,0,73W
R3,1287,OHH,7479,KHV,2927,,0,DH4
VW,1290,ACA,1783,MEX,1824,,0,ATR
VW,1290,CVM,1798,MEX,1824,,0,ATR
VW,1290,TPQ,1802,MEX,1824,,0,CRJ ATR
VW,1290,MEX,1824,ACA,1783,,0,ATR
VW,1290,MEX,1824,CVM,1798,,0,ATR
VW,1290,MEX,1824,CLQ,1808,,0,ATR
VW,1290,MEX,1824,MLM,1821,,0,ATR
VW,1290,MEX,1824,PDS,1834,,0,CRJ ATR
VW,1290,MEX,1824,PXM,1837,,0,ATR
VW,1290,MEX,1824,SLP,1842,,0,ATR
VW,1290,MEX,1824,ZIH,1856,,0,ATR
VW,1290,MEX,1824,AUS,3673,,0,CRJ
VW,1290,PAZ,1830,MEX,1824,,0,ATR
VW,1290,PAZ,1830,REX,1839,,0,ATR
VW,1290,PAZ,1830,VSA,1853,,0,ATR
VW,1290,PXM,1837,MEX,1824,,0,ATR
VW,1290,REX,1839,PAZ,1830,,0,ATR
VW,1290,SLP,1842,MEX,1824,,0,ATR
VW,1290,VSA,1853,PAZ,1830,,0,ATR
VW,1290,AUS,3673,MEX,1824,,0,CRJ
VW,1290,MFE,3826,MEX,1824,,0,CRJ
OR,1299,AMS,580,HOG,1910,,0,763
OR,1299,AMS,580,VRA,1923,,0,763
OR,1299,AMS,580,BON,2896,,0,763
OR,1299,AMS,580,CUR,2897,,0,763
OR,1299,AMS,580,SFB,4167,,0,763
OR,1299,POP,1761,PUJ,1760,,0,763
OR,1299,CUN,1852,AMS,580,,0,763
OR,1299,AUA,2895,AMS,580,,0,763
OR,1299,BON,2896,AMS,580,,0,763
OR,1299,BON,2896,CUR,2897,,0,763
OR,1299,CUR,2897,AMS,580,,0,763
OR,1299,CUR,2897,AUA,2895,,0,763
CG,1308,GKA,1,MAG,2,,0,DH8
CG,1308,GKA,1,POM,5,,0,DH8
CG,1308,MAG,2,GKA,1,,0,DH8
CG,1308,HGU,3,MAG,2,,0,DH8
CG,1308,HGU,3,LAE,4,,0,DH8
CG,1308,HGU,3,POM,5,,0,DH8
CG,1308,HGU,3,MXH,5431,,0,DHT
CG,1308,HGU,3,TIZ,5433,,0,DH8
CG,1308,LAE,4,GKA,1,,0,DH8
CG,1308,LAE,4,HGU,3,,0,DH8
CG,1308,LAE,4,DAU,5421,,0,DH8
CG,1308,LAE,4,HKN,5424,,0,DH8
CG,1308,POM,5,LAE,4,,0,DH8
CG,1308,POM,5,GUR,5422,,0,DH8
CG,1308,POM,5,MXH,5431,,0,DH8
CG,1308,POM,5,TIZ,5433,,0,DH8
CG,1308,POM,5,RAB,5435,,0,DH8
CG,1308,POM,5,LNV,5979,,0,DH8
CG,1308,POM,5,TFI,5984,,0,DH8
CG,1308,WWK,6,HGU,3,,0,DH8
CG,1308,DAU,5421,UNG,5425,,0,DH8
CG,1308,GUR,5422,PNP,5423,,0,DH8
CG,1308,HKN,5424,POM,5,,0,DH8
CG,1308,HKN,5424,RAB,5435,,0,DH8
CG,1308,UNG,5425,POM,5,,0,DH8
CG,1308,UNG,5425,DAU,5421,,0,DH8
CG,1308,UNG,5425,TBG,5434,,0,DH8
CG,1308,MAS,5430,LAE,4,,0,DH8
CG,1308,MIS,5432,GUR,5422,,0,DH8
CG,1308,TIZ,5433,MXH,5431,,0,DH8
CG,1308,TBG,5434,HGU,3,,0,DH8
CG,1308,TBG,5434,POM,5,,0,DH8
CG,1308,RAB,5435,LNV,5979,,0,DH8
CG,1308,TFI,5984,PNP,5423,,0,DH8
FL,1316,PUJ,1760,ATL,3682,,0,73G
FL,1316,PUJ,1760,MDW,3747,,0,73G
FL,1316,PUJ,1760,BWI,3849,,0,73G
FL,1316,MBJ,1780,ATL,3682,,0,73G
FL,1316,MBJ,1780,BWI,3849,,0,73G
FL,1316,MEX,1824,SAT,3621,,0,73G
FL,1316,MEX,1824,SNA,3867,,0,73G
FL,1316,SJD,1840,DEN,3751,,0,73G
FL,1316,CUN,1852,AUS,3673,,0,73G
FL,1316,CUN,1852,DEN,3751,,0,73G
FL,1316,NAS,1953,BWI,3849,,0,73G
FL,1316,SJU,2890,FLL,3533,Y,0,73W
FL,1316,SJU,2890,MCO,3878,Y,0,738
FL,1316,AUA,2895,BWI,3849,,0,73G
FL,1316,BOS,3448,ATL,3682,,0,717
FL,1316,OAK,3453,MDW,3747,Y,0,73H
FL,1316,OAK,3453,DEN,3751,,0,73W
FL,1316,OAK,3453,OKC,3863,Y,0,73W
FL,1316,OAK,3453,SNA,3867,Y,0,73W
FL,1316,OMA,3454,MDW,3747,Y,0,73W
FL,1316,MCI,3458,LAX,3484,Y,0,73C
FL,1316,MCI,3458,IND,3585,Y,0,73C 73W
FL,1316,MCI,3458,STL,3678,Y,0,73W
FL,1316,MCI,3458,ATL,3682,,0,717
FL,1316,MCI,3458,PHL,3752,Y,0,73W
FL,1316,MCI,3458,MSP,3858,Y,0,73C
FL,1316,MCI,3458,MSY,3861,Y,0,73W
FL,1316,MCI,3458,MCO,3878,Y,0,73W
FL,1316,PHX,3462,FLL,3533,Y,0,73W
FL,1316,PHX,3462,PDX,3720,Y,0,73W
FL,1316,PHX,3462,ONT,3734,Y,0,73W
FL,1316,PHX,3462,DEN,3751,Y,0,73H 73W 73C
FL,1316,PHX,3462,ABQ,4019,Y,0,73W
FL,1316,GEG,3467,DEN,3751,Y,0,73W
FL,1316,SFO,3469,ORF,3611,Y,0,73W
FL,1316,SFO,3469,MKE,3717,Y,0,73W
FL,1316,SFO,3469,MDW,3747,Y,0,73W
FL,1316,MEM,3473,MDW,3747,Y,0,73W
FL,1316,MEM,3473,LAS,3877,Y,0,73C
FL,1316,LAX,3484,MDW,3747,Y,0,73H 738
FL,1316,LAX,3484,RNO,3807,Y,0,73W
FL,1316,DAL,3502,LIT,3660,Y,0,733 73W
FL,1316,DAL,3502,AUS,3673,Y,0,73W 735
FL,1316,DAL,3502,BHM,3811,Y,0,73C
FL,1316,FLL,3533,SJU,2890,Y,0,73W
FL,1316,FLL,3533,HOU,3566,Y,0,73W
FL,1316,FLL,3533,AUS,3673,Y,0,73W
FL,1316,FLL,3533,ATL,3682,,0,717
FL,1316,FLL,3533,MKE,3717,Y,0,73W
FL,1316,FLL,3533,BWI,3849,,0,717
FL,1316,SLC,3536,OAK,3453,Y,0,73W
FL,1316,SLC,3536,MDW,3747,Y,0,73H
FL,1316,SLC,3536,BWI,3849,Y,0,73W
FL,1316,ELP,3559,SAT,3621,Y,0,73C
FL,1316,HOU,3566,PHX,3462,Y,0,738 73W
FL,1316,HOU,3566,DAL,3502,Y,0,735 73W 73C 733
FL,1316,HOU,3566,SAT,3621,,1,735
FL,1316,HOU,3566,TPA,3646,Y,0,73C
FL,1316,HOU,3566,AUS,3673,Y,0,735
FL,1316,HOU,3566,ATL,3682,,0,717
FL,1316,HOU,3566,MDW,3747,Y,0,73W
FL,1316,HOU,3566,OKC,3863,Y,0,73W
FL,1316,HOU,3566,LAS,3877,Y,0,73H
FL,1316,PIT,3570,MDW,3747,Y,0,73W
FL,1316,PIT,3570,BWI,3849,Y,0,73W 73C
FL,1316,SEA,3577,OAK,3453,Y,0,73W
FL,1316,SEA,3577,PHX,3462,Y,0,73C
FL,1316,SEA,3577,SLC,3536,Y,0,73W
FL,1316,SEA,3577,BWI,3849,Y,0,73W
FL,1316,JAN,3580,MCO,3878,Y,0,73W
FL,1316,IND,3585,TPA,3646,,0,717
FL,1316,IND,3585,BWI,3849,Y,0,73C 73W
FL,1316,ORF,3611,ATL,3682,,0,717
FL,1316,ORF,3611,BWI,3849,Y,0,73W
FL,1316,SAT,3621,MEX,1824,,0,73G
FL,1316,SAT,3621,CUN,1852,,0,73G
FL,1316,SAT,3621,LAX,3484,Y,0,73W
FL,1316,SAT,3621,HOU,3566,Y,0,73W 735
FL,1316,SAT,3621,TPA,3646,Y,0,73C
FL,1316,SAT,3621,STL,3678,Y,0,73C
FL,1316,SAT,3621,DEN,3751,Y,0,73W
FL,1316,SAT,3621,BWI,3849,Y,0,73W
FL,1316,SAT,3621,LAS,3877,Y,0,73W
FL,1316,ROC,3622,MCO,3878,Y,0,73W
FL,1316,RDU,3626,BNA,3690,,0,733
FL,1316,RDU,3626,MDW,3747,Y,0,73W
FL,1316,DAY,3627,BWI,3849,Y,0,73W
FL,1316,TUS,3636,LAX,3484,Y,0,73C
FL,1316,TUS,3636,LAS,3877,Y,0,73W
FL,1316,PVD,3641,BWI,3849,Y,0,73W 738 73C
FL,1316,PVD,3641,MCO,3878,,0,733
FL,1316,DTW,3645,LAX,3484,Y,0,73W
FL,1316,TPA,3646,SJU,2890,Y,0,738 73H
FL,1316,TPA,3646,MCI,3458,Y,0,73C
FL,1316,TPA,3646,FLL,3533,Y,0,73W
FL,1316,TPA,3646,SEA,3577,Y,0,73W
FL,1316,TPA,3646,IND,3585,,0,717
FL,1316,TPA,3646,PVD,3641,Y,0,73W 73H
FL,1316,TPA,3646,MDW,3747,Y,0,73W
FL,1316,TPA,3646,CMH,3759,Y,0,73W
FL,1316,TPA,3646,BHM,3811,Y,0,73W
FL,1316,TPA,3646,BDL,3825,Y,0,73C
FL,1316,TPA,3646,ISP,3857,Y,0,73W
FL,1316,TPA,3646,EYW,3875,Y,0,73W
FL,1316,TPA,3646,CAK,4112,,0,717
FL,1316,LIT,3660,STL,3678,Y,0,73W
FL,1316,AUS,3673,CUN,1852,,0,73G
FL,1316,AUS,3673,HRL,3560,Y,0,735
FL,1316,AUS,3673,DEN,3751,Y,0,73W
FL,1316,AUS,3673,SMF,3817,Y,0,73W
FL,1316,STL,3678,OMA,3454,Y,0,73W
FL,1316,STL,3678,SAT,3621,Y,0,73C
FL,1316,STL,3678,GRR,3685,Y,0,73W
FL,1316,STL,3678,MDW,3747,Y,0,73H 73W 73C
FL,1316,STL,3678,DEN,3751,Y,0,73C
FL,1316,STL,3678,PHL,3752,Y,0,73C
FL,1316,STL,3678,CMH,3759,Y,0,73W
FL,1316,ATL,3682,PUJ,1760,,0,73G
FL,1316,ATL,3682,MBJ,1780,,0,73G
FL,1316,ATL,3682,NAS,1953,,0,73G
FL,1316,ATL,3682,MCI,3458,,0,717
FL,1316,ATL,3682,PHX,3462,Y,0,73W
FL,1316,ATL,3682,HOU,3566,,0,717
FL,1316,ATL,3682,PIT,3570,,0,717 73G
FL,1316,ATL,3682,IND,3585,,0,717
FL,1316,ATL,3682,ORF,3611,,0,717
FL,1316,ATL,3682,DTW,3645,,0,717 73G
FL,1316,ATL,3682,TPA,3646,,0,717
FL,1316,ATL,3682,AUS,3673,,0,73G
FL,1316,ATL,3682,PBI,3722,Y,0,733 73W
FL,1316,ATL,3682,CMH,3759,,0,717
FL,1316,ATL,3682,RSW,3793,,0,717
FL,1316,ATL,3682,OKC,3863,,0,717
FL,1316,ATL,3682,SDF,4014,,0,717
FL,1316,GRR,3685,STL,3678,Y,0,73C
FL,1316,BNA,3690,MDW,3747,Y,0,73W
FL,1316,BNA,3690,BWI,3849,Y,0,738 73W
FL,1316,IAD,3714,TPA,3646,Y,0,73W
FL,1316,MKE,3717,BOS,3448,Y,0,73W
FL,1316,MKE,3717,PHX,3462,Y,0,73W
FL,1316,MKE,3717,SFO,3469,Y,0,73W
FL,1316,MKE,3717,ATL,3682,,0,717 73G
FL,1316,MKE,3717,DEN,3751,Y,0,73W
FL,1316,MKE,3717,BWI,3849,Y,0,73W 73C
FL,1316,MKE,3717,MSY,3861,Y,0,73C 73W
FL,1316,PDX,3720,MDW,3747,Y,0,73H
FL,1316,PBI,3722,ATL,3682,Y,0,73W 733
FL,1316,SAN,3731,MCI,3458,Y,0,738
FL,1316,SAN,3731,PHX,3462,Y,0,73W
FL,1316,SAN,3731,ATL,3682,Y,0,73W
FL,1316,SAN,3731,SDF,4014,Y,0,73W
FL,1316,ONT,3734,DEN,3751,Y,0,73C
FL,1316,ONT,3734,LAS,3877,Y,0,73H 73W
FL,1316,MDW,3747,PUJ,1760,,0,73G
FL,1316,MDW,3747,CUN,1852,,0,73G
FL,1316,MDW,3747,OAK,3453,Y,0,73W
FL,1316,MDW,3747,OMA,3454,Y,0,73W
FL,1316,MDW,3747,PHX,3462,Y,0,73W 73H
FL,1316,MDW,3747,SFO,3469,Y,0,73W
FL,1316,MDW,3747,CLE,3486,,0,73W
FL,1316,MDW,3747,SLC,3536,Y,0,73W
FL,1316,MDW,3747,ORF,3611,Y,0,73W
FL,1316,MDW,3747,SAT,3621,Y,0,73W
FL,1316,MDW,3747,LGA,3697,Y,0,73W
FL,1316,MDW,3747,SAN,3731,Y,0,73H 73W 738
FL,1316,MDW,3747,CHS,3806,Y,0,73W
FL,1316,MDW,3747,SMF,3817,Y,0,73W
FL,1316,MDW,3747,BUF,3820,Y,0,73W 738
FL,1316,MDW,3747,TUL,3855,Y,0,73W
FL,1316,MDW,3747,MSP,3858,Y,0,73W
FL,1316,MDW,3747,ALB,3864,Y,0,73H
FL,1316,MDW,3747,MHT,4011,Y,0,73H
FL,1316,MDW,3747,SDF,4014,Y,0,73W 733
FL,1316,SJC,3748,LAX,3484,Y,0,73W
FL,1316,SJC,3748,DEN,3751,Y,0,73W
FL,1316,SJC,3748,LAS,3877,Y,0,73C 73W
FL,1316,DEN,3751,SJD,1840,,0,73G
FL,1316,DEN,3751,OMA,3454,Y,0,73W
FL,1316,DEN,3751,ORF,3611,Y,0,73W
FL,1316,DEN,3751,SAT,3621,Y,0,73W 73C
FL,1316,DEN,3751,MKE,3717,Y,0,73W
FL,1316,DEN,3751,MDW,3747,Y,0,73W
FL,1316,DEN,3751,CMH,3759,Y,0,73W
FL,1316,DEN,3751,LAS,3877,Y,0,73C 73W 73H
FL,1316,PHL,3752,FLL,3533,Y,0,73W
FL,1316,PHL,3752,DEN,3751,Y,0,73W
FL,1316,RSW,3793,ATL,3682,,0,717
FL,1316,RSW,3793,MDW,3747,,0,717
FL,1316,CHS,3806,TPA,3646,Y,0,73W
FL,1316,CHS,3806,BWI,3849,Y,0,73W 73C
FL,1316,RNO,3807,DEN,3751,Y,0,73W
FL,1316,BHM,3811,TPA,3646,Y,0,73C
FL,1316,SMF,3817,LAX,3484,Y,0,73W
FL,1316,SMF,3817,SEA,3577,Y,0,73W
FL,1316,SMF,3817,SAN,3731,Y,0,73W
FL,1316,SMF,3817,DEN,3751,Y,0,73C 73H
FL,1316,SMF,3817,LAS,3877,Y,0,73W 73C
FL,1316,BUF,3820,FLL,3533,Y,0,73W
FL,1316,LBB,3829,DAL,3502,Y,0,735
FL,1316,LBB,3829,HRL,3560,Y,0,735
FL,1316,BWI,3849,MBJ,1780,,0,73G
FL,1316,BWI,3849,CUN,1852,,0,73G
FL,1316,BWI,3849,NAS,1953,,0,73G
FL,1316,BWI,3849,SJU,2890,Y,0,73W
FL,1316,BWI,3849,AUA,2895,,0,73G
FL,1316,BWI,3849,BOS,3448,Y,0,73W 73C 733
FL,1316,BWI,3849,MEM,3473,Y,0,73W
FL,1316,BWI,3849,ROC,3622,Y,0,73W
FL,1316,BWI,3849,MDW,3747,Y,0,73W
FL,1316,BWI,3849,CMH,3759,Y,0,73W
FL,1316,BWI,3849,BDL,3825,Y,0,73W
FL,1316,BWI,3849,ISP,3857,Y,0,73W
FL,1316,BWI,3849,MSY,3861,Y,0,733
FL,1316,BWI,3849,CLT,3876,Y,0,73W
FL,1316,BWI,3849,MHT,4011,Y,0,73H 73W
FL,1316,BWI,3849,SDF,4014,Y,0,73W
FL,1316,ISP,3857,SNA,3867,Y,0,73W
FL,1316,MSP,3858,MCI,3458,Y,0,73W 73C
FL,1316,MSP,3858,PHX,3462,Y,0,73W
FL,1316,MSP,3858,ATL,3682,,0,717
FL,1316,MSP,3858,MKE,3717,Y,0,73C 73W
FL,1316,MSP,3858,MDW,3747,Y,0,73W 73H
FL,1316,MSP,3858,DEN,3751,Y,0,73C
FL,1316,MSY,3861,DAL,3502,Y,0,73W 73C 733
FL,1316,MSY,3861,HOU,3566,Y,0,735 73W 73C
FL,1316,MSY,3861,AUS,3673,Y,0,73C
FL,1316,MSY,3861,MDW,3747,Y,0,73W
FL,1316,MSY,3861,EYW,3875,Y,0,73W
FL,1316,MSY,3861,LAS,3877,Y,0,73W
FL,1316,OKC,3863,HOU,3566,Y,0,733 73W
FL,1316,OKC,3863,STL,3678,Y,0,73W
FL,1316,OKC,3863,ATL,3682,,0,717
FL,1316,OKC,3863,MDW,3747,Y,0,73W
FL,1316,OKC,3863,DEN,3751,Y,0,73C
FL,1316,OKC,3863,LAS,3877,Y,0,73C
FL,1316,ALB,3864,EWR,3494,Y,0,73W
FL,1316,ALB,3864,FLL,3533,Y,0,73W
FL,1316,ALB,3864,TPA,3646,Y,0,73W
FL,1316,SNA,3867,OAK,3453,Y,0,73W
FL,1316,SNA,3867,DEN,3751,Y,0,73W
FL,1316,CLT,3876,MDW,3747,Y,0,73W
FL,1316,CLT,3876,MCO,3878,Y,0,73W 733
FL,1316,LAS,3877,PHX,3462,Y,0,73W 73C
FL,1316,LAS,3877,LAX,3484,Y,0,73W
FL,1316,LAS,3877,SAT,3621,Y,0,73W 733
FL,1316,LAS,3877,BUR,3644,Y,0,73W
FL,1316,LAS,3877,MKE,3717,Y,0,73W
FL,1316,LAS,3877,RNO,3807,Y,0,73W
FL,1316,LAS,3877,BWI,3849,,0,73G
FL,1316,LAS,3877,SNA,3867,,0,73G
FL,1316,MCO,3878,SJU,2890,Y,0,73W
FL,1316,MCO,3878,ORF,3611,,1,717
FL,1316,MCO,3878,AUS,3673,Y,0,73W
FL,1316,MCO,3878,STL,3678,Y,0,73C 73W
FL,1316,MCO,3878,MKE,3717,Y,0,73W
FL,1316,MCO,3878,DEN,3751,Y,0,73W 73H
FL,1316,MCO,3878,PHL,3752,Y,0,73W
FL,1316,MCO,3878,BDL,3825,Y,0,73C 73W
FL,1316,MCO,3878,BWI,3849,,0,717
FL,1316,MCO,3878,MSY,3861,Y,0,73W 73C 733
FL,1316,MCO,3878,CAK,4112,,0,717
FL,1316,MHT,4011,BWI,3849,Y,0,73H 73W
FL,1316,SDF,4014,BWI,3849,Y,0,73W
FL,1316,SDF,4014,MCO,3878,Y,0,73W
FL,1316,ABQ,4019,MCI,3458,Y,0,73W
FL,1316,ABQ,4019,MDW,3747,Y,0,73W
FL,1316,ABQ,4019,LAS,3877,Y,0,73W
FL,1316,CAK,4112,ATL,3682,,0,717
TS,1317,YQB,111,CDG,1382,,0,310 330
TS,1317,YQB,111,PUJ,1760,,0,310
TS,1317,YUL,146,YQB,111,,0,310
TS,1317,YUL,146,BRU,302,,0,310
TS,1317,YUL,146,TLS,1273,,0,310
TS,1317,YUL,146,LYS,1335,,0,310
TS,1317,YUL,146,CDG,1382,,0,330 310
TS,1317,YUL,146,MBJ,1780,Y,0,738
TS,1317,YUL,146,CCC,1901,Y,0,310
TS,1317,YUL,146,HOG,1910,,0,330
TS,1317,YUL,146,SNU,1918,Y,0,738
TS,1317,YUL,146,VRA,1923,,0,738 310
TS,1317,YUL,146,MCO,3878,,0,330
TS,1317,YVR,156,YYC,178,,0,330
TS,1317,YVR,156,LGW,502,,0,330
TS,1317,YVR,156,PVR,1836,,0,330
TS,1317,YVR,156,CUN,1852,,0,330
TS,1317,YYC,178,YVR,156,,0,330
TS,1317,YYC,178,MAN,478,,0,330
TS,1317,YYC,178,LGW,502,,0,330
TS,1317,YYC,178,GLA,534,,0,330
TS,1317,YYC,178,AMS,580,,0,330
TS,1317,YYZ,193,MAN,478,,0,310 330
TS,1317,YYZ,193,AMS,580,,0,310
TS,1317,YYZ,193,BCN,1218,,0,310
TS,1317,YYZ,193,CDG,1382,,0,330
TS,1317,YYZ,193,OPO,1636,,0,310
TS,1317,YYZ,193,PUJ,1760,,0,330 738
TS,1317,YYZ,193,SNU,1918,Y,0,738
TS,1317,YYZ,193,VRA,1923,Y,0,738
TS,1317,YYZ,193,ATH,3941,,0,330
TS,1317,BRU,302,YUL,146,,0,310
TS,1317,LGW,502,YUL,146,,0,310
TS,1317,GLA,534,YYC,178,,0,330
TS,1317,DUB,599,YYZ,193,,0,310
TS,1317,TLS,1273,YUL,146,,0,310
TS,1317,MRS,1353,YUL,146,,0,310 330
TS,1317,CDG,1382,YQB,111,,0,310
TS,1317,CDG,1382,YYZ,193,,0,330
TS,1317,VCE,1551,YYZ,193,,0,310
TS,1317,OPO,1636,LIS,1638,,0,310
TS,1317,PUJ,1760,YYZ,193,,0,330 738
TS,1317,MBJ,1780,YYZ,193,Y,0,738 310
TS,1317,PVR,1836,YVR,156,,0,330
TS,1317,CUN,1852,YQB,111,,0,310
TS,1317,CUN,1852,YVR,156,,0,330
TS,1317,HOG,1910,YUL,146,,0,330
TS,1317,HOG,1910,YYZ,193,Y,0,738
TS,1317,SNU,1918,YUL,146,Y,0,310 737
TS,1317,FLL,3533,YYZ,193,Y,0,738
TS,1317,MCO,3878,YHZ,73,,0,310
TS,1317,MCO,3878,YUL,146,,0,330
TS,1317,ATH,3941,YUL,146,,0,330
2K,1338,OCC,2670,UIO,2688,,0,319
2K,1338,GYE,2673,UIO,2688,,0,320 319
2K,1338,GYE,2673,BOG,2709,,0,319
2K,1338,GYE,2673,CLO,2715,,0,319
2K,1338,UIO,2688,OCC,2670,,0,319
6R,1340,MJZ,2925,IKT,2937,,0,738
6R,1340,MJZ,2925,DME,4029,,0,738
6R,1340,MJZ,2925,OVB,4078,,0,TU5 738
6R,1340,MJZ,2925,PYJ,6092,,0,AN4
6R,1340,IKT,2937,ULK,9026,,0,AN4
6R,1340,LED,2948,DME,4029,,0,738
6R,1340,LED,2948,OVB,4078,,0,738
6R,1340,DME,4029,LED,2948,,0,738
6R,1340,DME,4029,PYJ,6092,,0,TU5
6R,1340,OVB,4078,MJZ,2925,,0,TU5 738
6R,1340,OVB,4078,LED,2948,,0,738
6R,1340,OVB,4078,PYJ,6092,,0,TU5
6R,1340,PYJ,6092,YKS,2923,,0,AN4
6R,1340,PYJ,6092,DME,4029,,0,TU5
6R,1340,ULK,9026,YKS,2923,,0,AN4
6R,1340,ULK,9026,IKT,2937,,0,AN4
BA,1355,HYD,,LHR,507,,0,767
BA,1355,YUL,146,LHR,507,,0,777
BA,1355,YYZ,193,LHR,507,,0,788 744
BA,1355,ALG,210,LGW,502,,0,734 319
BA,1355,BRU,302,LHR,507,,0,319 320 321
BA,1355,BRU,302,BLL,608,Y,0,FRJ J31
BA,1355,FRA,340,LCY,503,Y,0,E70 E90 AR8
BA,1355,FRA,340,LHR,507,,0,320 767 319
BA,1355,FRA,340,ATL,3682,,0,
BA,1355,DUS,345,BLL,608,Y,0,J31
BA,1355,MUC,346,BLL,608,Y,0,FRJ
BA,1355,STR,350,LHR,507,,0,319 321 320
BA,1355,TXL,351,LHR,507,,0,320 321 319
BA,1355,MAN,478,JFK,3797,Y,0,757
BA,1355,MAN,478,ORD,3830,Y,0,763
BA,1355,JER,499,LGW,502,,0,319 734
BA,1355,LGW,502,NQY,481,Y,0,DH4
BA,1355,LGW,502,JER,499,,0,734 319
BA,1355,LGW,502,GLA,534,,0,734 319
BA,1355,LGW,502,EDI,535,,0,734 319
BA,1355,LGW,502,AMS,580,,0,319 734
BA,1355,LGW,502,TIA,1190,,0,734
BA,1355,LGW,502,LCA,1197,,0,320
BA,1355,LGW,502,NCE,1354,,0,320 734 319
BA,1355,LGW,502,BRI,1501,,0,734
BA,1355,LGW,502,CTA,1509,,0,734 319
BA,1355,LGW,502,OLB,1520,Y,0,737
BA,1355,LGW,502,GOA,1528,,0,320 319 734
BA,1355,LGW,502,VRN,1550,,0,734 319 320
BA,1355,LGW,502,VCE,1551,,0,734 319 320
BA,1355,LGW,502,NAP,1561,,0,320 734 319
BA,1355,LGW,502,PSA,1562,,0,734 319
BA,1355,LGW,502,MLA,1606,,0,319 734
BA,1355,LGW,502,FAO,1626,,0,319 734 320
BA,1355,LGW,502,ANU,2874,,0,777
BA,1355,LGW,502,TPA,3646,,0,777
BA,1355,LCY,503,DUS,345,,0,AR8 E70
BA,1355,LCY,503,IOM,520,Y,0,S20
BA,1355,LCY,503,GLA,534,Y,0,E90 E70
BA,1355,LCY,503,AMS,580,Y,0,E90 E70
BA,1355,LCY,503,RTM,591,Y,0,S20
BA,1355,LCY,503,GRX,1223,,0,E90
BA,1355,LCY,503,MAD,1229,Y,0,E90
BA,1355,LCY,503,AGP,1230,Y,0,E90
BA,1355,LCY,503,NCE,1354,Y,0,E70 E90
BA,1355,LCY,503,VCE,1551,Y,0,E90 E70
BA,1355,LCY,503,PMI,3998,Y,0,E90
BA,1355,LHR,507,HYD,,,0,767
BA,1355,LHR,507,YUL,146,,0,777
BA,1355,LHR,507,YYC,178,,0,767
BA,1355,LHR,507,BRU,302,,0,320 319 321
BA,1355,LHR,507,STR,350,,0,319 321 320
BA,1355,LHR,507,HEL,421,,0,320
BA,1355,LHR,507,BHD,467,,0,319
BA,1355,LHR,507,LBA,517,,0,319
BA,1355,LHR,507,NCL,521,,0,319 321 320
BA,1355,LHR,507,ABZ,532,,0,320 319 321
BA,1355,LHR,507,GLA,534,,0,320 319 321 767
BA,1355,LHR,507,EDI,535,,0,319 767 321 320
BA,1355,LHR,507,RTM,591,,0,319
BA,1355,LHR,507,SVG,666,,0,319
BA,1355,LHR,507,JNB,813,,0,388 744
BA,1355,LHR,507,CAI,1128,,0,767
BA,1355,LHR,507,TIP,1157,,0,320
BA,1355,LHR,507,EBB,1187,,0,767
BA,1355,LHR,507,SOF,1194,,0,320
BA,1355,LHR,507,IBZ,1225,,0,319 320
BA,1355,LHR,507,TLS,1273,,0,319 320 321
BA,1355,LHR,507,NCE,1354,,0,320 321 319
BA,1355,LHR,507,BSL,1423,,0,319 320 321
BA,1355,LHR,507,BUD,1489,,0,320
BA,1355,LHR,507,MXP,1524,,0,319 320 321
BA,1355,LHR,507,BLQ,1538,,0,320 319
BA,1355,LHR,507,FCO,1555,,0,767 321 320 319
BA,1355,LHR,507,PSA,1562,,0,320 321
BA,1355,LHR,507,TLV,1590,,0,777 321
BA,1355,LHR,507,VIE,1613,,0,320 319
BA,1355,LHR,507,OPO,1636,,0,320 319
BA,1355,LHR,507,GVA,1665,,0,319 320 321
BA,1355,LHR,507,RUH,2082,,0,744 777
BA,1355,LHR,507,KWI,2176,,0,744
BA,1355,LHR,507,DXB,2188,,0,744 777
BA,1355,LHR,507,GRU,2564,,0,744
BA,1355,LHR,507,GYD,2922,,0,321
BA,1355,LHR,507,KBP,2939,,0,320
BA,1355,LHR,507,BOM,2997,,0,777
BA,1355,LHR,507,HKG,3077,,0,388 777
BA,1355,LHR,507,MAA,3144,,0,777
BA,1355,LHR,507,PVG,3406,,0,777
BA,1355,LHR,507,PHX,3462,,0,744
BA,1355,LHR,507,LAX,3484,,0,744 388
BA,1355,LHR,507,IAH,3550,,0,744 777
BA,1355,LHR,507,RDU,3626,Y,0,763
BA,1355,LHR,507,DFW,3670,,0,744
BA,1355,LHR,507,AUS,3673,,0,788
BA,1355,LHR,507,ATL,3682,,0,777
BA,1355,LHR,507,IAD,3714,,0,744 777
BA,1355,LHR,507,ICN,3930,,0,777
BA,1355,LHR,507,ATH,3941,,0,767 320
BA,1355,LHR,507,EZE,3988,,0,777
BA,1355,IOM,520,LCY,503,Y,0,S20
BA,1355,NCL,521,LHR,507,,0,319 321 320
BA,1355,ABZ,532,LHR,507,,0,321 320 319
BA,1355,EDI,535,LHR,507,,0,767 320 319 321
BA,1355,AMS,580,LHR,507,,0,320 767 319 321
BA,1355,AAR,607,OSL,644,Y,0,FRJ
BA,1355,AAR,607,GOT,687,Y,0,FRJ
BA,1355,BLL,608,BGO,636,Y,0,J31
BA,1355,BLL,608,ZRH,1678,Y,0,FRJ
BA,1355,CPH,609,LHR,507,,0,321 320 319
BA,1355,AAL,628,AAR,607,Y,0,FRJ
BA,1355,AAL,628,OSL,644,Y,0,J31 FRJ
BA,1355,OSL,644,LHR,507,,0,319 320 321
BA,1355,OSL,644,AAR,607,Y,0,FRJ
BA,1355,OSL,644,AAL,628,Y,0,J31 FRJ
BA,1355,GOT,687,MAN,478,Y,0,FRJ
BA,1355,GOT,687,LHR,507,,0,320 321 319
BA,1355,CPT,797,PLZ,838,Y,0,733
BA,1355,DUR,799,JNB,813,Y,0,734 733
BA,1355,JNB,813,CPT,797,Y,0,738 734 733
BA,1355,JNB,813,WDH,4105,Y,0,738 734
BA,1355,HRE,1005,JNB,813,Y,0,734 733
BA,1355,ACE,1055,LGW,502,,0,320
BA,1355,TFS,1056,LGW,502,,0,320
BA,1355,RAK,1075,LGW,502,,0,734 319 320
BA,1355,TIP,1157,LHR,507,,0,320
BA,1355,TIA,1190,LGW,502,,0,734
BA,1355,LCA,1197,LHR,507,,0,767
BA,1355,ALC,1212,LGW,502,,0,319 734
BA,1355,GRX,1223,LCY,503,,0,E90
BA,1355,MAD,1229,LCY,503,Y,0,E90
BA,1355,MAD,1229,LHR,507,,0,767 320 319 321
BA,1355,MAD,1229,DFW,3670,Y,0,777
BA,1355,AGP,1230,LHR,507,,0,320
BA,1355,MAH,1231,LCY,503,Y,0,E90
BA,1355,NCE,1354,LCY,503,Y,0,E70 E90
BA,1355,CDG,1382,LHR,507,,0,319 320 321
BA,1355,CDG,1382,ORD,3830,Y,0,763
BA,1355,ORY,1386,EWR,3494,Y,0,752
BA,1355,BSL,1423,LHR,507,,0,319 320 321
BA,1355,JTR,1479,LHR,507,,0,320
BA,1355,BUD,1489,LHR,507,,0,320
BA,1355,CTA,1509,LGW,502,,0,734 319
BA,1355,MXP,1524,JFK,3797,Y,0,763
BA,1355,TRN,1526,LGW,502,,0,319 320 734
BA,1355,LIN,1529,LHR,507,,0,321 319 320
BA,1355,BLQ,1538,LHR,507,,0,319 320
BA,1355,FCO,1555,LHR,507,,0,321 767 320 319
BA,1355,FCO,1555,JFK,3797,Y,0,763
BA,1355,NAP,1561,LGW,502,,0,320 734 319
BA,1355,PSA,1562,LGW,502,,0,734 319
BA,1355,FLR,1563,LCY,503,,0,E70 E90
BA,1355,PRG,1587,LHR,507,,0,320
BA,1355,VIE,1613,LHR,507,,0,320 319
BA,1355,FAO,1626,LHR,507,,0,320
BA,1355,ZRH,1678,LCY,503,Y,0,E90 E70
BA,1355,ZRH,1678,BLL,608,Y,0,FRJ
BA,1355,MLM,1821,DFW,3670,Y,0,ER4
BA,1355,MEX,1824,LHR,507,,0,744
BA,1355,MEX,1824,DFW,3670,Y,0,M80
BA,1355,SJO,1885,MIA,3576,Y,0,757 738
BA,1355,SAL,1892,MAD,1229,Y,0,342
BA,1355,NAS,1953,PLS,1754,,0,767
BA,1355,NAS,1953,GCM,1926,,0,767
BA,1355,BAH,2057,LHR,507,,0,777
BA,1355,JED,2072,LHR,507,,0,777
BA,1355,DXB,2188,LHR,507,,0,744 777
BA,1355,MCT,2194,AUH,2179,,0,777
BA,1355,GIG,2560,LHR,507,,0,777
BA,1355,ANU,2874,PUJ,1760,,0,777
BA,1355,GND,2882,UVF,2894,,0,777
BA,1355,SKB,2891,ANU,2874,,0,777
BA,1355,TAB,2901,ANU,2874,,0,777
BA,1355,ALA,2908,LHR,507,,0,767
BA,1355,KBP,2939,LHR,507,,0,320
BA,1355,LED,2948,LHR,507,,0,321
BA,1355,BLR,3131,LHR,507,,0,777
BA,1355,MAA,3144,LHR,507,,0,777
BA,1355,MLE,3156,LGW,502,,0,777
BA,1355,MLE,3156,CMB,3024,,0,777
BA,1355,HKT,3179,BKK,3885,Y,0,320
BA,1355,SIN,3316,SYD,3361,,0,777
BA,1355,CNS,3322,HKG,3077,Y,0,333
BA,1355,SYD,3361,SIN,3316,,0,777
BA,1355,BOS,3448,LHR,507,,0,777 744
BA,1355,MIA,3576,LHR,507,,0,744
BA,1355,MIA,3576,MEX,1824,Y,0,738
BA,1355,MIA,3576,ATL,3682,Y,0,ER4 738
BA,1355,TPA,3646,LGW,502,,0,777
BA,1355,DFW,3670,MLM,1821,Y,0,ER4
BA,1355,DFW,3670,MEX,1824,Y,0,M80 M83
BA,1355,DFW,3670,ATL,3682,Y,0,M80 M83
BA,1355,ATL,3682,MIA,3576,Y,0,738 ERD
BA,1355,ATL,3682,DFW,3670,,0,
BA,1355,IAD,3714,LHR,507,,0,744 777
BA,1355,PHL,3752,LHR,507,,0,777 767
BA,1355,JFK,3797,MAN,478,Y,0,757
BA,1355,JFK,3797,LHR,507,,0,777 744
BA,1355,JFK,3797,DUB,599,Y,0,757
BA,1355,JFK,3797,BCN,1218,Y,0,763
BA,1355,JFK,3797,MAD,1229,Y,0,333 757 346
BA,1355,JFK,3797,CDG,1382,Y,0,763 757
BA,1355,JFK,3797,ORY,1386,Y,0,752
BA,1355,ORD,3830,DUS,345,Y,0,763
BA,1355,ORD,3830,LHR,507,,0,744 777
BA,1355,ORD,3830,CDG,1382,Y,0,763
BA,1355,BWI,3849,LHR,507,,0,767
BA,1355,MSY,3861,ORD,3830,Y,0,E75
BA,1355,LAS,3877,LHR,507,,0,744
BA,1355,ICN,3930,LHR,507,,0,777
BA,1355,CNX,3931,BKK,3885,Y,0,320 319
BA,1355,EZE,3988,LHR,507,,0,777
BA,1355,PMI,3998,LCY,503,Y,0,E90
BA,1355,NBO,4059,LHR,507,,0,744
BA,1355,DOH,11051,BAH,2057,,0,777
BG,1359,FRA,340,FCO,1555,,0,773
BG,1359,FCO,1555,FRA,340,,0,773
BG,1359,JED,2072,CGP,3069,,0,772
BG,1359,RUH,2082,DAC,3076,,0,772
BG,1359,DXB,2188,CGP,3069,,0,313
BG,1359,DXB,2188,ZYL,3074,,0,313
BG,1359,MCT,2194,CGP,3069,,0,313
BG,1359,CCU,3043,DAC,3076,,0,738
BG,1359,CGP,3069,JED,2072,,0,772
BG,1359,DAC,3076,LHR,507,,0,772
BG,1359,DAC,3076,FCO,1555,,0,773
BG,1359,DAC,3076,DMM,2064,,0,772
BG,1359,DAC,3076,KWI,2176,,0,D1C
BG,1359,DAC,3076,RGN,3239,,0,738
BG,1359,DAC,3076,SIN,3316,,0,738
BG,1359,DAC,3076,BKK,3885,,0,738
BG,1359,HKG,3077,DAC,3076,,0,D1C
BG,1359,DEL,3093,DAC,3076,,0,738
BG,1359,KUL,3304,DAC,3076,,0,313 772 D1C 738
BG,1359,DOH,11051,DXB,2188,,0,313
4T,1401,HRG,1130,ZRH,1678,,0,320
4T,1401,BSL,1423,HRG,1130,,0,320
4T,1401,ZRH,1678,AYT,1688,,0,320
4T,1401,ZRH,1678,RMF,4197,,0,320
4T,1401,AYT,1688,ZRH,1678,,0,320
4T,1401,SKP,1737,ZRH,1678,,0,320
UP,1403,PLS,1754,NAS,1953,,0,DH8
UP,1403,HAV,1909,NAS,1953,,0,737
UP,1403,MHH,1930,PBI,3722,,0,DH8
UP,1403,GGT,1941,NAS,1953,,0,DH8
UP,1403,FPO,1948,NAS,1953,,0,DH8
UP,1403,FPO,1948,FLL,3533,,0,DH8
UP,1403,FPO,1948,BHM,3811,,0,734
UP,1403,FPO,1948,BWI,3849,,0,734
UP,1403,IGA,1949,NAS,1953,,0,DH8
UP,1403,LGI,1950,NAS,1953,,0,DH8
UP,1403,SML,1951,NAS,1953,,0,BE9
UP,1403,MYG,1952,IGA,1949,,0,DH8
UP,1403,NAS,1953,GGT,1941,,0,DH8
UP,1403,NAS,1953,GHB,1944,,0,DH8
UP,1403,NAS,1953,FPO,1948,,0,DH8
UP,1403,NAS,1953,SML,1951,,0,BE9
UP,1403,NAS,1953,MYG,1952,,0,DH8
UP,1403,NAS,1953,MIA,3576,,0,737
UP,1403,SKB,2891,NAS,1953,,0,737
UP,1403,MIA,3576,SKB,2891,,0,737
UP,1403,PBI,3722,MHH,1930,,0,DH8
UP,1403,BWI,3849,FPO,1948,,0,734
UP,1403,CRI,5859,AXP,1932,,0,DH8
PG,1422,AUH,2179,BKK,3885,Y,0,77W
PG,1422,NRT,2279,BKK,3885,,0,767
PG,1422,BOM,2997,BKK,3885,,0,320
PG,1422,DAC,3076,BKK,3885,,0,319
PG,1422,HKG,3077,BKK,3885,,0,772 333 343 77W 773
PG,1422,VTE,3120,BKK,3885,,0,319
PG,1422,MLE,3156,BKK,3885,,0,319
PG,1422,UTP,3161,HKT,3179,,0,AT7
PG,1422,USM,3177,KBV,3174,,0,AT7
PG,1422,USM,3177,KUL,3304,,0,319
PG,1422,USM,3177,SIN,3316,,0,319
PG,1422,USM,3177,BKK,3885,,0,319 AT7
PG,1422,HKT,3179,USM,3177,,0,AT7
PG,1422,HKT,3179,BKK,3885,,0,320
PG,1422,UTH,3183,BKK,3885,,0,319 320
PG,1422,MDL,3222,BKK,3885,,0,320
PG,1422,KUL,3304,USM,3177,,0,319
PG,1422,KUL,3304,HKT,3179,Y,0,738
PG,1422,SIN,3316,USM,3177,,0,319
PG,1422,KWL,3372,BKK,3885,,0,320
PG,1422,BKK,3885,HND,2359,,0,767 777
PG,1422,BKK,3885,REP,3035,,0,AT7 320
PG,1422,BKK,3885,DAC,3076,,0,319
PG,1422,BKK,3885,LPQ,3115,,0,AT7
PG,1422,BKK,3885,VTE,3120,,0,319
PG,1422,BKK,3885,MLE,3156,,0,319
PG,1422,BKK,3885,UTH,3183,,0,319 320
PG,1422,BKK,3885,MDL,3222,,0,320
PG,1422,BKK,3885,CNX,3931,,0,320 319
PG,1422,BKK,3885,CEI,3932,,0,320
PG,1422,BKK,3885,THS,3939,,0,AT7
PG,1422,BKK,3885,NYT,6949,,0,AT7
PG,1422,CNX,3931,USM,3177,,0,319
PG,1422,THS,3939,BKK,3885,,0,AT7
PG,1422,TDX,4135,BKK,3885,,0,AT7
JV,1434,YHD,67,YQT,121,,0,SWM
JV,1434,YQK,115,YWG,160,,0,SWM
JV,1434,YQT,121,YAG,5479,,0,SWM
JV,1434,YSB,133,YQT,121,,0,SWM
JV,1434,YSB,133,YYB,177,,0,SWM
JV,1434,YXL,169,YHD,67,,0,SWM
JV,1434,YXL,169,YQT,121,,0,SWM
JV,1434,YXL,169,YAG,5479,,0,SWM
JV,1434,YXL,169,YRL,5527,,0,SWM
JV,1434,YAG,5479,YQK,115,,0,SWM
JV,1434,YAG,5479,YQT,121,,0,SWM
JV,1434,YQD,5524,YFO,58,,0,SWM
JV,1434,YRL,5527,YHD,67,,0,SWM
JV,1434,YRL,5527,YXL,169,,0,SWM
WW,1441,KEF,16,LGW,502,,0,320
WW,1441,KEF,16,CPH,609,,0,320
WW,1441,KEF,16,CDG,1382,,0,320
WW,1441,CPH,609,KEF,16,,0,320
WW,1441,ALC,1212,KEF,16,,0,320
WW,1441,CDG,1382,KEF,16,,0,320
BV,1463,TIA,1190,PSA,1562,,0,737
BV,1463,CTA,1509,BRI,1501,,0,737
BV,1463,PMO,1512,BRI,1501,,0,737
BV,1463,PMO,1512,FCO,1555,,0,737
BV,1463,REG,1514,LIN,1529,,0,737
BV,1463,MXP,1524,LRM,1759,,0,767
BV,1463,MXP,1524,HAV,1909,,0,767
BV,1463,TRN,1526,FCO,1555,,0,737
BV,1463,LIN,1529,REG,1514,,0,737
BV,1463,VRN,1550,TIA,1190,,0,737
BV,1463,FCO,1555,TIA,1190,,0,737
BV,1463,FCO,1555,PMO,1512,,0,737
BV,1463,FCO,1555,HAV,1909,,0,767
BV,1463,LRM,1759,MXP,1524,,0,767
BV,1463,CUN,1852,MXP,1524,,0,767
BV,1463,CUN,1852,FCO,1555,,0,767
BV,1463,SCU,1905,FCO,1555,,0,767
BV,1463,HAV,1909,MXP,1524,,0,767
BV,1463,HAV,1909,CUN,1852,,0,767
7R,1469,AKX,2920,DME,4029,,0,CR2
7R,1469,LED,2948,MCX,2961,,0,CR2
7R,1469,LED,2948,KVX,6142,,0,CR2
7R,1469,LED,2948,IAR,6940,,0,CR2
7R,1469,KRR,2960,VOG,2967,,0,CR2
7R,1469,KRR,2960,VOZ,2987,,0,CR2
7R,1469,MCX,2961,LED,2948,,0,CR2
7R,1469,MCX,2961,DME,4029,,0,CR2
7R,1469,ROV,2964,VOG,2967,,0,CR2
7R,1469,VOG,2967,LED,2948,,0,CR2
7R,1469,VOG,2967,KRR,2960,,0,CR2
7R,1469,VOG,2967,EVN,3964,,0,CR2
7R,1469,SVX,2975,MQF,2969,,0,EM2
7R,1469,SVX,2975,UFA,2992,,0,EM2
7R,1469,SVX,2975,OVB,4078,,0,CR2
7R,1469,SVX,2975,KRO,6146,,0,EM2
7R,1469,VOZ,2987,LED,2948,,0,CR2
7R,1469,UFA,2992,SVX,2975,,0,EM2
7R,1469,DME,4029,VOZ,2987,,0,CR2
7R,1469,DME,4029,ESL,6125,,0,CR2
7R,1469,DME,4029,PEZ,6165,,0,CR2
7R,1469,OVB,4078,SVX,2975,,0,CR2
7R,1469,SAW,4317,MRV,2962,,0,CR2
7R,1469,KRO,6146,SVX,2975,,0,EM2
7R,1469,CSY,6162,LED,2948,,0,CR2
7R,1469,PEZ,6165,DME,4029,,0,CR2
7R,1469,ULV,7003,SVX,2975,,0,CR2
8E,1472,OME,3615,GAM,6715,,0,BE1
8E,1472,OME,3615,SVA,6724,,0,BE1
8E,1472,OME,3615,TLA,7186,,0,CNC
8E,1472,OME,3615,WMO,7188,,0,CNC
8E,1472,OME,3615,WBB,7193,,0,BE1
8E,1472,OME,3615,TNC,7194,,0,CNC
8E,1472,OTZ,3693,OME,3615,,0,PA2
8E,1472,OTZ,3693,DRG,6755,,0,CNC
8E,1472,OTZ,3693,SHG,7117,,0,CNC
8E,1472,OTZ,3693,BKC,7178,,0,CNC
8E,1472,OTZ,3693,WLK,7182,,0,CNC
8E,1472,PHO,6721,LUR,3413,,0,CNC
8E,1472,PHO,6721,OTZ,3693,,0,CNC
8E,1472,WTK,6725,OTZ,3693,,0,CNC
8E,1472,DRG,6755,BKC,7178,,0,CNC
8E,1472,BKC,7178,DRG,6755,,0,CNC
8E,1472,OBU,7180,ABL,7177,,0,CNC
8E,1472,ORV,7181,IAN,7179,,0,CNC
8E,1472,KTS,7183,OME,3615,,0,CNC
8E,1472,KTS,7183,WAA,7187,,0,CNC
8E,1472,WAA,7187,OME,3615,,0,CNC
8E,1472,WAA,7187,SHH,6723,,0,CNC
8E,1472,SMK,7191,WBB,7193,,0,CNC PA2
8E,1472,SKK,7192,UNK,7088,,0,CNC
8E,1472,SKK,7192,KKA,7190,,0,CNC
8E,1472,WBB,7193,UNK,7088,,0,CNC
8E,1472,WBB,7193,SMK,7191,,0,BE1
B2,1478,WAW,679,MSQ,2954,,0,735 CRJ E75
B2,1478,ARN,737,MSQ,2954,,0,CRJ
B2,1478,LCA,1197,MSQ,2954,,0,733
B2,1478,BCN,1218,MSQ,2954,,0,E75 733 735
B2,1478,BUD,1489,BEG,1739,,0,CRJ 735
B2,1478,MXP,1524,MSQ,2954,,0,735
B2,1478,GVA,1665,MSQ,2954,,0,E75 E95
B2,1478,IST,1701,MSQ,2954,,0,733 E75
B2,1478,BEY,2177,MSQ,2954,,0,CRJ
B2,1478,AUH,2179,MSQ,2954,,0,319
B2,1478,LED,2948,MSQ,2954,,0,CRJ E75 E95
B2,1478,KGD,2952,MSQ,2954,,0,CRJ
B2,1478,MSQ,2954,ARN,737,,0,CRJ
B2,1478,MSQ,2954,LCA,1197,,0,733
B2,1478,MSQ,2954,MXP,1524,,0,735
B2,1478,MSQ,2954,FCO,1555,,0,735
B2,1478,MSQ,2954,TLV,1590,,0,733
B2,1478,MSQ,2954,BEY,2177,,0,CRJ
B2,1478,MSQ,2954,KBP,2939,,0,E75 CRJ
B2,1478,MSQ,2954,ASB,2976,,0,735
B2,1478,MSQ,2954,KUF,2993,,0,CRJ
B2,1478,MSQ,2954,TBS,3973,,0,735
B2,1478,MSQ,2954,DME,4029,,0,735 CRJ E95 733
B2,1478,KRR,2960,MSQ,2954,,0,735
B2,1478,SVX,2975,MSQ,2954,,0,CRJ
B2,1478,ASB,2976,MSQ,2954,,0,735
B2,1478,RIX,3953,MSQ,2954,,0,CRJ
B2,1478,TBS,3973,MSQ,2954,,0,735
GQ,1492,JKH,1450,MJT,1469,,0,J41
GQ,1492,JKH,1450,RHO,1472,,0,J41
GQ,1492,HER,1452,KGS,1458,,0,J41
GQ,1492,KIT,1454,ZTH,1488,,0,J41
GQ,1492,EFL,1455,PVK,1470,,0,J41
GQ,1492,LXS,1465,MJT,1469,,0,J41
GQ,1492,LXS,1465,JIK,4191,,0,J41
GQ,1492,MJT,1469,JKH,1450,,0,J41
GQ,1492,MJT,1469,LXS,1465,,0,J41
GQ,1492,RHO,1472,HER,1452,,0,J41
GQ,1492,RHO,1472,SMI,1476,,0,J41
GQ,1492,SMI,1476,RHO,1472,,0,J41
GQ,1492,JSH,1480,AXD,1446,,0,J41
GQ,1492,SKG,1486,LXS,1465,,0,J41
GQ,1492,ATH,3941,KZI,1463,,0,J41
7P,1500,OGM,,MPP,8207,,0,DHT
7P,1500,CHX,1866,BOC,1865,,0,F50
7P,1500,DAV,1867,SJO,1885,,0,F50
7P,1500,PAC,1869,OGM,,,0,DHT
7P,1500,PAC,1869,BOC,1865,,0,F50
7P,1500,PAC,1869,CHX,1866,,0,F50
7P,1500,PAC,1869,PYC,7895,,0,DHT
7P,1500,PAC,1869,PUE,7962,,0,DHT
7P,1500,SIC,6783,PAC,1869,,0,DHT
7P,1500,PVE,7901,CZJ,9758,,0,DHT
7P,1500,PUE,7962,PAC,1869,,0,DHT
7P,1500,GHE,8206,PAC,1869,,0,BNI
SN,1531,OUA,246,ABJ,253,,0,333
SN,1531,OUA,246,BRU,302,,0,333 332
SN,1531,ABJ,253,LFW,298,,0,333
SN,1531,ABJ,253,BRU,302,,0,332 333
SN,1531,LOS,273,PHC,275,Y,0,333
SN,1531,LFW,298,BRU,302,,0,333 332
SN,1531,BRU,302,OUA,246,,0,333 332
SN,1531,BRU,302,HAM,342,,0,AR1 DH4 319
SN,1531,BRU,302,MUC,346,Y,0,E95 319 CR9 320
SN,1531,BRU,302,MAN,478,,0,319 AR1 DH4
SN,1531,BRU,302,BRS,490,Y,0,ER4
SN,1531,BRU,302,EDI,535,,0,319 AR1
SN,1531,BRU,302,CPH,609,,0,319 AR1
SN,1531,BRU,302,GOT,687,,0,AR1 319 DH4
SN,1531,BRU,302,LAD,951,,0,333
SN,1531,BRU,302,FNA,1059,,0,333
SN,1531,BRU,302,RAK,1075,,0,319
SN,1531,BRU,302,BJM,1120,,0,332
SN,1531,BRU,302,ZAG,1208,Y,0,DH4
SN,1531,BRU,302,ALC,1212,,0,319
SN,1531,BRU,302,BIA,1321,,0,319
SN,1531,BRU,302,BSL,1423,,0,319 AR1
SN,1531,BRU,302,BUD,1489,,0,AR1
SN,1531,BRU,302,MXP,1524,,0,319 AR1
SN,1531,BRU,302,TRN,1526,,0,DH4
SN,1531,BRU,302,LIN,1529,,0,AR1 319
SN,1531,BRU,302,FCO,1555,,0,320 319
SN,1531,BRU,302,FLR,1563,,0,AR1
SN,1531,BRU,302,PRG,1587,,0,319 DH4
SN,1531,BRU,302,MLA,1606,Y,0,320 319
SN,1531,BRU,302,VIE,1613,,0,319 F70 320
SN,1531,BRU,302,ZRH,1678,Y,0,AR1 320
SN,1531,BRU,302,BOM,2997,Y,0,333 332
SN,1531,BRU,302,PEK,3364,Y,0,330
SN,1531,BRU,302,EWR,3494,Y,0,764 777
SN,1531,BRU,302,ORD,3830,Y,0,777
SN,1531,BRU,302,BKK,3885,Y,0,773
SN,1531,BRU,302,RIX,3953,Y,0,735 DH4
SN,1531,BRU,302,VNO,3959,,0,AR1 319
SN,1531,FRA,340,BRU,302,Y,0,E90 735 733 CR7 319 321 320 32A
SN,1531,HAJ,352,BRU,302,Y,0,DH4
SN,1531,BHX,469,BRU,302,,0,DH4 AR1
SN,1531,EDI,535,BRU,302,,0,319 AR1
SN,1531,CPH,609,BRU,302,,0,319 AR1
SN,1531,GOT,687,BRU,302,,0,AR1 319 DH4
SN,1531,BMA,738,BRU,302,,0,AR1
SN,1531,DLA,897,FIH,1020,,0,333
SN,1531,BJL,1050,DKR,1084,,0,333
SN,1531,AGA,1064,BRU,302,,0,319
SN,1531,DKR,1084,CKY,4162,,0,333
SN,1531,BJM,1120,NBO,4059,,0,332
SN,1531,KGL,1165,EBB,1187,,0,332
SN,1531,KGL,1165,NBO,4059,,0,332
SN,1531,MAD,1229,BRU,302,,0,320 319 AR1
SN,1531,SXB,1435,BRU,302,,0,DH4
SN,1531,BUD,1489,BRU,302,,0,AR1
SN,1531,CTA,1509,BRU,302,,0,319
SN,1531,TRN,1526,BRU,302,,0,DH4
SN,1531,LIN,1529,BRU,302,,0,AR1 319
SN,1531,LIN,1529,FRA,340,Y,0,320 319
SN,1531,VCE,1551,BRU,302,,0,319 AR1
SN,1531,TLV,1590,BRU,302,,0,320 319
SN,1531,MLA,1606,BRU,302,Y,0,320 319
SN,1531,OPO,1636,BRU,302,,0,319
SN,1531,ZRH,1678,BRU,302,Y,0,320 AR1
SN,1531,PEK,3364,BRU,302,Y,0,330
SN,1531,IAD,3714,BRU,302,,0,332
SN,1531,ORD,3830,BRU,302,Y,0,777
SN,1531,ATH,3941,BRU,302,,0,319
SN,1531,VNO,3959,BRU,302,,0,AR1 319
SN,1531,NSI,4161,BRU,302,,0,332
SN,1531,NSI,4161,DLA,897,,0,332
SN,1531,CKY,4162,DKR,1084,,0,333
NT,1539,BJL,1050,LPA,1054,Y,0,CR9
NT,1539,VDE,1052,TFS,1056,,0,AT7
NT,1539,VDE,1052,TFN,1057,,0,AT7
NT,1539,SPC,1053,LPA,1054,,0,AT7
NT,1539,LPA,1054,BJL,1050,Y,0,CR9
NT,1539,LPA,1054,VDE,1052,,0,AT7
NT,1539,LPA,1054,SPC,1053,,0,AT7
NT,1539,LPA,1054,ACE,1055,,0,CR9 AT7
NT,1539,LPA,1054,TFS,1056,,0,AT7
NT,1539,LPA,1054,FNC,4091,,0,DH4
NT,1539,LPA,1054,EUN,5672,Y,0,AT7
NT,1539,TFN,1057,FUE,1051,,0,AT7
NT,1539,TFN,1057,ACE,1055,,0,AT7
NT,1539,TFN,1057,GMZ,5659,Y,0,AT7
NT,1539,AGA,1064,LPA,1054,Y,0,AT7
NT,1539,RAK,1075,LPA,1054,Y,0,CR9
NT,1539,DKR,1084,LPA,1054,,0,CR9
NT,1539,RAI,5674,LPA,1054,Y,0,CR9
FB,1548,BRU,302,SOF,1194,,0,E90 319
FB,1548,LHR,507,SOF,1194,,0,320 319 E90
FB,1548,BOJ,1191,SOF,1194,,0,320 E90
FB,1548,BOJ,1191,LED,2948,,0,320
FB,1548,SOF,1194,BRU,302,,0,E90 319
FB,1548,SOF,1194,LHR,507,,0,320 319 E90
FB,1548,SOF,1194,AMS,580,,0,320 E90 319
FB,1548,SOF,1194,WAW,679,,0,E75
FB,1548,SOF,1194,PFO,1198,,0,E90
FB,1548,SOF,1194,BCN,1218,,0,320 319
FB,1548,SOF,1194,MAD,1229,,0,319 320 E90
FB,1548,SOF,1194,PRG,1587,,0,319 E90
FB,1548,SOF,1194,TLV,1590,,0,319
FB,1548,SOF,1194,ZRH,1678,,0,E90
FB,1548,SOF,1194,SVO,2985,,0,319
FB,1548,SOF,1194,ATH,3941,,0,E90
FB,1548,VAR,1196,BOJ,1191,,0,E90
FB,1548,MAD,1229,SOF,1194,,0,319 320 E90
FB,1548,FCO,1555,SOF,1194,,0,E90 319 320
FB,1548,PRG,1587,SOF,1194,,0,319 E90
FB,1548,OTP,1657,SOF,1194,,0,AT5
FB,1548,ZRH,1678,SOF,1194,,0,E90
FB,1548,LED,2948,BOJ,1191,,0,320
FB,1548,SVO,2985,BOJ,1191,,0,320
FB,1548,ATH,3941,SOF,1194,,0,E90
5C,1581,MGA,1863,SJO,1885,,0,DHT
5C,1581,LIR,1881,TNO,5844,,0,DHT
5C,1581,LIR,1881,SYQ,5848,,0,DHT
5C,1581,NOB,1884,TMU,6732,,0,CNA
5C,1581,SJO,1885,BOC,1865,,0,DHT
5C,1581,SJO,1885,GLF,1879,,0,DHT
5C,1581,SJO,1885,NOB,1884,,0,CNA
5C,1581,SJO,1885,XQP,1889,,0,CNA DHT
5C,1581,SJO,1885,TTQ,5842,,0,CNA
5C,1581,SJO,1885,PJM,5847,,0,DHT
5C,1581,SJO,1885,TMU,6732,,0,DHT
5C,1581,SJO,1885,DRK,6945,,0,DHT
5C,1581,PMZ,1887,SJO,1885,,0,CNA
5C,1581,XQP,1889,SJO,1885,,0,CNA DHT
5C,1581,XQP,1889,PMZ,1887,,0,CNA
5C,1581,TNO,5844,SJO,1885,,0,DHT
UY,1611,TBS,3973,EBL,3989,,0,M83
5T,1623,YCB,32,YYH,183,,0,DH8
5T,1623,YCY,40,YFB,55,,0,DH8
5T,1623,YZS,41,YRT,132,Y,0,ATR
5T,1623,YFB,55,YRT,132,,0,73M
5T,1623,YFB,55,YUX,148,,0,BE1 DH8
5T,1623,YFB,55,YXP,170,,0,DH8
5T,1623,YFB,55,YGT,5495,,0,BE1 DH8
5T,1623,YHK,69,YYH,183,,0,DH8
5T,1623,YHK,69,YZF,196,,0,DH8
5T,1623,YIO,75,YCY,40,,0,DH8
5T,1623,YOW,100,YFB,55,,0,73M
5T,1623,YRT,132,YZS,41,Y,0,ATR AT4
5T,1623,YRT,132,YUT,147,Y,0,AT4
5T,1623,YUX,148,YFB,55,,0,DH8 BE1
5T,1623,YUX,148,YGT,5495,,0,BE1 DH8
5T,1623,YVM,152,YXP,170,,0,DH8
5T,1623,YVQ,155,YEV,54,,0,73M 733
5T,1623,YVQ,155,YZF,196,,0,73M 733
5T,1623,YWG,160,YRT,132,Y,0,FRJ ATR
5T,1623,YXP,170,YVM,152,,0,DH8
5T,1623,YYQ,187,YTH,141,Y,0,AT4
5T,1623,YYQ,187,YWG,160,Y,0,ATR FRJ AT4
5T,1623,YZF,196,YCO,37,,0,DH8 73M
5T,1623,YZF,196,YHK,69,,0,DH8
5T,1623,YZF,196,YRT,132,,0,73M
5T,1623,YZF,196,YVQ,155,,0,73M 733
9K,1629,STT,2883,EIS,2903,,0,CNA
9K,1629,STX,2884,STT,2883,,0,CNA
9K,1629,MAZ,2888,SJU,2890,,0,CNA
9K,1629,SJU,2890,MAZ,2888,,0,CNA
9K,1629,SJU,2890,NEV,6079,,0,CNA
9K,1629,SJU,2890,VIJ,6080,,0,BNI
9K,1629,SJU,2890,VQS,6788,,0,CNA
9K,1629,SJU,2890,CPX,6814,,0,BNI
9K,1629,BOS,3448,ALB,3864,,0,CNA
9K,1629,BOS,3448,BHB,4025,,0,CNA
9K,1629,BOS,3448,HYA,4278,,0,CNA
9K,1629,BOS,3448,PVC,6456,,0,CNA
9K,1629,HPN,3589,HYA,4278,,0,CNA
9K,1629,HPN,3589,LEB,5749,,0,CNA
9K,1629,HVR,3604,BIL,4021,,0,CNA
9K,1629,STL,3678,IRK,5744,,0,CNA
9K,1629,STL,3678,OWB,5758,,0,CNA
9K,1629,STL,3678,UIN,5774,,0,CNA
9K,1629,ALB,3864,BOS,3448,,0,CNA
9K,1629,ALB,3864,OGS,3724,,0,CNA
9K,1629,BIL,4021,HVR,3604,,0,CNA
9K,1629,BIL,4021,GGW,5739,,0,CNA
9K,1629,BIL,4021,OLF,7071,,0,CNA
9K,1629,MVY,4265,ACK,3517,,0,CNA
9K,1629,EWB,5737,ACK,3517,,0,CNA
9K,1629,GGW,5739,BIL,4021,,0,CNA
9K,1629,LEB,5749,BOS,3448,,0,CNA
9K,1629,OWB,5758,STL,3678,,0,CNA
9K,1629,VQS,6788,STX,2884,,0,CNA
9K,1629,VQS,6788,SJU,2890,,0,CNA
9K,1629,CPX,6814,SJU,2890,,0,BNI
9K,1629,SDY,7065,BIL,4021,,0,CNA
9K,1629,GDV,7070,BIL,4021,,0,CNA
2G,1654,MJZ,2925,OVB,4078,,0,A81
2G,1654,HTA,2935,IKT,2937,,0,AN4
2G,1654,IKT,2937,YKS,2923,,0,A81
2G,1654,IKT,2937,HTA,2935,,0,AN4
2G,1654,IKT,2937,UKX,6924,,0,AN4
2G,1654,OVB,4078,IKT,2937,,0,A81
2G,1654,UKX,6924,IKT,2937,,0,AN4
2G,1654,ODO,8944,IKT,2937,,0,AN4
2G,1654,ULK,9026,IKT,2937,,0,AN4
BW,1663,YYZ,193,GND,2882,,0,738
BW,1663,YYZ,193,POS,2902,,0,738
BW,1663,KIN,1779,NAS,1953,,0,738
BW,1663,KIN,1779,ANU,2874,,0,738
BW,1663,KIN,1779,BGI,2875,,0,738
BW,1663,NAS,1953,KIN,1779,,0,738
BW,1663,CCS,2851,POS,2902,,0,ATR
BW,1663,BGI,2875,KIN,1779,,0,738
BW,1663,GND,2882,JFK,3797,,0,738
BW,1663,SXM,2899,BGI,2875,,0,738
BW,1663,TAB,2901,POS,2902,,0,ATR 738
BW,1663,TAB,2901,JFK,3797,,0,738
BW,1663,POS,2902,YYZ,193,,0,738
BW,1663,POS,2902,JFK,3797,,0,738
BW,1663,POS,2902,MCO,3878,,0,738
BW,1663,FLL,3533,KIN,1779,,0,738
BW,1663,FLL,3533,POS,2902,,0,738
BW,1663,JFK,3797,MBJ,1780,,0,738
BW,1663,JFK,3797,TAB,2901,,0,738
BW,1663,MCO,3878,KIN,1779,,0,738
BW,1663,GEO,4304,POS,2902,,0,738 767
BW,1663,GEO,4304,JFK,3797,,0,767
V3,1669,FCO,1555,LUZ,8832,,0,100
V3,1669,LUZ,8832,FCO,1555,,0,100
CX,1680,HYD,,HKG,3077,,0,333
CX,1680,YVR,156,HKG,3077,,0,77W
CX,1680,JNB,813,HKG,3077,,0,744
CX,1680,GVA,1665,DOH,11051,,0,320
CX,1680,NAN,1960,HKG,3077,Y,0,332
CX,1680,BAH,2057,DXB,2188,,0,333
CX,1680,DXB,2188,HKG,3077,,0,333
CX,1680,KHI,2206,BKK,3885,,0,333
CX,1680,TPE,2276,NRT,2279,,0,744
CX,1680,TPE,2276,FUK,2305,,0,772 773
CX,1680,TPE,2276,HKG,3077,,0,773 744 333 77W 772 343 320 321
CX,1680,CTS,2287,HKG,3077,,0,744 333
CX,1680,FUK,2305,TPE,2276,,0,772
CX,1680,MNL,2397,HKG,3077,,0,744 333 77W 343 772
CX,1680,CMB,3024,SIN,3316,,0,773
CX,1680,HKG,3077,HYD,,,0,333
CX,1680,HKG,3077,JNB,813,,0,744
CX,1680,HKG,3077,MXP,1524,,0,77W
CX,1680,HKG,3077,NAN,1960,Y,0,332
CX,1680,HKG,3077,AKL,2006,,0,343
CX,1680,HKG,3077,DXB,2188,,0,333
CX,1680,HKG,3077,NRT,2279,,0,773 744 77W 772 333 343
CX,1680,HKG,3077,CTS,2287,,0,744 333
CX,1680,HKG,3077,CJU,2370,,0,320
CX,1680,HKG,3077,OKA,2384,,0,333
CX,1680,HKG,3077,KHV,2927,,0,320
CX,1680,HKG,3077,VVO,2934,,0,320
CX,1680,HKG,3077,DEL,3093,,0,333
CX,1680,HKG,3077,BLR,3131,,0,333
CX,1680,HKG,3077,DAD,3196,,0,320
CX,1680,HKG,3077,SIN,3316,,0,772 77W 333 773 343
CX,1680,HKG,3077,CNS,3322,,0,333
CX,1680,HKG,3077,ADL,3341,,0,333
CX,1680,HKG,3077,PER,3351,,0,333
CX,1680,HKG,3077,PEK,3364,,0,333 77W 321 320 343
CX,1680,HKG,3077,CSX,3371,,0,320 321
CX,1680,HKG,3077,KWL,3372,,0,320 321
CX,1680,HKG,3077,FOC,3385,,0,333
CX,1680,HKG,3077,NGB,3387,,0,320 321
CX,1680,HKG,3077,TAO,3390,,0,333 320
CX,1680,HKG,3077,CKG,3393,,0,320 321
CX,1680,HKG,3077,SFO,3469,,0,77W 744
CX,1680,HKG,3077,LAX,3484,,0,77W
CX,1680,HKG,3077,DPS,3940,,0,773 744
CX,1680,HKG,3077,CEB,4206,,0,333 77W 343
CX,1680,BLR,3131,HKG,3077,,0,333
CX,1680,MAA,3144,HKG,3077,,0,333
CX,1680,USM,3177,HKG,3077,,0,319
CX,1680,DAD,3196,HKG,3077,,0,320
CX,1680,CGK,3275,HKG,3077,,0,333 773 343
CX,1680,BNE,3320,HKG,3077,,0,333
CX,1680,CNS,3322,HKG,3077,,0,333
CX,1680,ADL,3341,HKG,3077,,0,333
CX,1680,PER,3351,HKG,3077,,0,333
CX,1680,CSX,3371,HKG,3077,,0,320 321
CX,1680,XIY,3379,HKG,3077,,0,320 321
CX,1680,FOC,3385,HKG,3077,,0,333
CX,1680,NGB,3387,HKG,3077,,0,321 320
CX,1680,SHA,3391,HKG,3077,,0,333
CX,1680,CKG,3393,HKG,3077,,0,320 321
CX,1680,CTU,3395,HKG,3077,,0,320 333 321
CX,1680,PVG,3406,HKG,3077,,0,320 321 333 772 77W 773 343
CX,1680,ORD,3830,HKG,3077,,0,77W
CX,1680,MSY,3861,DFW,3670,Y,0,M83 M80
CX,1680,BKK,3885,KHI,2206,,0,333
CX,1680,BKK,3885,KBV,3174,Y,0,319 320
CX,1680,BKK,3885,SIN,3316,,0,772
CX,1680,ICN,3930,HKG,3077,,0,333 773 772 77W 343
CX,1680,CNX,3931,HKG,3077,,0,320
CX,1680,DPS,3940,HKG,3077,,0,773 744
CX,1680,NGO,3942,TPE,2276,,0,333
CX,1680,KIX,3992,HKG,3077,,0,333 773 744 77W 343 772
CX,1680,WNZ,6392,HKG,3077,,0,321 320
CX,1680,DOH,11051,ATH,3941,,0,333 332
KX,1682,LCE,1771,GCM,1926,,0,733
KX,1682,MBJ,1780,GCM,1926,,0,733
KX,1682,CYB,1925,GCM,1926,,0,DHT 733
KX,1682,GCM,1926,CYB,1925,,0,DHT 733
KX,1682,GCM,1926,MIA,3576,,0,733
KX,1682,GCM,1926,TPA,3646,,0,733
KX,1682,GCM,1926,ORD,3830,,0,733
KX,1682,MIA,3576,GCM,1926,,0,733
KX,1682,TPA,3646,GCM,1926,,0,733
KX,1682,LYB,4314,CYB,1925,,0,DHT
KX,1682,LYB,4314,GCM,1926,,0,DHT
5J,1683,TPE,2276,MNL,2397,,0,320
5J,1683,NRT,2279,MNL,2397,,0,320
5J,1683,PUS,2372,MNL,2397,,0,320
5J,1683,PUS,2372,CEB,4206,,0,320
5J,1683,MNL,2397,DXB,2188,,0,330
5J,1683,MNL,2397,PUS,2372,,0,320
5J,1683,MNL,2397,CBO,2399,,0,319 320
5J,1683,MNL,2397,SJI,2409,,0,319
5J,1683,MNL,2397,HAN,3199,,0,319
5J,1683,MNL,2397,KUL,3304,,0,320
5J,1683,MNL,2397,KIX,3992,,0,320
5J,1683,MNL,2397,USU,4199,,0,ATR
5J,1683,MNL,2397,LAO,4202,,0,319
5J,1683,MNL,2397,LGP,4203,,0,320 319
5J,1683,MNL,2397,OZC,4204,,0,320
5J,1683,MNL,2397,WNP,6018,,0,ATR
5J,1683,MNL,2397,TUG,6021,,0,319
5J,1683,CGY,2400,BCD,2423,,0,ATR
5J,1683,CGY,2400,ILO,2429,,0,319
5J,1683,PAG,2401,MNL,2397,,0,319 320
5J,1683,GES,2402,MNL,2397,,0,320
5J,1683,GES,2402,CEB,4206,,0,320
5J,1683,ZAM,2404,CEB,4206,,0,319
5J,1683,TAC,2422,MNL,2397,,0,320
5J,1683,TAC,2422,CEB,4206,,0,ATR 319
5J,1683,BCD,2423,MNL,2397,,0,320 319
5J,1683,BCD,2423,DVO,4090,,0,320
5J,1683,MPH,2426,CEB,4206,,0,ATR
5J,1683,ILO,2429,GES,2402,,0,319
5J,1683,PPS,2433,MNL,2397,,0,320 319
5J,1683,PPS,2433,ILO,2429,,0,319
5J,1683,PPS,2433,DVO,4090,,0,319
5J,1683,REP,3035,MNL,2397,,0,320
5J,1683,HKT,3179,MNL,2397,,0,320
5J,1683,SGN,3205,MNL,2397,,0,320
5J,1683,BWN,3272,MNL,2397,,0,320
5J,1683,CGK,3275,MNL,2397,,0,320
5J,1683,SIN,3316,CRK,4140,,0,319
5J,1683,PEK,3364,MNL,2397,,0,320
5J,1683,CAN,3370,MNL,2397,,0,320
5J,1683,PVG,3406,MNL,2397,,0,320
5J,1683,ICN,3930,MNL,2397,,0,330
5J,1683,DPS,3940,MNL,2397,,0,320
5J,1683,NGO,3942,MNL,2397,,0,320
5J,1683,KIX,3992,MNL,2397,,0,320
5J,1683,TAG,3994,MNL,2397,,0,319
5J,1683,DVO,4090,CGY,2400,,0,ATR
5J,1683,DVO,4090,ILO,2429,,0,320 319
5J,1683,CRK,4140,SIN,3316,,0,319
5J,1683,CRK,4140,CEB,4206,,0,319
5J,1683,LGP,4203,MNL,2397,,0,320 319
5J,1683,OZC,4204,CEB,4206,,0,ATR
5J,1683,CEB,4206,CGY,2400,,0,ATR 320 319
5J,1683,CEB,4206,BCD,2423,,0,320 ATR
5J,1683,CEB,4206,DGT,2425,,0,ATR
5J,1683,CEB,4206,MPH,2426,,0,ATR
5J,1683,CEB,4206,KLO,2430,,0,320
5J,1683,CEB,4206,HKG,3077,,0,320
5J,1683,CEB,4206,USU,4199,,0,ATR
5J,1683,CEB,4206,BXU,4200,,0,319
5J,1683,CEB,4206,CGM,6012,,0,ATR
5J,1683,CEB,4206,IAO,6974,,0,ATR
5J,1683,TUG,6021,MNL,2397,,0,319
5J,1683,CYZ,6733,MNL,2397,,0,319
5J,1683,IAO,6974,CEB,4206,,0,ATR
2Z,1729,CGR,2538,DOU,7380,,0,AT7
2Z,1729,GYN,2562,RAO,2613,,0,AT7
2Z,1729,GRU,2564,CAC,2535,,0,AT7
2Z,1729,GRU,2564,RAO,2613,,0,AT7
2Z,1729,GRU,2564,DOU,7380,,0,AT7
2Z,1729,RAO,2613,PLU,2528,,0,AT7
2Z,1729,RAO,2613,BSB,2531,,0,AT7
2Z,1729,RAO,2613,SJP,2619,,0,AT7
2Z,1729,SJP,2619,RAO,2613,,0,AT7
2Z,1729,SSA,2621,VDC,6039,,0,AT7
2Z,1729,UDI,2633,RAO,2613,,0,AT7
2Z,1729,UDI,2633,UBA,2635,,0,AT7
2Z,1729,OPS,7367,BSB,2531,,0,AT7
2Z,1729,OPS,7367,CGB,2548,,0,AT7
2Z,1729,BRA,7373,BSB,2531,,0,AT7
2Z,1729,DOU,7380,GRU,2564,,0,AT7
C8,1750,SSG,891,COO,245,,0,146
CI,1756,YVR,156,TPE,2276,,0,343
CI,1756,AMS,580,MAN,478,Y,0,737 E90 F70
CI,1756,AKL,2006,SYD,3361,,0,333
CI,1756,KHH,2264,MNL,2397,Y,0,E90
CI,1756,KHH,2264,HKG,3077,,0,333 E90 738
CI,1756,KHH,2264,SGN,3205,Y,0,321
CI,1756,KHH,2264,SIN,3316,,0,738
CI,1756,KHH,2264,PEK,3364,,0,333
CI,1756,KHH,2264,PVG,3406,,0,738 333
CI,1756,KHH,2264,BKK,3885,,0,738
CI,1756,KHH,2264,KIX,3992,,0,738
CI,1756,TSA,2275,GMP,2378,,0,738
CI,1756,TPE,2276,FRA,340,,0,744
CI,1756,TPE,2276,VIE,1613,,0,343
CI,1756,TPE,2276,GUM,2246,,0,333
CI,1756,TPE,2276,ROR,2256,,0,738
CI,1756,TPE,2276,CTS,2287,,0,744 738
CI,1756,TPE,2276,TOY,2324,,0,738
CI,1756,TPE,2276,PUS,2372,,0,738 333
CI,1756,TPE,2276,MNL,2397,,0,333 738 343
CI,1756,TPE,2276,HKG,3077,,0,738 744 333 343
CI,1756,TPE,2276,CGK,3275,,0,343
CI,1756,TPE,2276,SIN,3316,,0,738 333
CI,1756,TPE,2276,SYD,3361,,0,333
CI,1756,TPE,2276,PEK,3364,,0,744
CI,1756,TPE,2276,CAN,3370,,0,744
CI,1756,TPE,2276,SZX,3374,,0,744
CI,1756,TPE,2276,CTU,3395,,0,744
CI,1756,TPE,2276,URC,3399,,0,333
CI,1756,TPE,2276,DLC,3404,,0,333
CI,1756,TPE,2276,SFO,3469,,0,744
CI,1756,TPE,2276,BKK,3885,,0,744 333 343
CI,1756,TPE,2276,DPS,3940,,0,333
CI,1756,TPE,2276,KIX,3992,,0,744 333 343
CI,1756,TPE,2276,HAK,4120,,0,738
CI,1756,TPE,2276,WUX,6390,Y,0,321
CI,1756,NRT,2279,KHH,2264,,0,738
CI,1756,NRT,2279,TPE,2276,,0,333 744
CI,1756,CTS,2287,TPE,2276,,0,744 738
CI,1756,KOJ,2307,TPE,2276,,0,738
CI,1756,KMI,2308,TPE,2276,,0,738
CI,1756,TOY,2324,TPE,2276,,0,738
CI,1756,HIJ,2326,TPE,2276,,0,738
CI,1756,PUS,2372,TPE,2276,,0,738 333
CI,1756,OKA,2384,KHH,2264,,0,738
CI,1756,OKA,2384,TPE,2276,,0,738 333 343
CI,1756,ISG,2387,TPE,2276,,0,738
CI,1756,MNL,2397,KHH,2264,Y,0,E90
CI,1756,MNL,2397,TPE,2276,,0,333 738 343
CI,1756,HKG,3077,CGK,3275,,0,333
CI,1756,DEL,3093,FCO,1555,,0,333
CI,1756,CGK,3275,HKG,3077,,0,333
CI,1756,KUL,3304,TPE,2276,,0,333
CI,1756,SIN,3316,TPE,2276,,0,333 738
CI,1756,SIN,3316,SUB,3928,,0,333
CI,1756,BNE,3320,AKL,2006,,0,333
CI,1756,BNE,3320,TPE,2276,,0,333
CI,1756,CAN,3370,TPE,2276,,0,744
CI,1756,WUH,3376,TPE,2276,,0,333
CI,1756,TAO,3390,TPE,2276,,0,744
CI,1756,CTU,3395,TPE,2276,,0,744
CI,1756,DLC,3404,TPE,2276,,0,333
CI,1756,PVG,3406,TPE,2276,,0,744 333
CI,1756,SFO,3469,TPE,2276,,0,744
CI,1756,IAH,3550,ATL,3682,Y,0,M88 717
CI,1756,ATL,3682,SFO,3469,Y,0,739 757
CI,1756,ATL,3682,LAX,3484,Y,0,763
CI,1756,JFK,3797,KIX,3992,,0,744
CI,1756,BKK,3885,KHH,2264,,0,738
CI,1756,BKK,3885,DME,4029,,0,772
CI,1756,DPS,3940,TPE,2276,,0,333
CI,1756,NGO,3942,TPE,2276,,0,333 738 744
CI,1756,KIX,3992,KHH,2264,,0,738
CI,1756,KIX,3992,RMQ,2268,,0,738
CI,1756,SYX,4030,TPE,2276,,0,738
CI,1756,WUX,6390,TPE,2276,Y,0,321
MU,1758,AMS,580,CPH,609,,0,EMJ 737 F70
MU,1758,AMS,580,CDG,1382,Y,0,737
MU,1758,CPH,609,AMS,580,,0,737 EMJ F70
MU,1758,BCN,1218,AMS,580,,0,737
MU,1758,CDG,1382,AMS,580,Y,0,737
MU,1758,FCO,1555,PVG,3406,,0,332
MU,1758,DXB,2188,KMG,3382,,0,333
MU,1758,SPN,2244,PEK,3364,,0,333
MU,1758,TSA,2275,SHA,3391,,0,333
MU,1758,TPE,2276,WUH,3376,,0,738
MU,1758,TPE,2276,XIY,3379,,0,320
MU,1758,TPE,2276,KMG,3382,,0,738
MU,1758,TPE,2276,HFE,3389,,0,320
MU,1758,TPE,2276,WUX,6390,,0,321
MU,1758,NRT,2279,PEK,3364,Y,0,73H 767
MU,1758,NRT,2279,CAN,3370,Y,0,767
MU,1758,NRT,2279,NKG,3388,,0,320
MU,1758,NRT,2279,DLC,3404,Y,0,767
MU,1758,NRT,2279,PVG,3406,,0,321 333 332
MU,1758,FUK,2305,TAO,3390,,0,319
MU,1758,FUK,2305,PVG,3406,,0,320 738
MU,1758,KOJ,2307,PVG,3406,,0,319
MU,1758,NGS,2313,PVG,3406,,0,319
MU,1758,CJU,2370,PVG,3406,,0,738
MU,1758,PUS,2372,NKG,3388,Y,0,73H
MU,1758,GMP,2378,SHA,3391,,0,321
MU,1758,TAE,2381,PVG,3406,,0,321 320
MU,1758,CMB,3024,KMG,3382,,0,737
MU,1758,PNH,3034,NNG,3373,,0,737
MU,1758,CCU,3043,KMG,3382,,0,737
MU,1758,HKG,3077,TYN,3369,,0,738
MU,1758,HKG,3077,XIY,3379,,0,320
MU,1758,HKG,3077,KMG,3382,,0,737
MU,1758,HKG,3077,KHN,3384,,0,320
MU,1758,HKG,3077,NGB,3387,,0,320
MU,1758,HKG,3077,PVG,3406,,0,320 332 321
MU,1758,HKG,3077,YNZ,6393,,0,320
MU,1758,MFM,3121,KMG,3382,,0,737
MU,1758,KTM,3125,KMG,3382,,0,737
MU,1758,HAN,3199,NNG,3373,,0,737
MU,1758,RGN,3239,KMG,3382,,0,737
MU,1758,SIN,3316,MEL,3339,Y,0,333
MU,1758,SIN,3316,PER,3351,Y,0,332
MU,1758,SIN,3316,NNG,3373,,0,320
MU,1758,MEL,3339,AKL,2006,Y,0,73H
MU,1758,MEL,3339,WLG,2042,Y,0,73H
MU,1758,MEL,3339,PVG,3406,,0,332
MU,1758,SYD,3361,WLG,2042,Y,0,73H
MU,1758,SYD,3361,PVG,3406,,0,332
MU,1758,PEK,3364,NRT,2279,Y,0,767 73H
MU,1758,PEK,3364,TYN,3369,,0,738
MU,1758,PEK,3364,WUH,3376,,0,738
MU,1758,PEK,3364,LHW,3378,,0,321 320
MU,1758,PEK,3364,XIY,3379,,0,333 320 321
MU,1758,PEK,3364,HFE,3389,,0,320
MU,1758,PEK,3364,SHA,3391,,0,333 767
MU,1758,PEK,3364,PVG,3406,,0,333 321 320 332
MU,1758,PEK,3364,SEA,3577,Y,0,76W
MU,1758,PEK,3364,LJG,4033,,0,737
MU,1758,PEK,3364,LYA,4148,,0,320
MU,1758,PEK,3364,TGO,6348,,0,320
MU,1758,PEK,3364,XNN,6366,,0,320
MU,1758,PEK,3364,LYI,6385,,0,319
MU,1758,PEK,3364,LZO,6399,,0,319 737
MU,1758,PEK,3364,JXA,8417,,0,320
MU,1758,HLD,3366,HET,6345,Y,0,738
MU,1758,TSN,3368,WUH,3376,,0,738
MU,1758,TSN,3368,KMG,3382,,0,737
MU,1758,TSN,3368,SHA,3391,,0,737 320
MU,1758,TYN,3369,HKG,3077,,0,738
MU,1758,TYN,3369,SZX,3374,,0,737
MU,1758,TYN,3369,WUH,3376,,0,737
MU,1758,TYN,3369,XIY,3379,,0,737
MU,1758,TYN,3369,KMG,3382,,0,737 738
MU,1758,TYN,3369,SHA,3391,,0,737 321
MU,1758,TYN,3369,CIH,6343,,0,EMB
MU,1758,CAN,3370,NRT,2279,Y,0,767
MU,1758,CAN,3370,XIY,3379,,0,320
MU,1758,CAN,3370,XMN,3383,Y,0,738
MU,1758,CAN,3370,KHN,3384,,0,320
MU,1758,CAN,3370,NGB,3387,,0,738 320
MU,1758,CAN,3370,TAO,3390,,0,320
MU,1758,CAN,3370,LJG,4033,,0,737
MU,1758,CAN,3370,NAY,6341,Y,0,737
MU,1758,CAN,3370,LUM,6376,,0,737
MU,1758,CAN,3370,WNZ,6392,,0,733 738 320 737
MU,1758,CAN,3370,HIA,7898,,0,320
MU,1758,CSX,3371,XIY,3379,,0,320
MU,1758,CSX,3371,SHA,3391,,0,738 321
MU,1758,CSX,3371,KWE,3394,,0,320
MU,1758,CSX,3371,PVG,3406,,0,320 321
MU,1758,CSX,3371,NAY,6341,Y,0,737
MU,1758,KWL,3372,HFE,3389,,0,320
MU,1758,KWL,3372,SHA,3391,Y,0,737
MU,1758,NNG,3373,VTE,3120,,0,737
MU,1758,NNG,3373,RGN,3239,,0,737
MU,1758,NNG,3373,XIY,3379,,0,737
MU,1758,NNG,3373,SYX,4030,,0,738
MU,1758,SZX,3374,WUH,3376,,0,733
MU,1758,SZX,3374,KHN,3384,,0,320
MU,1758,SZX,3374,NGB,3387,,0,320
MU,1758,SZX,3374,SHA,3391,,0,333 AB6 767 320 321
MU,1758,SZX,3374,CZX,4109,,0,320
MU,1758,SZX,3374,WUX,6390,,0,320
MU,1758,CGO,3375,KMG,3382,,0,733 737
MU,1758,CGO,3375,NGB,3387,,0,320
MU,1758,CGO,3375,SHA,3391,,0,738 737 320 321
MU,1758,CGO,3375,URC,3399,,0,320
MU,1758,WUH,3376,SIN,3316,,0,320
MU,1758,WUH,3376,PEK,3364,,0,738
MU,1758,WUH,3376,TYN,3369,,0,737
MU,1758,WUH,3376,XMN,3383,,0,320 737
MU,1758,WUH,3376,KHN,3384,,0,EMB
MU,1758,WUH,3376,NGB,3387,,0,738 320
MU,1758,WUH,3376,TAO,3390,,0,738 320
MU,1758,WUH,3376,ICN,3930,Y,0,73J
MU,1758,WUH,3376,YCU,6430,,0,320
MU,1758,WUH,3376,ZYI,9846,,0,320
MU,1758,LHW,3378,PEK,3364,,0,320 321
MU,1758,LHW,3378,IQN,6365,Y,0,737
MU,1758,XIY,3379,HKG,3077,,0,320
MU,1758,XIY,3379,TYN,3369,,0,737
MU,1758,XIY,3379,SZX,3374,,0,320
MU,1758,XIY,3379,WUH,3376,,0,320 738
MU,1758,XIY,3379,NGB,3387,,0,320
MU,1758,XIY,3379,TAO,3390,,0,320
MU,1758,XIY,3379,KWE,3394,,0,320
MU,1758,XIY,3379,CTU,3395,,0,321 320
MU,1758,XIY,3379,URC,3399,,0,321 738 320
MU,1758,XIY,3379,HRB,3400,,0,320
MU,1758,XIY,3379,DLC,3404,,0,320
MU,1758,XIY,3379,PVG,3406,,0,320 321
MU,1758,XIY,3379,TNA,4108,,0,320
MU,1758,XIY,3379,CZX,4109,,0,320
MU,1758,XIY,3379,DNH,4308,,0,320
MU,1758,XIY,3379,HET,6345,,0,320
MU,1758,XIY,3379,ENY,6367,,0,320
MU,1758,XIY,3379,YNZ,6393,,0,320
MU,1758,XIY,3379,JGS,6428,,0,320
MU,1758,XIY,3379,JGN,6432,,0,320
MU,1758,XIY,3379,DSN,6434,,0,320
MU,1758,XIY,3379,YZY,7987,,0,320
MU,1758,KMG,3382,DXB,2188,,0,333
MU,1758,KMG,3382,TPE,2276,,0,738
MU,1758,KMG,3382,CCU,3043,,0,737
MU,1758,KMG,3382,HKG,3077,,0,737
MU,1758,KMG,3382,VTE,3120,,0,737
MU,1758,KMG,3382,DAD,3196,,0,737
MU,1758,KMG,3382,PEK,3364,,0,333 737 733
MU,1758,KMG,3382,TSN,3368,,0,737
MU,1758,KMG,3382,TYN,3369,,0,737 738
MU,1758,KMG,3382,CAN,3370,,0,737 733
MU,1758,KMG,3382,CSX,3371,,0,733 320 319
MU,1758,KMG,3382,KWL,3372,,0,738 73G
MU,1758,KMG,3382,XMN,3383,,0,737
MU,1758,KMG,3382,NGB,3387,,0,320
MU,1758,KMG,3382,HFE,3389,,0,737 320
MU,1758,KMG,3382,TAO,3390,,0,320
MU,1758,KMG,3382,XIC,3396,,0,737
MU,1758,KMG,3382,ICN,3930,,0,320
MU,1758,KMG,3382,CNX,3931,,0,737
MU,1758,KMG,3382,CEI,3932,,0,737
MU,1758,KMG,3382,DLU,4054,,0,737 733
MU,1758,KMG,3382,YBP,4110,,0,733
MU,1758,KMG,3382,HAK,4120,,0,320
MU,1758,KMG,3382,LYA,4148,,0,733
MU,1758,KMG,3382,BHY,6351,,0,737
MU,1758,KMG,3382,DIG,6375,,0,737
MU,1758,KMG,3382,LUM,6376,,0,733 737
MU,1758,KMG,3382,LZO,6399,,0,737
MU,1758,KMG,3382,MIG,6400,,0,737
MU,1758,KMG,3382,NAO,6401,,0,319
MU,1758,KMG,3382,LNJ,7527,,0,737 733
MU,1758,KMG,3382,JIQ,8781,,0,737
MU,1758,XMN,3383,WUH,3376,,0,320 737
MU,1758,XMN,3383,XIY,3379,,0,320
MU,1758,XMN,3383,NGB,3387,,0,320
MU,1758,XMN,3383,CZX,4109,,0,320
MU,1758,XMN,3383,WUX,6390,,0,321
MU,1758,KHN,3384,KHH,2264,,0,320
MU,1758,KHN,3384,SZX,3374,,0,320
MU,1758,KHN,3384,NKG,3388,,0,320
MU,1758,KHN,3384,SHA,3391,,0,320
MU,1758,KHN,3384,NAY,6341,Y,0,737
MU,1758,HGH,3386,PEK,3364,,0,320 321
MU,1758,HGH,3386,TYN,3369,,0,320 737
MU,1758,HGH,3386,CAN,3370,,0,320
MU,1758,HGH,3386,CGO,3375,,0,320
MU,1758,HGH,3386,XIY,3379,,0,321 320
MU,1758,HGH,3386,KMG,3382,,0,320
MU,1758,HGH,3386,XMN,3383,,0,320 EMB
MU,1758,HGH,3386,TAO,3390,,0,320
MU,1758,HGH,3386,CJJ,6008,Y,0,739
MU,1758,HGH,3386,SJW,6347,Y,0,737
MU,1758,HGH,3386,LYI,6385,,0,320
MU,1758,NGB,3387,HKG,3077,,0,320
MU,1758,NGB,3387,CAN,3370,,0,738 320
MU,1758,NGB,3387,SZX,3374,,0,320
MU,1758,NGB,3387,CGO,3375,,0,320
MU,1758,NGB,3387,XMN,3383,,0,320
MU,1758,NGB,3387,TAO,3390,,0,320
MU,1758,NGB,3387,CTU,3395,,0,319
MU,1758,NKG,3388,NRT,2279,,0,320
MU,1758,NKG,3388,HKG,3077,,0,321 332
MU,1758,NKG,3388,PEK,3364,,0,320 321 332
MU,1758,NKG,3388,TYN,3369,,0,320 738 737
MU,1758,NKG,3388,LHW,3378,,0,320
MU,1758,NKG,3388,XIY,3379,,0,321 320
MU,1758,NKG,3388,KHN,3384,,0,320
MU,1758,NKG,3388,FOC,3385,,0,738
MU,1758,NKG,3388,TAO,3390,,0,321 320
MU,1758,NKG,3388,CTU,3395,,0,320
MU,1758,NKG,3388,DLC,3404,,0,320
MU,1758,NKG,3388,PVG,3406,,0,320
MU,1758,NKG,3388,KIX,3992,,0,320
MU,1758,NKG,3388,CIF,6342,,0,320
MU,1758,NKG,3388,HET,6345,,0,320
MU,1758,HFE,3389,TPE,2276,,0,320
MU,1758,HFE,3389,HKG,3077,,0,320
MU,1758,HFE,3389,PEK,3364,,0,320
MU,1758,HFE,3389,XIY,3379,,0,320
MU,1758,HFE,3389,KMG,3382,,0,320 737
MU,1758,HFE,3389,CKG,3393,,0,320
MU,1758,HFE,3389,CTU,3395,,0,320
MU,1758,TAO,3390,TPE,2276,,0,320
MU,1758,TAO,3390,PEK,3364,,0,320 321 319
MU,1758,TAO,3390,HGH,3386,,0,320
MU,1758,TAO,3390,SHA,3391,,0,320
MU,1758,TAO,3390,HRB,3400,,0,321 320
MU,1758,TAO,3390,MDG,3402,,0,320
MU,1758,TAO,3390,PVG,3406,,0,320 321
MU,1758,TAO,3390,KIX,3992,,0,320
MU,1758,TAO,3390,WUX,6390,,0,320
MU,1758,TAO,3390,DDG,6433,Y,0,737
MU,1758,TAO,3390,JXA,8417,Y,0,737
MU,1758,SHA,3391,PEK,3364,,0,333 767
MU,1758,SHA,3391,KWL,3372,Y,0,737
MU,1758,SHA,3391,XIY,3379,,0,320 321
MU,1758,SHA,3391,KMG,3382,,0,737 733 321
MU,1758,SHA,3391,XMN,3383,,0,320 737
MU,1758,SHA,3391,FOC,3385,Y,0,738
MU,1758,SHA,3391,YNT,3392,,0,320
MU,1758,SHA,3391,KWE,3394,,0,321 73G 738
MU,1758,SHA,3391,CTU,3395,,0,767 738
MU,1758,SHA,3391,TNA,4108,,0,321
MU,1758,SHA,3391,LYA,4148,,0,321
MU,1758,SHA,3391,LYG,6383,Y,0,738 737
MU,1758,SHA,3391,AQG,6427,,0,EMB
MU,1758,SHA,3391,JGS,6428,Y,0,738
MU,1758,SHA,3391,JNG,6944,Y,0,737
MU,1758,YNT,3392,ICN,3930,,0,320
MU,1758,CKG,3393,KMG,3382,,0,320 738
MU,1758,CKG,3393,SHA,3391,,0,321 738
MU,1758,CKG,3393,CZX,4109,,0,320
MU,1758,CTU,3395,WUH,3376,,0,733
MU,1758,CTU,3395,LHW,3378,,0,738 320
MU,1758,CTU,3395,KMG,3382,,0,737 733
MU,1758,CTU,3395,HGH,3386,,0,320
MU,1758,CTU,3395,NKG,3388,,0,320
MU,1758,CTU,3395,TAO,3390,,0,320
MU,1758,CTU,3395,PVG,3406,,0,319 738 320 321
MU,1758,CTU,3395,TNA,4108,,0,319
MU,1758,CTU,3395,CZX,4109,,0,320
MU,1758,CTU,3395,JZH,4301,,0,319 737
MU,1758,CTU,3395,NAY,6341,Y,0,737
MU,1758,CTU,3395,XNN,6366,,0,320
MU,1758,CTU,3395,WUX,6390,,0,320 321
MU,1758,CTU,3395,KGT,8921,,0,319
MU,1758,CTU,3395,DCY,9310,,0,319
MU,1758,KHG,3397,XIY,3379,,0,319
MU,1758,KHG,3397,NGQ,7932,,0,319
MU,1758,URC,3399,LHW,3378,,0,320
MU,1758,URC,3399,XIY,3379,,0,320 321 738
MU,1758,URC,3399,SHA,3391,,0,752 73G 320
MU,1758,URC,3399,PVG,3406,,0,320
MU,1758,HRB,3400,PEK,3364,,0,320 321
MU,1758,HRB,3400,TAO,3390,,0,321 320
MU,1758,HRB,3400,PVG,3406,,0,320 321 319
MU,1758,HRB,3400,CIF,6342,,0,320
MU,1758,HRB,3400,TGO,6348,,0,320
MU,1758,HRB,3400,JNG,6944,,0,737
MU,1758,HRB,3400,JGD,8979,,0,320
MU,1758,DLC,3404,PEK,3364,,0,321 320
MU,1758,DLC,3404,XIY,3379,,0,320
MU,1758,DLC,3404,CHG,6772,,0,319
MU,1758,PVG,3406,YVR,156,,0,332
MU,1758,PVG,3406,AMS,580,Y,0,74M
MU,1758,PVG,3406,NRT,2279,,0,333 321 332
MU,1758,PVG,3406,HIJ,2326,,0,320
MU,1758,PVG,3406,MYJ,2333,,0,319
MU,1758,PVG,3406,PUS,2372,,0,321 320
MU,1758,PVG,3406,TAE,2381,,0,321 320
MU,1758,PVG,3406,PNH,3034,,0,320
MU,1758,PVG,3406,HKT,3179,Y,0,757 738
MU,1758,PVG,3406,SGN,3205,,0,738
MU,1758,PVG,3406,CGK,3275,,0,777
MU,1758,PVG,3406,MEL,3339,,0,332
MU,1758,PVG,3406,PEK,3364,,0,321 332 320 333
MU,1758,PVG,3406,CAN,3370,,0,738
MU,1758,PVG,3406,CSX,3371,,0,321 320
MU,1758,PVG,3406,KWL,3372,,0,320
MU,1758,PVG,3406,SZX,3374,,0,320 321
MU,1758,PVG,3406,KHN,3384,,0,320 319
MU,1758,PVG,3406,FOC,3385,,0,320 319 321
MU,1758,PVG,3406,URC,3399,,0,320
MU,1758,PVG,3406,SFO,3469,,0,332
MU,1758,PVG,3406,HNL,3728,,0,332
MU,1758,PVG,3406,CNX,3931,,0,320
MU,1758,PVG,3406,TNA,4108,,0,320
MU,1758,PVG,3406,HAK,4120,,0,320
MU,1758,PVG,3406,SHE,4144,,0,320
MU,1758,PVG,3406,MWX,4189,,0,320
MU,1758,PVG,3406,CGQ,4380,,0,320
MU,1758,PVG,3406,SJW,6347,,0,320
MU,1758,PVG,3406,LZH,6356,,0,320
MU,1758,PVG,3406,ZHA,6357,Y,0,737
MU,1758,PVG,3406,LZO,6399,,0,319
MU,1758,PVG,3406,MIG,6400,Y,0,738
MU,1758,PVG,3406,FSZ,6476,,0,738 320
MU,1758,PVG,3406,AOG,9844,Y,0,737
MU,1758,LAX,3484,PVG,3406,,0,346
MU,1758,SEA,3577,PEK,3364,Y,0,76W
MU,1758,DTW,3645,PEK,3364,Y,0,777
MU,1758,DTW,3645,PVG,3406,Y,0,77L 777
MU,1758,HNL,3728,PVG,3406,,0,332
MU,1758,BKK,3885,KMG,3382,,0,737
MU,1758,ICN,3930,KWL,3372,,0,320
MU,1758,ICN,3930,XIY,3379,Y,0,332
MU,1758,ICN,3930,KMG,3382,,0,320
MU,1758,ICN,3930,NKG,3388,,0,321 320
MU,1758,CEI,3932,KMG,3382,,0,737
MU,1758,DPS,3940,PVG,3406,,0,332
MU,1758,NGO,3942,TAO,3390,,0,321
MU,1758,KIX,3992,YNT,3392,,0,320
MU,1758,KIX,3992,PVG,3406,,0,321 738
MU,1758,SYX,4030,NKG,3388,,0,321
MU,1758,LJG,4033,JHG,3381,,0,737
MU,1758,LJG,4033,KMG,3382,,0,733 737
MU,1758,DLU,4054,KMG,3382,,0,737 733
MU,1758,DLU,4054,CTU,3395,,0,737
MU,1758,INC,4085,HKG,3077,,0,320
MU,1758,INC,4085,PEK,3364,,0,320
MU,1758,INC,4085,NKG,3388,,0,320
MU,1758,LXA,4097,XIY,3379,,0,319
MU,1758,TNA,4108,SHA,3391,,0,321
MU,1758,TNA,4108,PVG,3406,,0,320
MU,1758,CZX,4109,XIY,3379,,0,320
MU,1758,CZX,4109,CTU,3395,,0,320
MU,1758,CZX,4109,DLC,3404,,0,320
MU,1758,CZX,4109,DYG,6353,,0,320
MU,1758,YBP,4110,KMG,3382,,0,733
MU,1758,SHE,4144,PEK,3364,Y,0,320 321
MU,1758,SHE,4144,TAO,3390,,0,320
MU,1758,LYA,4148,PEK,3364,,0,320
MU,1758,LYA,4148,SHA,3391,,0,321
MU,1758,MWX,4189,PVG,3406,,0,320
MU,1758,JZH,4301,XIY,3379,,0,319
MU,1758,SWA,4302,HGH,3386,,0,320
MU,1758,SWA,4302,SHA,3391,,0,321
MU,1758,CGQ,4380,PEK,3364,,0,320
MU,1758,KIJ,4381,PVG,3406,,0,319
MU,1758,NAY,6341,HRB,3400,Y,0,737
MU,1758,NAY,6341,CZX,4109,Y,0,737
MU,1758,NAY,6341,CIH,6343,Y,0,737
MU,1758,NAY,6341,HLH,6349,Y,0,737
MU,1758,NAY,6341,XIL,6350,Y,0,737
MU,1758,NAY,6341,NNY,6359,Y,0,737
MU,1758,NAY,6341,XFN,6360,Y,0,737
MU,1758,NAY,6341,ENY,6367,Y,0,737
MU,1758,NAY,6341,LYG,6383,Y,0,737
MU,1758,NAY,6341,LYI,6385,Y,0,737
MU,1758,NAY,6341,WNZ,6392,Y,0,737
MU,1758,NAY,6341,NDG,6413,Y,0,737
MU,1758,NAY,6341,JUH,9843,Y,0,737
MU,1758,CIF,6342,TSN,3368,,0,320
MU,1758,CIF,6342,HET,6345,,0,320
MU,1758,CIH,6343,WUH,3376,,0,EMB
MU,1758,HET,6345,XIY,3379,,0,320
MU,1758,HET,6345,SHA,3391,,0,320
MU,1758,HET,6345,CIF,6342,,0,320
MU,1758,HET,6345,TGO,6348,,0,320
MU,1758,HET,6345,HLH,6349,,0,737
MU,1758,HET,6345,XIL,6350,,0,320
MU,1758,BAV,6346,SHA,3391,Y,0,738 737
MU,1758,SJW,6347,LHW,3378,,0,320
MU,1758,SJW,6347,HGH,3386,Y,0,737
MU,1758,SJW,6347,ZQZ,10940,,0,320
MU,1758,TGO,6348,NKG,3388,,0,320
MU,1758,TGO,6348,HET,6345,,0,320
MU,1758,HLH,6349,NAY,6341,Y,0,737
MU,1758,BHY,6351,KMG,3382,,0,737
MU,1758,DYG,6353,PVG,3406,,0,320
MU,1758,LZH,6356,SHA,3391,,0,321
MU,1758,LZH,6356,PVG,3406,,0,320
MU,1758,LZH,6356,SYX,4030,,0,EMB
MU,1758,ZHA,6357,PVG,3406,Y,0,737
MU,1758,ZHA,6357,NAY,6341,Y,0,737
MU,1758,ENH,6358,WUH,3376,,0,738
MU,1758,NNY,6359,NAY,6341,Y,0,737
MU,1758,XFN,6360,WUH,3376,,0,EMB
MU,1758,GOQ,6363,XIY,3379,,0,319
MU,1758,IQN,6365,LHW,3378,Y,0,737
MU,1758,XNN,6366,XIY,3379,,0,320 319
MU,1758,XNN,6366,CKG,3393,,0,320
MU,1758,XNN,6366,PVG,3406,,0,319
MU,1758,XNN,6366,YUS,7894,,0,319
MU,1758,ENY,6367,XIY,3379,,0,320
MU,1758,ENY,6367,NAY,6341,Y,0,737
MU,1758,DIG,6375,KMG,3382,,0,737
MU,1758,DIG,6375,LXA,4097,,0,737
MU,1758,LUM,6376,CAN,3370,,0,737
MU,1758,KOW,6379,KHN,3384,,0,EMB
MU,1758,JIU,6381,SHA,3391,,0,320
MU,1758,LYG,6383,HKG,3077,,0,320
MU,1758,LYG,6383,HGH,3386,,0,EMB
MU,1758,HYN,6384,CAN,3370,,0,733
MU,1758,LYI,6385,PVG,3406,,0,320
MU,1758,TXN,6387,HFE,3389,,0,320
MU,1758,WUX,6390,TPE,2276,,0,321
MU,1758,WUX,6390,HKG,3077,,0,320
MU,1758,WUX,6390,SIN,3316,,0,320
MU,1758,WUX,6390,PEK,3364,,0,321 320
MU,1758,WUX,6390,CAN,3370,,0,321 320 E90
MU,1758,WUX,6390,CSX,3371,,0,320
MU,1758,WUX,6390,XIY,3379,,0,320
MU,1758,WUX,6390,CKG,3393,,0,320
MU,1758,WNZ,6392,HKG,3077,,0,738
MU,1758,WNZ,6392,PEK,3364,,0,738
MU,1758,WNZ,6392,XIY,3379,,0,737 320
MU,1758,WNZ,6392,TAO,3390,,0,737
MU,1758,YNZ,6393,CSX,3371,,0,733
MU,1758,LZO,6399,KMG,3382,,0,737
MU,1758,LZO,6399,PVG,3406,,0,319
MU,1758,KRL,6407,URC,3399,,0,320
MU,1758,AQG,6427,WUH,3376,,0,EMB
MU,1758,JGS,6428,SHA,3391,Y,0,738
MU,1758,SHP,6429,PVG,3406,Y,0,737
MU,1758,YCU,6430,TYN,3369,,0,737
MU,1758,YCU,6430,WUH,3376,,0,320
MU,1758,JGN,6432,XIY,3379,,0,320
MU,1758,DSN,6434,HRB,3400,,0,733
MU,1758,HMI,6743,PVG,3406,,0,320
MU,1758,JNG,6944,KMG,3382,,0,733 737
MU,1758,JNG,6944,SHA,3391,Y,0,737
MU,1758,NYT,6949,KMG,3382,,0,737
MU,1758,FUG,7503,SHA,3391,Y,0,737
MU,1758,BSD,7505,KMG,3382,,0,733
MU,1758,ACX,7506,PVG,3406,,0,319
MU,1758,WNH,7528,KMG,3382,,0,737
MU,1758,HIA,7898,HKG,3077,,0,320
MU,1758,HIA,7898,PEK,3364,,0,320
MU,1758,JXA,8417,PEK,3364,,0,320
MU,1758,JIQ,8781,PEK,3364,,0,737
MU,1758,JIQ,8781,KMG,3382,,0,737
MU,1758,NBS,8826,TSN,3368,,0,738
MU,1758,LLF,8845,KMG,3382,,0,737
MU,1758,TVS,8858,PVG,3406,Y,0,738
MU,1758,DCY,9310,CTU,3395,,0,319
MU,1758,AOG,9844,PVG,3406,Y,0,737
MU,1758,ZQZ,10940,SJW,6347,,0,320
MU,1758,JIC,11473,JGN,6432,Y,0,737
CZ,1767,LLB,,CAN,3370,,0,319
CZ,1767,YVR,156,CAN,3370,,0,787
CZ,1767,LHR,507,CAN,3370,,0,787
CZ,1767,AMS,580,CAN,3370,,0,332
CZ,1767,AMS,580,XMN,3383,Y,0,777
CZ,1767,AMS,580,CTU,3395,Y,0,74M
CZ,1767,LUN,907,NBO,4059,,0,763 E90 E70
CZ,1767,IST,1701,URC,3399,,0,330
CZ,1767,DXB,2188,CAN,3370,,0,772
CZ,1767,ISB,2223,PEK,3364,Y,0,310
CZ,1767,KHH,2264,WUH,3376,,0,738
CZ,1767,TPE,2276,CAN,3370,,0,772
CZ,1767,TPE,2276,CSX,3371,,0,320
CZ,1767,TPE,2276,KWE,3394,,0,738
CZ,1767,TPE,2276,DLC,3404,,0,320
CZ,1767,TPE,2276,SHE,4144,,0,320
CZ,1767,NRT,2279,CAN,3370,,0,332
CZ,1767,NRT,2279,SHE,4144,,0,320
CZ,1767,NRT,2279,CGQ,4380,,0,321
CZ,1767,TOY,2324,DLC,3404,,0,319
CZ,1767,CJU,2370,CGO,3375,,0,738
CZ,1767,CJU,2370,SHE,4144,,0,321
CZ,1767,CJU,2370,CGQ,4380,,0,321
CZ,1767,GMP,2378,PEK,3364,,0,321
CZ,1767,MNL,2397,XMN,3383,,0,321
CZ,1767,GYD,2922,URC,3399,,0,73G
CZ,1767,PNH,3034,CAN,3370,,0,321 319
CZ,1767,REP,3035,CAN,3370,,0,320
CZ,1767,HKG,3077,CGO,3375,,0,738
CZ,1767,HKG,3077,XMN,3383,,0,738
CZ,1767,MLE,3156,CAN,3370,,0,772
CZ,1767,HKT,3179,CAN,3370,,0,321
CZ,1767,HKT,3179,SZX,3374,,0,321
CZ,1767,DAD,3196,CAN,3370,,0,738
CZ,1767,HAN,3199,PEK,3364,Y,0,321 777
CZ,1767,HAN,3199,CAN,3370,,0,E90
CZ,1767,SGN,3205,CAN,3370,,0,738
CZ,1767,BKI,3269,SZX,3374,,0,321
CZ,1767,CGK,3275,CAN,3370,,0,738
CZ,1767,KUL,3304,CAN,3370,,0,320 73G
CZ,1767,PEN,3308,CAN,3370,,0,320
CZ,1767,SIN,3316,FOC,3385,Y,0,738
CZ,1767,PEK,3364,AMS,580,,0,332
CZ,1767,PEK,3364,GMP,2378,,0,321
CZ,1767,PEK,3364,TAS,2983,,0,330
CZ,1767,PEK,3364,CAN,3370,,0,330 380 332 333 321 787
CZ,1767,PEK,3364,CSX,3371,,0,321 320
CZ,1767,PEK,3364,CGO,3375,,0,320
CZ,1767,PEK,3364,WUH,3376,,0,321 738
CZ,1767,PEK,3364,KMG,3382,,0,321 737 333
CZ,1767,PEK,3364,FOC,3385,Y,0,737
CZ,1767,PEK,3364,CKG,3393,,0,319
CZ,1767,PEK,3364,HRB,3400,,0,320 319
CZ,1767,PEK,3364,DLC,3404,,0,321 320
CZ,1767,PEK,3364,SEA,3577,Y,0,76W
CZ,1767,PEK,3364,SHE,4144,,0,321 320
CZ,1767,PEK,3364,CGQ,4380,,0,320 321 319
CZ,1767,PEK,3364,CGD,6352,,0,321
CZ,1767,PEK,3364,DYG,6353,,0,320
CZ,1767,PEK,3364,XNN,6366,,0,320
CZ,1767,PEK,3364,KOW,6379,,0,320
CZ,1767,PEK,3364,JJN,6386,Y,0,737
CZ,1767,PEK,3364,AOG,9844,,0,320
CZ,1767,PEK,3364,ZYI,9846,,0,319
CZ,1767,TSN,3368,CSX,3371,,0,320
CZ,1767,TSN,3368,XMN,3383,Y,0,737
CZ,1767,TSN,3368,HGH,3386,Y,0,737
CZ,1767,TYN,3369,XMN,3383,Y,0,737
CZ,1767,TYN,3369,KHN,3384,,0,321
CZ,1767,TYN,3369,HFE,3389,Y,0,737
CZ,1767,TYN,3369,TAO,3390,,0,738
CZ,1767,TYN,3369,URC,3399,,0,738
CZ,1767,TYN,3369,INC,4085,,0,320
CZ,1767,CAN,3370,LLB,,,0,319
CZ,1767,CAN,3370,YVR,156,,0,787
CZ,1767,CAN,3370,LHR,507,,0,787
CZ,1767,CAN,3370,AKL,2006,,0,787
CZ,1767,CAN,3370,HKG,3077,,0,320
CZ,1767,CAN,3370,DEL,3093,,0,73G
CZ,1767,CAN,3370,HAN,3199,,0,E90
CZ,1767,CAN,3370,CGK,3275,,0,738
CZ,1767,CAN,3370,PEN,3308,,0,320
CZ,1767,CAN,3370,BNE,3320,,0,332
CZ,1767,CAN,3370,TYN,3369,,0,738 737 320
CZ,1767,CAN,3370,CSX,3371,,0,320
CZ,1767,CAN,3370,XIY,3379,,0,320 321 73G 319
CZ,1767,CAN,3370,XMN,3383,,0,738 320 E90 319 73G
CZ,1767,CAN,3370,NGB,3387,,0,321 738 320
CZ,1767,CAN,3370,NKG,3388,,0,332 320 738 321
CZ,1767,CAN,3370,SHA,3391,,0,77W 738 777 321 772 333 330 AB6 320
CZ,1767,CAN,3370,CTU,3395,,0,738 321 320
CZ,1767,CAN,3370,URC,3399,,0,73G 738 777 752
CZ,1767,CAN,3370,LAX,3484,,0,380
CZ,1767,CAN,3370,BKK,3885,,0,320 738 763
CZ,1767,CAN,3370,KIX,3992,,0,321
CZ,1767,CAN,3370,SYX,4030,,0,738 320 321
CZ,1767,CAN,3370,TNA,4108,,0,738 320
CZ,1767,CAN,3370,HAK,4120,,0,320 321 733
CZ,1767,CAN,3370,SWA,4302,,0,738
CZ,1767,CAN,3370,SJW,6347,,0,320 E90
CZ,1767,CAN,3370,CGD,6352,,0,319
CZ,1767,CAN,3370,MXZ,6354,,0,E90
CZ,1767,CAN,3370,YIH,6361,,0,320
CZ,1767,CAN,3370,LYG,6383,,0,738
CZ,1767,CAN,3370,WUX,6390,,0,E90 321
CZ,1767,CAN,3370,NAO,6401,,0,319
CZ,1767,CAN,3370,TEN,6963,,0,319
CZ,1767,CAN,3370,FUG,7503,,0,319
CZ,1767,CAN,3370,JUH,9843,,0,319
CZ,1767,CAN,3370,AVA,9849,,0,319
CZ,1767,CSX,3371,TPE,2276,,0,320
CZ,1767,CSX,3371,CJU,2370,,0,320
CZ,1767,CSX,3371,PEK,3364,,0,321 320
CZ,1767,CSX,3371,TYN,3369,,0,738
CZ,1767,CSX,3371,SZX,3374,,0,752 320
CZ,1767,CSX,3371,XIY,3379,,0,320
CZ,1767,CSX,3371,HFE,3389,,0,320
CZ,1767,CSX,3371,TAO,3390,,0,320 321
CZ,1767,CSX,3371,CKG,3393,,0,320 738
CZ,1767,CSX,3371,KWE,3394,Y,0,737
CZ,1767,CSX,3371,BKK,3885,,0,320
CZ,1767,CSX,3371,SYX,4030,,0,321
CZ,1767,CSX,3371,INC,4085,,0,320
CZ,1767,CSX,3371,HAK,4120,,0,733
CZ,1767,CSX,3371,HET,6345,,0,320
CZ,1767,CSX,3371,SJW,6347,,0,320
CZ,1767,CSX,3371,WNZ,6392,,0,752
CZ,1767,CSX,3371,YCU,6430,,0,733
CZ,1767,CSX,3371,YTY,8876,,0,320
CZ,1767,KWL,3372,NNG,3373,,0,738
CZ,1767,KWL,3372,XIY,3379,,0,73G 320
CZ,1767,KWL,3372,XMN,3383,Y,0,737
CZ,1767,KWL,3372,HGH,3386,,0,738
CZ,1767,KWL,3372,CTU,3395,,0,738
CZ,1767,KWL,3372,TNA,4108,,0,738
CZ,1767,NNG,3373,TPE,2276,,0,738
CZ,1767,NNG,3373,KWL,3372,,0,738
CZ,1767,NNG,3373,XMN,3383,Y,0,737
CZ,1767,NNG,3373,KHN,3384,,0,738
CZ,1767,NNG,3373,HGH,3386,,0,738 319
CZ,1767,NNG,3373,SHA,3391,,0,738 320
CZ,1767,NNG,3373,CKG,3393,,0,738 73G
CZ,1767,NNG,3373,KWE,3394,,0,73G 738
CZ,1767,NNG,3373,BKK,3885,,0,738
CZ,1767,NNG,3373,SWA,4302,,0,738
CZ,1767,SZX,3374,TPE,2276,,0,321
CZ,1767,SZX,3374,CJU,2370,,0,320
CZ,1767,SZX,3374,HKT,3179,,0,321
CZ,1767,SZX,3374,BKI,3269,,0,321
CZ,1767,SZX,3374,TSN,3368,Y,0,737
CZ,1767,SZX,3374,CSX,3371,,0,320 752
CZ,1767,SZX,3374,XIY,3379,,0,320
CZ,1767,SZX,3374,TAO,3390,,0,320 321
CZ,1767,SZX,3374,CKG,3393,,0,320
CZ,1767,SZX,3374,HRB,3400,,0,320
CZ,1767,SZX,3374,PVG,3406,,0,320 321
CZ,1767,SZX,3374,DPS,3940,,0,320
CZ,1767,SZX,3374,SYX,4030,,0,320 321
CZ,1767,SZX,3374,CGD,6352,,0,319
CZ,1767,SZX,3374,NNY,6359,,0,319
CZ,1767,SZX,3374,WUX,6390,,0,321
CZ,1767,SZX,3374,WNZ,6392,,0,321
CZ,1767,SZX,3374,HSN,6395,,0,320
CZ,1767,SZX,3374,LZO,6399,,0,319
CZ,1767,SZX,3374,NAO,6401,,0,321
CZ,1767,SZX,3374,BFJ,9025,,0,320
CZ,1767,CGO,3375,CJU,2370,,0,738
CZ,1767,CGO,3375,PEK,3364,,0,320
CZ,1767,CGO,3375,CAN,3370,,0,73G 738 733
CZ,1767,CGO,3375,NNG,3373,,0,738
CZ,1767,CGO,3375,HGH,3386,,0,738
CZ,1767,CGO,3375,TAO,3390,,0,738
CZ,1767,CGO,3375,URC,3399,,0,738 752
CZ,1767,CGO,3375,HRB,3400,,0,320
CZ,1767,CGO,3375,PVG,3406,,0,320 738
CZ,1767,CGO,3375,HAK,4120,,0,738 320 733
CZ,1767,CGO,3375,CGQ,4380,,0,738
CZ,1767,CGO,3375,XNN,6366,Y,0,737
CZ,1767,CGO,3375,YTY,8876,,0,738
CZ,1767,WUH,3376,TPE,2276,,0,738
CZ,1767,WUH,3376,PEK,3364,,0,738 321
CZ,1767,WUH,3376,HGH,3386,,0,738
CZ,1767,WUH,3376,NGB,3387,,0,738
CZ,1767,WUH,3376,SHA,3391,,0,738 321 733 320
CZ,1767,WUH,3376,SYX,4030,,0,320
CZ,1767,WUH,3376,TNA,4108,,0,73G
CZ,1767,WUH,3376,SHE,4144,,0,320
CZ,1767,WUH,3376,SWA,4302,,0,738
CZ,1767,WUH,3376,CGQ,4380,,0,320
CZ,1767,WUH,3376,BAV,6346,,0,738
CZ,1767,LHW,3378,CGO,3375,Y,0,737
CZ,1767,LHW,3378,WUH,3376,Y,0,737
CZ,1767,XIY,3379,TSN,3368,Y,0,737
CZ,1767,XIY,3379,KWL,3372,,0,320 73G
CZ,1767,XIY,3379,WUH,3376,,0,738 73G
CZ,1767,XIY,3379,KMG,3382,,0,320 733 321
CZ,1767,XIY,3379,XMN,3383,Y,0,737
CZ,1767,XIY,3379,TAO,3390,,0,320
CZ,1767,XIY,3379,PVG,3406,,0,320 738 321
CZ,1767,XIY,3379,TNA,4108,,0,320 752
CZ,1767,XIY,3379,DNH,4308,,0,E90
CZ,1767,XIY,3379,ENY,6367,,0,320
CZ,1767,XIY,3379,WXN,6403,Y,0,737
CZ,1767,KMG,3382,CSX,3371,,0,320 321
CZ,1767,KMG,3382,LHW,3378,,0,320
CZ,1767,KMG,3382,JHG,3381,,0,733
CZ,1767,KMG,3382,CKG,3393,,0,321 738 320 73G
CZ,1767,KMG,3382,SYX,4030,,0,733
CZ,1767,KMG,3382,YIW,6394,,0,738
CZ,1767,XMN,3383,MFM,3121,,0,738
CZ,1767,XMN,3383,CSX,3371,,0,320
CZ,1767,XMN,3383,NNG,3373,Y,0,737
CZ,1767,XMN,3383,SZX,3374,,0,738
CZ,1767,XMN,3383,KHN,3384,Y,0,737
CZ,1767,XMN,3383,NKG,3388,,0,319
CZ,1767,XMN,3383,TAO,3390,,0,319
CZ,1767,XMN,3383,CTU,3395,Y,0,737
CZ,1767,XMN,3383,TNA,4108,Y,0,737
CZ,1767,XMN,3383,XFN,6360,,0,738
CZ,1767,XMN,3383,TXN,6387,Y,0,737
CZ,1767,XMN,3383,HSN,6395,Y,0,737
CZ,1767,KHN,3384,CAN,3370,,0,320 73G 738
CZ,1767,KHN,3384,XIY,3379,Y,0,737
CZ,1767,KHN,3384,XMN,3383,Y,0,737
CZ,1767,KHN,3384,NKG,3388,,0,738 319
CZ,1767,KHN,3384,DLC,3404,,0,738
CZ,1767,FOC,3385,KUL,3304,Y,0,738
CZ,1767,FOC,3385,SIN,3316,Y,0,738
CZ,1767,FOC,3385,KMG,3382,Y,0,737
CZ,1767,FOC,3385,NKG,3388,Y,0,737
CZ,1767,FOC,3385,KWE,3394,Y,0,737
CZ,1767,FOC,3385,SYX,4030,Y,0,737
CZ,1767,FOC,3385,TNA,4108,Y,0,737
CZ,1767,FOC,3385,HAK,4120,Y,0,737
CZ,1767,HGH,3386,AMS,580,Y,0,777
CZ,1767,HGH,3386,MFM,3121,Y,0,738
CZ,1767,HGH,3386,TSN,3368,Y,0,737
CZ,1767,HGH,3386,CSX,3371,,0,320
CZ,1767,HGH,3386,XMN,3383,Y,0,737
CZ,1767,HGH,3386,CKG,3393,Y,0,737
CZ,1767,HGH,3386,KWE,3394,Y,0,737
CZ,1767,HGH,3386,CTU,3395,Y,0,737
CZ,1767,HGH,3386,DLC,3404,,0,320 321
CZ,1767,HGH,3386,LJG,4033,Y,0,737
CZ,1767,HGH,3386,TNA,4108,Y,0,737
CZ,1767,HGH,3386,HAK,4120,,0,320
CZ,1767,HGH,3386,HET,6345,Y,0,737
CZ,1767,NGB,3387,PEK,3364,,0,320 321
CZ,1767,NGB,3387,KWL,3372,,0,738
CZ,1767,NGB,3387,WUH,3376,,0,738
CZ,1767,NGB,3387,XMN,3383,Y,0,737
CZ,1767,NGB,3387,DLC,3404,,0,321 738
CZ,1767,NGB,3387,SWA,4302,,0,738
CZ,1767,NKG,3388,CAN,3370,,0,320 321 332 738
CZ,1767,NKG,3388,SZX,3374,,0,320 321
CZ,1767,NKG,3388,KHN,3384,,0,738 319
CZ,1767,NKG,3388,INC,4085,,0,738
CZ,1767,NKG,3388,HET,6345,Y,0,737
CZ,1767,HFE,3389,TYN,3369,Y,0,737
CZ,1767,HFE,3389,CSX,3371,,0,320
CZ,1767,HFE,3389,XMN,3383,,0,733
CZ,1767,HFE,3389,HRB,3400,,0,738
CZ,1767,TAO,3390,TYN,3369,,0,738
CZ,1767,TAO,3390,KMG,3382,,0,320
CZ,1767,TAO,3390,HGH,3386,,0,320 738
CZ,1767,TAO,3390,NGB,3387,,0,738
CZ,1767,TAO,3390,KWE,3394,,0,738
CZ,1767,TAO,3390,PVG,3406,,0,319
CZ,1767,TAO,3390,CGQ,4380,,0,320 321 738
CZ,1767,TAO,3390,DQA,9845,,0,319
CZ,1767,SHA,3391,PEK,3364,,0,333 767 321
CZ,1767,SHA,3391,CAN,3370,,0,333 321 AB6 738 77W 777 772 330 320
CZ,1767,SHA,3391,CSX,3371,,0,321 320
CZ,1767,SHA,3391,SZX,3374,,0,321 767 333 320 AB6
CZ,1767,SHA,3391,CGO,3375,,0,737 738 320 321
CZ,1767,SHA,3391,XIY,3379,,0,320 321
CZ,1767,SHA,3391,KMG,3382,,0,733 737
CZ,1767,SHA,3391,FOC,3385,Y,0,737
CZ,1767,SHA,3391,JJN,6386,Y,0,737
CZ,1767,CKG,3393,CAN,3370,,0,321 319 320
CZ,1767,CKG,3393,CSX,3371,,0,320 738
CZ,1767,CKG,3393,KMG,3382,,0,321 738 320 73G
CZ,1767,CKG,3393,KHN,3384,Y,0,737
CZ,1767,CKG,3393,FOC,3385,Y,0,737
CZ,1767,CKG,3393,HGH,3386,Y,0,737
CZ,1767,CKG,3393,KWE,3394,,0,738
CZ,1767,CKG,3393,LXA,4097,,0,319
CZ,1767,KWE,3394,TPE,2276,,0,738
CZ,1767,KWE,3394,HKT,3179,,0,738
CZ,1767,KWE,3394,CAN,3370,,0,738
CZ,1767,KWE,3394,SZX,3374,,0,320 738 319
CZ,1767,KWE,3394,KMG,3382,,0,738 73G
CZ,1767,KWE,3394,FOC,3385,Y,0,737
CZ,1767,KWE,3394,TAO,3390,,0,738
CZ,1767,KWE,3394,SHA,3391,,0,73G 321 738
CZ,1767,KWE,3394,PVG,3406,,0,738
CZ,1767,KWE,3394,XNN,6366,,0,738
CZ,1767,KWE,3394,JJN,6386,Y,0,737
CZ,1767,CTU,3395,AMS,580,Y,0,74M
CZ,1767,CTU,3395,CAN,3370,,0,738 321 320
CZ,1767,CTU,3395,KWL,3372,,0,738
CZ,1767,CTU,3395,SZX,3374,,0,321 333 320
CZ,1767,CTU,3395,WUH,3376,,0,738
CZ,1767,CTU,3395,XIY,3379,,0,320 321
CZ,1767,CTU,3395,FOC,3385,Y,0,737
CZ,1767,CTU,3395,HGH,3386,Y,0,737
CZ,1767,CTU,3395,YNT,3392,,0,321
CZ,1767,CTU,3395,SWA,4302,,0,738
CZ,1767,KHG,3397,URC,3399,,0,E90 73G
CZ,1767,URC,3399,OSS,2913,,0,73G
CZ,1767,URC,3399,GYD,2922,,0,73G
CZ,1767,URC,3399,SVO,2985,,0,738
CZ,1767,URC,3399,WUH,3376,,0,738 320 73G
CZ,1767,URC,3399,LHW,3378,,0,752 319 320
CZ,1767,URC,3399,HGH,3386,,0,73G
CZ,1767,URC,3399,SHA,3391,,0,752 73G
CZ,1767,URC,3399,KWE,3394,,0,73G
CZ,1767,URC,3399,CTU,3395,,0,738 320 752
CZ,1767,URC,3399,PVG,3406,,0,320
CZ,1767,URC,3399,TBS,3973,,0,73G
CZ,1767,URC,3399,DNH,4308,,0,E90
CZ,1767,URC,3399,SJW,6347,,0,320 319
CZ,1767,URC,3399,KCA,6406,,0,E90
CZ,1767,URC,3399,KRY,6408,,0,73G
CZ,1767,URC,3399,YIN,6409,,0,73G E90
CZ,1767,URC,3399,HMI,6743,,0,E90
CZ,1767,URC,3399,TCG,6752,,0,E90
CZ,1767,URC,3399,AAT,6946,,0,73G E90
CZ,1767,HRB,3400,SZX,3374,,0,320
CZ,1767,HRB,3400,FOC,3385,Y,0,737
CZ,1767,HRB,3400,NGB,3387,,0,320
CZ,1767,HRB,3400,NKG,3388,,0,320
CZ,1767,HRB,3400,HFE,3389,,0,738
CZ,1767,HRB,3400,KIX,3992,,0,319
CZ,1767,HRB,3400,TNA,4108,,0,320
CZ,1767,HRB,3400,YNZ,6393,Y,0,737
CZ,1767,HRB,3400,HEK,6410,,0,320
CZ,1767,HRB,3400,OHE,6943,,0,319
CZ,1767,MDG,3402,ICN,3930,,0,73J 320
CZ,1767,DLC,3404,TPE,2276,,0,320
CZ,1767,DLC,3404,NRT,2279,,0,319 321 320
CZ,1767,DLC,3404,TOY,2324,,0,319
CZ,1767,DLC,3404,CJU,2370,,0,320 321
CZ,1767,DLC,3404,TSN,3368,,0,320
CZ,1767,DLC,3404,TYN,3369,,0,320
CZ,1767,DLC,3404,CSX,3371,,0,321
CZ,1767,DLC,3404,CGO,3375,,0,319
CZ,1767,DLC,3404,XIY,3379,,0,321 320
CZ,1767,DLC,3404,HGH,3386,,0,320 321
CZ,1767,DLC,3404,NGB,3387,,0,321 738
CZ,1767,DLC,3404,TAO,3390,Y,0,737
CZ,1767,DLC,3404,SJW,6347,,0,320 319
CZ,1767,DLC,3404,YNZ,6393,,0,73G 738
CZ,1767,PVG,3406,PEK,3364,,0,321 320 333
CZ,1767,PVG,3406,KWL,3372,,0,738
CZ,1767,PVG,3406,SZX,3374,,0,320 321
CZ,1767,PVG,3406,HRB,3400,,0,319 320
CZ,1767,PVG,3406,ICN,3930,,0,738
CZ,1767,PVG,3406,SYX,4030,,0,320
CZ,1767,SEA,3577,PEK,3364,Y,0,76W
CZ,1767,DTW,3645,PEK,3364,Y,0,777
CZ,1767,BKK,3885,NNG,3373,,0,738
CZ,1767,BKK,3885,CGO,3375,,0,738
CZ,1767,BKK,3885,FOC,3385,,0,738
CZ,1767,ICN,3930,CSX,3371,,0,320
CZ,1767,ICN,3930,CGO,3375,,0,73J 73H 738
CZ,1767,ICN,3930,HRB,3400,,0,320
CZ,1767,ICN,3930,DLC,3404,,0,321 319
CZ,1767,DPS,3940,CAN,3370,,0,738
CZ,1767,NGO,3942,DLC,3404,,0,319
CZ,1767,NGO,3942,SHE,4144,,0,319
CZ,1767,KIX,3992,CAN,3370,,0,321
CZ,1767,KIX,3992,SHE,4144,,0,320
CZ,1767,SYX,4030,CAN,3370,,0,320 321 738
CZ,1767,SYX,4030,CGO,3375,,0,320
CZ,1767,SYX,4030,KMG,3382,,0,733
CZ,1767,SYX,4030,ZUH,6355,,0,738
CZ,1767,SYX,4030,YTY,8876,,0,320
CZ,1767,LJG,4033,KMG,3382,,0,320 73G 733 737
CZ,1767,LJG,4033,CKG,3393,Y,0,737
CZ,1767,LJG,4033,KWE,3394,,0,319
CZ,1767,DLU,4054,KWE,3394,,0,319
CZ,1767,NBO,4059,CAN,3370,,0,773
CZ,1767,INC,4085,XIY,3379,,0,320
CZ,1767,INC,4085,URC,3399,,0,738 73G
CZ,1767,INC,4085,HET,6345,,0,319 320
CZ,1767,LXA,4097,XIY,3379,,0,319
CZ,1767,LXA,4097,CKG,3393,,0,319
CZ,1767,TNA,4108,CSX,3371,,0,320
CZ,1767,TNA,4108,XIY,3379,,0,320 752
CZ,1767,TNA,4108,FOC,3385,Y,0,737
CZ,1767,TNA,4108,URC,3399,,0,320
CZ,1767,TNA,4108,HRB,3400,,0,320
CZ,1767,TNA,4108,CGQ,4380,,0,320 319
CZ,1767,CZX,4109,CSX,3371,,0,320
CZ,1767,CZX,4109,SZX,3374,,0,320
CZ,1767,HAK,4120,CAN,3370,,0,321 320 733
CZ,1767,HAK,4120,NNG,3373,,0,738
CZ,1767,HAK,4120,WUH,3376,,0,320
CZ,1767,HAK,4120,FOC,3385,Y,0,737
CZ,1767,HAK,4120,HGH,3386,,0,320
CZ,1767,HAK,4120,NKG,3388,,0,320
CZ,1767,HAK,4120,CKG,3393,,0,733
CZ,1767,HAK,4120,CTU,3395,,0,320
CZ,1767,SHE,4144,TPE,2276,,0,320
CZ,1767,SHE,4144,PEK,3364,,0,320 321
CZ,1767,SHE,4144,CAN,3370,,0,319 320
CZ,1767,SHE,4144,NKG,3388,,0,319 738
CZ,1767,SHE,4144,TAO,3390,,0,321 320
CZ,1767,SHE,4144,PVG,3406,,0,320 321 319
CZ,1767,SHE,4144,CZX,4109,,0,320
CZ,1767,LYA,4148,KHN,3384,,0,319
CZ,1767,SWA,4302,HKG,3077,,0,738
CZ,1767,SWA,4302,NNG,3373,,0,738
CZ,1767,SWA,4302,WUH,3376,,0,738
CZ,1767,SWA,4302,KWE,3394,,0,738
CZ,1767,SWA,4302,CTU,3395,,0,738
CZ,1767,SWA,4302,ZUH,6355,,0,738
CZ,1767,SWA,4302,YIW,6394,,0,738
CZ,1767,CGQ,4380,TPE,2276,,0,320
CZ,1767,CGQ,4380,NRT,2279,,0,321
CZ,1767,CGQ,4380,PEK,3364,,0,320 321 319
CZ,1767,CGQ,4380,CGO,3375,,0,738
CZ,1767,CGQ,4380,WUH,3376,,0,320
CZ,1767,CGQ,4380,KHN,3384,,0,320
CZ,1767,CGQ,4380,HGH,3386,,0,319 321 320
CZ,1767,CGQ,4380,HFE,3389,,0,320
CZ,1767,CGQ,4380,TAO,3390,,0,321 320 738
CZ,1767,CGQ,4380,PVG,3406,,0,319 321 320
CZ,1767,CGQ,4380,YNJ,6414,,0,320 321
CZ,1767,CGQ,4380,NBS,8826,,0,319
CZ,1767,KIJ,4381,HRB,3400,,0,320
CZ,1767,LBD,6147,URC,3399,,0,73G
CZ,1767,CIH,6343,PEK,3364,,0,320
CZ,1767,CIH,6343,CAN,3370,,0,320
CZ,1767,HET,6345,HGH,3386,Y,0,737
CZ,1767,HET,6345,TAO,3390,,0,73G
CZ,1767,HET,6345,DLC,3404,,0,320
CZ,1767,HET,6345,INC,4085,,0,319 320
CZ,1767,HET,6345,SHE,4144,,0,319
CZ,1767,HET,6345,CGQ,4380,,0,319 320
CZ,1767,BAV,6346,CGO,3375,,0,738
CZ,1767,BAV,6346,WUH,3376,,0,738
CZ,1767,BAV,6346,SHE,4144,,0,321 319 320
CZ,1767,BAV,6346,SJW,6347,,0,320
CZ,1767,SJW,6347,CSX,3371,,0,320
CZ,1767,SJW,6347,SHE,4144,,0,319
CZ,1767,SJW,6347,BAV,6346,,0,320
CZ,1767,XIL,6350,HET,6345,,0,319
CZ,1767,BHY,6351,CAN,3370,,0,E90
CZ,1767,BHY,6351,CSX,3371,,0,321
CZ,1767,BHY,6351,KMG,3382,Y,0,737
CZ,1767,BHY,6351,SJW,6347,,0,321
CZ,1767,CGD,6352,PEK,3364,,0,321
CZ,1767,DYG,6353,CAN,3370,,0,320
CZ,1767,MXZ,6354,HKG,3077,,0,E90
CZ,1767,MXZ,6354,SZX,3374,,0,E90
CZ,1767,ZUH,6355,CSX,3371,,0,738
CZ,1767,ZUH,6355,KMG,3382,,0,738
CZ,1767,ZUH,6355,HGH,3386,,0,738 320
CZ,1767,ZUH,6355,SHA,3391,,0,320 321
CZ,1767,ZUH,6355,PVG,3406,,0,738
CZ,1767,LZH,6356,CAN,3370,,0,320 319
CZ,1767,ENH,6358,WUH,3376,,0,738
CZ,1767,NNY,6359,SZX,3374,,0,319
CZ,1767,YIH,6361,CKG,3393,Y,0,737
CZ,1767,XNN,6366,KWE,3394,,0,738
CZ,1767,KOW,6379,PEK,3364,,0,320
CZ,1767,KOW,6379,SZX,3374,,0,320
CZ,1767,JIU,6381,CAN,3370,,0,E90
CZ,1767,LYG,6383,XUZ,4149,,0,738
CZ,1767,JJN,6386,PEK,3364,Y,0,737
CZ,1767,JJN,6386,CAN,3370,Y,0,737
CZ,1767,JJN,6386,CSX,3371,Y,0,737
CZ,1767,JJN,6386,NKG,3388,Y,0,737
CZ,1767,JJN,6386,SHA,3391,Y,0,737
CZ,1767,WUX,6390,SZX,3374,,0,321
CZ,1767,WUS,6391,PEK,3364,Y,0,737
CZ,1767,WNZ,6392,CSX,3371,,0,752
CZ,1767,YNZ,6393,XMN,3383,Y,0,737
CZ,1767,YNZ,6393,DLC,3404,,0,73G 738
CZ,1767,YNZ,6393,SHE,4144,,0,73G 738
CZ,1767,YNZ,6393,NTG,5475,,0,738
CZ,1767,YIW,6394,PEK,3364,,0,738
CZ,1767,YIW,6394,HRB,3400,,0,738
CZ,1767,YIW,6394,SWA,4302,,0,738
CZ,1767,HSN,6395,PEK,3364,Y,0,737
CZ,1767,LZO,6399,CSX,3371,Y,0,737
CZ,1767,MIG,6400,CAN,3370,,0,319
CZ,1767,WXN,6403,XMN,3383,Y,0,737
CZ,1767,AKU,6404,URC,3399,,0,E90 73G
CZ,1767,KRL,6407,URC,3399,,0,738 E90 73G
CZ,1767,YIN,6409,URC,3399,,0,73G E90
CZ,1767,YNJ,6414,PEK,3364,,0,320 321
CZ,1767,YNJ,6414,DLC,3404,,0,319
CZ,1767,YNJ,6414,ICN,3930,,0,321
CZ,1767,YCU,6430,SYX,4030,,0,320
CZ,1767,HMI,6743,CGO,3375,,0,733
CZ,1767,TCG,6752,URC,3399,,0,E90
CZ,1767,TEN,6963,CAN,3370,,0,319
CZ,1767,TEN,6963,SZX,3374,,0,319
CZ,1767,FUG,7503,CAN,3370,,0,319
CZ,1767,HZH,7508,CAN,3370,,0,E90
CZ,1767,LNJ,7527,KMG,3382,,0,733
CZ,1767,JXA,8417,SHE,4144,,0,320
CZ,1767,JIQ,8781,CAN,3370,,0,319
CZ,1767,NBS,8826,SHE,4144,,0,320
CZ,1767,YTY,8876,HRB,3400,,0,320
CZ,1767,YTY,8876,DLC,3404,,0,320
CZ,1767,YTY,8876,SYX,4030,,0,320
CZ,1767,BFJ,9025,CAN,3370,,0,319
CZ,1767,BFJ,9025,SZX,3374,,0,320
CZ,1767,NLT,9386,URC,3399,,0,E90
CZ,1767,JUH,9843,CAN,3370,,0,319
CZ,1767,DQA,9845,PEK,3364,,0,319 320
CZ,1767,DQA,9845,TAO,3390,,0,319
CZ,1767,ZYI,9846,SZX,3374,,0,320
CZ,1767,LDS,9848,HRB,3400,,0,320
X7,1775,APF,4012,MIA,3576,,0,CNA
G3,1790,ROS,2440,GRU,2564,,0,738 73G
G3,1790,BSB,2531,CNF,2537,,0,738 73G
G3,1790,BSB,2531,CWB,2545,,0,73G 738
G3,1790,BSB,2531,MAO,2551,,0,738 73G
G3,1790,BSB,2531,GYN,2562,,0,738 73G
G3,1790,BSB,2531,JPA,2575,,0,738
G3,1790,BSB,2531,MCZ,2590,,0,738
G3,1790,BSB,2531,PMW,4214,,0,738 73G
G3,1790,CNF,2537,GIG,2560,,0,738 73G
G3,1790,CNF,2537,GYN,2562,,0,73G
G3,1790,CNF,2537,GRU,2564,,0,738 73G
G3,1790,CNF,2537,MOC,2587,,0,73G
G3,1790,CNF,2537,SDU,2612,,0,738 73G
G3,1790,CNF,2537,CGH,2618,,0,738 73G
G3,1790,CGR,2538,CGB,2548,,0,73G
G3,1790,CGR,2538,GIG,2560,,0,738
G3,1790,CGR,2538,CGH,2618,,0,738 73G
G3,1790,XAP,2539,FLN,2555,,0,73G
G3,1790,CWB,2545,IGU,2554,,0,738
G3,1790,CWB,2545,GIG,2560,,0,73G 738
G3,1790,CWB,2545,VCP,2578,,0,73G
G3,1790,CWB,2545,MGF,2586,,0,73G 738
G3,1790,CWB,2545,POA,2599,,0,73G 738
G3,1790,CGB,2548,GIG,2560,,0,738
G3,1790,MAO,2551,BVB,2533,,0,738 73G
G3,1790,MAO,2551,STM,4092,,0,738
G3,1790,IGU,2554,GIG,2560,,0,73G 738
G3,1790,IGU,2554,GRU,2564,,0,738 73G
G3,1790,FLN,2555,GRU,2564,,0,73G 738
G3,1790,FEN,2556,REC,2610,,0,73G
G3,1790,FOR,2559,GIG,2560,,0,73G 738
G3,1790,FOR,2559,GRU,2564,,0,738 73G
G3,1790,FOR,2559,REC,2610,,0,738 73G
G3,1790,FOR,2559,SLZ,2616,,0,738
G3,1790,FOR,2559,THE,2623,,0,738
G3,1790,FOR,2559,EZE,3988,,0,738
G3,1790,GIG,2560,AJU,2522,,0,738 73G
G3,1790,GIG,2560,BSB,2531,,0,738 73G
G3,1790,GIG,2560,CNF,2537,,0,738 73G
G3,1790,GIG,2560,CGR,2538,,0,738
G3,1790,GIG,2560,CGB,2548,,0,738
G3,1790,GIG,2560,IGU,2554,,0,73G
G3,1790,GIG,2560,JPA,2575,,0,738
G3,1790,GIG,2560,MCZ,2590,,0,738
G3,1790,GIG,2560,NVT,2595,,0,73G
G3,1790,GIG,2560,POA,2599,,0,738
G3,1790,GIG,2560,SSA,2621,,0,738 73G
G3,1790,GYN,2562,BSB,2531,,0,73G 738
G3,1790,GRU,2564,COR,2443,,0,738
G3,1790,GRU,2564,BSB,2531,,0,738 73G
G3,1790,GRU,2564,CGR,2538,,0,738
G3,1790,GRU,2564,CGB,2548,,0,738 73G
G3,1790,GRU,2564,MAO,2551,,0,738
G3,1790,GRU,2564,FLN,2555,,0,738 73G
G3,1790,GRU,2564,FOR,2559,,0,73G 738
G3,1790,GRU,2564,GYN,2562,,0,738 73G
G3,1790,GRU,2564,LDB,2581,,0,738 73G
G3,1790,GRU,2564,THE,2623,,0,738
G3,1790,GRU,2564,ASU,2699,,0,738 73G
G3,1790,GRU,2564,VVI,2771,,0,738
G3,1790,GRU,2564,MVD,2816,,0,738
G3,1790,GRU,2564,CCS,2851,,0,738
G3,1790,GRU,2564,BGI,2875,,0,738
G3,1790,GRU,2564,JFK,3797,,0,764
G3,1790,GRU,2564,EZE,3988,,0,738
G3,1790,GRU,2564,BPS,4209,,0,738
G3,1790,JPA,2575,GIG,2560,,0,738
G3,1790,JPA,2575,GRU,2564,,0,738
G3,1790,CPV,2577,SSA,2621,,0,738 73G
G3,1790,LDB,2581,GRU,2564,,0,738 73G
G3,1790,MAB,2584,BSB,2531,,0,73G 738
G3,1790,MCZ,2590,BSB,2531,,0,738
G3,1790,MCZ,2590,GIG,2560,,0,738
G3,1790,POA,2599,CWB,2545,,0,73G 738
G3,1790,POA,2599,GRU,2564,,0,738 73G
G3,1790,POA,2599,CGH,2618,,0,738 73G
G3,1790,PNZ,2604,REC,2610,,0,738
G3,1790,PVH,2607,MAO,2551,,0,73G
G3,1790,RBR,2609,PVH,2607,,0,73G
G3,1790,REC,2610,BSB,2531,,0,738
G3,1790,REC,2610,CNF,2537,,0,738
G3,1790,REC,2610,FOR,2559,,0,738 73G
G3,1790,REC,2610,GRU,2564,,0,73G 738
G3,1790,REC,2610,SSA,2621,,0,738 73G
G3,1790,REC,2610,JDO,6034,,0,73G
G3,1790,SDU,2612,BSB,2531,,0,738 73G
G3,1790,SDU,2612,GRU,2564,,0,738 73G
G3,1790,SDU,2612,VIX,2638,,0,73G 738
G3,1790,SLZ,2616,FOR,2559,,0,738
G3,1790,SLZ,2616,IMP,2572,,0,73G
G3,1790,CGH,2618,CNF,2537,,0,738 73G
G3,1790,CGH,2618,FLN,2555,,0,73G 738
G3,1790,CGH,2618,JOI,2576,,0,73G
G3,1790,CGH,2618,LDB,2581,,0,73G
G3,1790,CGH,2618,NVT,2595,,0,73G
G3,1790,CGH,2618,VIX,2638,,0,73G 738
G3,1790,CGH,2618,JTC,8238,,0,73G
G3,1790,SSA,2621,AJU,2522,,0,738
G3,1790,SSA,2621,GIG,2560,,0,73G 738
G3,1790,SSA,2621,IOS,2569,,0,73G
G3,1790,SSA,2621,CPV,2577,,0,738 73G
G3,1790,SSA,2621,MCZ,2590,,0,738
G3,1790,SSA,2621,CGH,2618,,0,738 73G
G3,1790,THE,2623,BSB,2531,,0,73G 738
G3,1790,THE,2623,FOR,2559,,0,738
G3,1790,THE,2623,GRU,2564,,0,738
G3,1790,UDI,2633,GRU,2564,,0,73G
G3,1790,UDI,2633,CGH,2618,,0,73G 738
G3,1790,MVD,2816,GRU,2564,,0,738
G3,1790,CCS,2851,PUJ,1760,,0,738
G3,1790,CCS,2851,GRU,2564,,0,738
G3,1790,AUA,2895,CCS,2851,,0,738
G3,1790,MIA,3576,SDQ,1762,,0,738
G3,1790,EZE,3988,FLN,2555,,0,738
G3,1790,EZE,3988,FOR,2559,,0,738
G3,1790,EZE,3988,GIG,2560,,0,73G
G3,1790,EZE,3988,GRU,2564,,0,738
G3,1790,STM,4092,BEL,2526,,0,73G 738
G3,1790,STM,4092,MAO,2551,,0,738
G3,1790,BPS,4209,GRU,2564,,0,738
G3,1790,BPS,4209,SSA,2621,,0,738
G3,1790,PMW,4214,BSB,2531,,0,73G 738
G3,1790,CLV,4215,CGH,2618,,0,73G
WX,1792,DRS,338,LCY,503,,0,AR8
WX,1792,CWL,488,JER,499,,0,F50
WX,1792,CWL,488,GLA,534,,0,F50
WX,1792,CWL,488,EDI,535,,0,F50
WX,1792,CWL,488,ORY,1386,,0,F50
WX,1792,LCY,503,ANR,299,,0,F50
WX,1792,LCY,503,AMS,580,,0,AR8
WX,1792,LCY,503,BES,1403,,0,F50
WX,1792,LCY,503,DOL,1408,,0,F50
WX,1792,LCY,503,FLR,1563,,0,AR8
WX,1792,DUB,599,LCY,503,,0,AR8
WX,1792,ORY,1386,LCY,503,,0,F50
WX,1792,NTE,1418,LCY,503,,0,AR8 F50
MN,1829,CPT,797,DUR,799,,0,738
MN,1829,DUR,799,JNB,813,,0,738
MN,1829,GRJ,804,JNB,813,,0,738
MN,1829,JNB,813,GRJ,804,,0,738
KR,1844,FRU,2912,IKT,2937,,0,320
KR,1844,FRU,2912,SGC,2974,,0,320
KR,1844,FRU,2912,SVX,2975,,0,320
KR,1844,FRU,2912,OVB,4078,,0,320
KR,1844,OSS,2913,IKT,2937,,0,320
KR,1844,OSS,2913,SVX,2975,,0,320
KR,1844,OSS,2913,DME,4029,,0,320
KR,1844,IKT,2937,OSS,2913,,0,320
KR,1844,OVB,4078,FRU,2912,,0,320
DE,1868,SXF,337,FUE,1051,,0,321
DE,1868,SXF,337,LPA,1054,,0,321
DE,1868,SXF,337,XRY,1226,,0,32S
DE,1868,SXF,337,KGS,1458,,0,32S
DE,1868,SXF,337,RHO,1472,,0,32S
DE,1868,SXF,337,AYT,1688,,0,757
DE,1868,FRA,340,YVR,156,,0,767
DE,1868,FRA,340,SEZ,994,,0,767
DE,1868,FRA,340,SPC,1053,,0,738
DE,1868,FRA,340,ACE,1055,,0,757
DE,1868,FRA,340,TFS,1056,,0,757 738
DE,1868,FRA,340,DBV,1200,,0,32S
DE,1868,FRA,340,KGS,1458,,0,738 32S
DE,1868,FRA,340,RHO,1472,,0,32S 738
DE,1868,FRA,340,CHQ,1474,,0,757
DE,1868,FRA,340,AYT,1688,,0,757
DE,1868,FRA,340,DLM,1715,,0,757
DE,1868,FRA,340,PUJ,1760,,0,767
DE,1868,FRA,340,POP,1761,,0,767
DE,1868,FRA,340,SDQ,1762,,0,767
DE,1868,FRA,340,VRA,1923,,0,767
DE,1868,FRA,340,REC,2610,,0,767
DE,1868,FRA,340,SJU,2890,,0,767
DE,1868,FRA,340,MLE,3156,,0,767
DE,1868,FRA,340,SEA,3577,,0,767
DE,1868,FRA,340,LAS,3877,,0,767
DE,1868,FRA,340,FNC,4091,,0,757
DE,1868,HAM,342,HRG,1130,,0,757
DE,1868,HAM,342,XRY,1226,,0,32S
DE,1868,HAM,342,HER,1452,,0,32S
DE,1868,HAM,342,CFU,1460,,0,32S
DE,1868,HAM,342,PMI,3998,,0,757
DE,1868,HAM,342,FNC,4091,,0,32S
DE,1868,DUS,345,FUE,1051,,0,757
DE,1868,DUS,345,ACE,1055,,0,757 32S
DE,1868,DUS,345,TFS,1056,,0,757
DE,1868,DUS,345,AGA,1064,,0,32S
DE,1868,DUS,345,HRG,1130,,0,757
DE,1868,DUS,345,LCA,1197,,0,757
DE,1868,DUS,345,FNC,4091,,0,32S
DE,1868,MUC,346,IBZ,1225,,0,32S
DE,1868,MUC,346,HER,1452,,0,32S
DE,1868,MUC,346,KGS,1458,,0,32S
DE,1868,MUC,346,FNC,4091,,0,32S
DE,1868,LEJ,348,DJE,293,,0,32S
DE,1868,LEJ,348,AGA,1064,,0,32S
DE,1868,LEJ,348,HER,1452,,0,32S
DE,1868,LEJ,348,CFU,1460,,0,32S
DE,1868,LEJ,348,AYT,1688,,0,757
DE,1868,STR,350,LPA,1054,,0,32S
DE,1868,STR,350,ACE,1055,,0,32S
DE,1868,STR,350,XRY,1226,,0,32S
DE,1868,STR,350,RHO,1472,,0,32S
DE,1868,STR,350,PMI,3998,,0,32S
DE,1868,STR,350,FNC,4091,,0,32S
DE,1868,HAJ,352,FUE,1051,,0,32S
DE,1868,HAJ,352,LCA,1197,,0,32S
DE,1868,HAJ,352,HER,1452,,0,32S
DE,1868,HAJ,352,RHO,1472,,0,32S
DE,1868,HAJ,352,AYT,1688,,0,32S 321
DE,1868,PAD,371,FUE,1051,,0,32S
DE,1868,PAD,371,AYT,1688,,0,32S 321
DE,1868,MAN,478,FUE,1051,,0,757
DE,1868,MAN,478,ACE,1055,Y,0,330 320
DE,1868,MAN,478,TFS,1056,,0,757
DE,1868,MAN,478,MBJ,1780,Y,0,330
DE,1868,LGW,502,CUN,1852,Y,0,330
DE,1868,FUE,1051,SXF,337,,0,321
DE,1868,FUE,1051,FRA,340,,0,757
DE,1868,FUE,1051,HAM,342,,0,757 32S
DE,1868,FUE,1051,DUS,345,,0,757
DE,1868,FUE,1051,MUC,346,,0,757 32S
DE,1868,FUE,1051,LEJ,348,,0,321
DE,1868,FUE,1051,PAD,371,,0,32S
DE,1868,FUE,1051,MAN,478,,0,757
DE,1868,SPC,1053,MUC,346,,0,32S
DE,1868,LPA,1054,HAM,342,,0,757
DE,1868,LPA,1054,MUC,346,,0,757
DE,1868,LPA,1054,PAD,371,,0,32S
DE,1868,ACE,1055,SXF,337,,0,32S
DE,1868,ACE,1055,HAM,342,,0,32S
DE,1868,ACE,1055,MUC,346,,0,32S
DE,1868,ACE,1055,BHX,469,Y,0,757
DE,1868,ACE,1055,MAN,478,Y,0,330 320
DE,1868,ACE,1055,GLA,534,Y,0,757
DE,1868,ACE,1055,FUE,1051,,0,757
DE,1868,TFS,1056,SXF,337,,0,321
DE,1868,TFS,1056,FRA,340,,0,757 738
DE,1868,TFS,1056,LEJ,348,,0,321
DE,1868,TFS,1056,PAD,371,,0,32S
DE,1868,HRG,1130,HAM,342,,0,757
DE,1868,HRG,1130,MUC,346,,0,757
DE,1868,LCA,1197,SXF,337,,0,32S
DE,1868,SPU,1206,FRA,340,,0,32S
DE,1868,XRY,1226,SXF,337,,0,32S
DE,1868,XRY,1226,STR,350,,0,32S
DE,1868,HER,1452,SXF,337,,0,32S
DE,1868,HER,1452,FRA,340,,0,738 757
DE,1868,HER,1452,HAM,342,,0,32S
DE,1868,HER,1452,MUC,346,,0,32S
DE,1868,HER,1452,HAJ,352,,0,32S
DE,1868,KGS,1458,DUS,345,,0,738 32S
DE,1868,CFU,1460,FRA,340,,0,738
DE,1868,RHO,1472,SXF,337,,0,32S
DE,1868,RHO,1472,HAM,342,,0,32S
DE,1868,RHO,1472,MUC,346,,0,32S
DE,1868,RHO,1472,LEJ,348,,0,32S
DE,1868,RHO,1472,STR,350,,0,32S
DE,1868,CHQ,1474,DUS,345,,0,32S
DE,1868,ZTH,1488,MAN,478,,0,757
DE,1868,AYT,1688,PAD,371,,0,32S 321
DE,1868,DLM,1715,FRA,340,,0,757
DE,1868,DLM,1715,DUS,345,,0,757
DE,1868,DLM,1715,MUC,346,,0,757
DE,1868,DLM,1715,HAJ,352,,0,321
DE,1868,PUJ,1760,FRA,340,,0,767
DE,1868,POP,1761,ANU,2874,,0,767
DE,1868,SDQ,1762,PTY,1871,,0,767
DE,1868,SDQ,1762,SJO,1885,,0,767
DE,1868,CUN,1852,FRA,340,,0,767
DE,1868,CUN,1852,MAN,478,Y,0,330
DE,1868,PTY,1871,SDQ,1762,,0,767
DE,1868,SJO,1885,SDQ,1762,,0,767
DE,1868,HAV,1909,FRA,340,,0,767
DE,1868,BGI,2875,FRA,340,,0,767
DE,1868,BGI,2875,MAN,478,Y,0,330
DE,1868,SEA,3577,FRA,340,,0,767
DE,1868,LAS,3877,MAN,478,Y,0,330
DE,1868,MCO,3878,GLA,534,Y,0,330
DE,1868,PMI,3998,SXF,337,,0,321
DE,1868,PMI,3998,FRA,340,,0,757
DE,1868,PMI,3998,DUS,345,,0,757
DE,1868,PMI,3998,PAD,371,,0,32S
DE,1868,NBO,4059,MBA,1145,,0,767
DE,1868,FNC,4091,FRA,340,,0,757
DE,1868,FNC,4091,MUC,346,,0,32S
DE,1868,FNC,4091,STR,350,,0,32S
V0,1886,BRM,2824,CCS,2851,,0,E90
V0,1886,CAJ,2830,PZO,2856,,0,320
V0,1886,CZE,2833,CCS,2851,,0,E90
V0,1886,MAR,2848,PMV,2850,,0,E90
V0,1886,PMV,2850,PBL,2854,,0,E90
V0,1886,PMV,2850,PZO,2856,,0,E90
V0,1886,PMV,2850,STD,2861,,0,E90
V0,1886,PMV,2850,POS,2902,,0,E90
V0,1886,PMV,2850,VIG,6072,,0,E90
V0,1886,CCS,2851,MAD,1229,,0,330
V0,1886,CCS,2851,PTY,1871,,0,CRJ E90
V0,1886,CCS,2851,BLA,2821,,0,ATR
V0,1886,CCS,2851,BRM,2824,,0,E90
V0,1886,CCS,2851,CZE,2833,,0,E90
V0,1886,CCS,2851,CUM,2835,,0,E90
V0,1886,CCS,2851,LSP,2844,,0,E90
V0,1886,CCS,2851,LFR,2846,,0,CRJ
V0,1886,CCS,2851,MRD,2849,,0,ATR
V0,1886,CCS,2851,MUN,2852,,0,E90
V0,1886,CCS,2851,SVZ,2858,,0,CRJ
V0,1886,CCS,2851,STD,2861,,0,E90
V0,1886,PZO,2856,CAJ,2830,,0,320
V0,1886,PZO,2856,PMV,2850,,0,E90
V0,1886,SNV,2860,PZO,2856,,0,CRJ
V0,1886,VLV,2870,CCS,2851,,0,ATR
V0,1886,GND,2882,POS,2902,,0,E90
V0,1886,GEO,4304,PZO,2856,,0,E90
V0,1886,VIG,6072,CCS,2851,,0,E90
CM,1889,PUJ,1760,PTY,1871,,0,E90 738 73G
CM,1889,SAP,1772,PTY,1871,,0,E90
CM,1889,SAP,1772,SJO,1885,,0,738
CM,1889,TGU,1776,PTY,1871,,0,738
CM,1889,KIN,1779,PTY,1871,,0,E90
CM,1889,MBJ,1780,PTY,1871,,0,73G 738 E90
CM,1889,MGA,1863,PTY,1871,,0,73G E90
CM,1889,PTY,1871,STI,1764,,0,E90
CM,1889,PTY,1871,SAP,1772,,0,E90
CM,1889,PTY,1871,TGU,1776,,0,E90 73G
CM,1889,PTY,1871,KIN,1779,,0,E90
CM,1889,PTY,1871,MEX,1824,,0,738 73G
CM,1889,PTY,1871,CNF,2537,,0,738 73G
CM,1889,PTY,1871,MAO,2551,,0,E90
CM,1889,PTY,1871,GRU,2564,,0,738
CM,1889,PTY,1871,POA,2599,,0,738
CM,1889,PTY,1871,REC,2610,,0,73G 738
CM,1889,PTY,1871,UIO,2688,,0,738 73G
CM,1889,PTY,1871,ASU,2699,,0,738 73G
CM,1889,PTY,1871,BAQ,2710,,0,E90
CM,1889,PTY,1871,CUC,2713,Y,0,E90
CM,1889,PTY,1871,CLO,2715,,0,E90 73G
CM,1889,PTY,1871,PEI,2739,Y,0,E90
CM,1889,PTY,1871,ADZ,2749,,0,E90
CM,1889,PTY,1871,LIM,2789,,0,738 73G
CM,1889,PTY,1871,MVD,2816,,0,738
CM,1889,PTY,1871,AUA,2895,,0,738 E90
CM,1889,PTY,1871,POS,2902,,0,73G E90
CM,1889,PTY,1871,LAX,3484,,0,738
CM,1889,PTY,1871,IAH,3550,Y,0,739
CM,1889,PTY,1871,MIA,3576,,0,738 73G
CM,1889,PTY,1871,IAD,3714,,0,73G
CM,1889,PTY,1871,JFK,3797,,0,738
CM,1889,PTY,1871,ORD,3830,,0,738
CM,1889,PTY,1871,LAS,3877,,0,738
CM,1889,SJO,1885,GUA,1767,,0,E90 73G 738
CM,1889,SJO,1885,MGA,1863,,0,E90 73G
CM,1889,BSB,2531,PTY,1871,,0,738 73G
CM,1889,GIG,2560,PTY,1871,,0,738
CM,1889,POA,2599,PTY,1871,,0,738
CM,1889,GYE,2673,PTY,1871,,0,738
CM,1889,UIO,2688,BOG,2709,Y,0,E90
CM,1889,BOG,2709,PUJ,1760,,0,E90
CM,1889,BOG,2709,UIO,2688,Y,0,E90
CM,1889,BOG,2709,ADZ,2749,,0,320
CM,1889,BAQ,2710,BOG,2709,,0,320 318
CM,1889,CLO,2715,BOG,2709,,0,319 320 318
CM,1889,LET,2728,BOG,2709,Y,0,E90
CM,1889,MDE,2745,BOG,2709,,0,73G 320 319
CM,1889,ADZ,2749,PTY,1871,,0,E90
CM,1889,ADZ,2749,CTG,2714,Y,0,E90
CM,1889,ADZ,2749,MDE,2745,Y,0,E90
CM,1889,VLN,2868,PTY,1871,,0,73G
CM,1889,BOS,3448,PTY,1871,,0,73G
CM,1889,LAX,3484,PTY,1871,,0,738
CM,1889,IAH,3550,PTY,1871,Y,0,739
CM,1889,JFK,3797,PTY,1871,,0,738
CM,1889,MCO,3878,PTY,1871,,0,73G 738
SS,1908,YUL,146,ORY,1386,,0,333
SS,1908,MRU,893,RUN,916,,0,744
SS,1908,MRU,893,ORY,1386,,0,744
SS,1908,DKR,1084,ORY,1386,,0,333 330
SS,1908,FDF,2878,ORY,1386,,0,744 333
SS,1908,PTP,2881,SFG,2879,Y,0,ATR
SS,1908,PTP,2881,SBH,6460,Y,0,ATR
SS,1908,SBH,6460,PTP,2881,Y,0,ATR
XK,1909,LGG,309,BIA,1321,,0,320
XK,1909,BIA,1321,EBU,1350,,0,AT7
XK,1909,BIA,1321,ORY,1386,,0,319
XK,1909,CLY,1322,NCE,1354,,0,AT7
XK,1909,FSC,1323,MRS,1353,,0,AT7
XK,1909,FSC,1323,ORY,1386,,0,320
XK,1909,AJA,1324,LGG,309,,0,320
XK,1909,AJA,1324,LYS,1335,,0,320
XK,1909,AJA,1324,ORY,1386,,0,319
XK,1909,AJA,1324,NTE,1418,,0,320
XK,1909,LYS,1335,AJA,1324,,0,320
XK,1909,EBU,1350,BIA,1321,,0,AT7
XK,1909,MRS,1353,CLY,1322,,0,AT7
XK,1909,MRS,1353,FSC,1323,,0,AT7
XK,1909,MRS,1353,MXP,1524,,0,AT7
XK,1909,NCE,1354,BIA,1321,,0,AT7
XK,1909,NCE,1354,FSC,1323,,0,AT7
XK,1909,NCE,1354,AJA,1324,,0,AT7
XK,1909,ORY,1386,FSC,1323,,0,320
XK,1909,NTE,1418,AJA,1324,,0,320
OU,1925,BRU,302,ZAG,1208,,0,DH4
OU,1925,FRA,340,DBV,1200,,0,319 320
OU,1925,FRA,340,PUY,1203,,0,319 320
OU,1925,MUC,346,ZAG,1208,,0,DH4
OU,1925,MUC,346,ZAD,1209,,0,DH4
OU,1925,TXL,351,DBV,1200,,0,319
OU,1925,TXL,351,ZAG,1208,Y,0,320
OU,1925,LHR,507,RJK,1205,,0,320
OU,1925,LHR,507,SPU,1206,,0,320
OU,1925,LHR,507,ZAG,1208,,0,319 320
OU,1925,AMS,580,DBV,1200,,0,319
OU,1925,DBV,1200,TXL,351,,0,319
OU,1925,DBV,1200,AMS,580,,0,319
OU,1925,DBV,1200,OSI,1202,,0,DH4
OU,1925,DBV,1200,VCE,1551,,0,DH4
OU,1925,DBV,1200,ZRH,1678,,0,DH4
OU,1925,OSI,1202,DBV,1200,,0,DH4
OU,1925,PUY,1203,FRA,340,,0,319 320
OU,1925,PUY,1203,ZAD,1209,,0,DH4
OU,1925,RJK,1205,ZAG,1208,,0,EM2
OU,1925,SPU,1206,FRA,340,,0,320 319
OU,1925,SPU,1206,MUC,346,,0,DH4
OU,1925,SPU,1206,LGW,502,,0,320
OU,1925,SPU,1206,LHR,507,,0,320
OU,1925,SPU,1206,FCO,1555,,0,DH4
OU,1925,SPU,1206,ZRH,1678,,0,DH4
OU,1925,SPU,1206,ATH,3941,,0,319
OU,1925,ZAG,1208,BRU,302,,0,DH4
OU,1925,ZAG,1208,LHR,507,,0,319 320
OU,1925,ZAG,1208,CPH,609,,0,319 DH4
OU,1925,ZAG,1208,DBV,1200,,0,DH4 319 320
OU,1925,ZAG,1208,ZRH,1678,,0,DH4
OU,1925,ZAG,1208,IST,1701,,0,319
OU,1925,ZAG,1208,SKP,1737,,0,319 DH4
OU,1925,ZAG,1208,BWK,4160,,0,DH4
OU,1925,ZAD,1209,PUY,1203,,0,DH4
OU,1925,CDG,1382,DBV,1200,,0,319
OU,1925,VCE,1551,DBV,1200,,0,DH4
OU,1925,VIE,1613,DBV,1200,Y,0,321 319 320
OU,1925,ZRH,1678,SPU,1206,,0,DH4
OU,1925,ATH,3941,DBV,1200,,0,DH4 319
OU,1925,ATH,3941,SPU,1206,,0,319
CU,1936,YUL,146,CYO,1903,,0,320
CU,1936,YUL,146,SNU,1918,,0,320
CU,1936,ORY,1386,SCU,1905,,0,IL9
CU,1936,FCO,1555,HAV,1909,,1,767
CU,1936,MEX,1824,HAV,1909,,0,320 319
CU,1936,CUN,1852,HAV,1909,,0,320 319
CU,1936,CCC,1901,VRA,1923,,0,320
CU,1936,CYO,1903,SCU,1905,,0,320
CU,1936,CMW,1904,YUL,146,,0,320
CU,1936,CMW,1904,YYZ,193,,0,320
CU,1936,SCU,1905,FCO,1555,Y,0,767
CU,1936,SCU,1905,SDQ,1762,,0,A58
CU,1936,HAV,1909,PTY,1871,,0,73G
CU,1936,HAV,1909,NAS,1953,,0,AT4
CU,1936,HAV,1909,FDF,2878,,0,A58
CU,1936,HAV,1909,SVO,2985,Y,0,332
CU,1936,HAV,1909,EZE,3988,,0,IL9
CU,1936,HOG,1910,HAV,1909,,0,A58
CU,1936,SNU,1918,YYZ,193,,0,320
CU,1936,PMV,2850,HAV,1909,,0,A58
CU,1936,FDF,2878,HAV,1909,,0,A58
CU,1936,SVO,2985,HAV,1909,Y,0,332
CY,1942,MUC,346,LCA,1197,,0,320
CY,1942,LHR,507,LCA,1197,,0,320
CY,1942,AMS,580,LCA,1197,,0,320
CY,1942,LCA,1197,SKG,1486,,0,320
CY,1942,LCA,1197,TLV,1590,,0,320
CY,1942,LCA,1197,OTP,1657,,0,318
CY,1942,LCA,1197,ATH,3941,,0,320
CY,1942,CDG,1382,LCA,1197,,0,320
CY,1942,AUH,2179,LCA,1197,Y,0,320
YK,1943,FRU,2912,ALA,2908,,0,146
YK,1943,FRU,2912,LED,2948,,0,737
YK,1943,FRU,2912,DYU,2979,,0,146
YK,1943,FRU,2912,OVB,4078,,0,146
YK,1943,OSS,2913,LED,2948,,0,737
YK,1943,OSS,2913,SGC,2974,,0,737
YK,1943,OSS,2913,KZN,2990,,0,146
YK,1943,OSS,2913,DME,4029,,0,737
YK,1943,LED,2948,OSS,2913,,0,737
YK,1943,SGC,2974,OSS,2913,,0,737
YK,1943,SVX,2975,FRU,2912,,0,146
YK,1943,SVX,2975,OSS,2913,,0,146
YK,1943,DME,4029,OSS,2913,,0,737
YK,1943,OVB,4078,FRU,2912,,0,146
YK,1943,OVB,4078,OSS,2913,,0,146
YK,1943,KJA,4374,FRU,2912,,0,146
OK,1946,BRU,302,PRG,1587,,0,319
OK,1946,HAM,342,PRG,1587,,0,319 AT7 AT4
OK,1946,TXL,351,PRG,1587,,0,AT7 AT4
OK,1946,AMS,580,PRG,1587,,0,319
OK,1946,LPA,1054,MAD,1229,,0,738
OK,1946,MAD,1229,LPA,1054,,0,738
OK,1946,AGP,1230,PRG,1587,,0,738
OK,1946,NCE,1354,PRG,1587,,0,319
OK,1946,SXB,1435,PRG,1587,,0,AT4
OK,1946,HER,1452,PRG,1587,,0,738
OK,1946,MXP,1524,PRG,1587,,0,319
OK,1946,OSR,1582,PRG,1587,,0,AT4 AT7
OK,1946,PRG,1587,BRU,302,,0,319
OK,1946,PRG,1587,AMS,580,,0,319
OK,1946,PRG,1587,WAW,679,,0,AT7 AT4
OK,1946,PRG,1587,BCN,1218,,0,319 320 738
OK,1946,PRG,1587,CDG,1382,,0,320 319
OK,1946,PRG,1587,MXP,1524,,0,319
OK,1946,PRG,1587,FCO,1555,,0,73G 319 738
OK,1946,PRG,1587,CLJ,1652,,0,AT5
OK,1946,PRG,1587,OTP,1657,,0,319
OK,1946,PRG,1587,ZRH,1678,,0,AT7 AT4
OK,1946,PRG,1587,ALA,2908,,0,319
OK,1946,PRG,1587,LED,2948,,0,320 319
OK,1946,PRG,1587,PEE,2973,,0,319
OK,1946,PRG,1587,SVO,2985,,0,320 319
OK,1946,PRG,1587,UFA,2992,,0,319 320
OK,1946,PRG,1587,ICN,3930,,0,333
OK,1946,PRG,1587,RIX,3953,,0,DH4
OK,1946,PRG,1587,PMI,3998,,0,738
OK,1946,ZRH,1678,PRG,1587,,0,AT7 AT4
OK,1946,ALA,2908,PRG,1587,,0,319
OK,1946,GYD,2922,PRG,1587,Y,0,320
OK,1946,LED,2948,KLV,1579,,0,320
OK,1946,MSQ,2954,PRG,1587,Y,0,E75 E95 733
OK,1946,CEK,2968,PRG,1587,,0,320
OK,1946,PEE,2973,PRG,1587,,0,319
OK,1946,SVO,2985,KLV,1579,,0,320
OK,1946,UFA,2992,PRG,1587,,0,320 319
OK,1946,ICN,3930,PRG,1587,,0,333
OK,1946,EVN,3964,PRG,1587,,0,319
OK,1946,PMI,3998,BCN,1218,,0,E90
OK,1946,PMI,3998,PRG,1587,,0,738
DX,1954,BLL,608,AAL,628,,0,SF3
DX,1954,BLL,608,SVG,666,,0,AT5 SF3
DX,1954,CPH,609,RNN,618,,0,AT7 AT4
DX,1954,AAL,628,SVG,666,,0,SF3
DX,1954,OSL,644,SRP,660,,0,AT4
DX,1954,SRP,660,MOL,651,,0,SF3
DX,1954,SVG,666,AAL,628,,0,SF3
D3,1966,HGA,1121,MGQ,5687,,0,321
D3,1966,DXB,2188,HGA,1121,,0,321
D3,1966,JIB,4119,MGQ,5687,,0,321
DL,2009,YEG,49,LAX,3484,Y,0,73H
DL,2009,YHZ,73,LGA,3697,Y,0,CR7
DL,2009,YUL,146,AMS,580,Y,0,M11
DL,2009,YUL,146,LGA,3697,,0,ERJ CR7
DL,2009,YUL,146,JFK,3797,,0,ERJ
DL,2009,YUL,146,MSP,3858,Y,0,CR9
DL,2009,YVR,156,SEA,3577,Y,0,DH4
DL,2009,YVR,156,ORD,3830,Y,0,73W
DL,2009,YWG,160,MSP,3858,Y,0,CR9 CRJ E70
DL,2009,YXE,166,MSP,3858,Y,0,E75
DL,2009,YYC,178,JFK,3797,Y,0,736
DL,2009,YYC,178,ORD,3830,Y,0,73W
DL,2009,YYZ,193,CDG,1382,Y,0,772
DL,2009,YYZ,193,LGA,3697,Y,0,736 73W
DL,2009,YYZ,193,JFK,3797,,0,CR7 ERJ
DL,2009,YYZ,193,MSP,3858,Y,0,CRJ
DL,2009,ACC,248,ROB,1063,,0,76W
DL,2009,ABV,260,PHC,275,Y,0,332
DL,2009,ABV,260,CDG,1382,Y,0,332
DL,2009,NIM,280,OUA,246,Y,0,332
DL,2009,NIM,280,CDG,1382,Y,0,332
DL,2009,FRA,340,DTW,3645,,0,764
DL,2009,HAM,342,AMS,580,Y,0,737 EMJ F70
DL,2009,MUC,346,ATL,3682,,0,764
DL,2009,MAN,478,ATL,3682,,0,76W
DL,2009,LGW,502,LAS,3877,Y,0,744
DL,2009,LHR,507,ATL,3682,,0,764 77L 76W
DL,2009,LHR,507,ORD,3830,Y,0,343
DL,2009,GLA,534,MCO,3878,Y,0,744
DL,2009,AMS,580,YUL,146,Y,0,M11
DL,2009,AMS,580,YVR,156,Y,0,333
DL,2009,AMS,580,YYZ,193,Y,0,M11 333 747 74M 332
DL,2009,AMS,580,KGL,1165,Y,0,332 330
DL,2009,AMS,580,JRO,1180,Y,0,332 330
DL,2009,AMS,580,EWR,3494,,0,76W
DL,2009,AMS,580,DFW,3670,Y,0,332
DL,2009,AMS,580,ATL,3682,,0,333 76W
DL,2009,AMS,580,IAD,3714,Y,0,333 332
DL,2009,AMS,580,JFK,3797,,0,76W
DL,2009,AMS,580,DOH,11051,Y,0,332
DL,2009,JNB,813,ATL,3682,,0,77L
DL,2009,LUN,907,AMS,580,Y,0,330
DL,2009,CMN,1074,CDG,1382,Y,0,320
DL,2009,KGL,1165,EBB,1187,Y,0,332 330
DL,2009,JRO,1180,DAR,1177,Y,0,332 330
DL,2009,BCN,1218,JFK,3797,,0,333
DL,2009,MAD,1229,ATL,3682,,0,764
DL,2009,NCE,1354,JFK,3797,,0,764
DL,2009,CDG,1382,NIM,280,Y,0,332
DL,2009,CDG,1382,CMN,1074,Y,0,320 319 321
DL,2009,CDG,1382,TLS,1273,Y,0,319 320
DL,2009,CDG,1382,LYS,1335,Y,0,320 319
DL,2009,CDG,1382,BOS,3448,,0,752
DL,2009,CDG,1382,SEA,3577,,0,332
DL,2009,CDG,1382,IAD,3714,Y,0,388 77W
DL,2009,FCO,1555,LAX,3484,Y,0,772
DL,2009,FCO,1555,MIA,3576,Y,0,772 330
DL,2009,FCO,1555,JFK,3797,,0,772 333 330
DL,2009,PLS,1754,BOS,3448,,0,320
DL,2009,PLS,1754,ATL,3682,,0,73W M88
DL,2009,PUJ,1760,PIT,3570,,0,320
DL,2009,PUJ,1760,JFK,3797,,0,738
DL,2009,SDQ,1762,GIG,2560,Y,0,738
DL,2009,SDQ,1762,GRU,2564,Y,0,738
DL,2009,SDQ,1762,ATL,3682,,0,73H
DL,2009,SDQ,1762,JFK,3797,,0,73H
DL,2009,STI,1764,JFK,3797,,0,73H
DL,2009,GUA,1767,LAX,3484,,0,757
DL,2009,GUA,1767,ATL,3682,,0,757
DL,2009,KIN,1779,ATL,3682,,0,319
DL,2009,MBJ,1780,DTW,3645,,0,320
DL,2009,MBJ,1780,JFK,3797,,0,73H
DL,2009,CUL,1792,MTY,1825,,0,ER4
DL,2009,CZM,1800,ATL,3682,,0,319 M88
DL,2009,GDL,1804,LAX,3484,,0,738
DL,2009,GDL,1804,FAT,3687,Y,0,738
DL,2009,GDL,1804,ONT,3734,Y,0,738
DL,2009,GDL,1804,ORD,3830,,0,737
DL,2009,HMO,1807,CUL,1792,,0,ER4
DL,2009,HMO,1807,MEX,1824,,0,ER4
DL,2009,BJX,1815,ATL,3682,Y,0,CR9
DL,2009,MEX,1824,ACA,1783,,0,738
DL,2009,MEX,1824,VSA,1853,,0,EMJ
DL,2009,MEX,1824,SFO,3469,,0,737
DL,2009,MEX,1824,SAT,3621,,0,EMJ
DL,2009,MEX,1824,DTW,3645,,0,319
DL,2009,MEX,1824,IAD,3714,,0,737
DL,2009,MEX,1824,JFK,3797,,0,738 787 757
DL,2009,MEX,1824,ORD,3830,,0,737
DL,2009,MEX,1824,LAS,3877,,0,737
DL,2009,MTY,1825,CUU,1797,,0,ER4
DL,2009,MTY,1825,SAT,3621,Y,0,ER4
DL,2009,MTY,1825,ATL,3682,Y,0,CR9
DL,2009,MTY,1825,LAS,3877,,0,737
DL,2009,PVR,1836,SLC,3536,Y,0,CR9
DL,2009,PVR,1836,ATL,3682,,0,757
DL,2009,SJD,1840,ATL,3682,,0,73W 738
DL,2009,CUN,1852,CVG,3488,,0,M88
DL,2009,CUN,1852,RDU,3626,,0,M88
DL,2009,CUN,1852,ATL,3682,,0,757 320 M88
DL,2009,CUN,1852,JFK,3797,,0,738
DL,2009,LIR,1881,ATL,3682,,0,738 757
DL,2009,LIR,1881,JFK,3797,,0,738
DL,2009,SJO,1885,JFK,3797,,0,757
DL,2009,PAP,1897,JFK,3797,,0,738
DL,2009,GCM,1926,DTW,3645,,0,738
DL,2009,GCM,1926,ATL,3682,,0,M88
DL,2009,NAS,1953,BOS,3448,Y,0,E75
DL,2009,NAS,1953,ATL,3682,,0,M88
DL,2009,BZE,1957,LAX,3484,,0,320
DL,2009,BAH,2057,AUH,2179,Y,0,332
DL,2009,KWI,2176,DMM,2064,Y,0,332 330
DL,2009,AUH,2179,BAH,2057,Y,0,330
DL,2009,MCT,2194,DOH,11051,Y,0,332
DL,2009,GUM,2246,KIX,3992,,0,752
DL,2009,TPE,2276,NRT,2279,,0,744
DL,2009,TPE,2276,SFO,3469,Y,0,744
DL,2009,NRT,2279,ROR,2256,,0,752
DL,2009,NRT,2279,MNL,2397,,0,744
DL,2009,NRT,2279,SIN,3316,,0,76W 777
DL,2009,NRT,2279,DTW,3645,,0,777
DL,2009,NRT,2279,ATL,3682,,0,744
DL,2009,NRT,2279,PDX,3720,,0,76W
DL,2009,NRT,2279,HNL,3728,,0,744 76W 333
DL,2009,NRT,2279,JFK,3797,,0,744
DL,2009,NRT,2279,BKK,3885,,0,333 744
DL,2009,FUK,2305,HNL,3728,,0,76W
DL,2009,HND,2359,SEA,3577,,0,76W
DL,2009,BSB,2531,ATL,3682,,0,752
DL,2009,GRU,2564,SDQ,1762,Y,0,738
DL,2009,GRU,2564,JFK,3797,,0,764
DL,2009,SCL,2650,ATL,3682,,0,76W
DL,2009,UVF,2894,ATL,3682,,0,738 73H 757
DL,2009,SXM,2899,JFK,3797,,0,752
DL,2009,SVO,2985,JFK,3797,,0,333 76W 77W
DL,2009,BOM,2997,AMS,580,,0,76W
DL,2009,HKG,3077,NRT,2279,,0,332 777
DL,2009,SIN,3316,NRT,2279,,0,777 76W
DL,2009,MEL,3339,LAX,3484,Y,0,77W
DL,2009,PEK,3364,SEA,3577,,0,76W
DL,2009,PEK,3364,DTW,3645,,0,777
DL,2009,GFK,3442,MSP,3858,Y,0,CRJ
DL,2009,BOS,3448,LHR,507,,0,764
DL,2009,BOS,3448,CUN,1852,,0,757
DL,2009,BOS,3448,IND,3585,Y,0,E75
DL,2009,BOS,3448,DTW,3645,,0,319 320 73H 738 757 M88
DL,2009,BOS,3448,LGA,3697,Y,0,E75
DL,2009,BOS,3448,JFK,3797,,0,752 CR7 M88
DL,2009,BOS,3448,MSP,3858,,0,738 319 757 M90 320
DL,2009,OMA,3454,LGA,3697,Y,0,E75
DL,2009,OMA,3454,MSP,3858,,0,320 M88 319
DL,2009,OGG,3456,SMF,3817,Y,0,73H
DL,2009,MCI,3458,LAX,3484,Y,0,E75
DL,2009,MCI,3458,MCO,3878,Y,0,E75
DL,2009,MSN,3459,CVG,3488,Y,0,CRJ
DL,2009,MSN,3459,SLC,3536,Y,0,CR7
DL,2009,MSN,3459,MSP,3858,,0,320 E70 319
DL,2009,BGR,3463,DTW,3645,Y,0,CR7
DL,2009,BGR,3463,LGA,3697,,0,CR7
DL,2009,GEG,3467,LAX,3484,Y,0,CR9
DL,2009,GEG,3467,SLC,3536,,0,320 319
DL,2009,SFO,3469,AMS,580,Y,0,747
DL,2009,SFO,3469,CDG,1382,Y,0,388
DL,2009,SFO,3469,MEX,1824,,0,737
DL,2009,SFO,3469,PVG,3406,,0,332
DL,2009,SFO,3469,SLC,3536,,0,320
DL,2009,SFO,3469,DTW,3645,,0,763 739
DL,2009,SFO,3469,ATL,3682,,0,763 739 757
DL,2009,SFO,3469,PSP,3839,Y,0,734
DL,2009,SFO,3469,ICN,3930,Y,0,77W 772
DL,2009,MEM,3473,SLC,3536,,0,320
DL,2009,MEM,3473,PIT,3570,,0,ERJ
DL,2009,MEM,3473,AUS,3673,Y,0,CRJ
DL,2009,MEM,3473,DEN,3751,Y,0,CR9
DL,2009,MEM,3473,ORD,3830,Y,0,ERJ CRJ CR9
DL,2009,MEM,3473,LAS,3877,,0,738
DL,2009,LAX,3484,YYC,178,Y,0,73W
DL,2009,LAX,3484,LHR,507,Y,0,346 343 744
DL,2009,LAX,3484,CUN,1852,,0,320
DL,2009,LAX,3484,LIR,1881,,0,738
DL,2009,LAX,3484,SJO,1885,,0,757
DL,2009,LAX,3484,BZE,1957,,0,320
DL,2009,LAX,3484,NRT,2279,,0,744
DL,2009,LAX,3484,BNE,3320,Y,0,77W
DL,2009,LAX,3484,CAN,3370,Y,0,380
DL,2009,LAX,3484,BOS,3448,,0,73H
DL,2009,LAX,3484,PHX,3462,Y,0,CR7 CR9
DL,2009,LAX,3484,GEG,3467,Y,0,CR9
DL,2009,LAX,3484,MEM,3473,,0,320
DL,2009,LAX,3484,TPA,3646,,0,320
DL,2009,LAX,3484,BNA,3690,,0,738 73H
DL,2009,LAX,3484,PDX,3720,Y,0,CR7 CR9
DL,2009,LAX,3484,HNL,3728,,0,76W 757 753
DL,2009,LAX,3484,CMH,3759,,0,738
DL,2009,LAX,3484,MSY,3861,,0,319
DL,2009,CLE,3486,DTW,3645,,0,ERJ
DL,2009,CLE,3486,LGA,3697,Y,0,CR7
DL,2009,CVG,3488,CUN,1852,,0,M88
DL,2009,CVG,3488,BOS,3448,,0,320
DL,2009,CVG,3488,MCI,3458,,0,ERJ
DL,2009,CVG,3488,SFO,3469,,0,320
DL,2009,CVG,3488,LAX,3484,,0,320 73H
DL,2009,CVG,3488,FLL,3533,,0,73H M88
DL,2009,CVG,3488,SLC,3536,,0,738 757 320
DL,2009,CVG,3488,IAH,3550,Y,0,CR9
DL,2009,CVG,3488,DTW,3645,Y,0,ERJ CR9 CRJ
DL,2009,CVG,3488,MKE,3717,Y,0,CRJ
DL,2009,CVG,3488,DEN,3751,Y,0,CR9
DL,2009,CVG,3488,PHL,3752,,0,ERJ
DL,2009,CVG,3488,ORD,3830,Y,0,CRJ CR9
DL,2009,CVG,3488,MSP,3858,Y,0,CRJ CR9
DL,2009,CVG,3488,MSY,3861,Y,0,ERJ
DL,2009,CVG,3488,MCO,3878,,0,M88 320
DL,2009,EWR,3494,LHR,507,Y,0,346 333
DL,2009,BOI,3495,MSP,3858,,0,738 320
DL,2009,HLN,3504,MSP,3858,Y,0,E75
DL,2009,MYR,3515,DTW,3645,Y,0,E75 CR9
DL,2009,MYR,3515,ATL,3682,,0,M88 717 319
DL,2009,DCA,3520,MEM,3473,Y,0,E70
DL,2009,DCA,3520,LAX,3484,Y,0,73H
DL,2009,DCA,3520,SLC,3536,,0,757
DL,2009,DCA,3520,LGA,3697,Y,0,E70 E75
DL,2009,FLL,3533,RDU,3626,Y,0,CR9
DL,2009,FLL,3533,DTW,3645,,0,M88 757 739 738
DL,2009,FLL,3533,MSP,3858,,0,757
DL,2009,INL,3535,MSP,3858,Y,0,CRJ
DL,2009,SLC,3536,GDL,1804,Y,0,CR9
DL,2009,SLC,3536,CUN,1852,,0,320
DL,2009,SLC,3536,OMA,3454,Y,0,CR7 E75
DL,2009,SLC,3536,MCI,3458,,0,319
DL,2009,SLC,3536,PHX,3462,,0,320 738 73H 319
DL,2009,SLC,3536,GEG,3467,,0,320 319
DL,2009,SLC,3536,SFO,3469,,0,320
DL,2009,SLC,3536,LAX,3484,,0,739 757 320 738
DL,2009,SLC,3536,CVG,3488,,0,738 320
DL,2009,SLC,3536,BOI,3495,,0,73H 320 319 738
DL,2009,SLC,3536,HLN,3504,Y,0,CRJ
DL,2009,SLC,3536,DCA,3520,,0,757 73H 738
DL,2009,SLC,3536,IAH,3550,,0,319
DL,2009,SLC,3536,LGB,3582,Y,0,CR7 CR9
DL,2009,SLC,3536,IND,3585,,0,320 319
DL,2009,SLC,3536,STL,3678,,0,320
DL,2009,SLC,3536,PDX,3720,,0,320 73H 757
DL,2009,SLC,3536,JFK,3797,,0,738 757 73H 752
DL,2009,SLC,3536,RNO,3807,,0,73H
DL,2009,SLC,3536,ORD,3830,Y,0,CR9 E75
DL,2009,SLC,3536,PSP,3839,Y,0,CRJ
DL,2009,SLC,3536,MSY,3861,,0,319 320
DL,2009,SLC,3536,OKC,3863,Y,0,CR7 CR9
DL,2009,SLC,3536,SNA,3867,,0,319
DL,2009,SLC,3536,CLT,3876,,0,320
DL,2009,SLC,3536,GTF,3880,Y,0,CRJ
DL,2009,SLC,3536,BZN,4020,Y,0,CRJ CR9
DL,2009,SLC,3536,BIL,4021,Y,0,CR7 CRJ CR9
DL,2009,SLC,3536,SGU,4064,Y,0,CRJ
DL,2009,SLC,3536,RAP,4087,Y,0,CRJ
DL,2009,SLC,3536,EUG,4099,Y,0,CRJ CR7
DL,2009,SLC,3536,MFR,4101,Y,0,CRJ
DL,2009,SLC,3536,MSO,4216,Y,0,CRJ
DL,2009,SLC,3536,GCC,4296,Y,0,EM2
DL,2009,SLC,3536,RKS,5766,Y,0,EM2
DL,2009,SLC,3536,CNY,7074,Y,0,EM2
DL,2009,MDT,3542,ATL,3682,,0,M88
DL,2009,LNK,3543,MSP,3858,Y,0,CRJ
DL,2009,IAH,3550,SLC,3536,,0,319
DL,2009,IAH,3550,SEA,3577,Y,0,73J
DL,2009,IAH,3550,ATL,3682,,0,M88 717 319
DL,2009,IAH,3550,LGA,3697,Y,0,E75 E70 CR9
DL,2009,IAH,3550,MSP,3858,Y,0,CR7 E70 E75 CR9
DL,2009,CAE,3561,DTW,3645,Y,0,CRJ
DL,2009,PNS,3564,ATL,3682,,0,M90 717
DL,2009,PIT,3570,MEM,3473,,0,ERJ
DL,2009,PIT,3570,JFK,3797,,0,752
DL,2009,MIA,3576,FCO,1555,Y,0,772 330
DL,2009,MIA,3576,SVO,2985,,0,332
DL,2009,MIA,3576,JFK,3797,,0,M88 73H 738 319
DL,2009,SEA,3577,YVR,156,Y,0,DH4
DL,2009,SEA,3577,NRT,2279,,0,333
DL,2009,SEA,3577,SLC,3536,,0,757 738 320 739
DL,2009,SEA,3577,ANC,3774,Y,0,73J
DL,2009,SEA,3577,JFK,3797,,0,752 757
DL,2009,SEA,3577,MSP,3858,,0,763 73H 753 738 757
DL,2009,CHA,3578,DTW,3645,Y,0,CRJ
DL,2009,CHA,3578,ATL,3682,,0,M88
DL,2009,IND,3585,BOS,3448,Y,0,E75
DL,2009,IND,3585,MEM,3473,Y,0,ERJ CRJ
DL,2009,IND,3585,SLC,3536,,0,320 319
DL,2009,IND,3585,RSW,3793,,0,E75
DL,2009,DLH,3598,MSP,3858,Y,0,CR9 CRJ
DL,2009,RIC,3608,ATL,3682,,0,M90 M88 73H
DL,2009,RIC,3608,JFK,3797,,0,ERJ
DL,2009,RIC,3608,MCO,3878,Y,0,CR9
DL,2009,ORF,3611,ATL,3682,,0,M90 M88 319
DL,2009,ORF,3611,MCO,3878,Y,0,CR7
DL,2009,SAV,3613,ATL,3682,,0,M88 717 319
DL,2009,SAT,3621,MEM,3473,Y,0,CRJ
DL,2009,SAT,3621,MSP,3858,Y,0,CR9 E75
DL,2009,ROC,3622,ATL,3682,,0,M90 M88
DL,2009,RDU,3626,BOS,3448,Y,0,CR9 CR7
DL,2009,RDU,3626,LAX,3484,,0,738
DL,2009,RDU,3626,CVG,3488,,0,ERJ
DL,2009,RDU,3626,IND,3585,Y,0,CRJ
DL,2009,RDU,3626,LGA,3697,,0,CR7
DL,2009,RDU,3626,BWI,3849,,0,ERJ
DL,2009,RDU,3626,MCO,3878,Y,0,CR9
DL,2009,DAY,3627,DTW,3645,,0,ERJ
DL,2009,DAY,3627,MSP,3858,,0,ERJ
DL,2009,PVD,3641,ATL,3682,,0,M88
DL,2009,BUR,3644,SLC,3536,Y,0,CRJ
DL,2009,DTW,3645,CDG,1382,,0,76W 343 764 333
DL,2009,DTW,3645,PUJ,1760,,0,320
DL,2009,DTW,3645,MBJ,1780,,0,320
DL,2009,DTW,3645,MEX,1824,,0,319
DL,2009,DTW,3645,GCM,1926,,0,738
DL,2009,DTW,3645,NAS,1953,,0,M88
DL,2009,DTW,3645,SJU,2890,,0,320
DL,2009,DTW,3645,MSN,3459,,0,M88 319 320
DL,2009,DTW,3645,PHX,3462,,0,757 320 753
DL,2009,DTW,3645,SFO,3469,,0,739 763 738
DL,2009,DTW,3645,FLL,3533,,0,757 M88 739 738
DL,2009,DTW,3645,LAN,3544,Y,0,CRJ
DL,2009,DTW,3645,IAH,3550,,0,717
DL,2009,DTW,3645,CAE,3561,Y,0,CRJ
DL,2009,DTW,3645,SEA,3577,,0,753 757 739
DL,2009,DTW,3645,CHA,3578,Y,0,CRJ
DL,2009,DTW,3645,SAV,3613,Y,0,CR7
DL,2009,DTW,3645,ROC,3622,Y,0,CRJ CR7
DL,2009,DTW,3645,AUS,3673,,0,717
DL,2009,DTW,3645,GRR,3685,,0,ERJ M88 717 320
DL,2009,DTW,3645,LGA,3697,,0,320 M88 319
DL,2009,DTW,3645,BTV,3711,Y,0,CRJ
DL,2009,DTW,3645,PDX,3720,,0,739
DL,2009,DTW,3645,MDW,3747,Y,0,CR9 CR7 E75
DL,2009,DTW,3645,PHL,3752,,0,M88 319 73H ERJ M90 320
DL,2009,DTW,3645,JFK,3797,,0,M88 319
DL,2009,DTW,3645,BUF,3820,,0,M88 319 320 M90 ERJ
DL,2009,DTW,3645,TUL,3855,Y,0,CR7
DL,2009,DTW,3645,PWM,3862,Y,0,CRJ CR9
DL,2009,DTW,3645,ICN,3930,,0,744
DL,2009,DTW,3645,AVL,4007,Y,0,CRJ
DL,2009,DTW,3645,MHT,4011,Y,0,ERJ CRJ
DL,2009,DTW,3645,SDF,4014,,0,ERJ
DL,2009,DTW,3645,LEX,4017,,0,717
DL,2009,DTW,3645,EVV,4018,Y,0,CRJ
DL,2009,DTW,3645,GSP,4034,Y,0,CRJ
DL,2009,DTW,3645,HSV,4113,Y,0,CRJ
DL,2009,DTW,3645,BGM,4129,Y,0,CRJ
DL,2009,DTW,3645,ERI,4276,,0,ERJ
DL,2009,DTW,3645,AVP,4286,Y,0,CRJ
DL,2009,DTW,3645,SBN,4359,Y,0,CRJ
DL,2009,DTW,3645,CIU,5729,Y,0,CRJ
DL,2009,TPA,3646,CVG,3488,,0,M88
DL,2009,TPA,3646,RDU,3626,Y,0,CR9 CRJ
DL,2009,TPA,3646,JFK,3797,,0,738 M88 73H
DL,2009,GRB,3653,ATL,3682,Y,0,CR9 CR7
DL,2009,AGS,3658,ATL,3682,,0,M88 717
DL,2009,DFW,3670,YYC,178,Y,0,73W
DL,2009,DFW,3670,MEX,1824,,0,EMJ
DL,2009,DFW,3670,MEM,3473,Y,0,CRJ
DL,2009,DFW,3670,DTW,3645,,0,319 E75 M88 320
DL,2009,AUS,3673,SLC,3536,,0,319
DL,2009,AUS,3673,JFK,3797,,0,319
DL,2009,AUS,3673,MCO,3878,Y,0,CR7
DL,2009,MQT,3675,DTW,3645,Y,0,CRJ
DL,2009,TYS,3676,MSP,3858,Y,0,CR9
DL,2009,STL,3678,SLC,3536,,0,320
DL,2009,STL,3678,ATL,3682,,0,M90 717  M88 319
DL,2009,STL,3678,LGA,3697,,0,CR7
DL,2009,STL,3678,MSP,3858,,0,M90 319 320 M88
DL,2009,ATL,3682,YUL,146,Y,0,CR9 CR7
DL,2009,ATL,3682,BRU,302,,0,76W
DL,2009,ATL,3682,FRA,340,,0,764
DL,2009,ATL,3682,STR,350,,0,76W
DL,2009,ATL,3682,MAN,478,,0,76W
DL,2009,ATL,3682,JNB,813,,0,77L
DL,2009,ATL,3682,CDG,1382,,0,76W
DL,2009,ATL,3682,FCO,1555,,0,333
DL,2009,ATL,3682,SDQ,1762,,0,73H
DL,2009,ATL,3682,GUA,1767,,0,757
DL,2009,ATL,3682,TGU,1776,,0,73W
DL,2009,ATL,3682,CZM,1800,,0,319 M88
DL,2009,ATL,3682,BJX,1815,Y,0,CR9
DL,2009,ATL,3682,MEX,1824,,0,73W 738 73H
DL,2009,ATL,3682,MTY,1825,Y,0,CR9
DL,2009,ATL,3682,CUN,1852,,0,M88 757 320
DL,2009,ATL,3682,SAL,1892,,0,319 320
DL,2009,ATL,3682,PAP,1897,,0,320
DL,2009,ATL,3682,GGT,1941,Y,0,CR9
DL,2009,ATL,3682,BZE,1957,,0,319 M88
DL,2009,ATL,3682,BSB,2531,,0,752
DL,2009,ATL,3682,GIG,2560,,0,764
DL,2009,ATL,3682,SCL,2650,,0,76W
DL,2009,ATL,3682,LIM,2789,,0,76W
DL,2009,ATL,3682,AUA,2895,,0,738 757
DL,2009,ATL,3682,SXM,2899,,0,757
DL,2009,ATL,3682,BOS,3448,,0,M90 757 320 738 M88  319
DL,2009,ATL,3682,OMA,3454,,0,M88 M90
DL,2009,ATL,3682,ICT,3457,,0,M88
DL,2009,ATL,3682,MCI,3458,,0,M88 M90 757
DL,2009,ATL,3682,SFO,3469,,0,739 757 763
DL,2009,ATL,3682,MEM,3473,,0,M88 320 319
DL,2009,ATL,3682,CLE,3486,,0,717 M88
DL,2009,ATL,3682,CVG,3488,,0,M88 738 320  319
DL,2009,ATL,3682,LFT,3493,Y,0,CRJ
DL,2009,ATL,3682,EWR,3494,,0,717 319
DL,2009,ATL,3682,MDT,3542,,0,M88
DL,2009,ATL,3682,ELP,3559,,0,M88
DL,2009,ATL,3682,CAE,3561,,0,717 M88 319
DL,2009,ATL,3682,PNS,3564,,0,M90 717
DL,2009,ATL,3682,HOU,3566,,0,M88
DL,2009,ATL,3682,HPN,3589,Y,0,CR7 CR9
DL,2009,ATL,3682,RIC,3608,,0,M88 M90 73H
DL,2009,ATL,3682,ROC,3622,,0,M88 M90
DL,2009,ATL,3682,LIT,3660,,0,M88 319
DL,2009,ATL,3682,AUS,3673,,0,M90 M88
DL,2009,ATL,3682,TYS,3676,,0,717
DL,2009,ATL,3682,STL,3678,,0,M90 717 757 319 M88
DL,2009,ATL,3682,LGA,3697,,0,320 757 M88 738 739 73H 73W
DL,2009,ATL,3682,IAD,3714,,0,M88 320 319 717
DL,2009,ATL,3682,MDW,3747,,0,320 717 319
DL,2009,ATL,3682,SJC,3748,,0,738
DL,2009,ATL,3682,JFK,3797,,0,319 752 738 M88 73H
DL,2009,ATL,3682,BUF,3820,,0,M90 M88
DL,2009,ATL,3682,ILM,3845,,0,319
DL,2009,ATL,3682,BTR,3846,,0,319
DL,2009,ATL,3682,BWI,3849,,0,M88 M90 757 320 73W
DL,2009,ATL,3682,AEX,3852,Y,0,CRJ CR9
DL,2009,ATL,3682,MSP,3858,,0,757 320 M90 73H 739 738
DL,2009,ATL,3682,MSY,3861,,0,757 M90 M88
DL,2009,ATL,3682,OKC,3863,,0,M88
DL,2009,ATL,3682,EYW,3875,,0,73W
DL,2009,ATL,3682,CLT,3876,,0,M90 M88 319
DL,2009,ATL,3682,MCO,3878,,0,757 763 739 753
DL,2009,ATL,3682,AVL,4007,,0,M88
DL,2009,ATL,3682,GSO,4008,,0,M88 73H 320 738  319
DL,2009,ATL,3682,CHO,4015,Y,0,CRJ
DL,2009,ATL,3682,ABQ,4019,,0,757 320
DL,2009,ATL,3682,GSP,4034,,0,M88 319 717
DL,2009,ATL,3682,BMI,4037,Y,0,CR9 CR7
DL,2009,ATL,3682,GPT,4038,,0,M88
DL,2009,ATL,3682,CID,4043,Y,0,CR9 CRJ
DL,2009,ATL,3682,ATW,4047,Y,0,CR7 CR9
DL,2009,ATL,3682,SRQ,4067,,0,M90 757
DL,2009,ATL,3682,FNT,4089,,0,M88
DL,2009,ATL,3682,MGM,4115,Y,0,CRJ
DL,2009,ATL,3682,MBS,4128,Y,0,CRJ
DL,2009,ATL,3682,SGF,4348,Y,0,CRJ CR9
DL,2009,ATL,3682,OAJ,4386,Y,0,CRJ CR9
DL,2009,ATL,3682,BQK,5725,Y,0,CRJ
DL,2009,ATL,3682,VLD,5776,Y,0,CRJ
DL,2009,GRR,3685,CVG,3488,,0,ERJ
DL,2009,GRR,3685,MSP,3858,,0,320 319
DL,2009,GRR,3685,MCO,3878,Y,0,CR7
DL,2009,FAT,3687,GDL,1804,Y,0,738
DL,2009,BNA,3690,CVG,3488,Y,0,CRJ
DL,2009,BNA,3690,JFK,3797,Y,0,CR9
DL,2009,LGA,3697,YHZ,73,Y,0,CR7
DL,2009,LGA,3697,YUL,146,Y,0,ERJ CR7
DL,2009,LGA,3697,YYZ,193,Y,0,736 73W
DL,2009,LGA,3697,OMA,3454,Y,0,E75
DL,2009,LGA,3697,MSN,3459,,0,E70
DL,2009,LGA,3697,MEM,3473,Y,0,CR9
DL,2009,LGA,3697,CLE,3486,Y,0,CR7
DL,2009,LGA,3697,CVG,3488,,0,CR7
DL,2009,LGA,3697,DCA,3520,Y,0,E70 E75
DL,2009,LGA,3697,RDU,3626,,0,CR7
DL,2009,LGA,3697,DAY,3627,Y,0,ERJ
DL,2009,LGA,3697,DTW,3645,,0,319 M88 738
DL,2009,LGA,3697,DFW,3670,,0,E75
DL,2009,LGA,3697,STL,3678,,0,CR7
DL,2009,LGA,3697,GRR,3685,Y,0,CR7
DL,2009,LGA,3697,BNA,3690,Y,0,CR7 CR9
DL,2009,LGA,3697,JAX,3712,,0,CR7
DL,2009,LGA,3697,BHM,3811,Y,0,CR9 CR7
DL,2009,LGA,3697,BUF,3820,,0,CR7
DL,2009,LGA,3697,ILM,3845,Y,0,ERJ
DL,2009,LGA,3697,MSY,3861,,0,319
DL,2009,LGA,3697,EYW,3875,,0,73W
DL,2009,LGA,3697,CHO,4015,Y,0,CR7
DL,2009,TLH,3698,ATL,3682,,0,M88 319 717
DL,2009,BTV,3711,DTW,3645,Y,0,CRJ
DL,2009,JAX,3712,DTW,3645,Y,0,CR9
DL,2009,JAX,3712,JFK,3797,Y,0,CR9
DL,2009,JAX,3712,MSP,3858,Y,0,E75 CR9 E70
DL,2009,IAD,3714,LHR,507,Y,0,333
DL,2009,IAD,3714,CDG,1382,,0,388 77W
DL,2009,IAD,3714,MEX,1824,,0,737
DL,2009,IAD,3714,JFK,3797,Y,0,ERJ CR7
DL,2009,MKE,3717,CVG,3488,Y,0,CRJ
DL,2009,MKE,3717,DTW,3645,,0,M88 717 M90 320 319
DL,2009,MKE,3717,ATL,3682,,0,M90 M88
DL,2009,MKE,3717,MCO,3878,,0,M88
DL,2009,PDX,3720,AMS,580,,0,333
DL,2009,PDX,3720,NRT,2279,,0,76W
DL,2009,PDX,3720,LAX,3484,Y,0,CR7 CR9
DL,2009,HNL,3728,YVR,156,Y,0,73H
DL,2009,HNL,3728,NGO,3942,,0,76W
DL,2009,DSM,3729,DTW,3645,Y,0,CRJ
DL,2009,DSM,3729,LGA,3697,Y,0,CR9
DL,2009,DSM,3729,MSP,3858,Y,0,CR9 CRJ
DL,2009,SAN,3731,LAX,3484,Y,0,CR7 CR9
DL,2009,SAN,3731,SEA,3577,Y,0,73J 73H 734 739 73G
DL,2009,SAN,3731,JFK,3797,,0,73H 757
DL,2009,ONT,3734,SLC,3536,,0,319
DL,2009,SYR,3745,ATL,3682,,0,M88
DL,2009,SYR,3745,MSP,3858,Y,0,CR9 E70
DL,2009,DEN,3751,JFK,3797,,0,73H
DL,2009,PHL,3752,CDG,1382,,0,752
DL,2009,PHL,3752,DTW,3645,,0,M88 M90 319 73H 320
DL,2009,CMH,3759,BOS,3448,,0,ERJ
DL,2009,CMH,3759,DTW,3645,Y,0,ERJ E75 CRJ
DL,2009,CMH,3759,TPA,3646,Y,0,E75
DL,2009,CMH,3759,LGA,3697,,0,CR7 ERJ
DL,2009,CMH,3759,RSW,3793,Y,0,E70
DL,2009,CMH,3759,MCO,3878,Y,0,E70
DL,2009,RSW,3793,CVG,3488,,0,M88
DL,2009,RSW,3793,DTW,3645,,0,757 753
DL,2009,RSW,3793,LGA,3697,Y,0,CR9
DL,2009,RSW,3793,CMH,3759,Y,0,E70
DL,2009,JFK,3797,YUL,146,,0,ERJ CRJ
DL,2009,JFK,3797,YYC,178,Y,0,736
DL,2009,JFK,3797,ACC,248,,0,76W
DL,2009,JFK,3797,BRU,302,,0,76W
DL,2009,JFK,3797,AMS,580,,0,76W
DL,2009,JFK,3797,DKR,1084,,0,752
DL,2009,JFK,3797,MXP,1524,,0,764 330
DL,2009,JFK,3797,FCO,1555,,0,772 333 330
DL,2009,JFK,3797,TLV,1590,,0,744
DL,2009,JFK,3797,SDQ,1762,,0,73H
DL,2009,JFK,3797,STI,1764,,0,73H
DL,2009,JFK,3797,MEX,1824,,0,738 757 787
DL,2009,JFK,3797,NAS,1953,,0,M88
DL,2009,JFK,3797,STT,2883,,0,757
DL,2009,JFK,3797,PVG,3406,,0,346
DL,2009,JFK,3797,PHX,3462,,0,738 73H
DL,2009,JFK,3797,CVG,3488,,0,CR9 CR7
DL,2009,JFK,3797,MIA,3576,,0,73H M88 738 319
DL,2009,JFK,3797,IND,3585,,0,CR9
DL,2009,JFK,3797,AUS,3673,,0,319
DL,2009,JFK,3797,ATL,3682,,0,752 757 319 738 M88
DL,2009,JFK,3797,SYR,3745,,0,ERJ
DL,2009,JFK,3797,DEN,3751,,0,73H
DL,2009,JFK,3797,PHL,3752,,0,ERJ CRJ 752
DL,2009,JFK,3797,MSY,3861,Y,0,CR9
DL,2009,JFK,3797,LAS,3877,,0,73H 738 757
DL,2009,JFK,3797,ICN,3930,,0,77W 388
DL,2009,CHS,3806,BOS,3448,Y,0,CR9
DL,2009,CHS,3806,ATL,3682,,0,M88 73W 717 319
DL,2009,CHS,3806,LGA,3697,,0,CR7
DL,2009,RNO,3807,SLC,3536,,0,73H
DL,2009,BHM,3811,LGA,3697,Y,0,CR7 CR9
DL,2009,SMF,3817,SEA,3577,Y,0,73H
DL,2009,SMF,3817,ATL,3682,,0,757
DL,2009,COS,3819,SLC,3536,Y,0,CRJ
DL,2009,BUF,3820,DTW,3645,,0,M88 319 320 M90 ERJ
DL,2009,BUF,3820,ATL,3682,,0,M90 M88
DL,2009,BUF,3820,LGA,3697,,0,CR7
DL,2009,BDL,3825,CVG,3488,Y,0,CRJ
DL,2009,BDL,3825,DTW,3645,,0,M88 319
DL,2009,ORD,3830,YVR,156,Y,0,73W
DL,2009,ORD,3830,AMS,580,Y,0,74M
DL,2009,ORD,3830,GDL,1804,,0,737
DL,2009,ORD,3830,SLC,3536,Y,0,E75 CR9
DL,2009,ORD,3830,DTW,3645,,0,717
DL,2009,ORD,3830,ATL,3682,,0,717 M88 319
DL,2009,ORD,3830,JFK,3797,Y,0,CR9
DL,2009,ORD,3830,ICN,3930,Y,0,772 77W
DL,2009,PSP,3839,SFO,3469,Y,0,734
DL,2009,PSP,3839,SLC,3536,Y,0,CRJ
DL,2009,PSP,3839,MSP,3858,,0,320
DL,2009,BWI,3849,CVG,3488,,0,ERJ
DL,2009,BWI,3849,RDU,3626,,0,ERJ
DL,2009,BWI,3849,ATL,3682,,0,M88 757 M90 73W  320 717
DL,2009,TUL,3855,SLC,3536,Y,0,CR7
DL,2009,TUL,3855,DTW,3645,Y,0,CR7
DL,2009,TUL,3855,ATL,3682,,0,M88
DL,2009,MSP,3858,YUL,146,Y,0,CR9
DL,2009,MSP,3858,YXE,166,Y,0,E75
DL,2009,MSP,3858,YYZ,193,Y,0,CRJ
DL,2009,MSP,3858,CDG,1382,,0,332
DL,2009,MSP,3858,GFK,3442,Y,0,CRJ
DL,2009,MSP,3858,MCI,3458,,0,320 319 M88 ERJ
DL,2009,MSP,3858,MSN,3459,,0,319 320
DL,2009,MSP,3858,PHX,3462,,0,M90 320 757 319
DL,2009,MSP,3858,MEM,3473,,0,M88
DL,2009,MSP,3858,CVG,3488,Y,0,CRJ CR9 ERJ
DL,2009,MSP,3858,EWR,3494,,0,319
DL,2009,MSP,3858,DCA,3520,,0,M88 M90 319 738 320
DL,2009,MSP,3858,SLC,3536,,0,320 757 319 738
DL,2009,MSP,3858,PIT,3570,,0,319 320
DL,2009,MSP,3858,IND,3585,,0,M90 320 ERJ M88
DL,2009,MSP,3858,DLH,3598,Y,0,CRJ CR9
DL,2009,MSP,3858,RIC,3608,Y,0,CR7
DL,2009,MSP,3858,SAT,3621,Y,0,CR9 E75 E70
DL,2009,MSP,3858,RDU,3626,,0,320 M90 M88
DL,2009,MSP,3858,TUS,3636,,0,M90
DL,2009,MSP,3858,DTW,3645,,0,757 M90 M88 753 320 738 73H 319
DL,2009,MSP,3858,AUS,3673,Y,0,CR9 E75
DL,2009,MSP,3858,TYS,3676,Y,0,CR9
DL,2009,MSP,3858,LGA,3697,,0,M88 319 320 738
DL,2009,MSP,3858,JAX,3712,Y,0,E75 CR9 E70
DL,2009,MSP,3858,IAD,3714,Y,0,CR9 CR7
DL,2009,MSP,3858,PDX,3720,,0,M90 753 738
DL,2009,MSP,3858,SYR,3745,Y,0,CR9 E70
DL,2009,MSP,3858,DEN,3751,,0,M90 320
DL,2009,MSP,3858,PHL,3752,,0,320 M90
DL,2009,MSP,3858,ANC,3774,,0,757 738
DL,2009,MSP,3858,SMF,3817,,0,320
DL,2009,MSP,3858,BWI,3849,,0,320 M90 M88 319
DL,2009,MSP,3858,OKC,3863,Y,0,CRJ
DL,2009,MSP,3858,SNA,3867,,0,319 757
DL,2009,MSP,3858,ABQ,4019,,0,320
DL,2009,MSP,3858,BIL,4021,,0,319 320
DL,2009,MSP,3858,AZO,4039,Y,0,CRJ
DL,2009,MSP,3858,CWA,4045,Y,0,CRJ
DL,2009,MSP,3858,PIA,4046,Y,0,CRJ
DL,2009,MSP,3858,RST,4048,Y,0,CRJ
DL,2009,MSP,3858,BIS,4083,Y,0,CRJ E70 CR9 E75
DL,2009,MSP,3858,RAP,4087,Y,0,CRJ CR9 E75
DL,2009,MSP,3858,FCA,4127,Y,0,E75 CR9
DL,2009,MSP,3858,FAR,4292,,0,320
DL,2009,MSP,3858,APN,5720,Y,0,CRJ
DL,2009,MSY,3861,MEM,3473,Y,0,CRJ ERJ
DL,2009,MSY,3861,LAX,3484,,0,319
DL,2009,MSY,3861,ATL,3682,,0,M90 757 M88
DL,2009,MSY,3861,LGA,3697,,0,319
DL,2009,OKC,3863,MSP,3858,Y,0,CRJ
DL,2009,ALB,3864,DTW,3645,Y,0,CRJ CR9
DL,2009,SNA,3867,YVR,156,Y,0,73W
DL,2009,SNA,3867,SLC,3536,,0,319
DL,2009,SNA,3867,MSP,3858,,0,319
DL,2009,CPR,3872,SLC,3536,Y,0,CRJ
DL,2009,EYW,3875,ATL,3682,,0,73W
DL,2009,CLT,3876,CVG,3488,Y,0,ERJ CRJ
DL,2009,CLT,3876,SLC,3536,,0,320
DL,2009,CLT,3876,DTW,3645,,0,M90 320 M88
DL,2009,CLT,3876,LGA,3697,,0,CR7
DL,2009,LAS,3877,YVR,156,Y,0,73H 73W
DL,2009,LAS,3877,MTY,1825,Y,0,737
DL,2009,LAS,3877,LAX,3484,,0,319
DL,2009,LAS,3877,SEA,3577,Y,0,CR9
DL,2009,LAS,3877,DTW,3645,,0,757 320 739 738
DL,2009,LAS,3877,JFK,3797,,0,738 757 73H
DL,2009,LAS,3877,ICN,3930,Y,0,772
DL,2009,MCO,3878,LGW,502,Y,0,744
DL,2009,MCO,3878,SDQ,1762,Y,0,738
DL,2009,MCO,3878,BOS,3448,,0,320 M88
DL,2009,MCO,3878,OMA,3454,Y,0,E75
DL,2009,MCO,3878,LAX,3484,,0,757 739
DL,2009,MCO,3878,SLC,3536,,0,757 738 73H
DL,2009,MCO,3878,PIT,3570,Y,0,CR9
DL,2009,MCO,3878,RDU,3626,Y,0,CR9
DL,2009,MCO,3878,AUS,3673,Y,0,CR7
DL,2009,MCO,3878,ATL,3682,,0,757 76W  739 M88 753 763
DL,2009,MCO,3878,GRR,3685,Y,0,CR7
DL,2009,MCO,3878,MKE,3717,,0,M88
DL,2009,MCO,3878,CMH,3759,Y,0,E70
DL,2009,MCO,3878,LAS,3877,,0,738
DL,2009,BKK,3885,NRT,2279,,0,744 333
DL,2009,ICN,3930,REP,3035,Y,0,73H
DL,2009,NGO,3942,GUM,2246,,0,752
DL,2009,ELM,3946,DTW,3645,Y,0,CRJ CR7
DL,2009,AVL,4007,DTW,3645,Y,0,CRJ
DL,2009,AVL,4007,ATL,3682,,0,M88
DL,2009,GSO,4008,DTW,3645,Y,0,CRJ
DL,2009,MHT,4011,DTW,3645,,0,ERJ
DL,2009,MHT,4011,LGA,3697,,0,ERJ
DL,2009,SDF,4014,ATL,3682,,0,M88 M90
DL,2009,CHO,4015,LGA,3697,Y,0,CR7
DL,2009,ROA,4016,ATL,3682,,0,319
DL,2009,LEX,4017,ATL,3682,,0,M88 717
DL,2009,LEX,4017,LGA,3697,,0,ERJ
DL,2009,LEX,4017,MSP,3858,Y,0,CRJ
DL,2009,EVV,4018,DTW,3645,Y,0,CRJ
DL,2009,BTM,4022,SLC,3536,Y,0,CRJ
DL,2009,GSP,4034,DTW,3645,Y,0,CRJ
DL,2009,BMI,4037,ATL,3682,Y,0,CR9 CR7
DL,2009,AZO,4039,MSP,3858,Y,0,CRJ
DL,2009,CID,4043,MSP,3858,Y,0,CRJ
DL,2009,PIA,4046,DTW,3645,Y,0,CRJ
DL,2009,BDA,4069,JFK,3797,,0,73H
DL,2009,MLI,4072,ATL,3682,Y,0,CR7 CR9
DL,2009,MLI,4072,MSP,3858,Y,0,CRJ ERJ
DL,2009,BIS,4083,MSP,3858,Y,0,CR9 E75 CRJ E70
DL,2009,IDA,4100,SLC,3536,Y,0,CRJ
DL,2009,CAK,4112,DTW,3645,Y,0,CRJ
DL,2009,CAK,4112,ATL,3682,,0,M88
DL,2009,TRI,4116,ATL,3682,,0,319
DL,2009,FCA,4127,SLC,3536,Y,0,E75 CRJ
DL,2009,FCA,4127,MSP,3858,Y,0,E75 CR9
DL,2009,TWF,4263,SLC,3536,Y,0,EM2
DL,2009,ERI,4276,DTW,3645,,0,ERJ
DL,2009,CRW,4285,DTW,3645,Y,0,CRJ
DL,2009,AVP,4286,ATL,3682,Y,0,CR7
DL,2009,FAR,4292,ATL,3682,Y,0,CR9
DL,2009,GCC,4296,SLC,3536,Y,0,EM2
DL,2009,GCC,4296,RKS,5766,Y,0,EM2
DL,2009,SCE,4318,DTW,3645,Y,0,CRJ
DL,2009,COD,4344,SLC,3536,Y,0,CRJ
DL,2009,XNA,4356,CVG,3488,Y,0,CRJ
DL,2009,SBN,4359,ATL,3682,Y,0,CRJ
DL,2009,OAJ,4386,ATL,3682,Y,0,CR9 CRJ
DL,2009,ABR,5714,MSP,3858,Y,0,CRJ
DL,2009,APN,5720,DTW,3645,Y,0,CRJ
DL,2009,CIU,5729,DTW,3645,Y,0,CRJ
DL,2009,EKO,5736,SLC,3536,,0,EM2
DL,2009,PLN,5762,DTW,3645,Y,0,CRJ
DL,2009,RKS,5766,SLC,3536,Y,0,EM2
DL,2009,PSC,6133,MSP,3858,Y,0,CR9
DL,2009,ESC,6800,DTW,3645,Y,0,CRJ
DL,2009,IMT,6837,RHI,5765,Y,0,CRJ
DL,2009,BRD,6957,INL,3535,Y,0,CRJ
DL,2009,CNY,7074,SLC,3536,Y,0,EM2
DL,2009,DOH,11051,AMS,580,Y,0,330
KA,2056,RMQ,2268,HKG,3077,,0,320 321
KA,2056,TPE,2276,HKG,3077,,0,333 320 321
KA,2056,FUK,2305,HKG,3077,,0,321 333
KA,2056,PUS,2372,HKG,3077,,0,321 320
KA,2056,OKA,2384,HKG,3077,,0,333
KA,2056,CCU,3043,HKG,3077,,0,320
KA,2056,HKG,3077,RMQ,2268,,0,320 321
KA,2056,HKG,3077,CJU,2370,,0,320
KA,2056,HKG,3077,PNH,3034,,0,320 333
KA,2056,HKG,3077,DAC,3076,,0,333
KA,2056,HKG,3077,HKT,3179,,0,320 321
KA,2056,HKG,3077,DAD,3196,,0,320
KA,2056,HKG,3077,RGN,3239,,0,321
KA,2056,HKG,3077,CAN,3370,,0,333 321 320
KA,2056,HKG,3077,CSX,3371,,0,320 321
KA,2056,HKG,3077,CGO,3375,,0,320
KA,2056,HKG,3077,XMN,3383,,0,333 321 320
KA,2056,HKG,3077,FOC,3385,,0,333
KA,2056,HKG,3077,NGB,3387,,0,320 321
KA,2056,HKG,3077,NKG,3388,,0,333 321 320
KA,2056,HKG,3077,TAO,3390,,0,333 320
KA,2056,HKG,3077,SHA,3391,,0,333
KA,2056,HKG,3077,CTU,3395,,0,320 333 321
KA,2056,HKG,3077,DLC,3404,Y,0,738
KA,2056,HKG,3077,PVG,3406,,0,333 321 320
KA,2056,HKG,3077,WNZ,6392,,0,321 320
KA,2056,BLR,3131,HKG,3077,,0,333
KA,2056,MLE,3156,HKG,3077,,0,333
KA,2056,DAD,3196,HKG,3077,,0,320
KA,2056,RGN,3239,HKG,3077,,0,321
KA,2056,BKI,3269,HKG,3077,,0,321 320
KA,2056,PEN,3308,HKG,3077,,0,333
KA,2056,CSX,3371,HKG,3077,,0,320 321
KA,2056,KWL,3372,HKG,3077,,0,320 321
KA,2056,NKG,3388,HKG,3077,,0,320 333 321
KA,2056,SHA,3391,HKG,3077,,0,333
KA,2056,DLC,3404,HKG,3077,Y,0,738
KA,2056,SYX,4030,HKG,3077,,0,320 321
KA,2056,HAK,4120,HKG,3077,,0,320 321
KA,2056,CRK,4140,HKG,3077,,0,320
KB,2058,IXB,3040,PBH,3155,,0,319
KB,2058,CCU,3043,PBH,3155,,0,ATR 319
KB,2058,DAC,3076,PBH,3155,,0,319
KB,2058,DAC,3076,BKK,3885,,0,319
KB,2058,DEL,3093,KTM,3125,,0,319
KB,2058,KTM,3125,DEL,3093,,0,319
KB,2058,PBH,3155,GAU,6173,,0,319
BR,2091,LHR,507,BKK,3885,,0,77W
BR,2091,CDG,1382,TPE,2276,,0,77W
BR,2091,GUM,2246,TPE,2276,,0,332
BR,2091,KHH,2264,NRT,2279,,0,321
BR,2091,KHH,2264,CAN,3370,Y,0,M90
BR,2091,KHH,2264,NGB,3387,Y,0,M90
BR,2091,KHH,2264,PVG,3406,,0,321
BR,2091,KHH,2264,TNA,4108,Y,0,M90
BR,2091,TSA,2275,GMP,2378,,0,321
BR,2091,TSA,2275,SHA,3391,,0,333
BR,2091,TPE,2276,YVR,156,,0,744
BR,2091,TPE,2276,YYZ,193,,0,77W
BR,2091,TPE,2276,CDG,1382,,0,77W
BR,2091,TPE,2276,KMQ,2322,,0,321 332
BR,2091,TPE,2276,OKJ,2327,Y,0,M90
BR,2091,TPE,2276,MNL,2397,,0,74E 321 332
BR,2091,TPE,2276,PNH,3034,,0,M90
BR,2091,TPE,2276,CGK,3275,,0,332
BR,2091,TPE,2276,KUL,3304,,0,332 321
BR,2091,TPE,2276,SIN,3316,,0,77W 333
BR,2091,TPE,2276,PEK,3364,,0,77W 744
BR,2091,TPE,2276,TSN,3368,,0,77W
BR,2091,TPE,2276,CAN,3370,,0,332 744
BR,2091,TPE,2276,KWL,3372,,0,M90
BR,2091,TPE,2276,CGO,3375,,0,332 321
BR,2091,TPE,2276,HGH,3386,,0,332 M90 744
BR,2091,TPE,2276,CTU,3395,,0,332
BR,2091,TPE,2276,HRB,3400,,0,M90
BR,2091,TPE,2276,PVG,3406,,0,744
BR,2091,TPE,2276,JFK,3797,,0,77W
BR,2091,TPE,2276,DPS,3940,,0,332
BR,2091,TPE,2276,TNA,4108,,0,M90
BR,2091,TPE,2276,TXN,6387,,0,M90
BR,2091,NRT,2279,KHH,2264,,0,321
BR,2091,AKJ,2299,TPE,2276,,0,332
BR,2091,FUK,2305,TPE,2276,,0,332 333
BR,2091,OKJ,2327,TPE,2276,Y,0,M90
BR,2091,HND,2359,TSA,2275,,0,333
BR,2091,GMP,2378,TSA,2275,,0,321
BR,2091,MNL,2397,TPE,2276,,0,74E 321 332
BR,2091,PNH,3034,TPE,2276,,0,M90
BR,2091,MFM,3121,RMQ,2268,,0,M90
BR,2091,SGN,3205,TPE,2276,,0,77W 332
BR,2091,BNE,3320,TPE,2276,,0,332
BR,2091,PEK,3364,TPE,2276,,0,77W 744
BR,2091,TSN,3368,KHH,2264,Y,0,M90
BR,2091,TSN,3368,TPE,2276,,0,77W
BR,2091,CGO,3375,KHH,2264,Y,0,M90
BR,2091,SHA,3391,TSA,2275,,0,333
BR,2091,PVG,3406,TPE,2276,,0,744
BR,2091,BKK,3885,LHR,507,,0,77W
BR,2091,BKK,3885,TPE,2276,,0,332 77W
BR,2091,ICN,3930,TPE,2276,,0,332 333
BR,2091,DPS,3940,TPE,2276,,0,332
BR,2091,KIX,3992,TPE,2276,,0,332 321
BR,2091,TNA,4108,TPE,2276,,0,M90
H7,2094,EBB,1187,RUA,5709,,0,L4T
H7,2094,RUA,5709,EBB,1187,,0,L4T
QU,2104,IEV,2944,VKO,2988,,0,735
QU,2104,VKO,2988,LWO,2945,,0,735
T3,2117,BHX,469,NCL,521,,0,J32
T3,2117,CWL,488,NCL,521,,0,J41 S20
T3,2117,HUY,515,ABZ,532,,0,J41 S20
T3,2117,HUY,515,NWI,547,,0,S20
T3,2117,LBA,517,ABZ,532,,0,J41
T3,2117,NCL,521,BHX,469,,0,J32
T3,2117,ABZ,532,LBA,517,,0,J41
T3,2117,ABZ,532,MME,522,,0,J41 S20
T3,2117,ABZ,532,EMA,523,,0,J41
T3,2117,ABZ,532,NWI,547,,0,S20
T3,2117,NWI,547,ABZ,532,,0,S20
T3,2117,LRT,1409,LYS,1335,,0,J41
MS,2143,YYZ,193,CAI,1128,,0,773
MS,2143,ABV,260,CAI,1128,,0,738
MS,2143,FRA,340,CAI,1128,,0,330 738
MS,2143,MUC,346,CAI,1128,,0,738
MS,2143,MAN,478,CAI,1128,,0,738
MS,2143,JNB,813,CAI,1128,,0,330
MS,2143,CMN,1074,CAI,1128,,0,321
MS,2143,ADD,1107,LAD,951,,0,77W
MS,2143,ADD,1107,JIB,4119,,0,DH8 73W
MS,2143,BJM,1120,KGL,1165,Y,0,738
MS,2143,CAI,1128,ACC,248,,0,738
MS,2143,CAI,1128,ABV,260,,0,738
MS,2143,CAI,1128,TUN,287,,0,738 320
MS,2143,CAI,1128,BRU,302,,0,320
MS,2143,CAI,1128,MUC,346,,0,738
MS,2143,CAI,1128,AMS,580,,0,738
MS,2143,CAI,1128,HRG,1130,,0,321 E70 735
MS,2143,CAI,1128,TIP,1157,,0,321 320
MS,2143,CAI,1128,BUD,1489,,0,E70
MS,2143,CAI,1128,GVA,1665,,0,738
MS,2143,CAI,1128,ZRH,1678,Y,0,333 343
MS,2143,CAI,1128,IST,1701,,0,320 738 E70
MS,2143,CAI,1128,BAH,2057,,0,E70
MS,2143,CAI,1128,RUH,2082,,0,738 333 330
MS,2143,CAI,1128,DXB,2188,,0,773 333
MS,2143,CAI,1128,MCT,2194,,0,738
MS,2143,CAI,1128,BOM,2997,,0,738
MS,2143,CAI,1128,CAN,3370,,0,773
MS,2143,CAI,1128,JFK,3797,,0,773
MS,2143,CAI,1128,BKK,3885,,0,773
MS,2143,CAI,1128,ASM,3967,,0,320
MS,2143,CAI,1128,RMF,4197,,0,E70
MS,2143,HRG,1130,HBE,3410,,0,E70
MS,2143,LXR,1132,LHR,507,,0,738
MS,2143,LXR,1132,CAI,1128,,0,738 E70 320
MS,2143,LXR,1132,JED,2072,,0,320
MS,2143,ASW,1136,ABS,1127,,0,E70
MS,2143,TIP,1157,CAI,1128,,0,321 320
MS,2143,KGL,1165,ADD,1107,Y,0,738
MS,2143,KGL,1165,BJM,1120,Y,0,738
MS,2143,KRT,1175,CAI,1128,,0,321 320
MS,2143,DAR,1177,CAI,1128,,0,738
MS,2143,CDG,1382,LXR,1132,,0,320
MS,2143,HER,1452,ATH,3941,,0,DH4
MS,2143,VIE,1613,CAI,1128,,0,738 E70
MS,2143,IST,1701,HRG,1130,,0,738 320
MS,2143,IST,1701,KBP,2939,,0,321
MS,2143,IST,1701,HBE,3410,Y,0,73W 319
MS,2143,DMM,2064,CAI,1128,,0,738 333 330 321
MS,2143,DMM,2064,HBE,3410,,0,320
MS,2143,JED,2072,LXR,1132,,0,320
MS,2143,MED,2074,HBE,3410,,0,320 738
MS,2143,RUH,2082,HBE,3410,,0,320
MS,2143,KWI,2176,CAI,1128,,0,738 340 320
MS,2143,KWI,2176,HMB,8235,,0,E70
MS,2143,BEY,2177,CAI,1128,,0,738 320 E70
MS,2143,BEY,2177,HBE,3410,,0,E70
MS,2143,AUH,2179,CAI,1128,,0,738 330
MS,2143,DXB,2188,SIN,3316,Y,0,333
MS,2143,CAN,3370,CAI,1128,,0,773
MS,2143,HBE,3410,CAI,1128,,0,738 320 321
MS,2143,HBE,3410,RUH,2082,,0,320
MS,2143,HBE,3410,KWI,2176,,0,320 738
MS,2143,BKK,3885,CAI,1128,,0,773
MS,2143,ATH,3941,HER,1452,,0,DH4
MS,2143,ATH,3941,HBE,3410,,0,E70
MS,2143,SSH,4057,KWI,2176,,0,E70
MS,2143,NBO,4059,CAI,1128,,0,320
MS,2143,JIB,4119,ADD,1107,,0,73W DH8
MS,2143,BGW,4130,CAI,1128,,0,320
MS,2143,ATZ,5691,CAI,1128,,0,E70
MS,2143,HMB,8235,CAI,1128,,0,E70
MS,2143,HMB,8235,KWI,2176,,0,E70
MS,2143,DOH,11051,CAI,1128,,0,333 738
LY,2150,YYZ,193,TLV,1590,,0,763
LY,2150,LHR,507,TLV,1590,,0,772 763
LY,2150,JNB,813,TLV,1590,,0,763
LY,2150,SOF,1194,TLV,1590,,0,738
LY,2150,LCA,1197,TLV,1590,,0,738
LY,2150,MAD,1229,TLV,1590,,0,739 738
LY,2150,MRS,1353,TLV,1590,,0,763 738
LY,2150,CDG,1382,TLV,1590,,0,738 763 739 772 744
LY,2150,FCO,1555,TLV,1590,,0,73G 739 738 763
LY,2150,TLV,1590,YYZ,193,,0,763
LY,2150,TLV,1590,BRU,302,,0,73G 738
LY,2150,TLV,1590,WAW,679,,0,738 73G
LY,2150,TLV,1590,LCA,1197,,0,738
LY,2150,TLV,1590,BCN,1218,,0,763 744 738
LY,2150,TLV,1590,MRS,1353,,0,738 763
LY,2150,TLV,1590,FCO,1555,,0,73G 738 739 763
LY,2150,TLV,1590,OTP,1657,,0,738 739
LY,2150,TLV,1590,KBP,2939,,0,738
LY,2150,TLV,1590,BOM,2997,,0,763
LY,2150,TLV,1590,DME,4029,,0,739 763 738 73G 772
LY,2150,ZRH,1678,TLV,1590,,0,738 73G
LY,2150,BOM,2997,TLV,1590,,0,763
LY,2150,HKG,3077,TLV,1590,,0,772
LY,2150,LAX,3484,TLV,1590,,0,772
LY,2150,EWR,3494,TLV,1590,,0,772
LY,2150,BKK,3885,TLV,1590,,0,763 744
EK,2183,ALG,210,DXB,2188,,0,77W
EK,2183,ACC,248,ABJ,253,,0,77W
EK,2183,LOS,273,DXB,2188,,0,77W
EK,2183,FRA,340,DXB,2188,,0,77W
EK,2183,HAM,342,DXB,2188,,0,77W
EK,2183,DUS,345,DXB,2188,,0,77W
EK,2183,LHR,507,DXB,2188,,0,388
EK,2183,GLA,534,DXB,2188,,0,77W 77L
EK,2183,AMS,580,DXB,2188,,0,388
EK,2183,ARN,737,DXB,2188,,0,77W
EK,2183,MRU,893,DXB,2188,,0,388 77W
EK,2183,SEZ,994,DXB,2188,,0,77W
EK,2183,CMN,1074,DXB,2188,,0,77W
EK,2183,ADD,1107,DXB,2188,,0,332
EK,2183,CAI,1128,DXB,2188,,0,773 772
EK,2183,LCA,1197,MLA,1606,,0,773
EK,2183,BCN,1218,DXB,2188,,0,388
EK,2183,CDG,1382,DXB,2188,,0,77W 388
EK,2183,MXP,1524,DXB,2188,,0,77W 773
EK,2183,MXP,1524,JFK,3797,,0,77W
EK,2183,FCO,1555,DXB,2188,,0,388 77W
EK,2183,VIE,1613,DXB,2188,,0,77W
EK,2183,LIS,1638,DXB,2188,,0,77W
EK,2183,ZRH,1678,DXB,2188,,0,388 77W
EK,2183,CHC,2009,SYD,3361,,0,77W
EK,2183,ZQN,2030,SYD,3361,Y,0,73H
EK,2183,WLG,2042,MEL,3339,Y,0,73H
EK,2183,KBL,2050,DXB,2188,,0,345
EK,2183,MED,2074,DXB,2188,,0,332
EK,2183,RUH,2082,DXB,2188,,0,77W 773 772
EK,2183,DXB,2188,ALG,210,,0,77W
EK,2183,DXB,2188,LOS,273,,0,77W
EK,2183,DXB,2188,DUS,345,,0,77W
EK,2183,DXB,2188,MAN,478,,0,77W 388
EK,2183,DXB,2188,CPH,609,,0,77W
EK,2183,DXB,2188,WAW,679,,0,332
EK,2183,DXB,2188,ARN,737,,0,77W
EK,2183,DXB,2188,MRU,893,,0,388 77W
EK,2183,DXB,2188,LAD,951,,0,77W 332 77L
EK,2183,DXB,2188,CMN,1074,,0,77W
EK,2183,DXB,2188,ADD,1107,,0,332
EK,2183,DXB,2188,KRT,1175,,0,332
EK,2183,DXB,2188,BCN,1218,,0,388
EK,2183,DXB,2188,MAD,1229,,0,77W
EK,2183,DXB,2188,LYS,1335,,0,77L
EK,2183,DXB,2188,CDG,1382,,0,77W 388
EK,2183,DXB,2188,VCE,1551,,0,77W
EK,2183,DXB,2188,FCO,1555,,0,388 77W
EK,2183,DXB,2188,PRG,1587,,0,77W
EK,2183,DXB,2188,LIS,1638,,0,77W
EK,2183,DXB,2188,KBL,2050,,0,345
EK,2183,DXB,2188,JED,2072,,0,388
EK,2183,DXB,2188,BEY,2177,,0,773
EK,2183,DXB,2188,BSR,2234,,0,332
EK,2183,DXB,2188,MNL,2397,,0,77W
EK,2183,DXB,2188,GRU,2564,,0,77W
EK,2183,DXB,2188,LED,2948,,0,77L 77W
EK,2183,DXB,2188,BOM,2997,,0,772 332 77W 73H 773
EK,2183,DXB,2188,CMB,3024,,0,77W
EK,2183,DXB,2188,HKG,3077,,0,388 77W
EK,2183,DXB,2188,COK,3136,,0,772 773 332
EK,2183,DXB,2188,TRV,3153,,0,332
EK,2183,DXB,2188,HKT,3179,,0,77W
EK,2183,DXB,2188,SGN,3205,,0,772
EK,2183,DXB,2188,CGK,3275,,0,77W
EK,2183,DXB,2188,BNE,3320,,0,388
EK,2183,DXB,2188,SYD,3361,,0,388
EK,2183,DXB,2188,DFW,3670,,0,77L
EK,2183,DXB,2188,IAD,3714,,0,77W
EK,2183,DXB,2188,JFK,3797,,0,388
EK,2183,DXB,2188,ICN,3930,,0,388
EK,2183,DXB,2188,ATH,3941,,0,77W
EK,2183,DXB,2188,SAH,3980,,0,332
EK,2183,DXB,2188,NBO,4059,,0,77W 77L
EK,2183,DXB,2188,IKA,4330,,0,772 77W 332
EK,2183,MCT,2194,DXB,2188,,0,738 332 E75 73H 77W 772 E90 73G
EK,2183,KHI,2206,DXB,2188,,0,77W
EK,2183,LHE,2207,DXB,2188,,0,77W
EK,2183,TPE,2276,DXB,2188,,0,77W
EK,2183,GIG,2560,EZE,3988,,0,77W
EK,2183,KBP,2939,DXB,2188,,0,345
EK,2183,LED,2948,DXB,2188,,0,77L 77W
EK,2183,AMD,2994,DXB,2188,,0,332
EK,2183,CMB,3024,DXB,2188,,0,77W
EK,2183,HKG,3077,DXB,2188,,0,388 77W
EK,2183,CCJ,3137,DXB,2188,,0,332 772
EK,2183,MAA,3144,DXB,2188,,0,332 77W 772 773
EK,2183,SIN,3316,BNE,3320,,0,77W
EK,2183,SIN,3316,SYD,3361,Y,0,333 744
EK,2183,BNE,3320,DXB,2188,,0,388
EK,2183,BNE,3320,SIN,3316,,0,77W
EK,2183,ROK,3329,BNE,3320,Y,0,DH8 DH4
EK,2183,MEL,3339,WLG,2042,Y,0,73H
EK,2183,MEL,3339,KUL,3304,,0,77W
EK,2183,SYD,3361,AKL,2006,,0,388
EK,2183,SYD,3361,ZQN,2030,Y,0,73H
EK,2183,SYD,3361,WLG,2042,Y,0,73H
EK,2183,SYD,3361,DXB,2188,,0,388
EK,2183,SYD,3361,SIN,3316,Y,0,333 744
EK,2183,SYD,3361,BKK,3885,,0,77W
EK,2183,SEA,3577,DXB,2188,,0,77W
EK,2183,DFW,3670,DXB,2188,,0,77L
EK,2183,BKK,3885,HKG,3077,,0,388
EK,2183,SAH,3980,DXB,2188,,0,332
EK,2183,EBL,3989,DXB,2188,,0,332
EK,2183,DRW,3999,GOV,6316,Y,0,717
EK,2183,NBO,4059,DXB,2188,,0,77W 77L
EK,2183,BGW,4130,DXB,2188,,0,332
EK,2183,DOH,11051,DXB,2188,,0,772 77W 773 332
EU,2193,CAN,3370,CTU,3395,,0,319
EU,2193,CSX,3371,CTU,3395,,0,319
EU,2193,SZX,3374,CTU,3395,,0,319
EU,2193,XMN,3383,JGS,6428,,0,319
EU,2193,HGH,3386,SYX,4030,,0,319
EU,2193,TAO,3390,XIY,3379,,0,319
EU,2193,CKG,3393,BHY,6351,,0,319
EU,2193,CTU,3395,TSN,3368,,0,319
EU,2193,CTU,3395,WUH,3376,,0,319
EU,2193,CTU,3395,KMG,3382,,0,319
EU,2193,CTU,3395,HGH,3386,,0,319
EU,2193,CTU,3395,KWE,3394,,0,319
EU,2193,CTU,3395,SYX,4030,,0,319
EU,2193,CTU,3395,LJG,4033,,0,319
EU,2193,CTU,3395,LZH,6356,,0,319
EU,2193,CTU,3395,LYG,6383,,0,319
EU,2193,SYX,4030,CTU,3395,,0,319
EU,2193,TNA,4108,CGQ,4380,,0,319
EU,2193,LZH,6356,SZX,3374,,0,319
EU,2193,LZH,6356,CTU,3395,,0,319
EU,2193,HYN,6384,WUH,3376,,0,319
EU,2193,JGS,6428,CTU,3395,,0,319
EU,2193,JNG,6944,SHE,4144,,0,319
E7,2217,BZV,883,PNR,886,,0,ERJ
E7,2217,PNR,886,BZV,883,,0,ERJ
E7,2217,PNR,886,POG,967,,0,ERJ
E7,2217,POG,967,PNR,886,,0,ERJ
OV,2218,BRU,302,TLL,415,,0,CR9
OV,2218,TLL,415,CPH,609,,0,CR9 E70
OV,2218,TLL,415,ARN,737,,0,E70 CR9
OV,2218,TLL,415,KBP,2939,,0,CR9
OV,2218,TLL,415,SVO,2985,,0,E70 CR9
OV,2218,TLL,415,VNO,3959,,0,CR9 E70
OV,2218,AMS,580,VXO,711,,0,E70
OV,2218,ARN,737,TLL,415,,0,E70 CR9
OV,2218,SPU,1206,TLL,415,,0,CR9
OV,2218,LED,2948,TLL,415,,0,E70 CR9
ET,2220,OUA,246,NIM,280,,0,752
ET,2220,OUA,246,BKO,1044,Y,0,DH8
ET,2220,OUA,246,ADD,1107,,0,752
ET,2220,ACC,248,ADD,1107,,0,738
ET,2220,ABJ,253,LFW,298,,0,DH8
ET,2220,ABV,260,NIM,280,Y,0,DH8
ET,2220,ABV,260,NDJ,999,Y,0,DH8
ET,2220,ENU,264,ADD,1107,,0,752
ET,2220,LOS,273,LBV,970,Y,0,73W
ET,2220,LFW,298,OUA,246,Y,0,DH8 73W
ET,2220,LFW,298,ABV,260,Y,0,DH8
ET,2220,LFW,298,LOS,273,,0,73W
ET,2220,BRU,302,CDG,1382,,0,763
ET,2220,FRA,340,HEL,421,Y,0,32A 321 320
ET,2220,FRA,340,CPH,609,Y,0,319 321 320
ET,2220,FRA,340,WAW,679,Y,0,321 320 32A 319
ET,2220,FRA,340,GOT,687,Y,0,32A 321
ET,2220,FRA,340,ADD,1107,,0,788
ET,2220,FRA,340,MAD,1229,Y,0,321 319 32A
ET,2220,FRA,340,TLS,1273,Y,0,733
ET,2220,FRA,340,MRS,1353,Y,0,320 32A 319
ET,2220,FRA,340,BUD,1489,Y,0,733 735
ET,2220,FRA,340,MXP,1524,Y,0,320 319 321
ET,2220,FRA,340,PRG,1587,Y,0,321
ET,2220,FRA,340,OTP,1657,Y,0,32A 320 319
ET,2220,FRA,340,GVA,1665,Y,0,E90 CR7
ET,2220,MUC,346,FRA,340,Y,0,320 319
ET,2220,CPH,609,FRA,340,Y,0,321 320
ET,2220,OSL,644,FRA,340,Y,0,319 320 32A
ET,2220,ARN,737,FRA,340,Y,0,321 32A
ET,2220,ARN,737,HEL,421,,0,717
ET,2220,ARN,737,CPH,609,,0,320
ET,2220,JNB,813,BLZ,1013,,0,738
ET,2220,BGF,888,DLA,897,Y,0,73W
ET,2220,SSG,891,ADD,1107,,0,763
ET,2220,DLA,897,LFW,298,Y,0,73W DH8
ET,2220,DLA,897,SSG,891,,0,763
ET,2220,DLA,897,NDJ,999,Y,0,73W
ET,2220,DLA,897,ADD,1107,,0,763
ET,2220,LUN,907,HRE,1005,,0,788
ET,2220,LUN,907,BLZ,1013,,0,DH8
ET,2220,LBV,970,LOS,273,Y,0,73W
ET,2220,LBV,970,LFW,298,Y,0,DH8 73W
ET,2220,LBV,970,FIH,1020,Y,0,73W
ET,2220,LBV,970,ADD,1107,,0,738
ET,2220,LBV,970,NSI,4161,Y,0,73W
ET,2220,NDJ,999,ABV,260,Y,0,DH8
ET,2220,NDJ,999,ADD,1107,,0,738 752 763
ET,2220,BLZ,1013,LLW,1016,,0,738
ET,2220,LLW,1016,HRE,1005,,0,DH8
ET,2220,FIH,1020,BZV,883,,0,788
ET,2220,FBM,1038,NLA,910,,0,738
ET,2220,BKO,1044,DKR,1084,,0,763
ET,2220,BKO,1044,ADD,1107,,0,763
ET,2220,FNA,1059,MLW,1062,Y,0,DH8
ET,2220,MLW,1062,ACC,248,Y,0,DH8
ET,2220,MLW,1062,FNA,1059,Y,0,DH8
ET,2220,DKR,1084,CKY,4162,Y,0,73W
ET,2220,ADD,1107,ENU,264,,0,752
ET,2220,ADD,1107,LOS,273,,0,77L
ET,2220,ADD,1107,NIM,280,,0,752
ET,2220,ADD,1107,FRA,340,,0,788
ET,2220,ADD,1107,LHR,507,,0,788 77L
ET,2220,ADD,1107,PNR,886,,0,738
ET,2220,ADD,1107,SSG,891,,0,763
ET,2220,ADD,1107,DLA,897,,0,763
ET,2220,ADD,1107,LUN,907,,0,788
ET,2220,ADD,1107,LAD,951,,0,77W
ET,2220,ADD,1107,LLW,1016,,0,738
ET,2220,ADD,1107,FIH,1020,,0,788
ET,2220,ADD,1107,BKO,1044,,0,763
ET,2220,ADD,1107,AMH,1109,,0,DH8
ET,2220,ADD,1107,AXU,1110,,0,DH8
ET,2220,ADD,1107,DIR,1112,,0,DH8 73W
ET,2220,ADD,1107,JIM,1116,,0,DH8
ET,2220,ADD,1107,MQX,1118,,0,738 DH8 73W
ET,2220,ADD,1107,HGA,1121,,0,DH8
ET,2220,ADD,1107,KRT,1175,,0,DH8 738
ET,2220,ADD,1107,DAR,1177,,0,738 73W
ET,2220,ADD,1107,JRO,1180,,0,763
ET,2220,ADD,1107,CDG,1382,,0,763
ET,2220,ADD,1107,JED,2072,,0,738 752
ET,2220,ADD,1107,RUH,2082,,0,738
ET,2220,ADD,1107,KWI,2176,,0,738
ET,2220,ADD,1107,BEY,2177,,0,738
ET,2220,ADD,1107,DXB,2188,,0,77L 738 788 763
ET,2220,ADD,1107,BKK,3885,,0,763
ET,2220,ADD,1107,NBO,4059,,0,763 738
ET,2220,ADD,1107,JIJ,7417,,0,DH8
ET,2220,ADD,1107,SZE,9827,,0,DH8
ET,2220,AMH,1109,ADD,1107,,0,DH8
ET,2220,AXU,1110,LLI,1117,,0,DH8
ET,2220,DIR,1112,ADD,1107,,0,DH8 73W
ET,2220,GDQ,1114,ADD,1107,,0,DH8
ET,2220,GDQ,1114,LLI,1117,,0,DH8
ET,2220,JIM,1116,ADD,1107,,0,DH8
ET,2220,LLI,1117,ADD,1107,,0,DH8
ET,2220,LLI,1117,AXU,1110,,0,DH8
ET,2220,MQX,1118,ADD,1107,,0,738 DH8 73W
ET,2220,ASO,1119,ADD,1107,,0,DH8
ET,2220,MBA,1145,ADD,1107,,0,738
ET,2220,KRT,1175,ADD,1107,,0,738 DH8
ET,2220,DAR,1177,ZNZ,1186,,0,73W
ET,2220,ZNZ,1186,JRO,1180,,0,763
ET,2220,BCN,1218,FRA,340,Y,0,321
ET,2220,MAD,1229,FRA,340,Y,0,321 320
ET,2220,TLS,1273,FRA,340,Y,0,735
ET,2220,CDG,1382,ADD,1107,,0,763
ET,2220,FCO,1555,ADD,1107,,0,763
ET,2220,VIE,1613,FRA,340,Y,0,321
ET,2220,AKL,2006,SIN,3316,,0,77W
ET,2220,CHC,2009,SIN,3316,,0,772
ET,2220,RUH,2082,ADD,1107,,0,738
ET,2220,KWI,2176,ADD,1107,,0,738
ET,2220,BEY,2177,ADD,1107,,0,738
ET,2220,MCT,2194,ADD,1107,,0,73W
ET,2220,GRU,2564,LFW,298,,0,788
ET,2220,BOM,2997,ADD,1107,,0,788
ET,2220,SIN,3316,AKL,2006,,0,77W
ET,2220,SIN,3316,CHC,2009,,0,772
ET,2220,SIN,3316,DXB,2188,Y,0,77W 333
ET,2220,SIN,3316,BNE,3320,,0,333
ET,2220,SIN,3316,MEL,3339,,0,388
ET,2220,SIN,3316,BKK,3885,,0,333 763
ET,2220,BNE,3320,SIN,3316,,0,333
ET,2220,MEL,3339,SIN,3316,,0,388
ET,2220,ADL,3341,SIN,3316,,0,333
ET,2220,SYD,3361,SIN,3316,,0,388
ET,2220,CAN,3370,ADD,1107,,0,77W
ET,2220,BKK,3885,KUL,3304,,0,763
ET,2220,ICN,3930,HKG,3077,,0,788
ET,2220,NBO,4059,ADD,1107,,0,738 763
ET,2220,JIB,4119,DIR,1112,,0,DH8 73W
ET,2220,JIJ,7417,GDE,5680,,0,DH8
EY,2222,BRU,302,YYZ,193,,0,330
EY,2222,BRU,302,AUH,2179,,0,332
EY,2222,FRA,340,BEG,1739,,0,319
EY,2222,FRA,340,AUH,2179,,0,332 333
EY,2222,MAN,478,AUH,2179,,0,332 77W
EY,2222,AMS,580,LIS,1638,Y,0,32S
EY,2222,ARN,737,BEG,1739,,0,319
EY,2222,CMN,1074,AUH,2179,,0,333
EY,2222,KRT,1175,AUH,2179,,0,320
EY,2222,CDG,1382,JFK,3797,Y,0,767
EY,2222,MXP,1524,AUH,2179,,0,332
EY,2222,FCO,1555,BUD,1489,Y,0,320
EY,2222,FCO,1555,ZRH,1678,Y,0,EMJ
EY,2222,FCO,1555,AUH,2179,Y,0,330
EY,2222,PXO,1637,LIS,1638,,0,100 32S
EY,2222,LIS,1638,PXO,1637,,0,100 32S
EY,2222,OTP,1657,FCO,1555,Y,0,319
EY,2222,GVA,1665,AUH,2179,,0,333
EY,2222,JED,2072,AUH,2179,,0,77W
EY,2222,MED,2074,AUH,2179,,0,320
EY,2222,KWI,2176,AUH,2179,,0,320
EY,2222,BEY,2177,AUH,2179,,0,320
EY,2222,AUH,2179,YYZ,193,,0,77W
EY,2222,AUH,2179,DUS,345,,0,332 333
EY,2222,AUH,2179,TXL,351,Y,0,332
EY,2222,AUH,2179,LHR,507,,0,77W 346 345
EY,2222,AUH,2179,CMN,1074,,0,333
EY,2222,AUH,2179,KRT,1175,,0,320
EY,2222,AUH,2179,LCA,1197,,0,320
EY,2222,AUH,2179,FCO,1555,Y,0,330
EY,2222,AUH,2179,IST,1701,,0,333 737 332 320
EY,2222,AUH,2179,RUH,2082,,0,320 333 332 77W
EY,2222,AUH,2179,MCT,2194,,0,320
EY,2222,AUH,2179,LHE,2207,,0,320 346 332 345 77W
EY,2222,AUH,2179,PEW,2219,,0,320
EY,2222,AUH,2179,NRT,2279,,0,332
EY,2222,AUH,2179,MNL,2397,,0,77W
EY,2222,AUH,2179,MSQ,2954,,0,320
EY,2222,AUH,2179,DEL,3093,,0,320 332
EY,2222,AUH,2179,KTM,3125,,0,320
EY,2222,AUH,2179,MAA,3144,,0,321 320
EY,2222,AUH,2179,MLE,3156,,0,320
EY,2222,AUH,2179,SGN,3205,,0,333 332
EY,2222,AUH,2179,SIN,3316,,0,332
EY,2222,AUH,2179,IAD,3714,,0,346
EY,2222,AUH,2179,SAH,3980,,0,320
EY,2222,AUH,2179,NBO,4059,,0,320
EY,2222,AUH,2179,BGW,4130,,0,320
EY,2222,MCT,2194,AUH,2179,,0,320
EY,2222,KHI,2206,AUH,2179,,0,320
EY,2222,LHE,2207,AUH,2179,,0,77W 320 346 332 345
EY,2222,PEW,2219,AUH,2179,,0,320
EY,2222,BSR,2234,AUH,2179,,0,320
EY,2222,GRU,2564,AUH,2179,,0,345
EY,2222,ALA,2908,AUH,2179,,0,320
EY,2222,TSE,2910,AUH,2179,,0,320
EY,2222,DAC,3076,AUH,2179,,0,77W
EY,2222,HKG,3077,AUH,2179,Y,0,332
EY,2222,HKG,3077,BOM,2997,,0,777
EY,2222,HKG,3077,BKK,3885,Y,0,330
EY,2222,DEL,3093,AUH,2179,,0,332 320
EY,2222,DEL,3093,HKG,3077,,0,330 777
EY,2222,KTM,3125,AUH,2179,,0,320
EY,2222,CCJ,3137,AUH,2179,,0,320
EY,2222,MLE,3156,HRI,8949,Y,0,32S
EY,2222,HKT,3179,BKK,3885,Y,0,32S 320
EY,2222,MDL,3222,BKK,3885,Y,0,320
EY,2222,CGK,3275,AUH,2179,,0,77W 332
EY,2222,BNE,3320,SIN,3316,,0,332
EY,2222,PVG,3406,AUH,2179,,0,333
EY,2222,JFK,3797,MSY,3861,Y,0,E90 320
EY,2222,ORD,3830,YUL,146,Y,0,CRJ
EY,2222,ORD,3830,YYZ,193,Y,0,EMJ
EY,2222,ORD,3830,ATL,3682,Y,0,E75
EY,2222,ORD,3830,MSY,3861,Y,0,E75
EY,2222,LAS,3877,JFK,3797,Y,0,767 757
EY,2222,BKK,3885,AUH,2179,,0,77W
EY,2222,BKK,3885,HKG,3077,Y,0,330
EY,2222,BKK,3885,KBV,3174,Y,0,320 319
EY,2222,BKK,3885,HKT,3179,Y,0,320
EY,2222,BKK,3885,CNX,3931,Y,0,319 320
EY,2222,ICN,3930,AUH,2179,,0,345 346
EY,2222,CNX,3931,BKK,3885,Y,0,32S 319
EY,2222,ATH,3941,AUH,2179,,0,321 320
EY,2222,BGW,4130,AUH,2179,,0,320
EY,2222,HRI,8949,CMB,3024,Y,0,32S
RZ,2226,LIR,1881,SJO,1885,,0,CNA
RZ,2226,SJO,1885,GLF,1879,,0,CNA
RZ,2226,SJO,1885,PMZ,1887,,0,CNA
RZ,2226,SJO,1885,XQP,1889,,0,CNA
RZ,2226,SJO,1885,TNO,5844,,0,CNA
RZ,2226,SJO,1885,PJM,5847,,0,CNA
RZ,2226,SJO,1885,FON,6731,,0,CNA
RZ,2226,XQP,1889,SJO,1885,,0,CNA
RZ,2226,PJM,5847,SJO,1885,,0,CNA
K2,2245,AMS,580,KRK,669,,0,DH4
K2,2245,GDN,668,HEL,421,,0,DH4
K2,2245,GDN,668,ZRH,1678,,0,DH4
K2,2245,KRK,669,ZRH,1678,,0,DH4
K2,2245,RZE,675,BVA,1367,,0,DH4
K2,2245,RZE,675,FCO,1555,,0,DH4
K2,2245,WAW,679,DBV,1200,,0,DH4
K2,2245,WAW,679,ZAD,1209,,0,DH4
K2,2245,WRO,680,GDN,668,,0,DH4
K2,2245,WRO,680,ZRH,1678,,0,DH4
K2,2245,DBV,1200,WAW,679,,0,DH4
K2,2245,CDG,1382,WRO,680,,0,DH4
K2,2245,ZRH,1678,KRK,669,,0,DH4
K2,2245,ZRH,1678,WRO,680,,0,DH4
EW,2260,HAM,342,AMS,580,,0,CRJ
JN,2264,TIA,1190,MXP,1524,,0,320
JN,2264,TIA,1190,VRN,1550,,0,320
JN,2264,BLQ,1538,TIA,1190,,0,320
EO,2293,CAI,1128,TIF,2090,,0,320
EO,2293,CAI,1128,YNB,2096,,0,320
EO,2293,ELQ,2067,CAI,1128,,0,320
EO,2293,TUU,2089,CAI,1128,,0,320
EO,2293,HBE,3410,JED,2072,,0,320
U2,2297,KEF,16,BRS,490,,0,320 319
U2,2297,KEF,16,BSL,1423,,0,320
U2,2297,BRU,302,SXF,337,,0,319
U2,2297,BRU,302,TLS,1273,,0,319
U2,2297,BRU,302,LYS,1335,,0,319
U2,2297,BRU,302,NCE,1354,,0,320 319
U2,2297,BRU,302,NAP,1561,,0,319
U2,2297,SXF,337,BRS,490,,0,319
U2,2297,SXF,337,AGA,1064,,0,320
U2,2297,SXF,337,RAK,1075,,0,320
U2,2297,SXF,337,SOF,1194,,0,319
U2,2297,SXF,337,AGP,1230,,0,320 319
U2,2297,SXF,337,LYS,1335,,0,319
U2,2297,SXF,337,ORY,1386,,0,320
U2,2297,SXF,337,BSL,1423,,0,319 320
U2,2297,SXF,337,HER,1452,,0,319
U2,2297,SXF,337,OLB,1520,,0,320 319
U2,2297,SXF,337,TLV,1590,,0,320
U2,2297,SXF,337,GVA,1665,,0,320 319
U2,2297,DRS,338,BSL,1423,,0,319 320
U2,2297,HAM,342,LTN,492,,0,319 320
U2,2297,HAM,342,CPH,609,,0,319
U2,2297,HAM,342,MXP,1524,,0,319
U2,2297,HAM,342,VCE,1551,,0,319
U2,2297,HAM,342,ATH,3941,,0,319
U2,2297,HAM,342,PMI,3998,,0,319
U2,2297,CGN,344,LGW,502,,0,319
U2,2297,MUC,346,MAN,478,,0,319 320
U2,2297,MUC,346,EDI,535,,0,319
U2,2297,MUC,346,STN,548,,0,319
U2,2297,BFS,465,BHX,469,,0,319
U2,2297,BFS,465,MAN,478,,0,319
U2,2297,BFS,465,STN,548,,0,319 320
U2,2297,BFS,465,KRK,669,,0,319
U2,2297,BFS,465,AGP,1230,,0,319
U2,2297,BFS,465,FAO,1626,,0,319
U2,2297,BFS,465,PMI,3998,,0,319
U2,2297,BHX,469,BFS,465,,0,319
U2,2297,MAN,478,HAM,342,,0,320 319
U2,2297,MAN,478,BFS,465,,0,319
U2,2297,MAN,478,AMS,580,,0,320 319
U2,2297,MAN,478,CPH,609,,0,319 320
U2,2297,MAN,478,SOF,1194,,0,319
U2,2297,MAN,478,BIO,1216,,0,319
U2,2297,MAN,478,AGP,1230,,0,319 320
U2,2297,MAN,478,HER,1452,,0,319 320
U2,2297,MAN,478,JMK,1468,,0,320
U2,2297,MAN,478,JTR,1479,,0,320
U2,2297,MAN,478,SKG,1486,,0,320
U2,2297,MAN,478,CTA,1509,,0,319
U2,2297,MAN,478,VCE,1551,,0,319
U2,2297,MAN,478,PRG,1587,,0,319
U2,2297,MAN,478,TLV,1590,,0,320
U2,2297,MAN,478,DME,4029,,0,319 320
U2,2297,BRS,490,AMS,580,,0,320 319
U2,2297,BRS,490,CPH,609,,0,319
U2,2297,BRS,490,KRK,669,,0,319
U2,2297,BRS,490,FUE,1051,,0,319 320
U2,2297,BRS,490,PFO,1198,,0,320
U2,2297,BRS,490,AGP,1230,,0,320 319
U2,2297,BRS,490,NCE,1354,,0,319 320
U2,2297,BRS,490,CDG,1382,,0,319 320
U2,2297,BRS,490,CFU,1460,,0,320
U2,2297,BRS,490,FCO,1555,,0,320
U2,2297,BRS,490,FAO,1626,,0,319 320
U2,2297,BRS,490,PMI,3998,,0,320 319
U2,2297,LPL,491,AMS,580,,0,319 320
U2,2297,LPL,491,KRK,669,,0,319
U2,2297,LPL,491,LCA,1197,,0,320
U2,2297,LPL,491,ALC,1212,,0,320 319
U2,2297,LPL,491,BCN,1218,,0,319
U2,2297,LPL,491,MAD,1229,,0,320 319
U2,2297,LPL,491,AGP,1230,,0,319
U2,2297,LPL,491,NCE,1354,,0,319 320
U2,2297,LPL,491,CDG,1382,,0,319 320
U2,2297,LPL,491,LIS,1638,,0,319 320
U2,2297,LPL,491,GVA,1665,,0,319 320
U2,2297,LPL,491,PMI,3998,,0,320 319
U2,2297,LPL,491,BJV,4315,,0,319
U2,2297,LTN,492,KEF,16,,0,319
U2,2297,LTN,492,SXF,337,,0,320 319
U2,2297,LTN,492,BFS,465,,0,319 320
U2,2297,LTN,492,EDI,535,,0,320 319
U2,2297,LTN,492,ALC,1212,,0,319 320
U2,2297,LTN,492,IBZ,1225,,0,320 319
U2,2297,LTN,492,BOD,1264,,0,319
U2,2297,LTN,492,MPL,1359,,0,319
U2,2297,LTN,492,HER,1452,,0,320
U2,2297,LTN,492,CFU,1460,,0,320
U2,2297,LTN,492,BUD,1489,,0,319 320
U2,2297,LTN,492,MXP,1524,,0,320 319
U2,2297,LTN,492,TLV,1590,,0,320
U2,2297,LTN,492,ZRH,1678,,0,319 320
U2,2297,JER,499,LGW,502,,0,319
U2,2297,LGW,502,DUS,345,,0,319
U2,2297,LGW,502,MUC,346,,0,319 320
U2,2297,LGW,502,TLL,415,,0,319 320
U2,2297,LGW,502,BFS,465,,0,319
U2,2297,LGW,502,NCL,521,,0,319
U2,2297,LGW,502,EDI,535,,0,320 319
U2,2297,LGW,502,CPH,609,,0,319 320
U2,2297,LGW,502,BGO,636,,0,319
U2,2297,LGW,502,KRK,669,,0,319 320
U2,2297,LGW,502,LPA,1054,,0,320
U2,2297,LGW,502,HRG,1130,,0,320
U2,2297,LGW,502,SOF,1194,,0,319 320
U2,2297,LGW,502,DBV,1200,,0,319 320
U2,2297,LGW,502,SPU,1206,,0,319 320
U2,2297,LGW,502,LEI,1213,,0,319 320
U2,2297,LGW,502,BCN,1218,,0,319 320
U2,2297,LGW,502,MAH,1231,,0,319 320
U2,2297,LGW,502,SVQ,1253,,0,319
U2,2297,LGW,502,BOD,1264,,0,319
U2,2297,LGW,502,NCE,1354,,0,320 319
U2,2297,LGW,502,MPL,1359,,0,319
U2,2297,LGW,502,BSL,1423,,0,320 319
U2,2297,LGW,502,CFU,1460,,0,320
U2,2297,LGW,502,JTR,1479,,0,320
U2,2297,LGW,502,SKG,1486,,0,319 320
U2,2297,LGW,502,ZTH,1488,,0,320
U2,2297,LGW,502,PMO,1512,,0,319
U2,2297,LGW,502,MXP,1524,,0,319 320
U2,2297,LGW,502,NAP,1561,,0,319 320
U2,2297,LGW,502,PRG,1587,,0,319 320
U2,2297,LGW,502,TLV,1590,,0,320
U2,2297,LGW,502,MLA,1606,,0,320 319
U2,2297,LGW,502,VIE,1613,,0,319 320
U2,2297,LGW,502,FAO,1626,,0,320 319
U2,2297,LGW,502,OPO,1636,,0,319 320
U2,2297,LGW,502,AYT,1688,,0,320 319
U2,2297,LGW,502,DME,4029,,0,320
U2,2297,LGW,502,BJV,4315,,0,320
U2,2297,SEN,508,EDI,535,,0,319
U2,2297,SEN,508,AMS,580,,0,319
U2,2297,SEN,508,BCN,1218,,0,319
U2,2297,SEN,508,AGP,1230,,0,319
U2,2297,SEN,508,PMI,3998,,0,319
U2,2297,IOM,520,LPL,491,,0,319
U2,2297,NCL,521,BRS,490,,0,319 320
U2,2297,NCL,521,JER,499,,0,319
U2,2297,NCL,521,LGW,502,,0,319 320
U2,2297,NCL,521,ALC,1212,,0,320 319
U2,2297,NCL,521,MLA,1606,,0,320 319
U2,2297,ABZ,532,LGW,502,,0,319
U2,2297,GLA,534,SXF,337,,0,319
U2,2297,GLA,534,BFS,465,,0,319 320
U2,2297,GLA,534,ALC,1212,,0,319 320
U2,2297,GLA,534,FAO,1626,,0,319
U2,2297,GLA,534,PMI,3998,,0,319
U2,2297,EDI,535,AMS,580,,0,320 319
U2,2297,EDI,535,DBV,1200,,0,320
U2,2297,EDI,535,NCE,1354,,0,319
U2,2297,EDI,535,HER,1452,,0,320
U2,2297,EDI,535,NAP,1561,,0,320 319
U2,2297,EDI,535,LIS,1638,,0,319 320
U2,2297,EDI,535,ATH,3941,,0,319 320
U2,2297,EDI,535,PMI,3998,,0,319
U2,2297,EDI,535,BJV,4315,,0,320
U2,2297,STN,548,SOF,1194,,0,319 320
U2,2297,STN,548,AGP,1230,,0,319
U2,2297,STN,548,NCE,1354,,0,319 320
U2,2297,STN,548,LJU,1569,,0,319
U2,2297,STN,548,DLM,1715,,0,319 320
U2,2297,AMS,580,BFS,465,,0,319
U2,2297,AMS,580,MAN,478,,0,320 319
U2,2297,AMS,580,BRS,490,,0,320 319
U2,2297,AMS,580,LTN,492,,0,320 319
U2,2297,AMS,580,STN,548,,0,320 319
U2,2297,AMS,580,GVA,1665,,0,319 320
U2,2297,CPH,609,BSL,1423,,0,320 319
U2,2297,CPH,609,GVA,1665,,0,319 320
U2,2297,LUX,629,LGW,502,,0,319
U2,2297,KRK,669,BFS,465,,0,319
U2,2297,KRK,669,BRS,490,,0,319
U2,2297,KRK,669,LPL,491,,0,319
U2,2297,FUE,1051,LGW,502,,0,320
U2,2297,ACE,1055,LPL,491,,0,320
U2,2297,TFS,1056,SXF,337,,0,320
U2,2297,TFS,1056,EDI,535,,0,320
U2,2297,TFS,1056,BSL,1423,,0,320
U2,2297,TFS,1056,GVA,1665,,0,320
U2,2297,AGA,1064,SXF,337,,0,320
U2,2297,AGA,1064,LGW,502,,0,319
U2,2297,RAK,1075,SXF,337,,0,320
U2,2297,RAK,1075,STN,548,,0,319
U2,2297,RAK,1075,BOD,1264,,0,320 319
U2,2297,RAK,1075,NCE,1354,,0,319 320
U2,2297,RAK,1075,CDG,1382,,0,320 319
U2,2297,RAK,1075,GVA,1665,,0,319 320
U2,2297,HRG,1130,LGW,502,,0,320
U2,2297,HRG,1130,GVA,1665,,0,320
U2,2297,SOF,1194,SXF,337,,0,319
U2,2297,SOF,1194,MAN,478,,0,319
U2,2297,LCA,1197,LGW,502,,0,320
U2,2297,LCA,1197,MXP,1524,,0,320
U2,2297,PFO,1198,LGW,502,,0,320
U2,2297,DBV,1200,LGW,502,,0,319 320
U2,2297,DBV,1200,GVA,1665,,0,320
U2,2297,SPU,1206,BSL,1423,,0,319
U2,2297,ALC,1212,BRS,490,,0,319 320
U2,2297,ALC,1212,LGW,502,,0,319 320
U2,2297,ALC,1212,BSL,1423,,0,320 319
U2,2297,OVD,1214,STN,548,,0,319
U2,2297,BIO,1216,STN,548,,0,320 319
U2,2297,BCN,1218,BRS,490,,0,319
U2,2297,BCN,1218,LPL,491,,0,319
U2,2297,BCN,1218,LGW,502,,0,319 320
U2,2297,BCN,1218,NCL,521,,0,319 320
U2,2297,BCN,1218,CDG,1382,,0,319
U2,2297,BCN,1218,BSL,1423,,0,320 319
U2,2297,BCN,1218,MXP,1524,,0,320 319
U2,2297,IBZ,1225,SEN,508,,0,319
U2,2297,MJV,1227,LGW,502,,0,319 320
U2,2297,MAD,1229,LGW,502,,0,320 319
U2,2297,MAD,1229,EDI,535,,0,319 320
U2,2297,MAD,1229,LYS,1335,,0,319
U2,2297,MAD,1229,BSL,1423,,0,319 320
U2,2297,MAD,1229,LIS,1638,,0,319
U2,2297,AGP,1230,SXF,337,,0,320 319
U2,2297,AGP,1230,BFS,465,,0,319
U2,2297,AGP,1230,LTN,492,,0,319 320
U2,2297,AGP,1230,LGW,502,,0,320 319
U2,2297,AGP,1230,NCL,521,,0,319 320
U2,2297,AGP,1230,GLA,534,,0,320 319
U2,2297,AGP,1230,STN,548,,0,319
U2,2297,AGP,1230,MXP,1524,,0,319 320
U2,2297,SCQ,1243,LGW,502,,0,319
U2,2297,SCQ,1243,BSL,1423,,0,320 319
U2,2297,SVQ,1253,BSL,1423,,0,320 319
U2,2297,SVQ,1253,GVA,1665,,0,319
U2,2297,BOD,1264,BRU,302,,0,320
U2,2297,BOD,1264,BRS,490,,0,319 320
U2,2297,BOD,1264,LTN,492,,0,319
U2,2297,BOD,1264,RAK,1075,,0,319 320
U2,2297,BOD,1264,NCE,1354,,0,319 320
U2,2297,BOD,1264,LIL,1399,,0,319
U2,2297,BOD,1264,GVA,1665,,0,319 320
U2,2297,TLS,1273,LGW,502,,0,319 320
U2,2297,TLS,1273,LYS,1335,,0,319
U2,2297,TLS,1273,LIL,1399,,0,319
U2,2297,TLS,1273,BSL,1423,,0,319
U2,2297,TLS,1273,GVA,1665,,0,319
U2,2297,BIA,1321,LYS,1335,,0,319
U2,2297,AJA,1324,LYS,1335,,0,319
U2,2297,AJA,1324,CDG,1382,,0,319
U2,2297,LYS,1335,BRU,302,,0,319
U2,2297,LYS,1335,LGW,502,,0,319
U2,2297,LYS,1335,EDI,535,,0,319
U2,2297,LYS,1335,STN,548,,0,319 320
U2,2297,LYS,1335,CMN,1074,,0,319
U2,2297,LYS,1335,BCN,1218,,0,319
U2,2297,LYS,1335,BIA,1321,,0,319
U2,2297,LYS,1335,AJA,1324,,0,319
U2,2297,LYS,1335,VCE,1551,,0,319
U2,2297,LYS,1335,FCO,1555,,0,319
U2,2297,NCE,1354,BRU,302,,0,320 319
U2,2297,NCE,1354,BFS,465,,0,319
U2,2297,NCE,1354,LGW,502,,0,320 319
U2,2297,NCE,1354,STN,548,,0,319 320
U2,2297,NCE,1354,BCN,1218,,0,319 320
U2,2297,NCE,1354,LYS,1335,,0,319
U2,2297,NCE,1354,CDG,1382,,0,320 319
U2,2297,NCE,1354,BSL,1423,,0,319 320
U2,2297,NCE,1354,FCO,1555,,0,319
U2,2297,MPL,1359,LTN,492,,0,319
U2,2297,MPL,1359,BSL,1423,,0,319
U2,2297,CDG,1382,BFS,465,,0,319
U2,2297,CDG,1382,LGW,502,,0,319
U2,2297,CDG,1382,RAK,1075,,0,320 319
U2,2297,CDG,1382,BIQ,1280,,0,319
U2,2297,CDG,1382,CTA,1509,,0,319
U2,2297,CDG,1382,BLQ,1538,,0,319
U2,2297,ORY,1386,TLS,1273,,0,320 319
U2,2297,ORY,1386,PMO,1512,,0,320
U2,2297,ORY,1386,FCO,1555,,0,320 319
U2,2297,ORY,1386,ATH,3941,,0,320
U2,2297,LIL,1399,BOD,1264,,0,319
U2,2297,LIL,1399,TLS,1273,,0,319
U2,2297,LIL,1399,NCE,1354,,0,319 320
U2,2297,BES,1403,LYS,1335,,0,319
U2,2297,NTE,1418,FCO,1555,,0,319
U2,2297,NTE,1418,GVA,1665,,0,319 320
U2,2297,BSL,1423,HAM,342,,0,320 319
U2,2297,BSL,1423,CPH,609,,0,320 319
U2,2297,BSL,1423,SPU,1206,,0,319
U2,2297,BSL,1423,AGP,1230,,0,319 320
U2,2297,BSL,1423,SVQ,1253,,0,320 319
U2,2297,BSL,1423,AJA,1324,,0,319
U2,2297,BSL,1423,SKG,1486,,0,320 319
U2,2297,BSL,1423,FCO,1555,,0,319
U2,2297,BSL,1423,NAP,1561,,0,319 320
U2,2297,BSL,1423,TLV,1590,,0,320
U2,2297,BSL,1423,OPO,1636,,0,319 320
U2,2297,HER,1452,MXP,1524,,0,319 320
U2,2297,HER,1452,GVA,1665,,0,320 319
U2,2297,EFL,1455,LGW,502,,0,319 320
U2,2297,KGS,1458,GLA,534,,0,320
U2,2297,CFU,1460,LTN,492,,0,320
U2,2297,CFU,1460,LGW,502,,0,320
U2,2297,CHQ,1474,LGW,502,,0,320
U2,2297,SKG,1486,MAN,478,,0,320
U2,2297,SKG,1486,BSL,1423,,0,320 319
U2,2297,SKG,1486,FCO,1555,,0,319
U2,2297,BUD,1489,SXF,337,,0,319 320
U2,2297,BUD,1489,LGW,502,,0,319
U2,2297,BRI,1501,CDG,1382,,0,319
U2,2297,BRI,1501,MXP,1524,,0,319 320
U2,2297,BDS,1506,MXP,1524,,0,319 320
U2,2297,BDS,1506,GVA,1665,,0,319 320
U2,2297,SUF,1508,MXP,1524,,0,319 320
U2,2297,CTA,1509,HAM,342,,0,319
U2,2297,CTA,1509,BSL,1423,,0,320
U2,2297,PMO,1512,LGW,502,,0,319
U2,2297,PMO,1512,MXP,1524,,0,319 320
U2,2297,AHO,1517,MXP,1524,,0,319
U2,2297,CAG,1519,SXF,337,,0,320
U2,2297,CAG,1519,BSL,1423,,0,319
U2,2297,OLB,1520,LGW,502,,0,319
U2,2297,OLB,1520,BSL,1423,,0,319
U2,2297,MXP,1524,SXF,337,,0,320 319
U2,2297,MXP,1524,EDI,535,,0,319
U2,2297,MXP,1524,AMS,580,,0,319 320
U2,2297,MXP,1524,BCN,1218,,0,320 319
U2,2297,MXP,1524,MAD,1229,,0,319
U2,2297,MXP,1524,AGP,1230,,0,319 320
U2,2297,MXP,1524,CDG,1382,,0,320 319
U2,2297,MXP,1524,HER,1452,,0,319 320
U2,2297,MXP,1524,JMK,1468,,0,319 320
U2,2297,MXP,1524,PMO,1512,,0,319 320
U2,2297,MXP,1524,AHO,1517,,0,319
U2,2297,MXP,1524,TLV,1590,,0,320
U2,2297,LIN,1529,LGW,502,,0,319 320
U2,2297,LIN,1529,ORY,1386,,0,320
U2,2297,BLQ,1538,LGW,502,,0,320 319
U2,2297,BLQ,1538,CDG,1382,,0,319
U2,2297,VCE,1551,LTN,492,,0,319
U2,2297,VCE,1551,LGW,502,,0,319 320
U2,2297,VCE,1551,NCE,1354,,0,319 320
U2,2297,VCE,1551,NAP,1561,,0,319 320
U2,2297,VCE,1551,GVA,1665,,0,319
U2,2297,FCO,1555,SXF,337,,0,319
U2,2297,FCO,1555,HAM,342,,0,319
U2,2297,FCO,1555,BRS,490,,0,320
U2,2297,FCO,1555,LGW,502,,0,319 320
U2,2297,FCO,1555,AMS,580,,0,319
U2,2297,FCO,1555,CPH,609,,0,319
U2,2297,FCO,1555,TLS,1273,,0,319
U2,2297,FCO,1555,ORY,1386,,0,319 320
U2,2297,FCO,1555,BSL,1423,,0,319
U2,2297,FCO,1555,PRG,1587,,0,319
U2,2297,FCO,1555,GVA,1665,,0,319 320
U2,2297,NAP,1561,LPL,491,,0,319 320
U2,2297,NAP,1561,LGW,502,,0,319 320
U2,2297,NAP,1561,ORY,1386,,0,320
U2,2297,PRG,1587,LGW,502,,0,319 320
U2,2297,PRG,1587,EDI,535,,0,319 320
U2,2297,PRG,1587,MXP,1524,,0,319
U2,2297,TLV,1590,SXF,337,,0,320
U2,2297,TLV,1590,GVA,1665,,0,320
U2,2297,MLA,1606,MAN,478,,0,320
U2,2297,INN,1610,LGW,502,,0,319
U2,2297,FAO,1626,LGW,502,,0,320 319
U2,2297,FAO,1626,GLA,534,,0,319
U2,2297,LIS,1638,LPL,491,,0,319 320
U2,2297,LIS,1638,EDI,535,,0,319 320
U2,2297,LIS,1638,LUX,629,,0,319
U2,2297,LIS,1638,MXP,1524,,0,319 320
U2,2297,GVA,1665,LPL,491,,0,319 320
U2,2297,GVA,1665,SEN,508,,0,319
U2,2297,GVA,1665,EDI,535,,0,319 320
U2,2297,GVA,1665,CPH,609,,0,319 320
U2,2297,GVA,1665,ARN,737,,0,319
U2,2297,GVA,1665,TFS,1056,,0,320
U2,2297,GVA,1665,RAK,1075,,0,319 320
U2,2297,GVA,1665,BIO,1216,,0,319
U2,2297,GVA,1665,TLS,1273,,0,319
U2,2297,GVA,1665,NTE,1418,,0,319 320
U2,2297,GVA,1665,HER,1452,,0,320 319
U2,2297,GVA,1665,JMK,1468,,0,319
U2,2297,GVA,1665,BUD,1489,,0,319 320
U2,2297,GVA,1665,BDS,1506,,0,319 320
U2,2297,GVA,1665,FCO,1555,,0,319 320
U2,2297,GVA,1665,NAP,1561,,0,320 319
U2,2297,GVA,1665,FAO,1626,,0,319 320
U2,2297,GVA,1665,PMI,3998,,0,319 320
U2,2297,ZRH,1678,LTN,492,,0,319 320
U2,2297,AYT,1688,MAN,478,,0,320
U2,2297,AYT,1688,BSL,1423,,0,320
U2,2297,DLM,1715,BRS,490,,0,320
U2,2297,DLM,1715,LGW,502,,0,320 319
U2,2297,DLM,1715,EDI,535,,0,320 319
U2,2297,BEG,1739,FCO,1555,,0,319
U2,2297,ATH,3941,FCO,1555,,0,319
U2,2297,PMI,3998,MAN,478,,0,319 320
U2,2297,PMI,3998,BRS,490,,0,320 319
U2,2297,PMI,3998,LPL,491,,0,320 319
U2,2297,PMI,3998,LTN,492,,0,320 319
U2,2297,PMI,3998,LGW,502,,0,319 320
U2,2297,PMI,3998,STN,548,,0,319
U2,2297,DME,4029,MAN,478,,0,319 320
U2,2297,SSH,4057,MAN,478,,0,320
U2,2297,FNC,4091,BRS,490,,0,320
U2,2297,FNC,4091,LGW,502,,0,320 319
U2,2297,BJV,4315,LPL,491,,0,319
EF,2324,ULN,3380,ULO,7558,,0,DH4
AY,2350,KEF,16,HEL,421,Y,0,75W
AY,2350,DUS,345,HEL,421,Y,0,E90
AY,2350,DUS,345,ORD,3830,,0,763
AY,2350,TXL,351,CPH,609,Y,0,319 73G 738
AY,2350,TXL,351,OSL,644,Y,0,319
AY,2350,TXL,351,ARN,737,Y,0,738 320 321 319
AY,2350,TXL,351,CTA,1509,Y,0,321 320 738
AY,2350,TXL,351,OTP,1657,Y,0,320 73G
AY,2350,TAY,416,HEL,421,Y,0,AT7
AY,2350,HEL,421,BRU,302,,0,319 320 343
AY,2350,HEL,421,DUS,345,Y,0,E90
AY,2350,HEL,421,TAY,416,Y,0,AT7
AY,2350,HEL,421,IVL,428,,0,319 320
AY,2350,HEL,421,KEM,432,Y,0,AT7
AY,2350,HEL,421,KUO,439,,0,319
AY,2350,HEL,421,MHQ,442,Y,0,AT7
AY,2350,HEL,421,AMS,580,,0,320 321
AY,2350,HEL,421,CPH,609,,0,320 319 321
AY,2350,HEL,421,DBV,1200,,0,320 321
AY,2350,HEL,421,MAD,1229,,0,321
AY,2350,HEL,421,MXP,1524,,0,321 320 32B
AY,2350,HEL,421,LJU,1569,,0,320
AY,2350,HEL,421,VIE,1613,,0,320 319
AY,2350,HEL,421,LIS,1638,Y,0,320
AY,2350,HEL,421,AYT,1688,,0,320
AY,2350,HEL,421,LED,2948,Y,0,ATR
AY,2350,HEL,421,MSQ,2954,Y,0,CR2 733
AY,2350,HEL,421,SVO,2985,,0,319 320
AY,2350,HEL,421,CKG,3393,,0,333
AY,2350,HEL,421,ICN,3930,,0,333
AY,2350,HEL,421,GZP,8266,,0,319
AY,2350,JOE,429,HEL,421,Y,0,E70 AT7 ATR E90
AY,2350,JYV,430,HEL,421,Y,0,AT7
AY,2350,KEM,432,HEL,421,Y,0,AT7
AY,2350,KTT,438,HEL,421,,0,319 320
AY,2350,MHQ,442,HEL,421,Y,0,AT7
AY,2350,OUL,446,HEL,421,,0,319 320
AY,2350,MAN,478,HEL,421,Y,0,E90
AY,2350,LHR,507,YYC,178,Y,0,767
AY,2350,LHR,507,YYZ,193,Y,0,788 744
AY,2350,LHR,507,ARN,737,Y,0,321 319 767 320
AY,2350,LHR,507,LIS,1638,Y,0,320
AY,2350,LHR,507,BOS,3448,,0,744 777
AY,2350,LHR,507,SFO,3469,,0,744
AY,2350,LHR,507,LAX,3484,,0,744 388
AY,2350,LHR,507,EWR,3494,,0,777 788
AY,2350,LHR,507,BWI,3849,,0,767
AY,2350,AMS,580,HEL,421,,0,320 321
AY,2350,DUB,599,JFK,3797,,0,757
AY,2350,DUB,599,ORD,3830,,0,763
AY,2350,CPH,609,HEL,421,,0,320 319 321
AY,2350,OSL,644,AAL,628,,0,J31
AY,2350,GOT,687,BMA,738,Y,0,AR1
AY,2350,UME,728,BMA,738,Y,0,AR1 AR8
AY,2350,ARN,737,LHR,507,Y,0,320 321 319 767
AY,2350,BMA,738,MMX,708,Y,0,AR1 AR8
AY,2350,BCN,1218,MIA,3576,,0,763
AY,2350,MAD,1229,FRA,340,Y,0,32A
AY,2350,MAD,1229,HEL,421,,0,321
AY,2350,MAD,1229,MIA,3576,,0,763 333 346
AY,2350,MAD,1229,ORD,3830,,0,333
AY,2350,AGP,1230,HEL,421,,0,320 32B 321
AY,2350,VLC,1246,MAD,1229,Y,0,CR9 CR2
AY,2350,VGO,1250,MAD,1229,Y,0,32S
AY,2350,MRS,1353,CDG,1382,Y,0,319
AY,2350,CDG,1382,HEL,421,,0,321 320 32B 319
AY,2350,CDG,1382,MIA,3576,Y,0,763
AY,2350,CDG,1382,DFW,3670,Y,0,763 777
AY,2350,CDG,1382,JFK,3797,,0,763 757
AY,2350,CDG,1382,ORD,3830,Y,0,763
AY,2350,CTA,1509,DUS,345,Y,0,321 738
AY,2350,CTA,1509,MUC,346,Y,0,738
AY,2350,CTA,1509,TXL,351,Y,0,321 320 738
AY,2350,MXP,1524,HEL,421,,0,321 320 32B
AY,2350,MXP,1524,JFK,3797,Y,0,763
AY,2350,FCO,1555,ORD,3830,,0,763
AY,2350,FLR,1563,DUS,345,Y,0,DH4
AY,2350,LJU,1569,HEL,421,,0,320
AY,2350,SZG,1612,HAM,342,Y,0,320 319
AY,2350,SZG,1612,TXL,351,Y,0,319
AY,2350,VIE,1613,ARN,737,Y,0,E90
AY,2350,VIE,1613,FLR,1563,Y,0,DH4
AY,2350,LIS,1638,LHR,507,Y,0,320
AY,2350,LIS,1638,GVA,1665,Y,0,320 321
AY,2350,OTP,1657,TXL,351,Y,0,320 73G
AY,2350,GVA,1665,OPO,1636,Y,0,319
AY,2350,ZRH,1678,HEL,421,,0,319 320
AY,2350,AYT,1688,HEL,421,,0,320
AY,2350,MSQ,2954,HEL,421,Y,0,CR2 733
AY,2350,SVX,2975,HEL,421,,0,319
AY,2350,HKG,3077,HEL,421,,0,343
AY,2350,HKG,3077,CNS,3322,Y,0,333
AY,2350,HKG,3077,MEL,3339,,0,333
AY,2350,SIN,3316,HEL,421,,0,343
AY,2350,BNE,3320,HKG,3077,,0,333
AY,2350,CNS,3322,HKG,3077,Y,0,333
AY,2350,PEK,3364,HEL,421,,0,333
AY,2350,CKG,3393,HEL,421,,0,333
AY,2350,LAX,3484,LHR,507,,0,744 388
AY,2350,EWR,3494,LHR,507,,0,777 788
AY,2350,MIA,3576,LHR,507,,0,744 777
AY,2350,MIA,3576,BCN,1218,,0,763
AY,2350,MIA,3576,MAD,1229,,0,333 763 346
AY,2350,MIA,3576,MXP,1524,Y,0,763
AY,2350,TPA,3646,LGW,502,,0,777
AY,2350,DFW,3670,MAD,1229,,0,777
AY,2350,ATL,3682,LHR,507,Y,0,777
AY,2350,SAN,3731,LHR,507,,0,777
AY,2350,JFK,3797,YUL,146,Y,0,ERD
AY,2350,JFK,3797,MAN,478,Y,0,757
AY,2350,JFK,3797,LHR,507,,0,744 77W 777
AY,2350,JFK,3797,DUB,599,,0,757
AY,2350,JFK,3797,FCO,1555,Y,0,763
AY,2350,ORD,3830,DUS,345,,0,763
AY,2350,ORD,3830,LHR,507,,0,763 777 744
AY,2350,ORD,3830,DUB,599,,0,763
AY,2350,ORD,3830,CDG,1382,Y,0,763
AY,2350,BWI,3849,LHR,507,,0,767
AY,2350,LAS,3877,LGW,502,,0,777
AY,2350,MCO,3878,LGW,502,,0,777
AY,2350,ICN,3930,HEL,421,,0,333
AY,2350,NGO,3942,HEL,421,,0,333
AY,2350,VNO,3959,HEL,421,Y,0,E90 E70 AT7
FY,2353,KBR,3298,JHB,3303,,0,AT7
FY,2353,KBR,3298,SZB,3408,,0,AT7
FY,2353,KTE,3300,SZB,3408,,0,AT7
FY,2353,LGK,3305,PEN,3308,,0,AT7
FY,2353,PEN,3308,BTJ,3294,,0,AT7
FY,2353,PEN,3308,LGK,3305,,0,AT7
FY,2353,PEN,3308,SZB,3408,,0,AT7
FY,2353,SZB,3408,USM,3177,,0,AT7
FY,2353,SZB,3408,AOR,3296,,0,AT7
FY,2353,SZB,3408,KBR,3298,,0,AT7
FY,2353,SZB,3408,PEN,3308,,0,AT7
FY,2353,SZB,3408,BTH,3903,,0,AT7
7F,2354,YBK,29,YUT,147,,0,AT4
7F,2354,YCB,32,YCO,37,,0,AT7
7F,2354,YCB,32,YZF,196,,0,AT7 73M
7F,2354,YCY,40,YIO,75,,0,AT4
7F,2354,YEG,49,YZF,196,,0,73M 737
7F,2354,YEK,50,YXN,5534,,0,AT4
7F,2354,YFB,55,YOW,100,,0,73M
7F,2354,YFB,55,YTE,140,,0,AT4
7F,2354,YFB,55,YVP,154,,0,73M
7F,2354,YFB,55,YXP,170,,0,AT4
7F,2354,YFB,55,YGT,5495,,0,AT4
7F,2354,YFB,55,YLC,5509,Y,0,DHT
7F,2354,YFB,55,YAB,8225,,0,AT4
7F,2354,YFS,60,YZF,196,,0,AT4 AT7
7F,2354,YHI,68,YCO,37,,0,AT7
7F,2354,YHK,69,YCB,32,,0,AT7
7F,2354,YHK,69,YYH,183,,0,AT7
7F,2354,YIO,75,YCY,40,,0,AT4
7F,2354,YRT,132,YBK,29,,0,AT4
7F,2354,YRT,132,YEK,50,,0,AT4
7F,2354,YRT,132,YWG,160,,0,73M AT4
7F,2354,YRT,132,YXN,5534,,0,AT4
7F,2354,YUL,146,YVP,154,,0,73M
7F,2354,YUT,147,YBK,29,,0,AT4
7F,2354,YVM,152,YXP,170,,0,AT4
7F,2354,YVP,154,YFB,55,,0,73M
7F,2354,YVQ,155,YZF,196,,0,73M
7F,2354,YXP,170,YFB,55,,0,AT4
7F,2354,YYH,183,YHK,69,,0,AT7
7F,2354,YYH,183,YZF,196,,0,AT7
7F,2354,YZF,196,YCB,32,,0,73M AT7
7F,2354,YZF,196,YEG,49,,0,73M 737
7F,2354,YZF,196,YFS,60,,0,AT4 AT7
7F,2354,YZF,196,YHK,69,,0,AT7 AT4
7F,2354,YZF,196,YHY,72,,0,AT4 AT7
7F,2354,YZF,196,YRT,132,,0,73M
7F,2354,YCS,5487,YZS,41,,0,AT4
7F,2354,YCS,5487,YRT,132,,0,AT4
7F,2354,YGT,5495,YUX,148,,0,AT4
7F,2354,YLC,5509,YFB,55,Y,0,DHT
7F,2354,YXN,5534,YEK,50,,0,AT4
7F,2354,YXN,5534,YRT,132,,0,AT4
B5,2395,HAH,912,MBA,1145,,0,F28
B5,2395,HGA,1121,WJR,1149,,0,CRJ
B5,2395,WIL,1147,WJR,1149,,0,BE1
B5,2395,WIL,1147,LKG,5693,,0,BE1
B5,2395,WJR,1149,HGA,1121,,0,CRJ
B5,2395,NBO,4059,MBA,1145,,0,F28 CRJ
B5,2395,NBO,4059,WJR,1149,,0,CRJ
B5,2395,NBO,4059,MGQ,5687,,0,F28 DC9 CRJ
B5,2395,ASV,5692,WIL,1147,,0,CNA
B5,2395,LKG,5693,WIL,1147,,0,BE1
B5,2395,MYD,5694,WIL,1147,,0,BE1
B5,2395,MRE,7424,WIL,1147,,0,CNA
B5,2395,UKA,7976,WIL,1147,,0,BE1
F2,2409,WIL,1147,LAU,1144,,0,DH8
F2,2409,WIL,1147,JRO,1180,,0,DH8
F2,2409,WIL,1147,UAS,6773,,0,DH8
F2,2409,WIL,1147,UKA,7976,,0,DH8
F2,2409,JRO,1180,WIL,1147,,0,DH8
F2,2409,ASV,5692,WIL,1147,,0,DH8
F2,2409,NYK,5695,WIL,1147,,0,DH8
F2,2409,MRE,7424,WIL,1147,,0,DH8
F2,2409,UKA,7976,WIL,1147,,0,DH8
D7,2417,HND,2359,KUL,3304,,0,330
D7,2417,CMB,3024,KUL,3304,,0,330
D7,2417,KUL,3304,JED,2072,,0,330
D7,2417,KUL,3304,TPE,2276,,0,330
D7,2417,KUL,3304,PUS,2372,,0,330
D7,2417,KUL,3304,CMB,3024,,0,330
D7,2417,KUL,3304,KTM,3125,,0,330
D7,2417,KUL,3304,ADL,3341,,0,330
D7,2417,KUL,3304,HGH,3386,,0,330
D7,2417,KUL,3304,NGO,3942,,0,330
D7,2417,PER,3351,KUL,3304,,0,330
D7,2417,SYD,3361,KUL,3304,,0,330
D7,2417,PEK,3364,KUL,3304,,0,330
D7,2417,ICN,3930,KUL,3304,,0,330
D7,2417,NGO,3942,KUL,3304,,0,330
D7,2417,KIX,3992,KUL,3304,,0,330
TE,2418,CAW,2543,SDU,2612,,0,L4T
TE,2418,CAW,2543,VIX,2638,,0,L4T
TE,2418,CAW,2543,MEA,6037,,0,L4T
TE,2418,SJK,2615,SDU,2612,,0,L4T
TE,2418,CFB,7364,SDU,2612,,0,L4T
LF,2419,VTE,3120,BKK,3885,,0,737
F7,2420,LEJ,348,AMS,580,,0,S20
F7,2420,AMS,580,LEJ,348,,0,S20
F7,2420,CTA,1509,LMP,1510,Y,0,AT7
F7,2420,FCO,1555,GVA,1665,,0,AT7
F7,2420,GVA,1665,STR,350,,0,S20
F7,2420,GVA,1665,BOD,1264,,0,AT7
F7,2420,GVA,1665,TLS,1273,,0,AT7
F7,2420,GVA,1665,FCO,1555,,0,AT7
F7,2420,GVA,1665,ZRH,1678,,0,S20
F7,2420,GVA,1665,BEG,1739,,0,S20
F7,2420,ZRH,1678,FLR,1563,,0,S20
F7,2420,BEG,1739,GVA,1665,,0,S20
BE,2421,CGN,344,BHX,469,,0,DH4 E75
BE,2421,HAJ,352,BHX,469,,0,E75
BE,2421,HAJ,352,MAN,478,,0,E75
BE,2421,TAY,416,HEL,421,,0,AT7
BE,2421,HEL,421,KAJ,433,,0,AT7
BE,2421,HEL,421,MHQ,442,,0,AT7
BE,2421,HEL,421,NRK,743,,0,AT7
BE,2421,JYV,430,HEL,421,,0,AT7
BE,2421,KEM,432,HEL,421,,0,AT7
BE,2421,KAJ,433,HEL,421,,0,AT7
BE,2421,MHQ,442,HEL,421,,0,AT7
BE,2421,BHD,467,LBA,517,,0,DH4
BE,2421,BHD,467,EMA,523,,0,DH4
BE,2421,BHD,467,ABZ,532,,0,DH4
BE,2421,BHD,467,GLA,534,,0,DH4
BE,2421,BHD,467,EDI,535,,0,DH4
BE,2421,BHX,469,CGN,344,,0,DH4 E75
BE,2421,BHX,469,DUS,345,,0,E75 DH4 E95
BE,2421,BHX,469,JER,499,,0,DH4 E75
BE,2421,BHX,469,GLA,534,,0,DH4 E75
BE,2421,BHX,469,EDI,535,,0,DH4 E75
BE,2421,BHX,469,DBV,1200,,0,E75
BE,2421,BHX,469,LYS,1335,,0,E75
BE,2421,BHX,469,FLR,1563,,0,E75
BE,2421,BHX,469,OPO,1636,,0,E75
BE,2421,MAN,478,SOU,495,,0,DH4
BE,2421,MAN,478,JER,499,,0,E75 DH4
BE,2421,MAN,478,IOM,520,,0,DH4 E75
BE,2421,MAN,478,ABZ,532,,0,E75 DH4
BE,2421,MAN,478,INV,533,,0,DH4
BE,2421,MAN,478,GLA,534,,0,DH4
BE,2421,MAN,478,NWI,547,Y,0,D38
BE,2421,MAN,478,WAT,605,,0,DH4
BE,2421,MAN,478,NTE,1418,,0,E75 DH4
BE,2421,MAN,478,MXP,1524,,0,E75
BE,2421,NQY,481,MAN,478,,0,DH4
BE,2421,NQY,481,LGW,502,,0,DH4
BE,2421,CWL,488,BHD,467,,0,DH4
BE,2421,LPL,491,IOM,520,,0,DH4
BE,2421,SOU,495,JER,499,,0,DH4 E95
BE,2421,SOU,495,NCL,521,,0,DH4
BE,2421,SOU,495,AMS,580,,0,DH4 E75
BE,2421,SOU,495,DUB,599,,0,DH4 E95
BE,2421,SOU,495,ALC,1212,,0,E95
BE,2421,SOU,495,AGP,1230,,0,E95
BE,2421,SOU,495,EGC,1265,,0,DH4
BE,2421,GCI,498,BHX,469,,0,DH4
BE,2421,JER,499,MAN,478,,0,E75 DH4
BE,2421,JER,499,SOU,495,,0,DH4 E95
BE,2421,JER,499,NWI,547,,0,DH4
BE,2421,LGW,502,NQY,481,,0,DH4
BE,2421,LBA,517,GLA,534,Y,0,SF3
BE,2421,IOM,520,BHX,469,,0,DH4
BE,2421,NCL,521,BHD,467,,0,DH4
BE,2421,EMA,523,BHD,467,,0,DH4
BE,2421,EMA,523,GLA,534,,0,DH4
BE,2421,EMA,523,EDI,535,,0,DH4
BE,2421,KOI,529,ABZ,532,Y,0,SF3 S20
BE,2421,KOI,529,EDI,535,Y,0,SF3
BE,2421,ABZ,532,MAN,478,,0,E75 DH4
BE,2421,ABZ,532,LSI,530,Y,0,SF3 S20
BE,2421,INV,533,BHX,469,,0,DH4 E75
BE,2421,INV,533,KOI,529,Y,0,SF3
BE,2421,INV,533,EDI,535,Y,0,D38
BE,2421,GLA,534,BHX,469,,0,DH4 E75
BE,2421,GLA,534,SOU,495,,0,DH4
BE,2421,GLA,534,JER,499,,0,DH4
BE,2421,GLA,534,LSI,530,Y,0,SF3
BE,2421,GLA,534,ILY,536,Y,0,SF3
BE,2421,GLA,534,CAL,5563,Y,0,DHT
BE,2421,GLA,534,BRR,5575,Y,0,DHT
BE,2421,EDI,535,BHD,467,,0,DH4
BE,2421,EDI,535,MAN,478,,0,DH4 E75
BE,2421,EDI,535,EMA,523,,0,DH4
BE,2421,EDI,535,NWI,547,,0,D38
BE,2421,EDI,535,CDG,1382,Y,0,ARJ
BE,2421,ILY,536,GLA,534,Y,0,SF3
BE,2421,SYY,541,INV,533,Y,0,SF3 D38
BE,2421,SYY,541,GLA,534,Y,0,SF3
BE,2421,NWI,547,EDI,535,,0,D38
BE,2421,EXT,552,AMS,580,,0,DH4
BE,2421,EXT,552,CDG,1382,,0,DH4
BE,2421,EXT,552,FAO,1626,,0,E95
BE,2421,AMS,580,SOU,495,,0,DH4 E75
BE,2421,DUB,599,CFN,5577,Y,0,SF3
BE,2421,WAT,605,BHX,469,,0,DH4
BE,2421,WAT,605,MAN,478,,0,DH4
BE,2421,DBV,1200,BHX,469,,0,E75
BE,2421,AGP,1230,SOU,495,,0,E95
BE,2421,AGP,1230,EXT,552,,0,E95
BE,2421,LIG,1270,SOU,495,,0,DH4
BE,2421,LYS,1335,BHX,469,,0,E75
BE,2421,CDG,1382,MAN,478,,0,E75 DH4
BE,2421,CDG,1382,EDI,535,Y,0,ARJ
BE,2421,CDG,1382,EXT,552,,0,DH4
BE,2421,RNS,1415,EXT,552,,0,DH4
BE,2421,NTE,1418,MAN,478,,0,E75 DH4
BE,2421,MXP,1524,BHX,469,,0,E75
BE,2421,MXP,1524,MAN,478,,0,E75
BE,2421,FAO,1626,EXT,552,,0,E95
BE,2421,OPO,1636,BHX,469,,0,E75
BE,2421,CAL,5563,GLA,534,Y,0,DHT
BE,2421,CFN,5577,DUB,599,Y,0,SF3
BE,2421,LRH,6493,SOU,495,,0,DH4
VY,2439,ORN,231,ALC,1212,,0,320
VY,2439,BRU,302,ALC,1212,,0,320
VY,2439,BRU,302,AGP,1230,,0,320
VY,2439,BRU,302,SCQ,1243,,0,320
VY,2439,BRU,302,OPO,1636,,0,320
VY,2439,FRA,340,BCN,1218,,0,320
VY,2439,HAM,342,BCN,1218,,0,320
VY,2439,HAM,342,AGP,1230,,0,320
VY,2439,DUS,345,BCN,1218,,0,320
VY,2439,LEJ,348,BCN,1218,,0,319 320
VY,2439,STR,350,BCN,1218,,0,320
VY,2439,TXL,351,BCN,1218,,0,320
VY,2439,CWL,488,AGP,1230,,0,320
VY,2439,LHR,507,LCG,1220,,0,320
VY,2439,EDI,535,BCN,1218,,0,320
VY,2439,AMS,580,VLC,1246,,0,320
VY,2439,CPH,609,AGP,1230,,0,320
VY,2439,WAW,679,BCN,1218,,0,320
VY,2439,GOT,687,BCN,1218,,0,320
VY,2439,FUE,1051,BIO,1216,,0,320
VY,2439,LPA,1054,BCN,1218,,0,320
VY,2439,LPA,1054,SVQ,1253,,0,320
VY,2439,ACE,1055,BIO,1216,,0,320
VY,2439,TFN,1057,AGP,1230,,0,320
VY,2439,TFN,1057,SVQ,1253,,0,320
VY,2439,TNG,1080,BCN,1218,,0,320
VY,2439,DBV,1200,BCN,1218,,0,320
VY,2439,ALC,1212,ORN,231,,0,320
VY,2439,ALC,1212,CWL,488,,0,320
VY,2439,ALC,1212,BIO,1216,,0,320
VY,2439,ALC,1212,ORY,1386,,0,320
VY,2439,ALC,1212,PMI,3998,,0,320
VY,2439,ALC,1212,DME,4029,,0,320
VY,2439,LEI,1213,BCN,1218,,0,320
VY,2439,OVD,1214,BCN,1218,,0,320
VY,2439,BIO,1216,FUE,1051,,0,320
VY,2439,BIO,1216,ACE,1055,,0,320
VY,2439,BIO,1216,TFN,1057,,0,320
VY,2439,BIO,1216,BCN,1218,,0,320
VY,2439,BIO,1216,AGP,1230,,0,320
VY,2439,BIO,1216,SVQ,1253,,0,320
VY,2439,BIO,1216,MXP,1524,,0,320
VY,2439,BCN,1218,ORN,231,,0,320
VY,2439,BCN,1218,TXL,351,,0,320
VY,2439,BCN,1218,DTM,373,,0,319
VY,2439,BCN,1218,CWL,488,,0,320
VY,2439,BCN,1218,EDI,535,,0,320
VY,2439,BCN,1218,CPH,609,,0,320
VY,2439,BCN,1218,GOT,687,,0,320
VY,2439,BCN,1218,BJL,1050,,0,320
VY,2439,BCN,1218,LPA,1054,,0,320
VY,2439,BCN,1218,ACE,1055,,0,320
VY,2439,BCN,1218,TFS,1056,,0,320
VY,2439,BCN,1218,FEZ,1066,,0,320
VY,2439,BCN,1218,ZAG,1208,,0,320
VY,2439,BCN,1218,ALC,1212,,0,320
VY,2439,BCN,1218,LEI,1213,,0,320
VY,2439,BCN,1218,OVD,1214,,0,320
VY,2439,BCN,1218,BIO,1216,,0,320
VY,2439,BCN,1218,XRY,1226,,0,320
VY,2439,BCN,1218,MAD,1229,,0,320
VY,2439,BCN,1218,AGP,1230,,0,320
VY,2439,BCN,1218,VLL,1247,,0,320
VY,2439,BCN,1218,LYS,1335,,0,320
VY,2439,BCN,1218,MRS,1353,,0,320
VY,2439,BCN,1218,CDG,1382,,0,320 319
VY,2439,BCN,1218,RNS,1415,,0,320
VY,2439,BCN,1218,BRI,1501,,0,320
VY,2439,BCN,1218,MXP,1524,,0,320
VY,2439,BCN,1218,TRN,1526,,0,320
VY,2439,BCN,1218,FCO,1555,,0,320
VY,2439,BCN,1218,FLR,1563,,0,319
VY,2439,BCN,1218,TLV,1590,,0,320
VY,2439,BCN,1218,VIE,1613,,0,320
VY,2439,BCN,1218,OTP,1657,,0,320
VY,2439,BCN,1218,IEV,2944,,0,320
VY,2439,BCN,1218,LED,2948,,0,320
VY,2439,BCN,1218,NDR,5673,,0,320
VY,2439,LCG,1220,BCN,1218,,0,320
VY,2439,GRX,1223,BCN,1218,,0,320
VY,2439,GRX,1223,PMI,3998,,0,320
VY,2439,IBZ,1225,AMS,580,,0,320
VY,2439,IBZ,1225,BIO,1216,,0,320
VY,2439,IBZ,1225,ORY,1386,,0,320
VY,2439,MAD,1229,IBZ,1225,,0,320
VY,2439,MAD,1229,CDG,1382,,0,320
VY,2439,AGP,1230,BRU,302,,0,320
VY,2439,AGP,1230,HAJ,352,,0,320
VY,2439,AGP,1230,LPA,1054,,0,320
VY,2439,AGP,1230,TFN,1057,,0,320
VY,2439,AGP,1230,OVD,1214,,0,320
VY,2439,AGP,1230,BIO,1216,,0,320
VY,2439,AGP,1230,SCQ,1243,,0,320
VY,2439,AGP,1230,TLS,1273,,0,320
VY,2439,AGP,1230,LYS,1335,,0,320
VY,2439,AGP,1230,NTE,1418,,0,320
VY,2439,AGP,1230,FCO,1555,,0,320
VY,2439,AGP,1230,DME,4029,,0,320
VY,2439,EAS,1242,BCN,1218,,0,319
VY,2439,VLC,1246,BRU,302,,0,320
VY,2439,VLC,1246,FCO,1555,,0,320
VY,2439,VGO,1250,BCN,1218,,0,320
VY,2439,SVQ,1253,LPA,1054,,0,320
VY,2439,SVQ,1253,LCG,1220,,0,320
VY,2439,BOD,1264,BCN,1218,,0,320
VY,2439,TLS,1273,BCN,1218,,0,320
VY,2439,TLS,1273,AGP,1230,,0,320
VY,2439,LYS,1335,PMI,3998,,0,320
VY,2439,MRS,1353,BCN,1218,,0,320
VY,2439,NCE,1354,BCN,1218,,0,320
VY,2439,ORY,1386,AGP,1230,,0,320
VY,2439,ORY,1386,BLQ,1538,,0,320
VY,2439,ORY,1386,FLR,1563,,0,319
VY,2439,ORY,1386,LIS,1638,,0,320
VY,2439,ORY,1386,PMI,3998,,0,320
VY,2439,RNS,1415,BCN,1218,,0,320
VY,2439,NTE,1418,BCN,1218,,0,320
VY,2439,NTE,1418,FCO,1555,,0,320
VY,2439,MXP,1524,BIO,1216,,0,320
VY,2439,MXP,1524,BCN,1218,,0,320
VY,2439,TRN,1526,BCN,1218,,0,320
VY,2439,BLQ,1538,BCN,1218,,0,320
VY,2439,FCO,1555,ALC,1212,,0,320
VY,2439,FCO,1555,CTA,1509,,0,320
VY,2439,PSA,1562,BCN,1218,,0,320
VY,2439,FLR,1563,BCN,1218,,0,319
VY,2439,FLR,1563,MAD,1229,,0,319
VY,2439,FLR,1563,PMO,1512,,0,319
VY,2439,FLR,1563,CAG,1519,,0,319
VY,2439,MLA,1606,BCN,1218,,0,320
VY,2439,VIE,1613,BCN,1218,,0,320
VY,2439,OPO,1636,BRU,302,,0,320
VY,2439,OPO,1636,ORY,1386,,0,320
VY,2439,LED,2948,BCN,1218,,0,320
VY,2439,PMI,3998,ALC,1212,,0,320
VY,2439,PMI,3998,BIO,1216,,0,320
VY,2439,PMI,3998,BCN,1218,,0,320
VY,2439,PMI,3998,GRX,1223,,0,320
VY,2439,PMI,3998,SVQ,1253,,0,320
VY,2439,PMI,3998,LYS,1335,,0,320
VY,2439,PMI,3998,MRS,1353,,0,320
VY,2439,PMI,3998,ORY,1386,,0,320
VY,2439,PMI,3998,DME,4029,,0,320
VY,2439,DME,4029,BCN,1218,,0,320
VY,2439,DME,4029,PMI,3998,,0,320
VY,2439,NDR,5673,BCN,1218,,0,320
F9,2468,PUJ,1760,CLE,3486,,0,320
F9,2468,PUJ,1760,PIT,3570,,0,320
F9,2468,CZM,1800,DEN,3751,,0,319
F9,2468,PVR,1836,ORD,3830,,0,320
F9,2468,SJD,1840,DEN,3751,,0,320
F9,2468,CUN,1852,CLE,3486,,0,320
F9,2468,CUN,1852,PIT,3570,,0,320
F9,2468,CUN,1852,PHL,3752,,0,320
F9,2468,SJO,1885,DEN,3751,,0,319
F9,2468,TTN,3447,CLE,3486,,0,319
F9,2468,TTN,3447,FLL,3533,,0,319
F9,2468,TTN,3447,IND,3585,,0,319
F9,2468,TTN,3447,TPA,3646,,0,319
F9,2468,TTN,3447,ATL,3682,,0,319
F9,2468,TTN,3447,BNA,3690,,0,319
F9,2468,OMA,3454,DEN,3751,,0,319
F9,2468,MSN,3459,DEN,3751,,0,319
F9,2468,PHX,3462,DEN,3751,,0,319 320
F9,2468,GEG,3467,DEN,3751,,0,319
F9,2468,MEM,3473,DEN,3751,,0,319
F9,2468,CLE,3486,PUJ,1760,,0,320
F9,2468,CLE,3486,CUN,1852,,0,320
F9,2468,CVG,3488,TTN,3447,,0,319
F9,2468,CVG,3488,DEN,3751,,0,320 319
F9,2468,MOT,3498,DEN,3751,,0,319
F9,2468,FLL,3533,TTN,3447,,0,319
F9,2468,MDT,3542,MCO,3878,,0,319
F9,2468,IND,3585,TTN,3447,,0,319
F9,2468,DTW,3645,TTN,3447,,0,319
F9,2468,LIT,3660,DEN,3751,,0,319
F9,2468,TYS,3676,DEN,3751,,0,319
F9,2468,BNA,3690,DEN,3751,,0,319 320
F9,2468,FMN,3743,ALS,7073,Y,0,BE1
F9,2468,MDW,3747,DEN,3751,,0,319
F9,2468,DEN,3751,CZM,1800,,0,319
F9,2468,DEN,3751,CUN,1852,,0,320
F9,2468,DEN,3751,OMA,3454,,0,319
F9,2468,DEN,3751,MEM,3473,,0,319
F9,2468,DEN,3751,MOT,3498,,0,319
F9,2468,DEN,3751,DCA,3520,,0,320 319
F9,2468,DEN,3751,SEA,3577,,0,319 320
F9,2468,DEN,3751,TPA,3646,,0,320 319
F9,2468,DEN,3751,LIT,3660,,0,319
F9,2468,DEN,3751,DFW,3670,,0,319 320
F9,2468,DEN,3751,AUS,3673,,0,319
F9,2468,DEN,3751,TYS,3676,,0,319
F9,2468,DEN,3751,ATL,3682,,0,319
F9,2468,DEN,3751,DSM,3729,,0,319
F9,2468,DEN,3751,FMN,3743,Y,0,BE1
F9,2468,DEN,3751,CYS,3804,Y,0,BEH BE1
F9,2468,DEN,3751,PSP,3839,,0,319
F9,2468,DEN,3751,SBA,3949,,0,319
F9,2468,DEN,3751,BZN,4020,,0,319
F9,2468,DEN,3751,CID,4043,,0,319
F9,2468,DEN,3751,BKG,6962,,0,319
F9,2468,RSW,3793,DEN,3751,,0,319 320
F9,2468,ORD,3830,MBJ,1780,,0,320
F9,2468,ORD,3830,PVR,1836,,0,320
F9,2468,ILG,3859,TPA,3646,,0,320
F9,2468,SNA,3867,DEN,3751,,0,319
F9,2468,MCO,3878,MDT,3542,,0,319
F9,2468,MCO,3878,DEN,3751,,0,319 320
F9,2468,MCO,3878,ILG,3859,,0,320
F9,2468,MCO,3878,BMI,4037,,0,319
F9,2468,BMI,4037,DEN,3751,,0,319
F9,2468,BMI,4037,MCO,3878,,0,319
F9,2468,CID,4043,DEN,3751,,0,319
F9,2468,EUG,4099,DEN,3751,,0,319
F9,2468,LBL,4341,DDC,5733,Y,0,BE1
F9,2468,PIR,5761,DEN,3751,Y,0,BE1
F9,2468,WRL,5777,CYS,3804,Y,0,BEH BE1
F9,2468,BKG,6962,DEN,3751,,0,319
F9,2468,UST,6989,TTN,3447,,0,319
F9,2468,AIA,7067,CDR,7066,Y,0,BE1
F9,2468,ALS,7073,FMN,3743,Y,0,BE1
F9,2468,SOW,7078,FMN,3743,Y,0,BE1
GA,2520,IST,1701,SIN,3316,Y,0,333
GA,2520,JED,2072,CGK,3275,,0,777
GA,2520,AUH,2179,CGK,3275,,0,332
GA,2520,TPE,2276,CGK,3275,,0,738
GA,2520,NRT,2279,CGK,3275,,0,777 763
GA,2520,HND,2359,CGK,3275,,0,788
GA,2520,HND,2359,DPS,3940,,0,332
GA,2520,MNL,2397,CGK,3275,Y,0,319 320
GA,2520,HKG,3077,DPS,3940,,0,738
GA,2520,MAA,3144,SIN,3316,,0,73H
GA,2520,UPG,3240,GTO,3247,,0,738
GA,2520,UPG,3240,PLW,3249,,0,738
GA,2520,UPG,3240,TTE,3253,,0,CRK
GA,2520,UPG,3240,SUB,3928,,0,CRK
GA,2520,TIM,3243,DJJ,3244,,0,738
GA,2520,TIM,3243,DPS,3940,,0,738
GA,2520,MKQ,3246,DJJ,3244,,0,738
GA,2520,MDC,3250,SIN,3316,Y,0,319
GA,2520,MDC,3250,BPN,3919,,0,CRK
GA,2520,TTE,3253,UPG,3240,,0,CRK
GA,2520,TTE,3253,MDC,3250,,0,CRK
GA,2520,TTE,3253,CGK,3275,,0,735 CRK
GA,2520,AMQ,3256,UPG,3240,,0,738
GA,2520,AMQ,3256,SUB,3928,,0,CRK
GA,2520,BWN,3272,SUB,3928,Y,0,320 319
GA,2520,PKU,3273,SIN,3316,Y,0,319
GA,2520,CGK,3275,JED,2072,,0,777
GA,2520,CGK,3275,TPE,2276,,0,738
GA,2520,CGK,3275,MNL,2397,Y,0,319 320
GA,2520,CGK,3275,HKG,3077,,0,332 333
GA,2520,CGK,3275,UPG,3240,,0,738 332
GA,2520,CGK,3275,PNK,3284,,0,738 735 CRK
GA,2520,CGK,3275,PEK,3364,,0,333
GA,2520,CGK,3275,BKK,3885,,0,738
GA,2520,CGK,3275,MLG,3894,,0,738
GA,2520,CGK,3275,SRG,3901,,0,738
GA,2520,CGK,3275,PGK,3905,,0,738
GA,2520,CGK,3275,BDJ,3908,,0,738
GA,2520,CGK,3275,SUB,3928,,0,738 332
GA,2520,CGK,3275,SOC,3929,,0,738
GA,2520,CGK,3275,ICN,3930,,0,333 332
GA,2520,CGK,3275,DPS,3940,,0,738 332 777 333
GA,2520,CGK,3275,LOP,8401,,0,738
GA,2520,BKS,3288,CGK,3275,,0,CRK 735
GA,2520,PLM,3289,CGK,3275,,0,738
GA,2520,PLM,3289,DPS,3940,,0,CRK
GA,2520,SIN,3316,TPE,2276,Y,0,333
GA,2520,SIN,3316,BOM,2997,,0,73H
GA,2520,SIN,3316,DEL,3093,,0,73H
GA,2520,SIN,3316,PKU,3273,Y,0,319
GA,2520,SIN,3316,SRG,3901,,0,319
GA,2520,SIN,3316,SUB,3928,,0,738
GA,2520,SIN,3316,DPS,3940,,0,772 738
GA,2520,MEL,3339,CGK,3275,,0,332
GA,2520,MEL,3339,DPS,3940,,0,333
GA,2520,PER,3351,CGK,3275,,0,738
GA,2520,SYD,3361,DPS,3940,,0,332
GA,2520,PVG,3406,CGK,3275,,0,777
GA,2520,BDO,3896,DPS,3940,,0,738
GA,2520,JOG,3898,SIN,3316,,0,319
GA,2520,JOG,3898,BPN,3919,,0,CRK
GA,2520,JOG,3898,DPS,3940,,0,738
GA,2520,SRG,3901,CGK,3275,,0,738
GA,2520,SRG,3901,SUB,3928,,0,CRK
GA,2520,TNJ,3906,CGK,3275,,0,CRK
GA,2520,ENE,3914,KOE,3916,,0,AT7
GA,2520,KOE,3916,TMC,6204,,0,AT7
GA,2520,KOE,3916,LOP,8401,,0,CRK
GA,2520,BPN,3919,UPG,3240,,0,738
GA,2520,BPN,3919,CGK,3275,,0,738 332
GA,2520,BPN,3919,JOG,3898,,0,CRK
GA,2520,BPN,3919,BEJ,6209,,0,CRK
GA,2520,TRK,3920,BPN,3919,,0,CRK
GA,2520,SUB,3928,AMQ,3256,,0,CRK
GA,2520,SUB,3928,BWN,3272,Y,0,319 320
GA,2520,SUB,3928,CGK,3275,,0,738 332
GA,2520,SUB,3928,SIN,3316,,0,738
GA,2520,SUB,3928,BPN,3919,,0,738 CRK
GA,2520,SUB,3928,LOP,8401,,0,CRK
GA,2520,DPS,3940,NRT,2279,,0,333
GA,2520,DPS,3940,PER,3351,,0,738
GA,2520,DPS,3940,SYD,3361,,0,332
GA,2520,DPS,3940,KOE,3916,,0,738 CRK
GA,2520,DPS,3940,BMU,3924,,0,AT7
GA,2520,DPS,3940,SUB,3928,,0,CRK 738
GA,2520,DPS,3940,LOP,8401,,0,AT7 738
GA,2520,KIX,3992,DPS,3940,,0,333
GA,2520,TMC,6204,KOE,3916,,0,AT7
GA,2520,TKG,6223,CGK,3275,,0,738
GA,2520,LOP,8401,CGK,3275,,0,738
GA,2520,LOP,8401,SIN,3316,Y,0,319
GA,2520,LOP,8401,KOE,3916,,0,CRK
GA,2520,LOP,8401,DPS,3940,,0,738 AT7
GA,2520,PDG,8807,CGK,3275,,0,738
4G,2524,VKO,2988,NUX,4364,,0,73G TU5
4G,2524,TJM,4111,NUX,4364,,0,TU5
4G,2524,NUX,4364,TJM,4111,,0,TU5
4G,2524,NYM,6143,VKO,2988,,0,73G
4G,2524,EYK,8428,VKO,2988,,0,YK2
A9,2538,AMS,580,TBS,3973,,0,735
A9,2538,TLV,1590,TBS,3973,,0,737
A9,2538,VIE,1613,TBS,3973,,0,735
A9,2538,VKO,2988,TBS,3973,,0,737
A9,2538,RIX,3953,TBS,3973,,0,733
A9,2538,KUT,3972,TBS,3973,,0,CRJ
A9,2538,TBS,3973,CDG,1382,,0,735
A9,2538,TBS,3973,TLV,1590,,0,737
A9,2538,TBS,3973,RIX,3953,,0,733
A9,2538,TBS,3973,BUS,3971,,0,CRJ
QB,2541,BND,2134,KIH,2109,,0,F50
QB,2541,SYZ,2157,KIH,2109,,0,F50
QB,2541,GSM,5712,DXB,2188,,0,F50
ST,2547,DRS,338,AYT,1688,,0,321
ST,2547,ERF,339,LPA,1054,,0,73G
ST,2547,ERF,339,AYT,1688,,0,73G
ST,2547,FRA,340,AYT,1688,,0,321
ST,2547,DUS,345,RHO,1472,,0,321
ST,2547,DUS,345,EBL,3989,,0,73G
ST,2547,DUS,345,ONQ,7821,,0,73G
ST,2547,MUC,346,EBL,3989,,0,73G
ST,2547,LEJ,348,BRE,353,,0,319
ST,2547,BRE,353,LEJ,348,,0,319
ST,2547,BRE,353,FUE,1051,,0,321
ST,2547,BRE,353,LPA,1054,,0,319
ST,2547,BRE,353,IBZ,1225,,0,319
ST,2547,BRE,353,VIE,1613,,0,319
ST,2547,BRE,353,AYT,1688,,0,319 321
ST,2547,BRE,353,FNC,4091,,0,319
ST,2547,DTM,373,ONQ,7821,,0,73G
ST,2547,FDH,382,PMI,3998,,0,73G
ST,2547,KSF,400,AYT,1688,,0,319
ST,2547,BRS,490,TLS,1273,,0,ER4
ST,2547,LGW,502,ERF,339,,0,319
ST,2547,CEG,519,BRS,490,,0,ER4
ST,2547,FUE,1051,ERF,339,,0,73G
ST,2547,LPA,1054,ERF,339,,0,73G
ST,2547,ACE,1055,BRE,353,,0,319
ST,2547,TFS,1056,ERF,339,,0,73G
ST,2547,TLS,1273,BRS,490,,0,ER4
ST,2547,HER,1452,DUS,345,,0,73G
ST,2547,VIE,1613,BRE,353,,0,319
ST,2547,AYT,1688,DRS,338,,0,321
ST,2547,AYT,1688,LEJ,348,,0,321
ST,2547,BEY,2177,SXF,337,,0,73G
ST,2547,EBL,3989,ARN,737,,0,73G
ST,2547,PMI,3998,FDH,382,,0,73G
ST,2547,PMI,3998,KSF,400,,0,321
ST,2547,PMI,3998,RLG,772,,0,73G
ST,2547,DME,4029,LEJ,348,,0,319
ST,2547,FKB,4166,DME,4029,,0,73G
ST,2547,ISU,5952,ARN,737,,0,73G
ST,2547,ONQ,7821,DTM,373,,0,73G
4U,2548,TUN,287,CGN,344,,0,319
4U,2548,BRU,302,STR,350,,0,319 CRJ
4U,2548,DRS,338,CGN,344,,0,319 CRJ
4U,2548,DRS,338,DUS,345,,0,319 CRJ
4U,2548,DRS,338,STR,350,,0,319 CRJ
4U,2548,DRS,338,CFU,1460,,0,319
4U,2548,HAM,342,OSL,644,,0,CRJ
4U,2548,HAM,342,DBV,1200,,0,319
4U,2548,HAM,342,SPU,1206,,0,319
4U,2548,HAM,342,BCN,1218,,0,319
4U,2548,HAM,342,BIA,1321,,0,CRJ
4U,2548,HAM,342,CDG,1382,,0,319 CRJ
4U,2548,HAM,342,HER,1452,,0,319
4U,2548,HAM,342,SKG,1486,,0,319
4U,2548,HAM,342,NAP,1561,,0,319
4U,2548,HAM,342,FAO,1626,,0,319
4U,2548,HAM,342,ZRH,1678,,0,319 CRJ
4U,2548,HAM,342,FMM,3986,,0,CRJ
4U,2548,CGN,344,TUN,287,,0,319
4U,2548,CGN,344,LEJ,348,,0,CRJ 319 320
4U,2548,CGN,344,EDI,535,,0,319
4U,2548,CGN,344,DUB,599,,0,319
4U,2548,CGN,344,WAW,679,,0,CRJ
4U,2548,CGN,344,RLG,772,,0,319
4U,2548,CGN,344,SPU,1206,,0,319
4U,2548,CGN,344,NCE,1354,,0,319 320
4U,2548,CGN,344,JMK,1468,,0,319
4U,2548,CGN,344,PMO,1512,,0,319 CRJ
4U,2548,CGN,344,BLQ,1538,,0,319
4U,2548,CGN,344,NAP,1561,,0,319 320
4U,2548,CGN,344,PSA,1562,,0,319
4U,2548,CGN,344,PRG,1587,,0,319 320 CRJ
4U,2548,CGN,344,FAO,1626,,0,319 320
4U,2548,CGN,344,SJJ,1646,,0,319
4U,2548,CGN,344,AYT,1688,,0,320
4U,2548,CGN,344,PMI,3998,,0,320 319
4U,2548,DUS,345,NQY,481,,0,CRJ
4U,2548,DUS,345,CWL,488,,0,CRJ
4U,2548,DUS,345,KTW,671,,0,CRJ
4U,2548,DUS,345,POZ,674,,0,CRJ
4U,2548,DUS,345,WAW,679,,0,CRJ
4U,2548,DUS,345,ARN,737,,0,CRJ
4U,2548,DUS,345,BCN,1218,,0,320 319
4U,2548,DUS,345,MAD,1229,,0,CRJ
4U,2548,DUS,345,MPL,1359,,0,CRJ
4U,2548,DUS,345,BRI,1501,,0,CRJ
4U,2548,DUS,345,SUF,1508,,0,CRJ
4U,2548,DUS,345,CAG,1519,,0,CRJ
4U,2548,DUS,345,MXP,1524,,0,CRJ 320
4U,2548,DUS,345,VCE,1551,,0,320 319
4U,2548,DUS,345,GVA,1665,,0,CRJ
4U,2548,DUS,345,PRN,1742,,0,319
4U,2548,DUS,345,PMI,3998,,0,320
4U,2548,NUE,347,TXL,351,,0,319
4U,2548,LEJ,348,CGN,344,,0,CRJ 319 320
4U,2548,LEJ,348,STR,350,,0,319 CRJ
4U,2548,STR,350,DRS,338,,0,319 CRJ
4U,2548,STR,350,HAM,342,,0,319 CRJ
4U,2548,STR,350,TXL,351,,0,320 319 CRJ
4U,2548,STR,350,LHR,507,,0,319 320
4U,2548,STR,350,RLG,772,,0,319
4U,2548,STR,350,DBV,1200,,0,319
4U,2548,STR,350,RJK,1205,,0,319
4U,2548,STR,350,ZAG,1208,,0,319
4U,2548,STR,350,ZAD,1209,,0,319
4U,2548,STR,350,AGP,1230,,0,320 319
4U,2548,STR,350,HER,1452,,0,319
4U,2548,STR,350,CFU,1460,,0,319
4U,2548,STR,350,BRI,1501,,0,319
4U,2548,STR,350,BDS,1506,,0,319
4U,2548,STR,350,SUF,1508,,0,319
4U,2548,STR,350,CAG,1519,,0,319
4U,2548,STR,350,FCO,1555,,0,319
4U,2548,STR,350,FAO,1626,,0,319 320
4U,2548,STR,350,PRN,1742,,0,319
4U,2548,STR,350,PMI,3998,,0,319 320
4U,2548,TXL,351,NUE,347,,0,319
4U,2548,TXL,351,HEL,421,,0,319
4U,2548,TXL,351,BHX,469,,0,319
4U,2548,TXL,351,ZAD,1209,,0,319
4U,2548,TXL,351,IBZ,1225,,0,319
4U,2548,TXL,351,AGP,1230,,0,319
4U,2548,TXL,351,BLQ,1538,,0,319
4U,2548,TXL,351,VIE,1613,,0,319 320
4U,2548,TXL,351,PRN,1742,,0,319
4U,2548,TXL,351,PMI,3998,,0,320
4U,2548,TXL,351,KLU,4322,,0,319 CRJ
4U,2548,HAJ,352,SPU,1206,,0,319
4U,2548,HAJ,352,VIE,1613,,0,319
4U,2548,HAJ,352,PRN,1742,,0,319
4U,2548,HAJ,352,SAW,4317,,0,319
4U,2548,BRE,353,STR,350,,0,319 CRJ
4U,2548,DTM,373,MUC,346,,0,319
4U,2548,HEL,421,TXL,351,,0,319
4U,2548,MAN,478,HAM,342,,0,CRJ
4U,2548,MAN,478,CGN,344,,0,319
4U,2548,LHR,507,STR,350,,0,319 320
4U,2548,LHR,507,TXL,351,,0,319 320
4U,2548,STN,548,STR,350,,0,319
4U,2548,STN,548,HAJ,352,,0,319
4U,2548,DUB,599,CGN,344,,0,319
4U,2548,DUB,599,DUS,345,,0,CRJ
4U,2548,KTW,671,DUS,345,,0,CRJ
4U,2548,WRO,680,DUS,345,,0,CRJ
4U,2548,RLG,772,CGN,344,,0,319
4U,2548,LPA,1054,CGN,344,,0,319
4U,2548,DBV,1200,HAM,342,,0,319
4U,2548,DBV,1200,CGN,344,,0,319
4U,2548,RJK,1205,STR,350,,0,319
4U,2548,SPU,1206,STR,350,,0,319 320
4U,2548,SPU,1206,TXL,351,,0,319
4U,2548,SPU,1206,DTM,373,,0,319
4U,2548,ZAD,1209,CGN,344,,0,319
4U,2548,BIO,1216,DUS,345,,0,CRJ
4U,2548,BCN,1218,DUS,345,,0,320 319
4U,2548,BCN,1218,STR,350,,0,319 320
4U,2548,IBZ,1225,CGN,344,,0,320 319
4U,2548,IBZ,1225,STR,350,,0,319
4U,2548,BIA,1321,HAM,342,,0,CRJ
4U,2548,CLY,1322,CGN,344,,0,319
4U,2548,LYS,1335,DUS,345,,0,CRJ
4U,2548,NCE,1354,HAM,342,,0,319
4U,2548,NCE,1354,TXL,351,,0,319
4U,2548,BSL,1423,DUS,345,,0,CRJ
4U,2548,HER,1452,HAM,342,,0,319
4U,2548,HER,1452,CGN,344,,0,320 319
4U,2548,HER,1452,STR,350,,0,319
4U,2548,HER,1452,HAJ,352,,0,319
4U,2548,KGS,1458,CGN,344,,0,319
4U,2548,RHO,1472,CGN,344,,0,320
4U,2548,SKG,1486,HAM,342,,0,319
4U,2548,BUD,1489,HAM,342,,0,CRJ
4U,2548,BDS,1506,STR,350,,0,319
4U,2548,SUF,1508,CGN,344,,0,319
4U,2548,SUF,1508,STR,350,,0,319
4U,2548,PMO,1512,CGN,344,,0,319 CRJ
4U,2548,CAG,1519,DUS,345,,0,CRJ
4U,2548,CAG,1519,STR,350,,0,319
4U,2548,OLB,1520,DUS,345,,0,CRJ
4U,2548,MXP,1524,HAM,342,,0,319 CRJ
4U,2548,MXP,1524,DUS,345,,0,CRJ 320
4U,2548,BLQ,1538,CGN,344,,0,319
4U,2548,VRN,1550,CGN,344,,0,319
4U,2548,VRN,1550,TXL,351,,0,319
4U,2548,VCE,1551,HAM,342,,0,319 CRJ
4U,2548,FCO,1555,HAM,342,,0,319
4U,2548,FCO,1555,CGN,344,,0,319 320
4U,2548,NAP,1561,CGN,344,,0,319 320
4U,2548,NAP,1561,HAJ,352,,0,319
4U,2548,SZG,1612,CGN,344,,0,319
4U,2548,VIE,1613,CGN,344,,0,319 320
4U,2548,VIE,1613,TXL,351,,0,319 320
4U,2548,FAO,1626,HAM,342,,0,319
4U,2548,SJJ,1646,CGN,344,,0,319
4U,2548,SJJ,1646,TXL,351,,0,319
4U,2548,ZRH,1678,HAM,342,,0,319 CRJ
4U,2548,AYT,1688,CGN,344,,0,320
4U,2548,PRN,1742,DUS,345,,0,319
4U,2548,PRN,1742,STR,350,,0,319
4U,2548,ATH,3941,STR,350,,0,319
4U,2548,FMM,3986,HAM,342,,0,CRJ
4U,2548,FMM,3986,TXL,351,,0,CRJ
4U,2548,PMI,3998,HAM,342,,0,319
4U,2548,PMI,3998,CGN,344,,0,320 319
4U,2548,PMI,3998,DUS,345,,0,320
4U,2548,FKB,4166,HAM,342,,0,CRJ
4U,2548,SAW,4317,STR,350,,0,319
4U,2548,KLU,4322,HAM,342,,0,319 CRJ
4U,2548,KLU,4322,CGN,344,,0,CRJ
4U,2548,HDF,5557,DUS,345,,0,CRJ
4U,2548,HDF,5557,STR,350,,0,CRJ
4U,2548,NDR,5673,CGN,344,,0,319
G8,2575,AMD,2994,CCU,3043,,0,320
G8,2575,BOM,2997,GOI,3007,,0,320
G8,2575,BOM,2997,NAG,3015,,0,320
G8,2575,BOM,2997,PAT,3061,,0,320
G8,2575,BOM,2997,IXC,3089,,0,320
G8,2575,GOI,3007,DEL,3093,,0,320
G8,2575,GOI,3007,BLR,3131,,0,320
G8,2575,PNQ,3017,DEL,3093,,0,320
G8,2575,PNQ,3017,BLR,3131,,0,320
G8,2575,CCU,3043,AMD,2994,,0,320
G8,2575,PAT,3061,CCU,3043,,0,320
G8,2575,PAT,3061,IXR,3063,,0,320
G8,2575,PAT,3061,DEL,3093,,0,320
G8,2575,DEL,3093,PAT,3061,,0,320
G8,2575,DEL,3093,LKO,3105,,0,320
G8,2575,DEL,3093,GAU,6173,,0,320
G8,2575,JAI,3098,BOM,2997,,0,320
G8,2575,IXJ,3100,DEL,3093,,0,320
G8,2575,SXR,3112,IXJ,3100,,0,320
G8,2575,BLR,3131,GOI,3007,,0,320
G8,2575,COK,3136,BOM,2997,,0,320
G8,2575,MAA,3144,IXZ,3146,,0,320
G8,2575,IXZ,3146,CCU,3043,,0,320
G8,2575,IXZ,3146,MAA,3144,,0,320
G8,2575,GAU,6173,DEL,3093,,0,320
DC,2585,THN,693,BMA,738,,0,S20
DC,2585,MMX,708,VBY,746,,0,AT7
DC,2585,BMA,738,VBY,746,,0,AT7 AR1
DC,2585,VBY,746,GSE,691,,0,AT7
DC,2585,VBY,746,MMX,708,,0,AT7
DC,2585,AGH,5597,BMA,738,,0,AT7
ZK,2607,PRC,3446,LAX,3484,,0,BE1
ZK,2607,PHX,3462,PGA,4124,,0,BE1
ZK,2607,PHX,3462,SVC,6135,,0,BE1
ZK,2607,LAX,3484,PRC,3446,,0,BE1
ZK,2607,LAX,3484,IGM,6132,,0,BE1
ZK,2607,FMN,3743,DEN,3751,,0,BE1
ZK,2607,FMN,3743,ALS,7073,,0,BE1
ZK,2607,DEN,3751,PGA,4124,,0,BE1
ZK,2607,DEN,3751,CEZ,4338,,0,BE1
ZK,2607,DEN,3751,BFF,5723,,0,BE1
ZK,2607,DEN,3751,MCK,7068,,0,BEH
ZK,2607,MSP,3858,ATY,5721,,0,BE1
ZK,2607,PGA,4124,PHX,3462,,0,BE1
ZK,2607,PGA,4124,IGM,6132,,0,BE1
ZK,2607,LBL,4341,DEN,3751,,0,BE1 BEH
ZK,2607,ATY,5721,MSP,3858,,0,BE1
ZK,2607,DDC,5733,LBL,4341,,0,BE1
ZK,2607,PIR,5761,HON,3491,,0,BE1
ZK,2607,WRL,5777,CYS,3804,,0,BEH BE1
ZK,2607,CDR,7066,DEN,3751,,0,BE1
ZK,2607,SOW,7078,PHX,3462,,0,BE1
ZK,2607,SOW,7078,FMN,3743,,0,BE1
ZK,2607,MCE,7122,LAX,3484,,0,BE1
TA,2622,HAV,1909,SAL,1892,,0,319 320
TA,2622,GRU,2564,LIM,2789,Y,0,321
TA,2622,LIM,2789,HAV,1909,Y,0,319
TA,2622,LIM,2789,GIG,2560,Y,0,320
TA,2622,MIA,3576,MGA,1863,,0,E90 320 319
GF,2638,FRA,340,BAH,2057,,0,320
GF,2638,LCA,1197,BAH,2057,,0,320
GF,2638,LCA,1197,ATH,3941,Y,0,320
GF,2638,IST,1701,BAH,2057,,0,320
GF,2638,BAH,2057,LHR,507,,0,332 320
GF,2638,BAH,2057,CAI,1128,,0,320 321
GF,2638,BAH,2057,IST,1701,,0,320
GF,2638,BAH,2057,DMM,2064,,0,320
GF,2638,BAH,2057,MED,2074,,0,320
GF,2638,BAH,2057,KWI,2176,,0,320 321
GF,2638,BAH,2057,BEY,2177,,0,320
GF,2638,BAH,2057,AUH,2179,,0,320
GF,2638,BAH,2057,DXB,2188,,0,320 321
GF,2638,BAH,2057,MCT,2194,,0,320
GF,2638,BAH,2057,PEW,2219,,0,330 321 332
GF,2638,BAH,2057,BOM,2997,,0,321 320
GF,2638,BAH,2057,DEL,3093,,0,321
GF,2638,BAH,2057,MAA,3144,,0,321
GF,2638,BAH,2057,BKK,3885,,0,332 330
GF,2638,BAH,2057,MHD,4331,,0,320
GF,2638,BAH,2057,DOH,11051,,0,320
GF,2638,RUH,2082,BAH,2057,,0,320 321
GF,2638,KWI,2176,BAH,2057,,0,320 321
GF,2638,BEY,2177,BAH,2057,,0,320
GF,2638,KHI,2206,BAH,2057,,0,320 321 332
GF,2638,ISB,2223,BAH,2057,,0,330
GF,2638,MAA,3144,BAH,2057,,0,321
GF,2638,ATH,3941,LCA,1197,,0,320
GF,2638,BGW,4130,BAH,2057,,0,320
GF,2638,IKA,4330,BAH,2057,,0,320
GF,2638,SKT,6776,BAH,2057,,0,321
GF,2638,NJF,7490,BAH,2057,,0,321 320
GF,2638,DWC,8076,BAH,2057,,0,320 321
HU,2660,YYZ,193,PEK,3364,,0,787
HU,2660,BRU,302,BCN,1218,,0,319
HU,2660,BRU,302,MAD,1229,,0,319
HU,2660,BRU,302,GVA,1665,Y,0,319
HU,2660,BRU,302,PEK,3364,,0,330
HU,2660,DUS,345,TXL,351,,0,738 320 73G
HU,2660,SCN,349,TXL,351,Y,0,73G 320
HU,2660,TXL,351,DUS,345,,0,320 321
HU,2660,TXL,351,MUC,346,,0,738
HU,2660,TXL,351,NUE,347,,0,DH4
HU,2660,OSL,644,TXL,351,,0,319
HU,2660,GOT,687,TXL,351,,0,73G
HU,2660,JNB,813,AUH,2179,,0,332
HU,2660,KRT,1175,AUH,2179,Y,0,320
HU,2660,BIO,1216,BRU,302,,0,319
HU,2660,BCN,1218,BRU,302,,0,320 319
HU,2660,FCO,1555,BRU,302,,0,319
HU,2660,AUH,2179,JNB,813,,0,332
HU,2660,AUH,2179,KRT,1175,Y,0,320
HU,2660,TPE,2276,LHW,3378,,0,738
HU,2660,TPE,2276,HAK,4120,,0,738
HU,2660,PUS,2372,PEK,3364,Y,0,333
HU,2660,ALA,2908,PEK,3364,,0,738
HU,2660,LED,2948,PEK,3364,,0,333
HU,2660,HKG,3077,PEK,3364,,0,332 320
HU,2660,HKG,3077,FOC,3385,,0,332
HU,2660,HKG,3077,HGH,3386,,0,332 320
HU,2660,HKG,3077,CKG,3393,Y,0,320
HU,2660,HKG,3077,CTU,3395,,0,332
HU,2660,HKG,3077,HAK,4120,Y,0,320
HU,2660,MLE,3156,PEK,3364,,0,767
HU,2660,PEK,3364,TXL,351,,0,330
HU,2660,PEK,3364,AUH,2179,Y,0,332
HU,2660,PEK,3364,SVO,2985,,0,333
HU,2660,PEK,3364,MLE,3156,,0,767
HU,2660,PEK,3364,CAN,3370,,0,738
HU,2660,PEK,3364,KWL,3372,,0,738
HU,2660,PEK,3364,NNG,3373,,0,738
HU,2660,PEK,3364,SZX,3374,,0,738 333
HU,2660,PEK,3364,XMN,3383,,0,738
HU,2660,PEK,3364,KHN,3384,,0,738
HU,2660,PEK,3364,FOC,3385,,0,738
HU,2660,PEK,3364,NGB,3387,,0,738
HU,2660,PEK,3364,URC,3399,,0,738
HU,2660,PEK,3364,MDG,3402,,0,738
HU,2660,PEK,3364,DLC,3404,,0,738
HU,2660,PEK,3364,ORD,3830,,0,787
HU,2660,PEK,3364,INC,4085,,0,738
HU,2660,PEK,3364,DOY,4145,,0,738
HU,2660,PEK,3364,BAV,6346,,0,738
HU,2660,PEK,3364,YIH,6361,,0,738
HU,2660,PEK,3364,WEF,6388,,0,738
HU,2660,PEK,3364,WNZ,6392,,0,738
HU,2660,PEK,3364,JMU,6411,,0,738
HU,2660,PEK,3364,NDG,6413,,0,738
HU,2660,HLD,3366,PEK,3364,,0,738
HU,2660,TSN,3368,CAN,3370,,0,738
HU,2660,TSN,3368,SZX,3374,,0,738
HU,2660,TSN,3368,SHA,3391,,0,738
HU,2660,TYN,3369,CAN,3370,,0,738
HU,2660,TYN,3369,CSX,3371,,0,738
HU,2660,TYN,3369,KWL,3372,,0,738
HU,2660,TYN,3369,HAK,4120,,0,738
HU,2660,TYN,3369,CIH,6343,,0,738
HU,2660,CAN,3370,TSN,3368,,0,738
HU,2660,CAN,3370,CGO,3375,,0,738
HU,2660,CAN,3370,KHN,3384,,0,738
HU,2660,CAN,3370,FOC,3385,,0,738
HU,2660,CAN,3370,NKG,3388,,0,738
HU,2660,CAN,3370,HFE,3389,,0,738
HU,2660,CAN,3370,TAO,3390,,0,738
HU,2660,CAN,3370,CKG,3393,,0,738
HU,2660,CAN,3370,URC,3399,,0,738
HU,2660,CAN,3370,DOY,4145,,0,738
HU,2660,CAN,3370,YIH,6361,,0,738
HU,2660,CAN,3370,WEF,6388,,0,738
HU,2660,CAN,3370,WNZ,6392,,0,738
HU,2660,CAN,3370,TVS,8858,,0,738
HU,2660,CSX,3371,TYN,3369,,0,738
HU,2660,CSX,3371,LHW,3378,,0,738
HU,2660,CSX,3371,XMN,3383,,0,738
HU,2660,CSX,3371,NGB,3387,,0,738
HU,2660,CSX,3371,HAK,4120,,0,738
HU,2660,KWL,3372,PEK,3364,,0,738
HU,2660,SZX,3374,TYN,3369,,0,738
HU,2660,SZX,3374,CGO,3375,,0,738
HU,2660,SZX,3374,HGH,3386,,0,738
HU,2660,SZX,3374,NKG,3388,,0,738
HU,2660,SZX,3374,HFE,3389,,0,738
HU,2660,SZX,3374,XUZ,4149,,0,738
HU,2660,SZX,3374,SJW,6347,,0,738
HU,2660,SZX,3374,LYI,6385,,0,738
HU,2660,CGO,3375,KWL,3372,,0,738
HU,2660,CGO,3375,KWE,3394,,0,738
HU,2660,CGO,3375,CGQ,4380,,0,738
HU,2660,WUH,3376,HGH,3386,,0,738
HU,2660,WUH,3376,KWE,3394,,0,738
HU,2660,WUH,3376,URC,3399,,0,738
HU,2660,WUH,3376,WNZ,6392,,0,738
HU,2660,XIY,3379,TPE,2276,,0,738
HU,2660,XIY,3379,PEK,3364,,0,787 738
HU,2660,XIY,3379,CAN,3370,,0,738
HU,2660,XIY,3379,CSX,3371,,0,738
HU,2660,XIY,3379,SZX,3374,,0,738 333
HU,2660,XIY,3379,KMG,3382,,0,738
HU,2660,XIY,3379,CKG,3393,,0,738
HU,2660,XIY,3379,CTU,3395,,0,738
HU,2660,XIY,3379,HET,6345,,0,738
HU,2660,XIY,3379,XNN,6366,,0,738
HU,2660,KMG,3382,PEK,3364,,0,738
HU,2660,KMG,3382,SZX,3374,,0,738
HU,2660,XMN,3383,PEK,3364,,0,738
HU,2660,XMN,3383,CGO,3375,,0,738
HU,2660,XMN,3383,XIY,3379,,0,738
HU,2660,XMN,3383,HFE,3389,,0,738
HU,2660,KHN,3384,PEK,3364,,0,738
HU,2660,KHN,3384,XIY,3379,,0,738
HU,2660,KHN,3384,XMN,3383,,0,738
HU,2660,KHN,3384,HAK,4120,,0,738
HU,2660,KHN,3384,SHE,4144,,0,738
HU,2660,FOC,3385,PEK,3364,,0,738
HU,2660,FOC,3385,XIY,3379,,0,738
HU,2660,FOC,3385,HFE,3389,,0,738
HU,2660,HGH,3386,HKG,3077,,0,320 332
HU,2660,HGH,3386,TYN,3369,,0,738
HU,2660,HGH,3386,CGO,3375,,0,738
HU,2660,HGH,3386,XIY,3379,,0,738
HU,2660,NGB,3387,PEK,3364,,0,738
HU,2660,NGB,3387,CSX,3371,,0,738
HU,2660,NGB,3387,SZX,3374,,0,738
HU,2660,NKG,3388,HKG,3077,,0,332
HU,2660,NKG,3388,CAN,3370,,0,738
HU,2660,NKG,3388,SZX,3374,,0,738
HU,2660,HFE,3389,CAN,3370,,0,738
HU,2660,HFE,3389,LHW,3378,,0,738
HU,2660,HFE,3389,FOC,3385,,0,738
HU,2660,HFE,3389,SYX,4030,,0,738
HU,2660,HFE,3389,HAK,4120,,0,738
HU,2660,TAO,3390,HRB,3400,,0,738
HU,2660,TAO,3390,SHE,4144,,0,738
HU,2660,SHA,3391,PEK,3364,,0,738
HU,2660,CKG,3393,HKG,3077,Y,0,320
HU,2660,CKG,3393,LHW,3378,,0,738
HU,2660,CKG,3393,HGH,3386,,0,738
HU,2660,CKG,3393,HAK,4120,,0,738
HU,2660,KWE,3394,PEK,3364,,0,738
HU,2660,KWE,3394,WUH,3376,,0,738
HU,2660,KWE,3394,HAK,4120,,0,738
HU,2660,CTU,3395,AUH,2179,Y,0,332
HU,2660,CTU,3395,XIY,3379,,0,738
HU,2660,CTU,3395,URC,3399,,0,738
HU,2660,CTU,3395,HAK,4120,,0,737
HU,2660,KHG,3397,URC,3399,,0,738
HU,2660,URC,3399,CAN,3370,,0,738
HU,2660,URC,3399,CGO,3375,,0,738
HU,2660,URC,3399,CTU,3395,,0,738
HU,2660,HRB,3400,TSN,3368,,0,738
HU,2660,HRB,3400,KHN,3384,,0,738
HU,2660,HRB,3400,TAO,3390,,0,738
HU,2660,HRB,3400,TNA,4108,,0,738
HU,2660,HRB,3400,DOY,4145,,0,738
HU,2660,HRB,3400,HET,6345,,0,738
HU,2660,DLC,3404,TPE,2276,,0,738
HU,2660,DLC,3404,PEK,3364,,0,738
HU,2660,DLC,3404,TYN,3369,,0,738
HU,2660,PVG,3406,AUH,2179,Y,0,333
HU,2660,PVG,3406,TYN,3369,,0,738
HU,2660,PVG,3406,LHW,3378,,0,738
HU,2660,PVG,3406,ORD,3830,Y,0,777
HU,2660,PVG,3406,WEF,6388,,0,738
HU,2660,BKK,3885,PEK,3364,,0,738
HU,2660,SYX,4030,CAN,3370,,0,738
HU,2660,SYX,4030,SZX,3374,,0,738
HU,2660,SYX,4030,CKG,3393,,0,738
HU,2660,NBO,4059,AUH,2179,,0,320
HU,2660,OVB,4078,PEK,3364,,0,320
HU,2660,HAK,4120,TPE,2276,,0,738
HU,2660,HAK,4120,HKG,3077,Y,0,320
HU,2660,HAK,4120,PEK,3364,,0,738
HU,2660,HAK,4120,CAN,3370,,0,738
HU,2660,HAK,4120,CGO,3375,,0,738
HU,2660,HAK,4120,KMG,3382,,0,738
HU,2660,HAK,4120,XMN,3383,,0,738
HU,2660,HAK,4120,KHN,3384,,0,738
HU,2660,HAK,4120,HGH,3386,,0,738
HU,2660,HAK,4120,NKG,3388,,0,738
HU,2660,HAK,4120,HFE,3389,,0,738
HU,2660,HAK,4120,CKG,3393,,0,738
HU,2660,HAK,4120,CTU,3395,,0,737
HU,2660,SHE,4144,KHN,3384,,0,738
HU,2660,SHE,4144,TAO,3390,,0,738
HU,2660,SHE,4144,TNA,4108,,0,738
HU,2660,DOY,4145,PEK,3364,,0,738
HU,2660,DOY,4145,HRB,3400,,0,738
HU,2660,FKB,4166,TXL,351,Y,0,73G DH4
HU,2660,KJA,4374,PEK,3364,,0,320
HU,2660,CIH,6343,TSN,3368,,0,738
HU,2660,CIH,6343,HAK,4120,,0,738
HU,2660,HET,6345,CGO,3375,,0,738
HU,2660,HET,6345,XIY,3379,,0,738
HU,2660,HET,6345,HRB,3400,,0,738
HU,2660,BAV,6346,PEK,3364,,0,738
HU,2660,XNN,6366,CKG,3393,,0,738
HU,2660,ENY,6367,CKG,3393,,0,738
HU,2660,LYI,6385,SZX,3374,,0,738
HU,2660,WNZ,6392,CAN,3370,,0,738
HU,2660,YIW,6394,XIY,3379,,0,738
HU,2660,KRL,6407,CGO,3375,,0,738
HU,2660,JMU,6411,DLC,3404,,0,738
HU,2660,NDG,6413,PEK,3364,,0,738
X3,2681,FRA,340,ACE,1055,,0,73H
X3,2681,FRA,340,XRY,1226,,0,73H
X3,2681,FRA,340,HER,1452,,0,73H
X3,2681,FRA,340,GPA,1473,,0,73H
X3,2681,HAM,342,HER,1452,,0,73H
X3,2681,HAM,342,AYT,1688,,0,73H
X3,2681,CGN,344,HER,1452,,0,73H
X3,2681,CGN,344,AYT,1688,,0,73H
X3,2681,CGN,344,FNC,4091,,0,73H
X3,2681,DUS,345,TFS,1056,,0,73H
X3,2681,DUS,345,XRY,1226,,0,73H
X3,2681,DUS,345,GPA,1473,,0,73H
X3,2681,DUS,345,AYT,1688,,0,73H
X3,2681,DUS,345,PMI,3998,,0,73H
X3,2681,MUC,346,BVC,1103,,0,73H
X3,2681,MUC,346,RHO,1472,,0,73H
X3,2681,MUC,346,AYT,1688,,0,73H
X3,2681,NUE,347,RHO,1472,,0,73H
X3,2681,LEJ,348,RHO,1472,,0,73H
X3,2681,STR,350,ACE,1055,,0,73H
X3,2681,STR,350,TFS,1056,,0,73H
X3,2681,STR,350,BVC,1103,,0,73H
X3,2681,STR,350,MAH,1231,,0,73H
X3,2681,HAJ,352,FUE,1051,,0,73H
X3,2681,HAJ,352,TFS,1056,,0,73H
X3,2681,HAJ,352,BVC,1103,,0,73H
X3,2681,HAJ,352,MAH,1231,,0,73H
X3,2681,HAJ,352,DLM,1715,,0,73H
X3,2681,ZQW,393,LPA,1054,,0,73H
X3,2681,FUE,1051,CGN,344,,0,73H
X3,2681,FUE,1051,STR,350,,0,73H
X3,2681,LPA,1054,NUE,347,,0,73H
X3,2681,LPA,1054,HAJ,352,,0,73H
X3,2681,LPA,1054,BSL,1423,,0,73H
X3,2681,ACE,1055,FRA,340,,0,73H
X3,2681,TFS,1056,DUS,345,,0,73H
X3,2681,TFS,1056,MUC,346,,0,73H
X3,2681,TFS,1056,STR,350,,0,73H
X3,2681,TFS,1056,HAJ,352,,0,73H
X3,2681,SID,1102,CGN,344,,0,73H
X3,2681,SID,1102,MUC,346,,0,73H
X3,2681,SID,1102,STR,350,,0,73H
X3,2681,SID,1102,HAJ,352,,0,73H
X3,2681,XRY,1226,FRA,340,,0,73H
X3,2681,XRY,1226,STR,350,,0,73H
X3,2681,MAH,1231,HAM,342,,0,73H
X3,2681,MAH,1231,STR,350,,0,73H
X3,2681,BSL,1423,FUE,1051,,0,73H
X3,2681,BSL,1423,HER,1452,,0,73H
X3,2681,BSL,1423,KGS,1458,,0,73H
X3,2681,BSL,1423,PMI,3998,,0,73H
X3,2681,HER,1452,MUC,346,,0,73H
X3,2681,HER,1452,NUE,347,,0,73H
X3,2681,KGS,1458,FRA,340,,0,73H
X3,2681,KGS,1458,CGN,344,,0,73H
X3,2681,KGS,1458,DUS,345,,0,73H
X3,2681,CFU,1460,FRA,340,,0,73H
X3,2681,CFU,1460,MUC,346,,0,73H
X3,2681,RHO,1472,CGN,344,,0,73H
X3,2681,RHO,1472,STR,350,,0,73H
X3,2681,GPA,1473,DUS,345,,0,73H
X3,2681,FAO,1626,DUS,345,,0,73H
X3,2681,FAO,1626,MUC,346,,0,73H
X3,2681,AYT,1688,FRA,340,,0,73H
X3,2681,AYT,1688,CGN,344,,0,73H
X3,2681,AYT,1688,NUE,347,,0,73H
X3,2681,AYT,1688,ZQW,393,,0,73H
X3,2681,DLM,1715,FRA,340,,0,73H
X3,2681,DLM,1715,DUS,345,,0,73H
X3,2681,DLM,1715,STR,350,,0,73H
X3,2681,PMI,3998,NUE,347,,0,73H
X3,2681,PMI,3998,BSL,1423,,0,73H
X3,2681,PMI,3998,FMM,3986,,0,73H
HF,2682,COO,245,ABJ,253,,0,E70
HF,2682,COO,245,LFW,298,,0,E70
HF,2682,ACC,248,ABJ,253,,0,319 E70
HF,2682,ABJ,253,LBV,970,,0,319
HF,2682,ABJ,253,DKR,1084,,0,319
HF,2682,LFW,298,ABJ,253,,0,E70 319
HF,2682,BZV,883,LBV,970,,0,319
HF,2682,DLA,897,ABJ,253,,0,319
HF,2682,LBV,970,ABJ,253,,0,319
HF,2682,LBV,970,BZV,883,,0,319
HF,2682,BKO,1044,ABJ,253,,0,319
HQ,2684,BRU,302,LPA,1054,,0,320
HQ,2684,BRU,302,ACE,1055,,0,320
HQ,2684,BRU,302,TFS,1056,,0,320
HQ,2684,BRU,302,AGA,1064,,0,320
HQ,2684,BRU,302,PFO,1198,,0,319
HQ,2684,BRU,302,REU,1236,,0,319
HQ,2684,BRU,302,RHO,1472,,0,320 319
HQ,2684,BRU,302,PMI,3998,,0,320 319
HQ,2684,BRU,302,FNC,4091,,0,319 320
HQ,2684,LGG,309,AGA,1064,,0,320
HQ,2684,LGG,309,HER,1452,,0,320
HQ,2684,FUE,1051,TFS,1056,,0,320
HQ,2684,ACE,1055,FUE,1051,,0,320
HQ,2684,TFS,1056,BRU,302,,0,320
HQ,2684,TFS,1056,LIL,1399,,0,320
HQ,2684,BOJ,1191,BRU,302,,0,320
HQ,2684,PFO,1198,BRU,302,,0,319
HQ,2684,SPU,1206,LIL,1399,,0,320
HQ,2684,LEI,1213,BRU,302,,0,320
HQ,2684,GRO,1222,BRU,302,,0,320
HQ,2684,IBZ,1225,MAH,1231,,0,319
HQ,2684,MAH,1231,BRU,302,,0,319
HQ,2684,REU,1236,BRU,302,,0,319
HQ,2684,LDE,1276,BRU,302,,0,319
HQ,2684,LIL,1399,LGG,309,,0,320
HQ,2684,LIL,1399,FUE,1051,,0,320
HQ,2684,LIL,1399,SPU,1206,,0,320
HQ,2684,LIL,1399,AJA,1324,,0,320
HQ,2684,LIL,1399,RHO,1472,,0,320
HQ,2684,HER,1452,BRU,302,,0,320 319
HQ,2684,KGS,1458,BRU,302,,0,320 319
HQ,2684,CFU,1460,LIL,1399,,0,320
HQ,2684,JMK,1468,JTR,1479,,0,320
HQ,2684,RHO,1472,BRU,302,,0,320 319
HQ,2684,RHO,1472,LGG,309,,0,320
HQ,2684,ZTH,1488,BRU,302,,0,320
HQ,2684,FNC,4091,BRU,302,,0,319 320
HA,2688,TPE,2276,HNL,3728,,0,333
HA,2688,CTS,2287,HNL,3728,,0,763
HA,2688,FUK,2305,HNL,3728,,0,763
HA,2688,HND,2359,HNL,3728,,0,332
HA,2688,BNE,3320,HNL,3728,,0,763
HA,2688,ITO,3415,OGG,3456,,0,717
HA,2688,OGG,3456,LAX,3484,,0,763
HA,2688,OGG,3456,KOA,3514,,0,717
HA,2688,OGG,3456,SEA,3577,,0,332
HA,2688,PHX,3462,HNL,3728,,0,763
HA,2688,SFO,3469,HNL,3728,,0,332
HA,2688,KOA,3514,HNL,3728,,0,717
HA,2688,SEA,3577,OGG,3456,,0,332
HA,2688,LIH,3602,OGG,3456,,0,717
HA,2688,MKK,3705,HNL,3728,,0,AT5
HA,2688,HNL,3728,TPE,2276,,0,333
HA,2688,HNL,3728,HND,2359,,0,332
HA,2688,HNL,3728,BNE,3320,,0,763
HA,2688,HNL,3728,OGG,3456,,0,717
HA,2688,HNL,3728,SFO,3469,,0,332
HA,2688,HNL,3728,SEA,3577,,0,332
HA,2688,HNL,3728,LIH,3602,,0,717
HA,2688,HNL,3728,PDX,3720,,0,332
HA,2688,HNL,3728,SAN,3731,,0,332
HA,2688,HNL,3728,SMF,3817,,0,763
HA,2688,HNL,3728,KIX,3992,,0,332
HA,2688,HNL,3728,PPT,4075,,0,332
HA,2688,JFK,3797,HNL,3728,,0,332
HA,2688,LAS,3877,SFO,3469,Y,0,320
HA,2688,LAS,3877,JFK,3797,Y,0,320
BH,2692,YPR,108,YVR,156,,0,DH1
BH,2692,YVR,156,YYD,179,,0,DH1
BH,2692,YYD,179,YXT,173,,0,DH1
JB,2731,YWH,4106,CXH,5500,,0,S76
JB,2731,CXH,5500,YWH,4106,,0,S76
HW,2748,YWJ,4237,YZF,196,,0,DHT
HW,2748,YWJ,4237,ZFN,4238,,0,DHT
HW,2748,ZFN,4238,YWJ,4237,,0,DHT
2L,2750,BOD,1264,ZRH,1678,,0,100
2L,2750,GVA,1665,LPA,1054,,0,319
2L,2750,ZRH,1678,LPA,1054,,0,319
2L,2750,ZRH,1678,LCA,1197,,0,319
2L,2750,ZRH,1678,BDS,1506,,0,100
HD,2765,CTS,2287,KMQ,2322,,0,735
HD,2765,CTS,2287,OKJ,2327,,0,735
HD,2765,CTS,2287,HND,2359,,0,763 735
HD,2765,CTS,2287,FKS,5999,,0,735
HD,2765,HKD,2288,HND,2359,,0,763
HD,2765,KMQ,2322,CTS,2287,,0,735
HD,2765,TOY,2324,CTS,2287,,0,735
HD,2765,HND,2359,OBO,2286,,0,735
HD,2765,HND,2359,CTS,2287,,0,763 735
HD,2765,HND,2359,AKJ,2299,,0,735 763
HX,2773,TPE,2276,HKG,3077,,0,333 332
HX,2773,KOJ,2307,HKG,3077,,0,320
HX,2773,HKG,3077,SGN,3205,,0,320
HX,2773,HKG,3077,TYN,3369,,0,320
HX,2773,HKG,3077,XMN,3383,,0,320
HX,2773,HKG,3077,FOC,3385,,0,332 320
HX,2773,HKG,3077,HGH,3386,,0,332 320
HX,2773,HKG,3077,CKG,3393,,0,320
HX,2773,HKG,3077,KWE,3394,,0,320
HX,2773,HKG,3077,CTU,3395,,0,332
HX,2773,HKG,3077,PVG,3406,,0,332 333 738
HX,2773,HKG,3077,BKK,3885,,0,332 333
HX,2773,HKG,3077,DPS,3940,,0,332 333
HX,2773,HKG,3077,SYX,4030,,0,320
HX,2773,HAN,3199,HKG,3077,,0,320
HX,2773,TYN,3369,HKG,3077,,0,320
HX,2773,KWL,3372,HKG,3077,,0,320
HX,2773,XMN,3383,HKG,3077,,0,320
HX,2773,HGH,3386,HKG,3077,,0,320 332
HX,2773,SHA,3391,HKG,3077,,0,333
HX,2773,PVG,3406,HKG,3077,,0,332 333 738
HX,2773,DPS,3940,HKG,3077,,0,333 332
HX,2773,HAK,4120,HKG,3077,,0,320
UO,2774,RMQ,2268,HKG,3077,,0,320
UO,2774,HKG,3077,RMQ,2268,,0,320
UO,2774,HKG,3077,KMG,3382,,0,320
UO,2774,HKG,3077,ICN,3930,,0,320
UO,2774,HKT,3179,HKG,3077,,0,320
UO,2774,BKI,3269,HKG,3077,,0,320
UO,2774,KMG,3382,HKG,3077,,0,320
UO,2774,CNX,3931,HKG,3077,,0,320
IB,2822,YUL,146,LHR,507,Y,0,777
IB,2822,ALG,210,BCN,1218,Y,0,320
IB,2822,BRU,302,BCN,1218,Y,0,320
IB,2822,BRU,302,MAD,1229,,0,321 320
IB,2822,BRU,302,AGP,1230,Y,0,320
IB,2822,BRU,302,VCE,1551,,0,320
IB,2822,BRU,302,LIS,1638,,0,320
IB,2822,DRS,338,BCN,1218,Y,0,320
IB,2822,HAM,342,BCN,1218,Y,0,320
IB,2822,MUC,346,AGP,1230,Y,0,320
IB,2822,STR,350,BCN,1218,Y,0,320
IB,2822,TXL,351,BIO,1216,Y,0,320
IB,2822,HAJ,352,BCN,1218,Y,0,320
IB,2822,DTM,373,BCN,1218,,0,320
IB,2822,HEL,421,MAD,1229,Y,0,321
IB,2822,MAN,478,ORD,3830,Y,0,763
IB,2822,CWL,488,BCN,1218,Y,0,320
IB,2822,LGW,502,ACE,1055,Y,0,320
IB,2822,LGW,502,TFS,1056,Y,0,320
IB,2822,LGW,502,ALC,1212,Y,0,319 734
IB,2822,LGW,502,ANU,2874,Y,0,777
IB,2822,LGW,502,UVF,2894,Y,0,777
IB,2822,LGW,502,MCO,3878,Y,0,777
IB,2822,LGW,502,BDA,4069,Y,0,777
IB,2822,LCY,503,GRX,1223,Y,0,E90
IB,2822,LCY,503,MAD,1229,Y,0,E90
IB,2822,LCY,503,PMI,3998,Y,0,E90
IB,2822,LHR,507,YVR,156,Y,0,744
IB,2822,LHR,507,YYZ,193,Y,0,788 744
IB,2822,LHR,507,LBA,517,Y,0,319
IB,2822,LHR,507,ABZ,532,Y,0,320 319
IB,2822,LHR,507,GLA,534,Y,0,320 319 321 767
IB,2822,LHR,507,EDI,535,Y,0,320 321 319
IB,2822,LHR,507,OSL,644,Y,0,319 320 321
IB,2822,LHR,507,GOT,687,Y,0,320
IB,2822,LHR,507,BIO,1216,,0,320
IB,2822,LHR,507,BCN,1218,Y,0,319 320 321
IB,2822,LHR,507,BUD,1489,Y,0,320
IB,2822,LHR,507,PHX,3462,Y,0,744
IB,2822,LHR,507,LAX,3484,Y,0,744 77W 388
IB,2822,LHR,507,EWR,3494,Y,0,777 788
IB,2822,LHR,507,IAH,3550,Y,0,744 777
IB,2822,LHR,507,SEA,3577,Y,0,744
IB,2822,LHR,507,RDU,3626,Y,0,763
IB,2822,LHR,507,DFW,3670,Y,0,77W 744 777
IB,2822,LHR,507,AUS,3673,,0,788
IB,2822,LHR,507,IAD,3714,Y,0,744 777
IB,2822,LHR,507,DEN,3751,Y,0,777
IB,2822,LHR,507,BWI,3849,Y,0,767
IB,2822,LHR,507,LAS,3877,Y,0,744
IB,2822,LHR,507,BKK,3885,Y,0,777
IB,2822,LHR,507,PMI,3998,Y,0,319 320
IB,2822,NCL,521,LHR,507,Y,0,320 319
IB,2822,ABZ,532,LHR,507,Y,0,320 319
IB,2822,GLA,534,LHR,507,Y,0,321 320
IB,2822,EDI,535,LHR,507,Y,0,321 320
IB,2822,AMS,580,BCN,1218,Y,0,320
IB,2822,AMS,580,SVQ,1253,Y,0,320
IB,2822,AMS,580,PMI,3998,Y,0,320
IB,2822,CPH,609,ALC,1212,Y,0,320
IB,2822,CPH,609,BCN,1218,Y,0,320
IB,2822,CPH,609,MAD,1229,Y,0,32S
IB,2822,CPH,609,AGP,1230,Y,0,320
IB,2822,CPH,609,FLR,1563,Y,0,320
IB,2822,OSL,644,BCN,1218,Y,0,320
IB,2822,GOT,687,LHR,507,Y,0,320
IB,2822,ARN,737,LHR,507,Y,0,320 321 319
IB,2822,ARN,737,BCN,1218,Y,0,320
IB,2822,ARN,737,MAD,1229,Y,0,32S
IB,2822,LAD,951,MAD,1229,,0,333
IB,2822,BJL,1050,BCN,1218,Y,0,320
IB,2822,SPC,1053,MAD,1229,Y,0,32S
IB,2822,LPA,1054,BCN,1218,Y,0,320
IB,2822,LPA,1054,ORY,1386,Y,0,320
IB,2822,ACE,1055,MAD,1229,Y,0,32S
IB,2822,TFS,1056,BCN,1218,Y,0,320
IB,2822,TFS,1056,VGO,1250,,0,32S
IB,2822,TFN,1057,BIO,1216,Y,0,320
IB,2822,TFN,1057,BCN,1218,Y,0,320
IB,2822,TFN,1057,MAD,1229,Y,0,32S
IB,2822,TFN,1057,VLC,1246,Y,0,CR9
IB,2822,TFN,1057,SVQ,1253,Y,0,320
IB,2822,TFN,1057,ORY,1386,,0,321
IB,2822,MLN,1058,GRX,1223,Y,0,AT7
IB,2822,CMN,1074,VLC,1246,Y,0,AT7
IB,2822,TNG,1080,BCN,1218,Y,0,320 73G
IB,2822,TNG,1080,MAD,1229,Y,0,CRK CR9
IB,2822,ALC,1212,ORN,231,Y,0,320
IB,2822,ALC,1212,BRU,302,Y,0,320
IB,2822,ALC,1212,BCN,1218,Y,0,320
IB,2822,ALC,1212,IBZ,1225,Y,0,CR9 AT7 CR2
IB,2822,ALC,1212,MAD,1229,Y,0,32S
IB,2822,ALC,1212,FCO,1555,,0,320
IB,2822,OVD,1214,MAD,1229,,0,319 320
IB,2822,OVD,1214,CDG,1382,Y,0,320
IB,2822,BIO,1216,LHR,507,,0,320
IB,2822,BIO,1216,ACE,1055,Y,0,320
IB,2822,BIO,1216,BCN,1218,Y,0,320
IB,2822,BIO,1216,IBZ,1225,Y,0,320
IB,2822,BIO,1216,AGP,1230,Y,0,320
IB,2822,BIO,1216,SCQ,1243,Y,0,CR9
IB,2822,BIO,1216,SVQ,1253,Y,0,320
IB,2822,BIO,1216,MXP,1524,Y,0,320
IB,2822,BCN,1218,FRA,340,Y,0,320
IB,2822,BCN,1218,MUC,346,Y,0,320
IB,2822,BCN,1218,STR,350,Y,0,320
IB,2822,BCN,1218,TXL,351,Y,0,320 738 321
IB,2822,BCN,1218,HAJ,352,Y,0,320
IB,2822,BCN,1218,CPH,609,Y,0,320
IB,2822,BCN,1218,OSL,644,Y,0,320
IB,2822,BCN,1218,GOT,687,Y,0,320
IB,2822,BCN,1218,BJL,1050,Y,0,320
IB,2822,BCN,1218,ACE,1055,Y,0,320
IB,2822,BCN,1218,DKR,1084,,0,320
IB,2822,BCN,1218,DBV,1200,Y,0,320
IB,2822,BCN,1218,ZAG,1208,Y,0,320
IB,2822,BCN,1218,BIO,1216,Y,0,320
IB,2822,BCN,1218,IBZ,1225,Y,0,320
IB,2822,BCN,1218,SLM,1238,Y,0,CR2
IB,2822,BCN,1218,EAS,1242,Y,0,320 319
IB,2822,BCN,1218,SCQ,1243,Y,0,320
IB,2822,BCN,1218,VLL,1247,Y,0,CR2
IB,2822,BCN,1218,SDR,1251,Y,0,320
IB,2822,BCN,1218,SVQ,1253,Y,0,320
IB,2822,BCN,1218,BOD,1264,Y,0,320
IB,2822,BCN,1218,MRS,1353,Y,0,320
IB,2822,BCN,1218,NCE,1354,Y,0,320
IB,2822,BCN,1218,ORY,1386,Y,0,320
IB,2822,BCN,1218,LIL,1399,,0,320
IB,2822,BCN,1218,BES,1403,Y,0,320
IB,2822,BCN,1218,RNS,1415,Y,0,320
IB,2822,BCN,1218,CTA,1509,,0,320
IB,2822,BCN,1218,NAP,1561,Y,0,320
IB,2822,BCN,1218,TLV,1590,Y,0,763 320 744 739
IB,2822,BCN,1218,ZRH,1678,Y,0,320
IB,2822,BCN,1218,AMM,2170,Y,0,320
IB,2822,BCN,1218,IEV,2944,Y,0,320
IB,2822,BCN,1218,MIA,3576,Y,0,763
IB,2822,BCN,1218,ATH,3941,Y,0,320
IB,2822,BCN,1218,PMI,3998,Y,0,320
IB,2822,BCN,1218,LEN,6756,Y,0,CR2
IB,2822,LCG,1220,SVQ,1253,Y,0,320
IB,2822,GRX,1223,MLN,1058,Y,0,AT7
IB,2822,IBZ,1225,LHR,507,,0,319 320
IB,2822,IBZ,1225,ALC,1212,Y,0,CR9 AT7 CR2
IB,2822,IBZ,1225,BCN,1218,Y,0,320
IB,2822,IBZ,1225,VLC,1246,Y,0,AT7 CR2 CR9
IB,2822,MAD,1229,ORN,231,,0,319
IB,2822,MAD,1229,ACC,248,,0,319
IB,2822,MAD,1229,DUS,345,Y,0,32S
IB,2822,MAD,1229,LHR,507,,0,321 320 345 333 342
IB,2822,MAD,1229,DUB,599,Y,0,32S
IB,2822,MAD,1229,FUE,1051,Y,0,32S
IB,2822,MAD,1229,MLN,1058,Y,0,AT7
IB,2822,MAD,1229,CMN,1074,,0,320 319
IB,2822,MAD,1229,SOF,1194,Y,0,319 320 E90
IB,2822,MAD,1229,LEI,1213,Y,0,CRK CR2 AT7 CR9
IB,2822,MAD,1229,BIO,1216,,0,319 321 320
IB,2822,MAD,1229,LCG,1220,,0,319 320 321
IB,2822,MAD,1229,VGO,1250,Y,0,32S
IB,2822,MAD,1229,LYS,1335,Y,0,CRK
IB,2822,MAD,1229,NCE,1354,Y,0,CRK CR9
IB,2822,MAD,1229,SXB,1435,Y,0,CR2
IB,2822,MAD,1229,MXP,1524,,0,321 320
IB,2822,MAD,1229,TRN,1526,Y,0,CRK CR9
IB,2822,MAD,1229,VCE,1551,,0,321 319 320
IB,2822,MAD,1229,FCO,1555,,0,321 319
IB,2822,MAD,1229,OPO,1636,Y,0,CRK CR9
IB,2822,MAD,1229,PTY,1871,,0,346 342 333
IB,2822,MAD,1229,GRU,2564,,0,345 342 346
IB,2822,MAD,1229,BOS,3448,,0,333
IB,2822,MAD,1229,MIA,3576,,0,333 346
IB,2822,MAD,1229,DFW,3670,Y,0,777
IB,2822,MAD,1229,JFK,3797,,0,333 346
IB,2822,MAD,1229,PMI,3998,Y,0,32S
IB,2822,MAD,1229,DME,4029,,0,319
IB,2822,MAD,1229,RJL,5781,Y,0,CR2
IB,2822,AGP,1230,HAM,342,Y,0,320
IB,2822,AGP,1230,MUC,346,Y,0,320
IB,2822,AGP,1230,LGW,502,Y,0,319 734 320
IB,2822,AGP,1230,LCY,503,Y,0,E90
IB,2822,AGP,1230,LPA,1054,Y,0,320
IB,2822,AGP,1230,MLN,1058,Y,0,AT7
IB,2822,AGP,1230,OVD,1214,Y,0,320
IB,2822,AGP,1230,BIO,1216,Y,0,320
IB,2822,AGP,1230,BCN,1218,Y,0,320
IB,2822,AGP,1230,MAD,1229,Y,0,32S
IB,2822,AGP,1230,FCO,1555,Y,0,320
IB,2822,AGP,1230,PMI,3998,,0,320
IB,2822,AGP,1230,DME,4029,Y,0,320
IB,2822,MAH,1231,BCN,1218,Y,0,320
IB,2822,MAH,1231,VLC,1246,Y,0,CR2 AT7
IB,2822,MAH,1231,PMI,3998,Y,0,CR9
IB,2822,EAS,1242,MAD,1229,Y,0,AT7 CR2
IB,2822,SCQ,1243,BRU,302,,0,320
IB,2822,SCQ,1243,BIO,1216,Y,0,CR9
IB,2822,SCQ,1243,MAD,1229,Y,0,32S
IB,2822,VLC,1246,AMS,580,Y,0,320
IB,2822,VLC,1246,TFN,1057,Y,0,CR9
IB,2822,VLC,1246,OVD,1214,Y,0,CRK CR9
IB,2822,VLC,1246,MAH,1231,Y,0,CR2 AT7
IB,2822,VLC,1246,SVQ,1253,Y,0,CRK CR2 CR9 AT7
IB,2822,VLC,1246,ORY,1386,Y,0,320
IB,2822,VLC,1246,FCO,1555,Y,0,320
IB,2822,VLC,1246,PMI,3998,Y,0,CR9 AT7
IB,2822,VGO,1250,MAD,1229,Y,0,32S
IB,2822,SDR,1251,MAD,1229,,0,319
IB,2822,SVQ,1253,BIO,1216,Y,0,320
IB,2822,SVQ,1253,BCN,1218,Y,0,320
IB,2822,SVQ,1253,LCG,1220,Y,0,320
IB,2822,SVQ,1253,VLC,1246,Y,0,CRK CR2 CR9 AT7
IB,2822,BOD,1264,BCN,1218,Y,0,320
IB,2822,BOD,1264,MAD,1229,Y,0,CRK CR9
IB,2822,TLS,1273,BCN,1218,Y,0,320
IB,2822,TLS,1273,PMI,3998,Y,0,320
IB,2822,LDE,1276,MAD,1229,Y,0,CR9
IB,2822,LYS,1335,AGP,1230,,0,320
IB,2822,LYS,1335,SVQ,1253,,0,320
IB,2822,LYS,1335,PMI,3998,Y,0,320
IB,2822,MRS,1353,BCN,1218,Y,0,320
IB,2822,MRS,1353,PMI,3998,,0,320
IB,2822,CDG,1382,MIA,3576,Y,0,763
IB,2822,CDG,1382,DFW,3670,Y,0,763 777
IB,2822,CDG,1382,JFK,3797,Y,0,763 757
IB,2822,ORY,1386,LHR,507,Y,0,319 320
IB,2822,ORY,1386,TFS,1056,,0,321
IB,2822,ORY,1386,TFN,1057,,0,321
IB,2822,ORY,1386,SVQ,1253,Y,0,320
IB,2822,ORY,1386,FLR,1563,Y,0,320
IB,2822,ORY,1386,OPO,1636,Y,0,320
IB,2822,ORY,1386,LIS,1638,Y,0,320
IB,2822,ORY,1386,JFK,3797,Y,0,752
IB,2822,LIL,1399,BCN,1218,,0,320
IB,2822,RNS,1415,BCN,1218,Y,0,320
IB,2822,NTE,1418,SVQ,1253,,0,320
IB,2822,NTE,1418,FCO,1555,Y,0,320
IB,2822,BUD,1489,LHR,507,Y,0,320
IB,2822,CTA,1509,FLR,1563,Y,0,320
IB,2822,PMO,1512,FLR,1563,,0,320
IB,2822,MXP,1524,BIO,1216,Y,0,320
IB,2822,LIN,1529,MAD,1229,,0,320 321
IB,2822,VCE,1551,BRU,302,,0,320
IB,2822,FCO,1555,BRU,302,,0,320
IB,2822,FCO,1555,BCN,1218,Y,0,320
IB,2822,FCO,1555,MAD,1229,,0,321 319
IB,2822,FCO,1555,AGP,1230,Y,0,320
IB,2822,FCO,1555,CTA,1509,,0,320
IB,2822,FCO,1555,PRG,1587,Y,0,320
IB,2822,PSA,1562,BCN,1218,Y,0,320
IB,2822,TLV,1590,BCN,1218,,0,738
IB,2822,TLV,1590,MAD,1229,,0,319
IB,2822,MLA,1606,BCN,1218,Y,0,320
IB,2822,OPO,1636,BCN,1218,,0,320
IB,2822,LIS,1638,MAD,1229,,0,320 321 319
IB,2822,LIS,1638,ORY,1386,Y,0,320
IB,2822,OTP,1657,BCN,1218,Y,0,320
IB,2822,GVA,1665,MAD,1229,,0,320 319
IB,2822,ZRH,1678,BCN,1218,Y,0,320
IB,2822,KIN,1779,LGW,502,Y,0,777
IB,2822,MEX,1824,MAD,1229,,0,345 346
IB,2822,MGA,1863,SJO,1885,Y,0,E90
IB,2822,PTY,1871,SJO,1885,Y,0,73G
IB,2822,PTY,1871,MIA,3576,Y,0,738
IB,2822,SJO,1885,PTY,1871,Y,0,E90
IB,2822,AUH,2179,LHR,507,Y,0,777
IB,2822,GIG,2560,MAD,1229,,0,342 333 345 346
IB,2822,PMC,2665,SCL,2650,Y,0,320
IB,2822,GYE,2673,UIO,2688,Y,0,319
IB,2822,LIM,2789,CUZ,2812,Y,0,319
IB,2822,AQP,2802,LIM,2789,Y,0,319
IB,2822,CUZ,2812,JUL,2792,Y,0,319
IB,2822,ANU,2874,LGW,502,Y,0,777
IB,2822,SKB,2891,ANU,2874,Y,0,777
IB,2822,UVF,2894,LGW,502,Y,0,777
IB,2822,UVF,2894,POS,2902,Y,0,777
IB,2822,POS,2902,UVF,2894,Y,0,777
IB,2822,IEV,2944,BCN,1218,Y,0,320
IB,2822,LED,2948,BCN,1218,Y,0,320
IB,2822,SIN,3316,SYD,3361,Y,0,777
IB,2822,SYD,3361,SIN,3316,Y,0,777
IB,2822,BOS,3448,LHR,507,Y,0,777 744
IB,2822,PHX,3462,LHR,507,Y,0,744
IB,2822,LAX,3484,MAD,1229,,0,346 342
IB,2822,EWR,3494,LHR,507,Y,0,777 788
IB,2822,IAH,3550,LHR,507,Y,0,744 777
IB,2822,MIA,3576,LHR,507,Y,0,744 77W 777
IB,2822,MIA,3576,BCN,1218,Y,0,763
IB,2822,DFW,3670,LHR,507,Y,0,77W 744 777
IB,2822,DFW,3670,CDG,1382,Y,0,763 777
IB,2822,IAD,3714,LHR,507,Y,0,744 777
IB,2822,SAN,3731,LHR,507,Y,0,777
IB,2822,DEN,3751,LHR,507,Y,0,777
IB,2822,PHL,3752,LHR,507,Y,0,777 767
IB,2822,JFK,3797,MAN,478,Y,0,757
IB,2822,JFK,3797,BCN,1218,Y,0,763
IB,2822,JFK,3797,MAD,1229,,0,333 346
IB,2822,JFK,3797,CDG,1382,Y,0,763 757
IB,2822,JFK,3797,ORY,1386,Y,0,752
IB,2822,ORD,3830,DUS,345,Y,0,763
IB,2822,ORD,3830,MAN,478,Y,0,763
IB,2822,ORD,3830,LHR,507,Y,0,763 777 744
IB,2822,MCO,3878,LGW,502,Y,0,777
IB,2822,BKK,3885,LHR,507,Y,0,777
IB,2822,EZE,3988,MAD,1229,,0,346 342 345
IB,2822,PMI,3998,AMS,580,Y,0,320
IB,2822,PMI,3998,BIO,1216,Y,0,320 CR9
IB,2822,PMI,3998,AGP,1230,,0,320
IB,2822,PMI,3998,MAH,1231,Y,0,CR9
IB,2822,PMI,3998,VLC,1246,Y,0,CR9 AT7
IB,2822,PMI,3998,SVQ,1253,,0,320
IB,2822,PMI,3998,BOD,1264,Y,0,320
IB,2822,PMI,3998,DME,4029,Y,0,320
IB,2822,PMI,3998,ILD,7459,Y,0,CR9
IB,2822,DME,4029,AGP,1230,Y,0,320
IB,2822,BDA,4069,LGW,502,Y,0,777
IB,2822,LEN,6756,BCN,1218,Y,0,CR2
TY,2825,KNQ,1998,GEA,2001,,0,ATR DHT
TY,2825,KOC,1999,GEA,2001,,0,DHT
TY,2825,LIF,2000,UVE,2004,,0,DHT
TY,2825,GEA,2001,MEE,2002,,0,ATR
TY,2825,GEA,2001,TOU,2003,,0,DHT
TY,2825,UVE,2004,GEA,2001,,0,ATR DHT
TY,2825,TGJ,5919,LIF,2000,,0,DHT
TY,2825,ILP,5921,GEA,2001,,0,ATR
FW,2826,FUK,2305,KMQ,2322,,0,CRJ
FW,2826,KMI,2308,FUK,2305,,0,CRJ
FW,2826,KMQ,2322,SDJ,2347,,0,CRJ
FW,2826,HIJ,2326,SDJ,2347,,0,CRJ
FW,2826,ITM,2334,CTS,2287,,0,CRJ
FW,2826,ITM,2334,SDJ,2347,,0,CRJ
FW,2826,SDJ,2347,FUK,2305,,0,CRJ
FW,2826,SDJ,2347,KMQ,2322,,0,CRJ
FW,2826,SDJ,2347,HIJ,2326,,0,CRJ
FW,2826,NGO,3942,OIT,2310,,0,CRJ
FI,2835,KEF,16,YYZ,193,,0,75W
FI,2835,KEF,16,HEL,421,,0,75W
FI,2835,KEF,16,MAN,478,,0,75W
FI,2835,KEF,16,LGW,502,,0,75W
FI,2835,KEF,16,BGO,636,,0,75W
FI,2835,KEF,16,OSL,644,,0,75W 75T
FI,2835,KEF,16,ARN,737,,0,75W
FI,2835,KEF,16,SEA,3577,,0,75W
FI,2835,YYZ,193,KEF,16,,0,75W
FI,2835,CPH,609,KEF,16,,0,75T 75W
FI,2835,SVG,666,KEF,16,,0,75W
FI,2835,ZRH,1678,KEF,16,,0,75W
FI,2835,EWR,3494,KEF,16,,0,75W
FI,2835,JFK,3797,KEF,16,,0,75T
FI,2835,SFB,4167,KEF,16,,0,75W
6E,2850,HYD,,DXB,2188,,0,320
6E,2850,HYD,,BOM,2997,,0,320
6E,2850,HYD,,GOI,3007,,0,320
6E,2850,HYD,,PNQ,3017,,0,320
6E,2850,HYD,,CCU,3043,,0,320
6E,2850,HYD,,COK,3136,,0,320
6E,2850,DXB,2188,HYD,,,0,320
6E,2850,DXB,2188,MAA,3144,,0,320
6E,2850,DXB,2188,TRV,3153,,0,320
6E,2850,MCT,2194,BOM,2997,,0,320
6E,2850,AMD,2994,BOM,2997,,0,320
6E,2850,AMD,2994,DEL,3093,,0,320
6E,2850,BOM,2997,HYD,,,0,320
6E,2850,BOM,2997,AMD,2994,,0,320
6E,2850,BOM,2997,IDR,3008,,0,320
6E,2850,BOM,2997,NAG,3015,,0,320
6E,2850,BOM,2997,BBI,3042,,0,320
6E,2850,BOM,2997,PAT,3061,,0,320
6E,2850,BOM,2997,LKO,3105,,0,320
6E,2850,BOM,2997,BLR,3131,,0,320
6E,2850,BOM,2997,CJB,3135,,0,320
6E,2850,BOM,2997,MAA,3144,,0,320
6E,2850,BOM,2997,GAU,6173,,0,320
6E,2850,BDQ,3001,BOM,2997,,0,320
6E,2850,GOI,3007,HYD,,,0,320
6E,2850,GOI,3007,AMD,2994,,0,320
6E,2850,IDR,3008,BOM,2997,,0,320
6E,2850,NAG,3015,BOM,2997,,0,320
6E,2850,NAG,3015,PNQ,3017,,0,320
6E,2850,NAG,3015,DEL,3093,,0,320
6E,2850,PNQ,3017,HYD,,,0,320
6E,2850,PNQ,3017,AMD,2994,,0,320
6E,2850,PNQ,3017,DEL,3093,,0,320
6E,2850,PNQ,3017,MAA,3144,,0,320
6E,2850,IXA,3038,GAU,6173,,0,320
6E,2850,IXB,3040,GAU,6173,,0,320
6E,2850,BBI,3042,CCU,3043,,0,320
6E,2850,CCU,3043,HYD,,,0,320
6E,2850,CCU,3043,NAG,3015,,0,320
6E,2850,CCU,3043,PNQ,3017,,0,320
6E,2850,CCU,3043,RPR,3020,,0,320
6E,2850,CCU,3043,IXB,3040,,0,320
6E,2850,CCU,3043,IMF,3050,,0,320
6E,2850,CCU,3043,PAT,3061,,0,320
6E,2850,CCU,3043,IXR,3063,,0,320
6E,2850,CCU,3043,JAI,3098,,0,320
6E,2850,IMF,3050,CCU,3043,,0,320
6E,2850,PAT,3061,IXR,3063,,0,320
6E,2850,IXR,3063,BOM,2997,,0,320
6E,2850,VTZ,3066,MAA,3144,,0,320
6E,2850,DEL,3093,IDR,3008,,0,320
6E,2850,DEL,3093,PAT,3061,,0,320
6E,2850,DEL,3093,IXR,3063,,0,320
6E,2850,DEL,3093,LKO,3105,,0,320
6E,2850,DEL,3093,BLR,3131,,0,320
6E,2850,DEL,3093,COK,3136,,0,320
6E,2850,DEL,3093,MAA,3144,,0,320
6E,2850,DEL,3093,BKK,3885,,0,320
6E,2850,LKO,3105,BOM,2997,,0,320
6E,2850,LKO,3105,PAT,3061,,0,320
6E,2850,LKO,3105,BLR,3131,,0,320
6E,2850,KTM,3125,DEL,3093,,0,320
6E,2850,BLR,3131,AMD,2994,,0,320
6E,2850,BLR,3131,BOM,2997,,0,320
6E,2850,BLR,3131,GOI,3007,,0,320
6E,2850,BLR,3131,PNQ,3017,,0,320
6E,2850,BLR,3131,BBI,3042,,0,320
6E,2850,BLR,3131,CCU,3043,,0,320
6E,2850,BLR,3131,VTZ,3066,,0,320
6E,2850,BLR,3131,DEL,3093,,0,320
6E,2850,BLR,3131,JAI,3098,,0,320
6E,2850,BLR,3131,GAU,6173,,0,320
6E,2850,CJB,3135,BOM,2997,,0,320
6E,2850,CJB,3135,DEL,3093,,0,320
6E,2850,COK,3136,HYD,,,0,320
6E,2850,COK,3136,DXB,2188,,0,320
6E,2850,COK,3136,DEL,3093,,0,320
6E,2850,COK,3136,MAA,3144,,0,320
6E,2850,COK,3136,TRV,3153,,0,320
6E,2850,MAA,3144,DXB,2188,,0,320
6E,2850,MAA,3144,PNQ,3017,,0,320
6E,2850,MAA,3144,VTZ,3066,,0,320
6E,2850,MAA,3144,DEL,3093,,0,320
6E,2850,MAA,3144,TRV,3153,,0,320
6E,2850,MAA,3144,SIN,3316,,0,320
6E,2850,SIN,3316,MAA,3144,,0,320
6E,2850,BKK,3885,CCU,3043,,0,320
6E,2850,BKK,3885,DEL,3093,,0,320
6E,2850,GAU,6173,BOM,2997,,0,320
6E,2850,GAU,6173,DEL,3093,,0,320
QZ,2857,DMK,3157,CGK,3275,,0,320
QZ,2857,UPG,3240,DPS,3940,,0,320
QZ,2857,PKU,3273,BDO,3896,,0,320
QZ,2857,CGK,3275,JHB,3303,,0,320
QZ,2857,JHB,3303,SUB,3928,,0,320
QZ,2857,KUL,3304,SUB,3928,,0,320
QZ,2857,PEN,3308,SUB,3928,,0,320
QZ,2857,SIN,3316,CGK,3275,,0,320
QZ,2857,SIN,3316,JOG,3898,,0,320
QZ,2857,SIN,3316,SUB,3928,,0,320
QZ,2857,PER,3351,DPS,3940,,0,320
QZ,2857,BDO,3896,PKU,3273,,0,320
QZ,2857,BDO,3896,KUL,3304,,0,320
QZ,2857,JOG,3898,CGK,3275,,0,320
QZ,2857,SUB,3928,DMK,3157,,0,320
QZ,2857,SUB,3928,JHB,3303,,0,320
QZ,2857,SUB,3928,KUL,3304,,0,320
QZ,2857,SUB,3928,BDO,3896,,0,320
QZ,2857,DPS,3940,PER,3351,,0,320
QZ,2857,DPS,3940,BDO,3896,,0,320
QZ,2857,DPS,3940,DRW,3999,,0,320
QZ,2857,DRW,3999,DPS,3940,,0,320
ID,2896,MDC,3250,CGK,3275,,0,739
ID,2896,AMQ,3256,CGK,3275,,0,739
ID,2896,CGK,3275,JOG,3898,,0,739
ID,2896,CGK,3275,DPS,3940,,0,739
ID,2896,DPS,3940,CGK,3275,,0,739
3L,2916,DRS,338,ZRH,1678,,0,DH3
3L,2916,HAM,342,FDH,382,,0,AT7
3L,2916,MUC,346,EBA,1558,,0,DH3
3L,2916,FDH,382,EBA,1558,,0,DH3
3L,2916,ZAD,1209,FDH,382,,0,AT7
3L,2916,EBA,1558,MUC,346,,0,DH3
3L,2916,EBA,1558,FDH,382,,0,DH3
3L,2916,EBA,1558,ZRH,1678,,0,DH3
3L,2916,EBA,1558,ACH,1679,,0,DH3
3L,2916,SZG,1612,ZRH,1678,,0,DH3
3L,2916,ZRH,1678,DRS,338,,0,DH3
IR,2922,HAM,342,IKA,4330,,0,313
IR,2922,CGN,344,IKA,4330,,0,313
IR,2922,GOT,687,IKA,4330,,0,AB6
IR,2922,ORY,1386,IKA,4330,,0,AB6
IR,2922,MXP,1524,IKA,4330,,0,AB6
IR,2922,FCO,1555,IKA,4330,,0,313
IR,2922,IST,1701,IKA,4330,,0,320
IR,2922,AWZ,2104,KIH,2109,,0,M82
IR,2922,AWZ,2104,RAS,2123,,0,100
IR,2922,AWZ,2104,BND,2134,,0,100
IR,2922,AWZ,2104,SYZ,2157,,0,M82 100
IR,2922,AWZ,2104,TBZ,2162,,0,AB4
IR,2922,AWZ,2104,MHD,4331,,0,M82 AB4
IR,2922,KIH,2109,AWZ,2104,,0,M82
IR,2922,KIH,2109,IFN,2121,,0,100 320
IR,2922,KSH,2114,THR,2131,,0,100 M82 AB4 320
IR,2922,IFN,2121,THR,2131,,0,100 M82 AB4 320
IR,2922,IFN,2121,KER,2136,,0,100
IR,2922,IFN,2121,KWI,2176,,0,100 320
IR,2922,IFN,2121,DXB,2188,,0,320
IR,2922,RAS,2123,THR,2131,,0,100
IR,2922,RAS,2123,MHD,4331,,0,M82 100
IR,2922,THR,2131,ABD,2097,,0,M82 100
IR,2922,THR,2131,KSH,2114,,0,100 M82 AB4 320
IR,2922,THR,2131,RAS,2123,,0,100
IR,2922,THR,2131,BND,2134,,0,100 320 M82
IR,2922,THR,2131,XBJ,2142,,0,100 M82
IR,2922,THR,2131,TBZ,2162,,0,AB4 100 M82
IR,2922,THR,2131,ZAH,2167,,0,M82 100 320
IR,2922,THR,2131,LRR,5934,,0,320 100
IR,2922,THR,2131,ADU,5935,,0,100
IR,2922,THR,2131,OMH,5936,,0,100 M82
IR,2922,THR,2131,GBT,6747,,0,100
IR,2922,BND,2134,ZBR,2166,,0,100
IR,2922,BND,2134,DXB,2188,,0,320
IR,2922,KER,2136,THR,2131,,0,100
IR,2922,XBJ,2142,THR,2131,,0,100 M82
IR,2922,SYZ,2157,BUZ,2106,,0,100
IR,2922,SYZ,2157,KIH,2109,,0,M82
IR,2922,SYZ,2157,BND,2134,,0,320 100
IR,2922,ZBR,2166,BND,2134,,0,100
IR,2922,ZAH,2167,KER,2136,,0,100
IR,2922,ZAH,2167,ZBR,2166,,0,M82 100 320
IR,2922,ZAH,2167,GBT,6747,,0,100
IR,2922,KWI,2176,SYZ,2157,,0,320 100
IR,2922,DXB,2188,IFN,2121,,0,320
IR,2922,DXB,2188,BND,2134,,0,320
IR,2922,TAS,2983,IKA,4330,,0,320
IR,2922,KUL,3304,IKA,4330,,0,74L
IR,2922,IKA,4330,HAM,342,,0,313
IR,2922,IKA,4330,AMS,580,,0,AB6
IR,2922,IKA,4330,ORY,1386,,0,AB6
IR,2922,IKA,4330,FCO,1555,,0,313
IR,2922,IKA,4330,IST,1701,,0,320
IR,2922,IKA,4330,DXB,2188,,0,320
IR,2922,IKA,4330,GYD,2922,,0,320
IR,2922,MHD,4331,DMM,2064,,0,320
IR,2922,MHD,4331,ABD,2097,,0,100 M82
IR,2922,MHD,4331,KSH,2114,,0,M82
IR,2922,MHD,4331,IFN,2121,,0,320 M82 100
IR,2922,MHD,4331,BND,2134,,0,M82
IR,2922,MHD,4331,AZD,2164,,0,M82 100
IR,2922,MHD,4331,GSM,5712,,0,M82
IR,2922,MHD,4331,SRY,5933,,0,M82
IR,2922,MHD,4331,ADU,5935,,0,100
IR,2922,GSM,5712,THR,2131,,0,100 320
IR,2922,GSM,5712,MHD,4331,,0,M82
IR,2922,KHD,5927,THR,2131,,0,100
IR,2922,SRY,5933,AWZ,2104,,0,M82
IR,2922,LRR,5934,THR,2131,,0,320 100
IR,2922,LRR,5934,KWI,2176,,0,100
IR,2922,LRR,5934,DOH,11051,,0,320
IR,2922,DOH,11051,SYZ,2157,,0,320
EP,2923,LFM,,SYZ,2157,,0,AT7
EP,2923,LFM,,DXB,2188,,0,AT7
EP,2923,ARN,737,IKA,4330,,0,340
EP,2923,HEA,2048,MHD,4331,,0,100
EP,2923,KBL,2050,IKA,4330,,0,100
EP,2923,KDH,2051,MHD,4331,,0,100
EP,2923,MZR,2053,IKA,4330,,0,100
EP,2923,ABD,2097,THR,2131,,0,100
EP,2923,AWZ,2104,MHD,4331,,0,100
EP,2923,KIH,2109,BND,2134,,0,AT7
EP,2923,IFN,2121,THR,2131,,0,100
EP,2923,IFN,2121,BND,2134,,0,100
EP,2923,IFN,2121,MHD,4331,,0,100
EP,2923,RAS,2123,MHD,4331,,0,100
EP,2923,THR,2131,KSH,2114,,0,AT7 100
EP,2923,THR,2131,SDG,2117,,0,100
EP,2923,THR,2131,AZD,2164,,0,100
EP,2923,THR,2131,MHD,4331,,0,100
EP,2923,THR,2131,AFZ,5931,,0,100
EP,2923,THR,2131,NSH,5932,,0,AT7
EP,2923,THR,2131,ADU,5935,,0,AT7 100
EP,2923,THR,2131,IIL,6748,,0,100
EP,2923,THR,2131,PFQ,6749,,0,AT7
EP,2923,BND,2134,IFN,2121,,0,100
EP,2923,BND,2134,DXB,2188,,0,100
EP,2923,KER,2136,SYZ,2157,,0,AT7
EP,2923,SYZ,2157,LFM,,,0,AT7
EP,2923,SYZ,2157,ABD,2097,,0,100
EP,2923,SYZ,2157,RAS,2123,,0,100
EP,2923,SYZ,2157,THR,2131,,0,100
EP,2923,SYZ,2157,DXB,2188,,0,100
EP,2923,SYZ,2157,MCT,2194,,0,100
EP,2923,SYZ,2157,MHD,4331,,0,100
EP,2923,SYZ,2157,PGU,7546,,0,100
EP,2923,TBZ,2162,DXB,2188,,0,100
EP,2923,AZD,2164,THR,2131,,0,100
EP,2923,ACZ,2165,MHD,4331,,0,100
EP,2923,ZBR,2166,THR,2131,,0,100
EP,2923,ZAH,2167,DXB,2188,,0,100
EP,2923,ZAH,2167,GBT,6747,,0,100
EP,2923,DXB,2188,LFM,,,0,AT7
EP,2923,DXB,2188,BDH,2110,,0,AT7
EP,2923,DXB,2188,SYZ,2157,,0,100
EP,2923,DXB,2188,TBZ,2162,,0,100
EP,2923,DXB,2188,ZAH,2167,,0,100
EP,2923,MCT,2194,SYZ,2157,,0,100
EP,2923,DYU,2979,MHD,4331,,0,100
EP,2923,MHD,4331,HEA,2048,,0,100
EP,2923,MHD,4331,KBL,2050,,0,100
EP,2923,MHD,4331,AWZ,2104,,0,100
EP,2923,MHD,4331,RZR,2151,,0,AT7
EP,2923,MHD,4331,TBZ,2162,,0,100
EP,2923,MHD,4331,ZBR,2166,,0,100
EP,2923,MHD,4331,ZAH,2167,,0,100
EP,2923,MHD,4331,DXB,2188,,0,100
EP,2923,MHD,4331,DYU,2979,,0,100
EP,2923,MHD,4331,GBT,6747,,0,AT7
EP,2923,AFZ,5931,THR,2131,,0,100
EP,2923,NSH,5932,MHD,4331,,0,100
EP,2923,ISU,5952,IKA,4330,,0,100
EP,2923,GBT,6747,THR,2131,,0,100 AT7
EP,2923,GBT,6747,ZAH,2167,,0,100
EP,2923,PFQ,6749,THR,2131,,0,AT7
EP,2923,HDM,6790,MHD,4331,,0,100
EP,2923,PGU,7546,AWZ,2104,,0,100
EP,2923,YES,7547,THR,2131,,0,AT7
8L,2942,PEK,3364,KMG,3382,,0,738 737
8L,2942,PEK,3364,LUM,6376,,0,737
8L,2942,TSN,3368,DLC,3404,,0,737
8L,2942,CSX,3371,FOC,3385,,0,738
8L,2942,CSX,3371,LJG,4033,,0,321 319
8L,2942,KWL,3372,KMG,3382,,0,738
8L,2942,KWL,3372,XMN,3383,,0,738
8L,2942,CGO,3375,KMG,3382,,0,320 738 737
8L,2942,WUH,3376,DLC,3404,,0,737
8L,2942,LHW,3378,KMG,3382,,0,737
8L,2942,XIY,3379,LJG,4033,,0,321
8L,2942,XIY,3379,BAV,6346,,0,738
8L,2942,KMG,3382,PEK,3364,,0,738 737 321
8L,2942,KMG,3382,CSX,3371,,0,738
8L,2942,KMG,3382,WUH,3376,,0,738 737 321
8L,2942,KMG,3382,KWE,3394,,0,737 321
8L,2942,KMG,3382,CTU,3395,,0,321 737
8L,2942,KMG,3382,PVG,3406,,0,738
8L,2942,KMG,3382,SYX,4030,,0,321 737
8L,2942,KMG,3382,LJG,4033,,0,319 321
8L,2942,KMG,3382,YIH,6361,,0,738
8L,2942,KMG,3382,DIG,6375,,0,737
8L,2942,KMG,3382,SYM,6377,,0,737
8L,2942,KMG,3382,TCZ,7862,,0,737
8L,2942,HGH,3386,KOW,6379,,0,321
8L,2942,NGB,3387,LJG,4033,,0,319
8L,2942,NKG,3388,KWE,3394,,0,737
8L,2942,TAO,3390,WUH,3376,,0,320
8L,2942,CKG,3393,XUZ,4149,,0,738
8L,2942,KWE,3394,SIN,3316,,0,321
8L,2942,KWE,3394,NKG,3388,,0,737
8L,2942,KWE,3394,XUZ,4149,,0,319
8L,2942,DLC,3404,TSN,3368,,0,737
8L,2942,DLC,3404,WUH,3376,,0,737
8L,2942,LJG,4033,JHG,3381,,0,737
8L,2942,LJG,4033,NKG,3388,,0,319
8L,2942,TNA,4108,KMG,3382,,0,738
8L,2942,XNN,6366,URC,3399,,0,738
8L,2942,LUM,6376,PEK,3364,,0,737
8L,2942,LUM,6376,KMG,3382,,0,737
8L,2942,KOW,6379,HGH,3386,,0,321
8L,2942,TCZ,7862,KMG,3382,,0,737
8L,2942,TCZ,7862,CTU,3395,,0,737
IOS,2951,NQY,481,ISC,4347,,0,DHT
IOS,2951,EXT,552,ISC,4347,,0,DHT
IOS,2951,GYD,2922,OMS,2958,,0,CR2
IOS,2951,KHV,2927,UUD,2938,,0,CR2
IOS,2951,IKT,2937,UUD,2938,,0,CR2
IOS,2951,IKT,2937,ABA,2955,,0,AN4
IOS,2951,IKT,2937,KJA,4374,,0,CR2
IOS,2951,IKT,2937,ODO,8944,,0,AN4
IOS,2951,IKT,2937,ULK,9026,,0,AN4
IOS,2951,UUD,2938,NZH,6954,,0,CR2
IOS,2951,ABA,2955,IKT,2937,,0,AN4
IOS,2951,OMS,2958,GYD,2922,,0,CR2
IOS,2951,OMS,2958,NJC,2972,,0,CR2
IOS,2951,OMS,2958,DME,4029,,0,CR2
IOS,2951,OMS,2958,OVB,4078,,0,CR2
IOS,2951,OMS,2958,NUX,4364,,0,CR2
IOS,2951,TAS,2983,OMS,2958,,0,CR2
IOS,2951,OVB,4078,KJA,4374,,0,CR2
IOS,2951,ISC,4347,EXT,552,,0,DHT
IOS,2951,ISC,4347,LEQ,5572,,0,DHT BNT
IOS,2951,KJA,4374,NZH,6954,,0,CR2
IOS,2951,KYZ,6118,IKT,2937,,0,AN4
IOS,2951,SLY,6137,OVB,4078,,0,CR2
IOS,2951,JMU,6411,KHV,2927,,0,CR2
IOS,2951,ULK,9026,IKT,2937,,0,AN4
6H,2954,SXF,337,TLV,1590,,0,320
6H,2954,NCE,1354,TLV,1590,,0,320
6H,2954,TLV,1590,NCE,1354,,0,320
6H,2954,ETH,1594,TLV,1590,,0,320
6H,2954,TBS,3973,TLV,1590,,0,320
JL,2987,YVR,156,YEG,49,Y,0,73W
JL,2987,YVR,156,NRT,2279,,0,788
JL,2987,HEL,421,NRT,2279,,0,788
JL,2987,HEL,421,KIX,3992,Y,0,333
JL,2987,LHR,507,NRT,2279,Y,0,777
JL,2987,LHR,507,HND,2359,,0,773
JL,2987,CDG,1382,HND,2359,,0,773
JL,2987,ROR,2256,NRT,2279,,0,767
JL,2987,KHH,2264,NRT,2279,,0,767
JL,2987,TPE,2276,FUK,2305,Y,0,772
JL,2987,NRT,2279,YVR,156,,0,788
JL,2987,NRT,2279,CDG,1382,,0,788
JL,2987,NRT,2279,KHH,2264,,0,767
JL,2987,NRT,2279,TPE,2276,,0,73H
JL,2987,NRT,2279,CTS,2287,Y,0,773
JL,2987,NRT,2279,KHV,2927,Y,0,320
JL,2987,NRT,2279,VVO,2934,Y,0,320
JL,2987,NRT,2279,HKG,3077,,0,767
JL,2987,NRT,2279,DEL,3093,,0,777
JL,2987,NRT,2279,SGN,3205,,0,767
JL,2987,NRT,2279,BKI,3269,,0,738
JL,2987,NRT,2279,CGK,3275,,0,773 777
JL,2987,NRT,2279,CNS,3322,Y,0,332
JL,2987,NRT,2279,NKG,3388,Y,0,320
JL,2987,NRT,2279,DLC,3404,,0,767
JL,2987,NRT,2279,PVG,3406,,0,767
JL,2987,NRT,2279,BOS,3448,,0,788
JL,2987,NRT,2279,DFW,3670,Y,0,777
JL,2987,NRT,2279,HNL,3728,,0,788 777
JL,2987,NRT,2279,SAN,3731,,0,788
JL,2987,NRT,2279,NGO,3942,,0,788
JL,2987,NRT,2279,PPT,4075,Y,0,343
JL,2987,NRT,2279,DOH,11051,,0,77L
JL,2987,SHM,2284,HND,2359,,0,E70
JL,2987,OBO,2286,HND,2359,,0,73H
JL,2987,CTS,2287,MMB,2290,Y,0,CRJ E70
JL,2987,CTS,2287,FUK,2305,,0,73H
JL,2987,CTS,2287,HIJ,2326,Y,0,73H
JL,2987,CTS,2287,ITM,2334,,0,73H
JL,2987,CTS,2287,HNA,2344,Y,0,E70 CRJ
JL,2987,CTS,2287,SDJ,2347,Y,0,CRJ
JL,2987,CTS,2287,ICN,3930,Y,0,73H 744 333 772
JL,2987,MMB,2290,CTS,2287,Y,0,CRJ E70
JL,2987,UBJ,2296,HND,2359,,0,73H
JL,2987,FUK,2305,HNA,2344,Y,0,E70
JL,2987,FUK,2305,HND,2359,,0,777 767 73H
JL,2987,KOJ,2307,ITM,2334,Y,0,E70 73H
JL,2987,NGS,2313,ITM,2334,Y,0,E70
JL,2987,ASJ,2316,HND,2359,,0,73H
JL,2987,KMQ,2322,ICN,3930,Y,0,73H
JL,2987,HIJ,2326,PVG,3406,Y,0,320
JL,2987,ITM,2334,HKD,2288,Y,0,CRJ
JL,2987,ITM,2334,FUK,2305,,0,E70
JL,2987,ITM,2334,OIT,2310,Y,0,CRJ
JL,2987,ITM,2334,NGS,2313,Y,0,E70
JL,2987,ITM,2334,ASJ,2316,Y,0,73H
JL,2987,ITM,2334,AOJ,2340,Y,0,E70
JL,2987,ITM,2334,GAJ,2341,Y,0,E70 CRJ
JL,2987,ITM,2334,HNA,2344,Y,0,E70 CRJ
JL,2987,ITM,2334,MSJ,2346,Y,0,E70
JL,2987,ITM,2334,SDJ,2347,Y,0,E70
JL,2987,ITM,2334,KIJ,4381,Y,0,E70
JL,2987,TKS,2336,HND,2359,,0,767 73H
JL,2987,TAK,2337,HND,2359,,0,73H
JL,2987,AOJ,2340,CTS,2287,Y,0,E70
JL,2987,AOJ,2340,ITM,2334,Y,0,E70
JL,2987,GAJ,2341,HND,2359,,0,E70
JL,2987,HNA,2344,FUK,2305,Y,0,E70
JL,2987,AXT,2345,HND,2359,Y,0,73H
JL,2987,MSJ,2346,HND,2359,,0,73H E70
JL,2987,SDJ,2347,CTS,2287,Y,0,CRJ
JL,2987,SDJ,2347,FUK,2305,Y,0,E70
JL,2987,SDJ,2347,ITM,2334,Y,0,E70
JL,2987,HND,2359,LHR,507,,0,773
JL,2987,HND,2359,DXB,2188,Y,0,772
JL,2987,HND,2359,TSA,2275,,0,767
JL,2987,HND,2359,HKD,2288,,0,73H 767
JL,2987,HND,2359,MMB,2290,,0,73H
JL,2987,HND,2359,KKJ,2311,,0,73H
JL,2987,HND,2359,NGS,2313,,0,73H
JL,2987,HND,2359,HIJ,2326,,0,73H
JL,2987,HND,2359,KCZ,2332,,0,73H
JL,2987,HND,2359,MYJ,2333,,0,767
JL,2987,HND,2359,TKS,2336,,0,767
JL,2987,HND,2359,AXT,2345,Y,0,73H
JL,2987,HND,2359,HKG,3077,,0,777 767
JL,2987,HND,2359,SGN,3205,,0,767
JL,2987,HND,2359,HNL,3728,,0,777
JL,2987,HND,2359,BKK,3885,,0,767 777
JL,2987,HND,2359,KUH,5994,,0,73H
JL,2987,GMP,2378,KIX,3992,,0,73H
JL,2987,OKA,2384,ITM,2334,,0,773
JL,2987,MNL,2397,NRT,2279,,0,767
JL,2987,SCL,2650,LIM,2789,Y,0,763
JL,2987,LIM,2789,SCL,2650,Y,0,763
JL,2987,LIM,2789,LAX,3484,Y,0,763
JL,2987,KHV,2927,NRT,2279,Y,0,320
JL,2987,HKG,3077,TPE,2276,Y,0,333 744 773 772
JL,2987,HKG,3077,CTS,2287,Y,0,744
JL,2987,HKG,3077,CNS,3322,Y,0,333
JL,2987,HKG,3077,NGO,3942,Y,0,333 343
JL,2987,HKG,3077,KIX,3992,Y,0,333 744 773 343 772
JL,2987,HKT,3179,BKK,3885,Y,0,320
JL,2987,SGN,3205,NRT,2279,,0,767
JL,2987,SGN,3205,HND,2359,,0,767
JL,2987,SGN,3205,KIX,3992,Y,0,332
JL,2987,OOL,3321,NRT,2279,Y,0,332
JL,2987,OOL,3321,KIX,3992,Y,0,332
JL,2987,CNS,3322,BNE,3320,Y,0,333
JL,2987,CNS,3322,KIX,3992,Y,0,332
JL,2987,PEK,3364,NRT,2279,,0,767 73H
JL,2987,PEK,3364,HND,2359,,0,767
JL,2987,TSN,3368,NGO,3942,,0,73H
JL,2987,KMG,3382,PVG,3406,Y,0,738
JL,2987,DLC,3404,NRT,2279,,0,767
JL,2987,PVG,3406,FUK,2305,Y,0,738 320
JL,2987,PVG,3406,OKJ,2327,Y,0,320
JL,2987,PVG,3406,OKA,2384,Y,0,320
JL,2987,PVG,3406,XIY,3379,Y,0,321
JL,2987,PVG,3406,FSZ,6476,Y,0,738
JL,2987,BOS,3448,NRT,2279,,0,788
JL,2987,BOS,3448,MSY,3861,Y,0,E90
JL,2987,LAX,3484,NRT,2279,,0,773
JL,2987,HNL,3728,NRT,2279,,0,767 788 777
JL,2987,HNL,3728,HND,2359,,0,777
JL,2987,HNL,3728,KIX,3992,,0,777
JL,2987,BKK,3885,NRT,2279,,0,767
JL,2987,BKK,3885,FUK,2305,Y,0,330
JL,2987,BKK,3885,CEI,3932,Y,0,734
JL,2987,ICN,3930,CTS,2287,Y,0,744 73H 333 772
JL,2987,ICN,3930,FUK,2305,Y,0,333 739 773
JL,2987,ICN,3930,NGO,3942,Y,0,73H 332 333 772
JL,2987,ICN,3930,KIJ,4381,Y,0,73J
JL,2987,NGO,3942,NRT,2279,,0,788
JL,2987,NGO,3942,HAN,3199,Y,0,321
JL,2987,NGO,3942,PVG,3406,,0,767
JL,2987,NGO,3942,ICN,3930,Y,0,772 73H 332 333
JL,2987,KIX,3992,DXB,2188,Y,0,773
JL,2987,KIX,3992,PUS,2372,Y,0,73H
JL,2987,KIX,3992,HAN,3199,Y,0,321
JL,2987,KIX,3992,SGN,3205,Y,0,332
JL,2987,KIX,3992,KUL,3304,Y,0,333
JL,2987,KIX,3992,NKG,3388,Y,0,320
JL,2987,KIX,3992,PVG,3406,,0,767 73H
JL,2987,DME,4029,NRT,2279,,0,788
JL,2987,SHE,4144,KIX,3992,Y,0,320
JL,2987,KIJ,4381,PVG,3406,Y,0,319
JL,2987,KUH,5994,HND,2359,,0,73H
JL,2987,DOH,11051,NRT,2279,,0,77L
EG,2989,KQT,,REN,2991,,0,320
EG,2989,DMB,2911,SVX,2975,,0,320
EG,2989,DMB,2911,DME,4029,,0,320
EG,2989,SVX,2975,TJU,7563,,0,320
EG,2989,REN,2991,KQT,,,0,320
EG,2989,DME,4029,TJU,7563,,0,320
EG,2989,TJU,7563,CIT,2914,,0,320
EG,2989,TJU,7563,DME,4029,,0,320
NU,2990,KMQ,2322,OKA,2384,,0,734
NU,2990,HND,2359,MMY,2390,,0,734
NU,2990,OKA,2384,FUK,2305,,0,734
NU,2990,OKA,2384,KIX,3992,,0,734
NU,2990,ISG,2387,HND,2359,,0,734
NU,2990,ISG,2387,KIX,3992,,0,734
NU,2990,MMY,2390,OKA,2384,,0,734
NU,2990,KIX,3992,OKA,2384,,0,734
J9,2993,CAI,1128,KWI,2176,,0,320
J9,2993,LXR,1132,KWI,2176,,0,320
J9,2993,JED,2072,KWI,2176,,0,320
J9,2993,RUH,2082,KWI,2176,,0,320
J9,2993,AMM,2170,KWI,2176,,0,320
J9,2993,KWI,2176,CAI,1128,,0,320
J9,2993,KWI,2176,LXR,1132,,0,320
J9,2993,KWI,2176,BAH,2057,,0,320
J9,2993,KWI,2176,RUH,2082,,0,320
J9,2993,KWI,2176,AMM,2170,,0,320
J9,2993,KWI,2176,BEY,2177,,0,320
J9,2993,KWI,2176,DXB,2188,,0,320
J9,2993,KWI,2176,HBE,3410,,0,320
J9,2993,KWI,2176,HMB,8235,,0,320
J9,2993,BEY,2177,KWI,2176,,0,320
J9,2993,DXB,2188,KWI,2176,,0,320
7C,2994,CJU,2370,PUS,2372,,0,737
7C,2994,CJU,2370,GMP,2378,,0,737
7C,2994,MNL,2397,ICN,3930,,0,737
7C,2994,ICN,3930,FUK,2305,,0,737
7C,2994,ICN,3930,BKK,3885,,0,737
7C,2994,ICN,3930,NGO,3942,,0,737
7C,2994,KIX,3992,GMP,2378,,0,737
7C,2994,CEB,4206,PUS,2372,,0,737
7C,2994,CEB,4206,ICN,3930,,0,737
7C,2994,CJJ,6008,CJU,2370,,0,737
9W,3000,HYD,,BLR,3131,Y,0,AT7
9W,3000,HYD,,MAA,3144,Y,0,738 AT7
9W,3000,HYD,,RJA,3148,Y,0,AT7
9W,3000,BRU,302,DEL,3093,,0,333
9W,3000,BRU,302,EWR,3494,,0,333
9W,3000,LHR,507,DEL,3093,,0,77W
9W,3000,JNB,813,BOM,2997,,0,332
9W,3000,DMM,2064,AUH,2179,,0,73H
9W,3000,DMM,2064,BOM,2997,,0,73H
9W,3000,AUH,2179,KWI,2176,,0,73H
9W,3000,AUH,2179,AMD,2994,,0,320
9W,3000,AUH,2179,DEL,3093,,0,73H 320
9W,3000,AUH,2179,CCJ,3137,,0,320
9W,3000,AUH,2179,TRV,3153,Y,0,320
9W,3000,DXB,2188,DEL,3093,,0,73H
9W,3000,AMD,2994,DEL,3093,Y,0,738 73W
9W,3000,IXU,2996,BOM,2997,,0,738
9W,3000,BOM,2997,BAH,2057,,0,73H
9W,3000,BOM,2997,DMM,2064,,0,73H
9W,3000,BOM,2997,RUH,2082,,0,739 73H
9W,3000,BOM,2997,AUH,2179,,0,73H 320
9W,3000,BOM,2997,BDQ,3001,,0,73W 738 73H
9W,3000,BOM,2997,RAJ,3019,Y,0,73G
9W,3000,BOM,2997,CMB,3024,,0,73H
9W,3000,BOM,2997,HKG,3077,,0,77W
9W,3000,BOM,2997,DEL,3093,,0,739 73H 738
9W,3000,BOM,2997,JDH,3097,,0,73H
9W,3000,BOM,2997,JAI,3098,,0,73W
9W,3000,BOM,2997,KTM,3125,,0,73H 739
9W,3000,BOM,2997,BLR,3131,,0,738 73W 739 73H
9W,3000,BOM,2997,COK,3136,,0,73H
9W,3000,BOM,2997,MAA,3144,,0,738 73H
9W,3000,BOM,2997,TRV,3153,,0,73H
9W,3000,BOM,2997,KUL,3304,Y,0,772
9W,3000,BOM,2997,NBO,4059,Y,0,772
9W,3000,BOM,2997,DIU,5711,Y,0,AT7
9W,3000,BOM,2997,DOH,11051,,0,73H
9W,3000,BHJ,2999,BOM,2997,,0,73H
9W,3000,BDQ,3001,BOM,2997,,0,73W 738 73H
9W,3000,BHO,3002,BOM,2997,Y,0,73G 738
9W,3000,BHO,3002,DEL,3093,Y,0,AT7
9W,3000,BHU,3003,BOM,2997,Y,0,73G
9W,3000,GOI,3007,BOM,2997,,0,73H
9W,3000,IDR,3008,DEL,3093,,0,73H
9W,3000,IDR,3008,BLR,3131,Y,0,738
9W,3000,PNQ,3017,BOM,2997,,0,738
9W,3000,PBD,3018,BOM,2997,Y,0,AT7
9W,3000,RAJ,3019,BOM,2997,Y,0,73G
9W,3000,RPR,3020,BOM,2997,Y,0,738
9W,3000,RPR,3020,DEL,3093,Y,0,73W
9W,3000,IXA,3038,CCU,3043,Y,0,AT7
9W,3000,CCU,3043,IXA,3038,Y,0,AT7
9W,3000,CCU,3043,IXB,3040,,0,738
9W,3000,CCU,3043,IXZ,3146,Y,0,738
9W,3000,IMF,3050,GAU,6173,Y,0,738
9W,3000,IXS,3055,CCU,3043,Y,0,AT7
9W,3000,IXR,3063,DEL,3093,Y,0,73H
9W,3000,VTZ,3066,CCU,3043,Y,0,73G
9W,3000,DAC,3076,BOM,2997,,0,739 73H
9W,3000,DAC,3076,DEL,3093,,0,738
9W,3000,HKG,3077,DEL,3093,,0,332 77W
9W,3000,IXC,3089,BOM,2997,,0,738
9W,3000,IXC,3089,DEL,3093,Y,0,738 AT7
9W,3000,DEL,3093,LHR,507,,0,77W
9W,3000,DEL,3093,DMM,2064,,0,73H
9W,3000,DEL,3093,AMD,2994,Y,0,73W 738
9W,3000,DEL,3093,BOM,2997,,0,739 738 73H
9W,3000,DEL,3093,IDR,3008,,0,73H
9W,3000,DEL,3093,CCU,3043,Y,0,738
9W,3000,DEL,3093,PAT,3061,,0,73H
9W,3000,DEL,3093,ATQ,3081,,0,738
9W,3000,DEL,3093,VNS,3084,Y,0,738
9W,3000,DEL,3093,IXC,3089,Y,0,738 AT7
9W,3000,DEL,3093,JAI,3098,,0,73H
9W,3000,DEL,3093,IXJ,3100,Y,0,73H 738
9W,3000,DEL,3093,BLR,3131,,0,738 73H
9W,3000,DEL,3093,GOP,6741,Y,0,AT7
9W,3000,JDH,3097,DEL,3093,Y,0,AT7
9W,3000,IXJ,3100,DEL,3093,Y,0,73H 738
9W,3000,IXL,3104,DEL,3093,,0,73W
9W,3000,LKO,3105,BOM,2997,,0,73H
9W,3000,LKO,3105,DEL,3093,Y,0,AT7 73W 739 738
9W,3000,KTM,3125,DEL,3093,,0,73H
9W,3000,BLR,3131,HYD,,Y,0,AT7
9W,3000,BLR,3131,VTZ,3066,Y,0,73G
9W,3000,BLR,3131,DEL,3093,,0,73H 738
9W,3000,CJB,3135,MAA,3144,Y,0,AT7
9W,3000,COK,3136,AUH,2179,,0,73H
9W,3000,COK,3136,BLR,3131,Y,0,AT7
9W,3000,CCJ,3137,BOM,2997,Y,0,738
9W,3000,IXE,3143,DXB,2188,,0,73H
9W,3000,MAA,3144,HYD,,Y,0,738
9W,3000,MAA,3144,AUH,2179,,0,73H
9W,3000,MAA,3144,DEL,3093,,0,738
9W,3000,MAA,3144,IXZ,3146,,0,73H
9W,3000,MAA,3144,TRZ,3152,Y,0,AT7
9W,3000,MAA,3144,KUL,3304,Y,0,738
9W,3000,MAA,3144,SIN,3316,,0,73H
9W,3000,IXZ,3146,CCU,3043,Y,0,738
9W,3000,IXZ,3146,MAA,3144,,0,73H
9W,3000,RJA,3148,HYD,,Y,0,AT7
9W,3000,TRV,3153,MCT,2194,,0,73H
9W,3000,TRV,3153,BOM,2997,,0,73H
9W,3000,KUL,3304,BOM,2997,Y,0,772
9W,3000,KUL,3304,BLR,3131,Y,0,738
9W,3000,KUL,3304,MAA,3144,Y,0,738
9W,3000,SIN,3316,BOM,2997,,0,73H
9W,3000,EWR,3494,BRU,302,,0,333
9W,3000,BKK,3885,DEL,3093,,0,73H
9W,3000,GAU,6173,AJL,3039,Y,0,AT7
9W,3000,GAU,6173,IMF,3050,Y,0,738
9W,3000,GAU,6173,IXS,3055,Y,0,AT7
3K,3021,TPE,2276,SIN,3316,,0,320
3K,3021,MNL,2397,SIN,3316,,0,320
3K,3021,HKG,3077,SIN,3316,,0,320
3K,3021,RGN,3239,SIN,3316,,0,320
3K,3021,PEN,3308,SIN,3316,,0,320
3K,3021,SIN,3316,PNH,3034,,0,320
3K,3021,SIN,3316,REP,3035,,0,320
3K,3021,SIN,3316,HKG,3077,,0,320
3K,3021,SIN,3316,SGN,3205,,0,320
3K,3021,SIN,3316,PER,3351,,0,320
3K,3021,SIN,3316,HGH,3386,,0,320
3K,3021,SIN,3316,BKK,3885,,0,320
3K,3021,SIN,3316,HAK,4120,,0,320
3K,3021,KIX,3992,TPE,2276,,0,320
3K,3021,KIX,3992,MNL,2397,,0,320
3K,3021,DRW,3999,SIN,3316,,0,320
3K,3021,HAK,4120,SIN,3316,,0,320
LS,3026,DUS,345,LBA,517,,0,733
LS,3026,BFS,465,DBV,1200,,0,733
LS,3026,MAN,478,ACE,1055,,0,752 75W 73H
LS,3026,MAN,478,LCA,1197,,0,73H 75W
LS,3026,MAN,478,DBV,1200,,0,733
LS,3026,MAN,478,SPU,1206,,0,733
LS,3026,MAN,478,ALC,1212,,0,75W 733 73H
LS,3026,MAN,478,IBZ,1225,,0,733 73H 738 75W
LS,3026,MAN,478,AGP,1230,,0,752 75W 733
LS,3026,MAN,478,CDG,1382,,0,733
LS,3026,MAN,478,HER,1452,,0,75W 738
LS,3026,MAN,478,RHO,1472,,0,752
LS,3026,MAN,478,BUD,1489,,0,733
LS,3026,MAN,478,PSA,1562,,0,733
LS,3026,MAN,478,PRG,1587,,0,733
LS,3026,MAN,478,PMI,3998,,0,75W 73H 752
LS,3026,MAN,478,BJV,4315,,0,73H 738
LS,3026,JER,499,MAN,478,,0,733
LS,3026,BLK,514,TFS,1056,,0,73C
LS,3026,BLK,514,AGP,1230,,0,733
LS,3026,LBA,517,JER,499,,0,733
LS,3026,LBA,517,ACE,1055,,0,75W 752
LS,3026,LBA,517,ALC,1212,,0,75W 733 752 73H
LS,3026,LBA,517,IBZ,1225,,0,733 73H
LS,3026,LBA,517,MJV,1227,,0,733
LS,3026,LBA,517,MAH,1231,,0,733
LS,3026,LBA,517,RHO,1472,,0,752
LS,3026,LBA,517,ZTH,1488,,0,73H
LS,3026,LBA,517,FCO,1555,,0,733
LS,3026,LBA,517,PRG,1587,,0,733
LS,3026,LBA,517,PMI,3998,,0,752 733 73H 75W
LS,3026,NCL,521,ACE,1055,,0,752 75W
LS,3026,NCL,521,TFS,1056,,0,752
LS,3026,NCL,521,PRG,1587,,0,73C 733
LS,3026,EMA,523,LPA,1054,,0,73H
LS,3026,EMA,523,ACE,1055,,0,73H
LS,3026,EMA,523,PFO,1198,,0,73H
LS,3026,EMA,523,ALC,1212,,0,733 73H
LS,3026,EMA,523,IBZ,1225,,0,733
LS,3026,EMA,523,AGP,1230,,0,733 73H
LS,3026,EMA,523,MAH,1231,,0,733
LS,3026,EMA,523,HER,1452,,0,73H
LS,3026,EMA,523,FAO,1626,,0,733
LS,3026,EMA,523,DLM,1715,,0,73H
LS,3026,EMA,523,PMI,3998,,0,733 73H
LS,3026,EMA,523,FNC,4091,,0,733
LS,3026,GLA,534,LPA,1054,,0,738
LS,3026,GLA,534,TFS,1056,,0,738 73H
LS,3026,GLA,534,BCN,1218,,0,73H
LS,3026,GLA,534,IBZ,1225,,0,738 73H
LS,3026,GLA,534,HER,1452,,0,73H
LS,3026,GLA,534,RHO,1472,,0,73H
LS,3026,GLA,534,PMI,3998,,0,73H 738
LS,3026,GLA,534,BJV,4315,,0,73H
LS,3026,EDI,535,DBV,1200,,0,733
LS,3026,EDI,535,PRG,1587,,0,733
LS,3026,EDI,535,FAO,1626,,0,733
LS,3026,KRK,669,NCL,521,,0,733
LS,3026,FUE,1051,LBA,517,,0,733
LS,3026,LPA,1054,EMA,523,,0,73H
LS,3026,LPA,1054,GLA,534,,0,738
LS,3026,TFS,1056,NCL,521,,0,752
LS,3026,PFO,1198,LBA,517,,0,752 75W
LS,3026,PFO,1198,NCL,521,,0,752
LS,3026,DBV,1200,BFS,465,,0,733
LS,3026,ALC,1212,MAN,478,,0,75W 733 73H
LS,3026,ALC,1212,NCL,521,,0,73C 733 752 75W
LS,3026,ALC,1212,EDI,535,,0,733
LS,3026,BCN,1218,MAN,478,,0,738 733 73H
LS,3026,BCN,1218,LBA,517,,0,733
LS,3026,IBZ,1225,LBA,517,,0,733 73H
LS,3026,IBZ,1225,NCL,521,,0,733
LS,3026,IBZ,1225,EMA,523,,0,733
LS,3026,MJV,1227,EDI,535,,0,733
LS,3026,AGP,1230,BLK,514,,0,733
LS,3026,AGP,1230,EDI,535,,0,733
LS,3026,MAH,1231,MAN,478,,0,733
LS,3026,MAH,1231,NCL,521,,0,733
LS,3026,REU,1236,MAN,478,,0,733
LS,3026,CDG,1382,LBA,517,,0,733
LS,3026,CDG,1382,EMA,523,,0,733
LS,3026,HER,1452,NCL,521,,0,752
LS,3026,HER,1452,GLA,534,,0,73H
LS,3026,RHO,1472,MAN,478,,0,752
LS,3026,RHO,1472,LBA,517,,0,752
LS,3026,BUD,1489,MAN,478,,0,733
LS,3026,VCE,1551,MAN,478,,0,733 738
LS,3026,FCO,1555,MAN,478,,0,73H 733
LS,3026,FCO,1555,LBA,517,,0,733
LS,3026,FCO,1555,NCL,521,,0,73C
LS,3026,PSA,1562,LBA,517,,0,733
LS,3026,PRG,1587,NCL,521,,0,73C 733
LS,3026,FAO,1626,BFS,465,,0,733
LS,3026,FAO,1626,MAN,478,,0,738 752 75W
LS,3026,FAO,1626,LBA,517,,0,733 73H 752
LS,3026,FAO,1626,NCL,521,,0,733 73C
LS,3026,FAO,1626,GLA,534,,0,738 73H
LS,3026,DLM,1715,NCL,521,,0,752
LS,3026,PMI,3998,BFS,465,,0,733
LS,3026,PMI,3998,MAN,478,,0,75W 73H 752
LS,3026,PMI,3998,EDI,535,,0,733
LS,3026,FNC,4091,MAN,478,,0,75W 733
LS,3026,FNC,4091,LBA,517,,0,73H
LS,3026,BJV,4315,MAN,478,,0,73H 738
B6,3029,JNB,813,JFK,3797,,0,346
B6,3029,MXP,1524,DXB,2188,,0,77W
B6,3029,PUJ,1760,SJU,2890,,0,320
B6,3029,PUJ,1760,FLL,3533,,0,320
B6,3029,PUJ,1760,JFK,3797,,0,321 320
B6,3029,POP,1761,JFK,3797,,0,320
B6,3029,SDQ,1762,FLL,3533,,0,320
B6,3029,SDQ,1762,MCO,3878,,0,E90
B6,3029,STI,1764,SJU,2890,,0,E90
B6,3029,MBJ,1780,FLL,3533,,0,E90
B6,3029,MBJ,1780,MCO,3878,,0,320
B6,3029,CUN,1852,FLL,3533,,0,E90 320
B6,3029,SJO,1885,MCO,3878,,0,320
B6,3029,PAP,1897,FLL,3533,,0,320
B6,3029,GCM,1926,JFK,3797,,0,320
B6,3029,NAS,1953,BOS,3448,,0,E90
B6,3029,NAS,1953,FLL,3533,,0,320 E90
B6,3029,NAS,1953,MCO,3878,,0,E90
B6,3029,DXB,2188,BOS,3448,,0,77L
B6,3029,DXB,2188,SFO,3469,,0,77W
B6,3029,DXB,2188,LAX,3484,,0,388
B6,3029,DXB,2188,IAH,3550,,0,77W
B6,3029,DXB,2188,SEA,3577,,0,77W
B6,3029,STT,2883,SJU,2890,,0,E90
B6,3029,BQN,2885,JFK,3797,,0,320
B6,3029,SJU,2890,PUJ,1760,,0,320
B6,3029,SJU,2890,STT,2883,,0,E90
B6,3029,SJU,2890,BOS,3448,,0,320
B6,3029,SJU,2890,EWR,3494,,0,320
B6,3029,SJU,2890,FLL,3533,,0,320 E90
B6,3029,SJU,2890,TPA,3646,,0,320
B6,3029,SJU,2890,PBI,3722,,0,E90
B6,3029,SJU,2890,ORD,3830,,0,320
B6,3029,UVF,2894,JFK,3797,,0,320
B6,3029,AUA,2895,BOS,3448,,0,320
B6,3029,SXM,2899,BOS,3448,,0,320
B6,3029,POS,2902,JFK,3797,,0,320
B6,3029,BOS,3448,CUN,1852,,0,320
B6,3029,BOS,3448,NAS,1953,,0,E90
B6,3029,BOS,3448,DXB,2188,,0,77L
B6,3029,BOS,3448,SJU,2890,,0,320
B6,3029,BOS,3448,AUA,2895,,0,320
B6,3029,BOS,3448,SFO,3469,,0,320
B6,3029,BOS,3448,FLL,3533,,0,320 E90
B6,3029,BOS,3448,DTW,3645,,0,E90
B6,3029,BOS,3448,JAX,3712,,0,E90
B6,3029,BOS,3448,PDX,3720,,0,320
B6,3029,BOS,3448,SAN,3731,,0,320
B6,3029,BOS,3448,SJC,3748,,0,320
B6,3029,BOS,3448,BUF,3820,,0,E90
B6,3029,BOS,3448,BWI,3849,,0,E90
B6,3029,SFO,3469,DXB,2188,,0,77W
B6,3029,SFO,3469,FLL,3533,,0,320
B6,3029,LAX,3484,FLL,3533,,0,320
B6,3029,LAX,3484,JFK,3797,,0,320
B6,3029,EWR,3494,PBI,3722,,0,320
B6,3029,DCA,3520,BOS,3448,,0,E90 320
B6,3029,DCA,3520,MCO,3878,,0,320 E90
B6,3029,FLL,3533,KIN,1779,,0,E90
B6,3029,FLL,3533,PAP,1897,,0,320
B6,3029,FLL,3533,BOG,2709,,0,320
B6,3029,FLL,3533,LIM,2789,,0,320
B6,3029,FLL,3533,BOS,3448,,0,320 E90
B6,3029,FLL,3533,HPN,3589,,0,E90
B6,3029,FLL,3533,RDU,3626,,0,E90
B6,3029,FLL,3533,PVD,3641,,0,320
B6,3029,SLC,3536,LGB,3582,,0,320
B6,3029,SEA,3577,LGB,3582,,0,320
B6,3029,LGB,3582,OAK,3453,,0,320
B6,3029,LGB,3582,SLC,3536,,0,320
B6,3029,LGB,3582,AUS,3673,,0,320
B6,3029,LGB,3582,IAD,3714,,0,320
B6,3029,LGB,3582,PDX,3720,,0,320
B6,3029,LGB,3582,JFK,3797,,0,320
B6,3029,LGB,3582,SMF,3817,,0,320
B6,3029,LGB,3582,LAS,3877,,0,320
B6,3029,HPN,3589,TPA,3646,,0,E90
B6,3029,HPN,3589,PBI,3722,,0,E90
B6,3029,HPN,3589,MCO,3878,,0,320 E90
B6,3029,RIC,3608,BOS,3448,,0,E90
B6,3029,RIC,3608,MCO,3878,,0,E90
B6,3029,SAV,3613,JFK,3797,,0,320
B6,3029,ROC,3622,JFK,3797,,0,E90
B6,3029,RDU,3626,FLL,3533,,0,E90
B6,3029,RDU,3626,JFK,3797,,0,E90
B6,3029,PVD,3641,MCO,3878,,0,320
B6,3029,DTW,3645,BOS,3448,,0,E90
B6,3029,TPA,3646,DCA,3520,,0,320
B6,3029,SWF,3661,FLL,3533,,0,E90
B6,3029,DFW,3670,BOS,3448,,0,E90
B6,3029,AUS,3673,SFO,3469,,0,320
B6,3029,AUS,3673,FLL,3533,,0,E90
B6,3029,AUS,3673,MCO,3878,,0,E90 320
B6,3029,JAX,3712,SJU,2890,,0,E90
B6,3029,JAX,3712,BOS,3448,,0,E90
B6,3029,PDX,3720,BOS,3448,,0,320
B6,3029,PBI,3722,LGA,3697,,0,320 E90
B6,3029,SAN,3731,JFK,3797,,0,320
B6,3029,RSW,3793,HPN,3589,,0,E90
B6,3029,RSW,3793,JFK,3797,,0,320
B6,3029,JFK,3797,LRM,1759,,0,320
B6,3029,JFK,3797,PUJ,1760,,0,321 320
B6,3029,JFK,3797,MBJ,1780,,0,320
B6,3029,JFK,3797,CUN,1852,,0,320
B6,3029,JFK,3797,GCM,1926,,0,320
B6,3029,JFK,3797,UVF,2894,,0,320
B6,3029,JFK,3797,AUA,2895,,0,320
B6,3029,JFK,3797,SXM,2899,,0,320
B6,3029,JFK,3797,PHX,3462,,0,320
B6,3029,JFK,3797,SFO,3469,,0,320
B6,3029,JFK,3797,SLC,3536,,0,320
B6,3029,JFK,3797,SAV,3613,,0,320
B6,3029,JFK,3797,ROC,3622,,0,E90
B6,3029,JFK,3797,TPA,3646,,0,320 E90
B6,3029,JFK,3797,AUS,3673,,0,320
B6,3029,JFK,3797,JAX,3712,,0,320
B6,3029,JFK,3797,IAD,3714,,0,E90
B6,3029,JFK,3797,SYR,3745,,0,E90
B6,3029,JFK,3797,CHS,3806,,0,320
B6,3029,JFK,3797,MSY,3861,,0,E90 320
B6,3029,JFK,3797,BDA,4069,,0,320
B6,3029,JFK,3797,AZS,5810,,0,320
B6,3029,CHS,3806,JFK,3797,,0,320
B6,3029,BUF,3820,BOS,3448,,0,E90
B6,3029,BDL,3825,PBI,3722,,0,E90
B6,3029,BDL,3825,MCO,3878,,0,320
B6,3029,ORD,3830,BOS,3448,,0,320 E90
B6,3029,MSY,3861,BOS,3448,,0,E90
B6,3029,MSY,3861,JFK,3797,,0,E90 320
B6,3029,LAS,3877,BOS,3448,,0,320
B6,3029,LAS,3877,LGB,3582,,0,320
B6,3029,MCO,3878,MBJ,1780,,0,320
B6,3029,MCO,3878,SJO,1885,,0,320
B6,3029,MCO,3878,PSE,2889,,0,320
B6,3029,MCO,3878,BOS,3448,,0,320 E90
B6,3029,MCO,3878,HPN,3589,,0,320 E90
B6,3029,MCO,3878,SWF,3661,,0,E90
B6,3029,MCO,3878,JFK,3797,,0,320 E90
B6,3029,MCO,3878,ORH,6426,,0,E90
B6,3029,BDA,4069,JFK,3797,,0,320
JQ,3052,AKL,2006,DUD,2011,,0,320
JQ,3052,AKL,2006,ZQN,2030,,0,320
JQ,3052,AKL,2006,OOL,3321,,0,320
JQ,3052,AKL,2006,SYD,3361,,0,320
JQ,3052,CHC,2009,AKL,2006,,0,320
JQ,3052,CHC,2009,OOL,3321,,0,320
JQ,3052,NRT,2279,CNS,3322,,0,332
JQ,3052,NRT,2279,MEL,3339,,0,332
JQ,3052,HKT,3179,MEL,3339,,0,788
JQ,3052,SIN,3316,MEL,3339,,0,332
JQ,3052,BNE,3320,PPP,3328,,0,320
JQ,3052,BNE,3320,LST,3337,,0,320
JQ,3052,OOL,3321,AKL,2006,,0,320
JQ,3052,OOL,3321,MEL,3339,,0,320 321
JQ,3052,CNS,3322,BNE,3320,,0,320
JQ,3052,CNS,3322,ADL,3341,,0,320
JQ,3052,MCY,3325,MEL,3339,,0,320
JQ,3052,TSV,3330,SYD,3361,,0,320
JQ,3052,AVV,3332,SYD,3361,,0,320
JQ,3052,HBA,3336,BNE,3320,,0,320
JQ,3052,LST,3337,BNE,3320,,0,320
JQ,3052,MEL,3339,CHC,2009,,0,320
JQ,3052,MEL,3339,TSV,3330,,0,321
JQ,3052,MEL,3339,ADL,3341,,0,320
JQ,3052,MEL,3339,PER,3351,,0,320
JQ,3052,MEL,3339,BKK,3885,,0,332
JQ,3052,MEL,3339,NTL,4320,,0,320
JQ,3052,ADL,3341,AKL,2006,,0,320
JQ,3052,ADL,3341,MEL,3339,,0,320
JQ,3052,ADL,3341,PER,3351,,0,320
JQ,3052,ADL,3341,DPS,3940,,0,320
JQ,3052,SYD,3361,CHC,2009,,0,320
JQ,3052,SYD,3361,HKT,3179,,0,788
JQ,3052,SYD,3361,OOL,3321,,0,320 321
JQ,3052,SYD,3361,CNS,3322,,0,321 320
JQ,3052,SYD,3361,MCY,3325,,0,320
JQ,3052,SYD,3361,AVV,3332,,0,320
JQ,3052,SYD,3361,HBA,3336,,0,320
JQ,3052,SYD,3361,LST,3337,,0,320
JQ,3052,SYD,3361,DRW,3999,,0,320
JQ,3052,HNL,3728,SYD,3361,,0,332
JQ,3052,DPS,3940,SIN,3316,,0,320
JQ,3052,DPS,3940,MEL,3339,,0,788
JQ,3052,DPS,3940,ADL,3341,,0,320
JQ,3052,DPS,3940,DRW,3999,,0,320
JQ,3052,KIX,3992,CNS,3322,,0,332
JQ,3052,DRW,3999,BNE,3320,,0,320
JQ,3052,DRW,3999,ADL,3341,,0,320
JQ,3052,DRW,3999,DPS,3940,,0,320
JQ,3052,AYQ,4010,SYD,3361,,0,320
JQ,3052,BNK,4291,MEL,3339,,0,320
JQ,3052,HTI,6242,BNE,3320,,0,320
JQ,3052,HTI,6242,MEL,3339,,0,320
HO,3081,KHH,2264,PVG,3406,,0,320
HO,3081,MFM,3121,PVG,3406,,0,320
HO,3081,CAN,3370,SHA,3391,,0,320
HO,3081,KWL,3372,PVG,3406,,0,320
HO,3081,NNG,3373,SHA,3391,,0,320
HO,3081,SZX,3374,PVG,3406,,0,320
HO,3081,WUH,3376,SHA,3391,,0,320
HO,3081,WUH,3376,PVG,3406,,0,320
HO,3081,FOC,3385,PVG,3406,,0,320
HO,3081,HGH,3386,KWL,3372,,0,320
HO,3081,HGH,3386,DLC,3404,,0,320
HO,3081,SHA,3391,PEK,3364,,0,320
HO,3081,SHA,3391,TSN,3368,,0,320
HO,3081,SHA,3391,CAN,3370,,0,320
HO,3081,SHA,3391,CSX,3371,,0,320
HO,3081,SHA,3391,WUH,3376,,0,320
HO,3081,SHA,3391,XIY,3379,,0,320
HO,3081,SHA,3391,KMG,3382,,0,321 320
HO,3081,SHA,3391,XMN,3383,,0,320
HO,3081,SHA,3391,CKG,3393,,0,320
HO,3081,SHA,3391,CTU,3395,,0,321
HO,3081,SHA,3391,CIH,6343,,0,320
HO,3081,SHA,3391,ZUH,6355,,0,320
HO,3081,SHA,3391,WNZ,6392,,0,320
HO,3081,KWE,3394,CSX,3371,,0,320
HO,3081,CTU,3395,JUH,9843,,0,320
HO,3081,HRB,3400,PVG,3406,,0,320
HO,3081,PVG,3406,CJU,2370,,0,320
HO,3081,PVG,3406,HKG,3077,,0,320
HO,3081,PVG,3406,MFM,3121,,0,320
HO,3081,PVG,3406,TSN,3368,,0,320
HO,3081,PVG,3406,WUH,3376,,0,320
HO,3081,PVG,3406,XMN,3383,,0,320
HO,3081,PVG,3406,TAO,3390,,0,320
HO,3081,PVG,3406,DLC,3404,,0,320
HO,3081,PVG,3406,BKK,3885,,0,320
HO,3081,PVG,3406,CNX,3931,,0,320
HO,3081,PVG,3406,KIX,3992,,0,320
HO,3081,PVG,3406,YNY,6006,,0,320
HO,3081,PVG,3406,BAV,6346,,0,320
HO,3081,PVG,3406,BHY,6351,,0,320
HO,3081,PVG,3406,ZUH,6355,,0,320
HO,3081,CNX,3931,PVG,3406,,0,320
HO,3081,KIX,3992,PVG,3406,,0,320
HO,3081,SYX,4030,SHA,3391,,0,320 321
HO,3081,SYX,4030,PVG,3406,,0,320
HO,3081,LJG,4033,WUH,3376,,0,320
HO,3081,HAK,4120,PVG,3406,,0,320
HO,3081,CGQ,4380,PVG,3406,,0,320
HO,3081,YNY,6006,PVG,3406,,0,320
HO,3081,BHY,6351,SZX,3374,,0,320
HO,3081,BHY,6351,PVG,3406,,0,320
HO,3081,ZUH,6355,SHA,3391,,0,320
HO,3081,XNN,6366,XIY,3379,,0,320
HO,3081,BFJ,9025,SHA,3391,,0,320
KL,3090,YHZ,73,YYT,189,Y,0,73W
KL,3090,YHZ,73,YYZ,193,Y,0,73W
KL,3090,YVR,156,AMS,580,,0,330
KL,3090,YYZ,193,YHZ,73,Y,0,737
KL,3090,YYZ,193,YUL,146,Y,0,73W
KL,3090,YYZ,193,YWG,160,Y,0,737
KL,3090,ALG,210,CDG,1382,Y,0,319
KL,3090,PHC,275,ABV,260,Y,0,330 332
KL,3090,NIM,280,OUA,246,Y,0,332
KL,3090,NIM,280,CDG,1382,Y,0,332
KL,3090,FRA,340,AMS,580,Y,0,EMJ F70
KL,3090,DUS,345,ATL,3682,Y,0,76W
KL,3090,MUC,346,AMS,580,,0,737
KL,3090,STR,350,AMS,580,Y,0,EMJ F70
KL,3090,HAJ,352,AMS,580,Y,0,EMJ F70
KL,3090,TLL,415,AMS,580,Y,0,CRJ
KL,3090,BHX,469,AMS,580,,0,737 EMJ
KL,3090,CWL,488,AMS,580,Y,0,F70
KL,3090,BRS,490,AMS,580,Y,0,EMJ
KL,3090,LCY,503,AMS,580,Y,0,ARJ
KL,3090,LCY,503,RTM,591,Y,0,F50 ARJ
KL,3090,LHR,507,BOS,3448,Y,0,767
KL,3090,LHR,507,SEA,3577,Y,0,76W
KL,3090,LHR,507,DTW,3645,Y,0,76W 777
KL,3090,LHR,507,ATL,3682,Y,0,764 77L 76W
KL,3090,EDI,535,AMS,580,,0,737 EMJ
KL,3090,NWI,547,AMS,580,Y,0,F70
KL,3090,AMS,580,YUL,146,,0,M11
KL,3090,AMS,580,YYZ,193,,0,M11 330 747 74M
KL,3090,AMS,580,HAM,342,,0,737 EMJ
KL,3090,AMS,580,CGN,344,Y,0,F70
KL,3090,AMS,580,DUS,345,Y,0,F70
KL,3090,AMS,580,NUE,347,Y,0,EMJ F70
KL,3090,AMS,580,BHX,469,,0,EMJ 737
KL,3090,AMS,580,CWL,488,Y,0,F70
KL,3090,AMS,580,LBA,517,Y,0,F70 EMJ
KL,3090,AMS,580,ABZ,532,,0,EMJ 737 F70
KL,3090,AMS,580,BLL,608,,0,737 EMJ
KL,3090,AMS,580,CPH,609,,0,737 EMJ
KL,3090,AMS,580,AAL,628,Y,0,F70 EMJ
KL,3090,AMS,580,LUX,629,Y,0,EMJ F70
KL,3090,AMS,580,WAW,679,,0,737
KL,3090,AMS,580,GOT,687,,0,EMJ
KL,3090,AMS,580,ARN,737,,0,737
KL,3090,AMS,580,LPI,742,Y,0,F70 EMJ
KL,3090,AMS,580,JNB,813,,0,777
KL,3090,AMS,580,KGL,1165,,0,330
KL,3090,AMS,580,JRO,1180,,0,330
KL,3090,AMS,580,LCA,1197,Y,0,32S
KL,3090,AMS,580,BCN,1218,,0,737
KL,3090,AMS,580,TLS,1273,Y,0,EMJ
KL,3090,AMS,580,CFE,1330,Y,0,ERJ
KL,3090,AMS,580,CDG,1382,,0,737
KL,3090,AMS,580,LIN,1529,,0,737
KL,3090,AMS,580,PRG,1587,Y,0,F70 EMJ 737
KL,3090,AMS,580,LIS,1638,,0,737
KL,3090,AMS,580,OTP,1657,,0,737
KL,3090,AMS,580,ZRH,1678,,0,737 EMJ
KL,3090,AMS,580,MEX,1824,,0,74M
KL,3090,AMS,580,PBM,2773,,0,747
KL,3090,AMS,580,CUR,2897,,0,747
KL,3090,AMS,580,ALA,2908,,0,330
KL,3090,AMS,580,DEL,3093,,0,330
KL,3090,AMS,580,CAN,3370,Y,0,330
KL,3090,AMS,580,XMN,3383,,0,777
KL,3090,AMS,580,CTU,3395,,0,74M
KL,3090,AMS,580,PVG,3406,,0,74M 747
KL,3090,AMS,580,EWR,3494,Y,0,76W
KL,3090,AMS,580,IAH,3550,,0,74M
KL,3090,AMS,580,DTW,3645,Y,0,777 330 76W
KL,3090,AMS,580,DFW,3670,,0,330
KL,3090,AMS,580,ATL,3682,,0,777
KL,3090,AMS,580,PDX,3720,Y,0,330
KL,3090,AMS,580,JFK,3797,,0,330 777 74M 747
KL,3090,AMS,580,BKK,3885,,0,777
KL,3090,AMS,580,ATH,3941,,0,737
KL,3090,AMS,580,RIX,3953,Y,0,737
KL,3090,AMS,580,TBS,3973,Y,0,737
KL,3090,AMS,580,EZE,3988,,0,777
KL,3090,AMS,580,NBO,4059,,0,747
KL,3090,RTM,591,LCY,503,Y,0,F50 ARJ
KL,3090,DUB,599,JFK,3797,Y,0,757
KL,3090,AAL,628,AMS,580,Y,0,EMJ F70
KL,3090,OSL,644,AMS,580,,0,737 EMJ
KL,3090,ARN,737,AMS,580,,0,737
KL,3090,BZV,883,FIH,1020,Y,0,737 738
KL,3090,SSG,891,DLA,897,Y,0,777
KL,3090,LUN,907,LLW,1016,Y,0,737 EMJ 738 E90 763
KL,3090,LUN,907,NBO,4059,Y,0,E90 763
KL,3090,LLW,1016,LUN,907,Y,0,EMJ E90
KL,3090,FIH,1020,NBO,4059,Y,0,738
KL,3090,FBM,1038,NBO,4059,Y,0,E90
KL,3090,ROB,1063,FNA,1059,Y,0,330 332
KL,3090,BJM,1120,NBO,4059,Y,0,E70
KL,3090,KGL,1165,BJM,1120,Y,0,EMJ E70
KL,3090,DAR,1177,AMS,580,,0,330
KL,3090,JRO,1180,DAR,1177,,0,330
KL,3090,BCN,1218,AMS,580,,0,737
KL,3090,MAD,1229,ATL,3682,Y,0,764
KL,3090,MAD,1229,JFK,3797,Y,0,767
KL,3090,CFE,1330,AMS,580,Y,0,ERJ
KL,3090,CDG,1382,ABV,260,Y,0,330
KL,3090,CDG,1382,NIM,280,Y,0,330
KL,3090,CDG,1382,DLA,897,Y,0,777
KL,3090,CDG,1382,BSL,1423,Y,0,ATR
KL,3090,CDG,1382,EZE,3988,Y,0,777
KL,3090,BUD,1489,AMS,580,,0,737
KL,3090,LIN,1529,AMS,580,,0,737
KL,3090,FCO,1555,AMS,580,,0,737
KL,3090,FCO,1555,ATL,3682,Y,0,333
KL,3090,TLV,1590,AMS,580,,0,737
KL,3090,VIE,1613,AMS,580,,0,737 EMJ
KL,3090,GVA,1665,AMS,580,,0,737 F70 EMJ
KL,3090,ZRH,1678,AMS,580,,0,EMJ 737
KL,3090,TGU,1776,SJO,1885,Y,0,EMJ
KL,3090,KIN,1779,PTY,1871,Y,0,EMJ
KL,3090,CZM,1800,ATL,3682,Y,0,319 M88
KL,3090,GDL,1804,ATL,3682,Y,0,320
KL,3090,MEX,1824,MTY,1825,Y,0,737
KL,3090,PVR,1836,ATL,3682,Y,0,757
KL,3090,SJD,1840,ATL,3682,Y,0,73W 738
KL,3090,CUN,1852,MEX,1824,Y,0,767
KL,3090,SJO,1885,GUA,1767,Y,0,73G
KL,3090,SJO,1885,TGU,1776,Y,0,738
KL,3090,SJO,1885,PTY,1871,Y,0,E90
KL,3090,AUH,2179,BAH,2057,,0,330
KL,3090,AUH,2179,LHE,2207,Y,0,332 320 77W
KL,3090,LHE,2207,AUH,2179,Y,0,346 77W 320
KL,3090,TPE,2276,MNL,2397,,0,777
KL,3090,TPE,2276,BKK,3885,Y,0,340
KL,3090,NRT,2279,AMS,580,,0,74M 747 777
KL,3090,GRU,2564,AMS,580,,0,777
KL,3090,UIO,2688,GYE,2673,,0,777
KL,3090,LIM,2789,AMS,580,,0,777
KL,3090,AUA,2895,BON,2896,,0,330
KL,3090,BON,2896,AMS,580,,0,330
KL,3090,CUR,2897,AMS,580,,0,747
KL,3090,ALA,2908,AMS,580,,0,330
KL,3090,KBP,2939,TBS,3973,Y,0,73G
KL,3090,LED,2948,AMS,580,,0,737
KL,3090,SVO,2985,AMS,580,,0,737
KL,3090,BOM,2997,AMS,580,Y,0,76W
KL,3090,KCH,3263,KUL,3304,Y,0,738
KL,3090,MYY,3266,KCH,3263,Y,0,737
KL,3090,KUL,3304,KCH,3263,Y,0,737
KL,3090,SIN,3316,AMS,580,,0,777
KL,3090,KWL,3372,CTU,3395,Y,0,738
KL,3090,SZX,3374,HGH,3386,Y,0,32S 320
KL,3090,CGO,3375,CTU,3395,Y,0,320
KL,3090,CGO,3375,HRB,3400,Y,0,320
KL,3090,WUH,3376,XMN,3383,Y,0,73G
KL,3090,HGH,3386,AMS,580,,0,777
KL,3090,HGH,3386,SZX,3374,Y,0,321 320
KL,3090,HGH,3386,LHW,3378,Y,0,757
KL,3090,HGH,3386,CTU,3395,Y,0,320
KL,3090,HGH,3386,HRB,3400,Y,0,320
KL,3090,HGH,3386,CGQ,4380,Y,0,320
KL,3090,TAO,3390,HGH,3386,Y,0,737
KL,3090,CTU,3395,AMS,580,,0,74M
KL,3090,CTU,3395,KWL,3372,Y,0,737
KL,3090,CTU,3395,CGO,3375,Y,0,32S
KL,3090,CTU,3395,XIY,3379,Y,0,32S
KL,3090,CTU,3395,KMG,3382,Y,0,737
KL,3090,CTU,3395,HGH,3386,Y,0,320
KL,3090,HRB,3400,CGO,3375,Y,0,32S
KL,3090,DLC,3404,HGH,3386,Y,0,32S
KL,3090,BOS,3448,ATL,3682,Y,0,757 M90 M88
KL,3090,ICT,3457,ATL,3682,Y,0,CR7 CR9
KL,3090,PHX,3462,ATL,3682,Y,0,757
KL,3090,SFO,3469,AMS,580,,0,747
KL,3090,SFO,3469,HNL,3728,Y,0,753
KL,3090,GNV,3472,ATL,3682,Y,0,CR9 CR7
KL,3090,LAX,3484,MSY,3861,Y,0,319
KL,3090,CLE,3486,ATL,3682,Y,0,M88 717 CR9
KL,3090,CVG,3488,ATL,3682,Y,0,M88 738 319
KL,3090,LFT,3493,ATL,3682,Y,0,CRJ
KL,3090,FLL,3533,ATL,3682,Y,0,757
KL,3090,IAH,3550,AMS,580,,0,74M
KL,3090,PNS,3564,ATL,3682,Y,0,M90
KL,3090,MIA,3576,ATL,3682,Y,0,757 M88 M90
KL,3090,SEA,3577,LHR,507,Y,0,76W
KL,3090,SEA,3577,AMS,580,Y,0,330
KL,3090,ORF,3611,ATL,3682,Y,0,M90 M88 319
KL,3090,SAV,3613,ATL,3682,Y,0,717 M88 319
KL,3090,SAT,3621,ATL,3682,Y,0,757 M90
KL,3090,TUS,3636,ATL,3682,Y,0,M90
KL,3090,DTW,3645,FRA,340,Y,0,767
KL,3090,DTW,3645,ATL,3682,Y,0,M88 73H 757 320 738 739
KL,3090,TPA,3646,ATL,3682,Y,0,757 739
KL,3090,GRB,3653,ATL,3682,Y,0,CR9 CR7
KL,3090,DFW,3670,AMS,580,,0,330
KL,3090,DFW,3670,ATL,3682,Y,0,M88 319
KL,3090,MLB,3671,ATL,3682,Y,0,M88
KL,3090,ATL,3682,BRU,302,Y,0,76W
KL,3090,ATL,3682,MAN,478,Y,0,76W
KL,3090,ATL,3682,MAD,1229,Y,0,764
KL,3090,ATL,3682,FCO,1555,Y,0,333
KL,3090,ATL,3682,MEX,1824,Y,0,73W 73H
KL,3090,ATL,3682,MTY,1825,Y,0,CR9
KL,3090,ATL,3682,CUN,1852,Y,0,M88
KL,3090,ATL,3682,SJU,2890,Y,0,757
KL,3090,ATL,3682,FSM,3437,Y,0,CRJ
KL,3090,ATL,3682,MSN,3459,Y,0,73W
KL,3090,ATL,3682,GNV,3472,Y,0,CR9 717
KL,3090,ATL,3682,CVG,3488,Y,0,M88 738
KL,3090,ATL,3682,MYR,3515,Y,0,M88
KL,3090,ATL,3682,DCA,3520,Y,0,M90 320
KL,3090,ATL,3682,SLC,3536,Y,0,763 757
KL,3090,ATL,3682,PIT,3570,Y,0,CR9 M88
KL,3090,ATL,3682,SAV,3613,Y,0,M88 717 319
KL,3090,ATL,3682,ROC,3622,Y,0,M90
KL,3090,ATL,3682,RDU,3626,Y,0,M88 739 320
KL,3090,ATL,3682,TPA,3646,Y,0,757 739
KL,3090,ATL,3682,LIT,3660,Y,0,M88
KL,3090,ATL,3682,AUS,3673,Y,0,M90 M88
KL,3090,ATL,3682,TYS,3676,Y,0,CR7 CRJ 717 CR9
KL,3090,ATL,3682,STL,3678,Y,0,M90 757
KL,3090,ATL,3682,TLH,3698,Y,0,CRJ M88 319
KL,3090,ATL,3682,JAX,3712,Y,0,757
KL,3090,ATL,3682,MKE,3717,Y,0,M90 M88
KL,3090,ATL,3682,MDW,3747,Y,0,320 717 319
KL,3090,ATL,3682,PHL,3752,Y,0,M90 757 M88
KL,3090,ATL,3682,CMH,3759,Y,0,73W M88 738
KL,3090,ATL,3682,MOB,3782,Y,0,CRJ CR9 717 CR7
KL,3090,ATL,3682,RSW,3793,Y,0,M88 757
KL,3090,ATL,3682,CHS,3806,Y,0,M88 73W 717 319
KL,3090,ATL,3682,COS,3819,Y,0,738
KL,3090,ATL,3682,ORD,3830,Y,0,757 319 320 M90 M88
KL,3090,ATL,3682,BWI,3849,Y,0,757 320 M90
KL,3090,ATL,3682,MSP,3858,Y,0,757 M90
KL,3090,ATL,3682,OKC,3863,Y,0,M88
KL,3090,ATL,3682,ALB,3864,Y,0,M88
KL,3090,ATL,3682,EYW,3875,Y,0,CR7
KL,3090,ATL,3682,LAS,3877,Y,0,757 753
KL,3090,ATL,3682,DAB,3950,Y,0,M90 757
KL,3090,ATL,3682,GSO,4008,Y,0,M88 320 319
KL,3090,ATL,3682,MHT,4011,Y,0,320
KL,3090,ATL,3682,SDF,4014,Y,0,M88 M90
KL,3090,ATL,3682,BMI,4037,Y,0,CR9
KL,3090,ATL,3682,GPT,4038,Y,0,CRJ M88
KL,3090,ATL,3682,CID,4043,Y,0,CRJ
KL,3090,ATL,3682,SRQ,4067,Y,0,757
KL,3090,ATL,3682,CAK,4112,Y,0,M88
KL,3090,ATL,3682,TRI,4116,Y,0,CRJ 319
KL,3090,ATL,3682,AVP,4286,Y,0,CR7
KL,3090,ATL,3682,ABE,4355,Y,0,717
KL,3090,ATL,3682,OAJ,4386,Y,0,CRJ CR9
KL,3090,ATL,3682,BQK,5725,Y,0,CRJ
KL,3090,GRR,3685,ATL,3682,Y,0,320 717 M88 319
KL,3090,LGA,3697,ATL,3682,Y,0,757 M88 73W
KL,3090,TLH,3698,ATL,3682,Y,0,319 M88 CRJ 717
KL,3090,JAX,3712,ATL,3682,Y,0,757
KL,3090,IAD,3714,ATL,3682,Y,0,M88 320
KL,3090,PDX,3720,ATL,3682,Y,0,739 738 73H
KL,3090,PBI,3722,ATL,3682,Y,0,M90 757
KL,3090,HNL,3728,ATL,3682,Y,0,333
KL,3090,EWN,3730,ATL,3682,Y,0,CRJ
KL,3090,SAN,3731,ATL,3682,Y,0,763 739
KL,3090,MLU,3732,ATL,3682,Y,0,CRJ
KL,3090,MDW,3747,ATL,3682,Y,0,717 320 319
KL,3090,GRK,3775,ATL,3682,Y,0,CR9 CR7
KL,3090,MOB,3782,ATL,3682,Y,0,717 CR9 CR7 CRJ
KL,3090,JFK,3797,DUB,599,Y,0,757
KL,3090,JFK,3797,MAD,1229,Y,0,767
KL,3090,JFK,3797,MSY,3861,Y,0,CR9
KL,3090,KTN,3808,SEA,3577,Y,0,734
KL,3090,KTN,3808,SIT,3856,Y,0,737
KL,3090,BDL,3825,ATL,3682,Y,0,M88 320 73W
KL,3090,ORD,3830,AMS,580,,0,74M
KL,3090,ILM,3845,ATL,3682,Y,0,CRJ
KL,3090,BTR,3846,ATL,3682,Y,0,CRJ CR7 319 CR9
KL,3090,MSP,3858,AMS,580,Y,0,330
KL,3090,MSP,3858,LAX,3484,Y,0,757
KL,3090,MSY,3861,LAX,3484,Y,0,319
KL,3090,MSY,3861,DTW,3645,Y,0,319 CR9 CR7 M88
KL,3090,MSY,3861,ATL,3682,Y,0,757 M90 M88
KL,3090,EYW,3875,ATL,3682,Y,0,73W
KL,3090,MCO,3878,ATL,3682,Y,0,757 739
KL,3090,BKK,3885,CNX,3931,Y,0,319
KL,3090,CNX,3931,BKK,3885,Y,0,320
KL,3090,CEI,3932,BKK,3885,Y,0,320
KL,3090,DPS,3940,SIN,3316,,0,777
KL,3090,DAB,3950,ATL,3682,Y,0,M90 M88
KL,3090,RIX,3953,AMS,580,Y,0,737
KL,3090,EZE,3988,AMS,580,,0,777
KL,3090,EZE,3988,CDG,1382,Y,0,772
KL,3090,EZE,3988,SCL,2650,,0,777
KL,3090,EZE,3988,FTE,4061,Y,0,737
KL,3090,GSO,4008,ATL,3682,Y,0,CR7 M88
KL,3090,MHT,4011,ATL,3682,Y,0,320
KL,3090,SDF,4014,ATL,3682,Y,0,M88
KL,3090,GSP,4034,ATL,3682,Y,0,CR7 319 717 M88 CRJ
KL,3090,BMI,4037,ATL,3682,Y,0,CR9 CR7
KL,3090,NBO,4059,LVI,906,Y,0,EMJ
KL,3090,NBO,4059,NLA,910,Y,0,EMJ
KL,3090,NBO,4059,HRE,1005,Y,0,767
KL,3090,NBO,4059,LLW,1016,Y,0,EMJ
KL,3090,NBO,4059,FIH,1020,Y,0,737
KL,3090,NBO,4059,BJM,1120,Y,0,EMJ
KL,3090,NBO,4059,JIB,4119,Y,0,EMJ
KL,3090,FNT,4089,ATL,3682,Y,0,M88
KL,3090,TNA,4108,CGQ,4380,Y,0,320
KL,3090,CAK,4112,ATL,3682,Y,0,M88 CR9
KL,3090,TRI,4116,ATL,3682,Y,0,CRJ
KL,3090,HAK,4120,HGH,3386,Y,0,32S
KL,3090,GTR,4273,ATL,3682,Y,0,CRJ
KL,3090,AVP,4286,ATL,3682,Y,0,CR7
KL,3090,SGF,4348,ATL,3682,Y,0,CRJ
KL,3090,BQK,5725,ATL,3682,Y,0,CRJ
KL,3090,FAY,5738,ATL,3682,Y,0,CRJ
KL,3090,AKU,6404,URC,3399,Y,0,737
KL,3090,DOH,11051,AMS,580,,0,330
RQ,3097,KBL,2050,DYU,2979,,0,M87
RQ,3097,DEL,3093,KBL,2050,,0,M82 320
M5,3123,BFI,3726,CLM,5731,,0,CNC
M5,3123,BFI,3726,ESD,7083,,0,CNC
M5,3123,RCE,8170,DHB,9540,,0,DHP
M5,3123,FBS,8174,LKE,6457,Y,0,DHP
M5,3123,FBS,8174,RCE,8170,,0,DHP
M5,3123,DHB,9540,RCE,8170,Y,0,DHP
KQ,3126,COO,245,NBO,4059,,0,738
KQ,3126,ACC,248,FNA,1059,,0,738
KQ,3126,ACC,248,DKR,1084,,0,738
KQ,3126,ACC,248,NBO,4059,,0,738
KQ,3126,ABJ,253,DKR,1084,,0,73W 738
KQ,3126,LOS,273,NBO,4059,,0,738
KQ,3126,LHR,507,NBO,4059,,0,772
KQ,3126,AMS,580,NBO,4059,,0,772
KQ,3126,JNB,813,WDH,4105,,0,319
KQ,3126,GBE,881,NBO,4059,,0,E90
KQ,3126,BZV,883,FIH,1020,,0,738
KQ,3126,BZV,883,NBO,4059,,0,738
KQ,3126,LVI,906,HRE,1005,,0,E90
KQ,3126,LUN,907,WDH,4105,,0,ER3
KQ,3126,NLA,910,FBM,1038,,0,E90
KQ,3126,NLA,910,NBO,4059,,0,E90
KQ,3126,LAD,951,NBO,4059,,0,738
KQ,3126,MPM,979,NBO,4059,,0,E90
KQ,3126,POL,985,APL,984,,0,ER4
KQ,3126,HRE,1005,NBO,4059,,0,E90 E70
KQ,3126,LLW,1016,NBO,4059,,0,E90 738 763
KQ,3126,FIH,1020,BZV,883,,0,738
KQ,3126,FIH,1020,NBO,4059,,0,738 763 73W
KQ,3126,BKO,1044,DKR,1084,,0,73W
KQ,3126,DKR,1084,ACC,248,,0,738
KQ,3126,DKR,1084,ABJ,253,,0,73W 738
KQ,3126,DKR,1084,BKO,1044,,0,73W
KQ,3126,ADD,1107,JIB,4119,,0,E90
KQ,3126,BJM,1120,KGL,1165,,0,E70
KQ,3126,KIS,1140,NBO,4059,,0,733 E90 E70
KQ,3126,JUB,1173,NBO,4059,,0,E90 E70
KQ,3126,KRT,1175,NBO,4059,,0,E70 E90
KQ,3126,DAR,1177,NBO,4059,,0,E90
KQ,3126,JRO,1180,MWZ,1183,Y,0,AT7
KQ,3126,ZNZ,1186,NBO,4059,Y,0,AT7
KQ,3126,EBB,1187,NBO,4059,,0,E90 E70
KQ,3126,HKG,3077,BKK,3885,,0,763
KQ,3126,DEL,3093,NBO,4059,,0,73W
KQ,3126,CAN,3370,BKK,3885,,0,763
KQ,3126,BKK,3885,NBO,4059,,0,763
KQ,3126,NBO,4059,LOS,273,,0,738
KQ,3126,NBO,4059,JNB,813,,0,738 763 73W
KQ,3126,NBO,4059,GBE,881,,0,E90
KQ,3126,NBO,4059,LVI,906,,0,E90
KQ,3126,NBO,4059,DZA,915,,0,73W E90
KQ,3126,NBO,4059,TNR,918,,0,E90 738
KQ,3126,NBO,4059,APL,984,,0,E90 E70
KQ,3126,NBO,4059,LLW,1016,,0,E90 763 E70
KQ,3126,NBO,4059,BKO,1044,,0,73W
KQ,3126,NBO,4059,EDL,1138,,0,733
KQ,3126,NBO,4059,KIS,1140,,0,733 E90 E70
KQ,3126,NBO,4059,KGL,1165,,0,E90 E70
KQ,3126,NBO,4059,JUB,1173,,0,E90 E70
KQ,3126,NBO,4059,JRO,1180,,0,E70 E90
KQ,3126,NBO,4059,ZNZ,1186,Y,0,AT7
KQ,3126,NBO,4059,CDG,1382,,0,763
KQ,3126,NBO,4059,BOM,2997,,0,772 73W 763
KQ,3126,NBO,4059,JIB,4119,,0,E90
KQ,3126,NBO,4059,MYD,5694,,0,E70
KQ,3126,MYD,5694,NBO,4059,,0,E70
Y9,3148,AWZ,2104,THR,2131,,0,TU3 M80
Y9,3148,KIH,2109,IFN,2121,,0,M80
Y9,3148,KIH,2109,THR,2131,,0,M80 TU3
Y9,3148,KIH,2109,BND,2134,,0,M80 F50
Y9,3148,IFN,2121,MRX,2103,,0,TU3 M80
Y9,3148,THR,2131,MRX,2103,,0,M80 TU3
Y9,3148,THR,2131,KIH,2109,,0,M80
Y9,3148,BND,2134,KIH,2109,,0,M80 F50
Y9,3148,DXB,2188,GSM,5712,,0,F50 M80
Y9,3148,MHD,4331,KIH,2109,,0,M80
KE,3163,YVR,156,ICN,3930,,0,772
KE,3163,YYZ,193,ICN,3930,,0,772
KE,3163,CDG,1382,ICN,3930,,0,388
KE,3163,FCO,1555,ICN,3930,,0,744
KE,3163,PRG,1587,ARN,737,,0,319
KE,3163,IST,1701,ICN,3930,,0,772
KE,3163,MEX,1824,TIJ,1847,Y,0,787
KE,3163,GUM,2246,ICN,3930,,0,744
KE,3163,ROR,2256,ICN,3930,,0,73H
KE,3163,NRT,2279,CJU,2370,,0,739
KE,3163,NRT,2279,PUS,2372,,0,739
KE,3163,NRT,2279,ICN,3930,,0,332 73H 77W 333 744 73J
KE,3163,CTS,2287,ICN,3930,,0,73H 744 333 772
KE,3163,FUK,2305,ICN,3930,,0,333 739 77W 73J
KE,3163,OIT,2310,ICN,3930,,0,73H 73J
KE,3163,KWJ,2361,CJU,2370,,0,739 73H
KE,3163,KWJ,2361,GMP,2378,,0,73H
KE,3163,RSU,2365,CJU,2370,,0,73H
KE,3163,CJU,2370,NRT,2279,,0,739
KE,3163,CJU,2370,PUS,2372,,0,739 333 73H
KE,3163,CJU,2370,USN,2374,,0,73H
KE,3163,CJU,2370,TAE,2381,,0,739 73H
KE,3163,CJU,2370,CJJ,6008,,0,739
KE,3163,PUS,2372,NRT,2279,,0,739
KE,3163,PUS,2372,SGN,3205,Y,0,321
KE,3163,PUS,2372,TAO,3390,,0,73H
KE,3163,PUS,2372,KIX,3992,,0,73H
KE,3163,USN,2374,CJU,2370,,0,73H
KE,3163,GMP,2378,HND,2359,,0,773 772
KE,3163,GMP,2378,KWJ,2361,,0,73H
KE,3163,GMP,2378,RSU,2365,,0,73H
KE,3163,GMP,2378,CJU,2370,,0,739 744 772 73H
KE,3163,GMP,2378,PUS,2372,,0,73H 739 73J
KE,3163,GMP,2378,SHA,3391,,0,772
KE,3163,GMP,2378,KIX,3992,,0,772
KE,3163,KPO,2380,GMP,2378,,0,73H
KE,3163,TAE,2381,ICN,3930,,0,73J 73H
KE,3163,MNL,2397,ICN,3930,,0,773
KE,3163,GIG,2560,ATL,3682,Y,0,764
KE,3163,SCL,2650,ATL,3682,Y,0,76W
KE,3163,TAS,2983,ICN,3930,,0,332 763 753
KE,3163,PNH,3034,ICN,3930,,0,73H 73J
KE,3163,HKG,3077,PUS,2372,,0,739
KE,3163,HKG,3077,ICN,3930,,0,388 333 744 332 73J 77W
KE,3163,KTM,3125,ICN,3930,,0,772
KE,3163,HAN,3199,PUS,2372,,0,321
KE,3163,BKI,3269,ICN,3930,,0,73J
KE,3163,KUL,3304,ICN,3930,,0,772 77W
KE,3163,SYD,3361,ICN,3930,,0,333
KE,3163,PEK,3364,CJU,2370,,0,333
KE,3163,PEK,3364,PUS,2372,,0,333
KE,3163,PEK,3364,ICN,3930,,0,773 772 332
KE,3163,CAN,3370,ICN,3930,,0,333
KE,3163,SZX,3374,ICN,3930,,0,73J
KE,3163,CGO,3375,ICN,3930,,0,73J 73H
KE,3163,XIY,3379,ICN,3930,,0,332
KE,3163,XMN,3383,ICN,3930,,0,73H 73J
KE,3163,TAO,3390,ICN,3930,,0,73J 333 744
KE,3163,SHA,3391,GMP,2378,,0,772
KE,3163,YNT,3392,ICN,3930,Y,0,320
KE,3163,MDG,3402,ICN,3930,,0,73J
KE,3163,PVG,3406,PUS,2372,,0,739
KE,3163,DFW,3670,ICN,3930,,0,772
KE,3163,ATL,3682,GIG,2560,Y,0,764
KE,3163,ATL,3682,SCL,2650,Y,0,76W
KE,3163,ATL,3682,JFK,3797,,0,74N
KE,3163,ATL,3682,ICN,3930,,0,77W
KE,3163,HNL,3728,ICN,3930,,0,333 744
KE,3163,JFK,3797,ICN,3930,,0,77W 388
KE,3163,BKK,3885,PUS,2372,,0,333
KE,3163,ICN,3930,YVR,156,,0,772
KE,3163,ICN,3930,FRA,340,,0,744
KE,3163,ICN,3930,LHR,507,,0,77W
KE,3163,ICN,3930,CDG,1382,,0,388
KE,3163,ICN,3930,MXP,1524,,0,744
KE,3163,ICN,3930,TLV,1590,,0,772
KE,3163,ICN,3930,GUM,2246,,0,744
KE,3163,ICN,3930,NRT,2279,,0,73H 77W 333 744 332 73J
KE,3163,ICN,3930,OKJ,2327,,0,739
KE,3163,ICN,3930,AXT,2345,,0,73H 739
KE,3163,ICN,3930,CJU,2370,,0,739
KE,3163,ICN,3930,TAE,2381,,0,73H 73J
KE,3163,ICN,3930,TAS,2983,,0,332
KE,3163,ICN,3930,HKG,3077,,0,333 744 332 388 73J 77W
KE,3163,ICN,3930,DAD,3196,,0,321 73J
KE,3163,ICN,3930,CGK,3275,,0,77W 332
KE,3163,ICN,3930,BNE,3320,,0,333
KE,3163,ICN,3930,SYD,3361,,0,333
KE,3163,ICN,3930,TSN,3368,,0,73H 739
KE,3163,ICN,3930,WUH,3376,,0,73J
KE,3163,ICN,3930,TAO,3390,,0,73J 333 744
KE,3163,ICN,3930,YNT,3392,Y,0,320
KE,3163,ICN,3930,SFO,3469,,0,77W 772
KE,3163,ICN,3930,LAX,3484,,0,388 77W
KE,3163,ICN,3930,DFW,3670,,0,772
KE,3163,ICN,3930,CNX,3931,,0,772
KE,3163,ICN,3930,DPS,3940,,0,333
KE,3163,ICN,3930,NBO,4059,,0,332
KE,3163,ICN,3930,TNA,4108,,0,73J 739
KE,3163,ICN,3930,SHE,4144,,0,773 332 73H 744
KE,3163,ICN,3930,CEB,4206,,0,744
KE,3163,ICN,3930,KIJ,4381,,0,73J
KE,3163,CNX,3931,ICN,3930,,0,772
KE,3163,KIX,3992,GUM,2246,,0,772 739
KE,3163,TNA,4108,ICN,3930,,0,73J 739
KE,3163,CEB,4206,PUS,2372,,0,73H
KE,3163,KIJ,4381,ICN,3930,,0,739 73J
KE,3163,HIN,6007,GMP,2378,,0,73H
KU,3179,FCO,1555,CDG,1382,,0,340
KU,3179,FCO,1555,KWI,2176,,0,340
KU,3179,RUH,2082,KWI,2176,,0,320 AB6 310
KU,3179,KWI,2176,CAI,1128,,0,777 340 320 AB6
KU,3179,KWI,2176,FCO,1555,,0,340
KU,3179,KWI,2176,IST,1701,,0,321
KU,3179,KWI,2176,BEY,2177,,0,AB6 320
KU,3179,KWI,2176,AUH,2179,,0,320
KU,3179,KWI,2176,COK,3136,,0,AB6
KU,3179,KWI,2176,IKA,4330,,0,320
KU,3179,KWI,2176,NJF,7490,,0,320
KU,3179,KWI,2176,HMB,8235,,0,320
KU,3179,BEY,2177,KWI,2176,,0,AB6 320
KU,3179,AUH,2179,MCT,2194,,0,320
KU,3179,DXB,2188,KWI,2176,,0,320 310 AB6
KU,3179,CMB,3024,KWI,2176,,0,AB6
KU,3179,DAC,3076,KWI,2176,,0,AB6
KU,3179,TRV,3153,KWI,2176,,0,310 AB6
KU,3179,KUL,3304,KWI,2176,,0,340
KU,3179,JFK,3797,LHR,507,,0,777
KU,3179,BKK,3885,KWI,2176,,0,340
LR,3197,MGA,1863,SJO,1885,Y,0,ATR
LR,3197,MGA,1863,SAL,1892,Y,0,ATR
LR,3197,SJO,1885,MGA,1863,Y,0,ATR
LR,3197,SJO,1885,GLF,1879,Y,0,CNA
LR,3197,SJO,1885,PMZ,1887,Y,0,CNA
LR,3197,SJO,1885,XQP,1889,Y,0,CNA
LR,3197,SJO,1885,TNO,5844,Y,0,CNA
LR,3197,SJO,1885,DRK,6945,Y,0,CNA
LR,3197,TNO,5844,SJO,1885,Y,0,CNA
LR,3197,PJM,5847,SJO,1885,Y,0,CNA
LR,3197,FON,6731,SJO,1885,Y,0,CNA
LR,3197,FON,6731,XQP,1889,Y,0,CNA
LR,3197,TMU,6732,SJO,1885,Y,0,CNA
LR,3197,DRK,6945,SJO,1885,Y,0,CNA
LA,3200,MPN,579,PUQ,2647,,0,320
LA,3200,MAD,1229,GRU,2564,Y,0,330
LA,3200,MAD,1229,SCL,2650,,0,787
LA,3200,MEX,1824,MTY,1825,Y,0,737
LA,3200,MEX,1824,LIM,2789,,0,763
LA,3200,CUN,1852,SCL,2650,,0,763
LA,3200,CUN,1852,LIM,2789,Y,0,320
LA,3200,CUN,1852,MIA,3576,,0,763
LA,3200,AKL,2006,SYD,3361,,0,343 340
LA,3200,AEP,2442,IGR,2471,,0,320
LA,3200,AEP,2442,RGL,2496,Y,0,320
LA,3200,AEP,2442,SCL,2650,,0,320
LA,3200,COR,2443,SCL,2650,,0,320
LA,3200,MDZ,2452,AEP,2442,,0,320
LA,3200,NQN,2509,AEP,2442,Y,0,320
LA,3200,GIG,2560,EZE,3988,Y,0,320
LA,3200,GRU,2564,MAD,1229,Y,0,330
LA,3200,GRU,2564,BOG,2709,Y,0,763
LA,3200,ARI,2641,IQQ,2649,Y,0,320
LA,3200,ARI,2641,SCL,2650,,0,320
LA,3200,BBA,2642,PMC,2665,,0,320
LA,3200,CJC,2645,SCL,2650,,0,320
LA,3200,PUQ,2647,RGL,2496,,0,320
LA,3200,IQQ,2649,ARI,2641,,0,320
LA,3200,IQQ,2649,LPB,2762,,0,320
LA,3200,SCL,2650,COR,2443,,0,320
LA,3200,SCL,2650,GRU,2564,,0,763 320 319
LA,3200,SCL,2650,IQQ,2649,,0,320
LA,3200,SCL,2650,CCP,2656,,0,320 319
LA,3200,SCL,2650,IPC,2657,,0,763
LA,3200,SCL,2650,ZOS,2658,,0,319
LA,3200,SCL,2650,LSC,2662,Y,0,320 319
LA,3200,SCL,2650,PMC,2665,,0,320
LA,3200,SCL,2650,GYE,2673,,0,763
LA,3200,SCL,2650,ASU,2699,Y,0,320
LA,3200,SCL,2650,LIM,2789,,0,763 320 319
LA,3200,SCL,2650,MVD,2816,,0,320 763
LA,3200,SCL,2650,CCS,2851,,0,763
LA,3200,ANF,2651,IQQ,2649,Y,0,319 320
LA,3200,ANF,2651,SCL,2650,,0,320 319
LA,3200,ANF,2651,LSC,2662,Y,0,320
LA,3200,LSC,2662,SCL,2650,Y,0,320 319
LA,3200,PMC,2665,MHC,9774,,0,320
LA,3200,GYE,2673,SCL,2650,,0,319 763
LA,3200,GYE,2673,CCS,2851,,0,763
LA,3200,UIO,2688,MAD,1229,Y,0,346
LA,3200,UIO,2688,GYE,2673,,0,319
LA,3200,ASU,2699,SCL,2650,Y,0,320
LA,3200,BOG,2709,PUU,2706,Y,0,DH2
LA,3200,BOG,2709,CTG,2714,Y,0,320
LA,3200,BOG,2709,CLO,2715,Y,0,320
LA,3200,BOG,2709,IBE,2724,Y,0,DH2
LA,3200,BOG,2709,PEI,2739,Y,0,320
LA,3200,BOG,2709,MDE,2745,Y,0,320
LA,3200,BOG,2709,UIB,2753,Y,0,DH2
LA,3200,BOG,2709,MIA,3576,Y,0,757 763
LA,3200,BOG,2709,EYP,6055,Y,0,320
LA,3200,CTG,2714,BOG,2709,Y,0,320
LA,3200,CLO,2715,UIO,2688,Y,0,320
LA,3200,CLO,2715,BOG,2709,Y,0,320
LA,3200,CLO,2715,ADZ,2749,Y,0,320
LA,3200,CLO,2715,MIA,3576,Y,0,738
LA,3200,EOH,2729,IBE,2724,Y,0,DH2
LA,3200,EOH,2729,PEI,2739,Y,0,DH2
LA,3200,MTR,2731,BOG,2709,Y,0,320
LA,3200,MTR,2731,EOH,2729,Y,0,DH2
LA,3200,ADZ,2749,CLO,2715,Y,0,320
LA,3200,UIB,2753,BOG,2709,Y,0,DH2
LA,3200,VUP,2755,BOG,2709,Y,0,320
LA,3200,VVC,2756,BOG,2709,Y,0,DH2
LA,3200,LPB,2762,IQQ,2649,,0,320
LA,3200,LPB,2762,LIM,2789,,0,319
LA,3200,LIM,2789,PUJ,1760,Y,0,320
LA,3200,LIM,2789,MEX,1824,Y,0,738 763
LA,3200,LIM,2789,IGU,2554,,0,319
LA,3200,LIM,2789,PCL,2781,Y,0,319 320
LA,3200,LIM,2789,AQP,2802,Y,0,319 320
LA,3200,LIM,2789,TPP,2806,Y,0,320 319
LA,3200,LIM,2789,TCQ,2807,Y,0,319 320
LA,3200,LIM,2789,PEM,2808,Y,0,319
LA,3200,LIM,2789,PIU,2809,Y,0,319
LA,3200,LIM,2789,LAX,3484,,0,763
LA,3200,LIM,2789,MIA,3576,,0,320
LA,3200,LIM,2789,DFW,3670,Y,0,763
LA,3200,LIM,2789,JFK,3797,,0,763
LA,3200,LIM,2789,CJA,6066,Y,0,319
LA,3200,JUL,2792,LIM,2789,Y,0,319
LA,3200,JUL,2792,AQP,2802,,0,319
LA,3200,TBP,2796,LIM,2789,,0,320
LA,3200,AQP,2802,LIM,2789,,0,319
LA,3200,PEM,2808,CUZ,2812,Y,0,319
LA,3200,CUZ,2812,JUL,2792,,0,319
LA,3200,CUZ,2812,AQP,2802,Y,0,319
LA,3200,CUZ,2812,PEM,2808,Y,0,319
LA,3200,CCS,2851,GYE,2673,,0,763
LA,3200,LAX,3484,LIM,2789,,0,763
LA,3200,MIA,3576,CUN,1852,,0,763
LA,3200,MIA,3576,CLO,2715,Y,0,738
LA,3200,MIA,3576,LIM,2789,Y,0,763 757
LA,3200,DFW,3670,SCL,2650,Y,0,763
LA,3200,DFW,3670,BOG,2709,Y,0,319
LA,3200,JFK,3797,LIM,2789,,0,763
LA,3200,PPT,4075,IPC,2657,,0,763
LA,3200,CPO,4312,SCL,2650,,0,319 320
LA,3200,EYP,6055,BOG,2709,Y,0,320
LA,3200,MHC,9774,PMC,2665,,0,320
4M,3201,MIA,3576,PUJ,1760,,0,763
4M,3201,MIA,3576,EZE,3988,,0,777 763
4M,3201,JFK,3797,EZE,3988,Y,0,777
4M,3201,EZE,3988,PUJ,1760,,0,763
4M,3201,EZE,3988,JFK,3797,Y,0,777
LO,3210,YYZ,193,WAW,679,,0,788
LO,3210,BRU,302,WAW,679,,0,E95 734 E75
LO,3210,FRA,340,GDN,668,Y,0,319 321 32A 320
LO,3210,FRA,340,WRO,680,Y,0,CR7 32A 321
LO,3210,HAM,342,WAW,679,,0,E75 E70
LO,3210,DUS,345,WAW,679,,0,E75
LO,3210,MUC,346,GDN,668,Y,0,E95
LO,3210,TLL,415,WAW,679,,0,E70 E75
LO,3210,AMS,580,WAW,679,,0,E75 E95 E70
LO,3210,GDN,668,FRA,340,Y,0,319 321 32A 320
LO,3210,KRK,669,VIE,1613,Y,0,F70 DH4 100
LO,3210,KTW,671,FRA,340,Y,0,735 CR7 733
LO,3210,POZ,674,WAW,679,,0,DH4
LO,3210,SZZ,676,WAW,679,,0,E70
LO,3210,WAW,679,BRU,302,,0,E95 734 E75
LO,3210,WAW,679,FRA,340,,0,E75 E95 E70
LO,3210,WAW,679,MUC,346,,0,E75
LO,3210,WAW,679,LHR,507,,0,734 E95
LO,3210,WAW,679,KTW,671,,0,E70 DH4
LO,3210,WAW,679,POZ,674,,0,DH4
LO,3210,WAW,679,RZE,675,Y,0,DH4 E95 E75
LO,3210,WAW,679,WRO,680,,0,E95 E75 E70
LO,3210,WAW,679,MAD,1229,,0,734 E95
LO,3210,WAW,679,CDG,1382,,0,E95 E75
LO,3210,WAW,679,BUD,1489,,0,E70 E75
LO,3210,WAW,679,MXP,1524,,0,E75 E70
LO,3210,WAW,679,LJU,1569,,0,CR2
LO,3210,WAW,679,PRG,1587,,0,E75 E70
LO,3210,WAW,679,LIS,1638,Y,0,320 319
LO,3210,WAW,679,ZRH,1678,,0,E70 E75
LO,3210,WAW,679,LWO,2945,,0,E95 E70
LO,3210,WAW,679,LED,2948,,0,E75
LO,3210,WAW,679,PEK,3364,,0,788
LO,3210,WAW,679,JFK,3797,,0,788
LO,3210,WAW,679,ORD,3830,,0,788
LO,3210,WAW,679,ATH,3941,,0,E95 E75 734
LO,3210,WAW,679,RIX,3953,,0,E70 DH4 E75
LO,3210,WAW,679,VNO,3959,,0,E70 E75 DH4
LO,3210,WAW,679,EVN,3964,,0,E75
LO,3210,ARN,737,WAW,679,,0,E70 E75
LO,3210,SOF,1194,WAW,679,,0,E75 E70
LO,3210,NCE,1354,WAW,679,,0,E75
LO,3210,BUD,1489,WAW,679,,0,E70 E75
LO,3210,PRG,1587,WAW,679,,0,E75 E70
LO,3210,VIE,1613,KRK,669,Y,0,DH4 F70 100
LO,3210,VIE,1613,WAW,679,,0,E95 E75
LO,3210,OTP,1657,WAW,679,,0,E75 E95 E70
LO,3210,GVA,1665,WAW,679,,0,E75
LO,3210,IST,1701,WAW,679,,0,734 E95
LO,3210,ODS,2947,WAW,679,,0,E75 E70
LO,3210,PEK,3364,WAW,679,,0,788
LO,3210,JFK,3797,WAW,679,,0,788
LO,3210,ORD,3830,WAW,679,,0,788
LO,3210,RIX,3953,WAW,679,,0,E70 DH4 E75
LO,3210,TBS,3973,WAW,679,,0,E95
QV,3233,LPQ,3115,REP,3035,Y,0,AT7
QV,3233,LPQ,3115,VTE,3120,,0,AT7 320
QV,3233,LPQ,3115,JHG,3381,,0,AT7
QV,3233,LPQ,3115,BKK,3885,,0,AT7
QV,3233,PKZ,3116,REP,3035,,0,AT7
QV,3233,PKZ,3116,LPQ,3115,,0,AT7
QV,3233,VTE,3120,PNH,3034,Y,0,321
QV,3233,VTE,3120,PKZ,3116,,0,AT7 320
QV,3233,VTE,3120,HAN,3199,,0,320
QV,3233,VTE,3120,CAN,3370,,0,320
QV,3233,VTE,3120,ICN,3930,,0,320
QV,3233,VTE,3120,XKH,4081,,0,AT7
QV,3233,SIN,3316,VTE,3120,,0,320
QV,3233,BKK,3885,VTE,3120,,0,320 AT7
QV,3233,ICN,3930,VTE,3120,,0,320
QV,3233,CNX,3931,LPQ,3115,,0,AT7
QV,3233,LXG,4142,VTE,3120,,0,AT7
LI,3251,ANU,2874,PTP,2881,,0,DH3
LI,3251,ANU,2874,SKB,2891,,0,AT4 DH3 AT7
LI,3251,ANU,2874,SXM,2899,,0,AT7 DH3
LI,3251,ANU,2874,AXA,2900,,0,AT7 AT4
LI,3251,BGI,2875,ANU,2874,,0,DH3 AT4 AT7
LI,3251,BGI,2875,DOM,2877,,0,DH3 AT7
LI,3251,BGI,2875,SVD,2907,,0,AT7 DH3
LI,3251,DOM,2877,ANU,2874,,0,AT7 DH3
LI,3251,FDF,2878,BGI,2875,,0,DH3
LI,3251,FDF,2878,SLU,2893,,0,DH3
LI,3251,GND,2882,BGI,2875,,0,DH3 AT7
LI,3251,GND,2882,POS,2902,,0,AT4 AT7
LI,3251,STT,2883,AXA,2900,,0,DH3
LI,3251,SJU,2890,DOM,2877,,0,DH3
LI,3251,SKB,2891,ANU,2874,,0,AT7 AT4
LI,3251,SKB,2891,SXM,2899,,0,AT4 DH3 AT7
LI,3251,SLU,2893,FDF,2878,,0,DH3
LI,3251,SXM,2899,SKB,2891,,0,AT7 AT4
LI,3251,SXM,2899,EIS,2903,,0,AT7 DH3 AT4
LI,3251,POS,2902,CUR,2897,,0,AT7
LN,3258,ALG,210,TIP,1157,,0,CR9
LN,3258,TUN,287,BEN,1154,,0,320 CR9
LN,3258,TUN,287,TIP,1157,,0,CR9 320
LN,3258,TUN,287,LAQ,5699,,0,320 CR9
LN,3258,TUN,287,MRA,5804,,0,320
LN,3258,SFA,295,BEN,1154,,0,320
LN,3258,CMN,1074,BEN,1154,,0,320
LN,3258,CMN,1074,TIP,1157,,0,320 330
LN,3258,BEN,1154,SFA,295,,0,320
LN,3258,BEN,1154,AKF,1153,,0,CR9
LN,3258,BEN,1154,TIP,1157,,0,320 CR9
LN,3258,TIP,1157,ALG,210,,0,CR9
LN,3258,TIP,1157,SFA,295,,0,CR9 320
LN,3258,TIP,1157,MAN,478,,0,320
LN,3258,TIP,1157,LHR,507,,0,320
LN,3258,TIP,1157,CMN,1074,,0,320 330
LN,3258,TIP,1157,LTD,1162,,0,CR9
LN,3258,TIP,1157,MAD,1229,,0,320
LN,3258,TIP,1157,MLA,1606,,0,320
LN,3258,TIP,1157,IST,1701,,0,330
LN,3258,TIP,1157,TOB,5697,,0,CR9
LN,3258,TIP,1157,LAQ,5699,,0,320 CR9
LN,3258,MLA,1606,TIP,1157,,0,320
LN,3258,IST,1701,BEN,1154,,0,320
LN,3258,AMM,2170,BEN,1154,,0,320
LN,3258,SRX,5696,TUN,287,,0,CR9
LN,3258,SRX,5696,TIP,1157,,0,CR9
LN,3258,TOB,5697,HBE,3410,,0,CR9
LN,3258,MRA,5804,BEN,1154,,0,320 CR9
LN,3258,MRA,5804,HBE,3410,,0,320
LN,3258,QUB,5805,TIP,1157,,0,CR9
LM,3287,KOI,529,NRL,5566,,0,BNI
LM,3287,KOI,529,SOY,5568,,0,BNI
LM,3287,KOI,529,WRY,5571,,0,BNI
LM,3287,NRL,5566,EOI,5564,,0,BNI
LM,3287,NRL,5566,PPW,5567,,0,BNI
LM,3287,NRL,5566,NDY,5569,,0,BNI
LM,3287,NDY,5569,KOI,529,,0,BNI
LM,3287,WRY,5571,KOI,529,,0,BNI
JT,3290,JED,2072,CGK,3275,,0,744
JT,3290,UPG,3240,PSJ,3251,,0,ATR
JT,3290,UPG,3240,TTE,3253,,0,733
JT,3290,UPG,3240,LUW,3254,,0,ATR
JT,3290,UPG,3240,AMQ,3256,,0,739
JT,3290,UPG,3240,CGK,3275,,0,739 738 733
JT,3290,UPG,3240,BPN,3919,,0,739
JT,3290,UPG,3240,DPS,3940,,0,739
JT,3290,UPG,3240,PUM,8735,Y,0,ATR
JT,3290,UPG,3240,BUW,9887,Y,0,ATR
JT,3290,NBX,3242,DJJ,3244,Y,0,ATR
JT,3290,DJJ,3244,UPG,3240,,0,739 738
JT,3290,DJJ,3244,NBX,3242,Y,0,ATR
JT,3290,PLW,3249,UPG,3240,,0,739 738
JT,3290,PLW,3249,BPN,3919,,0,738
JT,3290,PLW,3249,SUB,3928,,0,738
JT,3290,MDC,3250,UPG,3240,,0,739
JT,3290,MDC,3250,BPN,3919,,0,738
JT,3290,MDC,3250,SUB,3928,,0,739
JT,3290,TTE,3253,UPG,3240,,0,733
JT,3290,LUW,3254,UPG,3240,,0,ATR
JT,3290,AMQ,3256,UPG,3240,,0,739
JT,3290,AMQ,3256,FKQ,3257,Y,0,ATR
JT,3290,FKQ,3257,KNG,3258,Y,0,ATR
JT,3290,FKQ,3257,MKW,3260,Y,0,ATR
JT,3290,FKQ,3257,SOQ,3261,Y,0,ATR
JT,3290,MKW,3260,AMQ,3256,Y,0,ATR
JT,3290,SOQ,3261,AMQ,3256,Y,0,ATR
JT,3290,PKU,3273,CGK,3275,,0,739
JT,3290,PKU,3273,BDO,3896,,0,738
JT,3290,PKU,3273,JOG,3898,,0,738
JT,3290,CGK,3275,PNK,3284,,0,738
JT,3290,CGK,3275,PLM,3289,,0,739 738
JT,3290,CGK,3275,BTJ,3294,,0,739
JT,3290,CGK,3275,KUL,3304,,0,739
JT,3290,CGK,3275,SRG,3901,,0,739 738
JT,3290,CGK,3275,PGK,3905,,0,738 739
JT,3290,CGK,3275,TNJ,3906,,0,738
JT,3290,CGK,3275,LOP,8401,,0,739 738
JT,3290,BKS,3288,CGK,3275,,0,738 739
JT,3290,PLM,3289,CGK,3275,,0,739 738
JT,3290,PLM,3289,TKG,6223,,0,739
JT,3290,BTJ,3294,CGK,3275,,0,739
JT,3290,SIN,3316,CGK,3275,,0,739
JT,3290,NAH,3886,MDC,3250,Y,0,DH8 ATR
JT,3290,KDI,3890,UPG,3240,,0,ATR 738
JT,3290,BDO,3896,JOG,3898,Y,0,ATR
JT,3290,BDO,3896,BTH,3903,,0,738
JT,3290,BDO,3896,BDJ,3908,,0,738
JT,3290,BDO,3896,DPS,3940,,0,738
JT,3290,JOG,3898,CGK,3275,,0,738 739
JT,3290,JOG,3898,BDO,3896,Y,0,ATR
JT,3290,JOG,3898,BTH,3903,,0,738
JT,3290,JOG,3898,DPS,3940,,0,739
JT,3290,JOG,3898,LOP,8401,,0,738
JT,3290,SRG,3901,DPS,3940,Y,0,ATR
JT,3290,BTH,3903,DJB,3287,,0,739
JT,3290,BTH,3903,SRG,3901,,0,738
JT,3290,BTH,3903,BPN,3919,,0,738
JT,3290,BTH,3903,NTX,6225,Y,0,ATR
JT,3290,PGK,3905,BTH,3903,Y,0,ATR
JT,3290,BDJ,3908,CGK,3275,,0,739 738
JT,3290,BDJ,3908,JOG,3898,,0,739
JT,3290,BDJ,3908,SRG,3901,,0,739
JT,3290,BDJ,3908,BPN,3919,,0,738
JT,3290,BDJ,3908,SUB,3928,,0,739 738
JT,3290,PKY,3911,CGK,3275,,0,739
JT,3290,MOF,3913,KOE,3916,Y,0,ATR
JT,3290,MOF,3913,DPS,3940,Y,0,ATR
JT,3290,ENE,3914,KOE,3916,Y,0,ATR
JT,3290,ENE,3914,LBJ,3917,Y,0,ATR
JT,3290,KOE,3916,SUB,3928,,0,739
JT,3290,KOE,3916,DPS,3940,,0,739
JT,3290,LBJ,3917,DPS,3940,Y,0,ATR
JT,3290,BPN,3919,PLW,3249,,0,738
JT,3290,BPN,3919,SRG,3901,,0,738 739
JT,3290,BPN,3919,BDJ,3908,,0,738
JT,3290,BPN,3919,TRK,3920,,0,739
JT,3290,BPN,3919,SUB,3928,,0,739 738
JT,3290,BPN,3919,BEJ,6209,Y,0,ATR
JT,3290,TRK,3920,SUB,3928,,0,738
JT,3290,WGP,3927,DPS,3940,Y,0,ATR
JT,3290,SUB,3928,JOG,3898,Y,0,ATR
JT,3290,SUB,3928,PKY,3911,,0,739
JT,3290,SUB,3928,TRK,3920,,0,738
JT,3290,SUB,3928,DPS,3940,Y,0,ATR
JT,3290,SOC,3929,CGK,3275,,0,739
JT,3290,DPS,3940,UPG,3240,,0,739
JT,3290,DPS,3940,MLG,3894,Y,0,ATR
JT,3290,DPS,3940,BDO,3896,,0,738
JT,3290,DPS,3940,BMU,3924,Y,0,ATR
JT,3290,DPS,3940,TMC,6204,Y,0,ATR
JT,3290,DPS,3940,LOP,8401,Y,0,ATR
JT,3290,BEJ,6209,BPN,3919,Y,0,ATR
JT,3290,TKG,6223,CGK,3275,,0,738
JT,3290,KBU,6231,UPG,3240,Y,0,ATR
JT,3290,KBU,6231,BDJ,3908,Y,0,ATR
JT,3290,LOP,8401,SUB,3928,,0,739
JT,3290,MNA,9889,MDC,3250,Y,0,ATR
LH,3320,YUL,146,MUC,346,,0,333
LH,3320,YVR,156,FRA,340,,0,744
LH,3320,YVR,156,LHR,507,Y,0,77W
LH,3320,YYT,189,LHR,507,Y,0,319
LH,3320,YYZ,193,YUL,146,Y,0,333
LH,3320,ALG,210,FRA,340,,0,319
LH,3320,ACC,248,FRA,340,Y,0,333
LH,3320,ABJ,253,LFW,298,Y,0,333
LH,3320,ABJ,253,BRU,302,Y,0,332
LH,3320,ABV,260,FRA,340,,0,343
LH,3320,ABV,260,SSG,891,,0,343
LH,3320,TUN,287,FRA,340,,0,319
LH,3320,BRU,302,YUL,146,Y,0,333
LH,3320,BRU,302,HAM,342,Y,0,AR1 DH4 319
LH,3320,BRU,302,MUC,346,,0,E95 319 320
LH,3320,BRU,302,FNA,1059,Y,0,333
LH,3320,BRU,302,BJM,1120,Y,0,332
LH,3320,BRU,302,EWR,3494,Y,0,764 777
LH,3320,BRU,302,JFK,3797,Y,0,333
LH,3320,BRU,302,NSI,4161,Y,0,332
LH,3320,DRS,338,MUC,346,,0,E95
LH,3320,FRA,340,YOW,100,Y,0,333
LH,3320,FRA,340,YYC,178,Y,0,77W
LH,3320,FRA,340,ALG,210,,0,319
LH,3320,FRA,340,HAM,342,,0,321 320 319 32A
LH,3320,FRA,340,DUS,345,,0,319 320 CR7 E90 321
LH,3320,FRA,340,NUE,347,,0,319 735 CR7 321 733 E90 32A 320
LH,3320,FRA,340,HAJ,352,,0,319 735 733 32A
LH,3320,FRA,340,HEL,421,,0,321 32A 320
LH,3320,FRA,340,BHX,469,,0,733 319 32A 321 320
LH,3320,FRA,340,MAN,478,,0,319 321 32A 320 733
LH,3320,FRA,340,LCY,503,Y,0,E90
LH,3320,FRA,340,DUB,599,,0,321
LH,3320,FRA,340,KTW,671,Y,0,735 CR7 733
LH,3320,FRA,340,WRO,680,,0,CR7 32A
LH,3320,FRA,340,DBV,1200,Y,0,319 320 735
LH,3320,FRA,340,PUY,1203,Y,0,319 320
LH,3320,FRA,340,IBZ,1225,,0,321 319
LH,3320,FRA,340,MAD,1229,,0,32A 321 319 320
LH,3320,FRA,340,BIA,1321,,0,E90
LH,3320,FRA,340,MRS,1353,,0,E90 320 32A 319
LH,3320,FRA,340,CDG,1382,,0,321 32A 735 319 320 733
LH,3320,FRA,340,BUD,1489,,0,320 733 321 735 32A
LH,3320,FRA,340,TRN,1526,,0,735 E90 CR7
LH,3320,FRA,340,LIN,1529,,0,321 E90 320 319 32A
LH,3320,FRA,340,VRN,1550,Y,0,E95
LH,3320,FRA,340,VCE,1551,,0,321 32A 319
LH,3320,FRA,340,PRG,1587,,0,321 733 32A 320
LH,3320,FRA,340,TLV,1590,,0,321
LH,3320,FRA,340,MLA,1606,,0,321 32A
LH,3320,FRA,340,INN,1610,Y,0,DH4
LH,3320,FRA,340,LNZ,1611,,0,CR7 E90
LH,3320,FRA,340,FAO,1626,,0,32A 321 320
LH,3320,FRA,340,LIS,1638,,0,321 32A
LH,3320,FRA,340,ZRH,1678,,0,733 E90 735 319 320 321
LH,3320,FRA,340,IST,1701,,0,321
LH,3320,FRA,340,DMM,2064,Y,0,73H
LH,3320,FRA,340,RUH,2082,,0,333
LH,3320,FRA,340,GIG,2560,,0,744
LH,3320,FRA,340,ALA,2908,,0,333
LH,3320,FRA,340,TSE,2910,,0,333
LH,3320,FRA,340,LED,2948,,0,32A 321 320
LH,3320,FRA,340,KUF,2993,,0,319
LH,3320,FRA,340,BOM,2997,,0,744
LH,3320,FRA,340,HKG,3077,,0,74H
LH,3320,FRA,340,DEL,3093,,0,74H
LH,3320,FRA,340,SIN,3316,,0,388
LH,3320,FRA,340,SEA,3577,,0,333 343
LH,3320,FRA,340,ATL,3682,,0,343
LH,3320,FRA,340,ORD,3830,,0,74H 744
LH,3320,FRA,340,MCO,3878,,0,744
LH,3320,FRA,340,EZE,3988,,0,744
LH,3320,FRA,340,SHE,4144,,0,343
LH,3320,FRA,340,DOH,11051,,0,333 343
LH,3320,FMO,341,FRA,340,Y,0,CR7
LH,3320,HAM,342,BRU,302,Y,0,319 AR1 DH4
LH,3320,HAM,342,FRA,340,,0,319 321 320 32A
LH,3320,HAM,342,VIE,1613,Y,0,320 321
LH,3320,CGN,344,VIE,1613,Y,0,100 F70
LH,3320,DUS,345,TXL,351,,0,320 319 CR9
LH,3320,DUS,345,MAN,478,Y,0,319 CR9
LH,3320,DUS,345,NCL,521,Y,0,CR9
LH,3320,DUS,345,CPH,609,Y,0,CR9 CR2
LH,3320,DUS,345,OSL,644,Y,0,73G 73W 738 736
LH,3320,DUS,345,ARN,737,Y,0,736 717 73W 73H
LH,3320,DUS,345,DBV,1200,Y,0,319
LH,3320,DUS,345,SPU,1206,Y,0,319
LH,3320,DUS,345,NCE,1354,,0,320 319 CR9
LH,3320,DUS,345,CDG,1382,,0,CR9 319 320
LH,3320,DUS,345,NAP,1561,Y,0,319 CR9
LH,3320,DUS,345,GRZ,1609,Y,0,DH4
LH,3320,DUS,345,VIE,1613,,0,320 319 CR9
LH,3320,DUS,345,OTP,1657,Y,0,CR9
LH,3320,DUS,345,VKO,2988,,0,320
LH,3320,DUS,345,PEK,3364,Y,0,330
LH,3320,MUC,346,YUL,146,,0,333
LH,3320,MUC,346,YVR,156,,0,333
LH,3320,MUC,346,YYZ,193,Y,0,77W
LH,3320,MUC,346,FRA,340,,0,321 320 32A 319
LH,3320,MUC,346,FMO,341,Y,0,E95 CR9
LH,3320,MUC,346,HAM,342,,0,320 321 319
LH,3320,MUC,346,BRE,353,,0,E95 319 321 320
LH,3320,MUC,346,GWT,410,Y,0,E95
LH,3320,MUC,346,MAN,478,,0,319 320
LH,3320,MUC,346,AMS,580,Y,0,E95 CR9
LH,3320,MUC,346,CPH,609,Y,0,CR9 E95 320 321 319
LH,3320,MUC,346,LUX,629,Y,0,CR9 CR7
LH,3320,MUC,346,KRK,669,Y,0,319 320 E95
LH,3320,MUC,346,WAW,679,,0,E95
LH,3320,MUC,346,WRO,680,Y,0,CR9 E95 CR7
LH,3320,MUC,346,GOT,687,Y,0,E95 CR9
LH,3320,MUC,346,ARN,737,,0,CR9 320 321 319
LH,3320,MUC,346,CAI,1128,Y,0,738
LH,3320,MUC,346,SOF,1194,,0,321 320
LH,3320,MUC,346,LCA,1197,,0,321
LH,3320,MUC,346,DBV,1200,,0,319 E95 320
LH,3320,MUC,346,ZAG,1208,,0,E95 CR9
LH,3320,MUC,346,BCN,1218,,0,319 321 320 E95
LH,3320,MUC,346,VLC,1246,,0,319
LH,3320,MUC,346,LYS,1335,Y,0,E95 CR9
LH,3320,MUC,346,BSL,1423,Y,0,CR9 CR7
LH,3320,MUC,346,HER,1452,Y,0,320
LH,3320,MUC,346,KLX,1456,Y,0,319
LH,3320,MUC,346,BRI,1501,Y,0,E95
LH,3320,MUC,346,SUF,1508,Y,0,319
LH,3320,MUC,346,CAG,1519,,0,E95
LH,3320,MUC,346,OLB,1520,Y,0,E95
LH,3320,MUC,346,GOA,1528,,0,CR9 CR7
LH,3320,MUC,346,TRS,1545,Y,0,CR9 CR7
LH,3320,MUC,346,VCE,1551,Y,0,E95
LH,3320,MUC,346,FCO,1555,,0,320 321 319
LH,3320,MUC,346,TLV,1590,,0,321
LH,3320,MUC,346,MLA,1606,,0,319 320
LH,3320,MUC,346,GRZ,1609,Y,0,CR9 CR7
LH,3320,MUC,346,CLJ,1652,Y,0,E95
LH,3320,MUC,346,OTP,1657,,0,320 321
LH,3320,MUC,346,GVA,1665,,0,E95 CR9
LH,3320,MUC,346,ZRH,1678,,0,E95 319 CR9
LH,3320,MUC,346,ADB,1706,,0,321 319 320
LH,3320,MUC,346,KIV,1735,Y,0,E95
LH,3320,MUC,346,BEG,1739,Y,0,E95
LH,3320,MUC,346,PRN,1742,Y,0,319
LH,3320,MUC,346,MEX,1824,,0,346
LH,3320,MUC,346,HND,2359,,0,346
LH,3320,MUC,346,DOK,2940,Y,0,CR7 CR9
LH,3320,MUC,346,LWO,2945,Y,0,CR7 CR9
LH,3320,MUC,346,BOM,2997,,0,333
LH,3320,MUC,346,HKG,3077,,0,346
LH,3320,MUC,346,LAX,3484,,0,346
LH,3320,MUC,346,JFK,3797,,0,333
LH,3320,MUC,346,BKK,3885,Y,0,747
LH,3320,MUC,346,ICN,3930,,0,346
LH,3320,MUC,346,AOI,4309,Y,0,CR9 E95
LH,3320,NUE,347,ZRH,1678,Y,0,AR1 100
LH,3320,LEJ,348,FRA,340,,0,E90 CR7 735
LH,3320,LEJ,348,VIE,1613,Y,0,DH4
LH,3320,STR,350,FRA,340,,0,733 319 735 320 32A
LH,3320,STR,350,MUC,346,Y,0,CR9 CR7 E95
LH,3320,STR,350,SKG,1486,Y,0,320
LH,3320,TXL,351,FRA,340,,0,32A 321 320
LH,3320,TXL,351,MUC,346,,0,321 320 319
LH,3320,TXL,351,CPH,609,Y,0,320 CR2 321 319 CR9
LH,3320,TXL,351,ARN,737,Y,0,73H 717 73W 736
LH,3320,TXL,351,VIE,1613,Y,0,320 321 319
LH,3320,TXL,351,ZRH,1678,Y,0,321 320
LH,3320,TXL,351,VKO,2988,,0,320
LH,3320,TXL,351,ATH,3941,Y,0,320
LH,3320,HAJ,352,ZRH,1678,Y,0,100 AR1 320
LH,3320,GWT,410,FRA,340,Y,0,E90
LH,3320,HEL,421,FRA,340,,0,321 32A 320
LH,3320,BFS,465,EWR,3494,Y,0,752
LH,3320,BHX,469,FRA,340,,0,319 733 32A 321 320
LH,3320,BHX,469,DUS,345,Y,0,CR9
LH,3320,BHX,469,EWR,3494,Y,0,752
LH,3320,MAN,478,EWR,3494,Y,0,752
LH,3320,LHR,507,YOW,100,Y,0,763
LH,3320,LHR,507,YUL,146,Y,0,77W
LH,3320,LHR,507,SFO,3469,Y,0,777
LH,3320,NCL,521,DUS,345,Y,0,CR9
LH,3320,ABZ,532,FRA,340,,0,735
LH,3320,EDI,535,EWR,3494,Y,0,752
LH,3320,AMS,580,FRA,340,,0,733 735 320 319 32A 321
LH,3320,AMS,580,EWR,3494,Y,0,752 763
LH,3320,AMS,580,IAH,3550,Y,0,777
LH,3320,AMS,580,IAD,3714,Y,0,763
LH,3320,DUB,599,MUC,346,,0,320 319
LH,3320,CPH,609,MUC,346,Y,0,CR9 E95 320 321 319
LH,3320,LUX,629,TXL,351,Y,0,DH4 ER4
LH,3320,OSL,644,TOS,663,Y,0,73G
LH,3320,TOS,663,ALF,632,Y,0,73G
LH,3320,GDN,668,FRA,340,,0,319 321 32A 320
LH,3320,KTW,671,FRA,340,Y,0,735 CR7 733
LH,3320,POZ,674,FRA,340,,0,CR7
LH,3320,POZ,674,MUC,346,,0,CR9 CR7
LH,3320,WAW,679,FRA,340,,0,32A 321 320 319
LH,3320,WRO,680,FRA,340,,0,CR7 32A
LH,3320,GOT,687,DUS,345,Y,0,CR9
LH,3320,ARN,737,DUS,345,Y,0,736 717 73W 73H
LH,3320,ARN,737,MUC,346,,0,320 CR9 321 319
LH,3320,LUN,907,HRE,1005,Y,0,788
LH,3320,LAD,951,FRA,340,,0,343
LH,3320,HRE,1005,ADD,1107,Y,0,788
LH,3320,FIH,1020,BRU,302,Y,0,333
LH,3320,FIH,1020,DLA,897,Y,0,333
LH,3320,ADD,1107,HRE,1005,Y,0,788
LH,3320,DAR,1177,NBO,4059,Y,0,333
LH,3320,JRO,1180,ADD,1107,Y,0,763
LH,3320,ZNZ,1186,JRO,1180,Y,0,763
LH,3320,DBV,1200,FRA,340,Y,0,319 320 735
LH,3320,ZAD,1209,MUC,346,Y,0,DH4
LH,3320,BIO,1216,MUC,346,,0,319 E95 320
LH,3320,BCN,1218,FRA,340,,0,321 320 319 32A
LH,3320,MAD,1229,EWR,3494,Y,0,752
LH,3320,VLC,1246,MUC,346,,0,319
LH,3320,TLS,1273,FRA,340,,0,321 319 735 733
LH,3320,LYS,1335,FRA,340,,0,32A 319 733 321 735
LH,3320,LYS,1335,MUC,346,Y,0,E95 CR9
LH,3320,MRS,1353,FRA,340,,0,E90 320 32A 319
LH,3320,NCE,1354,MUC,346,,0,E95
LH,3320,MPL,1359,FRA,340,,0,735
LH,3320,CDG,1382,YUL,146,Y,0,77W
LH,3320,CDG,1382,YYZ,193,Y,0,77W
LH,3320,CDG,1382,TXL,351,,0,320
LH,3320,CDG,1382,ORD,3830,Y,0,763
LH,3320,BSL,1423,MUC,346,Y,0,CR7 CR9
LH,3320,HER,1452,FRA,340,Y,0,320
LH,3320,HER,1452,MUC,346,Y,0,320
LH,3320,KLX,1456,MUC,346,Y,0,319
LH,3320,SKG,1486,MUC,346,Y,0,320
LH,3320,SKG,1486,ATH,3941,Y,0,321
LH,3320,BUD,1489,MUC,346,,0,320 E95 CR9 319 321
LH,3320,CTA,1509,MUC,346,,0,E95 321
LH,3320,PMO,1512,FRA,340,Y,0,E90
LH,3320,PMO,1512,MUC,346,Y,0,E95 319
LH,3320,MXP,1524,FRA,340,,0,320 319 321 32A 733
LH,3320,MXP,1524,MUC,346,,0,E95
LH,3320,MXP,1524,EWR,3494,Y,0,764
LH,3320,BLQ,1538,FRA,340,,0,32A 735 321 319 733 320
LH,3320,VRN,1550,FRA,340,Y,0,E95
LH,3320,FCO,1555,YYZ,193,Y,0,333
LH,3320,FCO,1555,EWR,3494,Y,0,764
LH,3320,NAP,1561,DUS,345,Y,0,319 CR9
LH,3320,NAP,1561,MUC,346,,0,321
LH,3320,FLR,1563,FRA,340,Y,0,E90
LH,3320,LJU,1569,FRA,340,Y,0,CR9 319
LH,3320,TLV,1590,MUC,346,,0,321
LH,3320,TLV,1590,TXL,351,,0,320
LH,3320,MLA,1606,FRA,340,,0,321 32A
LH,3320,MLA,1606,DUS,345,Y,0,319 320
LH,3320,MLA,1606,MUC,346,,0,319 320
LH,3320,GRZ,1609,MUC,346,Y,0,CR9 CR7
LH,3320,GRZ,1609,STR,350,Y,0,DH4
LH,3320,LNZ,1611,FRA,340,,0,CR7 E90
LH,3320,VIE,1613,YYZ,193,Y,0,767
LH,3320,VIE,1613,FRA,340,,0,321
LH,3320,VIE,1613,HAM,342,Y,0,320 321
LH,3320,VIE,1613,MUC,346,,0,E95 319
LH,3320,VIE,1613,STR,350,Y,0,100 319 F70 320 DH4
LH,3320,FAO,1626,FRA,340,,0,32A 321 320
LH,3320,FAO,1626,MUC,346,,0,321
LH,3320,GVA,1665,MUC,346,,0,E95 CR9
LH,3320,ZRH,1678,FRA,340,,0,733 E90 735 319 320 321
LH,3320,ZRH,1678,HAM,342,Y,0,321 320
LH,3320,ZRH,1678,DUS,345,,0,320 319 CR9
LH,3320,ZRH,1678,HAJ,352,Y,0,AR1 100 320
LH,3320,ADB,1706,MUC,346,,0,319 321 320
LH,3320,BEG,1739,FRA,340,,0,320 32A 319 321
LH,3320,BEG,1739,MUC,346,Y,0,E95
LH,3320,MEX,1824,FRA,340,,0,74H
LH,3320,MEX,1824,MUC,346,,0,346
LH,3320,AMM,2170,FRA,340,,0,321
LH,3320,KWI,2176,FRA,340,,0,343
LH,3320,BEY,2177,FRA,340,,0,32A 321 320
LH,3320,AUH,2179,FRA,340,,0,333
LH,3320,AUH,2179,MCT,2194,,0,333
LH,3320,DXB,2188,FRA,340,,0,343
LH,3320,NRT,2279,DUS,345,Y,0,788
LH,3320,HND,2359,FRA,340,,0,744
LH,3320,GRU,2564,FRA,340,,0,74H
LH,3320,GRU,2564,CWB,2545,Y,0,320
LH,3320,BOG,2709,FRA,340,,0,346
LH,3320,ALA,2908,FRA,340,,0,333
LH,3320,ALA,2908,TSE,2910,,0,333
LH,3320,GYD,2922,ASB,2976,,0,333 343
LH,3320,KBP,2939,FRA,340,,0,321 32A 319 320
LH,3320,LWO,2945,MUC,346,Y,0,CR7 CR9
LH,3320,ODS,2947,MUC,346,Y,0,CR9 CR7
LH,3320,LED,2948,DUS,345,,0,319 320
LH,3320,MSQ,2954,FRA,340,Y,0,E90
LH,3320,VKO,2988,FRA,340,,0,321 32A
LH,3320,VKO,2988,DUS,345,,0,320
LH,3320,VKO,2988,TXL,351,,0,320
LH,3320,KUF,2993,FRA,340,,0,319
LH,3320,BOM,2997,MUC,346,,0,333
LH,3320,HKG,3077,FRA,340,,0,74H
LH,3320,BLR,3131,FRA,340,,0,74H
LH,3320,KBV,3174,BKK,3885,Y,0,333
LH,3320,HKT,3179,BKK,3885,Y,0,333 330
LH,3320,PEK,3364,FRA,340,,0,388
LH,3320,PEK,3364,DUS,345,Y,0,330
LH,3320,PVG,3406,FRA,340,,0,388 744
LH,3320,SFO,3469,LHR,507,Y,0,777
LH,3320,EWR,3494,BHX,469,Y,0,752
LH,3320,EWR,3494,LHR,507,Y,0,763 752 777
LH,3320,EWR,3494,AMS,580,Y,0,752 763
LH,3320,EWR,3494,CDG,1382,Y,0,764 752 763
LH,3320,EWR,3494,FCO,1555,Y,0,764
LH,3320,IAH,3550,FRA,340,,0,388
LH,3320,SEA,3577,FRA,340,,0,333 343
LH,3320,DTW,3645,FRA,340,,0,343
LH,3320,DFW,3670,FRA,340,,0,333
LH,3320,ATL,3682,FRA,340,,0,343 M1F
LH,3320,IAD,3714,BRU,302,Y,0,777 332
LH,3320,IAD,3714,FRA,340,,0,333 74H
LH,3320,IAD,3714,MUC,346,,0,333
LH,3320,IAD,3714,CDG,1382,Y,0,763
LH,3320,JFK,3797,BRU,302,Y,0,333
LH,3320,JFK,3797,MSY,3861,Y,0,E90
LH,3320,ORD,3830,LHR,507,Y,0,763
LH,3320,ORD,3830,AMS,580,Y,0,763
LH,3320,ORD,3830,CDG,1382,Y,0,763
LH,3320,ORD,3830,ATL,3682,Y,0,CR7 E70
LH,3320,MSY,3861,JFK,3797,Y,0,E90 320
LH,3320,BKK,3885,KBV,3174,Y,0,333
LH,3320,ICN,3930,FRA,340,,0,74H
LH,3320,ICN,3930,MUC,346,,0,346
LH,3320,ATH,3941,DUS,345,Y,0,320
LH,3320,NGO,3942,FRA,340,,0,343
LH,3320,RIX,3953,FRA,340,,0,321 320
LH,3320,TBS,3973,MUC,346,,0,319
LH,3320,EZE,3988,FRA,340,,0,744
LH,3320,PMI,3998,FRA,340,,0,319 32A
LH,3320,DME,4029,FRA,340,,0,32A 321 320
LH,3320,NBO,4059,BRU,302,Y,0,332
LH,3320,NBO,4059,ZRH,1678,Y,0,333
LH,3320,SHE,4144,TAO,3390,,0,343
LH,3320,NSI,4161,DLA,897,Y,0,332
LH,3320,CKY,4162,DKR,1084,Y,0,333
LH,3320,DOH,11051,BAH,2057,,0,333
LG,3329,HAM,342,SCN,349,,0,DH4
LG,3329,DUS,345,LUX,629,Y,0,CNJ
LG,3329,MUC,346,LUX,629,,0,DH4 ER4
LG,3329,SCN,349,HAM,342,,0,DH4
LG,3329,TXL,351,SCN,349,,0,DH4 ER4
LG,3329,LCY,503,LUX,629,,0,DH4
LG,3329,CPH,609,LUX,629,,0,ER4 DH4
LG,3329,LUX,629,DJE,293,,0,73H 73W
LG,3329,LUX,629,MUC,346,,0,DH4 ER4
LG,3329,LUX,629,TXL,351,,0,DH4 ER4
LG,3329,LUX,629,BCN,1218,,0,DH4
LG,3329,LUX,629,MAD,1229,,0,ER4
LG,3329,LUX,629,FSC,1323,,0,DH4
LG,3329,LUX,629,KGS,1458,,0,73W
LG,3329,LUX,629,CFU,1460,,0,73H
LG,3329,LUX,629,CTA,1509,,0,73H
LG,3329,LUX,629,CAG,1519,,0,DH4
LG,3329,LUX,629,MXP,1524,,0,DH4 ER4
LG,3329,LUX,629,NAP,1561,,0,DH4
LG,3329,LUX,629,FAO,1626,,0,73H
LG,3329,LUX,629,LIS,1638,,0,73W 73H
LG,3329,LUX,629,AYT,1688,,0,73H
LG,3329,LUX,629,ADB,1706,,0,73H
LG,3329,FUE,1051,LUX,629,,0,73W 73H
LG,3329,ACE,1055,LUX,629,,0,73H
LG,3329,ACE,1055,FUE,1051,,0,73W
LG,3329,RAK,1075,LUX,629,,0,73H
LG,3329,SID,1102,LUX,629,,0,73W
LG,3329,VAR,1196,LUX,629,,0,73H
LG,3329,DBV,1200,LUX,629,,0,DH4
LG,3329,IBZ,1225,LUX,629,,0,DH4
LG,3329,AGP,1230,LUX,629,,0,73W ER4 73H
LG,3329,AGP,1230,BVE,1278,,0,73W
LG,3329,ANG,1277,FSC,1323,,0,DH4
LG,3329,FSC,1323,LUX,629,,0,DH4
LG,3329,CDG,1382,LUX,629,,0,ER4 DH4
LG,3329,HER,1452,LUX,629,,0,73H
LG,3329,CFU,1460,LUX,629,,0,73H
LG,3329,RHO,1472,LUX,629,,0,73H 73W
LG,3329,FCO,1555,LUX,629,,0,DH4
LG,3329,NAP,1561,LUX,629,,0,DH4
LG,3329,VIE,1613,LUX,629,,0,DH4 ER4
LG,3329,FAO,1626,LUX,629,,0,73H
LG,3329,FAO,1626,XRY,1226,,0,73H
LG,3329,OPO,1636,LUX,629,,0,73H 73W
LG,3329,ADB,1706,LUX,629,,0,73H
LG,3329,FNC,4091,LUX,629,,0,73H
LG,3329,NBE,7447,LUX,629,,0,73W
MJ,3342,RUH,2082,CMB,3024,Y,0,343
MJ,3342,KWI,2176,CMB,3024,Y,0,332 343
MJ,3342,DXB,2188,CMB,3024,Y,0,343 320 332
MJ,3342,MCT,2194,CMB,3024,Y,0,320 321
MJ,3342,BOM,2997,CMB,3024,Y,0,320
MJ,3342,CMB,3024,SEZ,994,,0,320
MJ,3342,CMB,3024,KUL,3304,Y,0,320 332
MJ,3342,CMB,3024,HRI,8949,Y,0,343
MJ,3342,DEL,3093,CMB,3024,Y,0,320
MJ,3342,BLR,3131,CMB,3024,Y,0,320
MJ,3342,MAA,3144,HRI,8949,Y,0,320
MJ,3342,TRZ,3152,CMB,3024,Y,0,320
MJ,3342,TRV,3153,CMB,3024,Y,0,320
MJ,3342,CGK,3275,CMB,3024,,0,321
MJ,3342,KUL,3304,CMB,3024,Y,0,320 343 332
MJ,3342,BKK,3885,CMB,3024,Y,0,320 332 343
OM,3354,TXL,351,SVO,2985,,0,763 737
OM,3354,SVO,2985,TXL,351,,0,763 737
OM,3354,ICN,3930,ULN,3380,,0,763
W5,3370,DUS,345,IKA,4330,,0,313
W5,3370,IST,1701,IKA,4330,,0,AB6
W5,3370,DXB,2188,IKA,4330,,0,AB6
W5,3370,ALA,2908,IKA,4330,,0,313
W5,3370,DEL,3093,IKA,4330,,0,AB6
W5,3370,BKK,3885,IKA,4330,,0,313
W5,3370,EBL,3989,IKA,4330,,0,313
W5,3370,IKA,4330,CAN,3370,,0,313
W5,3370,IKA,4330,NJF,7490,,0,313
MH,3378,HEL,421,LHR,507,Y,0,321
MH,3378,LHR,507,KUL,3304,,0,380
MH,3378,AMS,580,KUL,3304,,0,772
MH,3378,MRU,893,KUL,3304,Y,0,343 332
MH,3378,CDG,1382,HEL,421,Y,0,321
MH,3378,BAH,2057,BKK,3885,,0,330 332
MH,3378,AUH,2179,KUL,3304,,0,333
MH,3378,MCT,2194,AUH,2179,Y,0,320
MH,3378,MCT,2194,KUL,3304,,0,332 333
MH,3378,TPE,2276,KUL,3304,,0,738
MH,3378,NRT,2279,KUL,3304,,0,772
MH,3378,MNL,2397,KUL,3304,,0,738
MH,3378,PPS,2433,BKI,3269,,0,AT7
MH,3378,TAS,2983,KUL,3304,Y,0,764
MH,3378,DAC,3076,KUL,3304,,0,772 738 333
MH,3378,HKG,3077,KUL,3304,,0,738 772
MH,3378,DEL,3093,KUL,3304,,0,738 333
MH,3378,KTM,3125,KUL,3304,,0,738
MH,3378,USM,3177,PEN,3308,Y,0,AT7
MH,3378,HKT,3179,PEN,3308,Y,0,AT7
MH,3378,HKT,3179,BKK,3885,Y,0,320
MH,3378,HAN,3199,KUL,3304,,0,738
MH,3378,SGN,3205,KUL,3304,,0,738
MH,3378,RGN,3239,KUL,3304,,0,319 738
MH,3378,BTU,3262,KCH,3263,,0,738
MH,3378,BTU,3262,SBW,3267,Y,0,AT7
MH,3378,KCH,3263,MYY,3266,,0,738
MH,3378,KCH,3263,BKI,3269,,0,738
MH,3378,KCH,3263,SIN,3316,,0,738
MH,3378,KCH,3263,MKM,6217,Y,0,DHT
MH,3378,MUR,3265,LGL,6215,Y,0,DHT
MH,3378,MUR,3265,ODN,6216,Y,0,DHT
MH,3378,MUR,3265,LKH,6769,Y,0,DHT
MH,3378,MYY,3266,LMN,3264,Y,0,AT7
MH,3378,MYY,3266,MUR,3265,Y,0,DHT
MH,3378,MYY,3266,SBW,3267,Y,0,AT7
MH,3378,MYY,3266,BKI,3269,Y,0,AT7
MH,3378,MYY,3266,LBU,3270,Y,0,AT7
MH,3378,MYY,3266,ODN,6216,Y,0,DHT
MH,3378,SBW,3267,KCH,3263,,0,738
MH,3378,SBW,3267,MYY,3266,Y,0,AT7
MH,3378,SBW,3267,BKI,3269,Y,0,AT7
MH,3378,BKI,3269,BTU,3262,Y,0,AT7
MH,3378,BKI,3269,MYY,3266,Y,0,AT7
MH,3378,BKI,3269,SBW,3267,Y,0,AT7
MH,3378,BKI,3269,LDU,3268,Y,0,AT7
MH,3378,BKI,3269,BWN,3272,,0,320
MH,3378,BKI,3269,KUL,3304,,0,738 734
MH,3378,BKI,3269,SIN,3316,Y,0,320 319
MH,3378,BKI,3269,PER,3351,,0,738
MH,3378,BKI,3269,SDK,4141,,0,738 AT7
MH,3378,BKI,3269,LWY,6219,Y,0,DHT
MH,3378,LBU,3270,MYY,3266,Y,0,AT7
MH,3378,TWU,3271,BKI,3269,,0,738
MH,3378,TWU,3271,TRK,3920,Y,0,AT7
MH,3378,BWN,3272,BKI,3269,,0,320
MH,3378,BWN,3272,KUL,3304,,0,738
MH,3378,BWN,3272,MZV,4056,Y,0,AT7
MH,3378,BTJ,3294,PEN,3308,Y,0,AT7
MH,3378,KBR,3298,PEN,3308,Y,0,AT7
MH,3378,KBR,3298,SZB,3408,Y,0,AT7
MH,3378,KUA,3299,KUL,3304,,0,738 734
MH,3378,KUA,3299,PEN,3308,Y,0,AT7
MH,3378,KTE,3300,SZB,3408,Y,0,AT7
MH,3378,IPH,3302,SIN,3316,Y,0,AT7
MH,3378,JHB,3303,SZB,3408,Y,0,AT7
MH,3378,KUL,3304,AKL,2006,,0,772
MH,3378,KUL,3304,MNL,2397,,0,738
MH,3378,KUL,3304,PNH,3034,,0,738
MH,3378,KUL,3304,REP,3035,,0,738
MH,3378,KUL,3304,DEL,3093,,0,738 333
MH,3378,KUL,3304,KTM,3125,,0,738
MH,3378,KUL,3304,BLR,3131,,0,738
MH,3378,KUL,3304,MLE,3156,,0,738
MH,3378,KUL,3304,SGN,3205,,0,738
MH,3378,KUL,3304,SBW,3267,,0,738
MH,3378,KUL,3304,BKI,3269,,0,734 738
MH,3378,KUL,3304,LBU,3270,,0,738 734
MH,3378,KUL,3304,BWN,3272,,0,738
MH,3378,KUL,3304,CGK,3275,,0,738
MH,3378,KUL,3304,TGG,3307,,0,734 738
MH,3378,KUL,3304,ICN,3930,,0,333
MH,3378,LGK,3305,KUL,3304,,0,738 734
MH,3378,LGK,3305,SZB,3408,Y,0,AT7
MH,3378,PEN,3308,USM,3177,Y,0,AT7
MH,3378,PEN,3308,BTJ,3294,Y,0,AT7
MH,3378,PEN,3308,KUL,3304,,0,734 738
MH,3378,SIN,3316,KCH,3263,,0,738
MH,3378,SIN,3316,IPH,3302,Y,0,AT7
MH,3378,SIN,3316,KUL,3304,,0,738 319 320
MH,3378,SIN,3316,LGK,3305,Y,0,320 319
MH,3378,SIN,3316,PEN,3308,Y,0,320 738 319
MH,3378,SIN,3316,SZB,3408,Y,0,AT7
MH,3378,ADL,3341,KUL,3304,,0,333
MH,3378,SYD,3361,KUL,3304,,0,333
MH,3378,KMG,3382,KUL,3304,,0,738
MH,3378,FOC,3385,KUL,3304,,0,738
MH,3378,PVG,3406,BKI,3269,,0,738
MH,3378,SZB,3408,PKU,3273,Y,0,AT7
MH,3378,SZB,3408,AOR,3296,Y,0,AT7
MH,3378,LAX,3484,NRT,2279,,0,773
MH,3378,MIA,3576,LHR,507,,0,777
MH,3378,ATL,3682,ORD,3830,Y,0,E75 CR7
MH,3378,JFK,3797,LHR,507,,0,777
MH,3378,ORD,3830,NRT,2279,,0,777
MH,3378,BKK,3885,BAH,2057,,0,330 332
MH,3378,BKK,3885,AMM,2170,Y,0,330
MH,3378,BKK,3885,KUL,3304,,0,738
MH,3378,BTH,3903,SZB,3408,Y,0,AT7
MH,3378,CNX,3931,BKK,3885,Y,0,320
MH,3378,CEI,3932,BKK,3885,Y,0,320
MH,3378,DRW,3999,KUL,3304,,0,738
MH,3378,SDK,4141,BKI,3269,,0,738 AT7
MH,3378,LGL,6215,MYY,3266,Y,0,DHT
MH,3378,ODN,6216,MUR,3265,Y,0,DHT
MH,3378,MKM,6217,KCH,3263,Y,0,DHT
MH,3378,LWY,6219,BKM,6218,Y,0,DHT
MH,3378,BBN,6220,MYY,3266,Y,0,DHT
MH,3378,LKH,6769,MUR,3265,Y,0,DHT
MH,3378,TGC,6770,KCH,3263,Y,0,AT7
MH,3378,DOH,11051,RUH,2082,Y,0,777
TF,3386,BRU,302,GOT,687,Y,0,AR1
TF,3386,BRU,302,BMA,738,Y,0,AR1
TF,3386,TXL,351,UME,728,,0,AR1
TF,3386,HEL,421,BMA,738,Y,0,ATR AT7
TF,3386,MMX,708,BMA,738,,0,AR8 AR1
TF,3386,MMX,708,VBY,746,Y,0,AT7
TF,3386,UME,728,BMA,738,,0,AR1 AR8
TF,3386,BMA,738,HEL,421,Y,0,ATR AT7
TF,3386,BMA,738,OSD,5593,,0,S20
TF,3386,BMA,738,AGH,5597,Y,0,AT7
TF,3386,VBY,746,BMA,738,Y,0,AT7 AR1
RI,3391,CGK,3275,PKU,3273,,0,320
RI,3391,CGK,3275,BKK,3885,,0,320
RI,3391,SIN,3316,CGK,3275,,0,320
RI,3391,SIN,3316,DPS,3940,,0,320
RI,3391,BKK,3885,CGK,3275,,0,320
RI,3391,DPS,3940,CGK,3275,,0,320
AE,3392,KHH,2264,HUN,2278,,0,E90
AE,3392,KHH,2264,CSX,3371,Y,0,333
AE,3392,KHH,2264,HGH,3386,Y,0,333
AE,3392,RMQ,2268,MZG,2272,,0,E90
AE,3392,RMQ,2268,CGO,3375,,0,E90
AE,3392,RMQ,2268,HGH,3386,,0,E90
AE,3392,RMQ,2268,MXZ,6354,,0,E90
AE,3392,MZG,2272,TSA,2275,,0,E90
AE,3392,TSA,2275,KNH,2259,,0,E90
AE,3392,TSA,2275,TTT,2262,,0,E90
AE,3392,TSA,2275,WNZ,6392,Y,0,738
AE,3392,TPE,2276,NGB,3387,Y,0,320 333 343
AE,3392,HUN,2278,KHH,2264,,0,E90
AE,3392,CSX,3371,TPE,2276,Y,0,320 738 333
AE,3392,CGO,3375,TPE,2276,Y,0,738 333
AE,3392,XMN,3383,TPE,2276,Y,0,738 343 333
AE,3392,NGB,3387,RMQ,2268,,0,E90
AE,3392,NGB,3387,TPE,2276,Y,0,320 333 343
AE,3392,NKG,3388,TPE,2276,Y,0,320 321 744
AE,3392,LJG,4033,TPE,2276,,0,738
AE,3392,MXZ,6354,RMQ,2268,,0,E90
AE,3392,YNZ,6393,TPE,2276,Y,0,738
JE,3393,BFN,794,CPT,797,,0,733 738
JE,3393,CPT,797,DUR,799,,0,738
JE,3393,CPT,797,HLA,820,,0,738
JE,3393,DUR,799,JNB,813,,0,738 733
JE,3393,JNB,813,PLZ,838,,0,733 738
JE,3393,HLA,820,CPT,797,,0,738
JE,3393,PLZ,838,CPT,797,,0,733
8M,3432,PNH,3034,RGN,3239,,0,319
8M,3432,RGN,3239,KUL,3304,,0,320
8M,3432,SIN,3316,RGN,3239,,0,320
8M,3432,CAN,3370,RGN,3239,,0,320
MW,3437,HNM,3445,OGG,3456,,0,CNA
MW,3437,OGG,3456,HNM,3445,,0,CNA
MW,3437,OGG,3456,KOA,3514,,0,CNA
MW,3437,OGG,3456,MUE,3545,,0,CNA
MW,3437,OGG,3456,MKK,3705,,0,CNA
MW,3437,OGG,3456,HNL,3728,,0,CNA
MW,3437,OGG,3456,LNY,3851,,0,CNA
MW,3437,KOA,3514,OGG,3456,,0,CNA
MW,3437,MKK,3705,OGG,3456,,0,CNA
MW,3437,JHM,3796,KOA,3514,,0,CNA
MW,3437,LNY,3851,OGG,3456,,0,CNA
IG,3463,FRA,340,CTA,1509,Y,0,320
IG,3463,DUS,345,FCO,1555,Y,0,320
IG,3463,MUC,346,BDS,1506,Y,0,320
IG,3463,MUC,346,OLB,1520,Y,0,320
IG,3463,STR,350,CTA,1509,Y,0,320
IG,3463,STR,350,VCE,1551,Y,0,320
IG,3463,STR,350,NAP,1561,Y,0,320
IG,3463,TXL,351,FCO,1555,Y,0,320
IG,3463,TXL,351,NAP,1561,Y,0,320
IG,3463,LGW,502,OLB,1520,,0,320
IG,3463,MRU,893,FCO,1555,,0,767
IG,3463,TFS,1056,FCO,1555,,0,320
IG,3463,DKR,1084,MXP,1524,Y,0,737 767
IG,3463,TIA,1190,VRN,1550,,0,320
IG,3463,CDG,1382,PMO,1512,,0,319
IG,3463,CTA,1509,TXL,351,Y,0,320
IG,3463,CTA,1509,LIN,1529,,0,737 M80
IG,3463,CTA,1509,VRN,1550,,0,737 320
IG,3463,CTA,1509,ZRH,1678,Y,0,320
IG,3463,CAG,1519,DUS,345,,0,320
IG,3463,CAG,1519,TRN,1526,,0,M80
IG,3463,CAG,1519,BLQ,1538,,0,M80
IG,3463,CAG,1519,VRN,1550,,0,M80
IG,3463,OLB,1520,HAM,342,,0,320
IG,3463,OLB,1520,CGN,344,,0,320
IG,3463,OLB,1520,DUS,345,Y,0,320
IG,3463,OLB,1520,MUC,346,Y,0,320
IG,3463,OLB,1520,TXL,351,Y,0,320
IG,3463,OLB,1520,TRN,1526,,0,M80
IG,3463,OLB,1520,LIN,1529,,0,M80
IG,3463,MXP,1524,MRU,893,,0,767
IG,3463,MXP,1524,FUE,1051,,0,737
IG,3463,MXP,1524,TFS,1056,,0,320
IG,3463,MXP,1524,DKR,1084,,0,737 767
IG,3463,MXP,1524,TIA,1190,,0,320
IG,3463,MXP,1524,TLV,1590,Y,0,320 737
IG,3463,MXP,1524,VIE,1613,,0,320
IG,3463,TRN,1526,CTA,1509,,0,737
IG,3463,TRN,1526,NAP,1561,,0,737
IG,3463,LIN,1529,OLB,1520,,0,M80
IG,3463,LIN,1529,NAP,1561,,0,M80 737
IG,3463,VRN,1550,CTA,1509,,0,M80 737 320
IG,3463,VRN,1550,OLB,1520,,0,M80
IG,3463,FCO,1555,MLA,1606,Y,0,319
IG,3463,FCO,1555,LRM,1759,,0,767
IG,3463,NAP,1561,DUS,345,Y,0,320
IG,3463,NAP,1561,TXL,351,Y,0,320
IG,3463,NAP,1561,LGW,502,,0,737
IG,3463,NAP,1561,CTA,1509,,0,320 737 M80
IG,3463,NAP,1561,VRN,1550,,0,737 320 M80
IG,3463,NAP,1561,TLV,1590,,0,737
IG,3463,NAP,1561,KBP,2939,,0,737
IG,3463,FLR,1563,DUS,345,Y,0,320
IG,3463,TLV,1590,NAP,1561,,0,737
IG,3463,MLA,1606,LIN,1529,Y,0,319
IG,3463,VIE,1613,MXP,1524,,0,320
IG,3463,OMO,1645,BGY,1525,,0,320
IG,3463,ZRH,1678,BDS,1506,Y,0,320
IG,3463,ZRH,1678,NAP,1561,,0,320
IG,3463,KBP,2939,NAP,1561,,0,737
ME,3490,ACC,248,ABJ,253,,0,332
ME,3490,ABJ,253,ACC,248,,0,332
ME,3490,BRU,302,BEY,2177,,0,320
ME,3490,MXP,1524,BEY,2177,,0,320
ME,3490,FCO,1555,BEY,2177,,0,32S 319 320
ME,3490,OTP,1657,BEY,2177,Y,0,73W
ME,3490,DMM,2064,BEY,2177,,0,320
ME,3490,AMM,2170,BEY,2177,,0,321 320
ME,3490,BEY,2177,TUN,287,Y,0,320
ME,3490,BEY,2177,FRA,340,,0,320
ME,3490,BEY,2177,LHR,507,,0,320 332
ME,3490,BEY,2177,MXP,1524,,0,320
ME,3490,BEY,2177,FCO,1555,,0,32S 320 319
ME,3490,BEY,2177,OTP,1657,,0,73W
ME,3490,BEY,2177,JED,2072,,0,320 332
ME,3490,BEY,2177,KWI,2176,,0,320
ME,3490,BEY,2177,SVO,2985,,0,320 319
ME,3490,BEY,2177,EBL,3989,,0,321 320
ME,3490,BEY,2177,NJF,7490,,0,321
ME,3490,DXB,2188,BEY,2177,,0,332 320
ME,3490,BSR,2234,BEY,2177,,0,320
ME,3490,EBL,3989,BEY,2177,,0,321 320
ME,3490,BGW,4130,BEY,2177,,0,321 320
MY,3498,BZE,1957,SPR,4279,,0,CNC
MY,3498,BZE,1957,TZA,6463,,0,CNC
MY,3498,BZE,1957,DGA,7287,,0,CNC
MY,3498,SPR,4279,CZH,7029,,0,CNC
MY,3498,PND,5455,INB,9757,,0,CNC
MY,3498,CZH,7029,SPR,4279,,0,CNC
MY,3498,DGA,7287,SVK,9756,,0,CNC
MY,3498,DGA,7287,INB,9757,,0,CNC
MY,3498,PLJ,7288,DGA,7287,,0,CNC
MY,3498,PLJ,7288,SVK,9756,,0,CNC
8I,3534,VLN,2868,AUA,2895,,0,M82
YM,3539,LGW,502,TIV,1743,,0,100
YM,3539,FCO,1555,TGD,1741,,0,E75 100
YM,3539,LJU,1569,TGD,1741,,0,100
YM,3539,ZRH,1678,TGD,1741,,0,100
YM,3539,BEG,1739,TIV,1743,,0,100
YM,3539,TGD,1741,CDG,1382,,0,100
YM,3539,TGD,1741,FCO,1555,,0,E75 100
YM,3539,TGD,1741,DME,4029,,0,E95
YM,3539,TIV,1743,DME,4029,,0,E95
YM,3539,DME,4029,TGD,1741,,0,E95
3R,3545,TIV,1743,DME,4029,,0,SU9 73G
3R,3545,DME,4029,TIV,1743,,0,SU9 73G
3R,3545,DME,4029,BHK,2980,,0,734
3R,3545,DME,4029,SKD,2981,,0,734
3R,3545,DME,4029,FEG,6149,,0,734
3R,3545,DME,4029,KSQ,6153,,0,734
3R,3545,DME,4029,EGO,6156,,0,SU9
3R,3545,EGO,6156,DME,4029,,0,SU9
M9,3547,VKO,2988,OZH,6103,,0,AN4
M9,3547,OZH,6103,IEV,2944,,0,AN4
M9,3547,UDJ,6109,IEV,2944,,0,A40
NHG,3574,CCM,2541,FLN,2555,,0,L4T
NHG,3574,CWB,2545,GPB,7383,,0,L4T
NHG,3574,FLN,2555,JCB,7384,,0,L4T
NHG,3574,GEL,2596,RIA,6040,,0,L4T
NHG,3574,POA,2599,ERM,6477,,0,L4T
NHG,3574,PET,2603,POA,2599,,0,L4T
NHG,3574,URG,2632,RIA,6040,,0,L4T
NHG,3574,RIA,6040,GEL,2596,,0,L4T
NHG,3574,RIA,6040,URG,2632,,0,L4T
NHG,3574,JCB,7384,ERM,6477,,0,L4T
NHG,3574,JCB,7384,CFC,8244,,0,L4T
UE,3589,JED,2072,ASM,3967,,0,320
UE,3589,ASM,3967,JED,2072,,0,320
UE,3589,ASM,3967,ADE,3977,,0,320
UE,3589,ASM,3967,NBO,4059,,0,320
CE,3613,BOD,1264,BES,1403,,0,BEH
CE,3613,LIG,1270,LYS,1335,,0,ATR
CE,3613,AVN,1361,LIG,1270,,0,ATR
ON,3618,TRW,1965,MAJ,2249,,0,733
ON,3618,MAJ,2249,TRW,1965,,0,733
RA,3637,KTM,3125,DOH,11051,,0,757
RA,3637,KUL,3304,KTM,3125,,0,757
RA,3637,BKK,3885,KTM,3125,,0,757
RA,3637,DOH,11051,KTM,3125,,0,757
2N,3652,MHQ,442,TKU,460,,0,SF3
2N,3652,POR,448,ARN,737,,0,SF3
2N,3652,TRF,664,ARN,737,,0,SF3
2N,3652,HAD,709,JKG,688,,0,ATP SF3
2N,3652,VXO,711,OSL,644,,0,SF3
2N,3652,VXO,711,ARN,737,,0,SF3
2N,3652,VHM,729,HMV,5599,,0,SF3
2N,3652,ARN,737,MHQ,442,,0,SF3
2N,3652,ARN,737,POR,448,,0,SF3
2N,3652,ARN,737,TRF,664,,0,SF3
2N,3652,ARN,737,KRF,718,,0,ATP
2N,3652,VBY,746,ARN,737,,0,SF3 ATP
HG,3661,FRA,340,VIE,1613,,0,E90 320
HG,3661,MUC,346,VIE,1613,,0,E90
HG,3661,FUE,1051,SZG,1612,,0,320
HG,3661,LPA,1054,SZG,1612,,0,320
HG,3661,TFS,1056,GRZ,1609,,0,320
HG,3661,TFS,1056,SZG,1612,,0,320
HG,3661,TFS,1056,VIE,1613,,0,320
HG,3661,HRG,1130,VIE,1613,,0,320 321
HG,3661,MAD,1229,VIE,1613,,0,320
HG,3661,NCE,1354,VIE,1613,,0,E90
HG,3661,CDG,1382,VIE,1613,,0,320
HG,3661,HER,1452,LNZ,1611,,0,321
HG,3661,KLX,1456,VIE,1613,,0,320 E90
HG,3661,PVK,1470,VIE,1613,,0,E90
HG,3661,CHQ,1474,VIE,1613,,0,320
HG,3661,JTR,1479,VIE,1613,,0,321 320 E90
HG,3661,MXP,1524,VIE,1613,,0,E90
HG,3661,FCO,1555,VIE,1613,,0,320 E90 321
HG,3661,INN,1610,PMI,3998,,0,320
HG,3661,LNZ,1611,HER,1452,,0,321
HG,3661,LNZ,1611,PMI,3998,,0,320
HG,3661,SZG,1612,ACE,1055,,0,320
HG,3661,SZG,1612,CLY,1322,,0,320
HG,3661,SZG,1612,PMI,3998,,0,320
HG,3661,VIE,1613,MUC,346,,0,E90
HG,3661,VIE,1613,LCA,1197,,0,320
HG,3661,VIE,1613,MAD,1229,,0,320
HG,3661,VIE,1613,AGP,1230,,0,321 320
HG,3661,VIE,1613,VLC,1246,,0,320
HG,3661,VIE,1613,CDG,1382,,0,320
HG,3661,VIE,1613,CFU,1460,,0,320
HG,3661,VIE,1613,RHO,1472,,0,320 E90
HG,3661,VIE,1613,JTR,1479,,0,321 320 E90
HG,3661,VIE,1613,PMI,3998,,0,321 320 E90
HG,3661,VIE,1613,DME,4029,,0,320 E90
HG,3661,VIE,1613,FNC,4091,,0,321
HG,3661,AYT,1688,SZG,1612,,0,321
HG,3661,AYT,1688,VIE,1613,,0,321
HG,3661,PMI,3998,GRZ,1609,,0,320
HG,3661,PMI,3998,INN,1610,,0,320
HG,3661,PMI,3998,SZG,1612,,0,320
HG,3661,PMI,3998,VIE,1613,,0,320 321 E90
HG,3661,DME,4029,VIE,1613,,0,320 E90
HG,3661,FNC,4091,VIE,1613,,0,321
DD,3674,DMK,3157,KBV,3174,,0,738
DD,3674,DMK,3157,UNN,3180,,0,ATR
DD,3674,DMK,3157,TST,3182,,0,738
DD,3674,DMK,3157,CEI,3932,,0,738
DD,3674,DMK,3157,NNT,4131,,0,ATR
DD,3674,DMK,3157,ROI,4132,,0,738
DD,3674,KBV,3174,DMK,3157,,0,738
DD,3674,HKT,3179,DMK,3157,,0,738
DD,3674,UNN,3180,DMK,3157,,0,ATR
DD,3674,UTH,3183,DMK,3157,,0,738
DD,3674,CNX,3931,DMK,3157,,0,738
DD,3674,CNX,3931,UTH,3183,,0,738
DD,3674,URT,4000,DMK,3157,,0,738
DD,3674,NNT,4131,DMK,3157,,0,ATR
DD,3674,ROI,4132,DMK,3157,,0,738
DD,3674,BFV,4133,DMK,3157,,0,ATR
DD,3674,CJM,4300,DMK,3157,,0,ATR
U7,3721,BJM,1120,EBB,1187,,0,CRJ
U7,3721,KGL,1165,EBB,1187,,0,CRJ
U7,3721,DAR,1177,EBB,1187,,0,CRJ
U7,3721,JRO,1180,EBB,1187,,0,CRJ
U7,3721,EBB,1187,KGL,1165,,0,CRJ
J3,3734,YEG,49,YMM,90,,0,J31
J3,3734,YLW,87,YQF,112,,0,J31
J3,3734,YPY,109,YMM,90,,0,J31
J3,3734,YQF,112,YMM,90,,0,J31
J3,3734,YZF,196,YSM,136,,0,J31
DY,3737,KEF,16,BGO,636,,0,73H
DY,3737,KEF,16,OSL,644,,0,733
DY,3737,SXF,337,BGO,636,,0,73H
DY,3737,SXF,337,TRD,665,,0,73H
DY,3737,SXF,337,SVG,666,,0,73H
DY,3737,SXF,337,TFS,1056,,0,73H
DY,3737,HAM,342,OSL,644,,0,73H
DY,3737,HAM,342,AGP,1230,,0,73H
DY,3737,CGN,344,AGP,1230,,0,73H
DY,3737,MUC,346,TFS,1056,,0,73H
DY,3737,HEL,421,LGW,502,,0,73H
DY,3737,HEL,421,DUB,599,,0,73H
DY,3737,HEL,421,BOJ,1191,,0,73H
DY,3737,HEL,421,DBV,1200,,0,73H
DY,3737,HEL,421,SPU,1206,,0,73H
DY,3737,HEL,421,AGP,1230,,0,73H
DY,3737,HEL,421,NCE,1354,,0,73H
DY,3737,HEL,421,CHQ,1474,,0,73H
DY,3737,HEL,421,BUD,1489,,0,73H
DY,3737,HEL,421,FCO,1555,,0,73H
DY,3737,MAN,478,OSL,644,,0,73H
DY,3737,MAN,478,ARN,737,,0,73H
DY,3737,LGW,502,CPH,609,,0,73H
DY,3737,LGW,502,SVG,666,,0,73H
DY,3737,LGW,502,ACE,1055,,0,73H
DY,3737,LGW,502,TFS,1056,,0,73H
DY,3737,LGW,502,SPU,1206,,0,73H
DY,3737,LGW,502,ALC,1212,,0,73H
DY,3737,LGW,502,BCN,1218,,0,73H
DY,3737,LGW,502,IBZ,1225,,0,73H
DY,3737,LGW,502,NCE,1354,,0,73H
DY,3737,LGW,502,CTA,1509,,0,73H
DY,3737,LGW,502,PMI,3998,,0,73H
DY,3737,EDI,535,OSL,644,,0,73H
DY,3737,DUB,599,HEL,421,,0,73H
DY,3737,DUB,599,OSL,644,,0,73H
DY,3737,BLL,608,ALC,1212,,0,73H
DY,3737,CPH,609,HEL,421,,0,73H
DY,3737,CPH,609,LGW,502,,0,73H
DY,3737,CPH,609,AMS,580,,0,73H
DY,3737,CPH,609,DUB,599,,0,73H
DY,3737,CPH,609,KRP,612,,0,AT7
DY,3737,CPH,609,BGO,636,,0,73H
DY,3737,CPH,609,KRK,669,,0,73H
DY,3737,CPH,609,ARN,737,,0,73H
DY,3737,CPH,609,BUD,1489,,0,73H
DY,3737,CPH,609,FCO,1555,,0,73H
DY,3737,CPH,609,PSA,1562,,0,73H
DY,3737,CPH,609,TLV,1590,,0,73H
DY,3737,CPH,609,FAO,1626,,0,73H
DY,3737,CPH,609,ATH,3941,,0,73H
DY,3737,KRP,612,CPH,609,,0,AT7
DY,3737,BGO,636,LGW,502,,0,73H
DY,3737,BGO,636,EDI,535,,0,73H
DY,3737,BGO,636,CPH,609,,0,73H
DY,3737,BGO,636,TRF,664,,0,73H
DY,3737,BGO,636,SVG,666,,0,73H
DY,3737,BGO,636,ARN,737,,0,73H
DY,3737,BGO,636,DBV,1200,,0,73H
DY,3737,BGO,636,ALC,1212,,0,73H
DY,3737,BGO,636,AGP,1230,,0,73H
DY,3737,BGO,636,CHQ,1474,,0,73H
DY,3737,BGO,636,AYT,1688,,0,73H
DY,3737,KRS,638,OSL,644,,0,733 73H
DY,3737,EVE,641,OSL,644,,0,73H 733
DY,3737,OSL,644,SXF,337,,0,73H
DY,3737,OSL,644,CPH,609,,0,73H 733
DY,3737,OSL,644,AES,630,,0,733 73H
DY,3737,OSL,644,ALF,632,,0,733
DY,3737,OSL,644,BOO,635,,0,73H
DY,3737,OSL,644,BGO,636,,0,73H 733
DY,3737,OSL,644,KKN,649,,0,733
DY,3737,OSL,644,TOS,663,,0,73H 733
DY,3737,OSL,644,TRD,665,,0,733 73H
DY,3737,OSL,644,SVG,666,,0,73H 733
DY,3737,OSL,644,SZZ,676,,0,733
DY,3737,OSL,644,WAW,679,,0,733 73H
DY,3737,OSL,644,RAK,1075,,0,73H
DY,3737,OSL,644,LCA,1197,,0,73H
DY,3737,OSL,644,SPU,1206,,0,73H
DY,3737,OSL,644,ALC,1212,,0,73H
DY,3737,OSL,644,BCN,1218,,0,73H
DY,3737,OSL,644,AGP,1230,,0,73H
DY,3737,OSL,644,ORY,1386,,0,73H 733
DY,3737,OSL,644,VIE,1613,,0,733
DY,3737,OSL,644,GVA,1665,,0,733
DY,3737,OSL,644,BTS,1745,,0,73H 733
DY,3737,OSL,644,FLL,3533,Y,0,788
DY,3737,OSL,644,BKK,3885,Y,0,788
DY,3737,OSL,644,RIX,3953,,0,733 73H
DY,3737,OSL,644,PLQ,3958,,0,733
DY,3737,OSL,644,VNO,3959,,0,73H 733
DY,3737,TOS,663,ALF,632,,0,733
DY,3737,TOS,663,OSL,644,,0,73H 733
DY,3737,TOS,663,TRD,665,,0,73H
DY,3737,TRF,664,BGO,636,,0,73H
DY,3737,TRF,664,ALC,1212,,0,73H
DY,3737,TRF,664,BCN,1218,,0,73H
DY,3737,TRD,665,SXF,337,,0,73H
DY,3737,TRD,665,TOS,663,,0,73H
DY,3737,TRD,665,TRF,664,,0,73H
DY,3737,TRD,665,AGP,1230,,0,73H
DY,3737,TRD,665,RIX,3953,,0,73H
DY,3737,SVG,666,BGO,636,,0,73H
DY,3737,SVG,666,OSL,644,,0,73H 733
DY,3737,SVG,666,WAW,679,,0,73H
DY,3737,KRK,669,SVG,666,,0,73H
DY,3737,SZZ,676,OSL,644,,0,733
DY,3737,WAW,679,OSL,644,,0,733 73H
DY,3737,WAW,679,SVG,666,,0,73H
DY,3737,WAW,679,BCN,1218,,0,73H
DY,3737,WAW,679,AGP,1230,,0,73H
DY,3737,GOT,687,NCE,1354,,0,73H
DY,3737,MMX,708,ARN,737,,0,73H
DY,3737,ARN,737,HEL,421,,0,73H
DY,3737,ARN,737,CPH,609,,0,73H
DY,3737,ARN,737,BGO,636,,0,73H
DY,3737,ARN,737,OSL,644,,0,73H 733
DY,3737,ARN,737,SPU,1206,,0,73H
DY,3737,ARN,737,ALC,1212,,0,73H
DY,3737,ARN,737,AJA,1324,,0,73H
DY,3737,ARN,737,CHQ,1474,,0,73H
DY,3737,ARN,737,VCE,1551,,0,73H
DY,3737,ARN,737,FCO,1555,,0,73H
DY,3737,ARN,737,TLV,1590,,0,73H
DY,3737,ARN,737,BKK,3885,Y,0,788
DY,3737,ARN,737,RIX,3953,,0,73H
DY,3737,ARN,737,PMI,3998,,0,73H
DY,3737,FUE,1051,LGW,502,,0,73H
DY,3737,LPA,1054,CPH,609,,0,73H
DY,3737,TFS,1056,CGN,344,,0,73H
DY,3737,TFS,1056,MUC,346,,0,73H
DY,3737,TFS,1056,LGW,502,,0,73H
DY,3737,TFS,1056,OSL,644,,0,73H
DY,3737,BOJ,1191,CPH,609,,0,73H
DY,3737,LCA,1197,LGW,502,,0,73H
DY,3737,DBV,1200,HEL,421,,0,73H
DY,3737,DBV,1200,OSL,644,,0,73H
DY,3737,DBV,1200,TRF,664,,0,73H
DY,3737,SPU,1206,ARN,737,,0,73H
DY,3737,ALC,1212,HEL,421,,0,73H
DY,3737,ALC,1212,OUL,446,,0,73H
DY,3737,ALC,1212,TKU,460,,0,73H
DY,3737,ALC,1212,AAL,628,,0,73H
DY,3737,ALC,1212,MOL,651,,0,73H
DY,3737,ALC,1212,RYG,657,,0,73H
DY,3737,ALC,1212,TOS,663,,0,73H
DY,3737,ALC,1212,TRF,664,,0,73H
DY,3737,ALC,1212,TRD,665,,0,73H
DY,3737,ALC,1212,UME,728,,0,73H
DY,3737,BIO,1216,OSL,644,,0,73H
DY,3737,BCN,1218,HEL,421,,0,73H
DY,3737,BCN,1218,BGO,636,,0,73H
DY,3737,BCN,1218,GOT,687,,0,73H
DY,3737,BCN,1218,ARN,737,,0,73H
DY,3737,AGP,1230,HEL,421,,0,73H
DY,3737,AGP,1230,SVG,666,,0,73H
DY,3737,AGP,1230,WAW,679,,0,73H
DY,3737,AGP,1230,ARN,737,,0,73H
DY,3737,AJA,1324,OSL,644,,0,73H
DY,3737,AJA,1324,ARN,737,,0,73H
DY,3737,NCE,1354,LGW,502,,0,73H
DY,3737,NCE,1354,CPH,609,,0,73H
DY,3737,NCE,1354,TRF,664,,0,73H
DY,3737,NCE,1354,GOT,687,,0,73H
DY,3737,ORY,1386,HEL,421,,0,73H
DY,3737,ORY,1386,BGO,636,,0,73H
DY,3737,CHQ,1474,OSL,644,,0,733
DY,3737,BUD,1489,OSL,644,,0,733
DY,3737,BUD,1489,ARN,737,,0,73H
DY,3737,CTA,1509,LGW,502,,0,73H
DY,3737,CTA,1509,ARN,737,,0,73H
DY,3737,MXP,1524,OSL,644,,0,733 73H
DY,3737,VCE,1551,ARN,737,,0,73H
DY,3737,FCO,1555,HEL,421,,0,73H
DY,3737,FCO,1555,OSL,644,,0,73H 733
DY,3737,FCO,1555,ARN,737,,0,73H
DY,3737,PSA,1562,CPH,609,,0,73H
DY,3737,PSA,1562,OSL,644,,0,73H
DY,3737,TLV,1590,ARN,737,,0,73H
DY,3737,MLA,1606,CPH,609,,0,73H
DY,3737,MLA,1606,OSL,644,,0,73H
DY,3737,VIE,1613,OSL,644,,0,733
DY,3737,LIS,1638,OSL,644,,0,73H
DY,3737,SJJ,1646,ARN,737,,0,73H
DY,3737,GVA,1665,OSL,644,,0,733
DY,3737,BEG,1739,OSL,644,,0,733
DY,3737,BTS,1745,OSL,644,,0,73H 733
DY,3737,OAK,3453,ARN,737,Y,0,788
DY,3737,LAX,3484,ARN,737,Y,0,788
DY,3737,FLL,3533,CPH,609,Y,0,788
DY,3737,FLL,3533,OSL,644,Y,0,788
DY,3737,FLL,3533,ARN,737,Y,0,788
DY,3737,JFK,3797,CPH,609,Y,0,788
DY,3737,BKK,3885,OSL,644,Y,0,788
DY,3737,ATH,3941,HEL,421,,0,73H
DY,3737,ATH,3941,CPH,609,,0,73H
DY,3737,ATH,3941,OSL,644,,0,73H
DY,3737,RIX,3953,TRD,665,,0,73H
DY,3737,RIX,3953,ARN,737,,0,73H
DY,3737,PMI,3998,LGW,502,,0,73H
DY,3737,PMI,3998,OSL,644,,0,73H
BJ,3740,TUN,287,LYS,1335,,0,320
BJ,3740,DJE,293,MUC,346,,0,321
BJ,3740,DJE,293,LYS,1335,,0,321 320
BJ,3740,DUS,345,NBE,7447,,0,320
BJ,3740,MUC,346,DJE,293,,0,321
BJ,3740,LYS,1335,MIR,286,,0,320
BJ,3740,LYS,1335,TUN,287,,0,320
BJ,3740,CDG,1382,TUN,287,,0,320
BJ,3740,LIL,1399,DJE,293,,0,321
BJ,3740,NTE,1418,TUN,287,,0,320
BJ,3740,DME,4029,NBE,7447,,0,320
BJ,3740,NBE,7447,DME,4029,,0,320
XY,3754,KRT,1175,JED,2072,,0,320
XY,3754,KRT,1175,MED,2074,,0,320
XY,3754,KRT,1175,RUH,2082,,0,320
XY,3754,ADA,1685,JED,2072,,0,320
XY,3754,AHB,2059,JED,2072,,0,320
XY,3754,AHB,2059,RUH,2082,,0,320
XY,3754,DMM,2064,RUH,2082,,0,320
XY,3754,DMM,2064,YNB,2096,,0,320
XY,3754,DMM,2064,AUH,2179,Y,0,320 319
XY,3754,GIZ,2066,RUH,2082,,0,320
XY,3754,JED,2072,MAN,478,,0,330
XY,3754,JED,2072,CMN,1074,,0,330
XY,3754,JED,2072,ASW,1136,,0,320
XY,3754,JED,2072,KRT,1175,,0,320
XY,3754,JED,2072,ADA,1685,,0,320
XY,3754,JED,2072,GIZ,2066,,0,320
XY,3754,JED,2072,MED,2074,,0,320
XY,3754,JED,2072,AMM,2170,,0,320
XY,3754,JED,2072,KWI,2176,,0,320
XY,3754,JED,2072,DXB,2188,,0,320
XY,3754,JED,2072,ISB,2223,,0,330
XY,3754,JED,2072,HBE,3410,,0,320
XY,3754,JED,2072,SAW,4317,,0,320
XY,3754,JED,2072,HMB,8235,,0,320
XY,3754,MED,2074,GIZ,2066,,0,320
XY,3754,MED,2074,JED,2072,,0,320 747
XY,3754,RUH,2082,GIZ,2066,,0,320
XY,3754,RUH,2082,AUH,2179,Y,0,320 346 332 77W
XY,3754,RUH,2082,HBE,3410,,0,320
XY,3754,RUH,2082,SSH,4057,,0,320
XY,3754,RUH,2082,SAW,4317,,0,320
XY,3754,RUH,2082,HMB,8235,,0,320
XY,3754,AMM,2170,MED,2074,,0,320
XY,3754,KWI,2176,RUH,2082,,0,320
XY,3754,KWI,2176,TIF,2090,,0,320
XY,3754,AUH,2179,DMM,2064,Y,0,320 319
XY,3754,AUH,2179,MED,2074,Y,0,320
XY,3754,AUH,2179,RUH,2082,Y,0,320 346 332 77W
XY,3754,KUL,3304,JED,2072,,0,330
XY,3754,HBE,3410,JED,2072,,0,320
XY,3754,SSH,4057,RUH,2082,,0,320
XY,3754,SAW,4317,JED,2072,,0,320
XY,3754,SAW,4317,MED,2074,,0,320
XY,3754,SAW,4317,RUH,2082,,0,320
XY,3754,HTY,7453,JED,2072,,0,320
O6,3764,BSB,2531,AJU,2522,,0,318
O6,3764,BSB,2531,CNF,2537,,0,100
O6,3764,BSB,2531,CGR,2538,,0,318
O6,3764,BSB,2531,GIG,2560,,0,318
O6,3764,BSB,2531,IOS,2569,,0,100
O6,3764,BSB,2531,JPA,2575,,0,319
O6,3764,BSB,2531,MCZ,2590,,0,318
O6,3764,BSB,2531,NAT,2597,,0,319
O6,3764,BSB,2531,CGH,2618,,0,318 319 100
O6,3764,BSB,2531,SSA,2621,,0,318
O6,3764,CGR,2538,CGB,2548,,0,100
O6,3764,XAP,2539,FLN,2555,,0,318
O6,3764,CGB,2548,GRU,2564,,0,318
O6,3764,FLN,2555,GIG,2560,,0,318
O6,3764,FLN,2555,POA,2599,,0,320
O6,3764,FOR,2559,GRU,2564,,0,320 318
O6,3764,GIG,2560,BSB,2531,,0,318
O6,3764,GIG,2560,GRU,2564,,0,318
O6,3764,GIG,2560,REC,2610,,0,318
O6,3764,GRU,2564,BSB,2531,,0,320 318
O6,3764,GRU,2564,CGB,2548,,0,318
O6,3764,GRU,2564,MCZ,2590,,0,318
O6,3764,GRU,2564,NAT,2597,,0,320
O6,3764,GRU,2564,PFB,2602,,0,100
O6,3764,GRU,2564,REC,2610,,0,320 318
O6,3764,IOS,2569,SSA,2621,,0,100
O6,3764,MCZ,2590,GRU,2564,,0,318
O6,3764,MCZ,2590,SSA,2621,,0,320
O6,3764,POA,2599,FLN,2555,,0,320
O6,3764,POA,2599,GIG,2560,,0,318
O6,3764,REC,2610,BSB,2531,,0,318
O6,3764,REC,2610,PNZ,2604,,0,320
O6,3764,SDU,2612,BSB,2531,,0,318 319
O6,3764,CGH,2618,BSB,2531,,0,318 319 100
O6,3764,CGH,2618,SDU,2612,,0,319
O6,3764,SSA,2621,AJU,2522,,0,318
O6,3764,SSA,2621,GIG,2560,,0,320
O6,3764,SSA,2621,GRU,2564,,0,320 318
O6,3764,SSA,2621,REC,2610,,0,320
O6,3764,SSA,2621,SDU,2612,,0,319
OA,3776,LHR,507,ATH,3941,Y,0,321
OA,3776,TIA,1190,ATH,3941,,0,DH4
OA,3776,SOF,1194,ATH,3941,,0,DH4
OA,3776,MAD,1229,ATH,3941,Y,0,320
OA,3776,MRS,1353,ATH,3941,Y,0,320
OA,3776,CDG,1382,ATH,3941,Y,0,321 320
OA,3776,JKH,1450,ATH,3941,Y,0,DH4 319
OA,3776,IOA,1451,ATH,3941,Y,0,DH4
OA,3776,HER,1452,ATH,3941,Y,0,321 DH4 320
OA,3776,KIT,1454,ATH,3941,,0,DH4
OA,3776,AOK,1459,RHO,1472,,0,DH8
OA,3776,LXS,1465,ATH,3941,Y,0,DH4
OA,3776,MJT,1469,SKG,1486,,0,320
OA,3776,MJT,1469,ATH,3941,Y,0,320 DH4
OA,3776,RHO,1472,KGS,1458,,0,DH8
OA,3776,RHO,1472,AOK,1459,,0,DH8
OA,3776,RHO,1472,KZS,4196,,0,DH8
OA,3776,CHQ,1474,SKG,1486,Y,0,320
OA,3776,CHQ,1474,ATH,3941,Y,0,320 DH4
OA,3776,SMI,1476,ATH,3941,Y,0,DH4
OA,3776,JSH,1480,KSJ,1461,,0,DH8
OA,3776,SKG,1486,MJT,1469,,0,320
OA,3776,SKG,1486,RHO,1472,Y,0,320
OA,3776,MXP,1524,ATH,3941,Y,0,320
OA,3776,FCO,1555,ATH,3941,Y,0,320
OA,3776,BEG,1739,ATH,3941,,0,DH4
OA,3776,ATH,3941,MAN,478,Y,0,320
OA,3776,ATH,3941,SOF,1194,,0,DH4
OA,3776,ATH,3941,MRS,1353,Y,0,320
OA,3776,ATH,3941,JKH,1450,Y,0,DH4 319
OA,3776,ATH,3941,IOA,1451,Y,0,DH4
OA,3776,ATH,3941,KIT,1454,,0,DH4
OA,3776,ATH,3941,EFL,1455,Y,0,DH4
OA,3776,ATH,3941,KGS,1458,Y,0,320 DH4
OA,3776,ATH,3941,LXS,1465,Y,0,DH4
OA,3776,ATH,3941,RHO,1472,Y,0,320 DH4
OA,3776,ATH,3941,MXP,1524,Y,0,320
OA,3776,ATH,3941,MLO,4193,,0,DH8
OA,3776,ATH,3941,JNX,4194,,0,DH8
OA,3776,ATH,3941,JSY,5787,,0,DH8
OA,3776,JKL,4192,LRS,1464,,0,DH8
OA,3776,JKL,4192,ATH,3941,,0,DH8
OA,3776,MLO,4193,ATH,3941,,0,DH8
OA,3776,JNX,4194,ATH,3941,,0,DH8
OA,3776,KZS,4196,RHO,1472,,0,DH8
WY,3778,MUC,346,MCT,2194,,0,333 332
WY,3778,LHR,507,MCT,2194,,0,333
WY,3778,CAI,1128,MCT,2194,,0,738
WY,3778,DAR,1177,MCT,2194,,0,738
WY,3778,ZNZ,1186,DAR,1177,,0,738
WY,3778,JED,2072,MCT,2194,,0,738
WY,3778,AMM,2170,MCT,2194,,0,73G 738
WY,3778,KWI,2176,MCT,2194,,0,E75 738 73G
WY,3778,DXB,2188,SLL,2195,,0,E75
WY,3778,MCT,2194,FRA,340,,0,333 332
WY,3778,MCT,2194,CAI,1128,,0,738
WY,3778,MCT,2194,BAH,2057,,0,E75 73G 738
WY,3778,MCT,2194,DMM,2064,,0,738 E75 73G
WY,3778,MCT,2194,AMM,2170,,0,73G 738
WY,3778,MCT,2194,KWI,2176,,0,E75 738 73G
WY,3778,MCT,2194,DXB,2188,,0,738 E75 332 73G 333
WY,3778,MCT,2194,BOM,2997,,0,738
WY,3778,MCT,2194,KTM,3125,,0,738
WY,3778,MCT,2194,COK,3136,,0,738
WY,3778,MCT,2194,MAA,3144,,0,738
WY,3778,MCT,2194,TRV,3153,,0,738
WY,3778,MCT,2194,BKK,3885,,0,332 333
WY,3778,LHE,2207,MCT,2194,,0,73G 333 738
WY,3778,CMB,3024,MCT,2194,,0,333 32C 332 738
WY,3778,CMB,3024,MLE,3156,Y,0,32C 343
WY,3778,CGP,3069,MCT,2194,,0,738
WY,3778,COK,3136,MCT,2194,,0,738
WY,3778,CCJ,3137,MCT,2194,,0,738
WY,3778,MAA,3144,MCT,2194,,0,738
OY,3781,AEP,2442,SLA,2476,,0,M82
OY,3781,AEP,2442,PMY,2492,,0,M82
8Q,3788,CDG,1382,IST,1701,,0,320
8Q,3788,ADA,1685,IST,1701,,0,320
8Q,3788,AYT,1688,SVO,2985,,0,321
8Q,3788,IST,1701,CDG,1382,,0,320
8Q,3788,IST,1701,DLM,1715,,0,320
8Q,3788,IST,1701,TZX,1726,,0,320
8Q,3788,IST,1701,ODS,2947,,0,320
8Q,3788,IST,1701,BJV,4315,,0,320
8Q,3788,DLM,1715,IST,1701,,0,320
8Q,3788,EZS,1721,IST,1701,,0,320
8Q,3788,TZX,1726,IST,1701,,0,320
8Q,3788,BJV,4315,IST,1701,,0,320
8Q,3788,ECN,5780,IST,1701,,0,320
R2,3805,DME,4029,REN,2991,,0,738
R2,3805,OSW,6164,DME,4029,,0,738
OX,3811,HKG,3077,BKK,3885,,0,M82
OX,3811,HKT,3179,DMK,3157,,0,M82
OJ,3826,KIN,1779,YYZ,193,,0,752
OJ,3826,KIN,1779,JFK,3797,,0,752
OJ,3826,JFK,3797,KIN,1779,,0,752
OJ,3826,GEO,4304,YYZ,193,,0,752
OJ,3826,GEO,4304,KIN,1779,,0,752
9Q,3835,PLS,1754,GDT,5807,,0,CNT
9Q,3835,GDT,5807,PLS,1754,,0,CNT
BL,3850,DAD,3196,HAN,3199,,0,320
BL,3850,HAN,3199,DAD,3196,,0,320
BL,3850,PQC,3204,SGN,3205,,0,320
BL,3850,SGN,3205,DAD,3196,,0,320
BL,3850,SGN,3205,HAN,3199,,0,320
BL,3850,SGN,3205,BMV,6187,,0,320
BL,3850,SGN,3205,CXR,6189,,0,320
BL,3850,VII,6195,SGN,3205,,0,320
8P,3856,YBL,30,ZEL,7275,,0,BE1
8P,3856,YQQ,119,YVR,156,,0,SF3 BE1
8P,3856,YVR,156,YWL,162,,0,BE1
8P,3856,YVR,156,YXC,164,,0,BE1
8P,3856,YVR,156,YZT,200,,0,SF3 BE1
8P,3856,YVR,156,QBC,6738,,0,BE1
8P,3856,YVR,156,YZZ,8223,,0,SF3 BE1
8P,3856,YWL,162,YVR,156,,0,BE1
8P,3856,YYJ,184,YVR,156,,0,BE1
8P,3856,ZMT,5545,YVR,156,,0,SF3
8P,3856,QBC,6738,YVR,156,,0,BE1
8P,3856,QBC,6738,YAA,5457,,0,BE1
Q8,3857,COO,245,BZV,883,,0,732
Q8,3857,COO,245,LBV,970,,0,732 733
Q8,3857,PNR,886,LBV,970,,0,733
Q8,3857,LBV,970,COO,245,,0,732 733
Q8,3857,LBV,970,BZV,883,,0,732
LW,3865,CNM,3597,ABQ,4019,,0,CNC
LW,3865,ABQ,4019,CNM,3597,,0,CNC
LW,3865,ABQ,4019,LAM,7584,,0,CNC
LW,3865,LNS,5751,IAD,3714,Y,0,PA2
LW,3865,HGR,6739,IAD,3714,Y,0,PA2
LW,3865,LAM,7584,ABQ,4019,,0,CNC
PK,3871,YYZ,193,LHE,2207,,0,777
PK,3871,YYZ,193,ISB,2223,,0,777
PK,3871,BHX,469,ISB,2223,,0,777
PK,3871,MAN,478,ISB,2223,,0,777
PK,3871,MAN,478,JFK,3797,,0,777
PK,3871,LHR,507,KHI,2206,,0,777
PK,3871,LHR,507,LHE,2207,,0,777
PK,3871,BCN,1218,LHE,2207,,0,310
PK,3871,BCN,1218,ISB,2223,,0,310
PK,3871,CDG,1382,ISB,2223,,0,777
PK,3871,DMM,2064,ISB,2223,,0,310
PK,3871,JED,2072,KHI,2206,,0,777 310
PK,3871,JED,2072,PEW,2219,,0,777
PK,3871,JED,2072,ISB,2223,,0,777
PK,3871,JED,2072,SKT,6776,,0,777
PK,3871,MED,2074,LHE,2207,,0,777
PK,3871,MED,2074,MUX,2214,,0,310
PK,3871,RUH,2082,KHI,2206,,0,777 310
PK,3871,RUH,2082,PEW,2219,,0,310
PK,3871,RUH,2082,ISB,2223,,0,777
PK,3871,RUH,2082,SKT,6776,,0,310
PK,3871,KWI,2176,PEW,2219,,0,73H
PK,3871,KWI,2176,SKT,6776,,0,310
PK,3871,AUH,2179,PEW,2219,,0,310
PK,3871,AUH,2179,RYK,2222,,0,737
PK,3871,AUH,2179,ISB,2223,,0,310
PK,3871,DXB,2188,KHI,2206,,0,73H 737
PK,3871,SHJ,2191,PEW,2219,,0,310 737 320
PK,3871,MCT,2194,LHE,2207,,0,737
PK,3871,MCT,2194,PEW,2219,,0,310
PK,3871,LYP,2202,KHI,2206,,0,320 73H 737
PK,3871,GWD,2203,MCT,2194,,0,ATR
PK,3871,GWD,2203,KHI,2206,,0,ATR
PK,3871,GWD,2203,TUK,5951,,0,ATR
PK,3871,KHI,2206,DMM,2064,,0,310 737
PK,3871,KHI,2206,DXB,2188,,0,73H 737
PK,3871,KHI,2206,SHJ,2191,,0,73H 310 737 320
PK,3871,KHI,2206,GWD,2203,,0,ATR
PK,3871,KHI,2206,MJD,2212,,0,ATR
PK,3871,KHI,2206,UET,2221,,0,310 ATR
PK,3871,KHI,2206,RYK,2222,,0,ATR 737
PK,3871,KHI,2206,SKZ,2227,,0,ATR 737
PK,3871,KHI,2206,DAC,3076,,0,777 320 73H
PK,3871,KHI,2206,DEL,3093,,0,73H
PK,3871,KHI,2206,KTM,3125,,0,310
PK,3871,KHI,2206,KUL,3304,,0,310
PK,3871,LHE,2207,YYZ,193,,0,777
PK,3871,LHE,2207,BAH,2057,,0,737
PK,3871,LHE,2207,DMM,2064,,0,310
PK,3871,LHE,2207,RUH,2082,,0,310
PK,3871,LHE,2207,KWI,2176,,0,73H 310
PK,3871,LHE,2207,DXB,2188,,0,73H
PK,3871,LHE,2207,KHI,2206,,0,320 310 73H 777 737
PK,3871,LHE,2207,MUX,2214,,0,737 ATR 320
PK,3871,LHE,2207,RYK,2222,,0,ATR
PK,3871,LHE,2207,DEA,5942,,0,737
PK,3871,MJD,2212,SKZ,2227,,0,ATR
PK,3871,MUX,2214,JED,2072,,0,310
PK,3871,MUX,2214,MED,2074,,0,310
PK,3871,MUX,2214,KHI,2206,,0,737 ATR 320 73H 310
PK,3871,MUX,2214,UET,2221,,0,ATR
PK,3871,PEW,2219,JED,2072,,0,777
PK,3871,PEW,2219,SHJ,2191,,0,310 737 320
PK,3871,PEW,2219,MCT,2194,,0,310
PK,3871,PEW,2219,KHI,2206,,0,310 737
PK,3871,PEW,2219,LHE,2207,,0,310 73H
PK,3871,PEW,2219,ISB,2223,,0,310 ATR
PK,3871,PEW,2219,KUL,3304,,0,310
PK,3871,PEW,2219,DSK,5943,,0,ATR
PK,3871,UET,2221,SHJ,2191,,0,737
PK,3871,UET,2221,ISB,2223,,0,310
PK,3871,UET,2221,PZH,2233,,0,ATR
PK,3871,UET,2221,TUK,5951,,0,ATR
PK,3871,RYK,2222,KHI,2206,,0,ATR 737
PK,3871,ISB,2223,MAN,478,,0,777
PK,3871,ISB,2223,MXP,1524,,0,777
PK,3871,ISB,2223,KBL,2050,,0,ATR
PK,3871,ISB,2223,DMM,2064,,0,310
PK,3871,ISB,2223,JED,2072,,0,777
PK,3871,ISB,2223,MCT,2194,,0,310
PK,3871,ISB,2223,GIL,2204,,0,ATR
PK,3871,ISB,2223,PEW,2219,,0,310 ATR
PK,3871,ISB,2223,SKZ,2227,,0,ATR
PK,3871,ISB,2223,PEK,3364,,0,310
PK,3871,ISB,2223,SKT,6776,,0,310
PK,3871,SKZ,2227,KHI,2206,,0,ATR 737
PK,3871,SKZ,2227,BHV,5939,,0,ATR
PK,3871,DAC,3076,KHI,2206,,0,777 320 73H
PK,3871,KUL,3304,KHI,2206,,0,310
PK,3871,KUL,3304,PEW,2219,,0,310
PK,3871,PEK,3364,ISB,2223,,0,310
PK,3871,BHV,5939,KHI,2206,,0,ATR 737
PK,3871,BHV,5939,ISB,2223,,0,ATR
PK,3871,CJL,5940,PEW,2219,,0,ATR
PK,3871,DEA,5942,SHJ,2191,,0,737
PK,3871,DEA,5942,KHI,2206,,0,737 ATR
PK,3871,DSK,5943,PEW,2219,,0,ATR
PK,3871,KDU,5949,ISB,2223,,0,ATR
PK,3871,TUK,5951,UET,2221,,0,ATR
PK,3871,DOH,11051,PEW,2219,,0,310
PC,3926,SXF,337,SAW,4317,,0,738
PC,3926,FRA,340,SAW,4317,,0,738
PC,3926,CGN,344,SAW,4317,,0,738
PC,3926,DUS,345,ASR,1696,,0,738
PC,3926,DUS,345,ADB,1706,,0,738
PC,3926,DUS,345,SAW,4317,,0,738
PC,3926,NUE,347,SAW,4317,,0,738 320
PC,3926,STR,350,ADB,1706,,0,738
PC,3926,STN,548,ADB,1706,,0,738
PC,3926,AMS,580,ASR,1696,,0,738
PC,3926,AMS,580,SAW,4317,,0,738
PC,3926,BLL,608,AYT,1688,,0,738
PC,3926,ARN,737,SAW,4317,,0,738 320
PC,3926,MRS,1353,SAW,4317,,0,738
PC,3926,BGY,1525,SAW,4317,,0,738
PC,3926,FCO,1555,SAW,4317,,0,738 320
PC,3926,VIE,1613,ESB,1682,,0,738
PC,3926,VIE,1613,AYT,1688,,0,738
PC,3926,ZRH,1678,SAW,4317,,0,738 320
PC,3926,ESB,1682,STR,350,,0,738
PC,3926,ESB,1682,ADB,1706,,0,738
PC,3926,ESB,1682,EBL,3989,,0,738
PC,3926,ADA,1685,AYT,1688,,0,738
PC,3926,ADA,1685,TZX,1726,,0,738
PC,3926,ADA,1685,VAN,1728,,0,738
PC,3926,AYT,1688,CPH,609,,0,738
PC,3926,AYT,1688,ADA,1685,,0,738
PC,3926,AYT,1688,TZX,1726,,0,738
PC,3926,AYT,1688,ECN,5780,,0,738
PC,3926,GZT,1689,SAW,4317,,0,738 320
PC,3926,GZT,1689,ECN,5780,,0,738
PC,3926,KYA,1691,SAW,4317,,0,738 320
PC,3926,ASR,1696,ADB,1706,,0,738
PC,3926,DNZ,1699,SAW,4317,,0,738 320
PC,3926,IST,1701,ADB,1706,,0,738
PC,3926,ADB,1706,DUS,345,,0,738
PC,3926,ADB,1706,STR,350,,0,738
PC,3926,ADB,1706,ESB,1682,,0,738
PC,3926,ADB,1706,AYT,1688,,0,738
PC,3926,ADB,1706,VAS,1694,,0,738
PC,3926,ADB,1706,IST,1701,,0,738
PC,3926,ADB,1706,SAW,4317,,0,738 320
PC,3926,ADB,1706,ECN,5780,,0,738
PC,3926,ADB,1706,HTY,7453,,0,738
PC,3926,EZS,1721,ADB,1706,,0,738
PC,3926,EZS,1721,SAW,4317,,0,738
PC,3926,ERC,1723,SAW,4317,,0,738 320
PC,3926,BAL,1729,SAW,4317,,0,320 738
PC,3926,PRN,1742,SAW,4317,,0,738
PC,3926,BEY,2177,SAW,4317,,0,738
PC,3926,FRU,2912,SAW,4317,,0,738
PC,3926,GYD,2922,SAW,4317,,0,738
PC,3926,LWO,2945,SAW,4317,,0,738
PC,3926,OMS,2958,SAW,4317,,0,738
PC,3926,KRR,2960,SAW,4317,,0,320 738
PC,3926,ATH,3941,ADB,1706,,0,738
PC,3926,NAV,3987,SAW,4317,,0,738
PC,3926,EBL,3989,ESB,1682,,0,738
PC,3926,DME,4029,SAW,4317,,0,738 320
PC,3926,SAW,4317,CRL,304,,0,738 320
PC,3926,SAW,4317,SXF,337,,0,738 320
PC,3926,SAW,4317,FRA,340,,0,738
PC,3926,SAW,4317,CPH,609,,0,738 320
PC,3926,SAW,4317,BCN,1218,,0,738
PC,3926,SAW,4317,MRS,1353,,0,738
PC,3926,SAW,4317,ORY,1386,,0,738
PC,3926,SAW,4317,BGY,1525,,0,738
PC,3926,SAW,4317,BLQ,1538,,0,320 738
PC,3926,SAW,4317,FCO,1555,,0,738 320
PC,3926,SAW,4317,VIE,1613,,0,738 320
PC,3926,SAW,4317,SJJ,1646,,0,738 320
PC,3926,SAW,4317,OTP,1657,,0,738
PC,3926,SAW,4317,GZT,1689,,0,738 320
PC,3926,SAW,4317,MLX,1692,,0,738 320
PC,3926,SAW,4317,MZH,1693,,0,738
PC,3926,SAW,4317,ADB,1706,,0,738 320
PC,3926,SAW,4317,DLM,1715,,0,738 320
PC,3926,SAW,4317,ERZ,1724,,0,738 320
PC,3926,SAW,4317,TZX,1726,,0,738 320
PC,3926,SAW,4317,VAN,1728,,0,320 738
PC,3926,SAW,4317,FRU,2912,,0,738
PC,3926,SAW,4317,GYD,2922,,0,738
PC,3926,SAW,4317,DOK,2940,,0,320 738
PC,3926,SAW,4317,NAV,3987,,0,738
PC,3926,SAW,4317,IKA,4330,,0,320 738
PC,3926,SAW,4317,ECN,5780,,0,738
PC,3926,SAW,4317,KCM,5798,,0,738 320
PC,3926,SAW,4317,MQM,6753,,0,738
PC,3926,SAW,4317,MSR,6782,,0,738
PC,3926,IKA,4330,SAW,4317,,0,738 320
PC,3926,ECN,5780,GZT,1689,,0,738
PC,3926,KCM,5798,SAW,4317,,0,738 320
PC,3926,EDO,5802,SAW,4317,,0,738 320
PC,3926,MSR,6782,SAW,4317,,0,738
PC,3926,GNY,9044,ADB,1706,,0,738
KS,3935,SNP,3426,STG,3428,,0,SF3
KS,3935,STG,3428,ANC,3774,,0,SF3
KS,3935,BOS,3448,PQI,3528,,0,SF3
KS,3935,BOS,3448,PBG,3771,,0,SF3
KS,3935,ANC,3774,SNP,3426,,0,SF3
KS,3935,ANC,3774,STG,3428,,0,SF3
KS,3935,ANC,3774,CDB,3854,,0,SF3
KS,3935,ANC,3774,SDP,6742,,0,SF3
KS,3935,CDB,3854,ANC,3774,,0,SF3
KS,3935,ISP,3857,BOS,3448,,0,SF3
KS,3935,ANI,5967,ANC,3774,,0,SF3
KS,3935,SDP,6742,ANC,3774,,0,SF3
PR,3952,YVR,156,YYZ,193,,0,773
PR,3952,BAH,2057,MNL,2397,Y,0,330
PR,3952,DMM,2064,MNL,2397,,0,330
PR,3952,DXB,2188,MNL,2397,Y,0,77W
PR,3952,GUM,2246,MNL,2397,,0,320
PR,3952,NRT,2279,CEB,4206,,0,321 330
PR,3952,PUS,2372,MNL,2397,,0,320
PR,3952,PUS,2372,KLO,2430,,0,320
PR,3952,MNL,2397,LHR,507,,0,773
PR,3952,MNL,2397,BAH,2057,Y,0,330
PR,3952,MNL,2397,RUH,2082,,0,330
PR,3952,MNL,2397,AUH,2179,,0,330
PR,3952,MNL,2397,GUM,2246,,0,320
PR,3952,MNL,2397,NRT,2279,,0,321 330 773
PR,3952,MNL,2397,FUK,2305,,0,320
PR,3952,MNL,2397,PUS,2372,,0,320
PR,3952,MNL,2397,CBO,2399,,0,320
PR,3952,MNL,2397,GES,2402,,0,330
PR,3952,MNL,2397,MFM,3121,,0,320
PR,3952,MNL,2397,SIN,3316,,0,320 319
PR,3952,MNL,2397,SYD,3361,,0,343
PR,3952,MNL,2397,XMN,3383,,0,320
PR,3952,MNL,2397,SFO,3469,,0,744
PR,3952,MNL,2397,HNL,3728,,0,343
PR,3952,MNL,2397,BKK,3885,,0,330 320
PR,3952,MNL,2397,TAG,3994,,0,320
PR,3952,MNL,2397,USU,4199,,0,DH4
PR,3952,MNL,2397,LGP,4203,,0,320
PR,3952,MNL,2397,OZC,4204,,0,320
PR,3952,MNL,2397,SUG,6016,,0,DH4
PR,3952,MNL,2397,BSO,6019,,0,DH4
PR,3952,MNL,2397,MBT,6025,,0,DH3
PR,3952,ZAM,2404,MNL,2397,,0,320 DH4
PR,3952,ZAM,2404,JOL,6013,,0,DH4
PR,3952,DGT,2425,MNL,2397,,0,320
PR,3952,MPH,2426,MNL,2397,,0,DH3
PR,3952,KLO,2430,ICN,3930,,0,320
PR,3952,PPS,2433,MNL,2397,,0,320
PR,3952,MFM,3121,MNL,2397,,0,320
PR,3952,SGN,3205,MNL,2397,,0,321
PR,3952,MEL,3339,MNL,2397,,0,343
PR,3952,XMN,3383,MNL,2397,,0,320
PR,3952,PVG,3406,MNL,2397,,0,320
PR,3952,SFO,3469,MNL,2397,,0,744
PR,3952,LAX,3484,MNL,2397,,0,343 744
PR,3952,BKK,3885,MNL,2397,,0,320 330
PR,3952,KIX,3992,MNL,2397,,0,330 343
PR,3952,DRW,3999,BNE,3320,,0,320
PR,3952,BXU,4200,MNL,2397,,0,320
PR,3952,LGP,4203,MNL,2397,,0,320
PR,3952,OZC,4204,MNL,2397,,0,320
PR,3952,SUG,6016,MNL,2397,,0,DH4
PR,3952,WNP,6018,MNL,2397,,0,DH4
PR,3952,CRM,6024,MNL,2397,,0,DH4
PR,3952,MBT,6025,MNL,2397,,0,DH3
PR,3952,DWC,8076,MNL,2397,,0,330
PI,3969,MQJ,,YKS,2923,,0,AN4
PI,3969,YKS,2923,MQJ,,,0,AN4
PI,3969,YKS,2923,CYX,6094,,0,AN4
PI,3969,YKS,2923,IKS,6095,,0,AN4
PI,3969,IKS,6095,YKS,2923,,0,AN4
9E,3976,GFK,3442,TVF,7018,,0,
9E,3976,MDT,3542,ATL,3682,,0,CRJ
9E,3976,TYS,3676,ATL,3682,,0,CRJ CR9
9E,3976,ATL,3682,CHA,3578,,0,CRJ
9E,3976,ATL,3682,SYR,3745,,0,CR9
9E,3976,ATL,3682,ROA,4016,,0,CRJ
9E,3976,ATL,3682,EVV,4018,,0,CRJ
9E,3976,ATL,3682,FWA,4041,,0,CRJ
9E,3976,ATL,3682,MBS,4128,,0,CRJ
9E,3976,ATL,3682,XNA,4356,,0,CRJ
9E,3976,MSP,3858,ATL,3682,,0,
9E,3976,MSY,3861,DTW,3645,,0,CR9
9E,3976,MSY,3861,JFK,3797,,0,CR9
9E,3976,EVV,4018,ATL,3682,,0,CRJ
9E,3976,AZO,4039,ATL,3682,,0,CRJ
9E,3976,MBS,4128,ATL,3682,,0,CRJ
PD,4021,YAM,21,YTZ,144,,0,DH4
PD,4021,YHZ,73,YUL,146,,0,DH4
PD,4021,YOW,100,YQM,117,,0,DH4
PD,4021,YSB,133,YTZ,144,,0,DH4
PD,4021,YTZ,144,YAM,21,,0,DH4
PD,4021,YTZ,144,YQT,121,,0,DH4
PD,4021,YTZ,144,BOS,3448,,0,DH4
PD,4021,YTZ,144,EWR,3494,,0,DH4
PD,4021,YTZ,144,IAD,3714,,0,DH4
PD,4021,YUL,146,YTZ,144,,0,DH4
PD,4021,YYT,189,YHZ,73,,0,DH4
PD,4021,MDW,3747,YTZ,144,,0,DH4
BK,4026,TSN,3368,CSX,3371,,0,738
BK,4026,TSN,3368,KWL,3372,,0,738
BK,4026,TSN,3368,DLC,3404,,0,738
BK,4026,TSN,3368,UYN,6368,,0,738
BK,4026,CSX,3371,CJU,2370,,0,738
BK,4026,CSX,3371,TSN,3368,,0,738
BK,4026,CSX,3371,KMG,3382,,0,738
BK,4026,CSX,3371,XMN,3383,,0,738
BK,4026,CSX,3371,NKG,3388,,0,738
BK,4026,CSX,3371,HJJ,7519,,0,YN7
BK,4026,NNG,3373,SZX,3374,,0,738
BK,4026,SZX,3374,NNG,3373,,0,738
BK,4026,XIY,3379,TSN,3368,,0,738
BK,4026,JHG,3381,KMG,3382,,0,738
BK,4026,HGH,3386,TSN,3368,,0,738
BK,4026,HGH,3386,CSX,3371,,0,738
BK,4026,HGH,3386,DLC,3404,,0,738
BK,4026,NGB,3387,TSN,3368,,0,738
BK,4026,NKG,3388,CSX,3371,,0,738
BK,4026,NKG,3388,KMG,3382,,0,738
BK,4026,NKG,3388,SHE,4144,,0,738
BK,4026,TAO,3390,CSX,3371,,0,738
BK,4026,TAO,3390,SHE,4144,,0,738
BK,4026,CKG,3393,DYG,6353,,0,738
BK,4026,HRB,3400,JMU,6411,,0,YN7
BK,4026,HRB,3400,JXA,8417,,0,YN7
BK,4026,DLC,3404,TSN,3368,,0,738
BK,4026,DLC,3404,YNT,3392,,0,YN7
BK,4026,SHE,4144,NKG,3388,,0,738
BK,4026,HET,6345,TSN,3368,,0,YN7
BK,4026,DYG,6353,TSN,3368,,0,738
BK,4026,DYG,6353,CSX,3371,,0,YN7
BK,4026,DYG,6353,CKG,3393,,0,738
BK,4026,ZHA,6357,CSX,3371,,0,738
BK,4026,HEK,6410,OHE,6943,,0,YN7
BK,4026,TEN,6963,CSX,3371,,0,YN7
BK,4026,JXA,8417,HRB,3400,,0,YN7
BK,4026,JGD,8979,OHE,6943,,0,YN7
PW,4031,HAH,912,DAR,1177,,0,AT7
PW,4031,DAR,1177,ARK,1176,,0,AT4 AT7
PW,4031,DAR,1177,JRO,1180,,0,AT7 AT4
PW,4031,DAR,1177,MBI,9829,,0,AT7
PW,4031,JRO,1180,MWZ,1183,,0,AT7
PW,4031,JRO,1180,ZNZ,1186,,0,AT7 AT4
PW,4031,MYW,1182,DAR,1177,,0,AT4 AT7
PW,4031,MWZ,1183,JRO,1180,,0,AT7
PW,4031,NBO,4059,MWZ,1183,,0,AT5
PW,4031,NBO,4059,ZNZ,1186,,0,AT7
PW,4031,BKZ,5703,MWZ,1183,,0,AT5
PW,4031,MBI,9829,DAR,1177,,0,AT7
FE,4044,KHH,2264,CTU,3395,,0,M83
FE,4044,TSA,2275,TYN,3369,,0,M83
FE,4044,TSA,2275,NNG,3373,,0,M83
FE,4044,TPE,2276,KWE,3394,,0,M83
FE,4044,TSN,3368,TSA,2275,,0,M83
FE,4044,NNG,3373,KHH,2264,,0,M83
FE,4044,INC,4085,TPE,2276,,0,M83
P0,4066,LVI,906,LUN,907,,0,J41 732
P0,4066,LUN,907,LVI,906,,0,J41 732
P0,4066,LUN,907,NLA,910,,0,J41 J32 732
P0,4066,LUN,907,CIP,5612,,0,CN2
P0,4066,MFU,908,LUN,907,,0,J41
P0,4066,NLA,910,MNS,,,0,CN2
P0,4066,SLI,5613,LUN,907,,0,J32 J41
QF,4089,ZBL,,BNE,3320,Y,0,DH8 DH3
QF,4089,POM,5,BNE,3320,Y,0,763 738
QF,4089,FRA,340,DXB,2188,Y,0,77W
QF,4089,HAM,342,DXB,2188,Y,0,77W
QF,4089,DUS,345,DXB,2188,Y,0,77W
QF,4089,LGW,502,DXB,2188,Y,0,77W 388
QF,4089,NCL,521,DXB,2188,Y,0,77W
QF,4089,GLA,534,DXB,2188,Y,0,77W 77L
QF,4089,JNB,813,PER,3351,Y,0,343 346
QF,4089,GVA,1665,DXB,2188,Y,0,77L 77W
QF,4089,ZRH,1678,DXB,2188,Y,0,388 77W
QF,4089,NAN,1960,AKL,2006,Y,0,73H 332 73W
QF,4089,NAN,1960,CXI,2252,Y,0,73W
QF,4089,NAN,1960,LAX,3484,Y,0,332
QF,4089,NAN,1960,HNL,3728,Y,0,73H
QF,4089,VLI,1997,SYD,3361,Y,0,73H
QF,4089,AKL,2006,SYD,3361,,0,73H
QF,4089,CHC,2009,SYD,3361,Y,0,73H 77W
QF,4089,AMM,2170,DXB,2188,Y,0,773 77W
QF,4089,DXB,2188,HAM,342,Y,0,77W
QF,4089,DXB,2188,MAN,478,Y,0,77W 388
QF,4089,DXB,2188,LGW,502,Y,0,77W 388
QF,4089,DXB,2188,NCL,521,Y,0,77W
QF,4089,DXB,2188,DUB,599,Y,0,77W
QF,4089,DXB,2188,CPH,609,Y,0,77W
QF,4089,DXB,2188,BAH,2057,Y,0,332 772 773
QF,4089,DXB,2188,JED,2072,Y,0,388
QF,4089,DXB,2188,RUH,2082,Y,0,773 772
QF,4089,DXB,2188,AMM,2170,Y,0,773 77W
QF,4089,DXB,2188,SIN,3316,Y,0,77W 388
QF,4089,MCT,2194,DXB,2188,Y,0,332 77W 772
QF,4089,CXI,2252,NAN,1960,Y,0,73W
QF,4089,CXI,2252,HNL,3728,Y,0,73W
QF,4089,NRT,2279,CNS,3322,Y,0,332
QF,4089,HND,2359,SIN,3316,Y,0,772
QF,4089,HKG,3077,BNE,3320,,0,333
QF,4089,KBV,3174,BKK,3885,Y,0,320 319
QF,4089,CGK,3275,SYD,3361,,0,333
QF,4089,KUL,3304,DXB,2188,Y,0,77W
QF,4089,DIL,3310,DRW,3999,Y,0,E70
QF,4089,SIN,3316,DXB,2188,Y,0,77W 388
QF,4089,SIN,3316,HND,2359,Y,0,763
QF,4089,SIN,3316,USM,3177,Y,0,319
QF,4089,SIN,3316,CGK,3275,,0,320
QF,4089,SIN,3316,BNE,3320,,0,744
QF,4089,SIN,3316,MEL,3339,,0,333
QF,4089,SIN,3316,PER,3351,,0,332
QF,4089,ASP,3319,BNE,3320,Y,0,717
QF,4089,ASP,3319,SYD,3361,,0,73H
QF,4089,ASP,3319,DRW,3999,Y,0,717
QF,4089,ASP,3319,AYQ,4010,Y,0,717
QF,4089,BNE,3320,ZBL,,Y,0,DH8 DH3
QF,4089,BNE,3320,POM,5,Y,0,763 738
QF,4089,BNE,3320,VLI,1997,Y,0,73H
QF,4089,BNE,3320,ASP,3319,Y,0,717
QF,4089,BNE,3320,ROK,3329,,0,DH4 DH3 DH8
QF,4089,BNE,3320,TSV,3330,,0,73H
QF,4089,BNE,3320,MEL,3339,,0,73H 763
QF,4089,BNE,3320,ADL,3341,,0,73H
QF,4089,BNE,3320,KTA,3345,,0,73H
QF,4089,BNE,3320,EMD,3990,,0,DH4 DH3
QF,4089,BNE,3320,DRW,3999,,0,763 73H
QF,4089,BNE,3320,BME,4319,,0,73H
QF,4089,BNE,3320,LRE,6289,Y,0,DH4
QF,4089,BNE,3320,MOV,6301,Y,0,DH4 DH3
QF,4089,BNE,3320,RMA,6324,Y,0,DH4 DH3
QF,4089,CNS,3322,POM,5,Y,0,DH4
QF,4089,CNS,3322,TSV,3330,Y,0,DH4 DH3
QF,4089,CNS,3322,SYD,3361,,0,763 73H
QF,4089,CNS,3322,DRW,3999,Y,0,717
QF,4089,CTL,3323,BNE,3320,Y,0,DH3 DH8
QF,4089,CTL,3323,RMA,6324,Y,0,DH3
QF,4089,ISA,3324,BNE,3320,,0,73H
QF,4089,MKY,3326,BNE,3320,,0,100 DH4
QF,4089,TSV,3330,CNS,3322,Y,0,DH3 DH4
QF,4089,TSV,3330,ISA,3324,Y,0,DH4
QF,4089,HBA,3336,MEL,3339,,0,73H
QF,4089,HBA,3336,SYD,3361,,0,717
QF,4089,MEL,3339,AKL,2006,,0,73H
QF,4089,MEL,3339,HKG,3077,,0,333
QF,4089,MEL,3339,SGN,3205,Y,0,330
QF,4089,MEL,3339,ASP,3319,,0,73H
QF,4089,MEL,3339,CNS,3322,,0,73H
QF,4089,MEL,3339,HBA,3336,,0,73H
QF,4089,MEL,3339,LST,3337,Y,0,DH3 DH4
QF,4089,MEL,3339,CBR,3355,,0,73H 717
QF,4089,MEL,3339,SYD,3361,,0,73H 763 332
QF,4089,MEL,3339,DPS,3940,Y,0,788
QF,4089,ADL,3341,BNE,3320,,0,73H
QF,4089,ADL,3341,KGI,3346,Y,0,717
QF,4089,ADL,3341,DRW,3999,,0,73H
QF,4089,KTA,3345,PHE,3349,Y,0,E70
QF,4089,KTA,3345,SYD,3361,,0,73H
QF,4089,KGI,3346,PER,3351,,0,73H DH4
QF,4089,KNX,3347,DRW,3999,Y,0,E70
QF,4089,PHE,3349,MEL,3339,,0,73H
QF,4089,PHE,3349,PER,3351,,0,73H
QF,4089,PER,3351,BNE,3320,,0,763 332 333 73H
QF,4089,PER,3351,MEL,3339,,0,332 333 73H
QF,4089,PER,3351,KTA,3345,,0,73H
QF,4089,PER,3351,KGI,3346,,0,73H DH4
QF,4089,PER,3351,LEA,3348,Y,0,717 DH4
QF,4089,PER,3351,PHE,3349,,0,73H
QF,4089,PER,3351,SYD,3361,,0,332 333 73H 763
QF,4089,PER,3351,DPS,3940,Y,0,320
QF,4089,PER,3351,ZNE,6310,,0,73H
QF,4089,CBR,3355,BNE,3320,,0,73H 717
QF,4089,CBR,3355,MEL,3339,,0,73H 717
QF,4089,CBR,3355,ADL,3341,,0,73H
QF,4089,SYD,3361,POM,5,Y,0,738
QF,4089,SYD,3361,JNB,813,,0,744
QF,4089,SYD,3361,VLI,1997,Y,0,73H
QF,4089,SYD,3361,SGN,3205,Y,0,330
QF,4089,SYD,3361,BNE,3320,,0,73H 763 333
QF,4089,SYD,3361,CNS,3322,,0,763 73H
QF,4089,SYD,3361,ABX,3333,Y,0,DH3 DH4
QF,4089,SYD,3361,HBA,3336,,0,717
QF,4089,SYD,3361,WGA,3363,Y,0,DH4 DH3
QF,4089,SYD,3361,LAX,3484,,0,744 388
QF,4089,SYD,3361,MRZ,6300,Y,0,DH3 DH8
QF,4089,SYD,3361,PQQ,6320,Y,0,DH3 DH4 DH8
QF,4089,NKG,3388,SYD,3361,,0,332
QF,4089,NKG,3388,PEK,3364,,0,332
QF,4089,PVG,3406,SYD,3361,,0,333
QF,4089,LAX,3484,NAN,1960,Y,0,332
QF,4089,LAX,3484,PPT,4075,,0,343
QF,4089,DFW,3670,BNE,3320,,0,744
QF,4089,DFW,3670,MSY,3861,Y,0,M83 M80
QF,4089,ATL,3682,DFW,3670,Y,0,M80 319 M83
QF,4089,HNL,3728,NAN,1960,Y,0,73H
QF,4089,HNL,3728,CXI,2252,Y,0,73W
QF,4089,MSY,3861,DFW,3670,Y,0,M80 M83
QF,4089,BKK,3885,KBV,3174,Y,0,320 319
QF,4089,CEI,3932,BKK,3885,Y,0,320
QF,4089,DPS,3940,SIN,3316,,0,320
QF,4089,DPS,3940,PER,3351,Y,0,320
QF,4089,KIX,3992,CNS,3322,Y,0,332
QF,4089,DRW,3999,ASP,3319,Y,0,717
QF,4089,DRW,3999,SYD,3361,,0,73H
QF,4089,DRW,3999,BME,4319,Y,0,E70
QF,4089,DRW,3999,GOV,6316,Y,0,717
QF,4089,ARM,4062,SYD,3361,Y,0,DH3 DH8
QF,4089,PPT,4075,LAX,3484,,0,343
QF,4089,BDB,4218,BNE,3320,Y,0,DH3 DH4
QF,4089,BME,4319,MEL,3339,,0,73H
QF,4089,BME,4319,KTA,3345,Y,0,E70
QF,4089,BME,4319,PER,3351,,0,73H
QF,4089,BME,4319,DRW,3999,Y,0,E70
QF,4089,CNJ,6255,TSV,3330,Y,0,DH4
QF,4089,GET,6268,PER,3351,Y,0,DH4
QF,4089,GLT,6269,SYD,3361,Y,0,DH4
QF,4089,HID,6272,CNS,3322,Y,0,DH4 DH3
QF,4089,LRE,6289,BNE,3320,Y,0,DH4 DH3
QF,4089,MRZ,6300,SYD,3361,Y,0,DH3 DH8
QF,4089,ZNE,6310,PER,3351,,0,73H
QF,4089,OLP,6311,ADL,3341,Y,0,F50
QF,4089,PBO,6314,PER,3351,,0,DH4
QF,4089,GOV,6316,CNS,3322,Y,0,717
QF,4089,PLO,6318,ADL,3341,Y,0,DH4
QF,4089,RMA,6324,CTL,3323,Y,0,DH3
QR,4091,BRU,302,DOH,11051,,0,788
QR,4091,MUC,346,DOH,11051,,0,788
QR,4091,MAN,478,DOH,11051,,0,332 333
QR,4091,CPH,609,DOH,11051,,0,788
QR,4091,OSL,644,DOH,11051,,0,788
QR,4091,CPT,797,DOH,11051,,0,788
QR,4091,JNB,813,CPT,797,,0,788
QR,4091,CAI,1128,DOH,11051,,0,77L 77W 333 320
QR,4091,DAR,1177,DOH,11051,,0,320
QR,4091,EBB,1187,DOH,11051,,0,320
QR,4091,LCA,1197,DOH,11051,,0,320
QR,4091,BCN,1218,JFK,3797,Y,0,763
QR,4091,FCO,1555,DOH,11051,,0,333 320
QR,4091,OTP,1657,SOF,1194,,0,320 321
QR,4091,GVA,1665,DOH,11051,,0,320
QR,4091,ESB,1682,BEG,1739,,0,320
QR,4091,BEG,1739,ESB,1682,,0,320
QR,4091,ELQ,2067,DOH,11051,,0,320 319
QR,4091,BEY,2177,DOH,11051,,0,320 321
QR,4091,AUH,2179,DOH,11051,,0,320 319 321
QR,4091,DXB,2188,DOH,11051,,0,320 788 321 77W 77L 332 333
QR,4091,ISB,2223,DOH,11051,,0,332 333 77L
QR,4091,BSR,2234,DOH,11051,,0,320
QR,4091,GRU,2564,EZE,3988,,0,77L
QR,4091,GRU,2564,DOH,11051,,0,77L
QR,4091,GYD,2922,DOH,11051,,0,320
QR,4091,AMD,2994,DOH,11051,,0,321
QR,4091,BOM,2997,DOH,11051,,0,77W
QR,4091,CMB,3024,DOH,11051,,0,77W 321 320
QR,4091,PNH,3034,SGN,3205,,0,332
QR,4091,DAC,3076,DOH,11051,,0,333 320 332
QR,4091,ATQ,3081,DOH,11051,,0,321
QR,4091,KTM,3125,DOH,11051,,0,320 333
QR,4091,MLE,3156,DOH,11051,,0,320
QR,4091,KBV,3174,BKK,3885,Y,0,320 319
QR,4091,HKT,3179,BKK,3885,Y,0,320
QR,4091,HAN,3199,BKK,3885,,0,77W
QR,4091,SGN,3205,PNH,3034,,0,332
QR,4091,CGK,3275,DOH,11051,,0,77W 332 333
QR,4091,SIN,3316,DPS,3940,,0,77W
QR,4091,SIN,3316,DOH,11051,,0,77W 788
QR,4091,MEL,3339,DOH,11051,,0,77W
QR,4091,PEK,3364,DOH,11051,,0,77W
QR,4091,HGH,3386,DOH,11051,,0,332 333
QR,4091,CTU,3395,DOH,11051,,0,332
QR,4091,PVG,3406,DOH,11051,,0,77W
QR,4091,ATL,3682,IAH,3550,,0,
QR,4091,ATL,3682,ORD,3830,Y,0,CR7
QR,4091,IAD,3714,DOH,11051,,0,77W
QR,4091,JFK,3797,ORD,3830,Y,0,738
QR,4091,JFK,3797,LAS,3877,Y,0,738
QR,4091,BKK,3885,KBV,3174,Y,0,320 319
QR,4091,BKK,3885,HKT,3179,Y,0,320
QR,4091,BKK,3885,CNX,3931,Y,0,320 319
QR,4091,CNX,3931,BKK,3885,Y,0,320 319
QR,4091,EZE,3988,GRU,2564,,0,77L
QR,4091,DME,4029,DOH,11051,,0,320
QR,4091,NBO,4059,DOH,11051,,0,320
QR,4091,CRK,4140,DOH,11051,,0,333
QR,4091,IKA,4330,DOH,11051,,0,320 321
QR,4091,MHD,4331,DOH,11051,,0,320
QR,4091,DOH,11051,LOS,273,,0,333 332
QR,4091,DOH,11051,TUN,287,,0,320
QR,4091,DOH,11051,LHR,507,,0,333 788 77W 346 332 77L
QR,4091,DOH,11051,CPH,609,,0,788
QR,4091,DOH,11051,ARN,737,,0,788
QR,4091,DOH,11051,CMN,1074,,0,333 332
QR,4091,DOH,11051,DAR,1177,,0,320
QR,4091,DOH,11051,LCA,1197,,0,320
QR,4091,DOH,11051,VCE,1551,,0,320
QR,4091,DOH,11051,ESB,1682,,0,320
QR,4091,DOH,11051,IST,1701,,0,333 332
QR,4091,DOH,11051,SHJ,2191,,0,320 319 321
QR,4091,DOH,11051,MCT,2194,,0,320 E75 321 73J 332 788 73G 77L
QR,4091,DOH,11051,KHI,2206,,0,320
QR,4091,DOH,11051,PEW,2219,,0,332 333
QR,4091,DOH,11051,NRT,2279,,0,77L
QR,4091,DOH,11051,GYD,2922,,0,320
QR,4091,DOH,11051,AMD,2994,,0,321
QR,4091,DOH,11051,GOI,3007,,0,321
QR,4091,DOH,11051,CMB,3024,,0,321 320 77W
QR,4091,DOH,11051,HKG,3077,,0,333 332
QR,4091,DOH,11051,BLR,3131,,0,788
QR,4091,DOH,11051,MAA,3144,,0,333
QR,4091,DOH,11051,MLE,3156,,0,320
QR,4091,DOH,11051,RGN,3239,,0,319
QR,4091,DOH,11051,CGK,3275,,0,332 77W 333
QR,4091,DOH,11051,SIN,3316,,0,788 77W
QR,4091,DOH,11051,MEL,3339,,0,77W
QR,4091,DOH,11051,HGH,3386,,0,332 333
QR,4091,DOH,11051,CKG,3393,,0,332
QR,4091,DOH,11051,PVG,3406,,0,77W
QR,4091,DOH,11051,IAH,3550,,0,77L
QR,4091,DOH,11051,IAD,3714,,0,77W
QR,4091,DOH,11051,JFK,3797,,0,77W
QR,4091,DOH,11051,BKK,3885,,0,77W
QR,4091,DOH,11051,ICN,3930,,0,333
QR,4091,DOH,11051,EBL,3989,,0,320
QR,4091,DOH,11051,DWC,8076,,0,320 321 319
V4,4165,VQS,6788,SJU,2890,,0,CNC
ZL,4178,ISA,3324,JCK,6276,,0,SF3
ZL,4178,TSV,3330,ISA,3324,,0,SF3
ZL,4178,TSV,3330,WIN,6337,,0,SF3
ZL,4178,ABX,3333,MEL,3339,,0,SF3
ZL,4178,ABX,3333,SYD,3361,,0,SF3
ZL,4178,MEL,3339,ABX,3333,,0,SF3
ZL,4178,MEL,3339,MGB,6303,,0,SF3
ZL,4178,MEL,3339,BWT,6338,,0,SF3
ZL,4178,ADL,3341,KGC,4051,,0,SF3
ZL,4178,ADL,3341,BHQ,6241,,0,SF3
ZL,4178,ADL,3341,PLO,6318,,0,SF3
ZL,4178,DBO,3358,SYD,3361,,0,SF3
ZL,4178,SYD,3361,ABX,3333,,0,SF3
ZL,4178,SYD,3361,WGA,3363,,0,SF3
ZL,4178,SYD,3361,ARM,4062,,0,SF3
ZL,4178,SYD,3361,BNK,4291,,0,SF3
ZL,4178,SYD,3361,NTL,4320,,0,SF3
ZL,4178,SYD,3361,BHQ,6241,,0,SF3
ZL,4178,SYD,3361,BHS,6249,,0,SF3
ZL,4178,SYD,3361,LSY,6287,,0,SF3
ZL,4178,SYD,3361,MIM,6294,,0,SF3
ZL,4178,SYD,3361,NRA,6307,,0,SF3
ZL,4178,BHQ,6241,SYD,3361,,0,SF3
ZL,4178,BHQ,6241,MQL,6298,,0,SF3
ZL,4178,BHS,6249,PKE,6317,,0,SF3
ZL,4178,CPD,6253,ADL,3341,,0,SF3
ZL,4178,JCK,6276,RCM,9904,,0,SF3
ZL,4178,LRE,6289,WIN,6337,,0,SF3
ZL,4178,MYA,6302,MIM,6294,,0,SF3
ZL,4178,MGB,6303,MEL,3339,,0,SF3
ZL,4178,PKE,6317,SYD,3361,,0,SF3
ZL,4178,PKE,6317,BHS,6249,,0,SF3
ZL,4178,WYA,6334,ADL,3341,,0,SF3
ZL,4178,WIN,6337,TSV,3330,,0,SF3
ZL,4178,BWT,6338,MEL,3339,,0,SF3
ZL,4178,OAG,6793,SYD,3361,,0,SF3
ZL,4178,TRO,6794,SYD,3361,,0,SF3
GZ,4234,RAR,1959,AIT,1958,,0,SF3 EMB
GZ,4234,RAR,1959,MGS,5862,,0,EMB
GZ,4234,AIU,5861,RAR,1959,,0,EMB
GZ,4234,MGS,5862,RAR,1959,,0,EMB
AT,4248,COO,245,LOS,273,,0,738
AT,4248,OUA,246,CMN,1074,,0,738
AT,4248,ACC,248,CMN,1074,,0,738 73G
AT,4248,LOS,273,CMN,1074,,0,738
AT,4248,BRU,302,AGA,1064,,0,319
AT,4248,BRU,302,RAK,1075,,0,319
AT,4248,FRA,340,CMN,1074,,0,73G 738
AT,4248,MUC,346,RAK,1075,,0,738
AT,4248,LGW,502,CMN,1074,,0,738
AT,4248,AMS,580,CMN,1074,,0,738
AT,4248,AMS,580,TNG,1080,,0,73G 738
AT,4248,AMS,580,NDR,5673,,0,738
AT,4248,BZV,883,CMN,1074,,0,738
AT,4248,PNR,886,CMN,1074,,0,738
AT,4248,DLA,897,CMN,1074,,0,738
AT,4248,LBV,970,CMN,1074,,0,738
AT,4248,BKO,1044,CMN,1074,,0,738
AT,4248,BJL,1050,OXB,5665,,0,738
AT,4248,TFN,1057,CMN,1074,,0,AT7
AT,4248,ROB,1063,CMN,1074,,0,73G
AT,4248,AGA,1064,BRU,302,,0,319
AT,4248,AGA,1064,CMN,1074,,0,73G AT7 738
AT,4248,AGA,1064,ORY,1386,,0,738
AT,4248,FEZ,1066,ORY,1386,,0,738
AT,4248,OUD,1070,CMN,1074,,0,73G AT7 738
AT,4248,CMN,1074,ALG,210,,0,763 738
AT,4248,CMN,1074,COO,245,,0,738
AT,4248,CMN,1074,OUA,246,,0,738 73G
AT,4248,CMN,1074,ABJ,253,,0,73G 738
AT,4248,CMN,1074,NIM,280,,0,738
AT,4248,CMN,1074,LFW,298,,0,738 73G
AT,4248,CMN,1074,BRU,302,,0,738 73G
AT,4248,CMN,1074,FRA,340,,0,73G 738
AT,4248,CMN,1074,MUC,346,,0,73G
AT,4248,CMN,1074,TXL,351,,0,738 73G
AT,4248,CMN,1074,LGW,502,,0,738
AT,4248,CMN,1074,LHR,507,,0,738
AT,4248,CMN,1074,ARN,737,,0,738
AT,4248,CMN,1074,SSG,891,,0,738
AT,4248,CMN,1074,DLA,897,,0,738
AT,4248,CMN,1074,LAD,951,,0,763
AT,4248,CMN,1074,TFN,1057,,0,AT7
AT,4248,CMN,1074,FNA,1059,,0,73G
AT,4248,CMN,1074,OUD,1070,,0,73G AT7 738
AT,4248,CMN,1074,RBA,1072,,0,AT7
AT,4248,CMN,1074,OZZ,1077,,0,AT7 738
AT,4248,CMN,1074,TNG,1080,,0,AT7 738 73G
AT,4248,CMN,1074,CAI,1128,,0,738
AT,4248,CMN,1074,BCN,1218,,0,73G 738
AT,4248,CMN,1074,AGP,1230,,0,AT7
AT,4248,CMN,1074,VLC,1246,,0,AT7
AT,4248,CMN,1074,LYS,1335,,0,738
AT,4248,CMN,1074,ORY,1386,,0,738 763
AT,4248,CMN,1074,SXB,1435,,0,73G
AT,4248,CMN,1074,MXP,1524,,0,738 73G
AT,4248,CMN,1074,TRN,1526,,0,73G 738
AT,4248,CMN,1074,JED,2072,,0,763 738
AT,4248,CMN,1074,BEY,2177,,0,738
AT,4248,CMN,1074,GRU,2564,,0,763
AT,4248,CMN,1074,SVO,2985,,0,738 73G
AT,4248,CMN,1074,JFK,3797,,0,763
AT,4248,CMN,1074,EUN,5672,,0,738
AT,4248,CMN,1074,NDR,5673,,0,738 AT7
AT,4248,CMN,1074,GLN,9823,,0,AT7
AT,4248,RAK,1075,LGW,502,,0,738
AT,4248,RAK,1075,BOD,1264,,0,738
AT,4248,RAK,1075,TLS,1273,,0,738
AT,4248,RAK,1075,MRS,1353,,0,738
AT,4248,OZZ,1077,CMN,1074,,0,738 AT7
AT,4248,OZZ,1077,ORY,1386,,0,738
AT,4248,AHU,1078,CMN,1074,,0,AT7
AT,4248,TTU,1079,AHU,1078,,0,AT7
AT,4248,TNG,1080,BRU,302,,0,73G 738
AT,4248,TNG,1080,CMN,1074,,0,AT7 738 73G
AT,4248,TNG,1080,MAD,1229,,0,AT7
AT,4248,DKR,1084,CMN,1074,,0,738
AT,4248,NKC,1094,CMN,1074,,0,738 73G
AT,4248,CAI,1128,RUH,2082,,0,738
AT,4248,MAD,1229,TNG,1080,,0,AT7
AT,4248,VLC,1246,CMN,1074,,0,AT7
AT,4248,BOD,1264,CMN,1074,,0,738 73G
AT,4248,LYS,1335,CMN,1074,,0,738
AT,4248,NCE,1354,RAK,1075,,0,738
AT,4248,ORY,1386,OUD,1070,,0,738
AT,4248,ORY,1386,RBA,1072,,0,738
AT,4248,ORY,1386,CMN,1074,,0,738 763
AT,4248,ORY,1386,ESU,5671,,0,738
AT,4248,NTE,1418,CMN,1074,,0,73G 738
AT,4248,SXB,1435,CMN,1074,,0,73G
AT,4248,BLQ,1538,CMN,1074,,0,738 73G
AT,4248,LIS,1638,CMN,1074,,0,738 AT7
AT,4248,GVA,1665,CMN,1074,,0,738
AT,4248,JED,2072,CMN,1074,,0,763 738
AT,4248,RUH,2082,CAI,1128,,0,738
AT,4248,SIN,3316,AUH,2179,Y,0,332
AT,4248,JFK,3797,CMN,1074,,0,763
AT,4248,NSI,4161,DLA,897,,0,738
AT,4248,CKY,4162,CMN,1074,,0,73G 738
AT,4248,OXB,5665,CMN,1074,,0,738
AT,4248,ESU,5671,ORY,1386,,0,738
AT,4248,NDR,5673,BRU,302,,0,738
AT,4248,NDR,5673,CMN,1074,,0,738 AT7
BI,4255,JED,2072,BWN,3272,,0,787
BI,4255,HKG,3077,BWN,3272,,0,320
BI,4255,BWN,3272,MNL,2397,,0,320
BI,4255,BWN,3272,HKG,3077,,0,320
BI,4255,BWN,3272,MEL,3339,,0,787
BI,4255,BWN,3272,PVG,3406,,0,320
BI,4255,BWN,3272,BKK,3885,,0,319 320
BI,4255,BWN,3272,MZV,4056,,0,AT7
BI,4255,CGK,3275,BWN,3272,,0,319
BI,4255,DWC,8076,LHR,507,,0,787
RJ,4259,YUL,146,DTW,3645,,0,330
RJ,4259,ALG,210,AMM,2170,,0,320
RJ,4259,MUC,346,VIE,1613,Y,0,E90
RJ,4259,MUC,346,AMM,2170,,0,319
RJ,4259,FCO,1555,AMM,2170,,0,320 321 319
RJ,4259,TLV,1590,AMM,2170,,0,E75 E95 320 319
RJ,4259,VIE,1613,CPH,609,Y,0,E90
RJ,4259,VIE,1613,ZRH,1678,,0,320
RJ,4259,VIE,1613,AMM,2170,,0,320 319
RJ,4259,GVA,1665,ZRH,1678,,0,320
RJ,4259,ZRH,1678,GVA,1665,,0,319
RJ,4259,IST,1701,AMM,2170,,0,320 E75 319 E95
RJ,4259,RUH,2082,AMM,2170,,0,E75 320 E95 340
RJ,4259,AMM,2170,LOS,273,,0,320
RJ,4259,AMM,2170,TUN,287,,0,319 E75 E95
RJ,4259,AMM,2170,FRA,340,,0,319
RJ,4259,AMM,2170,CAI,1128,,0,E95 E75 319
RJ,4259,AMM,2170,BCN,1218,,0,320
RJ,4259,AMM,2170,FCO,1555,,0,320 321 319
RJ,4259,AMM,2170,VIE,1613,,0,320 319
RJ,4259,AMM,2170,DMM,2064,,0,E95 320
RJ,4259,AMM,2170,JED,2072,,0,321 E95 320 E75 319
RJ,4259,AMM,2170,AQJ,2172,,0,320 E95 E75 319
RJ,4259,AMM,2170,KWI,2176,,0,E95 320
RJ,4259,AMM,2170,KBP,2939,,0,E95
RJ,4259,AMM,2170,BOM,2997,,0,319
RJ,4259,AMM,2170,BKK,3885,,0,330
RJ,4259,AMM,2170,ATH,3941,,0,E75 E95
RJ,4259,AMM,2170,ADE,3977,,0,320 E95 E75
RJ,4259,AMM,2170,DME,4029,,0,320 321
RJ,4259,AMM,2170,SSH,4057,,0,320
RJ,4259,AMM,2170,BGW,4130,,0,320 E75 E95
RJ,4259,AQJ,2172,AMM,2170,,0,320 E95 E75 319
RJ,4259,KWI,2176,AMM,2170,,0,320 E95
RJ,4259,BEY,2177,AMM,2170,,0,E75 E95 320 319
RJ,4259,DXB,2188,AMM,2170,,0,321 320 330
RJ,4259,MCT,2194,AMM,2170,,0,73G 73J
RJ,4259,BSR,2234,AMM,2170,,0,E95 E75
RJ,4259,BKK,3885,HKG,3077,,0,330
RJ,4259,SAH,3980,AMM,2170,,0,320 340
RJ,4259,DME,4029,AMM,2170,,0,320 321
RJ,4259,BGW,4130,AMM,2170,,0,320 E75 E95
RJ,4259,ISU,5952,AMM,2170,,0,E75
WB,4292,LOS,273,ACC,248,,0,73W
WB,4292,LOS,273,KGL,1165,,0,738 73W
WB,4292,BZV,883,DLA,897,,0,73W
WB,4292,BZV,883,KGL,1165,,0,73W
WB,4292,DLA,897,BZV,883,,0,73W
WB,4292,LBV,970,KGL,1165,,0,738 73W
WB,4292,BJM,1120,KGL,1165,,0,DH4
WB,4292,MBA,1145,DXB,2188,,0,738
WB,4292,KGL,1165,LOS,273,,0,73W 738
WB,4292,KME,1166,KGL,1165,,0,DH4
WB,4292,DAR,1177,KGL,1165,,0,CRJ
WB,4292,DAR,1177,JRO,1180,,0,CRJ
WB,4292,JRO,1180,DAR,1177,,0,CRJ
FR,4296,BRU,302,BCN,1218,,0,738
FR,4296,BRU,302,FCO,1555,,0,738
FR,4296,CRL,304,NYO,699,,0,738
FR,4296,CRL,304,FUE,1051,,0,738
FR,4296,CRL,304,ACE,1055,,0,738
FR,4296,CRL,304,TFS,1056,,0,738
FR,4296,CRL,304,RAK,1075,,0,738
FR,4296,CRL,304,TNG,1080,,0,738
FR,4296,CRL,304,PUY,1203,,0,738
FR,4296,CRL,304,ZAD,1209,,0,738
FR,4296,CRL,304,LEI,1213,,0,738
FR,4296,CRL,304,IBZ,1225,,0,738
FR,4296,CRL,304,ZAZ,1252,,0,738
FR,4296,CRL,304,SVQ,1253,,0,738
FR,4296,CRL,304,RDZ,1289,,0,738
FR,4296,CRL,304,CCF,1352,,0,738
FR,4296,CRL,304,MRS,1353,,0,738
FR,4296,CRL,304,RHO,1472,,0,738
FR,4296,CRL,304,SUF,1508,,0,738
FR,4296,CRL,304,CAG,1519,,0,738
FR,4296,CRL,304,CIA,1553,,0,738
FR,4296,CRL,304,LRH,6493,,0,738
FR,4296,SXF,337,SNN,603,,0,738
FR,4296,SXF,337,RYG,657,,0,738
FR,4296,SXF,337,BGY,1525,,0,738
FR,4296,CGN,344,GRO,1222,,0,738
FR,4296,CGN,344,PMI,3998,,0,738
FR,4296,BRE,353,STN,548,,0,738
FR,4296,BRE,353,HAU,645,,0,738
FR,4296,BRE,353,TFS,1056,,0,738
FR,4296,BRE,353,AGP,1230,,0,738
FR,4296,BRE,353,BZR,1360,,0,738
FR,4296,BRE,353,VNO,3959,,0,738
FR,4296,HHN,355,KIR,601,,0,738
FR,4296,HHN,355,ACE,1055,,0,738
FR,4296,HHN,355,ALC,1212,,0,738
FR,4296,HHN,355,GRO,1222,,0,738
FR,4296,HHN,355,XRY,1226,,0,738
FR,4296,HHN,355,AGP,1230,,0,738
FR,4296,HHN,355,SCQ,1243,,0,738
FR,4296,HHN,355,VLC,1246,,0,738
FR,4296,HHN,355,SDR,1251,,0,738
FR,4296,HHN,355,CHQ,1474,,0,738
FR,4296,HHN,355,SUF,1508,,0,738
FR,4296,HHN,355,AHO,1517,,0,738
FR,4296,HHN,355,BGY,1525,,0,738
FR,4296,HHN,355,TSF,1539,,0,738
FR,4296,HHN,355,FAO,1626,,0,738
FR,4296,HHN,355,OPO,1636,,0,738
FR,4296,HHN,355,CIY,9327,,0,738
FR,4296,LBC,364,BGY,1525,,0,738
FR,4296,DTM,373,STN,548,,0,738
FR,4296,DTM,373,GRO,1222,,0,738
FR,4296,DTM,373,AHO,1517,,0,738
FR,4296,TLL,415,MAN,478,,0,738
FR,4296,TLL,415,STN,548,,0,738
FR,4296,TLL,415,BGY,1525,,0,738
FR,4296,LPP,441,BGY,1525,,0,738
FR,4296,TMP,458,BRE,353,,0,738
FR,4296,TMP,458,HHN,355,,0,738
FR,4296,TMP,458,STN,548,,0,738
FR,4296,TMP,458,ALC,1212,,0,738
FR,4296,TMP,458,BGY,1525,,0,738
FR,4296,LDY,468,LPL,491,,0,738
FR,4296,BHX,469,LDY,468,,0,738
FR,4296,BHX,469,DUB,599,,0,738
FR,4296,BHX,469,KRK,669,,0,738
FR,4296,BHX,469,LPA,1054,,0,738
FR,4296,BHX,469,TFS,1056,,0,738
FR,4296,BHX,469,ALC,1212,,0,738
FR,4296,BHX,469,IBZ,1225,,0,738
FR,4296,BHX,469,REU,1236,,0,738
FR,4296,BHX,469,BTS,1745,,0,738
FR,4296,BHX,469,KUN,3956,,0,738
FR,4296,BHX,469,PMI,3998,,0,738
FR,4296,BHX,469,BZG,5591,,0,738
FR,4296,MAN,478,TLL,415,,0,738
FR,4296,MAN,478,KRK,669,,0,738
FR,4296,MAN,478,RZE,675,,0,738
FR,4296,MAN,478,FUE,1051,,0,738
FR,4296,MAN,478,TFS,1056,,0,738
FR,4296,MAN,478,BCN,1218,,0,738
FR,4296,MAN,478,MAD,1229,,0,738
FR,4296,MAN,478,AGP,1230,,0,738
FR,4296,MAN,478,BVA,1367,,0,738
FR,4296,MAN,478,BUD,1489,,0,738
FR,4296,MAN,478,TPS,1515,,0,738
FR,4296,MAN,478,BGY,1525,,0,738
FR,4296,MAN,478,BLQ,1538,,0,738
FR,4296,MAN,478,LIS,1638,,0,738
FR,4296,BRS,490,DUB,599,,0,738
FR,4296,BRS,490,LPA,1054,,0,738
FR,4296,BRS,490,ACE,1055,,0,738
FR,4296,BRS,490,AGP,1230,,0,738
FR,4296,BRS,490,VLC,1246,,0,738
FR,4296,BRS,490,BGY,1525,,0,738
FR,4296,BRS,490,TSF,1539,,0,738
FR,4296,BRS,490,PMI,3998,,0,738
FR,4296,BRS,490,WMI,8414,,0,738
FR,4296,LPL,491,LDY,468,,0,738
FR,4296,LPL,491,DUB,599,,0,738
FR,4296,LPL,491,NOC,600,,0,738
FR,4296,LPL,491,POZ,674,,0,738
FR,4296,LPL,491,ACE,1055,,0,738
FR,4296,LPL,491,TFS,1056,,0,738
FR,4296,LPL,491,BCN,1218,,0,738
FR,4296,LPL,491,FNI,1439,,0,738
FR,4296,LPL,491,OPO,1636,,0,738
FR,4296,LPL,491,BTS,1745,,0,738
FR,4296,LPL,491,PMI,3998,,0,738
FR,4296,LTN,492,DUB,599,,0,738
FR,4296,LTN,492,BZR,1360,,0,738
FR,4296,BOH,494,TFS,1056,,0,738
FR,4296,BOH,494,GRO,1222,,0,738
FR,4296,BOH,494,RHO,1472,,0,738
FR,4296,BOH,494,PSA,1562,,0,738
FR,4296,BOH,494,FAO,1626,,0,738
FR,4296,LGW,502,SVQ,1253,,0,738
FR,4296,LBA,517,GDN,668,,0,738
FR,4296,LBA,517,FUE,1051,,0,738
FR,4296,LBA,517,TFS,1056,,0,738
FR,4296,LBA,517,GRO,1222,,0,738
FR,4296,LBA,517,LIG,1270,,0,738
FR,4296,LBA,517,MPL,1359,,0,738
FR,4296,LBA,517,KGS,1458,,0,738
FR,4296,LBA,517,CHQ,1474,,0,738
FR,4296,LBA,517,BGY,1525,,0,738
FR,4296,LBA,517,TSF,1539,,0,738
FR,4296,LBA,517,FAO,1626,,0,738
FR,4296,LBA,517,PMI,3998,,0,738
FR,4296,EMA,523,SXF,337,,0,738
FR,4296,EMA,523,DUB,599,,0,738
FR,4296,EMA,523,KRK,669,,0,738
FR,4296,EMA,523,LEI,1213,,0,738
FR,4296,EMA,523,GRO,1222,,0,738
FR,4296,EMA,523,MJV,1227,,0,738
FR,4296,EMA,523,AGP,1230,,0,738
FR,4296,EMA,523,MAH,1231,,0,738
FR,4296,EMA,523,LIG,1270,,0,738
FR,4296,EMA,523,CHQ,1474,,0,738
FR,4296,EMA,523,TSF,1539,,0,738
FR,4296,EMA,523,PSA,1562,,0,738
FR,4296,EDI,535,KRK,669,,0,738
FR,4296,EDI,535,LPA,1054,,0,738
FR,4296,EDI,535,ACE,1055,,0,738
FR,4296,EDI,535,ALC,1212,,0,738
FR,4296,EDI,535,AGP,1230,,0,738
FR,4296,EDI,535,SDR,1251,,0,738
FR,4296,EDI,535,BOD,1264,,0,738
FR,4296,EDI,535,MRS,1353,,0,738
FR,4296,EDI,535,BZR,1360,,0,738
FR,4296,EDI,535,PSA,1562,,0,738
FR,4296,EDI,535,FAO,1626,,0,738
FR,4296,EDI,535,BTS,1745,,0,738
FR,4296,PIK,537,ALC,1212,,0,738
FR,4296,PIK,537,BCN,1218,,0,738
FR,4296,PIK,537,IBZ,1225,,0,738
FR,4296,PIK,537,RIX,3953,,0,738
FR,4296,STN,548,SXF,337,,0,738
FR,4296,STN,548,NUE,347,,0,738
FR,4296,STN,548,BRE,353,,0,738
FR,4296,STN,548,LDY,468,,0,738
FR,4296,STN,548,ORK,596,,0,738
FR,4296,STN,548,SNN,603,,0,738
FR,4296,STN,548,POZ,674,,0,738
FR,4296,STN,548,SZZ,676,,0,738
FR,4296,STN,548,GSE,691,,0,738
FR,4296,STN,548,VST,733,,0,738
FR,4296,STN,548,LPA,1054,,0,738
FR,4296,STN,548,ACE,1055,,0,738
FR,4296,STN,548,RBA,1072,,0,738
FR,4296,STN,548,RAK,1075,,0,738
FR,4296,STN,548,PDV,1193,,0,738
FR,4296,STN,548,GRO,1222,,0,738
FR,4296,STN,548,IBZ,1225,,0,738
FR,4296,STN,548,XRY,1226,,0,738
FR,4296,STN,548,MJV,1227,,0,738
FR,4296,STN,548,AGP,1230,,0,738
FR,4296,STN,548,SDR,1251,,0,738
FR,4296,STN,548,LIG,1270,,0,738
FR,4296,STN,548,BUD,1489,,0,738
FR,4296,STN,548,PSR,1505,,0,738
FR,4296,STN,548,SUF,1508,,0,738
FR,4296,STN,548,AHO,1517,,0,738
FR,4296,STN,548,BGY,1525,,0,738
FR,4296,STN,548,PMF,1531,,0,738
FR,4296,STN,548,CIA,1553,,0,738
FR,4296,STN,548,PRG,1587,,0,738
FR,4296,STN,548,LNZ,1611,,0,738
FR,4296,STN,548,OPO,1636,,0,738
FR,4296,STN,548,TGD,1741,,0,738
FR,4296,STN,548,VNO,3959,,0,738
FR,4296,STN,548,FKB,4166,,0,738
FR,4296,STN,548,NRN,4198,,0,738
FR,4296,STN,548,AOI,4309,,0,738
FR,4296,MST,582,TFS,1056,,0,738
FR,4296,MST,582,GRO,1222,,0,738
FR,4296,MST,582,BRI,1501,,0,738
FR,4296,MST,582,FAO,1626,,0,738
FR,4296,MST,582,PMI,3998,,0,738
FR,4296,EIN,585,DUB,599,,0,738
FR,4296,EIN,585,NOC,600,,0,738
FR,4296,EIN,585,KRK,669,,0,738
FR,4296,EIN,585,LPA,1054,,0,738
FR,4296,EIN,585,IBZ,1225,,0,738
FR,4296,EIN,585,MJV,1227,,0,738
FR,4296,EIN,585,REU,1236,,0,738
FR,4296,EIN,585,CCF,1352,,0,738
FR,4296,EIN,585,CFU,1460,,0,738
FR,4296,EIN,585,CHQ,1474,,0,738
FR,4296,EIN,585,CTA,1509,,0,738
FR,4296,EIN,585,TPS,1515,,0,738
FR,4296,EIN,585,AHO,1517,,0,738
FR,4296,EIN,585,PSA,1562,,0,738
FR,4296,EIN,585,WMI,8414,,0,738
FR,4296,GRQ,586,GRO,1222,,0,738
FR,4296,GRQ,586,PMI,3998,,0,738
FR,4296,ORK,596,FUE,1051,,0,738
FR,4296,ORK,596,LPA,1054,,0,738
FR,4296,ORK,596,TFS,1056,,0,738
FR,4296,ORK,596,AGP,1230,,0,738
FR,4296,ORK,596,FAO,1626,,0,738
FR,4296,ORK,596,PMI,3998,,0,738
FR,4296,DUB,599,CRL,304,,0,738
FR,4296,DUB,599,SXF,337,,0,738
FR,4296,DUB,599,BRE,353,,0,738
FR,4296,DUB,599,HHN,355,,0,738
FR,4296,DUB,599,BHX,469,,0,738
FR,4296,DUB,599,MAN,478,,0,738
FR,4296,DUB,599,LPL,491,,0,738
FR,4296,DUB,599,LGW,502,,0,738
FR,4296,DUB,599,LBA,517,,0,738
FR,4296,DUB,599,NCL,521,,0,738
FR,4296,DUB,599,PIK,537,,0,738
FR,4296,DUB,599,KRK,669,,0,738
FR,4296,DUB,599,KTW,671,,0,738
FR,4296,DUB,599,POZ,674,,0,738
FR,4296,DUB,599,WRO,680,,0,738
FR,4296,DUB,599,GRO,1222,,0,738
FR,4296,DUB,599,IBZ,1225,,0,738
FR,4296,DUB,599,MAD,1229,,0,738
FR,4296,DUB,599,VLC,1246,,0,738
FR,4296,DUB,599,SVQ,1253,,0,738
FR,4296,DUB,599,BIQ,1280,,0,738
FR,4296,DUB,599,NCE,1354,,0,738
FR,4296,DUB,599,BVA,1367,,0,738
FR,4296,DUB,599,CHQ,1474,,0,738
FR,4296,DUB,599,TSF,1539,,0,738
FR,4296,DUB,599,CIA,1553,,0,738
FR,4296,DUB,599,PSA,1562,,0,738
FR,4296,DUB,599,LIS,1638,,0,738
FR,4296,DUB,599,BTS,1745,,0,738
FR,4296,DUB,599,VNO,3959,,0,738
FR,4296,DUB,599,LRH,6493,,0,738
FR,4296,DUB,599,WMI,8414,,0,738
FR,4296,NOC,600,BRS,490,,0,738
FR,4296,NOC,600,LTN,492,,0,738
FR,4296,NOC,600,EMA,523,,0,738
FR,4296,NOC,600,EIN,585,,0,738
FR,4296,NOC,600,FAO,1626,,0,738
FR,4296,NOC,600,KUN,3956,,0,738
FR,4296,KIR,601,STN,548,,0,738
FR,4296,SNN,603,SXF,337,,0,738
FR,4296,SNN,603,KRK,669,,0,738
FR,4296,SNN,603,ACE,1055,,0,738
FR,4296,SNN,603,PIS,1268,,0,738
FR,4296,SNN,603,BVA,1367,,0,738
FR,4296,SNN,603,PMI,3998,,0,738
FR,4296,AAR,607,STN,548,,0,738
FR,4296,AAR,607,PMI,3998,,0,738
FR,4296,BLL,608,STN,548,,0,738
FR,4296,BLL,608,TFS,1056,,0,738
FR,4296,BLL,608,GRO,1222,,0,738
FR,4296,BLL,608,CCF,1352,,0,738
FR,4296,BLL,608,CFU,1460,,0,738
FR,4296,BLL,608,CHQ,1474,,0,738
FR,4296,BLL,608,AHO,1517,,0,738
FR,4296,BLL,608,TSF,1539,,0,738
FR,4296,BLL,608,PMI,3998,,0,738
FR,4296,HAU,645,STN,548,,0,738
FR,4296,HAU,645,ALC,1212,,0,738
FR,4296,RYG,657,MAN,478,,0,738
FR,4296,RYG,657,EDI,535,,0,738
FR,4296,RYG,657,DUB,599,,0,738
FR,4296,RYG,657,RZE,675,,0,738
FR,4296,RYG,657,ZAD,1209,,0,738
FR,4296,RYG,657,ALC,1212,,0,738
FR,4296,RYG,657,BCN,1218,,0,738
FR,4296,RYG,657,CFU,1460,,0,738
FR,4296,RYG,657,RHO,1472,,0,738
FR,4296,RYG,657,BLQ,1538,,0,738
FR,4296,RYG,657,TSF,1539,,0,738
FR,4296,RYG,657,RIX,3953,,0,738
FR,4296,RYG,657,VNO,3959,,0,738
FR,4296,TRF,664,LPL,491,,0,738
FR,4296,TRF,664,AGP,1230,,0,738
FR,4296,TRF,664,AHO,1517,,0,738
FR,4296,TRF,664,PSA,1562,,0,738
FR,4296,GDN,668,BRS,490,,0,738
FR,4296,GDN,668,LBA,517,,0,738
FR,4296,GDN,668,ORK,596,,0,738
FR,4296,GDN,668,DUB,599,,0,738
FR,4296,GDN,668,PSA,1562,,0,738
FR,4296,GDN,668,WMI,8414,,0,738
FR,4296,KRK,669,DTM,373,,0,738
FR,4296,KRK,669,LBA,517,,0,738
FR,4296,KRK,669,EDI,535,,0,738
FR,4296,KRK,669,STN,548,,0,738
FR,4296,KRK,669,EIN,585,,0,738
FR,4296,KRK,669,RYG,657,,0,738
FR,4296,KRK,669,NYO,699,,0,738
FR,4296,KRK,669,PFO,1198,,0,738
FR,4296,KRK,669,BVA,1367,,0,738
FR,4296,KRK,669,TPS,1515,,0,738
FR,4296,KRK,669,CIA,1553,,0,738
FR,4296,KRK,669,PSA,1562,,0,738
FR,4296,KRK,669,MLA,1606,,0,738
FR,4296,KTW,671,STN,548,,0,738
FR,4296,KTW,671,CHQ,1474,,0,738
FR,4296,POZ,674,EDI,535,,0,738
FR,4296,POZ,674,STN,548,,0,738
FR,4296,POZ,674,DUB,599,,0,738
FR,4296,RZE,675,MAN,478,,0,738
FR,4296,RZE,675,LTN,492,,0,738
FR,4296,RZE,675,STN,548,,0,738
FR,4296,SZZ,676,LPL,491,,0,738
FR,4296,SZZ,676,DUB,599,,0,738
FR,4296,WRO,680,BRS,490,,0,738
FR,4296,WRO,680,LPL,491,,0,738
FR,4296,WRO,680,PIK,537,,0,738
FR,4296,WRO,680,DUB,599,,0,738
FR,4296,WRO,680,SNN,603,,0,738
FR,4296,WRO,680,ALC,1212,,0,738
FR,4296,WRO,680,CHQ,1474,,0,738
FR,4296,WRO,680,MLA,1606,,0,738
FR,4296,WRO,680,WMI,8414,,0,738
FR,4296,GSE,691,STN,548,,0,738
FR,4296,GSE,691,AGP,1230,,0,738
FR,4296,GSE,691,CIA,1553,,0,738
FR,4296,GSE,691,PMI,3998,,0,738
FR,4296,NYO,699,CRL,304,,0,738
FR,4296,NYO,699,BRE,353,,0,738
FR,4296,NYO,699,KRK,669,,0,738
FR,4296,NYO,699,RJK,1205,,0,738
FR,4296,NYO,699,BIQ,1280,,0,738
FR,4296,NYO,699,BZR,1360,,0,738
FR,4296,NYO,699,BVA,1367,,0,738
FR,4296,NYO,699,RHO,1472,,0,738
FR,4296,NYO,699,SKG,1486,,0,738
FR,4296,NYO,699,AHO,1517,,0,738
FR,4296,NYO,699,TSF,1539,,0,738
FR,4296,NYO,699,PMI,3998,,0,738
FR,4296,VXO,711,ALC,1212,,0,738
FR,4296,VST,733,STN,548,,0,738
FR,4296,VST,733,ALC,1212,,0,738
FR,4296,VST,733,AGP,1230,,0,738
FR,4296,FUE,1051,CRL,304,,0,738
FR,4296,FUE,1051,MAN,478,,0,738
FR,4296,FUE,1051,LTN,492,,0,738
FR,4296,FUE,1051,LBA,517,,0,738
FR,4296,FUE,1051,EMA,523,,0,738
FR,4296,FUE,1051,PIK,537,,0,738
FR,4296,FUE,1051,DUB,599,,0,738
FR,4296,FUE,1051,PSA,1562,,0,738
FR,4296,LPA,1054,BRE,353,,0,738
FR,4296,LPA,1054,LTN,492,,0,738
FR,4296,LPA,1054,STN,548,,0,738
FR,4296,LPA,1054,EIN,585,,0,738
FR,4296,LPA,1054,BCN,1218,,0,738
FR,4296,LPA,1054,SDR,1251,,0,738
FR,4296,LPA,1054,PSA,1562,,0,738
FR,4296,LPA,1054,NRN,4198,,0,738
FR,4296,ACE,1055,CRL,304,,0,738
FR,4296,ACE,1055,LPL,491,,0,738
FR,4296,ACE,1055,BOH,494,,0,738
FR,4296,ACE,1055,PIK,537,,0,738
FR,4296,ACE,1055,STN,548,,0,738
FR,4296,ACE,1055,DUB,599,,0,738
FR,4296,ACE,1055,MAD,1229,,0,738
FR,4296,ACE,1055,ZAZ,1252,,0,738
FR,4296,ACE,1055,BLQ,1538,,0,738
FR,4296,TFS,1056,CRL,304,,0,738
FR,4296,TFS,1056,MAN,478,,0,738
FR,4296,TFS,1056,LPL,491,,0,738
FR,4296,TFS,1056,LBA,517,,0,738
FR,4296,TFS,1056,EMA,523,,0,738
FR,4296,TFS,1056,MST,582,,0,738
FR,4296,TFS,1056,SNN,603,,0,738
FR,4296,TFS,1056,SDR,1251,,0,738
FR,4296,TFS,1056,SVQ,1253,,0,738
FR,4296,TFS,1056,PSA,1562,,0,738
FR,4296,TFN,1057,BCN,1218,,0,738
FR,4296,FEZ,1066,HHN,355,,0,738
FR,4296,FEZ,1066,STN,548,,0,738
FR,4296,FEZ,1066,BCN,1218,,0,738
FR,4296,FEZ,1066,FNI,1439,,0,738
FR,4296,FEZ,1066,BGY,1525,,0,738
FR,4296,OUD,1070,CRL,304,,0,738
FR,4296,RBA,1072,STN,548,,0,738
FR,4296,RBA,1072,MRS,1353,,0,738
FR,4296,RAK,1075,HHN,355,,0,738
FR,4296,RAK,1075,STN,548,,0,738
FR,4296,RAK,1075,MAD,1229,,0,738
FR,4296,RAK,1075,SVQ,1253,,0,738
FR,4296,RAK,1075,DLE,1309,,0,738
FR,4296,RAK,1075,MRS,1353,,0,738
FR,4296,TNG,1080,CRL,304,,0,738
FR,4296,TNG,1080,MAD,1229,,0,738
FR,4296,PDV,1193,HHN,355,,0,738
FR,4296,PDV,1193,STN,548,,0,738
FR,4296,PFO,1198,STN,548,,0,738
FR,4296,PFO,1198,GPA,1473,,0,738
FR,4296,PFO,1198,SKG,1486,,0,738
FR,4296,OSI,1202,STN,548,,0,738
FR,4296,PUY,1203,RYG,657,,0,738
FR,4296,ZAD,1209,HHN,355,,0,738
FR,4296,ZAD,1209,MAN,478,,0,738
FR,4296,ZAD,1209,STN,548,,0,738
FR,4296,ZAD,1209,BLL,608,,0,738
FR,4296,ZAD,1209,RYG,657,,0,738
FR,4296,ZAD,1209,GSE,691,,0,738
FR,4296,ZAD,1209,MRS,1353,,0,738
FR,4296,ZAD,1209,BVA,1367,,0,738
FR,4296,ALC,1212,CRL,304,,0,738
FR,4296,ALC,1212,BRE,353,,0,738
FR,4296,ALC,1212,HHN,355,,0,738
FR,4296,ALC,1212,TMP,458,,0,738
FR,4296,ALC,1212,BHX,469,,0,738
FR,4296,ALC,1212,BRS,490,,0,738
FR,4296,ALC,1212,LPL,491,,0,738
FR,4296,ALC,1212,LBA,517,,0,738
FR,4296,ALC,1212,EIN,585,,0,738
FR,4296,ALC,1212,DUB,599,,0,738
FR,4296,ALC,1212,KIR,601,,0,738
FR,4296,ALC,1212,HAU,645,,0,738
FR,4296,ALC,1212,WRO,680,,0,738
FR,4296,ALC,1212,GSE,691,,0,738
FR,4296,ALC,1212,VXO,711,,0,738
FR,4296,ALC,1212,BLQ,1538,,0,738
FR,4296,ALC,1212,FMM,3986,,0,738
FR,4296,ALC,1212,NRN,4198,,0,738
FR,4296,LEI,1213,STN,548,,0,738
FR,4296,LEI,1213,DUB,599,,0,738
FR,4296,BCN,1218,BRU,302,,0,738
FR,4296,BCN,1218,BHX,469,,0,738
FR,4296,BCN,1218,LPL,491,,0,738
FR,4296,BCN,1218,EMA,523,,0,738
FR,4296,BCN,1218,EDI,535,,0,738
FR,4296,BCN,1218,DUB,599,,0,738
FR,4296,BCN,1218,FUE,1051,,0,738
FR,4296,BCN,1218,TFN,1057,,0,738
FR,4296,BCN,1218,XRY,1226,,0,738
FR,4296,BCN,1218,SCQ,1243,,0,738
FR,4296,BCN,1218,BVA,1367,,0,738
FR,4296,BCN,1218,BUD,1489,,0,738
FR,4296,BCN,1218,TRN,1526,,0,738
FR,4296,BCN,1218,BLQ,1538,,0,738
FR,4296,BCN,1218,CIA,1553,,0,738
FR,4296,BCN,1218,NDR,5673,,0,738
FR,4296,GRO,1222,LPP,441,,0,738
FR,4296,GRO,1222,BRS,490,,0,738
FR,4296,GRO,1222,MST,582,,0,738
FR,4296,GRO,1222,EIN,585,,0,738
FR,4296,GRO,1222,DUB,599,,0,738
FR,4296,GRO,1222,BLL,608,,0,738
FR,4296,GRO,1222,BVA,1367,,0,738
FR,4296,GRO,1222,PSR,1505,,0,738
FR,4296,GRO,1222,MLA,1606,,0,738
FR,4296,IBZ,1225,HHN,355,,0,738
FR,4296,IBZ,1225,PIK,537,,0,738
FR,4296,IBZ,1225,STN,548,,0,738
FR,4296,IBZ,1225,DUB,599,,0,738
FR,4296,IBZ,1225,BCN,1218,,0,738
FR,4296,IBZ,1225,AGP,1230,,0,738
FR,4296,IBZ,1225,VLC,1246,,0,738
FR,4296,IBZ,1225,BGY,1525,,0,738
FR,4296,IBZ,1225,CIA,1553,,0,738
FR,4296,IBZ,1225,NRN,4198,,0,738
FR,4296,XRY,1226,STN,548,,0,738
FR,4296,XRY,1226,BCN,1218,,0,738
FR,4296,MJV,1227,LTN,492,,0,738
FR,4296,MJV,1227,LBA,517,,0,738
FR,4296,MJV,1227,STN,548,,0,738
FR,4296,MJV,1227,EIN,585,,0,738
FR,4296,MAD,1229,CRL,304,,0,738
FR,4296,MAD,1229,STN,548,,0,738
FR,4296,MAD,1229,DUB,599,,0,738
FR,4296,MAD,1229,FUE,1051,,0,738
FR,4296,MAD,1229,LPA,1054,,0,738
FR,4296,MAD,1229,ACE,1055,,0,738
FR,4296,MAD,1229,TNG,1080,,0,738
FR,4296,MAD,1229,IBZ,1225,,0,738
FR,4296,MAD,1229,MRS,1353,,0,738
FR,4296,MAD,1229,PMO,1512,,0,738
FR,4296,MAD,1229,BGY,1525,,0,738
FR,4296,MAD,1229,CIA,1553,,0,738
FR,4296,MAD,1229,MLA,1606,,0,738
FR,4296,AGP,1230,CGN,344,,0,738
FR,4296,AGP,1230,LPL,491,,0,738
FR,4296,AGP,1230,BOH,494,,0,738
FR,4296,AGP,1230,EIN,585,,0,738
FR,4296,AGP,1230,NOC,600,,0,738
FR,4296,AGP,1230,AAR,607,,0,738
FR,4296,AGP,1230,HAU,645,,0,738
FR,4296,AGP,1230,WRO,680,,0,738
FR,4296,AGP,1230,GSE,691,,0,738
FR,4296,AGP,1230,MMX,708,,0,738
FR,4296,AGP,1230,VST,733,,0,738
FR,4296,AGP,1230,BCN,1218,,0,738
FR,4296,AGP,1230,IBZ,1225,,0,738
FR,4296,AGP,1230,BGY,1525,,0,738
FR,4296,AGP,1230,TSF,1539,,0,738
FR,4296,AGP,1230,CIA,1553,,0,738
FR,4296,AGP,1230,PMI,3998,,0,738
FR,4296,MAH,1231,BCN,1218,,0,738
FR,4296,REU,1236,CRL,304,,0,738
FR,4296,REU,1236,LPL,491,,0,738
FR,4296,REU,1236,EMA,523,,0,738
FR,4296,REU,1236,STN,548,,0,738
FR,4296,REU,1236,EIN,585,,0,738
FR,4296,SCQ,1243,ACE,1055,,0,738
FR,4296,SCQ,1243,ALC,1212,,0,738
FR,4296,SCQ,1243,MAD,1229,,0,738
FR,4296,VLC,1246,HHN,355,,0,738
FR,4296,VLC,1246,TFS,1056,,0,738
FR,4296,VLC,1246,IBZ,1225,,0,738
FR,4296,VLC,1246,BLQ,1538,,0,738
FR,4296,VLC,1246,TRS,1545,,0,738
FR,4296,VLC,1246,PSA,1562,,0,738
FR,4296,VLC,1246,PMI,3998,,0,738
FR,4296,SDR,1251,CRL,304,,0,738
FR,4296,SDR,1251,HHN,355,,0,738
FR,4296,SDR,1251,LPA,1054,,0,738
FR,4296,SDR,1251,TFS,1056,,0,738
FR,4296,SDR,1251,BCN,1218,,0,738
FR,4296,SDR,1251,AGP,1230,,0,738
FR,4296,SDR,1251,BGY,1525,,0,738
FR,4296,SDR,1251,CIA,1553,,0,738
FR,4296,SDR,1251,NRN,4198,,0,738
FR,4296,ZAZ,1252,STN,548,,0,738
FR,4296,SVQ,1253,CRL,304,,0,738
FR,4296,SVQ,1253,STN,548,,0,738
FR,4296,SVQ,1253,EIN,585,,0,738
FR,4296,SVQ,1253,DUB,599,,0,738
FR,4296,SVQ,1253,LPA,1054,,0,738
FR,4296,SVQ,1253,ACE,1055,,0,738
FR,4296,SVQ,1253,TFS,1056,,0,738
FR,4296,SVQ,1253,RAK,1075,,0,738
FR,4296,SVQ,1253,MRS,1353,,0,738
FR,4296,SVQ,1253,BRI,1501,,0,738
FR,4296,SVQ,1253,BGY,1525,,0,738
FR,4296,SVQ,1253,PSA,1562,,0,738
FR,4296,SVQ,1253,PMI,3998,,0,738
FR,4296,BOD,1264,CRL,304,,0,738
FR,4296,BOD,1264,MRS,1353,,0,738
FR,4296,EGC,1265,CRL,304,,0,738
FR,4296,EGC,1265,EMA,523,,0,738
FR,4296,EGC,1265,STN,548,,0,738
FR,4296,PIS,1268,SNN,603,,0,738
FR,4296,LIG,1270,BRS,490,,0,738
FR,4296,LIG,1270,LPL,491,,0,738
FR,4296,LIG,1270,EMA,523,,0,738
FR,4296,BIQ,1280,CRL,304,,0,738
FR,4296,RDZ,1289,CRL,304,,0,738
FR,4296,RDZ,1289,DUB,599,,0,738
FR,4296,DLE,1309,OPO,1636,,0,738
FR,4296,DLE,1309,LIS,1638,,0,738
FR,4296,CFE,1330,OPO,1636,,0,738
FR,4296,EBU,1350,FEZ,1066,,0,738
FR,4296,EBU,1350,OPO,1636,,0,738
FR,4296,CCF,1352,PIK,537,,0,738
FR,4296,CCF,1352,STN,548,,0,738
FR,4296,CCF,1352,DUB,599,,0,738
FR,4296,CCF,1352,OPO,1636,,0,738
FR,4296,MRS,1353,EIN,585,,0,738
FR,4296,MRS,1353,FEZ,1066,,0,738
FR,4296,MRS,1353,OUD,1070,,0,738
FR,4296,MRS,1353,TNG,1080,,0,738
FR,4296,MRS,1353,VLC,1246,,0,738
FR,4296,MRS,1353,TUF,1376,,0,738
FR,4296,MRS,1353,LIL,1399,,0,738
FR,4296,MRS,1353,BES,1403,,0,738
FR,4296,MRS,1353,NTE,1418,,0,738
FR,4296,MRS,1353,CHQ,1474,,0,738
FR,4296,MRS,1353,CAG,1519,,0,738
FR,4296,MRS,1353,MLA,1606,,0,738
FR,4296,MRS,1353,ESU,5671,,0,738
FR,4296,MPL,1359,CRL,304,,0,738
FR,4296,MPL,1359,LBA,517,,0,738
FR,4296,BZR,1360,MAN,478,,0,738
FR,4296,BZR,1360,BRS,490,,0,738
FR,4296,BZR,1360,EDI,535,,0,738
FR,4296,BZR,1360,RYG,657,,0,738
FR,4296,BZR,1360,NYO,699,,0,738
FR,4296,BVA,1367,SNN,603,,0,738
FR,4296,BVA,1367,RYG,657,,0,738
FR,4296,BVA,1367,KRK,669,,0,738
FR,4296,BVA,1367,GSE,691,,0,738
FR,4296,BVA,1367,NYO,699,,0,738
FR,4296,BVA,1367,ACE,1055,,0,738
FR,4296,BVA,1367,FEZ,1066,,0,738
FR,4296,BVA,1367,OUD,1070,,0,738
FR,4296,BVA,1367,RBA,1072,,0,738
FR,4296,BVA,1367,RAK,1075,,0,738
FR,4296,BVA,1367,BCN,1218,,0,738
FR,4296,BVA,1367,MAD,1229,,0,738
FR,4296,BVA,1367,VLC,1246,,0,738
FR,4296,BVA,1367,PSR,1505,,0,738
FR,4296,BVA,1367,AHO,1517,,0,738
FR,4296,BVA,1367,TSF,1539,,0,738
FR,4296,BVA,1367,TRS,1545,,0,738
FR,4296,BVA,1367,PSA,1562,,0,738
FR,4296,BVA,1367,OPO,1636,,0,738
FR,4296,BVA,1367,LIS,1638,,0,738
FR,4296,BVA,1367,BTS,1745,,0,738
FR,4296,BVA,1367,VNO,3959,,0,738
FR,4296,BVA,1367,PMI,3998,,0,738
FR,4296,BVA,1367,WMI,8414,,0,738
FR,4296,XCR,1374,RAK,1075,,0,738
FR,4296,XCR,1374,OPO,1636,,0,738
FR,4296,TUF,1376,STN,548,,0,738
FR,4296,TUF,1376,OPO,1636,,0,738
FR,4296,LIL,1399,MRS,1353,,0,738
FR,4296,LIL,1399,OPO,1636,,0,738
FR,4296,BES,1403,MRS,1353,,0,738
FR,4296,TLN,1438,STN,548,,0,738
FR,4296,FNI,1439,CRL,304,,0,738
FR,4296,FNI,1439,FEZ,1066,,0,738
FR,4296,VOL,1448,CRL,304,,0,738
FR,4296,EFL,1455,STN,548,,0,738
FR,4296,KGS,1458,KUN,3956,,0,738
FR,4296,CFU,1460,BRE,353,,0,738
FR,4296,CFU,1460,EDI,535,,0,738
FR,4296,CFU,1460,PIK,537,,0,738
FR,4296,CFU,1460,STN,548,,0,738
FR,4296,RHO,1472,CRL,304,,0,738
FR,4296,RHO,1472,EMA,523,,0,738
FR,4296,CHQ,1474,CRL,304,,0,738
FR,4296,CHQ,1474,STN,548,,0,738
FR,4296,CHQ,1474,EIN,585,,0,738
FR,4296,CHQ,1474,RYG,657,,0,738
FR,4296,CHQ,1474,NYO,699,,0,738
FR,4296,CHQ,1474,BGY,1525,,0,738
FR,4296,CHQ,1474,ATH,3941,,0,738
FR,4296,CHQ,1474,VNO,3959,,0,738
FR,4296,CHQ,1474,FMM,3986,,0,738
FR,4296,SKG,1486,RYG,657,,0,738
FR,4296,SKG,1486,NYO,699,,0,738
FR,4296,SKG,1486,CHQ,1474,,0,738
FR,4296,SKG,1486,BGY,1525,,0,738
FR,4296,SKG,1486,NRN,4198,,0,738
FR,4296,BUD,1489,CRL,304,,0,738
FR,4296,BUD,1489,MAN,478,,0,738
FR,4296,BUD,1489,BCN,1218,,0,738
FR,4296,BUD,1489,BGY,1525,,0,738
FR,4296,BUD,1489,PSA,1562,,0,738
FR,4296,BRI,1501,CRL,304,,0,738
FR,4296,BRI,1501,STN,548,,0,738
FR,4296,BRI,1501,VLC,1246,,0,738
FR,4296,BRI,1501,SVQ,1253,,0,738
FR,4296,BRI,1501,BVA,1367,,0,738
FR,4296,BRI,1501,CAG,1519,,0,738
FR,4296,BRI,1501,GOA,1528,,0,738
FR,4296,BRI,1501,BLQ,1538,,0,738
FR,4296,BRI,1501,TSF,1539,,0,738
FR,4296,BRI,1501,PSA,1562,,0,738
FR,4296,PSR,1505,CRL,304,,0,738
FR,4296,PSR,1505,BVA,1367,,0,738
FR,4296,PSR,1505,CAG,1519,,0,738
FR,4296,PSR,1505,BGY,1525,,0,738
FR,4296,PSR,1505,NRN,4198,,0,738
FR,4296,BDS,1506,STN,548,,0,738
FR,4296,BDS,1506,EIN,585,,0,738
FR,4296,BDS,1506,BVA,1367,,0,738
FR,4296,BDS,1506,BGY,1525,,0,738
FR,4296,SUF,1508,BLQ,1538,,0,738
FR,4296,SUF,1508,NRN,4198,,0,738
FR,4296,CTA,1509,TRN,1526,,0,738
FR,4296,CTA,1509,FCO,1555,,0,738
FR,4296,PMO,1512,STN,548,,0,738
FR,4296,PMO,1512,SVQ,1253,,0,738
FR,4296,PMO,1512,TSF,1539,,0,738
FR,4296,PMO,1512,FCO,1555,,0,738
FR,4296,PMO,1512,PSA,1562,,0,738
FR,4296,PMO,1512,NRN,4198,,0,738
FR,4296,TPS,1515,CRL,304,,0,738
FR,4296,TPS,1515,MST,582,,0,738
FR,4296,TPS,1515,KRK,669,,0,738
FR,4296,TPS,1515,BGY,1525,,0,738
FR,4296,TPS,1515,TRN,1526,,0,738
FR,4296,TPS,1515,CUF,1534,,0,738
FR,4296,TPS,1515,BLQ,1538,,0,738
FR,4296,TPS,1515,TRS,1545,,0,738
FR,4296,TPS,1515,BTS,1745,,0,738
FR,4296,TPS,1515,KUN,3956,,0,738
FR,4296,TPS,1515,FKB,4166,,0,738
FR,4296,TPS,1515,WMI,8414,,0,738
FR,4296,AHO,1517,HHN,355,,0,738
FR,4296,AHO,1517,BLL,608,,0,738
FR,4296,AHO,1517,BGY,1525,,0,738
FR,4296,AHO,1517,PMF,1531,,0,738
FR,4296,AHO,1517,CUF,1534,,0,738
FR,4296,AHO,1517,BLQ,1538,,0,738
FR,4296,AHO,1517,TRS,1545,,0,738
FR,4296,AHO,1517,NRN,4198,,0,738
FR,4296,AHO,1517,AOI,4309,,0,738
FR,4296,CAG,1519,HHN,355,,0,738
FR,4296,CAG,1519,BRI,1501,,0,738
FR,4296,CAG,1519,PSR,1505,,0,738
FR,4296,CAG,1519,BGY,1525,,0,738
FR,4296,CAG,1519,TSF,1539,,0,738
FR,4296,CAG,1519,PSA,1562,,0,738
FR,4296,BGY,1525,MAN,478,,0,738
FR,4296,BGY,1525,DUB,599,,0,738
FR,4296,BGY,1525,GSE,691,,0,738
FR,4296,BGY,1525,NYO,699,,0,738
FR,4296,BGY,1525,ACE,1055,,0,738
FR,4296,BGY,1525,RAK,1075,,0,738
FR,4296,BGY,1525,BCN,1218,,0,738
FR,4296,BGY,1525,MAD,1229,,0,738
FR,4296,BGY,1525,VLC,1246,,0,738
FR,4296,BGY,1525,LDE,1276,,0,738
FR,4296,BGY,1525,KGS,1458,,0,738
FR,4296,BGY,1525,CHQ,1474,,0,738
FR,4296,BGY,1525,SKG,1486,,0,738
FR,4296,BGY,1525,BRI,1501,,0,738
FR,4296,BGY,1525,TPS,1515,,0,738
FR,4296,BGY,1525,MLA,1606,,0,738
FR,4296,BGY,1525,RIX,3953,,0,738
FR,4296,BGY,1525,PMI,3998,,0,738
FR,4296,BGY,1525,WMI,8414,,0,738
FR,4296,TRN,1526,BCN,1218,,0,738
FR,4296,TRN,1526,CTA,1509,,0,738
FR,4296,TRN,1526,TPS,1515,,0,738
FR,4296,GOA,1528,CRL,304,,0,738
FR,4296,PMF,1531,STN,548,,0,738
FR,4296,CUF,1534,AHO,1517,,0,738
FR,4296,CUF,1534,CAG,1519,,0,738
FR,4296,BLQ,1538,EDI,535,,0,738
FR,4296,BLQ,1538,RYG,657,,0,738
FR,4296,BLQ,1538,KRK,669,,0,738
FR,4296,BLQ,1538,WRO,680,,0,738
FR,4296,BLQ,1538,ACE,1055,,0,738
FR,4296,BLQ,1538,ALC,1212,,0,738
FR,4296,BLQ,1538,VLC,1246,,0,738
FR,4296,BLQ,1538,BRI,1501,,0,738
FR,4296,BLQ,1538,CTA,1509,,0,738
FR,4296,BLQ,1538,PMO,1512,,0,738
FR,4296,BLQ,1538,TPS,1515,,0,738
FR,4296,BLQ,1538,MLA,1606,,0,738
FR,4296,BLQ,1538,PMI,3998,,0,738
FR,4296,BLQ,1538,WMI,8414,,0,738
FR,4296,TSF,1539,CRL,304,,0,738
FR,4296,TSF,1539,BRE,353,,0,738
FR,4296,TSF,1539,BRS,490,,0,738
FR,4296,TSF,1539,LBA,517,,0,738
FR,4296,TSF,1539,STN,548,,0,738
FR,4296,TSF,1539,BUD,1489,,0,738
FR,4296,TSF,1539,TPS,1515,,0,738
FR,4296,TSF,1539,AHO,1517,,0,738
FR,4296,TSF,1539,CAG,1519,,0,738
FR,4296,TRS,1545,CRL,304,,0,738
FR,4296,TRS,1545,STN,548,,0,738
FR,4296,TRS,1545,VLC,1246,,0,738
FR,4296,CIA,1553,CRL,304,,0,738
FR,4296,CIA,1553,EMA,523,,0,738
FR,4296,CIA,1553,EDI,535,,0,738
FR,4296,CIA,1553,STN,548,,0,738
FR,4296,CIA,1553,BLL,608,,0,738
FR,4296,CIA,1553,RYG,657,,0,738
FR,4296,CIA,1553,GSE,691,,0,738
FR,4296,CIA,1553,NYO,699,,0,738
FR,4296,CIA,1553,SVQ,1253,,0,738
FR,4296,CIA,1553,BVA,1367,,0,738
FR,4296,CIA,1553,CFU,1460,,0,738
FR,4296,CIA,1553,CHQ,1474,,0,738
FR,4296,CIA,1553,AHO,1517,,0,738
FR,4296,CIA,1553,CAG,1519,,0,738
FR,4296,CIA,1553,PMI,3998,,0,738
FR,4296,CIA,1553,FKB,4166,,0,738
FR,4296,PSA,1562,CRL,304,,0,738
FR,4296,PSA,1562,HHN,355,,0,738
FR,4296,PSA,1562,EDI,535,,0,738
FR,4296,PSA,1562,EIN,585,,0,738
FR,4296,PSA,1562,HAU,645,,0,738
FR,4296,PSA,1562,TRF,664,,0,738
FR,4296,PSA,1562,NYO,699,,0,738
FR,4296,PSA,1562,FUE,1051,,0,738
FR,4296,PSA,1562,FEZ,1066,,0,738
FR,4296,PSA,1562,RAK,1075,,0,738
FR,4296,PSA,1562,SKG,1486,,0,738
FR,4296,PSA,1562,BDS,1506,,0,738
FR,4296,PSA,1562,TPS,1515,,0,738
FR,4296,PSA,1562,MLA,1606,,0,738
FR,4296,PSA,1562,WMI,8414,,0,738
FR,4296,PEG,1567,CAG,1519,,0,738
FR,4296,PRG,1587,STN,548,,0,738
FR,4296,BRQ,1588,STN,548,,0,738
FR,4296,MLA,1606,BHX,469,,0,738
FR,4296,MLA,1606,LPL,491,,0,738
FR,4296,MLA,1606,EDI,535,,0,738
FR,4296,MLA,1606,PIK,537,,0,738
FR,4296,MLA,1606,RYG,657,,0,738
FR,4296,MLA,1606,KRK,669,,0,738
FR,4296,MLA,1606,WRO,680,,0,738
FR,4296,MLA,1606,GSE,691,,0,738
FR,4296,MLA,1606,NYO,699,,0,738
FR,4296,MLA,1606,GRO,1222,,0,738
FR,4296,MLA,1606,MRS,1353,,0,738
FR,4296,MLA,1606,TPS,1515,,0,738
FR,4296,MLA,1606,BLQ,1538,,0,738
FR,4296,SZG,1612,STN,548,,0,738
FR,4296,FAO,1626,CRL,304,,0,738
FR,4296,FAO,1626,HHN,355,,0,738
FR,4296,FAO,1626,LDY,468,,0,738
FR,4296,FAO,1626,LPL,491,,0,738
FR,4296,FAO,1626,EMA,523,,0,738
FR,4296,FAO,1626,EDI,535,,0,738
FR,4296,FAO,1626,EIN,585,,0,738
FR,4296,FAO,1626,ORK,596,,0,738
FR,4296,FAO,1626,KIR,601,,0,738
FR,4296,FAO,1626,SNN,603,,0,738
FR,4296,FAO,1626,OPO,1636,,0,738
FR,4296,FAO,1626,FMM,3986,,0,738
FR,4296,FAO,1626,NRN,4198,,0,738
FR,4296,OPO,1636,BRE,353,,0,738
FR,4296,OPO,1636,HHN,355,,0,738
FR,4296,OPO,1636,STN,548,,0,738
FR,4296,OPO,1636,MST,582,,0,738
FR,4296,OPO,1636,EIN,585,,0,738
FR,4296,OPO,1636,TFS,1056,,0,738
FR,4296,OPO,1636,VLC,1246,,0,738
FR,4296,OPO,1636,CFE,1330,,0,738
FR,4296,OPO,1636,XCR,1374,,0,738
FR,4296,OPO,1636,LIL,1399,,0,738
FR,4296,OPO,1636,BLQ,1538,,0,738
FR,4296,LIS,1638,BRU,302,,0,738
FR,4296,LIS,1638,STN,548,,0,738
FR,4296,LIS,1638,DLE,1309,,0,738
FR,4296,LIS,1638,BVA,1367,,0,738
FR,4296,OTP,1657,DUB,599,,0,738
FR,4296,BTS,1745,CRL,304,,0,738
FR,4296,BTS,1745,BHX,469,,0,738
FR,4296,BTS,1745,EDI,535,,0,738
FR,4296,BTS,1745,STN,548,,0,738
FR,4296,BTS,1745,BGY,1525,,0,738
FR,4296,ATH,3941,BGY,1525,,0,738
FR,4296,RIX,3953,BRE,353,,0,738
FR,4296,RIX,3953,EMA,523,,0,738
FR,4296,RIX,3953,RYG,657,,0,738
FR,4296,KUN,3956,BHX,469,,0,738
FR,4296,KUN,3956,DUB,599,,0,738
FR,4296,KUN,3956,RYG,657,,0,738
FR,4296,KUN,3956,KGS,1458,,0,738
FR,4296,KUN,3956,RHO,1472,,0,738
FR,4296,KUN,3956,TPS,1515,,0,738
FR,4296,KUN,3956,CAG,1519,,0,738
FR,4296,KUN,3956,MLA,1606,,0,738
FR,4296,KUN,3956,PMI,3998,,0,738
FR,4296,KUN,3956,CIY,9327,,0,738
FR,4296,VNO,3959,BRE,353,,0,738
FR,4296,VNO,3959,STN,548,,0,738
FR,4296,VNO,3959,ORK,596,,0,738
FR,4296,VNO,3959,BVA,1367,,0,738
FR,4296,VNO,3959,CHQ,1474,,0,738
FR,4296,VNO,3959,BGY,1525,,0,738
FR,4296,FMM,3986,TFS,1056,,0,738
FR,4296,FMM,3986,ALC,1212,,0,738
FR,4296,FMM,3986,CHQ,1474,,0,738
FR,4296,FMM,3986,CIA,1553,,0,738
FR,4296,FMM,3986,FAO,1626,,0,738
FR,4296,FMM,3986,OPO,1636,,0,738
FR,4296,PMI,3998,BRU,302,,0,738
FR,4296,PMI,3998,CGN,344,,0,738
FR,4296,PMI,3998,LPL,491,,0,738
FR,4296,PMI,3998,GRQ,586,,0,738
FR,4296,PMI,3998,DUB,599,,0,738
FR,4296,PMI,3998,RYG,657,,0,738
FR,4296,PMI,3998,REU,1236,,0,738
FR,4296,PMI,3998,VLC,1246,,0,738
FR,4296,PMI,3998,SDR,1251,,0,738
FR,4296,PMI,3998,BVA,1367,,0,738
FR,4296,PMI,3998,BLQ,1538,,0,738
FR,4296,PMI,3998,CIA,1553,,0,738
FR,4296,PMI,3998,FMM,3986,,0,738
FR,4296,PMI,3998,WMI,8414,,0,738
FR,4296,FKB,4166,ZAD,1209,,0,738
FR,4296,FKB,4166,ALC,1212,,0,738
FR,4296,FKB,4166,GRO,1222,,0,738
FR,4296,FKB,4166,AGP,1230,,0,738
FR,4296,FKB,4166,TPS,1515,,0,738
FR,4296,FKB,4166,OPO,1636,,0,738
FR,4296,NRN,4198,STN,548,,0,738
FR,4296,NRN,4198,LPA,1054,,0,738
FR,4296,NRN,4198,OUD,1070,,0,738
FR,4296,NRN,4198,ALC,1212,,0,738
FR,4296,NRN,4198,LEI,1213,,0,738
FR,4296,NRN,4198,IBZ,1225,,0,738
FR,4296,NRN,4198,SDR,1251,,0,738
FR,4296,NRN,4198,CHQ,1474,,0,738
FR,4296,NRN,4198,SUF,1508,,0,738
FR,4296,NRN,4198,PMO,1512,,0,738
FR,4296,NRN,4198,PMI,3998,,0,738
FR,4296,NRN,4198,AOI,4309,,0,738
FR,4296,AOI,4309,CRL,304,,0,738
FR,4296,AOI,4309,TPS,1515,,0,738
FR,4296,BZG,5591,STN,548,,0,738
FR,4296,ESU,5671,MRS,1353,,0,738
FR,4296,NDR,5673,BCN,1218,,0,738
FR,4296,NDR,5673,BVA,1367,,0,738
FR,4296,LRH,6493,EMA,523,,0,738
FR,4296,LRH,6493,DUB,599,,0,738
FR,4296,WMI,8414,BRS,490,,0,738
FR,4296,WMI,8414,EIN,585,,0,738
FR,4296,WMI,8414,SNN,603,,0,738
FR,4296,WMI,8414,RYG,657,,0,738
FR,4296,WMI,8414,GDN,668,,0,738
FR,4296,WMI,8414,NYO,699,,0,738
FR,4296,WMI,8414,BCN,1218,,0,738
FR,4296,WMI,8414,CHQ,1474,,0,738
FR,4296,WMI,8414,BGY,1525,,0,738
FR,4296,WMI,8414,BLQ,1538,,0,738
FR,4296,WMI,8414,PSA,1562,,0,738
FR,4296,WMI,8414,PMI,3998,,0,738
FR,4296,LUZ,8832,STN,548,,0,738
FR,4296,CIY,9327,HHN,355,,0,738
FR,4296,CIY,9327,PSA,1562,,0,738
S4,4304,YYZ,193,OPO,1636,,0,313
S4,4304,FRA,340,PDL,1633,,0,320
S4,4304,LGW,502,LIS,1638,Y,0,319
S4,4304,CPH,609,LIS,1638,Y,0,320
S4,4304,LPA,1054,LIS,1638,,0,CR9
S4,4304,BIO,1216,LIS,1638,Y,0,ER4 100
S4,4304,MAD,1229,OPO,1636,Y,0,ER4
S4,4304,ORY,1386,PDL,1633,,0,320
S4,4304,SMA,1617,PDL,1633,,0,320
S4,4304,FAO,1626,LIS,1638,Y,0,319 320 ER4
S4,4304,TER,1629,OPO,1636,,0,320
S4,4304,PDL,1633,FRA,340,,0,320
S4,4304,PDL,1633,LIS,1638,,0,313 320
S4,4304,PDL,1633,BOS,3448,,0,313
S4,4304,PDL,1633,FNC,4091,Y,0,DH4
S4,4304,PIX,1634,TER,1629,Y,0,320
S4,4304,OPO,1636,YYZ,193,,0,313
S4,4304,OPO,1636,MUC,346,,0,320
S4,4304,OPO,1636,BCN,1218,Y,0,ER4
S4,4304,OPO,1636,TER,1629,,0,320
S4,4304,OPO,1636,PDL,1633,,0,320
S4,4304,PXO,1637,LIS,1638,Y,0,100 319
S4,4304,LIS,1638,FRA,340,Y,0,319 321
S4,4304,LIS,1638,LGW,502,Y,0,319
S4,4304,LIS,1638,LHR,507,Y,0,319 321
S4,4304,LIS,1638,AMS,580,Y,0,319
S4,4304,LIS,1638,LPA,1054,,0,CR9
S4,4304,LIS,1638,BCN,1218,Y,0,ER4 319 100
S4,4304,LIS,1638,BOS,3448,,0,313
S4,4304,ZRH,1678,LIS,1638,Y,0,319 321
S4,4304,BOS,3448,PDL,1633,,0,313
S4,4304,FNC,4091,LPA,1054,Y,0,DH4
SA,4305,COO,245,PNR,886,,0,320
SA,4305,ACC,248,JNB,813,,0,332
SA,4305,ABJ,253,ACC,248,,0,332
SA,4305,MUC,346,JNB,813,,0,346 343 332
SA,4305,CPT,797,HDS,811,Y,0,CR2
SA,4305,CPT,797,HLA,820,,0,738
SA,4305,CPT,797,PLZ,838,,0,733
SA,4305,CPT,797,WDH,4105,Y,0,CR2
SA,4305,DUR,799,BFN,794,Y,0,ER3 J41
SA,4305,DUR,799,PLZ,838,Y,0,CR2
SA,4305,DUR,799,MPM,979,Y,0,J41
SA,4305,DUR,799,HRE,1005,Y,0,CR2
SA,4305,DUR,799,MQP,5604,Y,0,ER3 J41
SA,4305,ELS,800,DUR,799,Y,0,CR2
SA,4305,ELS,800,JNB,813,,0,320 319
SA,4305,HDS,811,JNB,813,Y,0,DH4
SA,4305,JNB,813,ACC,248,,0,332
SA,4305,JNB,813,FRA,340,,0,346
SA,4305,JNB,813,LHR,507,,0,332 343
SA,4305,JNB,813,CPT,797,,0,738 343 320 319 733 346 332 342
SA,4305,JNB,813,ELS,800,,0,319 320
SA,4305,JNB,813,KIM,815,Y,0,DH4 AR8 ER3 CR7
SA,4305,JNB,813,PLZ,838,,0,319 733 320 738
SA,4305,JNB,813,PTG,845,Y,0,ER3 J41
SA,4305,JNB,813,UTN,865,Y,0,ER3 AR8
SA,4305,JNB,813,BBK,879,Y,0,ER3
SA,4305,JNB,813,GBE,881,Y,0,DH4 AR8 CR2 ER3 CR7
SA,4305,JNB,813,BZV,883,,0,320 319
SA,4305,JNB,813,MTS,887,Y,0,ER3
SA,4305,JNB,813,TNR,918,Y,0,AR8
SA,4305,JNB,813,MPM,979,,0,319 ER4 DH4
SA,4305,JNB,813,POL,985,Y,0,ER3
SA,4305,JNB,813,SEZ,994,,0,332
SA,4305,JNB,813,HRE,1005,,0,738 319 320
SA,4305,JNB,813,LLW,1016,,0,738 332 343
SA,4305,JNB,813,MSU,1018,Y,0,ER3
SA,4305,JNB,813,ADD,1107,Y,0,77L
SA,4305,JNB,813,AUH,2179,,0,332
SA,4305,JNB,813,GRU,2564,,0,332 343 346
SA,4305,JNB,813,HKG,3077,,0,346 343
SA,4305,JNB,813,SIN,3316,Y,0,772
SA,4305,JNB,813,PER,3351,,0,343 346
SA,4305,JNB,813,BKK,3885,Y,0,777
SA,4305,JNB,813,NBO,4059,,0,320 319
SA,4305,KIM,815,JNB,813,Y,0,DH4 AR8 ER3 CR7
SA,4305,PLZ,838,DUR,799,Y,0,CR2
SA,4305,PZB,843,JNB,813,Y,0,AR8 DH4 ER3 J41
SA,4305,RCB,849,JNB,813,Y,0,DH4 J41
SA,4305,UTN,865,CPT,797,Y,0,ER3
SA,4305,UTT,866,JNB,813,Y,0,ER3
SA,4305,MUB,880,JNB,813,Y,0,AR8
SA,4305,BZV,883,JNB,813,,0,320 319
SA,4305,PNR,886,COO,245,,0,320 319
SA,4305,PNR,886,JNB,813,,0,320
SA,4305,MTS,887,JNB,813,Y,0,ER3
SA,4305,LUN,907,DUR,799,Y,0,CR2
SA,4305,TNR,918,JNB,813,Y,0,AR8
SA,4305,MPM,979,CPT,797,Y,0,CR2
SA,4305,MPM,979,DUR,799,Y,0,J41
SA,4305,POL,985,JNB,813,Y,0,ER3
SA,4305,TET,988,JNB,813,Y,0,AR8
SA,4305,SEZ,994,JNB,813,,0,332
SA,4305,BUQ,1001,JNB,813,Y,0,AR8
SA,4305,FIH,1020,JNB,813,,0,738 319 320
SA,4305,BKO,1044,DKR,1084,Y,0,757
SA,4305,DKR,1084,JNB,813,,0,343
SA,4305,DKR,1084,BKO,1044,Y,0,763
SA,4305,DKR,1084,IAD,3714,,0,343
SA,4305,ADD,1107,BKO,1044,Y,0,763
SA,4305,CAI,1128,JNB,813,Y,0,330
SA,4305,AUH,2179,JNB,813,,0,332
SA,4305,DXB,2188,CPT,797,Y,0,77W
SA,4305,DXB,2188,JNB,813,Y,0,77W
SA,4305,SIN,3316,JNB,813,Y,0,772
SA,4305,PER,3351,JNB,813,,0,346 343
SA,4305,NBO,4059,JNB,813,,0,319 320
SA,4305,WDH,4105,JNB,813,,0,319 320 342 738 332
SA,4305,MQP,5604,CPT,797,Y,0,AR8
SA,4305,MQP,5604,DUR,799,Y,0,ER3 J41
SA,4305,WVB,6778,CPT,797,Y,0,CR2
NL,4311,DMM,2064,ISB,2223,,0,734
NL,4311,JED,2072,PEW,2219,,0,333
NL,4311,JED,2072,ISB,2223,,0,333
NL,4311,MED,2074,MUX,2214,,0,320
NL,4311,AUH,2179,PEW,2219,,0,320 734
NL,4311,DXB,2188,KHI,2206,,0,320
NL,4311,DXB,2188,LHE,2207,,0,320
NL,4311,DXB,2188,MUX,2214,,0,734
NL,4311,DXB,2188,ISB,2223,,0,734
NL,4311,MCT,2194,LHE,2207,,0,320 734 333
NL,4311,MCT,2194,PEW,2219,,0,320
NL,4311,KHI,2206,LHE,2207,,0,734 320
NL,4311,LHE,2207,DMM,2064,,0,320
NL,4311,LHE,2207,JED,2072,,0,333 320
NL,4311,LHE,2207,RUH,2082,,0,333
NL,4311,LHE,2207,AUH,2179,,0,734
NL,4311,LHE,2207,DXB,2188,,0,320
NL,4311,LHE,2207,KHI,2206,,0,734 320
NL,4311,PEW,2219,JED,2072,,0,333
NL,4311,PEW,2219,KHI,2206,,0,320 734
NL,4311,UET,2221,KHI,2206,,0,734
NL,4311,UET,2221,ISB,2223,,0,734
NL,4311,ISB,2223,JED,2072,,0,333
NL,4311,ISB,2223,RUH,2082,,0,333
NL,4311,ISB,2223,DXB,2188,,0,734
NL,4311,ISB,2223,KHI,2206,,0,320 734
SK,4319,BRU,302,CPH,609,,0,319 320 CR9 321
SK,4319,BRU,302,OSL,644,,0,738 73W 73G 73H 736
SK,4319,FRA,340,BSL,1423,,0,CR7
SK,4319,HAM,342,ARN,737,,0,73G 73H 73W 736 717
SK,4319,DUS,345,OSL,644,,0,73G 73W 738 736
SK,4319,MUC,346,HEL,421,Y,0,319 320
SK,4319,MUC,346,CPH,609,,0,CR9 320 321 319
SK,4319,MUC,346,GOT,687,Y,0,E95 CR9
SK,4319,MUC,346,MAD,1229,,0,321
SK,4319,TXL,351,CPH,609,,0,320 CR2 321 319 CR9
SK,4319,TXL,351,ARN,737,,0,73H 717 73W 736
SK,4319,HAJ,352,CPH,609,,0,CR2 AT7
SK,4319,TLL,415,OSL,644,Y,0,E70
SK,4319,TLL,415,TRD,665,Y,0,CR9 E70
SK,4319,HEL,421,FRA,340,Y,0,321 32A 320
SK,4319,HEL,421,MUC,346,Y,0,320 319
SK,4319,HEL,421,OSL,644,Y,0,717
SK,4319,HEL,421,IST,1701,,0,321
SK,4319,OUL,446,ARN,737,Y,0,S20
SK,4319,TMP,458,ARN,737,Y,0,S20
SK,4319,BHX,469,CPH,609,,0,CR9 319 320
SK,4319,LHR,507,CPH,609,,0,320 321 CR9
SK,4319,LHR,507,GOT,687,,0,73H 73W 736
SK,4319,LHR,507,ARN,737,,0,73W 73H 736 73G 717
SK,4319,NCL,521,CPH,609,Y,0,CR2
SK,4319,ABZ,532,CPH,609,,0,CR9 CR2
SK,4319,ABZ,532,SVG,666,,0,736 73G
SK,4319,EDI,535,SVG,666,,0,738 73W
SK,4319,AMS,580,CPH,609,,0,320 319 321 CR9
SK,4319,AMS,580,OSL,644,,0,736 738 73G 73H
SK,4319,BLL,608,FRA,340,Y,0,733 735
SK,4319,BLL,608,IST,1701,,0,319 738
SK,4319,CPH,609,STR,350,,0,CR9 CR2
SK,4319,CPH,609,TXL,351,,0,320 CR2 321 319 CR9
SK,4319,CPH,609,HEL,421,,0,CR2
SK,4319,CPH,609,MAN,478,,0,320 321 319 717 CR9
SK,4319,CPH,609,DUB,599,,0,320 321
SK,4319,CPH,609,TRF,664,Y,0,DH4
SK,4319,CPH,609,SVG,666,,0,CR9 319 321 320 736 738 73G
SK,4319,CPH,609,GDN,668,,0,CR9 319 CR2
SK,4319,CPH,609,POZ,674,,0,CR2
SK,4319,CPH,609,WAW,679,,0,CR9 319
SK,4319,CPH,609,GOT,687,,0,319 320 321 CR9
SK,4319,CPH,609,SPU,1206,,0,320
SK,4319,CPH,609,MAD,1229,,0,320 321
SK,4319,CPH,609,AGP,1230,,0,321
SK,4319,CPH,609,NCE,1354,,0,321 320
SK,4319,CPH,609,CDG,1382,,0,321 320 319
SK,4319,CPH,609,MXP,1524,,0,321 320
SK,4319,CPH,609,BLQ,1538,,0,CR9 319
SK,4319,CPH,609,LJU,1569,Y,0,CR9
SK,4319,CPH,609,GVA,1665,,0,319 CR9 717
SK,4319,CPH,609,ZRH,1678,,0,321 320 319 CR9
SK,4319,CPH,609,PRN,1742,,0,320 CR9
SK,4319,CPH,609,SVO,2985,,0,320 CR9
SK,4319,CPH,609,PEK,3364,,0,343
SK,4319,CPH,609,PVG,3406,,0,343
SK,4319,CPH,609,BKK,3885,,0,773
SK,4319,CPH,609,ATH,3941,,0,321
SK,4319,AAL,628,BLL,608,,0,319
SK,4319,ALF,632,OSL,644,,0,73G 73W 736
SK,4319,BOO,635,TRD,665,,0,736
SK,4319,BGO,636,FRA,340,Y,0,735 E90
SK,4319,BGO,636,OSL,644,,0,73G 73W 73H 736 738
SK,4319,KRS,638,CPH,609,Y,0,DH4
SK,4319,OSL,644,KEF,16,,0,738 73W
SK,4319,OSL,644,FRA,340,,0,738 73W 73H 73G 736
SK,4319,OSL,644,MUC,346,,0,73H 73G 73W
SK,4319,OSL,644,TLL,415,Y,0,E70
SK,4319,OSL,644,ABZ,532,,0,736 73W 73H
SK,4319,OSL,644,AMS,580,,0,736 738 73G 73H
SK,4319,OSL,644,BLL,608,,0,AT7
SK,4319,OSL,644,CPH,609,,0,73H 73G 321 320 738 319 73W 736
SK,4319,OSL,644,BOO,635,,0,73G 738 736 73H 73W
SK,4319,OSL,644,KRS,638,,0,738 73W 73G 736 73H
SK,4319,OSL,644,KSU,647,,0,738 73W 736 73H 73G
SK,4319,OSL,644,KKN,649,,0,73W 73G 736
SK,4319,OSL,644,LYR,658,,0,738 73W
SK,4319,OSL,644,TRD,665,,0,738 736 73H 73G 73W
SK,4319,OSL,644,ARN,737,,0,73W 738 736 73H 73G 717
SK,4319,OSL,644,AGP,1230,,0,738
SK,4319,OSL,644,CDG,1382,,0,738 73W 736 73H 73G
SK,4319,OSL,644,CHQ,1474,,0,738
SK,4319,OSL,644,FCO,1555,,0,738 73W
SK,4319,OSL,644,ZRH,1678,,0,73G 738 736
SK,4319,OSL,644,IST,1701,,0,321 738
SK,4319,OSL,644,SVO,2985,Y,0,320
SK,4319,OSL,644,EWR,3494,,0,333
SK,4319,HAU,645,CPH,609,Y,0,DH4
SK,4319,MOL,651,OSL,644,,0,73G 73H 736 73W
SK,4319,TOS,663,ALF,632,,0,73G 73W 736
SK,4319,TOS,663,OSL,644,,0,73H 738 73G 736 73W
SK,4319,TOS,663,LYR,658,,0,73H 738 73W
SK,4319,TOS,663,SVG,666,,0,73H 736 738
SK,4319,TRF,664,CPH,609,Y,0,DH4
SK,4319,TRD,665,TLL,415,Y,0,CR9 E70
SK,4319,TRD,665,CPH,609,,0,CR9
SK,4319,TRD,665,BGO,636,,0,736
SK,4319,TRD,665,TRF,664,Y,0,DH4
SK,4319,TRD,665,ARN,737,,0,717 73W
SK,4319,SVG,666,ABZ,532,,0,736 73G
SK,4319,SVG,666,CPH,609,,0,321 320 CR9 319 736 738 73G
SK,4319,SVG,666,BGO,636,,0,736 73W
SK,4319,SVG,666,TRD,665,,0,73W 736 738
SK,4319,GDN,668,CPH,609,,0,319 CR9 CR2
SK,4319,POZ,674,CPH,609,,0,CR2
SK,4319,GOT,687,MUC,346,Y,0,E95 CR9
SK,4319,GOT,687,LHR,507,,0,73H 73W 736
SK,4319,GOT,687,OSL,644,Y,0,DH3
SK,4319,GOT,687,ARN,737,,0,73W 73H 73G 736 717
SK,4319,GOT,687,IST,1701,,0,739
SK,4319,GOT,687,PMI,3998,,0,320
SK,4319,KLR,707,ARN,737,,0,736 AT7 73W
SK,4319,MMX,708,ARN,737,,0,73H 736 717 73W 73G AT7
SK,4319,HAD,709,VXO,711,Y,0,SF3
SK,4319,GEV,715,KRF,718,Y,0,ATP
SK,4319,KRF,718,GEV,715,Y,0,ATP
SK,4319,SFT,726,ARN,737,,0,736 73H 73W 73G 717
SK,4319,ARN,737,HAM,342,,0,73G 73H 73W 736 717
SK,4319,ARN,737,DUS,345,,0,736 717 73W 73H
SK,4319,ARN,737,MUC,346,Y,0,320 CR9 321 319
SK,4319,ARN,737,TXL,351,,0,73H 717 73W 736
SK,4319,ARN,737,TMP,458,Y,0,S20
SK,4319,ARN,737,LHR,507,,0,73W 73H 736 73G 717
SK,4319,ARN,737,EDI,535,,0,717 73G 73H
SK,4319,ARN,737,AAL,628,,0,S20
SK,4319,ARN,737,BGO,636,,0,736 73W
SK,4319,ARN,737,OSL,644,,0,736 73H 73W 738 73G 717
SK,4319,ARN,737,TOS,663,,0,717
SK,4319,ARN,737,TRD,665,,0,717 73W
SK,4319,ARN,737,GEV,715,,1,ATP
SK,4319,ARN,737,SDL,721,,0,736 AT7 73W S20 73H 717
SK,4319,ARN,737,SFT,726,,0,73H 736 73W 73G 717
SK,4319,ARN,737,PUY,1203,,0,717
SK,4319,ARN,737,ALC,1212,,0,73H
SK,4319,ARN,737,BCN,1218,,0,73H
SK,4319,ARN,737,AGP,1230,,0,73H
SK,4319,ARN,737,CDG,1382,,0,73H 73G 736 73W 717
SK,4319,ARN,737,KLX,1456,,0,319
SK,4319,ARN,737,LIN,1529,,0,73W 73H 717 736
SK,4319,ARN,737,BLQ,1538,,0,73W
SK,4319,ARN,737,FCO,1555,,0,73H
SK,4319,ARN,737,PRG,1587,,0,73H 717
SK,4319,ARN,737,MLA,1606,,0,73H
SK,4319,ARN,737,ZRH,1678,,0,717 73G 736 73W 73H
SK,4319,ARN,737,IST,1701,,0,738 321
SK,4319,ARN,737,SVO,2985,,0,73H 736 73W
SK,4319,ARN,737,BKK,3885,,0,773
SK,4319,ARN,737,RIX,3953,Y,0,733 DH4 735 73C
SK,4319,ARN,737,VNO,3959,,0,S20
SK,4319,ARN,737,AGH,5597,,0,736 S20 73W 717 73H AT7
SK,4319,LPI,742,CPH,609,,0,AT7
SK,4319,LPA,1054,OSL,644,,0,738
SK,4319,ADD,1107,JED,2072,Y,0,333
SK,4319,CAI,1128,CPH,609,Y,0,738
SK,4319,ALC,1212,OSL,644,,0,73H 738 73G
SK,4319,ALC,1212,ARN,737,,0,73H
SK,4319,BCN,1218,ARN,737,,0,73H
SK,4319,MAD,1229,CPH,609,,0,320 321
SK,4319,AGP,1230,CPH,609,,0,321
SK,4319,AGP,1230,OSL,644,,0,738
SK,4319,NCE,1354,ARN,737,,0,73H 73W
SK,4319,CDG,1382,ARN,737,,0,73H 73G 736 73W 717
SK,4319,SKG,1486,ARN,737,,0,736
SK,4319,BUD,1489,FRA,340,Y,0,320 321
SK,4319,LIN,1529,ARN,737,,0,73W 73H 717 736
SK,4319,BLQ,1538,CPH,609,,0,CR9 319
SK,4319,BLQ,1538,ARN,737,,0,73W
SK,4319,FCO,1555,ARN,737,,0,73H
SK,4319,MLA,1606,ARN,737,,0,73H
SK,4319,GVA,1665,CPH,609,,0,319 CR9 717
SK,4319,GVA,1665,ARN,737,,0,736 73H 717
SK,4319,ZRH,1678,CPH,609,,0,321 320 319 CR9
SK,4319,ZRH,1678,ARN,737,,0,717 73G 736 73W 73H
SK,4319,IST,1701,CPH,609,,0,321 738
SK,4319,IST,1701,GOT,687,,0,739
SK,4319,IST,1701,ARN,737,,0,321 738
SK,4319,BEG,1739,FRA,340,,0,320 32A 319 321
SK,4319,JED,2072,FRA,340,Y,0,333
SK,4319,JED,2072,ADD,1107,Y,0,333
SK,4319,NRT,2279,CPH,609,,0,343
SK,4319,LED,2948,CPH,609,,0,321 320
SK,4319,LED,2948,ARN,737,,0,736 73H 73W 73G
SK,4319,SVO,2985,CPH,609,,0,320 CR9
SK,4319,PEK,3364,CPH,609,,0,343
SK,4319,PEK,3364,ARN,737,Y,0,333
SK,4319,BKK,3885,CPH,609,,0,773
SK,4319,BKK,3885,OSL,644,,0,773
SK,4319,ATH,3941,CPH,609,,0,321
SK,4319,ATH,3941,ARN,737,,0,73H
SK,4319,VNO,3959,CPH,609,,0,CR9
SK,4319,VNO,3959,ARN,737,,0,S20
SK,4319,PMI,3998,CPH,609,,0,320 321
SK,4319,PMI,3998,GOT,687,,0,320
SK,4319,OSD,5593,ARN,737,,0,73G 736 73W 73H
SK,4319,AGH,5597,ARN,737,,0,736 S20 73W 717 73H AT7
SK,4319,GZP,8266,CPH,609,,0,320
S7,4329,FRA,340,OVB,4078,,0,738
S7,4329,PFO,1198,DME,4029,,0,738 734
S7,4329,MAD,1229,DME,4029,,0,319
S7,4329,SKG,1486,LED,2948,,0,320
S7,4329,GOA,1528,DME,4029,,0,320
S7,4329,VRN,1550,DME,4029,Y,0,320 738
S7,4329,PRG,1587,OVB,4078,,0,320
S7,4329,VIE,1613,DME,4029,,0,320 E90
S7,4329,KIV,1735,DME,4029,,0,321
S7,4329,AMM,2170,DME,4029,Y,0,320
S7,4329,AUH,2179,DME,4029,Y,0,330
S7,4329,FRU,2912,OVB,4078,,0,320
S7,4329,OSS,2913,OVB,4078,,0,320
S7,4329,CIT,2914,OVB,4078,,0,320
S7,4329,GYD,2922,LED,2948,Y,0,757
S7,4329,GYD,2922,DME,4029,,0,319
S7,4329,GYD,2922,OVB,4078,,0,320
S7,4329,YKS,2923,PEK,3364,,0,738
S7,4329,VVO,2934,PKC,2932,,0,320
S7,4329,VVO,2934,IKT,2937,,0,320
S7,4329,VVO,2934,HKG,3077,,0,320
S7,4329,VVO,2934,PEK,3364,,0,320
S7,4329,HTA,2935,OVB,4078,,0,320
S7,4329,IKT,2937,VVO,2934,,0,320
S7,4329,IKT,2937,DME,4029,,0,320
S7,4329,UUD,2938,DME,4029,,0,319
S7,4329,KBP,2939,KGD,2952,,0,735
S7,4329,SIP,2942,DME,4029,,0,738
S7,4329,LED,2948,SKG,1486,,0,320
S7,4329,LED,2948,MSQ,2954,Y,0,CRJ 735
S7,4329,KGD,2952,TXL,351,Y,0,DH4
S7,4329,MSQ,2954,DME,4029,,0,735
S7,4329,KEJ,2957,DME,4029,,0,319
S7,4329,OMS,2958,DME,4029,,0,320 319
S7,4329,ASF,2966,DME,4029,,0,319
S7,4329,SGC,2974,DME,4029,,0,735
S7,4329,DYU,2979,CEK,2968,,0,319
S7,4329,HKG,3077,KHV,2927,,0,320
S7,4329,HKG,3077,VVO,2934,,0,320
S7,4329,PEK,3364,LED,2948,,0,333
S7,4329,PEK,3364,SVO,2985,,0,333
S7,4329,BKK,3885,IKT,2937,,0,320
S7,4329,BKK,3885,OVB,4078,,0,763
S7,4329,BUS,3971,DME,4029,,0,319
S7,4329,DME,4029,MUC,346,,0,320 321 763
S7,4329,DME,4029,BOJ,1191,,0,763 320
S7,4329,DME,4029,VAR,1196,,0,320 763
S7,4329,DME,4029,PUY,1203,Y,0,320 738
S7,4329,DME,4029,RHO,1472,,0,320
S7,4329,DME,4029,SKG,1486,,0,320
S7,4329,DME,4029,KIV,1735,,0,321
S7,4329,DME,4029,TIV,1743,Y,0,738
S7,4329,DME,4029,OSS,2913,Y,0,738
S7,4329,DME,4029,GYD,2922,,0,319
S7,4329,DME,4029,KBP,2939,,0,319 735
S7,4329,DME,4029,ODS,2947,,0,319
S7,4329,DME,4029,LED,2948,,0,319 734 738
S7,4329,DME,4029,KGD,2952,,0,734
S7,4329,DME,4029,MSQ,2954,,0,735
S7,4329,DME,4029,ABA,2955,,0,320
S7,4329,DME,4029,ROV,2964,,0,319
S7,4329,DME,4029,ASF,2966,,0,319
S7,4329,DME,4029,CEK,2968,,0,319
S7,4329,DME,4029,SVX,2975,,0,319
S7,4329,DME,4029,ASB,2976,,0,319
S7,4329,DME,4029,KZN,2990,,0,319
S7,4329,DME,4029,UFA,2992,,0,319
S7,4329,DME,4029,ATH,3941,,0,320
S7,4329,DME,4029,OVB,4078,,0,738 320
S7,4329,DME,4029,TJM,4111,,0,319
S7,4329,DME,4029,NSK,4352,Y,0,738
S7,4329,DME,4029,UKK,6086,,0,319
S7,4329,DME,4029,TJU,7563,,0,321
S7,4329,OVB,4078,FRA,340,,0,738
S7,4329,OVB,4078,FRU,2912,,0,320
S7,4329,OVB,4078,GYD,2922,,0,320
S7,4329,OVB,4078,KHV,2927,,0,320
S7,4329,OVB,4078,HTA,2935,,0,320
S7,4329,OVB,4078,IKT,2937,,0,320 738
S7,4329,OVB,4078,UUD,2938,Y,0,738
S7,4329,OVB,4078,DYU,2979,,0,320
S7,4329,OVB,4078,TAS,2983,,0,320
S7,4329,OVB,4078,PEK,3364,,0,320
S7,4329,OVB,4078,BKK,3885,,0,763
S7,4329,OVB,4078,LBD,6147,,0,320
S7,4329,NUX,4364,DME,4029,,0,738 319
S7,4329,KJA,4374,PEK,3364,,0,320
S7,4329,KJA,4374,DME,4029,,0,738
S7,4329,OGZ,6124,DME,4029,,0,319
S7,4329,LBD,6147,CEK,2968,,0,319
S7,4329,FEG,6149,OVB,4078,,0,320
S7,4329,RGK,8740,DME,4029,,0,319
BB,4335,LRM,1759,SJU,2890,,0,SF3
BB,4335,PUJ,1760,SJU,2890,,0,SF3
BB,4335,STI,1764,SJU,2890,,0,SF3
BB,4335,DOM,2877,SJU,2890,,0,SF3
BB,4335,FDF,2878,SJU,2890,,0,SF3
BB,4335,STT,2883,STX,2884,,0,DHT
BB,4335,SJU,2890,SKB,2891,,0,SF3
BB,4335,SJU,2890,EIS,2903,,0,SF3
BB,4335,SJU,2890,VIJ,6080,,0,DHT
BB,4335,SJU,2890,VQS,6788,,0,DHT
BB,4335,SKB,2891,SJU,2890,,0,SF3
BB,4335,SKB,2891,NEV,6079,,0,SF3
BB,4335,SXM,2899,SJU,2890,,0,SF3
BB,4335,EIS,2903,SJU,2890,,0,SF3
BB,4335,NEV,6079,SKB,2891,,0,SF3
BB,4335,VQS,6788,SJU,2890,,0,DHT
BB,4335,SPB,7309,SSB,7310,,0,DHT
UL,4349,BTC,,GIU,9229,,0,CNC
UL,4349,LHR,507,CMB,3024,,0,332
UL,4349,SEZ,994,CMB,3024,Y,0,320
UL,4349,DMM,2064,CMB,3024,,0,343
UL,4349,JED,2072,CMB,3024,,0,343
UL,4349,RUH,2082,CMB,3024,,0,343 332
UL,4349,AMM,2170,AUH,2179,,0,320
UL,4349,DXB,2188,CMB,3024,,0,332 320 321
UL,4349,NRT,2279,CMB,3024,,0,343 332
UL,4349,CMB,3024,CDG,1382,,0,332
UL,4349,CMB,3024,BAH,2057,Y,0,321
UL,4349,CMB,3024,KWI,2176,,0,343 332
UL,4349,CMB,3024,NRT,2279,,0,332 343
UL,4349,CMB,3024,DEL,3093,,0,320
UL,4349,CMB,3024,MLE,3156,,0,320 332 343
UL,4349,CMB,3024,KUL,3304,,0,320 321
UL,4349,CMB,3024,PVG,3406,,0,332
UL,4349,CMB,3024,BKK,3885,,0,321 332
UL,4349,CMB,3024,KCT,6169,,0,CNC
UL,4349,CMB,3024,DOH,11051,,0,332 343
UL,4349,DAC,3076,CMB,3024,Y,0,321
UL,4349,DEL,3093,CMB,3024,,0,320
UL,4349,MAA,3144,CMB,3024,,0,332 320 343
UL,4349,TRZ,3152,CMB,3024,,0,320
UL,4349,TRV,3153,CMB,3024,,0,320
UL,4349,KUL,3304,CMB,3024,,0,320 321
UL,4349,SIN,3316,CMB,3024,,0,320 321
UL,4349,CAN,3370,BKK,3885,,0,332
UL,4349,PVG,3406,CMB,3024,,0,332 343
UL,4349,BKK,3885,CMB,3024,,0,321 332
UL,4349,BKK,3885,CAN,3370,,0,332
UL,4349,DIW,7562,KCT,6169,,0,CNC
UL,4349,HRI,8949,JED,2072,,0,343
UL,4349,HRI,8949,CMB,3024,,0,320 343
UL,4349,GIU,9229,BTC,,,0,CNC
UL,4349,GIU,9229,CMB,3024,,0,CNC
UL,4349,GIU,9229,TRR,3030,,0,CNC
UL,4349,DOH,11051,CMB,3024,,0,332 343
SY,4356,PUJ,1760,MSP,3858,,0,738
SY,4356,CUN,1852,DFW,3670,,0,738
SY,4356,CUN,1852,MSP,3858,,0,738
SY,4356,LAN,3544,MSP,3858,,0,73G
SY,4356,SEA,3577,MSP,3858,,0,73G 738
SY,4356,DFW,3670,CUN,1852,,0,738
SY,4356,SAN,3731,MSP,3858,,0,73G
SY,4356,PSP,3839,MSP,3858,,0,73G
SY,4356,MSP,3858,BOS,3448,,0,738 73G
SY,4356,MSP,3858,SAN,3731,,0,73G
SY,4356,MSP,3858,RSW,3793,,0,738 73G
SY,4356,MSP,3858,PSP,3839,,0,73G
SY,4356,LAS,3877,MSP,3858,,0,738
SG,4375,HYD,,BOM,2997,,0,737
SG,4375,HYD,,GOI,3007,,0,DH8 737
SG,4375,HYD,,IDR,3008,,0,DH8
SG,4375,HYD,,PNQ,3017,,0,DH8
SG,4375,HYD,,VTZ,3066,,0,737
SG,4375,HYD,,CJB,3135,,0,DH8
SG,4375,DXB,2188,DEL,3093,,0,737
SG,4375,MCT,2194,AMD,2994,,0,737
SG,4375,AMD,2994,PNQ,3017,,0,737
SG,4375,IXU,2996,DEL,3093,,0,737
SG,4375,BOM,2997,HYD,,,0,737
SG,4375,BOM,2997,CCU,3043,,0,737
SG,4375,BOM,2997,CJB,3135,,0,737
SG,4375,BOM,2997,COK,3136,,0,737
SG,4375,BOM,2997,HBX,6168,,0,DH8
SG,4375,GOI,3007,HYD,,,0,DH8 737
SG,4375,GOI,3007,DEL,3093,,0,737
SG,4375,GOI,3007,BLR,3131,,0,737
SG,4375,GOI,3007,MAA,3144,,0,DH8
SG,4375,IDR,3008,HYD,,,0,DH8
SG,4375,PNQ,3017,HYD,,,0,DH8
SG,4375,PNQ,3017,SHJ,2191,,0,737
SG,4375,PNQ,3017,AMD,2994,,0,737
SG,4375,PNQ,3017,GOI,3007,,0,DH8
SG,4375,PNQ,3017,DEL,3093,,0,737
SG,4375,PNQ,3017,BLR,3131,,0,737
SG,4375,STV,3022,BOM,2997,,0,737
SG,4375,IXB,3040,CCU,3043,,0,737
SG,4375,IXB,3040,DEL,3093,,0,737
SG,4375,IXB,3040,GAU,6173,,0,737
SG,4375,CCU,3043,IXA,3038,,0,737
SG,4375,CCU,3043,DEL,3093,,0,737
SG,4375,VTZ,3066,HYD,,,0,737
SG,4375,VTZ,3066,BLR,3131,,0,737
SG,4375,ATQ,3081,SXR,3112,,0,737
SG,4375,IXC,3089,DEL,3093,,0,737 DH8
SG,4375,DEL,3093,KBL,2050,,0,737
SG,4375,DEL,3093,DXB,2188,,0,737
SG,4375,DEL,3093,IXU,2996,,0,737
SG,4375,DEL,3093,ATQ,3081,,0,DH8
SG,4375,DEL,3093,DED,3092,,0,DH8
SG,4375,DEL,3093,IXJ,3100,,0,737
SG,4375,DEL,3093,KTM,3125,,0,737
SG,4375,DEL,3093,GAU,6173,,0,737
SG,4375,DEL,3093,DHM,6760,,0,DH8
SG,4375,IXJ,3100,DEL,3093,,0,737
SG,4375,IXJ,3100,SXR,3112,,0,737
SG,4375,KTM,3125,DEL,3093,,0,737
SG,4375,BLR,3131,VTZ,3066,,0,737
SG,4375,BLR,3131,DEL,3093,,0,737
SG,4375,BLR,3131,CCJ,3137,,0,DH8
SG,4375,CJB,3135,HYD,,,0,DH8
SG,4375,CJB,3135,MAA,3144,,0,DH8 737
SG,4375,MAA,3144,AMD,2994,,0,737
SG,4375,MAA,3144,BOM,2997,,0,737
SG,4375,MAA,3144,PNQ,3017,,0,737
SG,4375,MAA,3144,CMB,3024,,0,DH8
SG,4375,MAA,3144,CCU,3043,,0,737
SG,4375,MAA,3144,DEL,3093,,0,737
SG,4375,MAA,3144,CCJ,3137,,0,DH8
SG,4375,MAA,3144,TCR,9842,,0,DH8
SG,4375,IXZ,3146,MAA,3144,,0,737
SG,4375,TRV,3153,BOM,2997,,0,737
SG,4375,GAU,6173,IXA,3038,,0,737
SG,4375,MYQ,7774,BLR,3131,,0,DH8
SG,4375,TCR,9842,MAA,3144,,0,DH8
7G,4388,KKJ,2311,HND,2359,,0,320
7G,4388,HND,2359,KKJ,2311,,0,320
7G,4388,HND,2359,KIX,3992,,0,320
SP,4429,SMA,1617,PDL,1633,,0,DH4
SP,4429,FLW,1625,PDL,1633,,0,DH4
SP,4429,PDL,1633,HOR,1628,,0,DH2 DH4
SP,4429,PDL,1633,TER,1629,,0,DH4 DH2
SP,4429,PDL,1633,PIX,1634,,0,DH4
SP,4429,PIX,1634,TER,1629,,0,DH4
SP,4429,PIX,1634,PDL,1633,,0,DH4
SP,4429,SJZ,1639,PDL,1633,,0,DH4 DH2
SP,4429,CVU,5793,HOR,1628,,0,DH2
SQ,4435,FRA,340,SIN,3316,,0,388 77W
SQ,4435,MUC,346,SIN,3316,,0,77W
SQ,4435,LHR,507,SIN,3316,,0,388 77W
SQ,4435,AMS,580,SIN,3316,,0,772 77W
SQ,4435,CPT,797,JNB,813,,0,772
SQ,4435,JNB,813,CPT,797,,0,772
SQ,4435,JNB,813,SIN,3316,,0,772
SQ,4435,ADD,1107,BKK,3885,,0,763
SQ,4435,CAI,1128,DXB,2188,,0,333
SQ,4435,BCN,1218,MXP,1524,,0,77W
SQ,4435,CDG,1382,SIN,3316,,0,388
SQ,4435,MXP,1524,SIN,3316,,0,77W
SQ,4435,AKL,2006,SIN,3316,,0,77W 772
SQ,4435,CHC,2009,SIN,3316,,0,772
SQ,4435,RUH,2082,JED,2072,,0,333
SQ,4435,RUH,2082,SIN,3316,,0,333
SQ,4435,NRT,2279,SIN,3316,,0,77W 388
SQ,4435,FUK,2305,SIN,3316,,0,333
SQ,4435,GRU,2564,BCN,1218,,0,77W
SQ,4435,AMD,2994,SIN,3316,,0,333
SQ,4435,PNH,3034,SIN,3316,Y,0,320
SQ,4435,VTZ,3066,SIN,3316,Y,0,319
SQ,4435,DEL,3093,SIN,3316,,0,772 773
SQ,4435,USM,3177,SIN,3316,Y,0,319
SQ,4435,PLM,3289,SIN,3316,Y,0,319
SQ,4435,KUL,3304,SIN,3316,,0,333
SQ,4435,PEN,3308,SIN,3316,Y,0,320 738 319
SQ,4435,SIN,3316,MUC,346,,0,77W
SQ,4435,SIN,3316,AMS,580,,0,77W 772
SQ,4435,SIN,3316,CDG,1382,,0,388
SQ,4435,SIN,3316,MXP,1524,,0,77W
SQ,4435,SIN,3316,FCO,1555,,0,772
SQ,4435,SIN,3316,IST,1701,,0,772
SQ,4435,SIN,3316,CHC,2009,,0,772
SQ,4435,SIN,3316,NRT,2279,,0,388 77W
SQ,4435,SIN,3316,BOM,2997,,0,772 77W
SQ,4435,SIN,3316,DEL,3093,,0,772 773
SQ,4435,SIN,3316,BLR,3131,,0,772
SQ,4435,SIN,3316,COK,3136,Y,0,320 738 319
SQ,4435,SIN,3316,TRV,3153,Y,0,319 320
SQ,4435,SIN,3316,MLE,3156,,0,333
SQ,4435,SIN,3316,SGN,3205,,0,772 333
SQ,4435,SIN,3316,MDC,3250,Y,0,320
SQ,4435,SIN,3316,CGK,3275,,0,773 772
SQ,4435,SIN,3316,PLM,3289,Y,0,319
SQ,4435,SIN,3316,KUL,3304,,0,333
SQ,4435,SIN,3316,LGK,3305,Y,0,320 319
SQ,4435,SIN,3316,SYD,3361,,0,388 772 773
SQ,4435,SIN,3316,CAN,3370,,0,333
SQ,4435,SIN,3316,SZX,3374,,0,738
SQ,4435,SIN,3316,XMN,3383,Y,0,320
SQ,4435,SIN,3316,CKG,3393,Y,0,320 319
SQ,4435,SIN,3316,CTU,3395,Y,0,320 319
SQ,4435,SIN,3316,SRG,3901,Y,0,319
SQ,4435,SIN,3316,SUB,3928,,0,333
SQ,4435,SIN,3316,SOC,3929,Y,0,320 319
SQ,4435,SIN,3316,ICN,3930,,0,333 77W
SQ,4435,WUH,3376,SIN,3316,Y,0,319 320
SQ,4435,CKG,3393,SIN,3316,Y,0,320 319
SQ,4435,SFO,3469,ICN,3930,,0,77W
SQ,4435,LAX,3484,NRT,2279,,0,388
SQ,4435,IAH,3550,DME,4029,,0,77W
SQ,4435,BDO,3896,SIN,3316,Y,0,319
SQ,4435,SRG,3901,SIN,3316,Y,0,319
SQ,4435,BPN,3919,SIN,3316,Y,0,319 320
SQ,4435,SUB,3928,SIN,3316,,0,333
SQ,4435,ICN,3930,SFO,3469,,0,77W
SQ,4435,DVO,4090,SIN,3316,Y,0,320 738
SQ,4435,DVO,4090,CEB,4206,Y,0,320
SQ,4435,CEB,4206,SIN,3316,Y,0,320 738
SQ,4435,CEB,4206,DVO,4090,Y,0,320
SQ,4435,LOP,8401,SIN,3316,Y,0,319 320
5M,4436,NEV,6079,ANU,2874,,0,BNI
SI,4438,SOU,495,JER,499,,0,J32
SI,4438,GCI,498,SOU,495,,0,AT7
SI,4438,JER,499,LCY,503,,0,AT5
SI,4438,JER,499,AMS,580,,0,AT4
SI,4438,JER,499,CDG,1382,,0,AT4
SI,4438,AMS,580,GCI,498,,0,AT4 ATR
SI,4438,GVA,1665,JER,499,,0,AT5 AT4
SJ,4454,UPG,3240,BIK,3241,,0,738
SJ,4454,UPG,3240,PLW,3249,,0,735
SJ,4454,UPG,3240,LUW,3254,,0,735
SJ,4454,UPG,3240,MKW,3260,,0,733
SJ,4454,UPG,3240,SOQ,3261,,0,735
SJ,4454,UPG,3240,SUB,3928,,0,735 733
SJ,4454,BIK,3241,UPG,3240,,0,738
SJ,4454,BIK,3241,DJJ,3244,,0,738
SJ,4454,MKQ,3246,DJJ,3244,,0,738
SJ,4454,MDC,3250,SUB,3928,,0,735
SJ,4454,TTE,3253,UPG,3240,,0,735
SJ,4454,TTE,3253,CGK,3275,,0,735
SJ,4454,MKW,3260,DJJ,3244,,0,733
SJ,4454,CGK,3275,TTE,3253,,0,735
SJ,4454,CGK,3275,PKU,3273,,0,735
SJ,4454,CGK,3275,BKS,3288,,0,735
SJ,4454,CGK,3275,BTH,3903,,0,733
SJ,4454,CGK,3275,TJQ,3904,,0,733 735
SJ,4454,CGK,3275,BDJ,3908,,0,735
SJ,4454,CGK,3275,BPN,3919,,0,738 733
SJ,4454,CGK,3275,SOC,3929,,0,733 735
SJ,4454,CGK,3275,TKG,6223,,0,735 734
SJ,4454,DJB,3287,BTH,3903,,0,735
SJ,4454,DIL,3310,DPS,3940,,0,735
SJ,4454,JOG,3898,CGK,3275,,0,733 735
SJ,4454,SRG,3901,CGK,3275,,0,735
SJ,4454,BTH,3903,CGK,3275,,0,733
SJ,4454,TNJ,3906,CGK,3275,,0,733
SJ,4454,BDJ,3908,BPN,3919,,0,735
SJ,4454,BPN,3919,PLW,3249,,0,735
SJ,4454,BPN,3919,BDJ,3908,,0,735
SJ,4454,BPN,3919,BEJ,6209,,0,735 733
SJ,4454,TRK,3920,BPN,3919,,0,733 738
SJ,4454,SUB,3928,UPG,3240,,0,735 733
SJ,4454,SUB,3928,MDC,3250,,0,735
SJ,4454,SUB,3928,CGK,3275,,0,734 735 733
SJ,4454,SUB,3928,SRG,3901,,0,735
SJ,4454,SUB,3928,KOE,3916,,0,734
SJ,4454,SUB,3928,BPN,3919,,0,735 733
DG,4475,MNL,2397,KLO,2430,,0,320
DG,4475,TAC,2422,MNL,2397,,0,320
DG,4475,ILO,2429,MNL,2397,,0,320
DG,4475,KLO,2430,MNL,2397,,0,320
DG,4475,PPS,2433,MNL,2397,,0,320
DG,4475,SIN,3316,KLO,2430,,0,320
DG,4475,SIN,3316,CRK,4140,,0,320
DG,4475,CRK,4140,KLO,2430,,0,320
DG,4475,CRK,4140,SIN,3316,,0,320
DG,4475,CRK,4140,BKK,3885,,0,320
5G,4496,ACC,248,KMS,5556,,0,AT7
5G,4496,KMS,5556,ACC,248,,0,AT7
FS,4513,TIP,1157,MIR,286,,0,319
FS,4513,TIP,1157,TUN,287,,0,319
FS,4513,TIP,1157,SFA,295,,0,319
SD,4521,NDJ,999,KAN,270,,0,AB6
SD,4521,CAI,1128,PZU,5702,,0,320
SD,4521,KRT,1175,NDJ,999,,0,AB6
SD,4521,KRT,1175,ELF,1169,,0,YK2
SD,4521,KRT,1175,JED,2072,,0,AB6 320
SD,4521,KRT,1175,RUH,2082,,0,AB6
SD,4521,RUH,2082,KRT,1175,,0,AB6
SD,4521,DXB,2188,KRT,1175,,0,AB6
SD,4521,PZU,5702,CAI,1128,,0,320
SD,4521,PZU,5702,JED,2072,,0,320
SD,4521,DOH,11051,KRT,1175,,0,320
SV,4533,HYD,,DMM,2064,,0,772
SV,4533,HYD,,RUH,2082,,0,772
SV,4533,ALG,210,MED,2074,,0,AB6
SV,4533,ORN,231,MED,2074,,0,AB6
SV,4533,TUN,287,JED,2072,,0,333
SV,4533,LHR,507,JED,2072,,0,777 773
SV,4533,LHR,507,RUH,2082,,0,777
SV,4533,CMN,1074,JED,2072,,0,773
SV,4533,CAI,1128,JED,2072,,0,333 772 744
SV,4533,CAI,1128,MED,2074,,0,320 74E 772
SV,4533,MAD,1229,JED,2072,,0,320
SV,4533,FCO,1555,JED,2072,,0,320
SV,4533,FCO,1555,RUH,2082,,0,320
SV,4533,IST,1701,RUH,2082,,0,320
SV,4533,AHB,2059,DMM,2064,,0,320
SV,4533,AHB,2059,TUU,2089,,0,320
SV,4533,HOF,2060,JED,2072,,0,320
SV,4533,ABT,2061,DMM,2064,,0,320
SV,4533,ABT,2061,JED,2072,,0,320
SV,4533,ABT,2061,RUH,2082,,0,320
SV,4533,DMM,2064,HYD,,,0,772
SV,4533,DMM,2064,CAI,1128,,0,321
SV,4533,DMM,2064,BAH,2057,Y,0,320
SV,4533,DMM,2064,JED,2072,,0,320 772 321 333 E70 777 74E 744
SV,4533,DMM,2064,EAM,2075,,0,E70
SV,4533,DMM,2064,RUH,2082,,0,E70 320 321
SV,4533,DMM,2064,KWI,2176,Y,0,320
SV,4533,DMM,2064,DXB,2188,,0,320 321
SV,4533,DMM,2064,KHI,2206,,0,320
SV,4533,DMM,2064,BOM,2997,,0,320
SV,4533,DMM,2064,CMB,3024,Y,0,343
SV,4533,DMM,2064,DAC,3076,,0,772
SV,4533,DMM,2064,BLR,3131,,0,333
SV,4533,DMM,2064,MAA,3144,,0,333
SV,4533,GIZ,2066,DMM,2064,,0,320
SV,4533,GIZ,2066,JED,2072,,0,321
SV,4533,GIZ,2066,RUH,2082,,0,321
SV,4533,ELQ,2067,DMM,2064,,0,320 321
SV,4533,ELQ,2067,JED,2072,,0,320 321
SV,4533,URY,2068,JED,2072,,0,321 320 E70
SV,4533,HAS,2069,JED,2072,,0,320 321 E70
SV,4533,HAS,2069,RUH,2082,,0,321 320
SV,4533,JED,2072,ALG,210,,0,AB6
SV,4533,JED,2072,FRA,340,,0,320
SV,4533,JED,2072,LHR,507,,0,777 773
SV,4533,JED,2072,KRT,1175,,0,772
SV,4533,JED,2072,MAD,1229,,0,320
SV,4533,JED,2072,IST,1701,,0,333 74E
SV,4533,JED,2072,HOF,2060,,0,320
SV,4533,JED,2072,BHH,2062,,0,320 E70 321
SV,4533,JED,2072,GIZ,2066,,0,321
SV,4533,JED,2072,EAM,2075,,0,320 E70 321
SV,4533,JED,2072,AQI,2076,,0,E70
SV,4533,JED,2072,RAE,2084,,0,E70
SV,4533,JED,2072,AWZ,2104,,0,AB6
SV,4533,JED,2072,THR,2131,,0,74E AB6
SV,4533,JED,2072,AUH,2179,,0,320 321
SV,4533,JED,2072,DXB,2188,,0,321 333 773 777 320
SV,4533,JED,2072,MCT,2194,,0,320 E70
SV,4533,JED,2072,DAC,3076,,0,772
SV,4533,JED,2072,DEL,3093,,0,772
SV,4533,JED,2072,BLR,3131,,0,333
SV,4533,JED,2072,CCJ,3137,,0,772
SV,4533,JED,2072,JFK,3797,,0,777
SV,4533,JED,2072,ADE,3977,,0,320
SV,4533,JED,2072,SAH,3980,,0,320
SV,4533,JED,2072,MHD,4331,,0,AB6 74E
SV,4533,JED,2072,OMH,5936,,0,AB6
SV,4533,MED,2074,ESB,1682,,0,74E
SV,4533,MED,2074,IST,1701,,0,320
SV,4533,MED,2074,AHB,2059,,0,E70
SV,4533,RAH,2081,RUH,2082,,0,E70
SV,4533,RUH,2082,HYD,,,0,772
SV,4533,RUH,2082,LHR,507,,0,777
SV,4533,RUH,2082,ADD,1107,,0,320
SV,4533,RUH,2082,KRT,1175,,0,772
SV,4533,RUH,2082,FCO,1555,,0,320
SV,4533,RUH,2082,AHB,2059,,0,320
SV,4533,RUH,2082,GIZ,2066,,0,321
SV,4533,RUH,2082,ELQ,2067,,0,E70 320 321
SV,4533,RUH,2082,JED,2072,,0,321 320 333 772 773 777 744 E70 74E
SV,4533,RUH,2082,RAE,2084,,0,320
SV,4533,RUH,2082,SHW,2086,,0,E70 320
SV,4533,RUH,2082,KWI,2176,,0,321 E70
SV,4533,RUH,2082,PEW,2219,,0,772
SV,4533,RUH,2082,MNL,2397,,0,744
SV,4533,RUH,2082,DAC,3076,,0,772
SV,4533,RUH,2082,MAA,3144,,0,333
SV,4533,RUH,2082,KUL,3304,,0,773
SV,4533,RUH,2082,CAN,3370,,0,777
SV,4533,RUH,2082,SSH,4057,,0,E70
SV,4533,RUH,2082,AJF,5925,,0,320 E70
SV,4533,RUH,2082,DOH,11051,,0,320
SV,4533,RAE,2084,RUH,2082,,0,320
SV,4533,SHW,2086,JED,2072,,0,E70 320
SV,4533,SHW,2086,RUH,2082,,0,E70 320
SV,4533,TUU,2089,RUH,2082,,0,321 320
SV,4533,TIF,2090,AHB,2059,,0,320
SV,4533,TUI,2093,RUH,2082,,0,E70
SV,4533,YNB,2096,JED,2072,,0,E70 320 321
SV,4533,AWZ,2104,MED,2074,,0,AB6
SV,4533,THR,2131,MED,2074,,0,74E AB6
SV,4533,SYZ,2157,MED,2074,,0,AB6
SV,4533,AZD,2164,MED,2074,,0,AB6
SV,4533,AMM,2170,JED,2072,,0,320
SV,4533,AMM,2170,MED,2074,,0,320
SV,4533,KWI,2176,RUH,2082,,0,321 E70
SV,4533,BEY,2177,RUH,2082,,0,320 321 333
SV,4533,DXB,2188,DMM,2064,,0,320 321
SV,4533,DXB,2188,MED,2074,,0,320
SV,4533,KHI,2206,DMM,2064,,0,320
SV,4533,PEW,2219,RUH,2082,,0,772
SV,4533,ISB,2223,DMM,2064,,0,74E
SV,4533,MNL,2397,RUH,2082,,0,744
SV,4533,BOM,2997,JED,2072,,0,772
SV,4533,DAC,3076,DMM,2064,,0,772
SV,4533,DEL,3093,JED,2072,,0,772
SV,4533,LKO,3105,JED,2072,,0,333
SV,4533,BLR,3131,RUH,2082,,0,333
SV,4533,COK,3136,DMM,2064,,0,333
SV,4533,CCJ,3137,DMM,2064,,0,772
SV,4533,MAA,3144,JED,2072,,0,333
SV,4533,CGK,3275,RUH,2082,,0,773
SV,4533,SIN,3316,JED,2072,,0,777 772
SV,4533,SIN,3316,RUH,2082,,0,777
SV,4533,HBE,3410,JED,2072,,0,320
SV,4533,HBE,3410,MED,2074,,0,AB6 320
SV,4533,HBE,3410,RUH,2082,,0,320
SV,4533,ADE,3977,JED,2072,,0,320
SV,4533,SSH,4057,JED,2072,,0,E70
SV,4533,SSH,4057,RUH,2082,,0,E70
SV,4533,NBO,4059,JED,2072,,0,320
WN,4547,NAS,1953,ATL,3682,Y,0,73G
WN,4547,SJU,2890,TPA,3646,,0,73H 73W
WN,4547,SJU,2890,ATL,3682,,0,73W
WN,4547,SJU,2890,BWI,3849,,0,73W 738
WN,4547,AUA,2895,ATL,3682,Y,0,73G
WN,4547,BOS,3448,STL,3678,,0,73W
WN,4547,BOS,3448,MKE,3717,,0,73W
WN,4547,BOS,3448,DEN,3751,,0,73W
WN,4547,BOS,3448,MCO,3878,,1,73W
WN,4547,OAK,3453,GEG,3467,,0,73W
WN,4547,OAK,3453,SLC,3536,,0,73W 73C
WN,4547,OAK,3453,SEA,3577,,0,733 73C 73W
WN,4547,OAK,3453,BUR,3644,,0,73W
WN,4547,OAK,3453,PDX,3720,,0,733 73W 73C
WN,4547,OAK,3453,ABQ,4019,,0,73W
WN,4547,OMA,3454,DEN,3751,,0,73W 73C
WN,4547,OMA,3454,LAS,3877,,0,73W
WN,4547,ICT,3457,DAL,3502,,0,73W
WN,4547,MCI,3458,BOS,3448,,0,73W 733
WN,4547,MCI,3458,OAK,3453,,0,73W
WN,4547,MCI,3458,PHX,3462,,0,73C 73W 738 733
WN,4547,MCI,3458,FLL,3533,,0,73W 733
WN,4547,MCI,3458,BNA,3690,,0,73W 73C
WN,4547,MCI,3458,MKE,3717,,0,73W
WN,4547,MCI,3458,PDX,3720,,0,733
WN,4547,MCI,3458,DEN,3751,,0,73W 738 73C 733
WN,4547,MCI,3458,BWI,3849,,0,73W 733
WN,4547,MCI,3458,MCO,3878,,0,73W 73C 738
WN,4547,PHX,3462,OMA,3454,,0,73C 73W 733
WN,4547,PHX,3462,SFO,3469,,0,73W 733
WN,4547,PHX,3462,BOI,3495,,0,73W
WN,4547,PHX,3462,FLL,3533,,0,73W
WN,4547,PHX,3462,SLC,3536,,0,738 733 73W 73C
WN,4547,PHX,3462,SEA,3577,,0,73W 73C 733
WN,4547,PHX,3462,IND,3585,,0,73W 73C 733
WN,4547,PHX,3462,SAT,3621,,0,73W 73C
WN,4547,PHX,3462,BUR,3644,,0,73W
WN,4547,PHX,3462,ATL,3682,,0,73W
WN,4547,PHX,3462,BNA,3690,,0,73C 73W
WN,4547,PHX,3462,PDX,3720,,0,73W 73C
WN,4547,PHX,3462,MDW,3747,,0,73W 73H 738
WN,4547,PHX,3462,PHL,3752,,0,73W
WN,4547,PHX,3462,CMH,3759,,0,73W
WN,4547,PHX,3462,SMF,3817,,0,73W 733 73H
WN,4547,PHX,3462,MSY,3861,,0,73H 73W
WN,4547,PHX,3462,OKC,3863,,0,73C 73W
WN,4547,PHX,3462,SNA,3867,,0,73W 73H
WN,4547,PHX,3462,LAS,3877,,0,73W 73C 735
WN,4547,GEG,3467,PHX,3462,,0,73W
WN,4547,SFO,3469,ATL,3682,,0,73W
WN,4547,SFO,3469,SNA,3867,,0,73W
WN,4547,LAX,3484,OAK,3453,,0,73W 733 73C
WN,4547,LAX,3484,MCI,3458,,0,73W 738 733
WN,4547,LAX,3484,PHX,3462,,0,73C 73W 733 73H
WN,4547,LAX,3484,SFO,3469,,0,73W 73C 733
WN,4547,LAX,3484,SLC,3536,,0,73C 73H 73W 733
WN,4547,LAX,3484,MKE,3717,,0,73W
WN,4547,LAX,3484,RNO,3807,,0,73W 73H
WN,4547,LAX,3484,SMF,3817,,0,733 73C 73W
WN,4547,LAX,3484,MSY,3861,,0,73W
WN,4547,LAX,3484,ABQ,4019,,0,73C 73W 733
WN,4547,CLE,3486,BNA,3690,,0,73W 73C
WN,4547,CLE,3486,MDW,3747,,0,73W
WN,4547,CLE,3486,LAS,3877,,0,73W
WN,4547,BOI,3495,LAS,3877,,0,73W 73C
WN,4547,DAL,3502,SAT,3621,,0,73W 735 73C 733
WN,4547,DAL,3502,AUS,3673,,0,73W 733 735 73C
WN,4547,DAL,3502,BHM,3811,,0,73W 73C
WN,4547,DAL,3502,AMA,3840,,0,735 733 73W
WN,4547,DAL,3502,TUL,3855,,0,73W 735
WN,4547,DAL,3502,MSY,3861,,0,73W 73C  735
WN,4547,DAL,3502,OKC,3863,,0,73W 73C 733
WN,4547,DAL,3502,ABQ,4019,,0,73C 733 73W
WN,4547,DCA,3520,HOU,3566,,0,73W
WN,4547,FLL,3533,HOU,3566,,0,73W
WN,4547,FLL,3533,PVD,3641,,0,73W
WN,4547,FLL,3533,AUS,3673,,0,73W
WN,4547,FLL,3533,DEN,3751,,0,73W
WN,4547,FLL,3533,ALB,3864,,0,73W
WN,4547,SLC,3536,SEA,3577,,0,73W 73C
WN,4547,SLC,3536,MDW,3747,,0,73H 73W
WN,4547,SLC,3536,BWI,3849,,0,73W
WN,4547,ELP,3559,PHX,3462,,0,73W 735 73C
WN,4547,ELP,3559,DAL,3502,,0,73W 735 73C
WN,4547,ELP,3559,LAS,3877,,0,735 73W 73C
WN,4547,HRL,3560,HOU,3566,,0,735 733 73W
WN,4547,HRL,3560,SAT,3621,,0,735
WN,4547,HOU,3566,MCI,3458,,0,73W 733
WN,4547,HOU,3566,EWR,3494,,0,73W
WN,4547,HOU,3566,ELP,3559,,0,73W 735 73C
WN,4547,HOU,3566,HRL,3560,,0,73W 735 733
WN,4547,HOU,3566,MAF,3652,,0,735 73W
WN,4547,HOU,3566,STL,3678,,0,73H 73C 733 73W
WN,4547,HOU,3566,JAX,3712,,0,73W
WN,4547,HOU,3566,DEN,3751,,0,73W
WN,4547,HOU,3566,BWI,3849,,0,73W
WN,4547,HOU,3566,TUL,3855,,0,73W
WN,4547,HOU,3566,MSY,3861,,0,735 73W 73C 733
WN,4547,HOU,3566,LAS,3877,,0,73W 73H
WN,4547,HOU,3566,ABQ,4019,,0,73C 733 73W
WN,4547,PIT,3570,HOU,3566,,0,73W
WN,4547,SEA,3577,DEN,3751,,0,73W 733 73C
WN,4547,SEA,3577,RNO,3807,,0,73W
WN,4547,SEA,3577,ABQ,4019,,0,73C 73W 733
WN,4547,JAN,3580,MDW,3747,,0,73W
WN,4547,IND,3585,FLL,3533,,0,73W 73C
WN,4547,IND,3585,DEN,3751,,0,733 73C 73W
WN,4547,IND,3585,RSW,3793,,0,73C 73W
WN,4547,IND,3585,LAS,3877,,0,73W 73C
WN,4547,RIC,3608,ATL,3682,Y,0,717
WN,4547,RIC,3608,MCO,3878,,0,733 73W 73C
WN,4547,ORF,3611,ATL,3682,Y,0,717
WN,4547,SAT,3621,PHX,3462,,0,73W
WN,4547,SAT,3621,DAL,3502,,0,73W 73C 735 733
WN,4547,SAT,3621,ELP,3559,,0,735 73W
WN,4547,SAT,3621,HOU,3566,,0,73W 735 73C
WN,4547,SAT,3621,ATL,3682,,0,73C 73W
WN,4547,SAT,3621,DEN,3751,,0,73W
WN,4547,SAT,3621,BWI,3849,,0,73W 73H
WN,4547,ROC,3622,MCO,3878,,0,73W
WN,4547,RDU,3626,PHX,3462,,0,73W
WN,4547,RDU,3626,FLL,3533,,0,73W
WN,4547,RDU,3626,HOU,3566,,0,73W 733
WN,4547,RDU,3626,STL,3678,,0,73W
WN,4547,RDU,3626,BWI,3849,,0,73W 733 73C
WN,4547,RDU,3626,LAS,3877,,0,73W
WN,4547,DAY,3627,MCO,3878,,0,73W
WN,4547,TUS,3636,LAX,3484,,0,73C 73W 733 73H
WN,4547,TUS,3636,MDW,3747,,0,73H 73W
WN,4547,PVD,3641,FLL,3533,,0,73W 73H
WN,4547,PVD,3641,MDW,3747,,0,73H 73W
WN,4547,PVD,3641,MCO,3878,,0,73W 738 73H
WN,4547,BUR,3644,OAK,3453,,0,73W 73H
WN,4547,BUR,3644,LAS,3877,,0,73W
WN,4547,DTW,3645,MDW,3747,,0,73W 73C
WN,4547,DTW,3645,LAS,3877,,0,73H 73W
WN,4547,TPA,3646,PHX,3462,,0,73W
WN,4547,TPA,3646,SAT,3621,,0,73W 73C
WN,4547,TPA,3646,ROC,3622,,0,73W
WN,4547,TPA,3646,AUS,3673,,0,73C
WN,4547,TPA,3646,STL,3678,,0,73W 73C 73H
WN,4547,TPA,3646,BNA,3690,,0,73C 73W 733
WN,4547,TPA,3646,DEN,3751,,0,73W
WN,4547,TPA,3646,BHM,3811,,0,73W
WN,4547,TPA,3646,BDL,3825,,0,733 73C
WN,4547,TPA,3646,BWI,3849,,0,73W 73H 738 73C
WN,4547,TPA,3646,LAS,3877,,0,73H 73W
WN,4547,TPA,3646,CAK,4112,Y,0,717
WN,4547,LIT,3660,HOU,3566,,0,735
WN,4547,LIT,3660,MDW,3747,,0,73W
WN,4547,AUS,3673,LAX,3484,,0,73C 73W
WN,4547,AUS,3673,FLL,3533,,0,73W
WN,4547,AUS,3673,HRL,3560,,0,735 73W
WN,4547,AUS,3673,TPA,3646,,0,73W
WN,4547,AUS,3673,BNA,3690,,0,73W
WN,4547,AUS,3673,BWI,3849,,0,73W
WN,4547,AUS,3673,MCO,3878,,0,733 73C 73W
WN,4547,STL,3678,OMA,3454,,0,733 73C 73W
WN,4547,STL,3678,MCI,3458,,0,73W 73C
WN,4547,STL,3678,DCA,3520,,0,73W
WN,4547,STL,3678,SAT,3621,,0,73C 73W
WN,4547,STL,3678,TPA,3646,,0,73W 73C 73H
WN,4547,STL,3678,ATL,3682,,0,73W
WN,4547,STL,3678,SAN,3731,,0,73W
WN,4547,STL,3678,MDW,3747,,0,73W 73H 73C
WN,4547,STL,3678,DEN,3751,,0,733 73W 73C
WN,4547,STL,3678,RSW,3793,,0,73W 73C
WN,4547,STL,3678,BWI,3849,,0,73C 73W 733
WN,4547,STL,3678,MSP,3858,,0,73W
WN,4547,ATL,3682,NAS,1953,Y,0,73G
WN,4547,ATL,3682,SFO,3469,,0,73W
WN,4547,ATL,3682,LAX,3484,,0,73W
WN,4547,ATL,3682,HOU,3566,,0,73C 73W 733
WN,4547,ATL,3682,PIT,3570,Y,0,717 73G
WN,4547,ATL,3682,ORF,3611,Y,0,717
WN,4547,ATL,3682,RDU,3626,Y,0,717
WN,4547,ATL,3682,DTW,3645,Y,0,717 73G
WN,4547,ATL,3682,TPA,3646,,0,73W  733 73C
WN,4547,ATL,3682,LGA,3697,,0,73W
WN,4547,ATL,3682,PBI,3722,,0,733 73W
WN,4547,ATL,3682,MDW,3747,,0,73W
WN,4547,ATL,3682,DEN,3751,,0,73W
WN,4547,ATL,3682,CMH,3759,Y,0,717
WN,4547,ATL,3682,BDL,3825,Y,0,717
WN,4547,ATL,3682,MSP,3858,Y,0,717
WN,4547,ATL,3682,LAS,3877,,0,73W
WN,4547,GRR,3685,MCO,3878,,0,73W
WN,4547,BNA,3690,MCI,3458,,0,73W 73C 733
WN,4547,BNA,3690,PHX,3462,,0,73W
WN,4547,BNA,3690,LAX,3484,,0,73W 73H
WN,4547,BNA,3690,CLE,3486,,0,73W
WN,4547,BNA,3690,PNS,3564,,0,73W
WN,4547,BNA,3690,HOU,3566,,0,735 73C 73W
WN,4547,BNA,3690,AUS,3673,,0,733 73W 735
WN,4547,BNA,3690,STL,3678,,0,73W 73C
WN,4547,BNA,3690,JAX,3712,,0,73W 73C 733
WN,4547,BNA,3690,SAN,3731,,0,73W
WN,4547,BNA,3690,MDW,3747,,0,73W 738 73H
WN,4547,BNA,3690,PHL,3752,,0,73W 73C 733
WN,4547,BNA,3690,CMH,3759,,0,73W 73C
WN,4547,BNA,3690,BWI,3849,,0,738 73W 73C 733
WN,4547,BNA,3690,MSY,3861,,0,73W 73C 733
WN,4547,BNA,3690,ECP,7669,,0,73W
WN,4547,LGA,3697,HOU,3566,,0,73W
WN,4547,LGA,3697,ATL,3682,,0,73W
WN,4547,LGA,3697,BNA,3690,,0,73W
WN,4547,LGA,3697,CAK,4112,,0,73W
WN,4547,JAX,3712,FLL,3533,,0,73C 73W
WN,4547,JAX,3712,HOU,3566,,0,733 73W
WN,4547,JAX,3712,LAS,3877,,0,73W
WN,4547,IAD,3714,DEN,3751,,0,73W
WN,4547,MKE,3717,BOS,3448,,0,73W 733
WN,4547,MKE,3717,PHX,3462,,0,73W
WN,4547,MKE,3717,LAX,3484,,0,73W
WN,4547,MKE,3717,TPA,3646,,0,73W
WN,4547,MKE,3717,MSY,3861,,0,73C 73W
WN,4547,MKE,3717,MCO,3878,,0,73W
WN,4547,PDX,3720,MCI,3458,,0,733
WN,4547,PDX,3720,PHX,3462,,0,733 73W 73C
WN,4547,PDX,3720,MDW,3747,,0,73H 73W
WN,4547,PDX,3720,SJC,3748,,0,73W 733
WN,4547,PDX,3720,DEN,3751,,0,73W 73H
WN,4547,PDX,3720,ABQ,4019,,0,733 73C
WN,4547,DSM,3729,LAS,3877,,0,73W
WN,4547,SAN,3731,OAK,3453,,0,73C 73W 733
WN,4547,SAN,3731,MCI,3458,,0,73W 738
WN,4547,SAN,3731,PHX,3462,,0,73W 73C
WN,4547,SAN,3731,HOU,3566,,0,73W
WN,4547,SAN,3731,RNO,3807,,0,73W
WN,4547,SAN,3731,MSY,3861,,0,73W
WN,4547,ONT,3734,SJC,3748,,0,73W 733 73C
WN,4547,ONT,3734,DEN,3751,,0,73C 73W 73H
WN,4547,ONT,3734,LAS,3877,,0,73W 73C 73H 738
WN,4547,MDW,3747,PHX,3462,,0,73W 73H 738
WN,4547,MDW,3747,SLC,3536,,0,73W 73H
WN,4547,MDW,3747,JAN,3580,,0,73W
WN,4547,MDW,3747,ORF,3611,,0,73W
WN,4547,MDW,3747,ROC,3622,,0,73W
WN,4547,MDW,3747,PVD,3641,,0,73W 738
WN,4547,MDW,3747,DTW,3645,,0,73W 73H
WN,4547,MDW,3747,AUS,3673,,0,73W
WN,4547,MDW,3747,STL,3678,,0,73W 738 73C
WN,4547,MDW,3747,ATL,3682,,0,73W
WN,4547,MDW,3747,LGA,3697,,0,73W 73H
WN,4547,MDW,3747,IAD,3714,,0,73W 73H
WN,4547,MDW,3747,PHL,3752,,0,73W
WN,4547,MDW,3747,CHS,3806,,0,73W
WN,4547,MDW,3747,RNO,3807,,0,73W
WN,4547,MDW,3747,BUF,3820,,0,73W 738 73H
WN,4547,MDW,3747,BWI,3849,,0,73W 73H 738
WN,4547,MDW,3747,MSY,3861,,0,73H 73W
WN,4547,MDW,3747,OKC,3863,,0,73W
WN,4547,MDW,3747,ALB,3864,,0,73H 73W
WN,4547,MDW,3747,CLT,3876,,0,73W
WN,4547,MDW,3747,SDF,4014,,0,73C 73W 733
WN,4547,MDW,3747,ABQ,4019,,0,73W
WN,4547,MDW,3747,GSP,4034,,0,73W
WN,4547,SJC,3748,PDX,3720,,0,73W 73H 733 73C
WN,4547,SJC,3748,SAN,3731,,0,73W 73C 733 73H
WN,4547,SJC,3748,SNA,3867,,0,73H 73W
WN,4547,DEN,3751,OMA,3454,,0,73W
WN,4547,DEN,3751,PHX,3462,,0,73W 73C 73H 733
WN,4547,DEN,3751,GEG,3467,,0,73W
WN,4547,DEN,3751,SLC,3536,,0,73W 733 73C 73H
WN,4547,DEN,3751,HOU,3566,,0,73H 73W 733
WN,4547,DEN,3751,DAY,3627,,0,73W
WN,4547,DEN,3751,BUR,3644,,0,73W
WN,4547,DEN,3751,TPA,3646,,0,73W 73H
WN,4547,DEN,3751,STL,3678,,0,73W 733
WN,4547,DEN,3751,BNA,3690,,0,73W 738 73H
WN,4547,DEN,3751,JAX,3712,,0,73W
WN,4547,DEN,3751,SAN,3731,,0,73C 73H 73W
WN,4547,DEN,3751,MDW,3747,,0,73W 738
WN,4547,DEN,3751,SJC,3748,,0,73W
WN,4547,DEN,3751,PHL,3752,,0,73W
WN,4547,DEN,3751,CMH,3759,,0,73W
WN,4547,DEN,3751,SMF,3817,,0,733 73W 73H 73C 738
WN,4547,DEN,3751,BWI,3849,,0,73W 738
WN,4547,DEN,3751,MSP,3858,,0,73W 73H 733 73C
WN,4547,DEN,3751,MSY,3861,,0,73W
WN,4547,DEN,3751,OKC,3863,,0,73W 73C
WN,4547,DEN,3751,ABQ,4019,,0,73W 73C
WN,4547,DEN,3751,CAK,4112,,0,73W
WN,4547,PHL,3752,FLL,3533,,0,73W
WN,4547,PHL,3752,RSW,3793,,0,73C 733
WN,4547,PHL,3752,LAS,3877,,0,73W
WN,4547,PHL,3752,MCO,3878,,0,73W 73C 733
WN,4547,CMH,3759,ATL,3682,Y,0,717
WN,4547,CMH,3759,RSW,3793,,0,73W
WN,4547,CMH,3759,BWI,3849,,0,73W 73C 733
WN,4547,RSW,3793,DCA,3520,Y,0,717
WN,4547,RSW,3793,PIT,3570,,0,73W
WN,4547,RSW,3793,IND,3585,,0,73W 73C
WN,4547,RSW,3793,PVD,3641,,0,73C
WN,4547,RSW,3793,STL,3678,,0,73W 73C
WN,4547,RSW,3793,PHL,3752,,0,73W
WN,4547,RSW,3793,CMH,3759,,0,73W
WN,4547,CHS,3806,BNA,3690,,0,73C 73W
WN,4547,CHS,3806,MDW,3747,,0,73W
WN,4547,RNO,3807,LAX,3484,,0,73W
WN,4547,RNO,3807,SEA,3577,,0,73W
WN,4547,RNO,3807,MDW,3747,,0,73W
WN,4547,RNO,3807,DEN,3751,,0,73W 73H
WN,4547,RNO,3807,LAS,3877,,0,73H 73W 738
WN,4547,BHM,3811,DAL,3502,,0,73W 73C
WN,4547,BHM,3811,MCO,3878,,0,73W
WN,4547,SMF,3817,PHX,3462,,0,733 73W 73C
WN,4547,SMF,3817,PDX,3720,,0,73W 73C
WN,4547,BUF,3820,BWI,3849,,0,73W 733 73C
WN,4547,BUF,3820,MCO,3878,,0,73C 73W
WN,4547,BDL,3825,FLL,3533,,0,73W
WN,4547,BDL,3825,BWI,3849,,0,738 73C 73W 733 73H
WN,4547,BDL,3825,LAS,3877,,0,73W
WN,4547,BDL,3825,MCO,3878,,0,73W 738 73C
WN,4547,LBB,3829,AUS,3673,,0,735
WN,4547,BWI,3849,MCI,3458,,0,73W 73C 733
WN,4547,BWI,3849,MEM,3473,,0,73C 73W
WN,4547,BWI,3849,LAX,3484,,0,738 73H
WN,4547,BWI,3849,PIT,3570,,0,73W 73C
WN,4547,BWI,3849,IND,3585,,0,73W 73C 733
WN,4547,BWI,3849,ORF,3611,,0,73C 73W
WN,4547,BWI,3849,SAT,3621,,0,73W
WN,4547,BWI,3849,DTW,3645,,0,73W 73C
WN,4547,BWI,3849,STL,3678,,0,73W 73H 733
WN,4547,BWI,3849,ATL,3682,,0,73W 733 73C
WN,4547,BWI,3849,MKE,3717,,0,733 73W 73C
WN,4547,BWI,3849,CMH,3759,,0,73W
WN,4547,BWI,3849,RSW,3793,,0,73W 73C 733
WN,4547,BWI,3849,BDL,3825,,0,73W 738 73C 733
WN,4547,BWI,3849,ISP,3857,,0,73W
WN,4547,BWI,3849,ALB,3864,,0,73W
WN,4547,BWI,3849,ABQ,4019,,0,73W
WN,4547,BWI,3849,ECP,7669,,0,73W 73C
WN,4547,TUL,3855,PHX,3462,,0,73W
WN,4547,TUL,3855,DAL,3502,,0,73W 735
WN,4547,TUL,3855,MDW,3747,,0,73W
WN,4547,ISP,3857,TPA,3646,,0,73W
WN,4547,MSP,3858,MKE,3717,,0,73W 73C
WN,4547,MSP,3858,MDW,3747,,0,73W 73H
WN,4547,MSP,3858,MCO,3878,,0,73W
WN,4547,MSY,3861,EWR,3494,,0,73W
WN,4547,MSY,3861,HOU,3566,,0,73W 735 73C
WN,4547,MSY,3861,TPA,3646,,0,73C 73W 733
WN,4547,MSY,3861,AUS,3673,,0,73C 735
WN,4547,MSY,3861,MKE,3717,,0,73W
WN,4547,MSY,3861,SAN,3731,,0,73W
WN,4547,MSY,3861,MDW,3747,,0,73W 73H
WN,4547,MSY,3861,DEN,3751,,0,73W
WN,4547,OKC,3863,DAL,3502,,0,73W 73C
WN,4547,ALB,3864,TPA,3646,,0,73W
WN,4547,SNA,3867,OAK,3453,,0,73W 73H
WN,4547,SNA,3867,PHX,3462,,0,73W 73H
WN,4547,SNA,3867,DEN,3751,,0,73W
WN,4547,EYW,3875,MSY,3861,,0,73W
WN,4547,EYW,3875,MCO,3878,,0,73W
WN,4547,CLT,3876,HOU,3566,,0,733 73W
WN,4547,CLT,3876,MCO,3878,,0,73W 733
WN,4547,LAS,3877,PHX,3462,,0,738 73W 735 73C 733 73H
WN,4547,LAS,3877,CLE,3486,,0,73W
WN,4547,LAS,3877,SLC,3536,,0,73W 733 73C 73H 738
WN,4547,LAS,3877,RDU,3626,,0,73W
WN,4547,LAS,3877,TUS,3636,,0,73W 73C 733 73H
WN,4547,LAS,3877,BUR,3644,,0,73W 73H
WN,4547,LAS,3877,MAF,3652,,0,735 73W
WN,4547,LAS,3877,AUS,3673,,0,73H 733 73W 73C
WN,4547,LAS,3877,BNA,3690,,0,73W 73H
WN,4547,LAS,3877,PDX,3720,,0,73W 73C 73H
WN,4547,LAS,3877,ONT,3734,,0,73W 73C 73H
WN,4547,LAS,3877,MDW,3747,,0,73H 73W 738
WN,4547,LAS,3877,SJC,3748,,0,73W 73H 73C 733
WN,4547,LAS,3877,DEN,3751,,0,73W 73H 73C 733 738
WN,4547,LAS,3877,MSY,3861,,0,73H 73W
WN,4547,LAS,3877,ALB,3864,,0,73W
WN,4547,LAS,3877,SNA,3867,,0,73W 73H
WN,4547,LAS,3877,MCO,3878,,0,73H 738
WN,4547,LAS,3877,SDF,4014,,0,73W
WN,4547,MCO,3878,BOS,3448,,1,73W
WN,4547,MCO,3878,JAN,3580,,0,73W
WN,4547,MCO,3878,GRR,3685,,0,73W 73C
WN,4547,MCO,3878,MDW,3747,,0,73W 738 73H 733
WN,4547,MCO,3878,CMH,3759,,0,73C 73W 733 73H
WN,4547,MCO,3878,BHM,3811,,0,73W
WN,4547,MCO,3878,BDL,3825,,0,73C 73W 738 73H
WN,4547,MCO,3878,BWI,3849,,0,73W 733 73C 738
WN,4547,MCO,3878,MHT,4011,,0,73W 738
WN,4547,MCO,3878,SDF,4014,,0,73W
WN,4547,MCO,3878,FNT,4089,,0,73W
WN,4547,MHT,4011,MDW,3747,,0,73H 73W
WN,4547,MHT,4011,BWI,3849,,0,73W 73H 733 73C 738
WN,4547,MHT,4011,MCO,3878,,0,73W 73H 738
WN,4547,SDF,4014,PHX,3462,,0,73W
WN,4547,SDF,4014,TPA,3646,,0,73W
WN,4547,SDF,4014,ATL,3682,,0,733 73W
WN,4547,SDF,4014,MDW,3747,,0,73W
WN,4547,SDF,4014,BWI,3849,,0,73W 733
WN,4547,SDF,4014,LAS,3877,,0,73W
WN,4547,ABQ,4019,SAN,3731,,0,73C 733 73W
WN,4547,ABQ,4019,BWI,3849,,0,73W
WN,4547,GSP,4034,BNA,3690,,0,73W
WN,4547,GSP,4034,MDW,3747,,0,73W
WN,4547,FNT,4089,BWI,3849,,0,73W
WN,4547,CAK,4112,LGA,3697,,0,73W
WN,4547,BKG,6962,DAL,3502,,0,73W
WN,4547,BKG,6962,MDW,3747,,0,73W
WN,4547,ECP,7669,BNA,3690,,0,73W
A4,4550,ORU,,SRZ,4247,,0,SWM
A4,4550,TDD,2769,CIJ,2761,,0,SWM
A4,4550,TDD,2769,SRZ,4247,,0,SWM
A4,4550,BYC,2772,SRZ,4247,,0,SWM
A4,4550,SRZ,4247,ORU,,,0,SWM
A4,4550,SRZ,4247,TDD,2769,,0,SWM
LX,4559,YUL,146,YYZ,193,Y,0,333
LX,4559,YYZ,193,ZRH,1678,Y,0,333
LX,4559,BRU,302,DLA,897,Y,0,332
LX,4559,BRU,302,LIN,1529,,0,AR1 319
LX,4559,BRU,302,ZRH,1678,,0,AR1 320
LX,4559,CGN,344,ZRH,1678,,0,320 319
LX,4559,DUS,345,ZRH,1678,,0,320 AR1 100 321
LX,4559,NUE,347,ZRH,1678,,0,AR1 100
LX,4559,STR,350,ZRH,1678,,0,AR1
LX,4559,BHX,469,ZRH,1678,,0,100 AR1
LX,4559,LCY,503,GVA,1665,Y,0,AR1
LX,4559,LCY,503,ZRH,1678,Y,0,AR1
LX,4559,DUB,599,ZRH,1678,,0,321
LX,4559,CPH,609,GVA,1665,,0,319 320
LX,4559,LUX,629,ZRH,1678,,0,AR1 320
LX,4559,ARN,737,GVA,1665,,0,320 319
LX,4559,ARN,737,ZRH,1678,,0,320 321
LX,4559,DLA,897,BRU,302,Y,0,332
LX,4559,DLA,897,NSI,4161,Y,0,332
LX,4559,DAR,1177,NBO,4059,,0,333
LX,4559,NCE,1354,ZRH,1678,,0,320 319
LX,4559,BSL,1423,FRA,340,Y,0,CR7
LX,4559,BSL,1423,MUC,346,Y,0,CR7 CR9
LX,4559,BSL,1423,LCY,503,Y,0,AR1
LX,4559,BSL,1423,BCN,1218,Y,0,AR1
LX,4559,BSL,1423,FCO,1555,Y,0,AR1
LX,4559,HER,1452,GVA,1665,,0,320
LX,4559,CTA,1509,GVA,1665,,0,320
LX,4559,OLB,1520,GVA,1665,,0,320
LX,4559,FCO,1555,GVA,1665,,0,319 320
LX,4559,LJU,1569,ZRH,1678,Y,0,CR9 CR2 319
LX,4559,PRG,1587,GVA,1665,,0,320 319
LX,4559,OPO,1636,GVA,1665,,0,319 320
LX,4559,OPO,1636,ZRH,1678,Y,0,320 319
LX,4559,LIS,1638,ZRH,1678,,0,32A 320
LX,4559,GVA,1665,LHR,507,,0,320 319
LX,4559,GVA,1665,ARN,737,,0,320 319
LX,4559,GVA,1665,AGP,1230,,0,320 AR1
LX,4559,GVA,1665,HER,1452,,0,320
LX,4559,GVA,1665,CTA,1509,,0,320
LX,4559,GVA,1665,VIE,1613,Y,0,F70 319 100
LX,4559,GVA,1665,OPO,1636,,0,319 320
LX,4559,GVA,1665,LIS,1638,,0,319 320
LX,4559,GVA,1665,PRN,1742,,0,320
LX,4559,GVA,1665,IAD,3714,Y,0,763
LX,4559,GVA,1665,JFK,3797,,0,333
LX,4559,GVA,1665,PMI,3998,,0,320
LX,4559,GVA,1665,DME,4029,,0,319 320
LX,4559,ZRH,1678,YUL,146,,0,333
LX,4559,ZRH,1678,HAM,342,,0,321 319 320 CRJ
LX,4559,ZRH,1678,MUC,346,,0,AR1
LX,4559,ZRH,1678,MAN,478,,0,100 320 AR1
LX,4559,ZRH,1678,DUB,599,,0,321
LX,4559,ZRH,1678,CPH,609,,0,321 320
LX,4559,ZRH,1678,ARN,737,,0,320 321
LX,4559,ZRH,1678,RAK,1075,Y,0,320
LX,4559,ZRH,1678,DBV,1200,Y,0,DH4
LX,4559,ZRH,1678,MAD,1229,,0,320 32A
LX,4559,ZRH,1678,NCE,1354,,0,320 319
LX,4559,ZRH,1678,VCE,1551,,0,AR1 320
LX,4559,ZRH,1678,FCO,1555,,0,321 320 319 32A
LX,4559,ZRH,1678,GVA,1665,,0,319 320 AR1 321 32A
LX,4559,ZRH,1678,AYT,1688,Y,0,320
LX,4559,ZRH,1678,NRT,2279,,0,343
LX,4559,ZRH,1678,GRU,2564,,0,343
LX,4559,ZRH,1678,KBP,2939,,0,320 32A 100 319
LX,4559,ZRH,1678,DEL,3093,,0,333
LX,4559,ZRH,1678,PVG,3406,,0,343
LX,4559,ZRH,1678,BOS,3448,,0,333
LX,4559,ZRH,1678,MIA,3576,,0,333
LX,4559,ZRH,1678,FNC,4091,Y,0,320
LX,4559,AYT,1688,ZRH,1678,Y,0,320
LX,4559,SKP,1737,ZRH,1678,Y,0,320
LX,4559,PRN,1742,GVA,1665,,0,320
LX,4559,PRN,1742,ZRH,1678,Y,0,320
LX,4559,PUJ,1760,ZRH,1678,Y,0,333
LX,4559,BAH,2057,DOH,11051,Y,0,333
LX,4559,SIN,3316,ZRH,1678,,0,343
LX,4559,PEK,3364,ZRH,1678,,0,333
LX,4559,BOS,3448,ZRH,1678,,0,333
LX,4559,SFO,3469,ZRH,1678,,0,343
LX,4559,EWR,3494,ZRH,1678,,0,333
LX,4559,JFK,3797,GVA,1665,,0,333
LX,4559,JFK,3797,ZRH,1678,,0,333
LX,4559,ATH,3941,GVA,1665,,0,320 319
LX,4559,ATH,3941,ZRH,1678,,0,321
LX,4559,PMI,3998,GVA,1665,,0,320
LX,4559,DME,4029,GVA,1665,,0,320 319
LX,4559,NBO,4059,DAR,1177,,0,333
LX,4559,NBO,4059,ZRH,1678,,0,333
LX,4559,NSI,4161,DLA,897,Y,0,332
XQ,4573,CGN,344,AYT,1688,,0,738
XQ,4573,DUS,345,ADB,1706,,0,738
XQ,4573,NUE,347,AYT,1688,,0,738
XQ,4573,STR,350,ADB,1706,,0,738
XQ,4573,TXL,351,ADB,1706,,0,738
XQ,4573,HAJ,352,AYT,1688,,0,738
XQ,4573,CDG,1382,ADB,1706,,0,738
XQ,4573,NTE,1418,ADB,1706,,0,738
XQ,4573,BSL,1423,AYT,1688,,0,738
XQ,4573,SXB,1435,ADB,1706,,0,738
XQ,4573,LNZ,1611,SZG,1612,,0,738
XQ,4573,ZRH,1678,AYT,1688,,0,738
XQ,4573,ZRH,1678,ADB,1706,,0,738
XQ,4573,AYT,1688,HAM,342,,0,738
XQ,4573,AYT,1688,NUE,347,,0,738
XQ,4573,AYT,1688,LEJ,348,,0,738
XQ,4573,AYT,1688,HAJ,352,,0,738
XQ,4573,AYT,1688,PAD,371,,0,738
XQ,4573,AYT,1688,GRZ,1609,,0,738
XQ,4573,AYT,1688,LNZ,1611,,0,738
XQ,4573,GZT,1689,ADB,1706,,0,738
XQ,4573,ASR,1696,AMS,580,,0,738
XQ,4573,ADB,1706,FRA,340,,0,738
XQ,4573,ADB,1706,BRE,353,,0,738
XQ,4573,ADB,1706,AMS,580,,0,738
XQ,4573,ADB,1706,CDG,1382,,0,738
XQ,4573,ADB,1706,BSL,1423,,0,738
XQ,4573,ADB,1706,SXB,1435,,0,738
SC,4599,TPE,2276,YNT,3392,,0,738
SC,4599,PEK,3364,INC,4085,,0,738
SC,4599,TSN,3368,HET,6345,,0,738
SC,4599,TSN,3368,BAV,6346,,0,CR7
SC,4599,TYN,3369,NKG,3388,,0,738
SC,4599,TYN,3369,TNA,4108,,0,CR7 CR2
SC,4599,CAN,3370,TAO,3390,,0,738
SC,4599,CAN,3370,TNA,4108,,0,738
SC,4599,CSX,3371,XMN,3383,,0,738
SC,4599,CSX,3371,TNA,4108,,0,733 738
SC,4599,KWL,3372,CGO,3375,,0,738
SC,4599,KWL,3372,XMN,3383,,0,738
SC,4599,KWL,3372,NGB,3387,,0,738
SC,4599,SZX,3374,TNA,4108,,0,738
SC,4599,SZX,3374,WNZ,6392,,0,738
SC,4599,CGO,3375,KWL,3372,,0,738
SC,4599,CGO,3375,LHW,3378,,0,738
SC,4599,CGO,3375,TAO,3390,,0,738
SC,4599,CGO,3375,MIG,6400,,0,CR2
SC,4599,WUH,3376,KMG,3382,,0,738
SC,4599,WUH,3376,TNA,4108,,0,738
SC,4599,LHW,3378,TYN,3369,,0,738
SC,4599,LHW,3378,TNA,4108,,0,738
SC,4599,XIY,3379,LHW,3378,,0,738
SC,4599,XIY,3379,XMN,3383,,0,738
SC,4599,XIY,3379,TAO,3390,,0,737 738
SC,4599,XIY,3379,XNN,6366,,0,737
SC,4599,XIY,3379,WUS,6391,,0,738
SC,4599,KMG,3382,XMN,3383,,0,738
SC,4599,KMG,3382,KWE,3394,,0,738
SC,4599,KMG,3382,TNA,4108,,0,738
SC,4599,XMN,3383,WUH,3376,,0,738
SC,4599,XMN,3383,NKG,3388,,0,738
SC,4599,XMN,3383,TAO,3390,,0,738
SC,4599,XMN,3383,KWE,3394,,0,737 738
SC,4599,XMN,3383,ZUH,6355,,0,738
SC,4599,XMN,3383,JIU,6381,,0,737
SC,4599,XMN,3383,WUS,6391,,0,738
SC,4599,KHN,3384,ZUH,6355,,0,737
SC,4599,FOC,3385,NKG,3388,,0,738
SC,4599,FOC,3385,HFE,3389,,0,738
SC,4599,HGH,3386,KWL,3372,,0,738
SC,4599,HGH,3386,XMN,3383,,0,738
SC,4599,HGH,3386,TNA,4108,,0,738
SC,4599,NGB,3387,TAO,3390,,0,738
SC,4599,NKG,3388,KMG,3382,,0,738
SC,4599,NKG,3388,XMN,3383,,0,738
SC,4599,HFE,3389,CSX,3371,,0,738
SC,4599,HFE,3389,FOC,3385,,0,738
SC,4599,HFE,3389,KWE,3394,,0,738
SC,4599,HFE,3389,DLC,3404,,0,738
SC,4599,TAO,3390,TPE,2276,,0,738
SC,4599,TAO,3390,CAN,3370,,0,738
SC,4599,TAO,3390,CGO,3375,,0,738
SC,4599,TAO,3390,KHN,3384,,0,737
SC,4599,TAO,3390,HGH,3386,,0,738
SC,4599,TAO,3390,HFE,3389,,0,738
SC,4599,TAO,3390,HRB,3400,,0,738
SC,4599,TAO,3390,BKK,3885,,0,738
SC,4599,TAO,3390,CGQ,4380,,0,738
SC,4599,TAO,3390,WUS,6391,,0,738
SC,4599,SHA,3391,TAO,3390,,0,738
SC,4599,YNT,3392,SZX,3374,,0,738
SC,4599,YNT,3392,HRB,3400,,0,738
SC,4599,YNT,3392,SJW,6347,,0,738
SC,4599,CKG,3393,PEK,3364,,0,738
SC,4599,CKG,3393,KWL,3372,,0,738
SC,4599,CKG,3393,KMG,3382,,0,738
SC,4599,CKG,3393,TAO,3390,,0,738
SC,4599,CKG,3393,KWE,3394,,0,738
SC,4599,CKG,3393,TNA,4108,,0,738
SC,4599,CKG,3393,WUS,6391,,0,738
SC,4599,KWE,3394,WUH,3376,,0,738
SC,4599,KWE,3394,XIY,3379,,0,738
SC,4599,KWE,3394,KHN,3384,,0,733
SC,4599,KWE,3394,HFE,3389,,0,738
SC,4599,KWE,3394,ZUH,6355,,0,738
SC,4599,CTU,3395,KWL,3372,,0,738
SC,4599,CTU,3395,TAO,3390,,0,738
SC,4599,CTU,3395,JDZ,6380,,0,738
SC,4599,URC,3399,TYN,3369,,0,738
SC,4599,URC,3399,LHW,3378,,0,738
SC,4599,URC,3399,KHG,3397,,0,738
SC,4599,URC,3399,TNA,4108,,0,738
SC,4599,HRB,3400,YNT,3392,,0,738
SC,4599,DLC,3404,HFE,3389,,0,738
SC,4599,DLC,3404,TAO,3390,,0,738 CR2
SC,4599,PVG,3406,YNT,3392,,0,738
SC,4599,BKK,3885,TAO,3390,,0,738
SC,4599,BKK,3885,TNA,4108,,0,738
SC,4599,CNX,3931,CKG,3393,,0,738
SC,4599,SYX,4030,XMN,3383,,0,CR2
SC,4599,INC,4085,TNA,4108,,0,CR2 738
SC,4599,INC,4085,SJW,6347,,0,738
SC,4599,INC,4085,XNN,6366,,0,CR2
SC,4599,TNA,4108,HUN,2278,,0,738
SC,4599,TNA,4108,PEK,3364,,0,738
SC,4599,TNA,4108,CSX,3371,,0,733 738
SC,4599,TNA,4108,CGO,3375,,0,CR2 738
SC,4599,TNA,4108,WUH,3376,,0,738
SC,4599,TNA,4108,FOC,3385,,0,CR2
SC,4599,TNA,4108,HGH,3386,,0,738
SC,4599,TNA,4108,CKG,3393,,0,738
SC,4599,TNA,4108,KWE,3394,,0,738
SC,4599,TNA,4108,CTU,3395,,0,738
SC,4599,TNA,4108,URC,3399,,0,738
SC,4599,TNA,4108,HRB,3400,,0,738
SC,4599,TNA,4108,ICN,3930,,0,738
SC,4599,TNA,4108,KIX,3992,,0,738
SC,4599,TNA,4108,INC,4085,,0,CR2 738
SC,4599,TNA,4108,HET,6345,,0,738
SC,4599,HAK,4120,FOC,3385,,0,CR2
SC,4599,SHE,4144,TAO,3390,,0,738
SC,4599,SHE,4144,TNA,4108,,0,738
SC,4599,HET,6345,TNA,4108,,0,738
SC,4599,SJW,6347,INC,4085,,0,738
SC,4599,ZUH,6355,NNG,3373,,0,738
SC,4599,ZUH,6355,XMN,3383,,0,738
SC,4599,JDZ,6380,CTU,3395,,0,738
SC,4599,JIU,6381,XMN,3383,,0,737
SC,4599,JUZ,6382,XMN,3383,,0,738
SC,4599,WUS,6391,CAN,3370,,0,738
SC,4599,WNZ,6392,TNA,4108,,0,738
SC,4599,WNZ,6392,ZUH,6355,,0,738
SC,4599,YCU,6430,LHW,3378,,0,738
SC,4599,YCU,6430,TAO,3390,,0,738
SC,4599,DSN,6434,TYN,3369,,0,CR2
3U,4608,YVR,156,SHE,4144,,0,330
3U,4608,SPN,2244,PVG,3406,,0,330
3U,4608,TSA,2275,CTU,3395,,0,320
3U,4608,HKG,3077,YIH,6361,,0,320
3U,4608,HKT,3179,CKG,3393,,0,321
3U,4608,MEL,3339,CTU,3395,,0,330
3U,4608,SYD,3361,CKG,3393,,0,330
3U,4608,PEK,3364,CTU,3395,,0,321 320 330
3U,4608,TSN,3368,HRB,3400,,0,321
3U,4608,TYN,3369,HGH,3386,,0,320
3U,4608,TYN,3369,CTU,3395,,0,319
3U,4608,TYN,3369,DAT,6344,,0,319
3U,4608,CSX,3371,XMN,3383,,0,321
3U,4608,CSX,3371,CTU,3395,,0,320
3U,4608,KWL,3372,SJW,6347,,0,321
3U,4608,NNG,3373,CTU,3395,,0,319 320
3U,4608,SZX,3374,WXN,6403,,0,319
3U,4608,CGO,3375,KMG,3382,,0,320
3U,4608,CGO,3375,HGH,3386,,0,320
3U,4608,CGO,3375,CTU,3395,,0,321
3U,4608,CGO,3375,URC,3399,,0,320
3U,4608,WUH,3376,NNG,3373,,0,321
3U,4608,LHW,3378,CKG,3393,,0,319 321
3U,4608,LHW,3378,JGN,6432,,0,319
3U,4608,XIY,3379,KMG,3382,,0,320
3U,4608,XIY,3379,URC,3399,,0,319
3U,4608,XIY,3379,HRB,3400,,0,321
3U,4608,XIY,3379,LXA,4097,,0,319
3U,4608,XIY,3379,BHY,6351,,0,321
3U,4608,KMG,3382,TPE,2276,,0,320
3U,4608,KMG,3382,CSX,3371,,0,320
3U,4608,KMG,3382,CGO,3375,,0,320
3U,4608,KMG,3382,XIY,3379,,0,320
3U,4608,KMG,3382,XMN,3383,,0,320
3U,4608,KMG,3382,NGB,3387,,0,320
3U,4608,KMG,3382,NKG,3388,,0,320
3U,4608,KMG,3382,TAO,3390,,0,320
3U,4608,KMG,3382,CKG,3393,,0,319 320
3U,4608,KMG,3382,KWE,3394,,0,320
3U,4608,KMG,3382,CTU,3395,,0,320
3U,4608,KMG,3382,TNA,4108,,0,320
3U,4608,XMN,3383,CSX,3371,,0,321
3U,4608,XMN,3383,XIY,3379,,0,319
3U,4608,XMN,3383,KMG,3382,,0,320
3U,4608,HGH,3386,TYN,3369,,0,320
3U,4608,HGH,3386,CKG,3393,,0,320 319
3U,4608,NGB,3387,HRB,3400,,0,321
3U,4608,NGB,3387,HAK,4120,,0,321
3U,4608,NGB,3387,SHE,4144,,0,321
3U,4608,NKG,3388,CGQ,4380,,0,320
3U,4608,NKG,3388,DYG,6353,,0,319
3U,4608,NKG,3388,MIG,6400,,0,319
3U,4608,HFE,3389,CTU,3395,,0,321
3U,4608,TAO,3390,KMG,3382,,0,320
3U,4608,TAO,3390,CTU,3395,,0,321
3U,4608,CKG,3393,TSA,2275,,0,320
3U,4608,CKG,3393,PEK,3364,,0,321 319 320
3U,4608,CKG,3393,TYN,3369,,0,321
3U,4608,CKG,3393,CAN,3370,,0,321 320
3U,4608,CKG,3393,SZX,3374,,0,320
3U,4608,CKG,3393,WUH,3376,,0,319
3U,4608,CKG,3393,KMG,3382,,0,319 320
3U,4608,CKG,3393,HGH,3386,,0,320 319
3U,4608,CKG,3393,DLC,3404,,0,320
3U,4608,CKG,3393,LJG,4033,,0,319
3U,4608,CKG,3393,INC,4085,,0,321
3U,4608,CKG,3393,TNA,4108,,0,321
3U,4608,CKG,3393,HAK,4120,,0,319
3U,4608,CKG,3393,YIH,6361,,0,319
3U,4608,KWE,3394,HGH,3386,,0,320
3U,4608,KWE,3394,WNZ,6392,,0,320
3U,4608,CTU,3395,MEL,3339,,0,330
3U,4608,CTU,3395,TSN,3368,,0,321
3U,4608,CTU,3395,TYN,3369,,0,319
3U,4608,CTU,3395,XIY,3379,,0,320 319
3U,4608,CTU,3395,JHG,3381,,0,319
3U,4608,CTU,3395,XMN,3383,,0,320
3U,4608,CTU,3395,HGH,3386,,0,320 319
3U,4608,CTU,3395,NKG,3388,,0,319 320
3U,4608,CTU,3395,TAO,3390,,0,321
3U,4608,CTU,3395,KWE,3394,,0,320
3U,4608,CTU,3395,XIC,3396,,0,320
3U,4608,CTU,3395,URC,3399,,0,319 330
3U,4608,CTU,3395,PVG,3406,,0,321 330
3U,4608,CTU,3395,SYX,4030,,0,321
3U,4608,CTU,3395,LXA,4097,,0,330 319
3U,4608,CTU,3395,HAK,4120,,0,321
3U,4608,CTU,3395,JZH,4301,,0,319
3U,4608,CTU,3395,HET,6345,,0,320
3U,4608,CTU,3395,SJW,6347,,0,320
3U,4608,CTU,3395,YIH,6361,,0,320
3U,4608,CTU,3395,KOW,6379,,0,320
3U,4608,CTU,3395,WUX,6390,,0,320
3U,4608,CTU,3395,LZY,6402,,0,319
3U,4608,CTU,3395,WXN,6403,,0,319
3U,4608,CTU,3395,DSN,6434,,0,319
3U,4608,CTU,3395,YTY,8876,,0,319
3U,4608,CTU,3395,DCY,9310,,0,319
3U,4608,XIC,3396,CTU,3395,,0,320
3U,4608,KHG,3397,URC,3399,,0,319
3U,4608,URC,3399,CGO,3375,,0,320
3U,4608,URC,3399,CKG,3393,,0,320
3U,4608,HRB,3400,CGO,3375,,0,320
3U,4608,HRB,3400,WUH,3376,,0,321
3U,4608,HRB,3400,XIY,3379,,0,321
3U,4608,HRB,3400,XUZ,4149,,0,320 321
3U,4608,DLC,3404,HGH,3386,,0,320
3U,4608,DLC,3404,XUZ,4149,,0,320
3U,4608,PVG,3406,SPN,2244,,0,330
3U,4608,ICN,3930,CTU,3395,,0,321
3U,4608,SYX,4030,NKG,3388,,0,320
3U,4608,SYX,4030,CKG,3393,,0,320
3U,4608,SYX,4030,MIG,6400,,0,320
3U,4608,LJG,4033,MIG,6400,,0,319
3U,4608,INC,4085,CKG,3393,,0,321
3U,4608,LXA,4097,CKG,3393,,0,319
3U,4608,LXA,4097,XNN,6366,,0,319
3U,4608,TNA,4108,SYX,4030,,0,321
3U,4608,CZX,4109,HRB,3400,,0,321
3U,4608,YBP,4110,XIY,3379,,0,319
3U,4608,YBP,4110,SYX,4030,,0,319
3U,4608,HAK,4120,CTU,3395,,0,321
3U,4608,HAK,4120,ZUH,6355,,0,320
3U,4608,SHE,4144,CSX,3371,,0,320
3U,4608,SHE,4144,NGB,3387,,0,321
3U,4608,SHE,4144,DSN,6434,,0,319
3U,4608,XUZ,4149,KWE,3394,,0,321
3U,4608,XUZ,4149,DLC,3404,,0,320
3U,4608,JZH,4301,CTU,3395,,0,319
3U,4608,SWA,4302,CKG,3393,,0,319
3U,4608,CGQ,4380,NKG,3388,,0,320
3U,4608,CGQ,4380,TNA,4108,,0,321
3U,4608,DAT,6344,TYN,3369,,0,319
3U,4608,BHY,6351,XIY,3379,,0,321
3U,4608,ZUH,6355,CZX,4109,,0,320
3U,4608,ZUH,6355,HAK,4120,,0,320
3U,4608,ZHA,6357,HKG,3077,,0,319
3U,4608,YIH,6361,CKG,3393,,0,319
3U,4608,YIH,6361,CTU,3395,,0,320
3U,4608,XNN,6366,LXA,4097,,0,319
3U,4608,XNN,6366,ZHY,8043,,0,320
3U,4608,UYN,6368,XIY,3379,,0,319
3U,4608,LUM,6376,KMG,3382,,0,319
3U,4608,JJN,6386,WUH,3376,,0,319
3U,4608,JJN,6386,KWE,3394,,0,320
3U,4608,WNZ,6392,CSX,3371,,0,319
3U,4608,WNZ,6392,HRB,3400,,0,321
3U,4608,MIG,6400,XNN,6366,,0,320
3U,4608,WXN,6403,PEK,3364,,0,320
3U,4608,DSN,6434,CTU,3395,,0,319
3U,4608,DSN,6434,SHE,4144,,0,319
3U,4608,PZI,6435,CTU,3395,,0,319
3U,4608,NZH,6954,HRB,3400,,0,321
3U,4608,HDG,8407,CTU,3395,,0,319
3U,4608,TVS,8858,TYN,3369,,0,319
3U,4608,YTY,8876,CTU,3395,,0,319
3U,4608,DCY,9310,CTU,3395,,0,319
FM,4609,TSA,2275,SHA,3391,,0,333
FM,4609,PUS,2372,PVG,3406,,0,738 739
FM,4609,MFM,3121,SHA,3391,,0,738
FM,4609,HKT,3179,PVG,3406,,0,757 738
FM,4609,PEK,3364,HGH,3386,,0,757
FM,4609,CAN,3370,HGH,3386,,0,738
FM,4609,CAN,3370,NKG,3388,,0,738
FM,4609,CAN,3370,WNZ,6392,,0,738
FM,4609,KWL,3372,PVG,3406,,0,738 757
FM,4609,NNG,3373,PVG,3406,,0,738
FM,4609,SZX,3374,SHA,3391,,0,333 738
FM,4609,CGO,3375,PVG,3406,,0,738
FM,4609,WUH,3376,SHA,3391,,0,738
FM,4609,XIY,3379,PVG,3406,,0,738 737
FM,4609,KMG,3382,JHG,3381,,0,737
FM,4609,XMN,3383,CAN,3370,,0,738
FM,4609,XMN,3383,PVG,3406,,0,738
FM,4609,FOC,3385,SHA,3391,,0,738
FM,4609,HGH,3386,CAN,3370,,0,738
FM,4609,HGH,3386,CGO,3375,,0,738
FM,4609,TAO,3390,SHA,3391,,0,737
FM,4609,TAO,3390,NDG,6413,,0,737
FM,4609,TAO,3390,JXA,8417,,0,737
FM,4609,SHA,3391,HND,2359,,0,333
FM,4609,SHA,3391,GMP,2378,,0,333
FM,4609,SHA,3391,TSN,3368,,0,738 737
FM,4609,SHA,3391,TAO,3390,,0,737
FM,4609,SHA,3391,YNT,3392,,0,737
FM,4609,SHA,3391,KWE,3394,,0,738
FM,4609,SHA,3391,URC,3399,,0,738
FM,4609,SHA,3391,HET,6345,,0,738
FM,4609,SHA,3391,BAV,6346,,0,738 737
FM,4609,SHA,3391,SJW,6347,,0,738 737
FM,4609,SHA,3391,LYI,6385,,0,737
FM,4609,SHA,3391,FUG,7503,,0,737
FM,4609,YNT,3392,SHA,3391,,0,737
FM,4609,CKG,3393,SHA,3391,,0,738 737
FM,4609,CKG,3393,TXN,6387,,0,737
FM,4609,CTU,3395,SHA,3391,,0,757 737 738
FM,4609,CTU,3395,PVG,3406,,0,738
FM,4609,CTU,3395,TXN,6387,,0,737
FM,4609,HTN,3398,URC,3399,,0,738
FM,4609,URC,3399,HTN,3398,,0,738
FM,4609,HRB,3400,PVG,3406,,0,738
FM,4609,DLC,3404,PVG,3406,,0,738 737
FM,4609,PVG,3406,TSA,2275,,0,738
FM,4609,PVG,3406,TOY,2324,,0,738
FM,4609,PVG,3406,HKT,3179,,0,757 738
FM,4609,PVG,3406,TSN,3368,,0,738
FM,4609,PVG,3406,CGO,3375,,0,738
FM,4609,PVG,3406,WUH,3376,,0,738
FM,4609,PVG,3406,BKK,3885,,0,757 738
FM,4609,PVG,3406,HAK,4120,,0,738
FM,4609,PVG,3406,SWA,4302,,0,738
FM,4609,PVG,3406,MIG,6400,,0,738
FM,4609,BKK,3885,PVG,3406,,0,738 757
FM,4609,INC,4085,PVG,3406,,0,738
FM,4609,HET,6345,HLD,3366,,0,738
FM,4609,HET,6345,SHA,3391,,0,738
FM,4609,LYG,6383,SHA,3391,,0,738 737
FM,4609,TXN,6387,SHA,3391,,0,737
FM,4609,TXN,6387,CKG,3393,,0,737
FM,4609,WNZ,6392,CAN,3370,,0,738
FM,4609,WXN,6403,PVG,3406,,0,737
FM,4609,JNZ,6412,PVG,3406,,0,737
FM,4609,JGS,6428,SHA,3391,,0,738
FM,4609,DSN,6434,XIY,3379,,0,737
FM,4609,FUG,7503,SHA,3391,,0,737
FM,4609,JXA,8417,TAO,3390,,0,737
FM,4609,AOG,9844,PVG,3406,,0,737
ZH,4611,TPE,2276,NNG,3373,,0,738
ZH,4611,HKG,3077,JJN,6386,,0,320
ZH,4611,MFM,3121,WUX,6390,,0,738
ZH,4611,SIN,3316,SZX,3374,,0,320 738 319
ZH,4611,PEK,3364,TYN,3369,Y,0,737
ZH,4611,PEK,3364,CAN,3370,Y,0,320 777 737 747 330
ZH,4611,PEK,3364,NNG,3373,,0,738
ZH,4611,PEK,3364,CGO,3375,Y,0,737
ZH,4611,PEK,3364,WUH,3376,,0,320
ZH,4611,PEK,3364,LHW,3378,Y,0,737
ZH,4611,PEK,3364,XIY,3379,Y,0,737 330 320
ZH,4611,PEK,3364,KMG,3382,Y,0,737
ZH,4611,PEK,3364,FOC,3385,Y,0,737
ZH,4611,PEK,3364,HGH,3386,Y,0,320 330 737
ZH,4611,PEK,3364,NKG,3388,Y,0,320 737
ZH,4611,PEK,3364,HFE,3389,,0,737
ZH,4611,PEK,3364,TAO,3390,Y,0,320 737
ZH,4611,PEK,3364,YNT,3392,Y,0,737
ZH,4611,PEK,3364,KWE,3394,Y,0,737 320
ZH,4611,PEK,3364,CTU,3395,,0,320
ZH,4611,PEK,3364,URC,3399,Y,0,737 777 320
ZH,4611,PEK,3364,HRB,3400,Y,0,320 737
ZH,4611,PEK,3364,LJG,4033,Y,0,320
ZH,4611,PEK,3364,SWA,4302,Y,0,737
ZH,4611,PEK,3364,NTG,5475,Y,0,737
ZH,4611,PEK,3364,TGO,6348,Y,0,737
ZH,4611,PEK,3364,HLH,6349,Y,0,737
ZH,4611,PEK,3364,ZUH,6355,Y,0,737 320
ZH,4611,PEK,3364,YIH,6361,Y,0,737
ZH,4611,PEK,3364,JDZ,6380,Y,0,737
ZH,4611,PEK,3364,HYN,6384,Y,0,737
ZH,4611,PEK,3364,DAX,6397,Y,0,737
ZH,4611,PEK,3364,YNJ,6414,Y,0,737
ZH,4611,PEK,3364,YCU,6430,Y,0,737
ZH,4611,PEK,3364,DDG,6433,Y,0,737
ZH,4611,PEK,3364,HMI,6743,Y,0,737
ZH,4611,PEK,3364,CHG,6772,Y,0,737
ZH,4611,PEK,3364,WUA,6955,Y,0,737
ZH,4611,PEK,3364,FUG,7503,Y,0,737
ZH,4611,PEK,3364,RLK,8630,Y,0,737
ZH,4611,PEK,3364,ZYI,9846,Y,0,737
ZH,4611,HLD,3366,PEK,3364,Y,0,737
ZH,4611,TSN,3368,CTU,3395,Y,0,737
ZH,4611,TSN,3368,NTG,5475,,0,320
ZH,4611,TYN,3369,SZX,3374,,0,320 738
ZH,4611,TYN,3369,DLC,3404,Y,0,737
ZH,4611,CAN,3370,NRT,2279,Y,0,763
ZH,4611,CAN,3370,CGO,3375,,0,320
ZH,4611,CAN,3370,KMG,3382,,0,738 320
ZH,4611,CAN,3370,XMN,3383,,0,320
ZH,4611,CAN,3370,KWE,3394,,0,738 320
ZH,4611,CAN,3370,HAK,4120,,0,738 320
ZH,4611,CAN,3370,SHE,4144,,0,320
ZH,4611,CAN,3370,JZH,4301,Y,0,319
ZH,4611,CAN,3370,NTG,5475,,0,320
ZH,4611,CAN,3370,JDZ,6380,,0,320
ZH,4611,CAN,3370,WXN,6403,Y,0,737
ZH,4611,CSX,3371,SZX,3374,,0,319
ZH,4611,CSX,3371,KMG,3382,,0,738 320
ZH,4611,CSX,3371,NKG,3388,,0,738
ZH,4611,CSX,3371,TAO,3390,,0,738
ZH,4611,CSX,3371,HYN,6384,Y,0,738
ZH,4611,CSX,3371,JJN,6386,,0,320
ZH,4611,KWL,3372,PEK,3364,Y,0,320 737
ZH,4611,KWL,3372,HGH,3386,Y,0,319
ZH,4611,KWL,3372,PVG,3406,Y,0,320
ZH,4611,NNG,3373,PEK,3364,,0,738
ZH,4611,NNG,3373,WUH,3376,,0,738
ZH,4611,NNG,3373,XIY,3379,,0,320
ZH,4611,NNG,3373,XMN,3383,Y,0,738
ZH,4611,NNG,3373,HGH,3386,Y,0,319
ZH,4611,SZX,3374,TPE,2276,,0,738
ZH,4611,SZX,3374,PEK,3364,,0,739 738
ZH,4611,SZX,3374,KMG,3382,,0,738
ZH,4611,SZX,3374,XMN,3383,,0,320
ZH,4611,SZX,3374,HGH,3386,,0,738
ZH,4611,SZX,3374,DLC,3404,,0,738
ZH,4611,SZX,3374,PVG,3406,,0,739 738
ZH,4611,SZX,3374,CZX,4109,,0,320
ZH,4611,SZX,3374,HAK,4120,,0,320 738 319
ZH,4611,SZX,3374,SHE,4144,,0,320
ZH,4611,SZX,3374,NTG,5475,,0,738
ZH,4611,SZX,3374,JDZ,6380,,0,320
ZH,4611,SZX,3374,JUZ,6382,,0,320
ZH,4611,CGO,3375,PEK,3364,Y,0,737
ZH,4611,CGO,3375,SZX,3374,,0,320 738
ZH,4611,CGO,3375,KMG,3382,,0,320 738
ZH,4611,CGO,3375,CKG,3393,,0,738
ZH,4611,CGO,3375,HRB,3400,,0,320
ZH,4611,CGO,3375,DLC,3404,,0,738
ZH,4611,CGO,3375,HAK,4120,,0,320
ZH,4611,CGO,3375,SHE,4144,,0,738 320
ZH,4611,WUH,3376,CAN,3370,,0,320 738 737
ZH,4611,WUH,3376,KMG,3382,,0,738
ZH,4611,WUH,3376,YNT,3392,,0,320
ZH,4611,WUH,3376,CTU,3395,,0,320
ZH,4611,WUH,3376,CGQ,4380,,0,738
ZH,4611,WUH,3376,HET,6345,,0,320
ZH,4611,LHW,3378,PEK,3364,Y,0,737
ZH,4611,LHW,3378,XIY,3379,,0,738
ZH,4611,LHW,3378,HGH,3386,Y,0,319
ZH,4611,LHW,3378,CTU,3395,Y,0,320 319
ZH,4611,XIY,3379,TSN,3368,Y,0,737
ZH,4611,XIY,3379,CAN,3370,,0,738 320
ZH,4611,XIY,3379,KMG,3382,Y,0,738
ZH,4611,XIY,3379,HGH,3386,,0,320
ZH,4611,XIY,3379,NKG,3388,,0,738
ZH,4611,XIY,3379,CKG,3393,Y,0,737
ZH,4611,XIY,3379,CTU,3395,Y,0,737
ZH,4611,XIY,3379,HRB,3400,Y,0,737
ZH,4611,XIY,3379,PVG,3406,Y,0,320
ZH,4611,XIY,3379,WUX,6390,,0,738
ZH,4611,KMG,3382,TSN,3368,Y,0,737
ZH,4611,KMG,3382,NNG,3373,Y,0,738
ZH,4611,KMG,3382,PVG,3406,,0,738
ZH,4611,KMG,3382,TNA,4108,Y,0,738
ZH,4611,KMG,3382,CZX,4109,,0,738
ZH,4611,XMN,3383,NRT,2279,Y,0,763
ZH,4611,XMN,3383,CTU,3395,Y,0,320
ZH,4611,XMN,3383,NTG,5475,,0,738
ZH,4611,XMN,3383,WUX,6390,,0,738
ZH,4611,KHN,3384,CAN,3370,,0,320
ZH,4611,KHN,3384,SZX,3374,,0,320 319
ZH,4611,KHN,3384,TAO,3390,,0,320
ZH,4611,KHN,3384,CTU,3395,,0,738
ZH,4611,KHN,3384,PVG,3406,,0,320
ZH,4611,FOC,3385,PEK,3364,Y,0,737
ZH,4611,FOC,3385,SZX,3374,,0,320
ZH,4611,FOC,3385,NKG,3388,,0,320
ZH,4611,FOC,3385,CTU,3395,Y,0,320
ZH,4611,FOC,3385,JDZ,6380,,0,320
ZH,4611,FOC,3385,WUX,6390,,0,738
ZH,4611,HGH,3386,CGO,3375,Y,0,319
ZH,4611,HGH,3386,XIY,3379,,0,320
ZH,4611,HGH,3386,CTU,3395,Y,0,320
ZH,4611,HGH,3386,GYS,6398,Y,0,319
ZH,4611,NKG,3388,FOC,3385,,0,320
ZH,4611,NKG,3388,KWE,3394,,0,738
ZH,4611,NKG,3388,CTU,3395,,0,738
ZH,4611,NKG,3388,CGQ,4380,,0,738 320
ZH,4611,HFE,3389,PEK,3364,,0,737
ZH,4611,HFE,3389,CTU,3395,,0,320
ZH,4611,TAO,3390,PEK,3364,Y,0,737 320
ZH,4611,TAO,3390,CTU,3395,Y,0,320
ZH,4611,SHA,3391,CKG,3393,Y,0,737
ZH,4611,SHA,3391,JDZ,6380,,0,320
ZH,4611,YNT,3392,PEK,3364,Y,0,737
ZH,4611,YNT,3392,WUH,3376,,0,320
ZH,4611,YNT,3392,HRB,3400,,0,738 737
ZH,4611,YNT,3392,CGQ,4380,,0,320 CRJ
ZH,4611,CKG,3393,PEK,3364,Y,0,737 330 320
ZH,4611,CKG,3393,TSN,3368,Y,0,737
ZH,4611,CKG,3393,CGO,3375,,0,738
ZH,4611,CKG,3393,XIY,3379,Y,0,737
ZH,4611,CKG,3393,XMN,3383,Y,0,737
ZH,4611,CKG,3393,HGH,3386,Y,0,319 320 737
ZH,4611,CKG,3393,URC,3399,Y,0,737
ZH,4611,CKG,3393,LJG,4033,Y,0,737
ZH,4611,CKG,3393,INC,4085,Y,0,737
ZH,4611,CKG,3393,JZH,4301,Y,0,737
ZH,4611,CKG,3393,WUX,6390,,0,738
ZH,4611,CKG,3393,WNZ,6392,Y,0,319
ZH,4611,KWE,3394,CAN,3370,,0,320 738
ZH,4611,KWE,3394,CSX,3371,,0,738
ZH,4611,KWE,3394,SZX,3374,,0,738 320
ZH,4611,KWE,3394,CGO,3375,,0,738
ZH,4611,KWE,3394,SYX,4030,,0,320
ZH,4611,KWE,3394,WNZ,6392,Y,0,319
ZH,4611,CTU,3395,TYN,3369,Y,0,320
ZH,4611,CTU,3395,CAN,3370,,0,320 738
ZH,4611,CTU,3395,NNG,3373,,0,738
ZH,4611,CTU,3395,SZX,3374,,0,738
ZH,4611,CTU,3395,WUH,3376,,0,320
ZH,4611,CTU,3395,KHN,3384,,0,738
ZH,4611,CTU,3395,HGH,3386,Y,0,320
ZH,4611,CTU,3395,YNT,3392,Y,0,319
ZH,4611,CTU,3395,KHG,3397,Y,0,319
ZH,4611,CTU,3395,URC,3399,Y,0,320
ZH,4611,CTU,3395,SYX,4030,Y,0,320 319
ZH,4611,CTU,3395,TNA,4108,Y,0,320
ZH,4611,CTU,3395,SHE,4144,Y,0,320
ZH,4611,CTU,3395,HET,6345,,0,320
ZH,4611,CTU,3395,ZUH,6355,Y,0,319
ZH,4611,CTU,3395,WUX,6390,,0,738
ZH,4611,CTU,3395,BPX,6396,Y,0,319
ZH,4611,CTU,3395,LZY,6402,Y,0,319
ZH,4611,CTU,3395,KRL,6407,Y,0,320
ZH,4611,CTU,3395,YIN,6409,Y,0,319
ZH,4611,CTU,3395,YCU,6430,Y,0,319
ZH,4611,XIC,3396,CTU,3395,Y,0,319 320
ZH,4611,KHG,3397,URC,3399,Y,0,737
ZH,4611,URC,3399,CGO,3375,,0,320
ZH,4611,URC,3399,YCU,6430,Y,0,320
ZH,4611,HRB,3400,TYN,3369,,0,320
ZH,4611,HRB,3400,CAN,3370,,0,320
ZH,4611,HRB,3400,XIY,3379,Y,0,737
ZH,4611,HRB,3400,CTU,3395,Y,0,320
ZH,4611,HRB,3400,DLC,3404,,0,320
ZH,4611,HRB,3400,TNA,4108,Y,0,738
ZH,4611,HRB,3400,CZX,4109,,0,320
ZH,4611,DLC,3404,TSN,3368,,0,737
ZH,4611,DLC,3404,XIY,3379,,0,320
ZH,4611,DLC,3404,HGH,3386,,0,737
ZH,4611,DLC,3404,NKG,3388,,0,737 320 738
ZH,4611,DLC,3404,HRB,3400,,0,320
ZH,4611,DLC,3404,PVG,3406,,0,737
ZH,4611,DLC,3404,TNA,4108,,0,738
ZH,4611,PVG,3406,CAN,3370,Y,0,340 330 320
ZH,4611,PVG,3406,KMG,3382,,0,738
ZH,4611,PVG,3406,KHN,3384,,0,320
ZH,4611,PVG,3406,HET,6345,Y,0,320
ZH,4611,PVG,3406,JJN,6386,,0,320
ZH,4611,PVG,3406,WNZ,6392,Y,0,319 320
ZH,4611,KIX,3992,WUX,6390,,0,738
ZH,4611,SYX,4030,NNG,3373,,0,320
ZH,4611,SYX,4030,SZX,3374,,0,320
ZH,4611,LJG,4033,PEK,3364,Y,0,320
ZH,4611,LJG,4033,XIY,3379,,0,738
ZH,4611,LJG,4033,KMG,3382,Y,0,738
ZH,4611,LJG,4033,CKG,3393,Y,0,737
ZH,4611,LJG,4033,CTU,3395,Y,0,320
ZH,4611,INC,4085,HGH,3386,Y,0,319
ZH,4611,INC,4085,CTU,3395,Y,0,320
ZH,4611,INC,4085,PVG,3406,Y,0,320
ZH,4611,INC,4085,CGQ,4380,Y,0,737
ZH,4611,TNA,4108,SZX,3374,,0,738
ZH,4611,TNA,4108,FOC,3385,,0,738
ZH,4611,CZX,4109,PEK,3364,Y,0,737
ZH,4611,CZX,4109,SHE,4144,,0,320
ZH,4611,YBP,4110,SZX,3374,,0,319
ZH,4611,HAK,4120,PEK,3364,Y,0,320
ZH,4611,HAK,4120,TSN,3368,Y,0,737
ZH,4611,SHE,4144,TPE,2276,,0,320
ZH,4611,SHE,4144,PEK,3364,Y,0,320 737
ZH,4611,SHE,4144,TYN,3369,,0,320
ZH,4611,SHE,4144,CGO,3375,,0,320 738
ZH,4611,SHE,4144,NKG,3388,,0,320
ZH,4611,SHE,4144,CZX,4109,,0,320
ZH,4611,SHE,4144,WNZ,6392,,0,320
ZH,4611,JZH,4301,CTU,3395,Y,0,319
ZH,4611,CGQ,4380,CAN,3370,,0,738
ZH,4611,CGQ,4380,NKG,3388,,0,320 738
ZH,4611,CGQ,4380,CTU,3395,Y,0,320
ZH,4611,NTG,5475,PEK,3364,Y,0,737
ZH,4611,NTG,5475,XMN,3383,,0,738
ZH,4611,CIH,6343,CTU,3395,Y,0,319
ZH,4611,HET,6345,PEK,3364,Y,0,737 320
ZH,4611,HET,6345,WUH,3376,,0,320
ZH,4611,HET,6345,HGH,3386,Y,0,319
ZH,4611,HET,6345,CTU,3395,,0,320
ZH,4611,HET,6345,PVG,3406,Y,0,320
ZH,4611,BAV,6346,PEK,3364,Y,0,737
ZH,4611,BAV,6346,CAN,3370,,0,320
ZH,4611,BHY,6351,PEK,3364,Y,0,737
ZH,4611,BHY,6351,HGH,3386,Y,0,319
ZH,4611,ZUH,6355,PEK,3364,Y,0,737 320
ZH,4611,ZUH,6355,FOC,3385,,0,738
ZH,4611,ZUH,6355,CTU,3395,Y,0,319
ZH,4611,LZH,6356,PEK,3364,Y,0,737
ZH,4611,YIH,6361,PEK,3364,Y,0,737
ZH,4611,XNN,6366,PEK,3364,Y,0,737
ZH,4611,XNN,6366,XIY,3379,,0,738 320
ZH,4611,JDZ,6380,PEK,3364,Y,0,737
ZH,4611,JDZ,6380,XIY,3379,,0,320
ZH,4611,HYN,6384,CKG,3393,Y,0,738
ZH,4611,LYI,6385,SHE,4144,,0,320
ZH,4611,JJN,6386,CAN,3370,,0,320
ZH,4611,JJN,6386,SZX,3374,,0,320
ZH,4611,JJN,6386,PVG,3406,,0,320
ZH,4611,WUX,6390,TPE,2276,,0,738
ZH,4611,WUX,6390,MFM,3121,,0,738
ZH,4611,WUX,6390,CAN,3370,,0,738
ZH,4611,WUX,6390,CKG,3393,,0,738
ZH,4611,WUX,6390,KIX,3992,,0,738
ZH,4611,WUX,6390,SYX,4030,,0,320
ZH,4611,WNZ,6392,CAN,3370,,0,738 320
ZH,4611,WNZ,6392,XIY,3379,Y,0,320
ZH,4611,WNZ,6392,KMG,3382,Y,0,737
ZH,4611,WNZ,6392,CKG,3393,Y,0,319
ZH,4611,WNZ,6392,CTU,3395,Y,0,320
ZH,4611,WNZ,6392,PVG,3406,Y,0,319 320
ZH,4611,YNZ,6393,PEK,3364,Y,0,737
ZH,4611,YIW,6394,CTU,3395,Y,0,319
ZH,4611,DAX,6397,PEK,3364,Y,0,737
ZH,4611,DAX,6397,CAN,3370,Y,0,737
ZH,4611,GYS,6398,CAN,3370,Y,0,737
ZH,4611,KRL,6407,CTU,3395,Y,0,320
ZH,4611,JMU,6411,PEK,3364,Y,0,737
ZH,4611,YCU,6430,PEK,3364,Y,0,737
ZH,4611,YCU,6430,CAN,3370,Y,0,737
ZH,4611,YCU,6430,KMG,3382,Y,0,737
ZH,4611,PZI,6435,CTU,3395,Y,0,319
ZH,4611,WUA,6955,PEK,3364,Y,0,737
ZH,4611,FUG,7503,PEK,3364,Y,0,737
ZH,4611,RLK,8630,PEK,3364,Y,0,737
ZH,4611,YTY,8876,SZX,3374,,0,320
ZH,4611,YTY,8876,XIY,3379,,0,320
ZH,4611,YTY,8876,XMN,3383,,0,320
ZH,4611,DQA,9845,PEK,3364,Y,0,737
NK,4687,SDQ,1762,FLL,3533,,0,319
NK,4687,STI,1764,FLL,3533,,0,319
NK,4687,GUA,1767,FLL,3533,,0,319
NK,4687,KIN,1779,FLL,3533,,0,319
NK,4687,SJD,1840,DFW,3670,,0,320 319
NK,4687,CUN,1852,FLL,3533,,0,320
NK,4687,PTY,1871,FLL,3533,,0,320 319
NK,4687,CTG,2714,FLL,3533,,0,320 319
NK,4687,BQN,2885,FLL,3533,,0,320 319
NK,4687,SJU,2890,FLL,3533,,0,321 320
NK,4687,SJU,2890,MCO,3878,,0,321 320
NK,4687,AUA,2895,FLL,3533,,0,319
NK,4687,SXM,2899,FLL,3533,,0,320
NK,4687,BOS,3448,MYR,3515,,0,320 319
NK,4687,BOS,3448,DFW,3670,,0,319
NK,4687,OAK,3453,LAS,3877,,0,320 319
NK,4687,LAX,3484,FLL,3533,,0,319
NK,4687,LAX,3484,DTW,3645,,0,320
NK,4687,LAX,3484,LAS,3877,,0,319
NK,4687,MYR,3515,BOS,3448,,0,320 319
NK,4687,MYR,3515,ACY,3524,,0,320
NK,4687,MYR,3515,PBG,3771,,0,320
NK,4687,MYR,3515,ORD,3830,,0,320
NK,4687,MYR,3515,CRW,4285,,0,319
NK,4687,ACY,3524,MYR,3515,,0,320
NK,4687,ACY,3524,FLL,3533,,0,320 319
NK,4687,ACY,3524,TPA,3646,,0,319
NK,4687,ACY,3524,ORD,3830,,0,319
NK,4687,FLL,3533,PUJ,1760,,0,319
NK,4687,FLL,3533,STI,1764,,0,319
NK,4687,FLL,3533,GUA,1767,,0,319
NK,4687,FLL,3533,SAP,1772,,0,320 319
NK,4687,FLL,3533,MBJ,1780,,0,319
NK,4687,FLL,3533,MGA,1863,,0,320
NK,4687,FLL,3533,PTY,1871,,0,320 319
NK,4687,FLL,3533,SJO,1885,,0,320
NK,4687,FLL,3533,BOG,2709,,0,319
NK,4687,FLL,3533,CTG,2714,,0,320 319
NK,4687,FLL,3533,MDE,2745,,0,320
NK,4687,FLL,3533,BQN,2885,,0,319 320
NK,4687,FLL,3533,AUA,2895,,0,319
NK,4687,FLL,3533,BOS,3448,,0,319
NK,4687,FLL,3533,IAG,3630,,0,320
NK,4687,FLL,3533,DTW,3645,,0,320 319 321
NK,4687,FLL,3533,LGA,3697,,0,320 321
NK,4687,FLL,3533,DEN,3751,,0,319
NK,4687,IAH,3550,LAX,3484,,0,320
NK,4687,IAH,3550,DEN,3751,,0,320
NK,4687,IAG,3630,MYR,3515,,0,320
NK,4687,DTW,3645,LAX,3484,,0,320
NK,4687,DTW,3645,FLL,3533,,0,319 320 321
NK,4687,TPA,3646,ACY,3524,,0,319
NK,4687,TPA,3646,DTW,3645,,0,319
NK,4687,TPA,3646,ORD,3830,,0,319
NK,4687,DFW,3670,PHX,3462,,0,319 320
NK,4687,DFW,3670,DTW,3645,,0,319 320
NK,4687,DFW,3670,LGA,3697,,0,319
NK,4687,DFW,3670,PDX,3720,,0,320
NK,4687,DFW,3670,SAN,3731,,0,319
NK,4687,DFW,3670,DEN,3751,,0,320 319
NK,4687,DFW,3670,PHL,3752,,0,320
NK,4687,DFW,3670,ORD,3830,,0,320
NK,4687,ATL,3682,FLL,3533,,0,320 319
NK,4687,LGA,3697,MYR,3515,,0,320
NK,4687,LGA,3697,FLL,3533,,0,321 320
NK,4687,PDX,3720,LAS,3877,,0,319
NK,4687,DEN,3751,IAH,3550,,0,320
NK,4687,PHL,3752,DFW,3670,,0,320
NK,4687,PHL,3752,LAS,3877,,0,320
NK,4687,PBG,3771,MYR,3515,,0,320
NK,4687,PBG,3771,FLL,3533,,0,320
NK,4687,RSW,3793,ACY,3524,,0,319
NK,4687,ORD,3830,BOS,3448,,0,319
NK,4687,ORD,3830,MYR,3515,,0,320
NK,4687,ORD,3830,FLL,3533,,0,319 320
NK,4687,ORD,3830,RSW,3793,,0,319
NK,4687,ORD,3830,MSP,3858,,0,319 320
NK,4687,ORD,3830,LAS,3877,,0,320 319
NK,4687,BWI,3849,FLL,3533,,0,320
NK,4687,BWI,3849,DFW,3670,,0,320
NK,4687,BWI,3849,MSP,3858,,0,319
NK,4687,MSP,3858,LAX,3484,,0,319
NK,4687,MSP,3858,DFW,3670,,0,319
NK,4687,MSP,3858,ORD,3830,,0,320 319
NK,4687,MSP,3858,LAS,3877,,0,320
NK,4687,LAS,3877,FLL,3533,,0,320
NK,4687,LAS,3877,IAH,3550,,0,319
NK,4687,LAS,3877,DFW,3670,,0,320 319
NK,4687,LAS,3877,PDX,3720,,0,319
NK,4687,LAS,3877,DEN,3751,,0,319
NK,4687,LAS,3877,ORD,3830,,0,319 320
NK,4687,LAS,3877,MSP,3858,,0,320
NK,4687,MCO,3878,SJU,2890,,0,321 320
NK,4687,MCO,3878,IAH,3550,,0,320
NK,4687,MCO,3878,DTW,3645,,0,321 320 319
NK,4687,MCO,3878,LBE,5747,,0,320
NK,4687,LBE,5747,MYR,3515,,0,320
NK,4687,LBE,5747,FLL,3533,,0,319
NK,4687,LBE,5747,MCO,3878,,0,320
9R,4691,PUU,2706,BOG,2709,,0,AT5
9R,4691,BOG,2709,MVP,2732,,0,E70
9R,4691,BOG,2709,PCR,2738,,0,E70
9R,4691,BOG,2709,SJE,2747,,0,AT5
9R,4691,BOG,2709,SVI,2750,,0,BE1
9R,4691,BOG,2709,AUC,2752,,0,E70
9R,4691,BOG,2709,UIB,2753,,0,AT5
9R,4691,BOG,2709,RVE,7355,,0,AT5
9R,4691,BOG,2709,VGZ,7359,,0,AT5
9R,4691,BSC,2711,EOH,2729,,0,AT5
9R,4691,BUN,2712,BOG,2709,,0,AT5
9R,4691,CLO,2715,PUU,2706,,0,AT5
9R,4691,CLO,2715,GPI,2722,,0,AT5
9R,4691,APO,2726,EOH,2729,,0,AT7
9R,4691,LET,2728,LCR,7356,,0,BE1
9R,4691,EOH,2729,BOG,2709,,0,AT5 ER4 AT7
9R,4691,EOH,2729,BSC,2711,,0,AT5
9R,4691,MVP,2732,BOG,2709,,0,E70
9R,4691,PCR,2738,BOG,2709,,0,E70
9R,4691,PSO,2742,BOG,2709,,0,E70
9R,4691,ADZ,2749,PVA,2743,,0,L4T
9R,4691,TCD,5477,LET,2728,,0,BE1
9R,4691,LQM,6051,PUU,2706,,0,AT5
9R,4691,LPD,6052,LET,2728,,0,BE1
9R,4691,LCR,7356,LET,2728,,0,BE1
9R,4691,LMC,7358,VVC,2756,,0,BE1
S3,4735,TFN,1057,CCS,2851,,0,767
S3,4735,CCS,2851,TFN,1057,,0,767
S3,4735,CCS,2851,MIA,3576,,0,767 757
H2,4737,ARI,2641,IQQ,2649,,0,319 320
H2,4737,ARI,2641,LPB,2762,,0,320
H2,4737,CJC,2645,LSC,2662,,0,319
H2,4737,PUQ,2647,PMC,2665,,0,319
H2,4737,IQQ,2649,ARI,2641,,0,320 319
H2,4737,SCL,2650,ANF,2651,,0,319 320
H2,4737,SCL,2650,PMC,2665,,0,319 320
H2,4737,ANF,2651,CJC,2645,,0,320 319
H2,4737,CCP,2656,PMC,2665,,0,319 320
H2,4737,CCP,2656,ZAL,2667,,0,319
H2,4737,LSC,2662,CJC,2645,,0,319
H2,4737,LSC,2662,ANF,2651,,0,319 320
H2,4737,ZCO,2664,CCP,2656,,0,319
H2,4737,PMC,2665,BBA,2642,,0,319 320
H2,4737,PMC,2665,CCP,2656,,0,319 320
H2,4737,CPO,4312,CJC,2645,,0,319
H2,4737,CPO,4312,SCL,2650,,0,320 319
BC,4740,NRT,2279,CTS,2287,,0,737
BC,4740,NRT,2279,YGJ,2330,,0,737
BC,4740,IBR,2281,FUK,2305,,0,737
BC,4740,CTS,2287,IBR,2281,,0,737
BC,4740,CTS,2287,FUK,2305,,0,737
BC,4740,CTS,2287,YGJ,2330,,0,737
BC,4740,CTS,2287,SDJ,2347,,0,737
BC,4740,CTS,2287,HND,2359,,0,737
BC,4740,FUK,2305,CTS,2287,,0,737
BC,4740,FUK,2305,HND,2359,,0,737
BC,4740,KOJ,2307,UKB,3943,,0,737
BC,4740,NGS,2313,UKB,3943,,0,737
BC,4740,YGJ,2330,OKA,2384,,0,737
BC,4740,YGJ,2330,UKB,3943,,0,737
BC,4740,SDJ,2347,CTS,2287,,0,737
BC,4740,SDJ,2347,UKB,3943,,0,737
BC,4740,HND,2359,YGJ,2330,,0,737
BC,4740,HND,2359,UKB,3943,,0,737
BC,4740,OKA,2384,FUK,2305,,0,737
BC,4740,OKA,2384,HND,2359,,0,737
BC,4740,OKA,2384,ISG,2387,,0,737
BC,4740,OKA,2384,MMY,2390,,0,737
BC,4740,OKA,2384,UKB,3943,,0,737
BC,4740,ISG,2387,OKA,2384,,0,737
BC,4740,NGO,3942,CTS,2287,,0,737
BC,4740,UKB,3943,IBR,2281,,0,737
BC,4740,UKB,3943,KOJ,2307,,0,737
BC,4740,UKB,3943,YGJ,2330,,0,737
BC,4740,UKB,3943,SDJ,2347,,0,737
BC,4740,UKB,3943,OKA,2384,,0,737
MI,4750,REP,3035,DAD,3196,,0,738 320
MI,4750,VTZ,3066,SIN,3316,,0,319
MI,4750,KTM,3125,SIN,3316,,0,320
MI,4750,CJB,3135,SIN,3316,,0,320
MI,4750,COK,3136,SIN,3316,,0,320 738 319
MI,4750,HKT,3179,SIN,3316,,0,320 738 319
MI,4750,HAN,3199,SIN,3316,,0,320
MI,4750,RGN,3239,SIN,3316,,0,320
MI,4750,UPG,3240,SIN,3316,,0,319 320
MI,4750,MDC,3250,SIN,3316,,0,320
MI,4750,KCH,3263,SIN,3316,,0,319
MI,4750,KUL,3304,SIN,3316,,0,320 738 319
MI,4750,LGK,3305,SIN,3316,,0,320 319
MI,4750,SIN,3316,CCU,3043,,0,320
MI,4750,SIN,3316,CJB,3135,,0,320
MI,4750,SIN,3316,COK,3136,,0,320 738 319
MI,4750,SIN,3316,MAA,3144,,0,319 320
MI,4750,SIN,3316,TRV,3153,,0,319 320
MI,4750,SIN,3316,HKT,3179,,0,320 738 319
MI,4750,SIN,3316,KCH,3263,,0,319
MI,4750,SIN,3316,PKU,3273,,0,319
MI,4750,SIN,3316,KUL,3304,,0,320 738 319
MI,4750,SIN,3316,DIL,3310,,0,319
MI,4750,SIN,3316,SZX,3374,,0,320 738 319
MI,4750,SIN,3316,KMG,3382,,0,320 319
MI,4750,SIN,3316,XMN,3383,,0,320
MI,4750,SIN,3316,CKG,3393,,0,320 319
MI,4750,SIN,3316,BDO,3896,,0,319
MI,4750,SIN,3316,JOG,3898,,0,320
MI,4750,SZX,3374,SIN,3316,,0,320 738 319
MI,4750,KMG,3382,SIN,3316,,0,320 319
MI,4750,XMN,3383,SIN,3316,,0,320
MI,4750,JOG,3898,SIN,3316,,0,320
MI,4750,SOC,3929,SIN,3316,,0,320 319
MI,4750,CNX,3931,SIN,3316,,0,320
MI,4750,CEB,4206,SIN,3316,,0,320 738
PY,4752,AMS,580,PBM,2773,,0,343
PY,4752,BEL,2526,PBM,2773,,0,733
PY,4752,PBM,2773,BEL,2526,,0,733
PY,4752,PBM,2773,CAY,2774,,0,733
PY,4752,PBM,2773,AUA,2895,,0,733
PY,4752,PBM,2773,POS,2902,,0,733
PY,4752,PBM,2773,GEO,4304,,0,733
PY,4752,CAY,2774,BEL,2526,,0,733
PY,4752,CUR,2897,POS,2902,,0,733
IE,4797,JJA,,HIR,4074,,0,BNI
IE,4797,NAN,1960,VLI,1997,,0,320
IE,4797,BNE,3320,HIR,4074,,0,320
IE,4797,HIR,4074,JJA,,,0,BNI
IE,4797,HIR,4074,VLI,1997,,0,320
IE,4797,HIR,4074,BNE,3320,,0,320
IE,4797,HIR,4074,FRE,5407,,0,DHT
IE,4797,HIR,4074,IRA,5409,,0,DH8
IE,4797,HIR,4074,GZO,5412,,0,DHT DH8
IE,4797,HIR,4074,RUS,5415,,0,BNI
IE,4797,HIR,4074,KGE,5417,,0,DHT
IE,4797,HIR,4074,RBV,5418,,0,BNI
IE,4797,HIR,4074,CHY,7617,,0,DHT
IE,4797,HIR,4074,NNB,7618,,0,DHT
IE,4797,FRE,5407,VAO,5416,,0,DHT
IE,4797,SCZ,5410,HIR,4074,,0,DH8
IE,4797,MUA,5411,HIR,4074,,0,DH8 DHT
IE,4797,MUA,5411,EGM,6758,,0,DHT
IE,4797,VAO,5416,HIR,4074,,0,DHT BNI
IE,4797,KGE,5417,GZO,5412,,0,DHT
IE,4797,EGM,6758,HIR,4074,,0,DHT
IE,4797,EGM,6758,GZO,5412,,0,DHT
IE,4797,EGM,6758,VAO,5416,,0,DHT
IE,4797,EGM,6758,RBV,5418,,0,DHT
IE,4797,BNY,6919,RNL,5414,,0,DHT
IE,4797,NNB,7618,HIR,4074,,0,DHT
6W,4805,MRV,2962,RTW,4363,,0,YK2
6W,4805,RTW,4363,PRG,1587,,0,E90
HZ,4808,EKS,,UUS,2933,,0,DH8
HZ,4808,KHV,2927,UUS,2933,,0,737
HZ,4808,UUS,2933,EKS,,,0,DH8
HZ,4808,UUS,2933,NRT,2279,,0,737
HZ,4808,UUS,2933,DEE,8782,,0,DH8
HZ,4808,HRB,3400,KHV,2927,,0,319
HZ,4808,ICN,3930,UUS,2933,,0,737
S5,4822,BSB,2531,GYN,2562,,0,CNC
S5,4822,MAB,2584,IMP,2572,,0,CNC
S5,4822,MQH,7375,BSB,2531,,0,CNC
S5,4822,RDC,8240,CDJ,2518,,0,CNC
S5,4822,SXO,8243,GRP,7368,,0,CNC
DV,4840,BON,2896,CUR,2897,,0,BNI
DV,4840,CUR,2897,BON,2896,,0,BNI
DV,4840,ALA,2908,PLX,2918,,0,CRJ
DV,4840,ALA,2908,AKX,2920,,0,735
DV,4840,TSE,2910,PLX,2918,,0,CRJ
DV,4840,TSE,2910,UKK,6086,,0,CRJ
DV,4840,DMB,2911,ALA,2908,,0,CRJ
DV,4840,DMB,2911,TSE,2910,,0,CRJ
DV,4840,CIT,2914,DME,4029,,0,735
DV,4840,CIT,2914,SCO,4367,,0,735
DV,4840,PLX,2918,TSE,2910,,0,CRJ
DV,4840,PLX,2918,UKK,6086,,0,AN4
DV,4840,EVN,3964,SCO,4367,,0,CRJ
DV,4840,GUW,4357,TSE,2910,,0,CRJ
DV,4840,GUW,4357,SCO,4367,,0,CRJ
DV,4840,SCO,4367,KRR,2960,,0,CRJ
DV,4840,KGF,4375,UKK,6086,,0,AN4
DV,4840,KOV,6083,ALA,2908,,0,CRJ
DV,4840,PPK,6084,ALA,2908,,0,AN4
DV,4840,UKK,6086,PLX,2918,,0,AN4
DV,4840,UKK,6086,KGF,4375,,0,AN4
EQ,4863,GRU,2564,UIO,2688,,0,E70
EQ,4863,GYE,2673,PTY,1871,,0,E90
EQ,4863,GYE,2673,GPS,2672,,0,320
EQ,4863,GYE,2673,SCY,6045,,0,320
EQ,4863,LTX,2678,OCC,2670,,0,E70
EQ,4863,UIO,2688,GRU,2564,,0,E70
EQ,4863,UIO,2688,OCC,2670,,0,E90
EQ,4863,UIO,2688,CUE,2671,,0,319
EQ,4863,UIO,2688,ESM,6047,,0,320
EQ,4863,LOH,6046,GYE,2673,,0,E90
EQ,4863,LOH,6046,UIO,2688,,0,E90 E70
EQ,4863,ESM,6047,GYE,2673,,0,E70
EQ,4863,LGQ,6750,UIO,2688,,0,E70 E90
EQ,4863,TNW,10792,UIO,2688,,0,E90
JJ,4867,MUC,346,GRU,2564,Y,0,346
JJ,4867,LHR,507,GRU,2564,,0,773
JJ,4867,JNB,813,GRU,2564,,0,332 343 346
JJ,4867,MXP,1524,GRU,2564,,0,330
JJ,4867,AJU,2522,GRU,2564,,0,320
JJ,4867,AJU,2522,SDU,2612,,0,319
JJ,4867,AJU,2522,SSA,2621,,0,319
JJ,4867,BEL,2526,MAO,2551,,0,320
JJ,4867,BEL,2526,GIG,2560,,0,320
JJ,4867,BEL,2526,MAB,2584,,0,320
JJ,4867,BEL,2526,SLZ,2616,,0,320
JJ,4867,BEL,2526,MIA,3576,,0,763
JJ,4867,BSB,2531,FOR,2559,,0,321 319
JJ,4867,BSB,2531,GRU,2564,,0,320 321
JJ,4867,BSB,2531,IMP,2572,,0,319 320
JJ,4867,BSB,2531,MAB,2584,,0,320
JJ,4867,BSB,2531,MCZ,2590,,0,320
JJ,4867,BSB,2531,RBR,2609,,0,320
JJ,4867,BSB,2531,REC,2610,,0,321 320
JJ,4867,BSB,2531,SLZ,2616,,0,320 319
JJ,4867,BSB,2531,THE,2623,,0,320 319
JJ,4867,BSB,2531,UDI,2633,,0,320
JJ,4867,BSB,2531,MIA,3576,,0,757 763
JJ,4867,CNF,2537,CGH,2618,,0,319 320
JJ,4867,CNF,2537,BPS,4209,,0,320 319
JJ,4867,CWB,2545,BSB,2531,,0,320
JJ,4867,CWB,2545,IGU,2554,,0,320
JJ,4867,CWB,2545,POA,2599,,0,320
JJ,4867,CWB,2545,CGH,2618,,0,320 319
JJ,4867,CGB,2548,CGH,2618,,0,319
JJ,4867,MAO,2551,BSB,2531,,0,320
JJ,4867,MAO,2551,GRU,2564,,0,321 320 330
JJ,4867,MAO,2551,MIA,3576,,0,738 763
JJ,4867,MAO,2551,STM,4092,,0,320
JJ,4867,IGU,2554,GIG,2560,,0,320
JJ,4867,IGU,2554,GRU,2564,,0,319 320
JJ,4867,FLN,2555,BSB,2531,,0,320
JJ,4867,FLN,2555,GRU,2564,,0,320
JJ,4867,FOR,2559,BSB,2531,,0,321 319
JJ,4867,FOR,2559,MAO,2551,,0,320
JJ,4867,FOR,2559,SSA,2621,,0,320
JJ,4867,FOR,2559,THE,2623,,0,319 320
JJ,4867,GIG,2560,FRA,340,Y,0,744
JJ,4867,GIG,2560,CNF,2537,,0,320
JJ,4867,GIG,2560,FOR,2559,,0,320 321
JJ,4867,GIG,2560,JPA,2575,,0,320
JJ,4867,GIG,2560,VCP,2578,,0,320
JJ,4867,GIG,2560,MCZ,2590,,0,320
JJ,4867,GIG,2560,SCL,2650,Y,0,320 319
JJ,4867,GIG,2560,MIA,3576,,0,763
JJ,4867,GIG,2560,DFW,3670,,0,763
JJ,4867,GYN,2562,BSB,2531,,0,320
JJ,4867,GYN,2562,GRU,2564,,0,320
JJ,4867,GRU,2564,YYZ,193,Y,0,763
JJ,4867,GRU,2564,JNB,813,,0,346 332 343
JJ,4867,GRU,2564,MAD,1229,,0,330
JJ,4867,GRU,2564,MXP,1524,,0,330
JJ,4867,GRU,2564,AJU,2522,,0,320
JJ,4867,GRU,2564,BEL,2526,,0,320
JJ,4867,GRU,2564,CNF,2537,,0,321 320
JJ,4867,GRU,2564,CGR,2538,,0,320
JJ,4867,GRU,2564,CGB,2548,,0,320
JJ,4867,GRU,2564,MAO,2551,,0,330 321 320
JJ,4867,GRU,2564,IGU,2554,,0,320 319
JJ,4867,GRU,2564,FLN,2555,,0,320
JJ,4867,GRU,2564,LDB,2581,,0,320
JJ,4867,GRU,2564,MCZ,2590,,0,321
JJ,4867,GRU,2564,SLZ,2616,,0,320
JJ,4867,GRU,2564,SJP,2619,,0,320 319
JJ,4867,GRU,2564,BOG,2709,,0,763
JJ,4867,GRU,2564,MVD,2816,,0,320
JJ,4867,GRU,2564,CCS,2851,,0,320
JJ,4867,GRU,2564,DFW,3670,,0,77W
JJ,4867,GRU,2564,JFK,3797,,0,773 77W 777
JJ,4867,GRU,2564,MCO,3878,,0,330
JJ,4867,GRU,2564,BPS,4209,,0,320
JJ,4867,IOS,2569,SDU,2612,,0,319
JJ,4867,JPA,2575,BSB,2531,,0,320
JJ,4867,JPA,2575,GIG,2560,,0,320
JJ,4867,JOI,2576,GRU,2564,,0,319
JJ,4867,VCP,2578,BSB,2531,,0,320
JJ,4867,VCP,2578,GIG,2560,,0,320
JJ,4867,MAB,2584,BEL,2526,,0,320
JJ,4867,MAB,2584,BSB,2531,,0,320
JJ,4867,MCZ,2590,GIG,2560,,0,320
JJ,4867,NAT,2597,FOR,2559,,0,321
JJ,4867,NAT,2597,GIG,2560,,0,320
JJ,4867,NAT,2597,GRU,2564,,0,320 321
JJ,4867,PVH,2607,BSB,2531,,0,320
JJ,4867,REC,2610,AJU,2522,,0,320
JJ,4867,REC,2610,BSB,2531,,0,320 321
JJ,4867,REC,2610,GIG,2560,,0,320
JJ,4867,SDU,2612,BSB,2531,,0,319
JJ,4867,RAO,2613,CGH,2618,,0,319 320
JJ,4867,SLZ,2616,BEL,2526,,0,320
JJ,4867,SLZ,2616,BSB,2531,,0,320 319
JJ,4867,SLZ,2616,GIG,2560,,0,320
JJ,4867,CGH,2618,CNF,2537,,0,319 320
JJ,4867,CGH,2618,CWB,2545,,0,320 319
JJ,4867,CGH,2618,CGB,2548,,0,320
JJ,4867,CGH,2618,GYN,2562,,0,320 319
JJ,4867,CGH,2618,IOS,2569,,0,319
JJ,4867,CGH,2618,LDB,2581,,0,319
JJ,4867,CGH,2618,NVT,2595,,0,319
JJ,4867,SJP,2619,GRU,2564,,0,320 319
JJ,4867,SSA,2621,CWB,2545,,0,320
JJ,4867,SSA,2621,REC,2610,,0,320
JJ,4867,SSA,2621,MIA,3576,,0,757
JJ,4867,THE,2623,BSB,2531,,0,319 320
JJ,4867,UDI,2633,CGH,2618,,0,319 320
JJ,4867,VIX,2638,BSB,2531,,0,320
JJ,4867,ASU,2699,EZE,3988,,0,320
JJ,4867,BOG,2709,GRU,2564,,0,763
JJ,4867,LIM,2789,GRU,2564,,0,319 320
JJ,4867,AQP,2802,LIM,2789,Y,0,319
JJ,4867,CUZ,2812,JUL,2792,Y,0,319
JJ,4867,MVD,2816,GRU,2564,,0,320
JJ,4867,PEK,3364,CDG,1382,,0,773
JJ,4867,LAX,3484,LIM,2789,Y,0,763
JJ,4867,MIA,3576,MAO,2551,,0,763 738
JJ,4867,MIA,3576,GIG,2560,,0,763
JJ,4867,MIA,3576,REC,2610,,0,757
JJ,4867,DFW,3670,GIG,2560,,0,763
JJ,4867,DFW,3670,GRU,2564,,0,77W
JJ,4867,JFK,3797,GIG,2560,,0,763
JJ,4867,MCO,3878,GRU,2564,,0,330
JJ,4867,EZE,3988,GIG,2560,,0,320
JJ,4867,EZE,3988,GRU,2564,,0,330 320
JJ,4867,STM,4092,BEL,2526,,0,320
JJ,4867,BPS,4209,CGH,2618,,0,320
TP,4869,FRA,340,FAO,1626,Y,0,32A 321 320
TP,4869,FRA,340,LIS,1638,,0,320 319 321
TP,4869,HAM,342,LIS,1638,,0,320 319 321
TP,4869,DUS,345,LIS,1638,,0,319 320
TP,4869,MUC,346,FAO,1626,Y,0,321
TP,4869,MUC,346,LIS,1638,,0,319 320
TP,4869,MAN,478,LIS,1638,,0,319 320
TP,4869,LGW,502,OPO,1636,,0,320 319
TP,4869,LGW,502,FNC,4091,,0,319 320
TP,4869,AMS,580,LIS,1638,,0,319 320
TP,4869,AMS,580,AUH,2179,,0,332
TP,4869,LUX,629,OPO,1636,Y,0,100
TP,4869,TNG,1080,LIS,1638,,0,BEH
TP,4869,SID,1102,LIS,1638,,0,320
TP,4869,BIO,1216,LIS,1638,Y,0,ER4 100
TP,4869,BCN,1218,OPO,1636,Y,0,ER4
TP,4869,MAD,1229,LIS,1638,,0,100 ER4 319 320
TP,4869,VLC,1246,LIS,1638,Y,0,ER4 100
TP,4869,BOD,1264,LIS,1638,Y,0,100 ER4
TP,4869,NCE,1354,LIS,1638,Y,0,ER4 100
TP,4869,ORY,1386,OPO,1636,,0,320 319
TP,4869,MXP,1524,OPO,1636,Y,0,ER4 100
TP,4869,BLQ,1538,LIS,1638,,0,319 320
TP,4869,VCE,1551,LIS,1638,,0,319
TP,4869,FCO,1555,LIS,1638,,0,320 321 319
TP,4869,PRG,1587,LIS,1638,,0,319 320
TP,4869,FAO,1626,BRU,302,Y,0,320 319
TP,4869,FAO,1626,FRA,340,Y,0,32A 321 320
TP,4869,FAO,1626,MUC,346,Y,0,321
TP,4869,TER,1629,OPO,1636,Y,0,320
TP,4869,TER,1629,LIS,1638,,0,332 320 321 319
TP,4869,PDL,1633,YYZ,193,Y,0,313
TP,4869,PDL,1633,FNC,4091,Y,0,DH4
TP,4869,OPO,1636,LGW,502,,0,320 319
TP,4869,OPO,1636,AMS,580,,0,100 ER4
TP,4869,OPO,1636,LUX,629,Y,0,100
TP,4869,OPO,1636,FCO,1555,,0,100
TP,4869,OPO,1636,TER,1629,Y,0,320
TP,4869,OPO,1636,LIS,1638,,0,319 ER4 320 100
TP,4869,OPO,1636,CCS,2851,,0,332
TP,4869,PXO,1637,LIS,1638,,0,100 319
TP,4869,LIS,1638,YYZ,193,Y,0,313
TP,4869,LIS,1638,BRU,302,,0,321 320 319 100
TP,4869,LIS,1638,HAM,342,,0,319 320 321
TP,4869,LIS,1638,DUS,345,,0,319 320
TP,4869,LIS,1638,OSL,644,,0,320
TP,4869,LIS,1638,WAW,679,,0,320 319
TP,4869,LIS,1638,CMN,1074,Y,0,100 319 ER4 BEH
TP,4869,LIS,1638,TNG,1080,Y,0,BEH
TP,4869,LIS,1638,BCN,1218,,0,320 ER4 319 100
TP,4869,LIS,1638,LCG,1220,Y,0,BEH
TP,4869,LIS,1638,SVQ,1253,Y,0,BEH
TP,4869,LIS,1638,TLS,1273,Y,0,100 ER4
TP,4869,LIS,1638,NCE,1354,Y,0,ER4 100
TP,4869,LIS,1638,BUD,1489,,0,320 321 319
TP,4869,LIS,1638,MXP,1524,,0,320 319 100
TP,4869,LIS,1638,VCE,1551,,0,319
TP,4869,LIS,1638,VIE,1613,,0,320 319
TP,4869,LIS,1638,FAO,1626,,0,319 320 ER4
TP,4869,LIS,1638,PDL,1633,,0,320 319
TP,4869,LIS,1638,OTP,1657,,0,319
TP,4869,LIS,1638,IST,1701,,0,321
TP,4869,LIS,1638,BSB,2531,,0,332
TP,4869,LIS,1638,GIG,2560,,0,332 343
TP,4869,LIS,1638,VCP,2578,,0,332
TP,4869,LIS,1638,NAT,2597,,0,332
TP,4869,LIS,1638,SSA,2621,,0,332
TP,4869,LIS,1638,EWR,3494,,0,343 332
TP,4869,LIS,1638,MIA,3576,,0,332 343
TP,4869,LIS,1638,PHL,3752,Y,0,752
TP,4869,LIS,1638,DME,4029,,0,320
TP,4869,LIS,1638,FNC,4091,,0,319 320 100 321 332
TP,4869,LIS,1638,RAI,5674,,0,320
TP,4869,AUH,2179,LHR,507,Y,0,346
TP,4869,AUH,2179,CMN,1074,Y,0,333
TP,4869,FOR,2559,LIS,1638,,0,332
TP,4869,GIG,2560,LIS,1638,,0,332 343
TP,4869,REC,2610,LIS,1638,,0,332
TP,4869,CCS,2851,OPO,1636,,0,332
TP,4869,CCS,2851,FNC,4091,,0,332
TP,4869,BOS,3448,LIS,1638,Y,0,313
TP,4869,MIA,3576,LIS,1638,,0,332 343
TP,4869,FNC,4091,LGW,502,,0,319
TP,4869,FNC,4091,VIE,1613,Y,0,321
TP,4869,FNC,4091,OPO,1636,,0,319 320 100
TU,4870,ALG,210,TUN,287,,0,320 32A
TU,4870,ORN,231,TUN,287,,0,736
TU,4870,ABJ,253,TUN,287,,0,320
TU,4870,MIR,286,BRU,302,,0,32A
TU,4870,MIR,286,MRS,1353,,0,32A 736
TU,4870,MIR,286,NCE,1354,,0,32A 736
TU,4870,TUN,287,ALG,210,,0,320 32A
TU,4870,TUN,287,ABJ,253,,0,320
TU,4870,TUN,287,BRU,302,,0,32A 320
TU,4870,TUN,287,FRA,340,,0,32A 320
TU,4870,TUN,287,LHR,507,,0,32A
TU,4870,TUN,287,BCN,1218,,0,32A 320 319
TU,4870,TUN,287,LYS,1335,,0,32A 320
TU,4870,TUN,287,MRS,1353,,0,320 319 32A 736
TU,4870,TUN,287,ORY,1386,,0,320 32A
TU,4870,TUN,287,NTE,1418,,0,736
TU,4870,TUN,287,BLQ,1538,,0,320 319
TU,4870,TUN,287,VCE,1551,,0,319 32A
TU,4870,TUN,287,VIE,1613,,0,32A
TU,4870,TUN,287,GVA,1665,,0,32A
TU,4870,TUN,287,IST,1701,,0,32A 736 320
TU,4870,TUN,287,JED,2072,,0,320 32A
TU,4870,TUN,287,KWI,2176,,0,319
TU,4870,TUN,287,DME,4029,,0,32A
TU,4870,DJE,293,SXF,337,,0,319
TU,4870,DJE,293,FRA,340,,0,736
TU,4870,DJE,293,LYS,1335,,0,736 319
TU,4870,DJE,293,MRS,1353,,0,736
TU,4870,DJE,293,NCE,1354,,0,736
TU,4870,DJE,293,NTE,1418,,0,32A
TU,4870,DJE,293,SXB,1435,,0,736 319
TU,4870,BRU,302,DJE,293,,0,32A
TU,4870,SXF,337,NBE,7447,,0,319
TU,4870,FRA,340,TUN,287,,0,32A 320
TU,4870,FRA,340,NBE,7447,,0,32A
TU,4870,HAM,342,DJE,293,,0,319
TU,4870,DUS,345,NBE,7447,,0,736
TU,4870,MUC,346,TUN,287,,0,736
TU,4870,MUC,346,DJE,293,,0,736
TU,4870,MUC,346,NBE,7447,,0,736
TU,4870,DKR,1084,TUN,287,,0,320 32A
TU,4870,NKC,1094,TUN,287,,0,32A 320
TU,4870,CAI,1128,TUN,287,,0,32A
TU,4870,MAD,1229,TUN,287,,0,32A 320
TU,4870,TLS,1273,TUN,287,,0,736
TU,4870,MRS,1353,TUN,287,,0,320 319 32A 736
TU,4870,NCE,1354,MIR,286,,0,32A 736
TU,4870,NCE,1354,TUN,287,,0,32A 320
TU,4870,ORY,1386,TOE,296,,0,736
TU,4870,SXB,1435,TUN,287,,0,736
TU,4870,PMO,1512,TUN,287,,0,AT7
TU,4870,MXP,1524,TUN,287,,0,319 32A 320
TU,4870,FCO,1555,TUN,287,,0,32A 320 319
TU,4870,VIE,1613,TUN,287,,0,32A
TU,4870,LIS,1638,TUN,287,,0,32A
TU,4870,GVA,1665,MIR,286,,0,32A
TU,4870,ZRH,1678,TUN,287,,0,736 320
TU,4870,ZRH,1678,DJE,293,,0,736 32A
TU,4870,IST,1701,TUN,287,,0,32A 736 320
TU,4870,JED,2072,TUN,287,,0,32A 320
TU,4870,MED,2074,TUN,287,,0,320 32A
TU,4870,KWI,2176,TUN,287,,0,319
TU,4870,DXB,2188,TUN,287,,0,319
TU,4870,LAQ,5699,TUN,287,,0,32A
TU,4870,MRA,5804,TUN,287,,0,32A 320 319
TU,4870,NBE,7447,SXF,337,,0,319
TU,4870,NBE,7447,HAM,342,,0,32A
TU,4870,NBE,7447,MUC,346,,0,736
TU,4870,NBE,7447,ZRH,1678,,0,319
TCX,4897,BFS,465,NBE,7447,,0,321
TCX,4897,BHX,469,FUE,1051,,0,752
TCX,4897,MAN,478,TFS,1056,,0,753 321
TCX,4897,MAN,478,HRG,1130,,0,763
TCX,4897,MAN,478,DLM,1715,,0,332 321 752 763
TCX,4897,MAN,478,BJV,4315,,0,321
TCX,4897,BRS,490,LPA,1054,,0,320
TCX,4897,BRS,490,ACE,1055,,0,320
TCX,4897,BRS,490,TFS,1056,,0,320
TCX,4897,BRS,490,AYT,1688,,0,320
TCX,4897,BRS,490,DLM,1715,,0,320
TCX,4897,LGW,502,FUE,1051,,0,753 752
TCX,4897,LGW,502,LCA,1197,,0,752
TCX,4897,LGW,502,AYT,1688,,0,753 752 332
TCX,4897,LGW,502,SSH,4057,,0,753
TCX,4897,NCL,521,NBE,7447,,0,752 321
TCX,4897,EMA,523,TFS,1056,,0,321
TCX,4897,FUE,1051,GLA,534,,0,752
TCX,4897,LPA,1054,MAN,478,,0,321
TCX,4897,LPA,1054,EMA,523,,0,321
TCX,4897,ACE,1055,BFS,465,,0,321
TCX,4897,ACE,1055,GLA,534,,0,752
TCX,4897,TFS,1056,EMA,523,,0,321
TCX,4897,TFS,1056,GLA,534,,0,752
TCX,4897,LCA,1197,MAN,478,,0,321
TCX,4897,AYT,1688,GLA,534,,0,752
TCX,4897,DLM,1715,BHX,469,,0,752
TCX,4897,DLM,1715,MAN,478,,0,332 321 763
TCX,4897,DLM,1715,GLA,534,,0,752
TCX,4897,CUN,1852,MAN,478,,0,332
TCX,4897,HOG,1910,MAN,478,,0,332
TCX,4897,LAS,3877,MAN,478,,0,332
TCX,4897,SSH,4057,BHX,469,,0,752
TCX,4897,SSH,4057,MAN,478,,0,763
TCX,4897,NBE,7447,LGW,502,,0,752
TCX,4897,NBE,7447,NCL,521,,0,752 321
TCX,4897,NBE,7447,EMA,523,,0,321
TCX,4897,NBE,7447,GLA,534,,0,752
TR,4936,DAC,3076,SIN,3316,,0,320
TR,4936,COK,3136,SIN,3316,,0,319
TR,4936,MAA,3144,SIN,3316,,0,320
TR,4936,HAN,3199,SIN,3316,,0,320
TR,4936,CGK,3275,SIN,3316,,0,320
TR,4936,LGK,3305,SIN,3316,,0,320
TR,4936,SIN,3316,MNL,2397,,0,320
TR,4936,SIN,3316,DAC,3076,,0,320
TR,4936,SIN,3316,MFM,3121,,0,320
TR,4936,SIN,3316,MAA,3144,,0,320
TR,4936,SIN,3316,TRV,3153,,0,320
TR,4936,SIN,3316,MLE,3156,,0,320
TR,4936,SIN,3316,HDY,3181,,0,320
TR,4936,SIN,3316,HAN,3199,,0,320
TR,4936,SIN,3316,RGN,3239,,0,320
TR,4936,SIN,3316,CGK,3275,,0,320
TR,4936,SIN,3316,PEN,3308,,0,320
TR,4936,SIN,3316,SZX,3374,,0,320
TR,4936,SIN,3316,BKK,3885,,0,320
TR,4936,SIN,3316,JOG,3898,,0,320
TR,4936,SIN,3316,SUB,3928,,0,320
TR,4936,SIN,3316,CNX,3931,,0,320
TR,4936,SIN,3316,CEB,4206,,0,320
TR,4936,BKK,3885,SIN,3316,,0,320
TR,4936,CEB,4206,SIN,3316,,0,320
TT,4937,ASP,3319,SYD,3361,,0,320
TT,4937,BNE,3320,DRW,3999,,0,320
TT,4937,OOL,3321,SYD,3361,,0,320
TT,4937,CNS,3322,MEL,3339,,0,320
TT,4937,CNS,3322,SYD,3361,,0,320
TT,4937,MCY,3325,MEL,3339,,0,320
TT,4937,HBA,3336,MEL,3339,,0,320
TT,4937,MEL,3339,BNE,3320,,0,320
TT,4937,MEL,3339,CNS,3322,,0,320
TT,4937,MEL,3339,MCY,3325,,0,320
TT,4937,MEL,3339,HBA,3336,,0,320
TT,4937,MEL,3339,ADL,3341,,0,320
TT,4937,MEL,3339,SYD,3361,,0,320
TT,4937,ADL,3341,BNE,3320,,0,320
TT,4937,PER,3351,SYD,3361,,0,320
TT,4937,CFS,3356,SYD,3361,,0,320
TT,4937,SYD,3361,CNS,3322,,0,320
TT,4937,SYD,3361,PPP,3328,,0,320
TT,4937,SYD,3361,MEL,3339,,0,320
TT,4937,SYD,3361,ADL,3341,,0,320
TT,4937,SYD,3361,CFS,3356,,0,320
TG,4940,BRU,302,LIS,1638,,0,320 321
TG,4940,TKU,460,ARN,737,Y,0,AT7
TG,4940,LHR,507,ARN,737,Y,0,73W 736 73H
TG,4940,LHR,507,BKK,3885,,0,747 346
TG,4940,TRD,665,CPH,609,Y,0,CR9
TG,4940,ARN,737,TKU,460,Y,0,AT7
TG,4940,ARN,737,VAA,462,Y,0,S20
TG,4940,ARN,737,LHR,507,Y,0,73W 736
TG,4940,CAI,1128,BKK,3885,,0,773
TG,4940,MAD,1229,OPO,1636,,0,ER4
TG,4940,MAD,1229,BKK,3885,,0,777
TG,4940,CDG,1382,BKK,3885,,0,380
TG,4940,IST,1701,BKK,3885,Y,0,77W 330
TG,4940,AKL,2006,BKK,3885,,0,777
TG,4940,BAH,2057,BKK,3885,Y,0,332 330
TG,4940,TPE,2276,ICN,3930,,0,330
TG,4940,FUK,2305,BKK,3885,,0,330
TG,4940,HND,2359,BKK,3885,,0,744
TG,4940,PUS,2372,BKK,3885,,0,330
TG,4940,CMB,3024,BKK,3885,,0,320
TG,4940,PNH,3034,BKK,3885,,0,320
TG,4940,HKG,3077,BKK,3885,,0,330 744 777 747
TG,4940,MFM,3121,BKK,3885,,0,320
TG,4940,MAA,3144,BKK,3885,,0,333
TG,4940,KBV,3174,BKK,3885,,0,333 32S
TG,4940,HKT,3179,HKG,3077,,0,330
TG,4940,HKT,3179,KUL,3304,Y,0,738
TG,4940,HKT,3179,CNX,3931,,0,320
TG,4940,RGN,3239,BKK,3885,,0,330 AB6 333
TG,4940,MEL,3339,BKK,3885,,0,773 777
TG,4940,CAN,3370,BKK,3885,,0,330
TG,4940,XMN,3383,BKK,3885,,0,333
TG,4940,CKG,3393,BKK,3885,,0,320
TG,4940,LAX,3484,ICN,3930,,0,777
TG,4940,BKK,3885,BRU,302,,0,773
TG,4940,BKK,3885,FRA,340,,0,380 346
TG,4940,BKK,3885,LHR,507,,0,747 346
TG,4940,BKK,3885,CPH,609,,0,773
TG,4940,BKK,3885,OSL,644,,0,773
TG,4940,BKK,3885,CDG,1382,,0,380
TG,4940,BKK,3885,MXP,1524,,0,744
TG,4940,BKK,3885,IST,1701,Y,0,77W 330
TG,4940,BKK,3885,AKL,2006,,0,777
TG,4940,BKK,3885,ISB,2223,,0,333
TG,4940,BKK,3885,PNH,3034,,0,320
TG,4940,BKK,3885,DAC,3076,,0,777
TG,4940,BKK,3885,DEL,3093,,0,744 320
TG,4940,BKK,3885,VTE,3120,,0,734
TG,4940,BKK,3885,MFM,3121,,0,320
TG,4940,BKK,3885,KTM,3125,,0,777
TG,4940,BKK,3885,MAA,3144,,0,333
TG,4940,BKK,3885,USM,3177,,0,734
TG,4940,BKK,3885,HKT,3179,,0,744 333 AB6 773 747 320 330
TG,4940,BKK,3885,HAN,3199,,0,333 330
TG,4940,BKK,3885,SGN,3205,,0,777
TG,4940,BKK,3885,RGN,3239,,0,330 AB6 333
TG,4940,BKK,3885,CGK,3275,,0,330
TG,4940,BKK,3885,KUL,3304,,0,330 333
TG,4940,BKK,3885,SIN,3316,,0,773 777
TG,4940,BKK,3885,PER,3351,,0,330
TG,4940,BKK,3885,SYD,3361,,0,747
TG,4940,BKK,3885,PEK,3364,,0,773 330
TG,4940,BKK,3885,KMG,3382,,0,333
TG,4940,BKK,3885,XMN,3383,,0,333
TG,4940,BKK,3885,CTU,3395,,0,333
TG,4940,BKK,3885,CNX,3931,,0,320 747 AB6 734 333 773 777
TG,4940,BKK,3885,CEI,3932,,0,734
TG,4940,BKK,3885,DPS,3940,,0,777
TG,4940,BKK,3885,NGO,3942,,0,773 777
TG,4940,BKK,3885,URT,4000,,0,32S
TG,4940,ICN,3930,TPE,2276,,0,330
TG,4940,ICN,3930,HKG,3077,,0,777
TG,4940,ICN,3930,HKT,3179,,0,330
TG,4940,CNX,3931,HKT,3179,,0,320
TG,4940,CEI,3932,BKK,3885,,0,734
TG,4940,UBP,3937,BKK,3885,,0,32S
TG,4940,KKC,3938,BKK,3885,,0,32S AB6
TG,4940,NGO,3942,BKK,3885,,0,773 777
TG,4940,DME,4029,BKK,3885,,0,777
FD,4947,HKG,3077,DMK,3157,,0,320
FD,4947,HKG,3077,HKT,3179,,0,320
FD,4947,DMK,3157,PNH,3034,,0,320
FD,4947,DMK,3157,REP,3035,,0,320
FD,4947,DMK,3157,HKG,3077,,0,320
FD,4947,DMK,3157,MAA,3144,,0,320
FD,4947,DMK,3157,HKT,3179,,0,320
FD,4947,DMK,3157,TST,3182,,0,320
FD,4947,DMK,3157,UTH,3183,,0,320
FD,4947,DMK,3157,HAN,3199,,0,320
FD,4947,DMK,3157,CSX,3371,,0,320
FD,4947,DMK,3157,XIY,3379,,0,320
FD,4947,DMK,3157,CKG,3393,,0,320
FD,4947,DMK,3157,CNX,3931,,0,320
FD,4947,DMK,3157,NST,3933,,0,320
FD,4947,DMK,3157,UBP,3937,,0,320
FD,4947,DMK,3157,KKC,3938,,0,320
FD,4947,DMK,3157,DPS,3940,,0,320
FD,4947,PHS,3170,DMK,3157,,0,320
FD,4947,KBV,3174,DMK,3157,,0,320
FD,4947,KBV,3174,SIN,3316,,0,320
FD,4947,KBV,3174,CNX,3931,,0,320
FD,4947,HKT,3179,DMK,3157,,0,320
FD,4947,HKT,3179,SIN,3316,,0,320
FD,4947,HDY,3181,DMK,3157,,0,320
FD,4947,HDY,3181,CNX,3931,,0,320
FD,4947,MDL,3222,DMK,3157,,0,320
FD,4947,RGN,3239,DMK,3157,,0,320
FD,4947,KMG,3382,DMK,3157,,0,320
FD,4947,NGB,3387,DMK,3157,,0,320
FD,4947,CKG,3393,DMK,3157,,0,320
FD,4947,CNX,3931,DMK,3157,,0,320
FD,4947,CEI,3932,DMK,3157,,0,320
FD,4947,NST,3933,DMK,3157,,0,320
FD,4947,KOP,3936,DMK,3157,,0,320
FD,4947,DPS,3940,DMK,3157,,0,320
TK,4951,KCO,,ESB,1682,Y,0,73W
TK,4951,NOP,,IST,1701,,0,319 320
TK,4951,YYZ,193,ATL,3682,Y,0,CRA
TK,4951,ALG,210,IST,1701,,0,738 321
TK,4951,ORN,231,IST,1701,,0,738
TK,4951,OUA,246,IST,1701,,0,739 738
TK,4951,ACC,248,IST,1701,,0,739
TK,4951,NIM,280,OUA,246,,0,739
TK,4951,BRU,302,IST,1701,,0,738 321 343 320 330
TK,4951,BRU,302,SAW,4317,,0,738
TK,4951,BRU,302,AOE,6780,,0,738
TK,4951,STR,350,IST,1701,,0,320 321
TK,4951,HAJ,352,IST,1701,,0,321 739 738
TK,4951,FDH,382,IST,1701,,0,738
TK,4951,MAN,478,IST,1701,,0,321
TK,4951,EDI,535,IST,1701,,0,738 739
TK,4951,CPH,609,IST,1701,,0,738 321
TK,4951,OSL,644,IST,1701,,0,321 738
TK,4951,ARN,737,IST,1701,,0,738 321
TK,4951,CPT,797,JNB,813,,0,330
TK,4951,JNB,813,IST,1701,,0,330
TK,4951,SSG,891,ADD,1107,Y,0,763
TK,4951,DLA,897,SSG,891,Y,0,763
TK,4951,DLA,897,LBV,970,,0,739
TK,4951,DLA,897,ADD,1107,Y,0,763
TK,4951,DLA,897,IST,1701,,0,739
TK,4951,NDJ,999,IST,1701,,0,738 739
TK,4951,HRE,1005,LUN,907,Y,0,788
TK,4951,NKC,1094,DKR,1084,,0,739
TK,4951,CAI,1128,IST,1701,,0,320 738 321 739 319
TK,4951,HRG,1130,IST,1701,,0,738 320
TK,4951,BEN,1154,IST,1701,,0,738 739
TK,4951,TIP,1157,TUN,287,,0,33X
TK,4951,TIP,1157,IST,1701,,0,320 738
TK,4951,KGL,1165,EBB,1187,,0,739
TK,4951,JUB,1173,ADD,1107,Y,0,73W DH8
TK,4951,JUB,1173,CAI,1128,Y,0,320
TK,4951,DAR,1177,IST,1701,,0,739
TK,4951,SOF,1194,IST,1701,,0,738 320
TK,4951,ZAG,1208,IST,1701,,0,739 319 320 738
TK,4951,BIO,1216,IST,1701,,0,320
TK,4951,BCN,1218,IST,1701,,0,320 332 321 738 330
TK,4951,CDG,1382,IST,1701,,0,320 330 321 332 77W 738
TK,4951,CDG,1382,SAW,4317,,0,738
TK,4951,BSL,1423,IST,1701,,0,738
TK,4951,BUD,1489,IST,1701,,0,321 738 320 319 739
TK,4951,MXP,1524,IST,1701,,0,320 321 739
TK,4951,MXP,1524,SAW,4317,,0,738
TK,4951,GOA,1528,IST,1701,,0,738 739 330
TK,4951,BLQ,1538,IST,1701,,0,320 321
TK,4951,VCE,1551,IST,1701,,0,321 739 738 320 319
TK,4951,TLV,1590,IST,1701,,0,738 321 320 330 332 739 319
TK,4951,TLV,1590,SAW,4317,,0,738
TK,4951,MLA,1606,IST,1701,,0,319 738
TK,4951,MLA,1606,SAW,4317,Y,0,320
TK,4951,VIE,1613,ESB,1682,,0,738
TK,4951,SJJ,1646,SAW,4317,,0,738
TK,4951,CND,1651,IST,1701,,0,738 319
TK,4951,GVA,1665,IST,1701,,0,320 738 321
TK,4951,ESB,1682,KCO,,Y,0,73W
TK,4951,ESB,1682,MQM,6753,Y,0,738
TK,4951,ESB,1682,CKZ,6781,Y,0,73G
TK,4951,ESB,1682,MSR,6782,Y,0,738
TK,4951,ESB,1682,TEQ,6784,Y,0,73W
TK,4951,ESB,1682,IGD,9043,Y,0,738
TK,4951,ESB,1682,GNY,9044,Y,0,73W 738
TK,4951,ADA,1685,ESB,1682,Y,0,73W 738
TK,4951,ADA,1685,IST,1701,,0,319 738 320 321 73W 739
TK,4951,AYT,1688,EBL,3989,,0,738
TK,4951,GZT,1689,SAW,4317,Y,0,73G
TK,4951,KYA,1691,SAW,4317,Y,0,73W
TK,4951,MLX,1692,IST,1701,,0,738 320 319
TK,4951,VAS,1694,IST,1701,,0,320 319
TK,4951,ASR,1696,SAW,4317,Y,0,73W
TK,4951,IST,1701,NOP,,,0,319 320
TK,4951,IST,1701,YYZ,193,,0,763 77W
TK,4951,IST,1701,ORN,231,,0,738
TK,4951,IST,1701,LOS,273,,0,739
TK,4951,IST,1701,TUN,287,,0,739 321 738
TK,4951,IST,1701,BRU,302,,0,738 321 343 320 330
TK,4951,IST,1701,HAM,342,,0,321 320 738
TK,4951,IST,1701,NUE,347,,0,320 738
TK,4951,IST,1701,LEJ,348,,0,320
TK,4951,IST,1701,TXL,351,,0,738 320 321
TK,4951,IST,1701,BRE,353,,0,320
TK,4951,IST,1701,FDH,382,,0,738
TK,4951,IST,1701,HEL,421,,0,321
TK,4951,IST,1701,BHX,469,,0,739 738
TK,4951,IST,1701,LGW,502,,0,739 321 738
TK,4951,IST,1701,EDI,535,,0,738 739
TK,4951,IST,1701,AMS,580,,0,343 321 320 330
TK,4951,IST,1701,RTM,591,,0,320
TK,4951,IST,1701,BLL,608,,0,319 738
TK,4951,IST,1701,LUX,629,,0,73W 739 738
TK,4951,IST,1701,FIH,1020,,0,739
TK,4951,IST,1701,ADD,1107,,0,738
TK,4951,IST,1701,KGL,1165,,0,739
TK,4951,IST,1701,DAR,1177,,0,739
TK,4951,IST,1701,JRO,1180,,0,739
TK,4951,IST,1701,BCN,1218,,0,332 321 738 320 330
TK,4951,IST,1701,BSL,1423,,0,738
TK,4951,IST,1701,BUD,1489,,0,321 738 320 319 739
TK,4951,IST,1701,TLV,1590,,0,321 738 320 330 332 739 319
TK,4951,IST,1701,VIE,1613,,0,321 738 330 320
TK,4951,IST,1701,LIS,1638,,0,321 738
TK,4951,IST,1701,GVA,1665,,0,738 321 320
TK,4951,IST,1701,AYT,1688,,0,738 319 321 320 739
TK,4951,IST,1701,KYA,1691,,0,319 320 738
TK,4951,IST,1701,MLX,1692,,0,738 320 319
TK,4951,IST,1701,VAS,1694,,0,320 319
TK,4951,IST,1701,ASR,1696,,0,321 738 320 739 319 73W
TK,4951,IST,1701,EZS,1721,,0,320
TK,4951,IST,1701,DIY,1722,,0,319 738 321 320 73W
TK,4951,IST,1701,ERZ,1724,,0,321 738 320
TK,4951,IST,1701,TZX,1726,,0,320 321 319 738 73W
TK,4951,IST,1701,BAL,1729,,0,320 319
TK,4951,IST,1701,BEG,1739,,0,738 319 321
TK,4951,IST,1701,KBL,2050,,0,332
TK,4951,IST,1701,BAH,2057,,0,321
TK,4951,IST,1701,DMM,2064,,0,321
TK,4951,IST,1701,ELQ,2067,,0,319 73W
TK,4951,IST,1701,TBZ,2162,,0,738 319
TK,4951,IST,1701,AQJ,2172,,0,319
TK,4951,IST,1701,KWI,2176,,0,332 321 343
TK,4951,IST,1701,NRT,2279,,0,330 77W
TK,4951,IST,1701,GRU,2564,,0,343
TK,4951,IST,1701,GYD,2922,,0,321 738 320
TK,4951,IST,1701,KBP,2939,,0,321
TK,4951,IST,1701,ODS,2947,,0,738 739
TK,4951,IST,1701,LED,2948,,0,321 738
TK,4951,IST,1701,ROV,2964,,0,319
TK,4951,IST,1701,KZN,2990,,0,738 319
TK,4951,IST,1701,DAC,3076,,0,332
TK,4951,IST,1701,KUL,3304,,0,330
TK,4951,IST,1701,SIN,3316,,0,330
TK,4951,IST,1701,PVG,3406,,0,77W
TK,4951,IST,1701,LAX,3484,,0,77W
TK,4951,IST,1701,IAH,3550,,0,77W
TK,4951,IST,1701,RIX,3953,,0,320
TK,4951,IST,1701,KIX,3992,,0,330
TK,4951,IST,1701,BJV,4315,,0,738 321 320
TK,4951,IST,1701,MHD,4331,,0,319 73W
TK,4951,IST,1701,ADF,5800,,0,738 320
TK,4951,IST,1701,MRA,5804,,0,319
TK,4951,IST,1701,MQM,6753,,0,320
TK,4951,IST,1701,MSR,6782,,0,320
TK,4951,IST,1701,HTY,7453,,0,73W 738 320 321
TK,4951,IST,1701,GNY,9044,,0,320
TK,4951,IST,1701,BGG,9272,,0,319
TK,4951,IST,1701,KFS,9273,,0,319 738
TK,4951,IST,1701,DOH,11051,,0,738 321
TK,4951,ADB,1706,SAW,4317,,0,738 320
TK,4951,DLM,1715,IST,1701,,0,320 321 738
TK,4951,VAN,1728,ESB,1682,Y,0,738
TK,4951,VAN,1728,IST,1701,,0,320 319 73W
TK,4951,VAN,1728,SAW,4317,Y,0,738
TK,4951,SKP,1737,IST,1701,,0,319
TK,4951,BAH,2057,IST,1701,,0,321
TK,4951,TIF,2090,IST,1701,,0,319
TK,4951,YNB,2096,IST,1701,,0,320 321
TK,4951,IFN,2121,IST,1701,,0,738
TK,4951,TBZ,2162,IST,1701,,0,738 319
TK,4951,AQJ,2172,IST,1701,,0,319
TK,4951,KWI,2176,SAW,4317,,0,738
TK,4951,BEY,2177,IST,1701,,0,321 739 738
TK,4951,DXB,2188,IST,1701,,0,332 343 77W 321
TK,4951,LHE,2207,IST,1701,,0,738
TK,4951,HIJ,2326,ICN,3930,,0,321
TK,4951,GRU,2564,IST,1701,,0,343
TK,4951,TSE,2910,IST,1701,,0,320 738
TK,4951,FRU,2912,ULN,3380,,0,738
TK,4951,OSS,2913,IST,1701,,0,319
TK,4951,GYD,2922,IST,1701,,0,321 738 320
TK,4951,MSQ,2954,IST,1701,,0,320
TK,4951,STW,2963,SAW,4317,,0,320
TK,4951,AER,2965,IST,1701,,0,321
TK,4951,DYU,2979,IST,1701,,0,321
TK,4951,TAS,2983,IST,1701,,0,321
TK,4951,VKO,2988,IST,1701,,0,738 321
TK,4951,KZN,2990,IST,1701,,0,319 738
TK,4951,BOM,2997,IST,1701,,0,77W
TK,4951,DEL,3093,IST,1701,,0,330
TK,4951,KTM,3125,IST,1701,,0,330 332
TK,4951,MLE,3156,CMB,3024,,0,330
TK,4951,PER,3351,BKK,3885,Y,0,330
TK,4951,PEK,3364,IST,1701,,0,77W
TK,4951,CAN,3370,IST,1701,,0,330 343
TK,4951,IAH,3550,MSY,3861,Y,0,320
TK,4951,ATL,3682,YYZ,193,Y,0,CRA
TK,4951,BKK,3885,BNE,3320,Y,0,773
TK,4951,BKK,3885,MEL,3339,Y,0,777
TK,4951,BKK,3885,PER,3351,Y,0,330
TK,4951,BKK,3885,SYD,3361,Y,0,747
TK,4951,ICN,3930,IST,1701,,0,343 330
TK,4951,ICN,3930,VVO,2934,,0,321
TK,4951,RIX,3953,IST,1701,,0,320
TK,4951,TBS,3973,SAW,4317,,0,738
TK,4951,EBL,3989,IST,1701,,0,321
TK,4951,SSH,4057,IST,1701,,0,738 319
TK,4951,NBO,4059,IST,1701,,0,738
TK,4951,OVB,4078,IST,1701,,0,738
TK,4951,JIB,4119,IST,1701,,0,320
TK,4951,BJV,4315,ESB,1682,Y,0,73G
TK,4951,BJV,4315,SAW,4317,,0,738
TK,4951,SAW,4317,BRU,302,,0,738
TK,4951,SAW,4317,FRA,340,,0,738
TK,4951,SAW,4317,MUC,346,,0,738
TK,4951,SAW,4317,LGW,502,,0,738
TK,4951,SAW,4317,ADA,1685,Y,0,738
TK,4951,SAW,4317,EZS,1721,Y,0,73W
TK,4951,SAW,4317,ERZ,1724,Y,0,73W 738
TK,4951,SAW,4317,KBP,2939,,0,738
TK,4951,SAW,4317,TBS,3973,,0,738
TK,4951,SAW,4317,BJV,4315,,0,738
TK,4951,SAW,4317,ECN,5780,,0,738
TK,4951,IKA,4330,IST,1701,,0,332 321 738 739
TK,4951,IKA,4330,SAW,4317,,0,738
TK,4951,MGQ,5687,JIB,4119,,0,320
TK,4951,ECN,5780,IST,1701,,0,738 321 320
TK,4951,KSY,5796,ESB,1682,Y,0,738
TK,4951,KSY,5796,SAW,4317,Y,0,738
TK,4951,AJI,5799,ESB,1682,Y,0,73W
TK,4951,KVD,6089,IST,1701,,0,319 738
TK,4951,NAJ,6090,KVD,6089,,0,319
TK,4951,MQM,6753,ESB,1682,Y,0,738
TK,4951,MQM,6753,IST,1701,,0,320
TK,4951,AOE,6780,BRU,302,,0,738
TK,4951,TEQ,6784,ESB,1682,Y,0,73W
TK,4951,HTY,7453,IST,1701,,0,73W 738 320 321
TK,4951,HTY,7453,SAW,4317,Y,0,73W
TK,4951,GZP,8266,ESB,1682,Y,0,73G
TK,4951,IGD,9043,IST,1701,,0,320
TK,4951,GNY,9044,IST,1701,,0,320
TK,4951,KZR,9045,IST,1701,,0,319 738
TK,4951,BGG,9272,ESB,1682,Y,0,738
TK,4951,KFS,9273,IST,1701,,0,319 738
T7,4965,TLS,1273,ETZ,1320,,0,BEH
T7,4965,PUF,1274,MRS,1353,,0,BEH
T7,4965,PGX,1279,ORY,1386,,0,BEH
T7,4965,ETZ,1320,MRS,1353,,0,BEH
T7,4965,MRS,1353,PUF,1274,,0,BEH
T7,4965,MRS,1353,ETZ,1320,,0,BEH
T7,4965,MRS,1353,GVA,1665,,0,BEH
T7,4965,GVA,1665,MRS,1353,,0,BEH
3P,5002,LSP,2844,AUA,2895,,0,SH6
3P,5002,BON,2896,CUR,2897,,0,SH6
TOM,5013,BHX,469,TFS,1056,,0,75W
TOM,5013,BHX,469,DLM,1715,,0,73H
TOM,5013,BHX,469,PMI,3998,,0,75W 73H
TOM,5013,BHX,469,NBE,7447,,0,75W
TOM,5013,MAN,478,LPA,1054,,0,75W
TOM,5013,MAN,478,TFS,1056,,0,75W 73H
TOM,5013,MAN,478,AGA,1064,,0,73H
TOM,5013,MAN,478,RAK,1075,,0,73H
TOM,5013,MAN,478,BVC,1103,,0,75W
TOM,5013,MAN,478,LCA,1197,,0,73H
TOM,5013,MAN,478,RHO,1472,,0,75W
TOM,5013,MAN,478,PMI,3998,,0,73H
TOM,5013,MAN,478,SSH,4057,,0,73H
TOM,5013,LGW,502,FUE,1051,,0,75W
TOM,5013,LGW,502,LPA,1054,,0,75W
TOM,5013,LGW,502,RHO,1472,,0,73H
TOM,5013,LGW,502,CUN,1852,,0,788
TOM,5013,LGW,502,SSH,4057,,0,75W 73H
TOM,5013,NCL,521,TFS,1056,,0,73H
TOM,5013,NCL,521,DLM,1715,,0,73H
TOM,5013,EMA,523,TFS,1056,,0,73H
TOM,5013,EMA,523,PMI,3998,,0,73H
TOM,5013,EMA,523,NBE,7447,,0,73H
TOM,5013,GLA,534,TFS,1056,,0,75W
TOM,5013,GLA,534,FNC,4091,,0,75W
TOM,5013,STN,548,ACE,1055,,0,73H
TOM,5013,STN,548,PMI,3998,,0,73H
TOM,5013,FUE,1051,BHX,469,,0,75W
TOM,5013,FUE,1051,LGW,502,,0,75W
TOM,5013,FUE,1051,EMA,523,,0,73H
TOM,5013,LPA,1054,LGW,502,,0,75W
TOM,5013,ACE,1055,BHX,469,,0,75W
TOM,5013,ACE,1055,NCL,521,,0,73H
TOM,5013,ACE,1055,STN,548,,0,73H
TOM,5013,TFS,1056,CWL,488,,0,73H
TOM,5013,TFS,1056,BRS,490,,0,75W
TOM,5013,TFS,1056,EMA,523,,0,73H
TOM,5013,TFS,1056,STN,548,,0,73H
TOM,5013,AGA,1064,LGW,502,,0,73H
TOM,5013,SID,1102,MAN,478,,0,75W
TOM,5013,SID,1102,LGW,502,,0,75W
TOM,5013,BVC,1103,MAN,478,,0,75W
TOM,5013,HRG,1130,MAN,478,,0,75W
TOM,5013,RHO,1472,LGW,502,,0,73H
TOM,5013,NAP,1561,MAN,478,,0,73H
TOM,5013,AYT,1688,BHX,469,,0,73H
TOM,5013,DLM,1715,BHX,469,,0,73H
TOM,5013,CUN,1852,MAN,478,,0,76W 788
TOM,5013,PMI,3998,EMA,523,,0,73H
TOM,5013,PMI,3998,GLA,534,,0,75W
TOM,5013,PMI,3998,EXT,552,,0,73H
TOM,5013,SSH,4057,BHX,469,,0,75W
TOM,5013,SSH,4057,MAN,478,,0,73H
TOM,5013,DSA,5562,PMI,3998,,0,73H
PM,5016,LPA,1054,ACE,1055,,0,AT4
PM,5016,LPA,1054,TFN,1057,,0,AT4
PM,5016,LPA,1054,NDB,1097,,0,SWM AT4
PM,5016,TFN,1057,SPC,1053,,0,AT4
PM,5016,VIL,5670,LPA,1054,,0,AT4
GE,5038,KNH,2259,KHH,2264,,0,AT7
GE,5038,KHH,2264,KNH,2259,,0,AT7
GE,5038,KHH,2264,CSX,3371,,0,320
GE,5038,RMQ,2268,HUN,2278,,0,AT7
GE,5038,RMQ,2268,MFM,3121,,0,320
GE,5038,RMQ,2268,NNG,3373,,0,320
GE,5038,MZG,2272,KNH,2259,,0,AT7
GE,5038,MZG,2272,TSA,2275,,0,AT7
GE,5038,TSA,2275,KNH,2259,,0,AT7
GE,5038,TSA,2275,MZG,2272,,0,AT7
GE,5038,TSA,2275,HUN,2278,,0,AT7
GE,5038,TSA,2275,HGH,3386,,0,321
GE,5038,TPE,2276,ROR,2256,,0,320
GE,5038,TPE,2276,HKD,2288,,0,330
GE,5038,TPE,2276,PVG,3406,,0,330
GE,5038,TPE,2276,BKK,3885,,0,330
GE,5038,TPE,2276,CNX,3931,,0,321
GE,5038,TPE,2276,XUZ,4149,,0,321
GE,5038,HUN,2278,RMQ,2268,,0,AT7
GE,5038,AKJ,2299,TPE,2276,,0,330
GE,5038,CJU,2370,TPE,2276,,0,320
GE,5038,REP,3035,TPE,2276,,0,321
GE,5038,MFM,3121,KHH,2264,,0,320
GE,5038,NNG,3373,KHH,2264,,0,320
GE,5038,WUH,3376,TSA,2275,,0,321
GE,5038,HGH,3386,TSA,2275,,0,321
GE,5038,HFE,3389,KHH,2264,,0,320
GE,5038,HFE,3389,TSA,2275,,0,321
GE,5038,PVG,3406,RMQ,2268,,0,321
GE,5038,PVG,3406,TPE,2276,,0,330
GE,5038,CNX,3931,TPE,2276,,0,321
GE,5038,KIX,3992,TPE,2276,,0,330 321
GE,5038,XUZ,4149,KHH,2264,,0,320
GE,5038,DYG,6353,TPE,2276,,0,321
HV,5039,TXL,351,EIN,585,,0,73W
HV,5039,AMS,580,SPC,1053,,0,73H
HV,5039,AMS,580,ACE,1055,,0,73H
HV,5039,AMS,580,TFS,1056,,0,73W 73H
HV,5039,AMS,580,CMN,1074,,0,73W 73H
HV,5039,AMS,580,RAK,1075,,0,73H
HV,5039,AMS,580,AGP,1230,,0,73H 73W
HV,5039,AMS,580,VLC,1246,,0,73H 73W
HV,5039,AMS,580,KIT,1454,,0,73W
HV,5039,AMS,580,CFU,1460,,0,73H
HV,5039,AMS,580,BRI,1501,,0,73H 73W
HV,5039,AMS,580,FAO,1626,,0,73H
HV,5039,AMS,580,OPO,1636,,0,73W 73H
HV,5039,AMS,580,LIS,1638,,0,73H 73W
HV,5039,AMS,580,PMI,3998,,0,73H 73W
HV,5039,AMS,580,SAW,4317,,0,73H 73W
HV,5039,MST,582,AYT,1688,,0,73H
HV,5039,EIN,585,LPA,1054,,0,73W
HV,5039,EIN,585,BCN,1218,,0,73W 73H
HV,5039,EIN,585,IBZ,1225,,0,73W 73H
HV,5039,EIN,585,VLC,1246,,0,73H 73W
HV,5039,EIN,585,NAP,1561,,0,73W
HV,5039,EIN,585,AYT,1688,,0,73W
HV,5039,EIN,585,DLM,1715,,0,73H
HV,5039,EIN,585,ATH,3941,,0,73H 73W
HV,5039,GRQ,586,FAO,1626,,0,73H
HV,5039,GRQ,586,PMI,3998,,0,73H
HV,5039,RTM,591,RAK,1075,,0,73W
HV,5039,RTM,591,SPU,1206,,0,73W
HV,5039,RTM,591,BCN,1218,,0,73H 73W
HV,5039,RTM,591,GRO,1222,,0,73H 73W
HV,5039,RTM,591,MAD,1229,,0,73H 73W
HV,5039,RTM,591,VLC,1246,,0,73W 73H
HV,5039,RTM,591,FAO,1626,,0,73H 73W
HV,5039,FUE,1051,ACE,1055,,0,73H
HV,5039,ACE,1055,AMS,580,,0,73H
HV,5039,CMN,1074,AMS,580,,0,73W 73H
HV,5039,RAK,1075,AMS,580,,0,73H
HV,5039,RAK,1075,RTM,591,,0,73W
HV,5039,SID,1102,AMS,580,,0,73H
HV,5039,ALC,1212,AMS,580,,0,73H 73W
HV,5039,ALC,1212,EIN,585,,0,73W 73H
HV,5039,ALC,1212,RTM,591,,0,73H 73W
HV,5039,BCN,1218,EIN,585,,0,73W 73H
HV,5039,GRO,1222,RTM,591,,0,73H 73W
HV,5039,MAD,1229,RTM,591,,0,73H 73W
HV,5039,VLC,1246,AMS,580,,0,73H 73W
HV,5039,NCE,1354,RTM,591,,0,73W 73H
HV,5039,JKH,1450,MJT,1469,,0,73W
HV,5039,HER,1452,RTM,591,,0,73H
HV,5039,KLX,1456,AMS,580,,0,73W
HV,5039,KGS,1458,AMS,580,,0,73H
HV,5039,CFU,1460,AMS,580,,0,73H
HV,5039,CFU,1460,EFL,1455,,0,73H
HV,5039,RHO,1472,EIN,585,,0,73H
HV,5039,CHQ,1474,AMS,580,,0,73H
HV,5039,CHQ,1474,ZTH,1488,,0,73H
HV,5039,JTR,1479,AMS,580,,0,73H
HV,5039,BUD,1489,RTM,591,,0,73W 73H
HV,5039,BRI,1501,AMS,580,,0,73H 73W
HV,5039,SUF,1508,CTA,1509,,0,73H
HV,5039,OLB,1520,AMS,580,,0,73H
HV,5039,BLQ,1538,EIN,585,,0,73W
HV,5039,VCE,1551,EIN,585,,0,73W
HV,5039,PRG,1587,RTM,591,,0,73W 73H
HV,5039,MLA,1606,AMS,580,,0,73H
HV,5039,INN,1610,AMS,580,,0,73H
HV,5039,FAO,1626,EIN,585,,0,73H 73W
HV,5039,FAO,1626,SID,1102,,0,73H
HV,5039,OPO,1636,AMS,580,,0,73W 73H
HV,5039,AYT,1688,GRQ,586,,0,73H
HV,5039,AYT,1688,RTM,591,,0,73W 73H
HV,5039,EBL,3989,AMS,580,,0,73H
HV,5039,PMI,3998,AMS,580,,0,73H 73W
HV,5039,PMI,3998,RTM,591,,0,73H
HV,5039,FNC,4091,AMS,580,,0,73H
HV,5039,BJV,4315,AMS,580,,0,73H
HV,5039,BJV,4315,EIN,585,,0,73H
HV,5039,NBE,7447,AMS,580,,0,73H
VR,5041,SID,1102,AMS,580,,0,738
VR,5041,SID,1102,BVC,1103,,0,AT7
VR,5041,SID,1102,LIS,1638,,0,752
VR,5041,BVC,1103,RAI,5674,,0,AT7
VR,5041,SNE,1105,VXE,1106,,0,AT7
VR,5041,VXE,1106,SNE,1105,,0,AT7
VR,5041,VXE,1106,RAI,5674,,0,AT7 738
VR,5041,LIS,1638,BVC,1103,,0,738
VR,5041,LIS,1638,RAI,5674,,0,738
VR,5041,FOR,2559,RAI,5674,,0,752
VR,5041,RAI,5674,VXE,1106,,0,AT7
VR,5041,RAI,5674,CDG,1382,,0,752
VR,5041,RAI,5674,BOS,3448,,0,752
UN,5067,FRA,340,VKO,2988,,0,738 73G
UN,5067,LGW,502,DME,4029,,0,320
UN,5067,LHR,507,ABZ,532,,0,333
UN,5067,LHR,507,SFO,3469,Y,0,744
UN,5067,ABZ,532,LHR,507,,0,333
UN,5067,JNB,813,LHR,507,,0,346
UN,5067,HRG,1130,SVO,2985,,0,744
UN,5067,HRG,1130,DME,4029,,0,T20 744
UN,5067,LCA,1197,LED,2948,,0,733 744 763
UN,5067,AGP,1230,VKO,2988,,0,738
UN,5067,HER,1452,DME,4029,,0,734 772
UN,5067,RHO,1472,LED,2948,,0,733 744
UN,5067,RHO,1472,DME,4029,,0,734 763
UN,5067,MXP,1524,VKO,2988,,0,73G 738
UN,5067,MXP,1524,DME,4029,,0,735
UN,5067,RMI,1546,DME,4029,,0,763
UN,5067,VCE,1551,VKO,2988,,0,738
UN,5067,PED,1584,LED,2948,,0,733
UN,5067,PED,1584,DME,4029,,0,735
UN,5067,VIE,1613,VKO,2988,,0,738 73G
UN,5067,DLM,1715,VKO,2988,,0,74E
UN,5067,PUJ,1760,SVO,2985,,0,744
UN,5067,PUJ,1760,DME,4029,,0,772
UN,5067,CUN,1852,VKO,2988,,0,74E
UN,5067,VRA,1923,DME,4029,,0,763
UN,5067,TPE,2276,BKK,3885,,0,333
UN,5067,BQS,2926,DME,4029,,0,762
UN,5067,KHV,2927,DME,4029,,0,773
UN,5067,IKT,2937,VKO,2988,,0,738
UN,5067,ODS,2947,VKO,2988,,0,73G
UN,5067,LED,2948,LCA,1197,,0,733 744 763
UN,5067,LED,2948,MXP,1524,,0,735
UN,5067,LED,2948,PUJ,1760,,0,763
UN,5067,LED,2948,DME,4029,,0,735
UN,5067,LED,2948,NBE,7447,,0,763
UN,5067,MSQ,2954,LED,2948,Y,0,735
UN,5067,KRR,2960,VKO,2988,,0,73G
UN,5067,MRV,2962,DME,4029,,0,735
UN,5067,ROV,2964,DME,4029,,0,735
UN,5067,AER,2965,VKO,2988,,0,73G
UN,5067,SVX,2975,VKO,2988,,0,73G 738
UN,5067,TAS,2983,VKO,2988,,0,772
UN,5067,SVO,2985,HRG,1130,,0,744
UN,5067,SVO,2985,RHO,1472,,0,744
UN,5067,SVO,2985,PUJ,1760,,0,744
UN,5067,SVO,2985,SSH,4057,,0,744
UN,5067,VKO,2988,LHR,507,,0,73H 73G 763 738
UN,5067,VKO,2988,HRG,1130,,0,738
UN,5067,VKO,2988,HER,1452,,0,738 777
UN,5067,VKO,2988,MXP,1524,,0,73G 738
UN,5067,VKO,2988,VCE,1551,,0,738
UN,5067,VKO,2988,TLV,1590,,0,73H 73G 738
UN,5067,VKO,2988,IST,1701,,0,73G 738
UN,5067,VKO,2988,ALA,2908,,0,73H
UN,5067,VKO,2988,CIT,2914,,0,738 73G
UN,5067,VKO,2988,IEV,2944,,0,73G
UN,5067,VKO,2988,LED,2948,,0,73G 738
UN,5067,VKO,2988,AER,2965,,0,73G
UN,5067,VKO,2988,SVX,2975,,0,73G
UN,5067,VKO,2988,KUF,2993,,0,738
UN,5067,VKO,2988,PEK,3364,,0,763
UN,5067,VKO,2988,MIA,3576,,0,777
UN,5067,VKO,2988,RIX,3953,,0,73G
UN,5067,VKO,2988,NSK,4352,,0,738
UN,5067,VKO,2988,NUX,4364,,0,738 73G
UN,5067,VKO,2988,DWC,8076,,0,777 763
UN,5067,KZN,2990,DME,4029,,0,735
UN,5067,UFA,2992,DME,4029,,0,735
UN,5067,KUF,2993,DME,4029,,0,735
UN,5067,KUF,2993,DWC,8076,,0,738
UN,5067,GOI,3007,DME,4029,,0,773
UN,5067,HKT,3179,SVX,2975,,0,763
UN,5067,HKT,3179,VKO,2988,,0,74E
UN,5067,HKT,3179,OVB,4078,,0,763
UN,5067,SGN,3205,DME,4029,,0,763
UN,5067,SIN,3316,DME,4029,Y,0,77W
UN,5067,PEK,3364,VKO,2988,,0,763
UN,5067,BOS,3448,LHR,507,Y,0,333
UN,5067,LAX,3484,LHR,507,Y,0,346
UN,5067,IAH,3550,DME,4029,Y,0,77W
UN,5067,JFK,3797,VKO,2988,,0,777
UN,5067,DME,4029,LGW,502,,0,320
UN,5067,DME,4029,TFS,1056,,0,772 763
UN,5067,DME,4029,HER,1452,,0,734 772
UN,5067,DME,4029,RHO,1472,,0,734 763
UN,5067,DME,4029,MXP,1524,,0,735
UN,5067,DME,4029,RMI,1546,,0,763
UN,5067,DME,4029,VIE,1613,Y,0,32S
UN,5067,DME,4029,TSE,2910,,0,735
UN,5067,DME,4029,BQS,2926,,0,762
UN,5067,DME,4029,IEV,2944,,0,735
UN,5067,DME,4029,OMS,2958,,0,735 734
UN,5067,DME,4029,KRR,2960,,0,735
UN,5067,DME,4029,STW,2963,,0,735
UN,5067,DME,4029,PEE,2973,,0,735
UN,5067,DME,4029,BHK,2980,,0,T20
UN,5067,DME,4029,GOI,3007,,0,773
UN,5067,DME,4029,RIX,3953,,0,DH4
UN,5067,DME,4029,VNO,3959,,0,735
UN,5067,DME,4029,SSH,4057,,0,772
UN,5067,DME,4029,OVB,4078,,0,735 734 763
UN,5067,DME,4029,HMA,6138,,0,735
UN,5067,DME,4029,NBE,7447,,0,744
UN,5067,DME,4029,DWC,8076,,0,773
UN,5067,SSH,4057,VKO,2988,,0,738
UN,5067,NUX,4364,DME,4029,,0,734 735
UN,5067,DYR,6098,DME,4029,,0,772
UN,5067,NBE,7447,LED,2948,,0,763
UN,5067,NBE,7447,SVO,2985,,0,744
UN,5067,DWC,8076,OMS,2958,,0,738
UN,5067,DWC,8076,VKO,2988,,0,777 763
UN,5067,DWC,8076,KUF,2993,,0,738
UN,5067,DWC,8076,OVB,4078,,0,738
T5,5083,BHX,469,ASB,2976,,0,752
T5,5083,ASB,2976,FRA,340,,0,738
T5,5083,ASB,2976,LHR,507,,0,752
T5,5083,ASB,2976,IST,1701,,0,738 752
T5,5083,ASB,2976,DEL,3093,,0,733
T5,5083,ATQ,3081,ASB,2976,,0,752
T5,5083,DME,4029,ASB,2976,,0,752 738
UG,5085,MIR,286,TIP,1157,,0,CR9
UG,5085,TUN,287,GAE,291,,0,AT7
UG,5085,TUN,287,MLA,1606,,0,AT7
UG,5085,GAE,291,TUN,287,,0,ATR
UG,5085,GAE,291,TOE,296,,0,AT7
UG,5085,TOE,296,TUN,287,,0,AT7
UG,5085,TIP,1157,MIR,286,,0,CR9
QS,5097,BRU,302,PRG,1587,,0,319
QS,5097,FRA,340,PRG,1587,,0,AT7 319
QS,5097,DUS,345,PRG,1587,,0,319 AT7
QS,5097,CPH,609,PRG,1587,,0,319
QS,5097,LPA,1054,PRG,1587,,0,738
QS,5097,BCN,1218,PRG,1587,,0,319 738
QS,5097,NCE,1354,PRG,1587,,0,319
QS,5097,CDG,1382,OSR,1582,,0,738
QS,5097,BUD,1489,PRG,1587,,0,AT7
QS,5097,MXP,1524,PRG,1587,,0,319
QS,5097,PRG,1587,BRU,302,,0,319
QS,5097,PRG,1587,HAM,342,,0,319 AT7
QS,5097,PRG,1587,DUS,345,,0,319 AT7
QS,5097,PRG,1587,CPH,609,,0,319
QS,5097,PRG,1587,SPU,1206,,0,738
QS,5097,PRG,1587,BCN,1218,,0,319 738
QS,5097,PRG,1587,VLC,1246,,0,738
QS,5097,PRG,1587,NCE,1354,,0,319
QS,5097,PRG,1587,SXB,1435,,0,AT4
QS,5097,PRG,1587,BUD,1489,,0,AT7
QS,5097,PRG,1587,FCO,1555,,0,738 320 319
QS,5097,PRG,1587,OSR,1582,,0,AT4
QS,5097,PRG,1587,OTP,1657,,0,319
QS,5097,ZRH,1678,PRG,1587,,0,AT7
QS,5097,PMI,3998,PRG,1587,,0,738
DT,5133,CAB,946,LAD,951,,0,732 73G
DT,5133,CAB,946,SZA,958,,0,73G
DT,5133,NOV,948,VPE,5632,,0,73G
DT,5133,LAD,951,JNB,813,,0,772
DT,5133,LAD,951,CAB,946,,0,73G 732
DT,5133,LAD,951,NOV,948,,0,73G
DT,5133,LAD,951,SPP,953,,0,73G
DT,5133,LAD,951,VHC,957,,0,73G 732
DT,5133,LAD,951,SZA,958,,0,732 73G
DT,5133,LAD,951,SDD,959,,0,73G
DT,5133,LAD,951,TMS,973,,0,73G
DT,5133,LAD,951,LIS,1638,,0,77W
DT,5133,LAD,951,MSZ,5633,,0,73G
DT,5133,MEG,952,LAD,951,,0,73G
DT,5133,SPP,953,NOV,948,,0,73G
DT,5133,SZA,958,CAB,946,,0,732 73G
DT,5133,SZA,958,LAD,951,,0,73G
DT,5133,SDD,959,LAD,951,,0,73G
DT,5133,TMS,973,LAD,951,,0,73G
DT,5133,TMS,973,RAI,5674,,0,73G
DT,5133,HRE,1005,LUN,907,,0,73G
DT,5133,LIS,1638,LAD,951,,0,77W
DT,5133,WDH,4105,LAD,951,,0,73G
DT,5133,VPE,5632,NOV,948,,0,73G
PZ,5156,GIG,2560,EZE,3988,,0,320
PZ,5156,GRU,2564,MVD,2816,,0,320
PZ,5156,SCL,2650,ASU,2699,,0,320
PZ,5156,ASU,2699,GRU,2564,,0,320
PZ,5156,ASU,2699,SCL,2650,,0,320
PZ,5156,ASU,2699,EZE,3988,,0,320
PZ,5156,VVI,2771,ASU,2699,,0,320
PZ,5156,AGT,4305,GRU,2564,,0,320
RO,5179,BRU,302,OTP,1657,,0,318 733
RO,5179,LTN,492,IAS,1655,,0,733
RO,5179,BCN,1218,OTP,1657,,0,73W
RO,5179,MAD,1229,OTP,1657,,0,73H
RO,5179,SKG,1486,OTP,1657,,0,AT5
RO,5179,TRN,1526,IAS,1655,,0,733
RO,5179,LIN,1529,OTP,1657,Y,0,32S
RO,5179,BLQ,1538,IAS,1655,,0,733
RO,5179,FCO,1555,IAS,1655,,0,733
RO,5179,TLV,1590,IAS,1655,,0,733
RO,5179,TLV,1590,OTP,1657,,0,310 733
RO,5179,VIE,1613,IAS,1655,Y,0,DH4
RO,5179,VIE,1613,OTP,1657,,0,318 73W 733
RO,5179,VIE,1613,SBZ,1658,Y,0,DH4
RO,5179,BAY,1649,OTP,1657,,0,AT5
RO,5179,CLJ,1652,PRG,1587,,0,AT5
RO,5179,CLJ,1652,VIE,1613,,0,AT5
RO,5179,IAS,1655,TRN,1526,,0,733
RO,5179,IAS,1655,FCO,1555,,0,733
RO,5179,IAS,1655,OTP,1657,,0,AT7 AT5
RO,5179,OMR,1656,OTP,1657,,0,AT5
RO,5179,OTP,1657,LHR,507,,0,318
RO,5179,OTP,1657,WAW,679,,0,E70
RO,5179,OTP,1657,SOF,1194,,0,AT5
RO,5179,OTP,1657,LCA,1197,,0,318
RO,5179,OTP,1657,BCN,1218,,0,73W
RO,5179,OTP,1657,NCE,1354,,0,733
RO,5179,OTP,1657,SKG,1486,,0,AT5
RO,5179,OTP,1657,LIN,1529,Y,0,32S
RO,5179,OTP,1657,BAY,1649,,0,AT5
RO,5179,OTP,1657,SUJ,1659,,0,AT5
RO,5179,OTP,1657,GVA,1665,,0,733 318
RO,5179,OTP,1657,IST,1701,,0,318
RO,5179,OTP,1657,DXB,2188,,0,73W
RO,5179,SBZ,1658,VIE,1613,Y,0,DH4
RO,5179,SUJ,1659,OTP,1657,,0,AT5
RO,5179,BEY,2177,OTP,1657,,0,733
RO,5179,DXB,2188,OTP,1657,,0,73W
RO,5179,ATH,3941,OTP,1657,,0,73W
8R,5188,PRA,2439,AEP,2442,,0,SF3
8R,5188,ROS,2440,COR,2443,,0,SF3
8R,5188,CRD,2487,REL,2490,,0,SF3
8R,5188,EQS,2488,BRC,2513,,0,SF3
8R,5188,REL,2490,EQS,2488,,0,SF3
8R,5188,REL,2490,BRC,2513,,0,SF3
8R,5188,BHI,2501,MDQ,2508,,0,SF3
8R,5188,MDQ,2508,AEP,2442,,0,SF3
8R,5188,BRC,2513,CRD,2487,,0,SF3
8R,5188,PDP,6777,ROS,2440,,0,SF3
UA,5209,YEG,49,DEN,3751,,0,319
UA,5209,YEG,49,ORD,3830,Y,0,E70 CR7
UA,5209,YHZ,73,BOS,3448,Y,0,CRJ
UA,5209,YHZ,73,EWR,3494,Y,0,ERJ
UA,5209,YLW,87,LAX,3484,Y,0,CR7
UA,5209,YMM,90,DEN,3751,Y,0,CR7
UA,5209,YOW,100,IAD,3714,Y,0,ERJ
UA,5209,YQR,120,DEN,3751,Y,0,CRJ
UA,5209,YQR,120,ORD,3830,Y,0,CRJ
UA,5209,YUL,146,GVA,1665,Y,0,333
UA,5209,YUL,146,IAH,3550,Y,0,E70
UA,5209,YUL,146,DEN,3751,Y,0,E90
UA,5209,YUL,146,ORD,3830,Y,0,ERJ CR7 E75 E70 CRJ
UA,5209,YVR,156,SEA,3577,Y,0,DH3
UA,5209,YVR,156,PDX,3720,Y,0,DH3
UA,5209,YVR,156,DEN,3751,,0,320 319 73G 739
UA,5209,YWG,160,DEN,3751,Y,0,ERJ CRJ
UA,5209,YWG,160,ORD,3830,Y,0,CRJ ERJ
UA,5209,YXE,166,DEN,3751,Y,0,ERJ
UA,5209,YYC,178,SFO,3469,Y,0,CR7
UA,5209,YYJ,184,SFO,3469,Y,0,CRJ
UA,5209,YYT,189,EWR,3494,,0,319
UA,5209,YYZ,193,YUL,146,Y,0,333
UA,5209,YYZ,193,LAX,3484,Y,0,321 320
UA,5209,YYZ,193,EWR,3494,Y,0,E75 ERJ DH4 CRA E90
UA,5209,YYZ,193,PIT,3570,Y,0,DH1
UA,5209,YYZ,193,DFW,3670,Y,0,E75
UA,5209,YYZ,193,ATL,3682,Y,0,CRA CRJ
UA,5209,YYZ,193,DEN,3751,Y,0,E90 CR7
UA,5209,YYZ,193,PHL,3752,Y,0,E75
UA,5209,YYZ,193,ORD,3830,,0,320 73G 319
UA,5209,COO,245,ABJ,253,Y,0,332
UA,5209,OUA,246,ABJ,253,Y,0,333
UA,5209,ABJ,253,OUA,246,Y,0,333
UA,5209,LOS,273,PHC,275,Y,0,333
UA,5209,LOS,273,FRA,340,Y,0,333
UA,5209,BRU,302,COO,245,Y,0,332
UA,5209,BRU,302,HAJ,352,Y,0,DH4
UA,5209,BRU,302,BHX,469,Y,0,DH4
UA,5209,BRU,302,GOT,687,Y,0,DH4
UA,5209,BRU,302,DLA,897,Y,0,332 333
UA,5209,BRU,302,FNA,1059,Y,0,333
UA,5209,BRU,302,DKR,1084,Y,0,333
UA,5209,BRU,302,BJM,1120,Y,0,332
UA,5209,BRU,302,IAD,3714,,0,777 332
UA,5209,BRU,302,NSI,4161,Y,0,332
UA,5209,FRA,340,MIA,3576,Y,0,388
UA,5209,FRA,340,DTW,3645,Y,0,343
UA,5209,HAM,342,EWR,3494,,0,752
UA,5209,DUS,345,ORD,3830,Y,0,343
UA,5209,MUC,346,BOS,3448,Y,0,333
UA,5209,MUC,346,LAX,3484,Y,0,346
UA,5209,MUC,346,EWR,3494,,0,764
UA,5209,MUC,346,IAH,3550,,0,764
UA,5209,MUC,346,IAD,3714,,0,764
UA,5209,MUC,346,ORD,3830,,0,763 777
UA,5209,TXL,351,EWR,3494,,0,752
UA,5209,HAJ,352,BRU,302,Y,0,DH4
UA,5209,BFS,465,EWR,3494,,0,752
UA,5209,BHX,469,BRU,302,Y,0,DH4
UA,5209,BHX,469,EWR,3494,,0,752
UA,5209,MAN,478,EWR,3494,,0,752
UA,5209,LHR,507,IAH,3550,,0,763 788
UA,5209,GLA,534,EWR,3494,,0,752
UA,5209,EDI,535,BRU,302,Y,0,DH4
UA,5209,EDI,535,EWR,3494,,0,752
UA,5209,AMS,580,EWR,3494,,0,752 763
UA,5209,AMS,580,IAD,3714,,0,763
UA,5209,AMS,580,ORD,3830,,0,763
UA,5209,DUB,599,IAD,3714,,0,752
UA,5209,DUB,599,JFK,3797,Y,0,330
UA,5209,GOT,687,ARN,737,Y,0,73H
UA,5209,DLA,897,BRU,302,Y,0,332 333
UA,5209,DLA,897,FIH,1020,Y,0,333
UA,5209,FIH,1020,BRU,302,Y,0,333
UA,5209,BJL,1050,DKR,1084,Y,0,333
UA,5209,FNA,1059,ROB,1063,Y,0,333
UA,5209,ROB,1063,BRU,302,Y,0,333
UA,5209,DKR,1084,BJL,1050,Y,0,333
UA,5209,DKR,1084,CKY,4162,Y,0,333
UA,5209,ADD,1107,JED,2072,Y,0,333
UA,5209,BJM,1120,NBO,4059,Y,0,332
UA,5209,DAR,1177,NBO,4059,Y,0,333
UA,5209,EBB,1187,BRU,302,Y,0,332
UA,5209,BCN,1218,EWR,3494,,0,752
UA,5209,MAD,1229,EWR,3494,,0,752
UA,5209,CDG,1382,EWR,3494,,0,764 752 763
UA,5209,PRG,1587,BRU,302,Y,0,DH4
UA,5209,TLV,1590,EWR,3494,,0,777
UA,5209,VIE,1613,IAD,3714,Y,0,763
UA,5209,VIE,1613,JFK,3797,Y,0,772
UA,5209,VIE,1613,EVN,3964,Y,0,320 321
UA,5209,GVA,1665,EWR,3494,,0,763
UA,5209,GVA,1665,IAD,3714,,0,763
UA,5209,GVA,1665,JFK,3797,Y,0,333
UA,5209,ZRH,1678,BOS,3448,Y,0,333
UA,5209,ZRH,1678,JFK,3797,Y,0,333
UA,5209,ZRH,1678,NBO,4059,Y,0,333
UA,5209,PUJ,1760,ORD,3830,,0,739 738
UA,5209,SDQ,1762,EWR,3494,,0,739
UA,5209,GUA,1767,EWR,3494,,0,738
UA,5209,SAP,1772,EWR,3494,,0,738
UA,5209,MBJ,1780,IAH,3550,,0,739 738
UA,5209,GDL,1804,IAH,3550,,0,319 73G
UA,5209,MID,1819,IAH,3550,,0,738 73G
UA,5209,MEX,1824,SFO,3469,,0,320
UA,5209,MEX,1824,LAX,3484,,0,320
UA,5209,MEX,1824,IAH,3550,,0,319 73G 320 738
UA,5209,MTY,1825,IAH,3550,Y,0,ERJ
UA,5209,PBC,1831,IAH,3550,Y,0,ERJ
UA,5209,PVR,1836,SFO,3469,,0,320
UA,5209,PVR,1836,LAX,3484,,0,738
UA,5209,PVR,1836,EWR,3494,,0,738
UA,5209,QRO,1838,IAH,3550,Y,0,CR7 ERJ
UA,5209,SJD,1840,IAH,3550,,0,320 739
UA,5209,TAM,1848,IAH,3550,Y,0,CR7 ERJ
UA,5209,CUN,1852,AUS,3673,,0,739
UA,5209,ZIH,1856,IAH,3550,Y,0,ERJ
UA,5209,ZLO,1858,IAH,3550,Y,0,ERJ
UA,5209,PTY,1871,IAH,3550,,0,739
UA,5209,PTY,1871,MIA,3576,,0,738
UA,5209,PTY,1871,ORD,3830,Y,0,738
UA,5209,LIR,1881,IAH,3550,,0,739 738
UA,5209,SJO,1885,IAD,3714,,0,738
UA,5209,SAL,1892,SFO,3469,Y,0,319 320
UA,5209,SAL,1892,LAX,3484,Y,0,320 321
UA,5209,SAL,1892,MIA,3576,Y,0,320 E90
UA,5209,SAL,1892,JFK,3797,Y,0,320
UA,5209,GCM,1926,EWR,3494,,0,739
UA,5209,GCM,1926,IAD,3714,,0,738
UA,5209,MHH,1930,JAX,3712,Y,0,SF3
UA,5209,MHH,1930,PBI,3722,Y,0,SF3
UA,5209,MHH,1930,MCO,3878,Y,0,SF3
UA,5209,BIM,1937,FLL,3533,Y,0,SF3
UA,5209,ELH,1943,FLL,3533,Y,0,SF3
UA,5209,BZE,1957,EWR,3494,,0,738
UA,5209,AKL,2006,SFO,3469,Y,0,772 744
UA,5209,BAH,2057,KWI,2176,,0,777
UA,5209,BAH,2057,DOH,11051,Y,0,333
UA,5209,JED,2072,ADD,1107,Y,0,333
UA,5209,KWI,2176,BAH,2057,,0,777
UA,5209,KWI,2176,IAD,3714,,0,777
UA,5209,MCT,2194,AUH,2179,Y,0,333
UA,5209,SPN,2244,ROP,2243,Y,0,ATR
UA,5209,SPN,2244,GUM,2246,Y,0,ATR
UA,5209,GUM,2246,ROP,2243,Y,0,ATR
UA,5209,GUM,2246,TKK,2254,,0,738 73G
UA,5209,GUM,2246,ROR,2256,,0,73G 738
UA,5209,GUM,2246,OKJ,2327,,0,73G
UA,5209,GUM,2246,SDJ,2347,,0,73G
UA,5209,GUM,2246,HNL,3728,,0,777
UA,5209,GUM,2246,KIX,3992,,0,73G 738
UA,5209,MAJ,2249,HNL,3728,,0,738
UA,5209,KWA,2251,MAJ,2249,,0,738
UA,5209,KWA,2251,PNI,2255,,0,738
UA,5209,TKK,2254,GUM,2246,,0,73G 738
UA,5209,PNI,2255,KSA,2257,,0,738
UA,5209,ROR,2256,YAP,2258,,0,738
UA,5209,KSA,2257,KWA,2251,,0,738
UA,5209,YAP,2258,ROR,2256,,0,738
UA,5209,NRT,2279,SIN,3316,,0,777
UA,5209,NRT,2279,SEA,3577,Y,0,788
UA,5209,NRT,2279,ORD,3830,,0,744
UA,5209,NRT,2279,BKK,3885,Y,0,777
UA,5209,NRT,2279,ICN,3930,,0,738
UA,5209,OKJ,2327,GUM,2246,,0,73G
UA,5209,GRU,2564,IAD,3714,,0,777
UA,5209,UIO,2688,IAH,3550,,0,73G 738
UA,5209,BOG,2709,IAH,3550,,0,752 73G
UA,5209,BOG,2709,JFK,3797,Y,0,330
UA,5209,CTG,2714,MIA,3576,Y,0,318 320
UA,5209,CLO,2715,BOG,2709,Y,0,320 318
UA,5209,LIM,2789,IAH,3550,,0,763
UA,5209,SJU,2890,EIS,2903,Y,0,CNA
UA,5209,SJU,2890,IAH,3550,,0,738
UA,5209,SJU,2890,ORD,3830,,0,738 739
UA,5209,UVF,2894,EWR,3494,,0,739
UA,5209,AUA,2895,EWR,3494,,0,753 739
UA,5209,AUA,2895,IAD,3714,,0,739
UA,5209,SXM,2899,EWR,3494,,0,73G
UA,5209,SXM,2899,IAD,3714,,0,73G
UA,5209,POS,2902,EWR,3494,,0,738
UA,5209,POS,2902,IAH,3550,,0,738
UA,5209,TSE,2910,FRA,340,Y,0,333
UA,5209,GYD,2922,FRA,340,Y,0,333
UA,5209,GYD,2922,ASB,2976,Y,0,333
UA,5209,LED,2948,VIE,1613,Y,0,100 F70
UA,5209,HKG,3077,SFO,3469,,0,744
UA,5209,HKG,3077,ORD,3830,,0,777
UA,5209,SYD,3361,SFO,3469,,0,777
UA,5209,PEK,3364,EWR,3494,,0,777
UA,5209,PEK,3364,HNL,3728,Y,0,330
UA,5209,PVG,3406,SFO,3469,,0,744
UA,5209,ITO,3415,LAX,3484,,0,738
UA,5209,BOS,3448,YOW,100,Y,0,DH1
UA,5209,BOS,3448,YUL,146,Y,0,CRJ DH3
UA,5209,BOS,3448,YYZ,193,Y,0,E90 E75
UA,5209,BOS,3448,IAD,3714,,0,320 319 739 738 752 73G
UA,5209,OMA,3454,EWR,3494,Y,0,ERJ
UA,5209,OMA,3454,IAH,3550,Y,0,ERJ
UA,5209,OMA,3454,ORD,3830,,0,738 319 73G
UA,5209,OGG,3456,LAX,3484,,0,753 738
UA,5209,OGG,3456,DEN,3751,,0,752
UA,5209,ICT,3457,IAH,3550,Y,0,ERJ CRJ CR7
UA,5209,MCI,3458,DEN,3751,,0,DH4 73G 738
UA,5209,MSN,3459,DEN,3751,Y,0,CR7 CRJ ERJ
UA,5209,PHX,3462,SFO,3469,,0,320
UA,5209,PHX,3462,LAX,3484,Y,0,CR7 CRJ
UA,5209,PHX,3462,CLE,3486,,0,320 738 319
UA,5209,PHX,3462,EWR,3494,,0,319 739 320 738
UA,5209,PHX,3462,DEN,3751,,0,738 752 739 320
UA,5209,PHX,3462,ORD,3830,,0,319 739 738 320 752
UA,5209,PHX,3462,SOW,7078,Y,0,BE1
UA,5209,SFO,3469,YEG,49,Y,0,CR7
UA,5209,SFO,3469,YUL,146,Y,0,319
UA,5209,SFO,3469,FRA,340,,0,744
UA,5209,SFO,3469,ZRH,1678,Y,0,343
UA,5209,SFO,3469,MEX,1824,,0,320
UA,5209,SFO,3469,CUN,1852,,0,739
UA,5209,SFO,3469,HKG,3077,,0,744
UA,5209,SFO,3469,SYD,3361,,0,777
UA,5209,SFO,3469,PEK,3364,,0,744
UA,5209,SFO,3469,BOI,3495,Y,0,CRJ CR7
UA,5209,SFO,3469,SLC,3536,,0,738 320 319
UA,5209,SFO,3469,IAH,3550,,0,319 739 753 738 320 752 788 73G
UA,5209,SFO,3469,PIT,3570,,0,319 738
UA,5209,SFO,3469,LIH,3602,,0,752
UA,5209,SFO,3469,SAT,3621,Y,0,CR7
UA,5209,SFO,3469,STL,3678,,0,320 319
UA,5209,SFO,3469,ATL,3682,,0,738
UA,5209,SFO,3469,CIC,3710,Y,0,EM2
UA,5209,SFO,3469,IAD,3714,,0,753 752 738 739 320 319
UA,5209,SFO,3469,DEN,3751,,0,752 739 738 320 319
UA,5209,SFO,3469,JFK,3797,,0,757
UA,5209,SFO,3469,RNO,3807,Y,0,CRJ CR7
UA,5209,SFO,3469,MOD,3816,Y,0,EM2
UA,5209,SFO,3469,BWI,3849,,0,739 320 738
UA,5209,SFO,3469,MSP,3858,,0,320 739 319
UA,5209,SFO,3469,MSY,3861,,0,320 738
UA,5209,SFO,3469,MCO,3878,,0,752 738 739 753
UA,5209,SFO,3469,EUG,4099,Y,0,CRJ CR7
UA,5209,SFO,3469,RDM,4103,Y,0,EM2 CRJ
UA,5209,SFO,3469,SBP,5768,Y,0,EM2
UA,5209,GNV,3472,TPA,3646,Y,0,SF3
UA,5209,MEM,3473,EWR,3494,Y,0,ERJ
UA,5209,MEM,3473,ORD,3830,Y,0,ER4 ERJ CRJ
UA,5209,LAX,3484,YYZ,193,Y,0,320 321
UA,5209,LAX,3484,FRA,340,Y,0,74H
UA,5209,LAX,3484,LHR,507,,0,777
UA,5209,LAX,3484,ZRH,1678,Y,0,343
UA,5209,LAX,3484,DGO,1801,Y,0,ERJ
UA,5209,LAX,3484,SAL,1892,Y,0,320 321
UA,5209,LAX,3484,HND,2359,Y,0,777
UA,5209,LAX,3484,SYD,3361,,0,777
UA,5209,LAX,3484,PEK,3364,Y,0,773
UA,5209,LAX,3484,BOS,3448,,0,752 753 320 739
UA,5209,LAX,3484,ICT,3457,Y,0,CR7
UA,5209,LAX,3484,CLE,3486,,0,738 320 319 739
UA,5209,LAX,3484,BOI,3495,Y,0,CR7 CRJ
UA,5209,LAX,3484,SLC,3536,Y,0,CR7 CRJ
UA,5209,LAX,3484,PIT,3570,,0,319 738
UA,5209,LAX,3484,YUM,3596,Y,0,EM2
UA,5209,LAX,3484,AUS,3673,Y,0,CR7
UA,5209,LAX,3484,ORD,3830,,0,739 738 752 320 319 753
UA,5209,LAX,3484,LAS,3877,,0,739 319 738 320 752
UA,5209,LAX,3484,SBA,3949,Y,0,EM2
UA,5209,LAX,3484,ABQ,4019,Y,0,CR7
UA,5209,LAX,3484,SBP,5768,Y,0,EM2
UA,5209,LAX,3484,IGM,6132,Y,0,BE1
UA,5209,CLE,3486,SFO,3469,,0,739 738 319
UA,5209,CLE,3486,LAX,3484,,0,738 739 320 319
UA,5209,CLE,3486,IAH,3550,,0,319 73G 320 738
UA,5209,CLE,3486,IND,3585,Y,0,DH3 ERJ E70
UA,5209,CLE,3486,RIC,3608,Y,0,ERJ ER4
UA,5209,CLE,3486,DFW,3670,Y,0,ERJ CRJ
UA,5209,CLE,3486,AUS,3673,Y,0,CR7
UA,5209,CLE,3486,STL,3678,Y,0,ER4 ERJ
UA,5209,CLE,3486,BNA,3690,Y,0,ERJ
UA,5209,CLE,3486,IAD,3714,,0,DH4
UA,5209,CLE,3486,MKE,3717,Y,0,ERJ CR7
UA,5209,CLE,3486,BWI,3849,,0,DH3
UA,5209,CLE,3486,MSY,3861,Y,0,ERJ
UA,5209,CLE,3486,ALB,3864,Y,0,DH3
UA,5209,CLE,3486,LAS,3877,,0,739 320 738
UA,5209,CLE,3486,GSP,4034,Y,0,ERJ
UA,5209,CLE,3486,PKB,4114,Y,0,BE1
UA,5209,CVG,3488,IAH,3550,Y,0,ERJ CR7
UA,5209,CVG,3488,ORD,3830,Y,0,CR7 ER4 ERJ CRJ
UA,5209,HON,3491,PIR,5761,Y,0,BE1
UA,5209,EWR,3494,YEG,49,,0,319
UA,5209,EWR,3494,YHZ,73,Y,0,ERJ
UA,5209,EWR,3494,YQB,111,Y,0,ERJ
UA,5209,EWR,3494,YVR,156,Y,0,319
UA,5209,EWR,3494,BRU,302,,0,764 777
UA,5209,EWR,3494,DUS,345,Y,0,343
UA,5209,EWR,3494,STR,350,,0,752
UA,5209,EWR,3494,BFS,465,,0,752
UA,5209,EWR,3494,BHX,469,,0,752
UA,5209,EWR,3494,AMS,580,,0,752 763
UA,5209,EWR,3494,SNN,603,,0,752
UA,5209,EWR,3494,MXP,1524,,0,764
UA,5209,EWR,3494,SAP,1772,,0,738
UA,5209,EWR,3494,PVR,1836,,0,738
UA,5209,EWR,3494,CUN,1852,,0,739 738 752
UA,5209,EWR,3494,LIR,1881,,0,738
UA,5209,EWR,3494,BZE,1957,,0,738
UA,5209,EWR,3494,POS,2902,,0,738
UA,5209,EWR,3494,PHX,3462,,0,739 320 319
UA,5209,EWR,3494,MEM,3473,Y,0,ERJ
UA,5209,EWR,3494,CLE,3486,,0,738 319 73G 320 739
UA,5209,EWR,3494,CVG,3488,Y,0,ERJ
UA,5209,EWR,3494,DCA,3520,,0,DH4
UA,5209,EWR,3494,MIA,3576,,0,739 738 320 73G
UA,5209,EWR,3494,ORF,3611,Y,0,DH3 DH4 DH2
UA,5209,EWR,3494,SAT,3621,,0,739 73G
UA,5209,EWR,3494,RDU,3626,Y,0,ERJ DH4 E70
UA,5209,EWR,3494,PVD,3641,Y,0,DH3 DH2 ERJ
UA,5209,EWR,3494,TYS,3676,Y,0,ERJ
UA,5209,EWR,3494,STL,3678,Y,0,ERJ E70
UA,5209,EWR,3494,ATL,3682,Y,0,ERJ
UA,5209,EWR,3494,PDX,3720,,0,739 320
UA,5209,EWR,3494,HNL,3728,,0,764
UA,5209,EWR,3494,DSM,3729,Y,0,ERJ
UA,5209,EWR,3494,SYR,3745,Y,0,DH2 DH3
UA,5209,EWR,3494,CHS,3806,Y,0,ERJ
UA,5209,EWR,3494,TUL,3855,Y,0,ERJ
UA,5209,EWR,3494,MSY,3861,,0,319 320 738
UA,5209,EWR,3494,MCO,3878,,0,738 320 752 739 73G
UA,5209,EWR,3494,SDF,4014,Y,0,ERJ
UA,5209,EWR,3494,BDA,4069,,0,738
UA,5209,EWR,3494,XNA,4356,Y,0,ERJ
UA,5209,BOI,3495,LAX,3484,Y,0,CR7
UA,5209,BOI,3495,DEN,3751,,0,320 319 738 739
UA,5209,MOT,3498,DEN,3751,Y,0,ERJ CRJ
UA,5209,KOA,3514,SFO,3469,,0,753 739 738
UA,5209,DCA,3520,EWR,3494,Y,0,DH4 ERJ E70
UA,5209,PUB,3527,DEN,3751,Y,0,EM2
UA,5209,FLL,3533,MHH,1930,Y,0,SF3
UA,5209,FLL,3533,TCB,1934,Y,0,SF3
UA,5209,FLL,3533,GGT,1941,Y,0,SF3
UA,5209,FLL,3533,ELH,1943,Y,0,SF3
UA,5209,FLL,3533,FPO,1948,Y,0,SF3
UA,5209,FLL,3533,EWR,3494,,0,739 320 738 73G 319
UA,5209,FLL,3533,IAH,3550,,0,73G 738 739 319 320
UA,5209,FLL,3533,TPA,3646,Y,0,SF3
UA,5209,SLC,3536,LAX,3484,Y,0,CR7 CRJ
UA,5209,LNK,3543,DEN,3751,Y,0,ERJ CRJ
UA,5209,IAH,3550,YEG,49,,0,738 320 73G 319
UA,5209,IAH,3550,YVR,156,,0,320 319 739
UA,5209,IAH,3550,ACA,1783,Y,0,ERJ
UA,5209,IAH,3550,AGU,1785,Y,0,ERJ
UA,5209,IAH,3550,HUX,1786,Y,0,ERJ
UA,5209,IAH,3550,CUU,1797,Y,0,ERJ
UA,5209,IAH,3550,CZM,1800,,0,738 739
UA,5209,IAH,3550,BJX,1815,Y,0,ERJ
UA,5209,IAH,3550,OAX,1829,Y,0,ERJ
UA,5209,IAH,3550,PBC,1831,Y,0,ERJ
UA,5209,IAH,3550,QRO,1838,Y,0,ERJ CR7
UA,5209,IAH,3550,TRC,1845,Y,0,ERJ
UA,5209,IAH,3550,CUN,1852,,0,739 738
UA,5209,IAH,3550,VSA,1853,Y,0,CR7
UA,5209,IAH,3550,ZIH,1856,Y,0,ERJ
UA,5209,IAH,3550,ZLO,1858,Y,0,ERJ
UA,5209,IAH,3550,GIG,2560,,0,777
UA,5209,IAH,3550,CCS,2851,,0,739
UA,5209,IAH,3550,SJU,2890,,0,739 738
UA,5209,IAH,3550,POS,2902,,0,738
UA,5209,IAH,3550,ICT,3457,Y,0,CRJ ERJ
UA,5209,IAH,3550,MCI,3458,Y,0,ERJ E70 CRJ CR7
UA,5209,IAH,3550,PHX,3462,,0,320 738 739 319 73G
UA,5209,IAH,3550,LFT,3493,Y,0,ERJ
UA,5209,IAH,3550,EWR,3494,,0,739 73G 738 320 752 319
UA,5209,IAH,3550,FLL,3533,,0,739 320 73G 738 752
UA,5209,IAH,3550,SLC,3536,Y,0,ERJ CR7 E70
UA,5209,IAH,3550,HRL,3560,Y,0,ERJ CRJ
UA,5209,IAH,3550,MIA,3576,,0,319 738 73G 320 739
UA,5209,IAH,3550,RIC,3608,Y,0,ERJ
UA,5209,IAH,3550,SHV,3609,Y,0,ERJ
UA,5209,IAH,3550,SAT,3621,,0,738 319 73G 739 320
UA,5209,IAH,3550,RDU,3626,,0,73G
UA,5209,IAH,3550,STL,3678,Y,0,ER4 ERJ
UA,5209,IAH,3550,ATL,3682,Y,0,CRJ ERJ E70
UA,5209,IAH,3550,LRD,3691,Y,0,ERJ
UA,5209,IAH,3550,JAX,3712,Y,0,ERJ
UA,5209,IAH,3550,CLL,3715,Y,0,ERJ
UA,5209,IAH,3550,ONT,3734,Y,0,CR7
UA,5209,IAH,3550,HOB,3749,Y,0,ERJ
UA,5209,IAH,3550,DEN,3751,,0,320 752 788 738 739 753 319
UA,5209,IAH,3550,CMH,3759,Y,0,ERJ E70
UA,5209,IAH,3550,CHS,3806,Y,0,ERJ
UA,5209,IAH,3550,MFE,3826,Y,0,ERJ CRJ
UA,5209,IAH,3550,LBB,3829,Y,0,ERJ
UA,5209,IAH,3550,PSP,3839,Y,0,CR7
UA,5209,IAH,3550,BWI,3849,,0,73G 739 320 738 319
UA,5209,IAH,3550,AEX,3852,Y,0,ERJ
UA,5209,IAH,3550,MSP,3858,Y,0,ERJ E70 CR7
UA,5209,IAH,3550,SNA,3867,,0,738 320 319 73G
UA,5209,IAH,3550,LAS,3877,,0,320 739 73G 738 319 752
UA,5209,IAH,3550,MCO,3878,,0,739 738 320 73G 753
UA,5209,IAH,3550,ABQ,4019,,0,320 738 73G
UA,5209,IAH,3550,GSP,4034,Y,0,ERJ
UA,5209,IAH,3550,GPT,4038,Y,0,ERJ
UA,5209,IAH,3550,CRW,4285,Y,0,ERJ
UA,5209,IAH,3550,XNA,4356,Y,0,CRJ ERJ
UA,5209,BFL,3558,LAX,3484,Y,0,EM2
UA,5209,ELP,3559,IAH,3550,Y,0,ERJ CRJ
UA,5209,HRL,3560,IAH,3550,Y,0,ERJ CRJ
UA,5209,CAE,3561,ORD,3830,Y,0,CRJ ERJ
UA,5209,PNS,3564,IAH,3550,Y,0,ERJ
UA,5209,PNS,3564,TPA,3646,Y,0,SF3
UA,5209,PIT,3570,YYZ,193,Y,0,DH1
UA,5209,PIT,3570,SFO,3469,,0,320 319 738
UA,5209,MIA,3576,LIS,1638,Y,0,332 343
UA,5209,MIA,3576,ZRH,1678,Y,0,333
UA,5209,MIA,3576,SAL,1892,Y,0,320 E90
UA,5209,MIA,3576,BOG,2709,Y,0,330
UA,5209,MIA,3576,BAQ,2710,Y,0,318 320
UA,5209,MIA,3576,CTG,2714,Y,0,318 320
UA,5209,MIA,3576,MDE,2745,Y,0,319 320
UA,5209,MIA,3576,IAH,3550,,0,739 319 738 73G
UA,5209,SEA,3577,SFO,3469,,0,319 739 320 738 752
UA,5209,SEA,3577,LAX,3484,,0,739 320
UA,5209,SEA,3577,ANC,3774,,0,739 738
UA,5209,JAN,3580,IAH,3550,Y,0,ERJ
UA,5209,IND,3585,IAH,3550,,0,319
UA,5209,IND,3585,IAD,3714,Y,0,E70 ERJ CR7
UA,5209,IND,3585,DEN,3751,Y,0,E70 ERJ
UA,5209,HPN,3589,ORD,3830,Y,0,ERJ
UA,5209,RIC,3608,IAH,3550,Y,0,ERJ
UA,5209,RIC,3608,IAD,3714,Y,0,ERJ ER4 CR7
UA,5209,SHV,3609,DEN,3751,Y,0,ERJ
UA,5209,ORF,3611,EWR,3494,Y,0,DH3 DH4 DH2
UA,5209,ORF,3611,IAH,3550,Y,0,ERJ
UA,5209,SAV,3613,IAD,3714,Y,0,CRJ ERJ CR7
UA,5209,SAT,3621,IAD,3714,Y,0,E70 CR7
UA,5209,SAT,3621,DEN,3751,,0,738 73G
UA,5209,ROC,3622,CLE,3486,Y,0,DH2 DH3
UA,5209,DAY,3627,EWR,3494,Y,0,ERJ
UA,5209,DAY,3627,DEN,3751,Y,0,CR7
UA,5209,TUS,3636,LAX,3484,Y,0,CR7 CRJ
UA,5209,TUS,3636,DEN,3751,Y,0,ERJ CRJ CR7
UA,5209,PVD,3641,EWR,3494,Y,0,DH3 DH2 ERJ
UA,5209,PVD,3641,ORD,3830,,0,320
UA,5209,DTW,3645,YYZ,193,Y,0,CRJ BEH
UA,5209,DTW,3645,IAH,3550,,0,320 319 73G
UA,5209,TPA,3646,CLE,3486,,0,73G
UA,5209,TPA,3646,FLL,3533,Y,0,SF3
UA,5209,GRB,3653,ORD,3830,Y,0,ERJ CRJ
UA,5209,ISN,3659,DEN,3751,Y,0,ERJ
UA,5209,LIT,3660,ORD,3830,Y,0,ERJ CRJ
UA,5209,DFW,3670,YYZ,193,Y,0,E75
UA,5209,DFW,3670,SFO,3469,,0,319 739
UA,5209,DFW,3670,IAD,3714,,0,320 73G 738
UA,5209,DFW,3670,DEN,3751,,0,319 738 320 739
UA,5209,DFW,3670,ORD,3830,,0,319
UA,5209,AUS,3673,EWR,3494,,0,738 73G
UA,5209,AUS,3673,IAH,3550,,0,320 319 73G 738 739
UA,5209,TYS,3676,IAH,3550,Y,0,ERJ
UA,5209,STL,3678,YYZ,193,Y,0,CRJ
UA,5209,STL,3678,IAH,3550,Y,0,ER4 ERJ
UA,5209,STL,3678,ORD,3830,Y,0,ER4 CR7
UA,5209,ATL,3682,SFO,3469,,0,738
UA,5209,ATL,3682,EWR,3494,Y,0,ERJ
UA,5209,ATL,3682,DEN,3751,Y,0,CR7
UA,5209,GRR,3685,CLE,3486,Y,0,ERJ CRJ ER4
UA,5209,GRR,3685,IAH,3550,Y,0,ERJ
UA,5209,FAT,3687,LAS,3877,Y,0,EM2
UA,5209,BNA,3690,CLE,3486,Y,0,ERJ
UA,5209,BNA,3690,IAD,3714,Y,0,ERJ CRJ
UA,5209,BNA,3690,DEN,3751,Y,0,ERJ
UA,5209,LGA,3697,YOW,100,Y,0,CRJ
UA,5209,LGA,3697,YYZ,193,Y,0,E90 CRA E75
UA,5209,LGA,3697,CLE,3486,Y,0,ERJ E70
UA,5209,LGA,3697,DEN,3751,,0,752 320 738
UA,5209,JAX,3712,MHH,1930,Y,0,SF3
UA,5209,JAX,3712,EWR,3494,Y,0,ERJ
UA,5209,JAX,3712,IAH,3550,Y,0,ERJ
UA,5209,JAX,3712,TPA,3646,Y,0,SF3
UA,5209,JAX,3712,IAD,3714,Y,0,ERJ CR7 E70
UA,5209,IAD,3714,YYZ,193,Y,0,ERJ CRJ CR7 DH4
UA,5209,IAD,3714,MUC,346,,0,764
UA,5209,IAD,3714,LHR,507,,0,752 777
UA,5209,IAD,3714,DKR,1084,Y,0,343
UA,5209,IAD,3714,CDG,1382,,0,763
UA,5209,IAD,3714,FCO,1555,,0,763
UA,5209,IAD,3714,GVA,1665,,0,763
UA,5209,IAD,3714,ZRH,1678,,0,763 764
UA,5209,IAD,3714,PUJ,1760,,0,739
UA,5209,IAD,3714,MEX,1824,,0,320 73G
UA,5209,IAD,3714,CUN,1852,,0,739 738
UA,5209,IAD,3714,KWI,2176,,0,777
UA,5209,IAD,3714,BOG,2709,Y,0,319
UA,5209,IAD,3714,STT,2883,,0,73G
UA,5209,IAD,3714,SJU,2890,,0,739 738
UA,5209,IAD,3714,AUA,2895,,0,739
UA,5209,IAD,3714,SXM,2899,,0,73G
UA,5209,IAD,3714,PHX,3462,,0,320
UA,5209,IAD,3714,LAX,3484,,0,753 320 319 752 739 738
UA,5209,IAD,3714,EWR,3494,Y,0,DH4 DH2 ERJ E70
UA,5209,IAD,3714,FLL,3533,,0,752
UA,5209,IAD,3714,CAE,3561,Y,0,CRJ
UA,5209,IAD,3714,SEA,3577,,0,739 752 320
UA,5209,IAD,3714,ROC,3622,Y,0,DH2 ERJ CRJ
UA,5209,IAD,3714,DAY,3627,Y,0,ER4 CR7 CRJ ERJ
UA,5209,IAD,3714,GRR,3685,Y,0,ER4 ERJ CR7
UA,5209,IAD,3714,BNA,3690,Y,0,ERJ CRJ
UA,5209,IAD,3714,SAN,3731,,0,739 738 320 752 319
UA,5209,IAD,3714,SYR,3745,Y,0,CRJ DH4 ERJ ER4 DH2
UA,5209,IAD,3714,PHL,3752,Y,0,ER4
UA,5209,IAD,3714,CMH,3759,Y,0,DH4 ERJ CR7 ER4 E70
UA,5209,IAD,3714,JFK,3797,Y,0,CRJ
UA,5209,IAD,3714,BDL,3825,,0,738 319 320
UA,5209,IAD,3714,MSP,3858,Y,0,CR7
UA,5209,IAD,3714,MSY,3861,,0,738 739
UA,5209,IAD,3714,CLT,3876,Y,0,CR7 ERJ
UA,5209,IAD,3714,GSO,4008,Y,0,CRJ ERJ
UA,5209,IAD,3714,SDF,4014,Y,0,ERJ
UA,5209,IAD,3714,HSV,4113,Y,0,ERJ CRJ
UA,5209,IAD,3714,JST,4169,Y,0,SF3
UA,5209,IAD,3714,MGW,4284,Y,0,SF3
UA,5209,IAD,3714,BKW,5724,Y,0,SF3
UA,5209,IAD,3714,LWB,6958,Y,0,SF3
UA,5209,CLL,3715,IAH,3550,Y,0,ERJ
UA,5209,MKE,3717,CLE,3486,Y,0,CR7 ERJ
UA,5209,MKE,3717,EWR,3494,Y,0,ERJ
UA,5209,MKE,3717,DEN,3751,Y,0,CRJ
UA,5209,PDX,3720,YYC,178,Y,0,CRJ
UA,5209,PDX,3720,LAX,3484,Y,0,CR7 CRJ
UA,5209,PDX,3720,IAH,3550,,0,319 739 320 738
UA,5209,PDX,3720,IAD,3714,,0,752 320
UA,5209,PDX,3720,DEN,3751,,0,739 738 752 320 73G
UA,5209,PDX,3720,EUG,4099,Y,0,EM2
UA,5209,PBI,3722,IAH,3550,,0,320
UA,5209,HNL,3728,HND,2359,Y,0,763
UA,5209,HNL,3728,LAX,3484,,0,738 753 777 739
UA,5209,HNL,3728,IAH,3550,,0,764
UA,5209,SAN,3731,EWR,3494,,0,738 739
UA,5209,SAN,3731,IAH,3550,,0,320 73G 738 739
UA,5209,SAN,3731,DEN,3751,,0,738 320 739 752
UA,5209,SAN,3731,ORD,3830,,0,739 320 738
UA,5209,ONT,3734,SFO,3469,Y,0,CRJ
UA,5209,ONT,3734,IAH,3550,Y,0,CR7
UA,5209,BRO,3738,IAH,3550,Y,0,ERJ
UA,5209,SYR,3745,IAD,3714,Y,0,ERJ CRJ DH4 ER4 CR7 DH2
UA,5209,SJC,3748,DEN,3751,,0,752 319 738 73G
UA,5209,HOB,3749,IAH,3550,Y,0,ERJ
UA,5209,DEN,3751,YXE,166,Y,0,ERJ
UA,5209,DEN,3751,PVR,1836,,0,738
UA,5209,DEN,3751,SJD,1840,,0,739 738 320
UA,5209,DEN,3751,NRT,2279,,0,788
UA,5209,DEN,3751,OMA,3454,,0,738 73G
UA,5209,DEN,3751,PHX,3462,,0,739 738 320
UA,5209,DEN,3751,EWR,3494,,0,738 752 319 739 320
UA,5209,DEN,3751,FLL,3533,,0,752 738 320
UA,5209,DEN,3751,SEA,3577,,0,320 738 739
UA,5209,DEN,3751,DTW,3645,Y,0,CR7 E70
UA,5209,DEN,3751,TPA,3646,,0,739 73G 738
UA,5209,DEN,3751,MAF,3652,Y,0,CRJ
UA,5209,DEN,3751,ISN,3659,Y,0,ERJ
UA,5209,DEN,3751,LIT,3660,Y,0,CRJ
UA,5209,DEN,3751,DFW,3670,,0,319 739 73G
UA,5209,DEN,3751,TYS,3676,Y,0,ERJ
UA,5209,DEN,3751,STL,3678,Y,0,CR7 E70 ERJ CRJ
UA,5209,DEN,3751,ATL,3682,Y,0,CR7
UA,5209,DEN,3751,FAT,3687,Y,0,CRJ
UA,5209,DEN,3751,BNA,3690,Y,0,ERJ
UA,5209,DEN,3751,IAD,3714,,0,320 752 319 739 738
UA,5209,DEN,3751,MKE,3717,Y,0,CRJ
UA,5209,DEN,3751,PDX,3720,,0,752 319 738 739 320
UA,5209,DEN,3751,PHL,3752,,0,320 738 739 319
UA,5209,DEN,3751,CMH,3759,Y,0,ERJ CR7 E70
UA,5209,DEN,3751,RNO,3807,,0,320
UA,5209,DEN,3751,SMF,3817,,0,320 739
UA,5209,DEN,3751,PSP,3839,Y,0,CRJ CR7
UA,5209,DEN,3751,MSP,3858,,0,320
UA,5209,DEN,3751,MSY,3861,,0,738  739
UA,5209,DEN,3751,OKC,3863,Y,0,DH4 ERJ CRJ
UA,5209,DEN,3751,CPR,3872,Y,0,CRJ
UA,5209,DEN,3751,LAS,3877,,0,738 320 739 752
UA,5209,DEN,3751,GTF,3880,Y,0,CRJ
UA,5209,DEN,3751,SBA,3949,Y,0,CRJ
UA,5209,DEN,3751,SDF,4014,Y,0,ERJ
UA,5209,DEN,3751,BZN,4020,,0,73G
UA,5209,DEN,3751,BIL,4021,,0,320 739 738 319
UA,5209,DEN,3751,JAC,4027,,0,319
UA,5209,DEN,3751,CID,4043,Y,0,CR7 CRJ ERJ
UA,5209,DEN,3751,PIA,4046,Y,0,CRJ
UA,5209,DEN,3751,RAP,4087,Y,0,DH4 ERJ CRJ
UA,5209,DEN,3751,EUG,4099,Y,0,CRJ CR7
UA,5209,DEN,3751,MFR,4101,Y,0,CRJ
UA,5209,DEN,3751,RDM,4103,Y,0,CRJ
UA,5209,DEN,3751,FCA,4127,Y,0,CRJ
UA,5209,DEN,3751,HDN,4339,Y,0,DH4
UA,5209,DEN,3751,COD,4344,Y,0,CRJ
UA,5209,DEN,3751,RKS,5766,Y,0,EM2
UA,5209,DEN,3751,PSC,6133,Y,0,CRJ
UA,5209,DEN,3751,MTJ,6880,Y,0,DH4 CRJ
UA,5209,DEN,3751,ASE,7001,Y,0,CR7
UA,5209,DEN,3751,GUC,7051,Y,0,ERJ
UA,5209,DEN,3751,DIK,7064,Y,0,ERJ
UA,5209,DEN,3751,AIA,7067,Y,0,BE1
UA,5209,DEN,3751,ALS,7073,Y,0,BE1
UA,5209,PHL,3752,YYZ,193,Y,0,E75
UA,5209,PHL,3752,IAH,3550,,0,320 73G 738 739 319
UA,5209,CMH,3759,YYZ,193,Y,0,DH1
UA,5209,CMH,3759,IAH,3550,Y,0,E70 ERJ CR7
UA,5209,CMH,3759,ORD,3830,,0,738 319 739
UA,5209,ANC,3774,SEA,3577,,0,739 738
UA,5209,ANC,3774,ORD,3830,,0,738
UA,5209,GRK,3775,IAH,3550,Y,0,ERJ
UA,5209,MOB,3782,IAH,3550,Y,0,ERJ
UA,5209,RSW,3793,IAH,3550,,0,738
UA,5209,RSW,3793,DEN,3751,,0,738
UA,5209,RSW,3793,MCO,3878,Y,0,SF3
UA,5209,JFK,3797,FRA,340,Y,0,388 744
UA,5209,JFK,3797,DUB,599,Y,0,330
UA,5209,JFK,3797,VIE,1613,Y,0,772
UA,5209,JFK,3797,PTY,1871,Y,0,738
UA,5209,JFK,3797,NRT,2279,Y,0,77W
UA,5209,JFK,3797,LAX,3484,,0,757
UA,5209,JFK,3797,IAD,3714,Y,0,CRJ
UA,5209,CHS,3806,CLE,3486,Y,0,ERJ
UA,5209,CHS,3806,EWR,3494,Y,0,ERJ
UA,5209,CHS,3806,IAH,3550,Y,0,ERJ CRJ
UA,5209,CHS,3806,ORD,3830,Y,0,ERJ CRJ CR7
UA,5209,SMF,3817,SFO,3469,Y,0,EM2
UA,5209,SMF,3817,IAH,3550,,0,320 739 738
UA,5209,SMF,3817,ORD,3830,,0,739 319 320
UA,5209,SMF,3817,ACV,4384,Y,0,EM2
UA,5209,COS,3819,IAH,3550,Y,0,CRJ ERJ
UA,5209,COS,3819,ORD,3830,Y,0,CR7 ERJ CRJ
UA,5209,BUF,3820,ORD,3830,,0,739 738 320
UA,5209,BDL,3825,YUL,146,Y,0,BEH
UA,5209,BDL,3825,YYZ,193,Y,0,BEH
UA,5209,MFE,3826,IAH,3550,Y,0,CRJ ERJ
UA,5209,ORD,3830,YEG,49,Y,0,E70 CR7
UA,5209,ORD,3830,YUL,146,Y,0,CR7 E75 ERJ E70 CRJ
UA,5209,ORD,3830,YXU,174,Y,0,CRJ
UA,5209,ORD,3830,DUS,345,Y,0,343
UA,5209,ORD,3830,AMS,580,,0,763
UA,5209,ORD,3830,DUB,599,Y,0,330 332
UA,5209,ORD,3830,CDG,1382,,0,763
UA,5209,ORD,3830,VIE,1613,Y,0,763
UA,5209,ORD,3830,PUJ,1760,,0,739 738
UA,5209,ORD,3830,SJD,1840,,0,320
UA,5209,ORD,3830,PTY,1871,Y,0,738
UA,5209,ORD,3830,SJO,1885,,0,738
UA,5209,ORD,3830,NRT,2279,,0,744
UA,5209,ORD,3830,STT,2883,,0,73G
UA,5209,ORD,3830,SJU,2890,,0,738 739
UA,5209,ORD,3830,HKG,3077,,0,777
UA,5209,ORD,3830,ICT,3457,Y,0,ER4 ERJ CR7 CRJ
UA,5209,ORD,3830,MCI,3458,,0,73G 738
UA,5209,ORD,3830,LAX,3484,,0,738 753 320 739 752 319
UA,5209,ORD,3830,CLE,3486,,0,73G 738
UA,5209,ORD,3830,EWR,3494,,0,319 320 73G 763 752 739 738
UA,5209,ORD,3830,BOI,3495,Y,0,CR7
UA,5209,ORD,3830,FLL,3533,,0,738 752 320 739
UA,5209,ORD,3830,IAH,3550,,0,739 738 752 320 73G 319
UA,5209,ORD,3830,CAE,3561,Y,0,ERJ CRJ
UA,5209,ORD,3830,PNS,3564,Y,0,ERJ
UA,5209,ORD,3830,PIT,3570,,0,738 319 320 739
UA,5209,ORD,3830,IND,3585,Y,0,ERJ CRJ CR7 E70
UA,5209,ORD,3830,DLH,3598,Y,0,CRJ
UA,5209,ORD,3830,RIC,3608,,0,319
UA,5209,ORD,3830,SAV,3613,Y,0,CR7 ERJ CRJ
UA,5209,ORD,3830,ROC,3622,,0,738 320 319
UA,5209,ORD,3830,DAY,3627,Y,0,ER4 ERJ CR7 CRJ
UA,5209,ORD,3830,DTW,3645,,0,320
UA,5209,ORD,3830,TPA,3646,,0,739 73G 320 738
UA,5209,ORD,3830,GRB,3653,Y,0,CRJ ERJ
UA,5209,ORD,3830,STL,3678,Y,0,CR7 ERJ ER4
UA,5209,ORD,3830,GRR,3685,,0,319 320
UA,5209,ORD,3830,BNA,3690,Y,0,ERJ CRJ
UA,5209,ORD,3830,BTV,3711,Y,0,ERJ CR7 CRJ
UA,5209,ORD,3830,PDX,3720,,0,739 738 320 752 319
UA,5209,ORD,3830,DSM,3729,,0,319 73G
UA,5209,ORD,3830,SAN,3731,,0,73G 320 738 739 319
UA,5209,ORD,3830,DEN,3751,,0,752 738 320 739 73G 753 319
UA,5209,ORD,3830,PHL,3752,,0,320 738 739 752 73G
UA,5209,ORD,3830,CMH,3759,,0,738 319 739
UA,5209,ORD,3830,ANC,3774,,0,738
UA,5209,ORD,3830,CHS,3806,Y,0,CRJ ERJ CR7
UA,5209,ORD,3830,SMF,3817,,0,319 739 320
UA,5209,ORD,3830,FOE,3843,Y,0,ERJ
UA,5209,ORD,3830,BWI,3849,,0,319 320 739 738
UA,5209,ORD,3830,TUL,3855,Y,0,ERJ CRJ CR7
UA,5209,ORD,3830,MSP,3858,,0,73G 738 319 320
UA,5209,ORD,3830,PWM,3862,Y,0,CR7 ERJ
UA,5209,ORD,3830,LAS,3877,,0,738 752 320 319 73G 739 753
UA,5209,ORD,3830,GSO,4008,Y,0,ERJ CR7 CRJ ER4
UA,5209,ORD,3830,ROA,4016,Y,0,ERJ ER4
UA,5209,ORD,3830,LEX,4017,Y,0,ERJ CRJ
UA,5209,ORD,3830,GSP,4034,Y,0,ER4 ERJ CRJ
UA,5209,ORD,3830,SRQ,4067,,0,738 319 320
UA,5209,ORD,3830,RAP,4087,Y,0,ERJ
UA,5209,ORD,3830,PAH,4117,Y,0,CRJ
UA,5209,ORD,3830,MBS,4128,Y,0,CRJ
UA,5209,ORD,3830,AVP,4286,Y,0,ERJ
UA,5209,ORD,3830,FAR,4292,Y,0,CRJ ERJ
UA,5209,ORD,3830,SGF,4348,Y,0,ER4 CRJ
UA,5209,ORD,3830,EAU,5735,Y,0,CRJ
UA,5209,ORD,3830,MKG,5754,Y,0,CRJ
UA,5209,AMA,3840,IAH,3550,Y,0,ERJ
UA,5209,BWI,3849,LAX,3484,,0,319 738
UA,5209,BWI,3849,DEN,3751,,0,739 320 738
UA,5209,BWI,3849,ORD,3830,,0,73G 738 320 739 319
UA,5209,AEX,3852,IAH,3550,Y,0,ERJ
UA,5209,TUL,3855,ORD,3830,Y,0,ERJ CRJ CR7
UA,5209,MSP,3858,SFO,3469,,0,320 739 319
UA,5209,MSP,3858,LAX,3484,Y,0,CR7
UA,5209,MSP,3858,EWR,3494,Y,0,ERJ E70
UA,5209,MSP,3858,IAH,3550,Y,0,CR7 ERJ E70
UA,5209,MSP,3858,DEN,3751,,0,320
UA,5209,MSP,3858,ORD,3830,,0,73G 738 319
UA,5209,MSY,3861,IAD,3714,,0,320 319
UA,5209,MSY,3861,DEN,3751,,0,320 738
UA,5209,OKC,3863,LAX,3484,Y,0,CR7
UA,5209,OKC,3863,IAD,3714,Y,0,E70 CR7
UA,5209,OKC,3863,DEN,3751,Y,0,DH4 ERJ CRJ
UA,5209,OKC,3863,ORD,3830,Y,0,E70 ERJ ER4 CR7
UA,5209,ALB,3864,IAD,3714,Y,0,DH4 DH2 CR7 CRJ ERJ
UA,5209,SNA,3867,SFO,3469,,0,738 319 320
UA,5209,CPR,3872,DEN,3751,Y,0,CRJ
UA,5209,EYW,3875,TPA,3646,Y,0,SF3
UA,5209,CLT,3876,IAH,3550,Y,0,ERJ E70
UA,5209,CLT,3876,IAD,3714,Y,0,ERJ CR7
UA,5209,LAS,3877,PTY,1871,Y,0,738
UA,5209,LAS,3877,SFO,3469,,0,739 738 320 752 319 753
UA,5209,LAS,3877,IAH,3550,,0,738 319 739 320 73G
UA,5209,LAS,3877,IAD,3714,,0,320 752 739
UA,5209,LAS,3877,DEN,3751,,0,320 752 319 738 739
UA,5209,LAS,3877,ORD,3830,,0,73G 738 739 320 752 319
UA,5209,LAS,3877,PSP,3839,Y,0,EM2
UA,5209,MCO,3878,GNV,3472,Y,0,SF3
UA,5209,MCO,3878,LAX,3484,,0,752
UA,5209,MCO,3878,CLE,3486,,0,73G 320 738
UA,5209,MCO,3878,IAH,3550,,0,738 739 320 752
UA,5209,MCO,3878,IAD,3714,,0,752 320 738
UA,5209,MCO,3878,DEN,3751,,0,752 738 739
UA,5209,MCO,3878,ORD,3830,,0,73G 738 320 752 739
UA,5209,ICN,3930,JFK,3797,Y,0,77W
UA,5209,NGO,3942,GUM,2246,,0,73G 738
UA,5209,ELM,3946,ORD,3830,Y,0,ERJ
UA,5209,ITH,3947,EWR,3494,Y,0,DH2 DH3
UA,5209,MRY,3948,DEN,3751,Y,0,CRJ
UA,5209,KIX,3992,SFO,3469,,0,777 788
UA,5209,GSO,4008,EWR,3494,Y,0,ERJ
UA,5209,GSO,4008,ORD,3830,Y,0,CRJ ERJ CR7 ER4
UA,5209,MHT,4011,EWR,3494,Y,0,ERJ DH3 DH2
UA,5209,SDF,4014,CLE,3486,Y,0,ERJ CRJ
UA,5209,SDF,4014,EWR,3494,Y,0,ERJ E70
UA,5209,SDF,4014,IAH,3550,Y,0,ERJ E70 CRJ
UA,5209,ABQ,4019,ORD,3830,Y,0,CR7 E70
UA,5209,TVC,4023,ORD,3830,Y,0,CRJ ERJ
UA,5209,GSP,4034,CLE,3486,Y,0,ERJ
UA,5209,GPT,4038,IAH,3550,Y,0,ERJ
UA,5209,ATW,4047,ORD,3830,Y,0,ERJ CRJ CR7
UA,5209,FKL,4058,DUJ,5734,Y,0,BE1
UA,5209,NBO,4059,ZRH,1678,Y,0,333
UA,5209,SGU,4064,DEN,3751,Y,0,CRJ
UA,5209,BDA,4069,EWR,3494,,0,738
UA,5209,BIS,4083,DEN,3751,Y,0,CRJ ERJ
UA,5209,CLD,4088,LAX,3484,Y,0,EM2
UA,5209,FNT,4089,CLE,3486,,0,DH3
UA,5209,MFR,4101,SFO,3469,Y,0,CRJ EM2
UA,5209,RDM,4103,SFO,3469,Y,0,CRJ EM2
UA,5209,RDM,4103,DEN,3751,Y,0,CRJ
UA,5209,HSV,4113,DEN,3751,Y,0,ERJ
UA,5209,PGA,4124,DEN,3751,Y,0,BE1
UA,5209,BGM,4129,IAD,3714,Y,0,DH2
UA,5209,NSI,4161,DLA,897,Y,0,332
UA,5209,JST,4169,AOO,3694,Y,0,SF3
UA,5209,JST,4169,IAD,3714,Y,0,SF3
UA,5209,MSO,4216,DEN,3751,Y,0,CRJ
UA,5209,MGW,4284,IAD,3714,Y,0,SF3
UA,5209,MGW,4284,CKB,5730,Y,0,SF3
UA,5209,FAR,4292,ORD,3830,Y,0,CRJ ERJ
UA,5209,LBL,4341,DEN,3751,Y,0,BE1
UA,5209,LBL,4341,DDC,5733,Y,0,BE1
UA,5209,ABE,4355,ORD,3830,Y,0,ER4 ERJ
UA,5209,XNA,4356,DEN,3751,Y,0,ERJ
UA,5209,SBN,4359,ORD,3830,Y,0,CR7 ERJ CRJ E70
UA,5209,ACV,4384,CEC,5727,Y,0,EM2
UA,5209,BKW,5724,SHD,7062,Y,0,SF3
UA,5209,CEC,5727,SFO,3469,Y,0,EM2
UA,5209,CEC,5727,ACV,4384,Y,0,EM2
UA,5209,DDC,5733,LBL,4341,Y,0,BE1
UA,5209,EAU,5735,ORD,3830,Y,0,CRJ
UA,5209,FAY,5738,IAD,3714,Y,0,DH2
UA,5209,LMT,5750,SFO,3469,Y,0,EM2
UA,5209,LMT,5750,PDX,3720,Y,0,EM2
UA,5209,SBP,5768,LAX,3484,Y,0,EM2
UA,5209,SMX,5772,LAX,3484,Y,0,EM2
UA,5209,IGM,6132,PGA,4124,Y,0,BE1
UA,5209,PSC,6133,SFO,3469,Y,0,CRJ
UA,5209,PSC,6133,DEN,3751,Y,0,CRJ
UA,5209,MTJ,6880,DEN,3751,,0,DH4
UA,5209,LWB,6958,IAD,3714,Y,0,SF3
UA,5209,JHW,7059,BFD,5722,Y,0,BE1
UA,5209,AIA,7067,CDR,7066,Y,0,BE1
UA,5209,ALS,7073,FMN,3743,Y,0,BE1
UA,5209,SOW,7078,PHX,3462,Y,0,BE1
UA,5209,DOH,11051,FRA,340,Y,0,333
UA,5209,DOH,11051,DXB,2188,,0,777
U6,5234,CGN,344,DME,4029,,0,320
U6,5234,MUC,346,KRR,2960,,0,320
U6,5234,CDG,1382,SVX,2975,,0,320
U6,5234,SKG,1486,ATH,3941,,0,320
U6,5234,TLV,1590,SVX,2975,,0,320
U6,5234,DXB,2188,KUF,2993,,0,320
U6,5234,FRU,2912,DME,4029,,0,320
U6,5234,IKT,2937,DME,4029,,0,320
U6,5234,SIP,2942,DME,4029,,0,320 319
U6,5234,LED,2948,TIV,1743,,0,320
U6,5234,LED,2948,SVX,2975,,0,320
U6,5234,LED,2948,TJU,7563,,0,320
U6,5234,LED,2948,LLK,8774,,0,320
U6,5234,KGD,2952,TAS,2983,,0,320
U6,5234,KRR,2960,MUC,346,,0,320
U6,5234,KRR,2960,PFO,1198,,0,320
U6,5234,KRR,2960,SKG,1486,,0,320
U6,5234,KRR,2960,SVX,2975,,0,320
U6,5234,KRR,2960,DME,4029,,0,320
U6,5234,MRV,2962,DXB,2188,,0,320
U6,5234,MRV,2962,SVX,2975,,0,320
U6,5234,AER,2965,LBD,6147,,0,320
U6,5234,CEK,2968,DYU,2979,,0,320
U6,5234,CEK,2968,TAS,2983,,0,320
U6,5234,NJC,2972,DME,4029,,0,320
U6,5234,PEE,2973,DWC,8076,,0,321
U6,5234,SVX,2975,CDG,1382,,0,320
U6,5234,SVX,2975,DXB,2188,,0,320
U6,5234,SVX,2975,OSS,2913,,0,320
U6,5234,SVX,2975,KRR,2960,,0,320
U6,5234,SVX,2975,AER,2965,,0,320
U6,5234,SVX,2975,PEK,3364,,0,320
U6,5234,SVX,2975,EVN,3964,,0,320
U6,5234,SVX,2975,NSK,4352,,0,320
U6,5234,SVX,2975,LBD,6147,,0,320
U6,5234,SVX,2975,NMA,6150,,0,320
U6,5234,DYU,2979,ROV,2964,,0,320
U6,5234,DYU,2979,VOG,2967,,0,320
U6,5234,DYU,2979,UFA,2992,,0,320
U6,5234,DYU,2979,GOJ,4274,,0,320
U6,5234,TAS,2983,KGD,2952,,0,320
U6,5234,TAS,2983,CEK,2968,,0,320
U6,5234,TAS,2983,SVX,2975,,0,320
U6,5234,KZN,2990,DME,4029,,0,320
U6,5234,UFA,2992,LBD,6147,,0,320
U6,5234,KUF,2993,TAS,2983,,0,320
U6,5234,KUF,2993,LBD,6147,,0,320
U6,5234,ATH,3941,KRR,2960,,0,320
U6,5234,EVN,3964,LED,2948,,0,320
U6,5234,EVN,3964,SVX,2975,,0,320
U6,5234,EVN,3964,KUF,2993,,0,320
U6,5234,LWN,3965,DME,4029,,0,320
U6,5234,DME,4029,CGN,344,,0,320
U6,5234,DME,4029,RMI,1546,,0,321
U6,5234,DME,4029,TIV,1743,,0,320
U6,5234,DME,4029,OSS,2913,,0,320
U6,5234,DME,4029,SIP,2942,,0,320 319
U6,5234,DME,4029,LED,2948,,0,320
U6,5234,DME,4029,ROV,2964,,0,320
U6,5234,DME,4029,KZN,2990,,0,320
U6,5234,DME,4029,UFA,2992,,0,320
U6,5234,DME,4029,TJU,7563,,0,320
U6,5234,DME,4029,GBB,8775,,0,320
U6,5234,OVB,4078,YKS,2923,,0,320
U6,5234,OVB,4078,SVX,2975,,0,320
U6,5234,OVB,4078,HRB,3400,,0,320
U6,5234,OVB,4078,DME,4029,,0,320
U6,5234,GOJ,4274,PRG,1587,,0,320
U6,5234,GOJ,4274,TAS,2983,,0,320
U6,5234,GOJ,4274,NMA,6150,,0,320
U6,5234,GOJ,4274,DWC,8076,,0,321
U6,5234,KJA,4374,SVX,2975,,0,320
U6,5234,KJA,4374,DYU,2979,,0,320
U6,5234,KJA,4374,TAS,2983,,0,320
U6,5234,KVD,6089,DME,4029,,0,321
U6,5234,LBD,6147,SVX,2975,,0,320
U6,5234,NMA,6150,KRR,2960,,0,320
U6,5234,NMA,6150,CEK,2968,,0,320
U6,5234,TJU,7563,SVX,2975,,0,320
U6,5234,DWC,8076,PEE,2973,,0,321
U6,5234,DWC,8076,SVX,2975,,0,321 320
U6,5234,DWC,8076,KUF,2993,,0,321
U6,5234,GBB,8775,DME,4029,,0,320
US,5265,YHZ,73,PHL,3752,Y,0,E70 CRJ E75
US,5265,YOW,100,PHL,3752,Y,0,CRJ
US,5265,YQB,111,PHL,3752,Y,0,CRJ
US,5265,YUL,146,AMM,2170,,0,330
US,5265,YUL,146,DCA,3520,Y,0,CRJ
US,5265,YUL,146,MIA,3576,,0,738
US,5265,YUL,146,DTW,3645,,0,330
US,5265,YUL,146,PHL,3752,Y,0,CRJ
US,5265,YVR,156,DFW,3670,,0,738
US,5265,YYC,178,DFW,3670,,0,M83 M80 738
US,5265,YYZ,193,DFW,3670,,0,319
US,5265,YYZ,193,LGA,3697,,0,CR7
US,5265,YYZ,193,ORD,3830,,0,ER4 CR7
US,5265,BRU,302,PHL,3752,,0,762
US,5265,BRU,302,ATH,3941,Y,0,321 320
US,5265,FRA,340,JNB,813,,0,346
US,5265,FRA,340,SKG,1486,Y,0,321
US,5265,FRA,340,LIS,1638,Y,0,319 320
US,5265,FRA,340,IST,1701,Y,0,320 330 321 343 332
US,5265,FRA,340,DFW,3670,,0,777
US,5265,FRA,340,PHL,3752,,0,332 762
US,5265,FRA,340,DOH,11051,,0,77L 788 77W
US,5265,MUC,346,JNB,813,,0,346 343 332
US,5265,MUC,346,SKG,1486,Y,0,320
US,5265,MUC,346,PHL,3752,,0,333
US,5265,MUC,346,DOH,11051,,0,788
US,5265,MAN,478,PHL,3752,,0,332
US,5265,MAN,478,DOH,11051,,0,332 333
US,5265,LHR,507,LAX,3484,,0,77W
US,5265,LHR,507,JFK,3797,,0,77W
US,5265,LHR,507,ORD,3830,,0,763 777
US,5265,LHR,507,ATH,3941,Y,0,321
US,5265,JNB,813,FRA,340,,0,346
US,5265,JNB,813,LHR,507,,0,332 343
US,5265,JNB,813,DKR,1084,,0,343
US,5265,JNB,813,JFK,3797,,0,346
US,5265,DKR,1084,JNB,813,,0,343
US,5265,MAD,1229,LIS,1638,Y,0,ER4 319 320 100
US,5265,MAD,1229,DFW,3670,,0,777
US,5265,MAD,1229,PHL,3752,,0,333
US,5265,MAD,1229,JFK,3797,,0,757
US,5265,MAD,1229,DOH,11051,,0,77W 772
US,5265,NCE,1354,LIS,1638,,0,ER4 100
US,5265,CDG,1382,MIA,3576,,0,763
US,5265,CDG,1382,DFW,3670,,0,763 777
US,5265,CDG,1382,PHL,3752,,0,332
US,5265,CDG,1382,JFK,3797,,0,763 757
US,5265,CDG,1382,ORD,3830,,0,763
US,5265,VCE,1551,PHL,3752,,0,332
US,5265,FCO,1555,JFK,3797,,0,763
US,5265,FCO,1555,ORD,3830,,0,763
US,5265,TLV,1590,PHL,3752,,0,332
US,5265,OPO,1636,LIS,1638,Y,0,ER4 320 319
US,5265,LIS,1638,BRU,302,Y,0,321 320 100 319
US,5265,LIS,1638,AMS,580,Y,0,320 319
US,5265,GVA,1665,LIS,1638,Y,0,320 319
US,5265,ZRH,1678,LIS,1638,Y,0,320 319
US,5265,ZRH,1678,PHL,3752,,0,762
US,5265,IST,1701,FRA,340,Y,0,330 321 320 343 332
US,5265,IST,1701,MUC,346,Y,0,321 320 738
US,5265,IST,1701,ZRH,1678,Y,0,738 321
US,5265,IST,1701,JFK,3797,Y,0,330 77W
US,5265,PLS,1754,MIA,3576,,0,757
US,5265,PLS,1754,PHL,3752,,0,319
US,5265,PUJ,1760,CLT,3876,,0,319 752 321 320
US,5265,STI,1764,MIA,3576,,0,757 738
US,5265,GUA,1767,LAX,3484,,0,320
US,5265,GUA,1767,MIA,3576,,0,738 E90
US,5265,GUA,1767,DFW,3670,,0,738
US,5265,SAP,1772,MIA,3576,,0,738 320 E90 319
US,5265,MBJ,1780,MIA,3576,,0,738 757
US,5265,CUU,1797,DFW,3670,Y,0,ER4 ERD
US,5265,CZM,1800,MIA,3576,,0,738
US,5265,CZM,1800,DFW,3670,,0,738
US,5265,GDL,1804,PHX,3462,Y,0,CR9 CRJ
US,5265,GDL,1804,DFW,3670,,0,M80 ER4
US,5265,MEX,1824,DFW,3670,,0,M80 M83
US,5265,MEX,1824,CLT,3876,,0,319
US,5265,MTY,1825,DFW,3670,,0,M80 M83
US,5265,MZT,1826,PHX,3462,,0,320 319
US,5265,MZT,1826,DFW,3670,Y,0,ERD ER4
US,5265,PBC,1831,DFW,3670,,0,ERD
US,5265,QRO,1838,DFW,3670,Y,0,ERD
US,5265,SJD,1840,PHX,3462,,0,320 319 752 321
US,5265,SJD,1840,LAX,3484,,0,M83 738
US,5265,SJD,1840,DFW,3670,,0,M80 M83
US,5265,SJD,1840,CLT,3876,,0,320
US,5265,CUN,1852,PHX,3462,,0,752 320 321
US,5265,CUN,1852,MIA,3576,,0,738
US,5265,CUN,1852,PHL,3752,,0,752 332 321 319
US,5265,ZCL,1855,DFW,3670,Y,0,ERD
US,5265,PTY,1871,MIA,3576,,0,738
US,5265,PTY,1871,DFW,3670,Y,0,738
US,5265,LIR,1881,DFW,3670,,0,738
US,5265,SJO,1885,MIA,3576,,0,757 738
US,5265,SJO,1885,JFK,3797,Y,0,738
US,5265,SAL,1892,SFO,3469,,0,319 320
US,5265,SAL,1892,LAX,3484,,0,320 321
US,5265,GCM,1926,MIA,3576,,0,738
US,5265,GGT,1941,MIA,3576,,0,ER4
US,5265,FPO,1948,CLT,3876,Y,0,CR7
US,5265,NAS,1953,MIA,3576,,0,ER4 ERD
US,5265,NAS,1953,DFW,3670,,0,738
US,5265,NAS,1953,PHL,3752,,0,319 320
US,5265,BZE,1957,MIA,3576,,0,738
US,5265,RAR,1959,AKL,2006,Y,0,763 320 772
US,5265,NAN,1960,AKL,2006,Y,0,772 320 763 773
US,5265,APW,1969,AKL,2006,Y,0,320 763
US,5265,AMM,2170,YUL,146,,0,330
US,5265,AMM,2170,ORD,3830,,0,340
US,5265,NRT,2279,LAX,3484,,0,777 388
US,5265,NRT,2279,DFW,3670,,0,777
US,5265,CNF,2537,MIA,3576,,0,763
US,5265,GIG,2560,MIA,3576,,0,763
US,5265,GIG,2560,DFW,3670,,0,763
US,5265,GIG,2560,JFK,3797,,0,763
US,5265,GIG,2560,CLT,3876,,0,762
US,5265,GRU,2564,DFW,3670,,0,77W
US,5265,GRU,2564,CLT,3876,,0,332
US,5265,REC,2610,MIA,3576,,0,757
US,5265,SCL,2650,DFW,3670,,0,763
US,5265,BOG,2709,MIA,3576,,0,757 330 763
US,5265,BOG,2709,JFK,3797,,0,330
US,5265,BOG,2709,MCO,3878,,0,319
US,5265,CLO,2715,MIA,3576,,0,738 319 318 320
US,5265,MDE,2745,MIA,3576,,0,738 319 320
US,5265,BGI,2875,MIA,3576,,0,757
US,5265,GND,2882,MIA,3576,,0,738
US,5265,STT,2883,PHL,3752,,0,752
US,5265,STT,2883,JFK,3797,,0,757
US,5265,SJU,2890,DFW,3670,,0,757
US,5265,SJU,2890,ORD,3830,,0,738
US,5265,UVF,2894,CLT,3876,,0,320 319
US,5265,SXM,2899,MIA,3576,,0,757 738
US,5265,SXM,2899,PHL,3752,,0,332
US,5265,POS,2902,MIA,3576,,0,757
US,5265,SIN,3316,FRA,340,,0,388
US,5265,SIN,3316,MUC,346,,0,77W
US,5265,SIN,3316,ZRH,1678,,0,388
US,5265,SIN,3316,NRT,2279,,0,388
US,5265,SIN,3316,HKG,3077,,0,77W
US,5265,BNE,3320,AKL,2006,Y,0,773 772
US,5265,MEL,3339,AKL,2006,Y,0,773
US,5265,ADL,3341,AKL,2006,Y,0,320
US,5265,SYD,3361,AKL,2006,Y,0,320 772 763
US,5265,PEK,3364,SFO,3469,Y,0,773
US,5265,PEK,3364,LAX,3484,Y,0,773
US,5265,PEK,3364,JFK,3797,Y,0,773
US,5265,BOS,3448,CUN,1852,,0,319
US,5265,BOS,3448,PIT,3570,Y,0,E70 CRJ
US,5265,BOS,3448,MIA,3576,,0,757 738
US,5265,BOS,3448,LGA,3697,,0,E90 319
US,5265,BOS,3448,SYR,3745,Y,0,DH8
US,5265,BOS,3448,JFK,3797,,0,738
US,5265,BOS,3448,ORD,3830,,0,738
US,5265,OAK,3453,PHX,3462,,0,319
US,5265,OMA,3454,PHX,3462,,0,319
US,5265,OMA,3454,DCA,3520,Y,0,E70
US,5265,OMA,3454,CLT,3876,Y,0,CR9
US,5265,OGG,3456,PHX,3462,,0,752
US,5265,ICT,3457,ORD,3830,Y,0,CRJ
US,5265,MSN,3459,ORD,3830,Y,0,ER4 ERD
US,5265,PHX,3462,MEX,1824,,0,319
US,5265,PHX,3462,PVR,1836,,0,320 319 321
US,5265,PHX,3462,CUN,1852,,0,752 320 321
US,5265,PHX,3462,SFO,3469,,0,320 321
US,5265,PHX,3462,LAX,3484,,0,321 319 320
US,5265,PHX,3462,EWR,3494,,0,320
US,5265,PHX,3462,BOI,3495,,0,319
US,5265,PHX,3462,KOA,3514,,0,752
US,5265,PHX,3462,BFL,3558,Y,0,CR9 CRJ
US,5265,PHX,3462,PIT,3570,,0,319 320
US,5265,PHX,3462,SEA,3577,,0,320 321
US,5265,PHX,3462,YUM,3596,Y,0,CRJ
US,5265,PHX,3462,SAT,3621,Y,0,CR9
US,5265,PHX,3462,TUS,3636,Y,0,CR9 CRJ
US,5265,PHX,3462,AUS,3673,,0,319
US,5265,PHX,3462,STL,3678,,0,319
US,5265,PHX,3462,FAT,3687,Y,0,CR9 CRJ
US,5265,PHX,3462,PHL,3752,,0,752 321
US,5265,PHX,3462,ANC,3774,,0,320
US,5265,PHX,3462,ORD,3830,,0,M83 320 321 738
US,5265,PHX,3462,PSP,3839,Y,0,CR9 CRJ
US,5265,PHX,3462,BWI,3849,,0,321 319 320
US,5265,PHX,3462,SNA,3867,,0,319 320 321
US,5265,PHX,3462,LAS,3877,,0,321 320 319
US,5265,PHX,3462,MCO,3878,,0,320 321
US,5265,PHX,3462,MRY,3948,Y,0,CRJ
US,5265,PHX,3462,SBA,3949,Y,0,CRJ CR9
US,5265,PHX,3462,ABQ,4019,Y,0,CR9 CRJ
US,5265,PHX,3462,GJT,4063,Y,0,CRJ
US,5265,GGG,3465,DFW,3670,,0,ER4 ERD
US,5265,SFO,3469,SAL,1892,,0,319 320
US,5265,SFO,3469,AKL,2006,Y,0,772 744
US,5265,SFO,3469,HKG,3077,,0,77W
US,5265,SFO,3469,PEK,3364,Y,0,773
US,5265,SFO,3469,LAX,3484,,0,738
US,5265,SFO,3469,MIA,3576,,0,757 763 738
US,5265,SFO,3469,JFK,3797,,0,763 32B
US,5265,SFO,3469,CLT,3876,,0,321
US,5265,GNV,3472,CLT,3876,,0,CRJ
US,5265,MEM,3473,DCA,3520,,0,CRJ
US,5265,MEM,3473,DFW,3670,,0,319
US,5265,LAX,3484,IST,1701,Y,0,77W
US,5265,LAX,3484,GUA,1767,,0,320
US,5265,LAX,3484,RAR,1959,Y,0,763
US,5265,LAX,3484,GRU,2564,,0,777
US,5265,LAX,3484,PEK,3364,Y,0,773
US,5265,LAX,3484,BOS,3448,,0,757 738
US,5265,LAX,3484,PHX,3462,,0,321 319 320
US,5265,LAX,3484,IND,3585,,0,738
US,5265,LAX,3484,LIH,3602,,0,757
US,5265,LAX,3484,STL,3678,,0,M83
US,5265,LAX,3484,DEN,3751,,0,CR7
US,5265,LAX,3484,JFK,3797,,0,32B 762
US,5265,LAX,3484,SMF,3817,Y,0,CRJ
US,5265,LAX,3484,CLT,3876,,0,321
US,5265,LAX,3484,LAS,3877,,0,738
US,5265,LAX,3484,MCO,3878,,0,757 738
US,5265,LAX,3484,MRY,3948,Y,0,CRJ
US,5265,LAX,3484,ABQ,4019,Y,0,CRJ CR7
US,5265,LAX,3484,RDM,4103,Y,0,CRJ
US,5265,CLE,3486,PHL,3752,Y,0,E75 CRJ E70 CR9
US,5265,CLE,3486,JFK,3797,Y,0,ER4
US,5265,CVG,3488,MIA,3576,,0,ER4
US,5265,CVG,3488,PHL,3752,Y,0,E70 CRJ E75
US,5265,CVG,3488,ORD,3830,,0,ER4
US,5265,EWR,3494,PHX,3462,,0,320
US,5265,GCK,3497,DFW,3670,Y,0,ER4 ERD
US,5265,KOA,3514,LAX,3484,,0,757
US,5265,KOA,3514,HNL,3728,Y,0,717
US,5265,MYR,3515,CLT,3876,,0,CR7 CRJ
US,5265,DCA,3520,YHZ,73,Y,0,CRJ
US,5265,DCA,3520,PHX,3462,,0,320 752
US,5265,DCA,3520,LAX,3484,,0,738
US,5265,DCA,3520,MYR,3515,Y,0,CRJ
US,5265,DCA,3520,FLL,3533,,0,319
US,5265,DCA,3520,CAE,3561,Y,0,CRJ
US,5265,DCA,3520,CHA,3578,Y,0,CRJ
US,5265,DCA,3520,IND,3585,,0,CRJ
US,5265,DCA,3520,ORF,3611,,0,CRJ
US,5265,DCA,3520,ROC,3622,Y,0,E70 CRJ
US,5265,DCA,3520,RDU,3626,,0,ERD CRJ
US,5265,DCA,3520,DAY,3627,,0,CRJ
US,5265,DCA,3520,TLH,3698,Y,0,CRJ
US,5265,DCA,3520,BTV,3711,,0,CRJ
US,5265,DCA,3520,JAX,3712,Y,0,CRJ E75 E70
US,5265,DCA,3520,PBI,3722,Y,0,E75 E70
US,5265,DCA,3520,SAN,3731,,0,319
US,5265,DCA,3520,PHL,3752,,0,319 320 CRJ
US,5265,DCA,3520,ILM,3845,Y,0,CRJ
US,5265,DCA,3520,MSY,3861,Y,0,E70 E75
US,5265,DCA,3520,PWM,3862,Y,0,E75 CRJ E70
US,5265,DCA,3520,ALB,3864,,0,CRJ
US,5265,DCA,3520,CLT,3876,,0,319 CRJ 320
US,5265,DCA,3520,MCO,3878,,0,320 319
US,5265,DCA,3520,CAK,4112,,0,CRJ
US,5265,DCA,3520,OAJ,4386,,0,CRJ
US,5265,FLL,3533,PAP,1897,,0,738
US,5265,SLC,3536,PHX,3462,,0,320 319 321
US,5265,SLC,3536,CLT,3876,,0,320
US,5265,IAH,3550,IST,1701,,0,77W
US,5265,IAH,3550,LAX,3484,,0,CR7
US,5265,IAH,3550,MIA,3576,,0,738
US,5265,IAH,3550,PHL,3752,,0,E90
US,5265,IAH,3550,ORD,3830,,0,CR7
US,5265,IAH,3550,CLT,3876,,0,321 734 319 320
US,5265,ELP,3559,DFW,3670,,0,M80 319
US,5265,CAE,3561,DFW,3670,,0,ER4
US,5265,CAE,3561,CLT,3876,Y,0,CRJ DH3
US,5265,HOU,3566,DFW,3670,,0,M83 M80
US,5265,PIT,3570,BOS,3448,Y,0,E70 CRJ
US,5265,PIT,3570,PHX,3462,,0,319 320
US,5265,PIT,3570,RDU,3626,Y,0,ERJ
US,5265,PIT,3570,STL,3678,Y,0,ERJ
US,5265,PIT,3570,BDL,3825,Y,0,ERJ
US,5265,PIT,3570,CLT,3876,,0,319 734 321 320
US,5265,MIA,3576,MAD,1229,,0,763
US,5265,MIA,3576,PLS,1754,,0,757
US,5265,MIA,3576,LRM,1759,,0,ER4
US,5265,MIA,3576,PUJ,1760,,0,738
US,5265,MIA,3576,TGU,1776,,0,757
US,5265,MIA,3576,MEX,1824,,0,738
US,5265,MIA,3576,MGA,1863,,0,738 E90 320 319
US,5265,MIA,3576,PTY,1871,,0,738
US,5265,MIA,3576,SJO,1885,,0,757 738
US,5265,MIA,3576,MHH,1930,,0,ERD
US,5265,MIA,3576,BZE,1957,Y,0,738
US,5265,MIA,3576,CNF,2537,,0,763
US,5265,MIA,3576,CWB,2545,,0,763
US,5265,MIA,3576,GRU,2564,,0,777
US,5265,MIA,3576,REC,2610,,0,757
US,5265,MIA,3576,SCL,2650,,0,763
US,5265,MIA,3576,ASU,2699,,0,757
US,5265,MIA,3576,BOG,2709,,0,763 757 330
US,5265,MIA,3576,BAQ,2710,,0,318 320
US,5265,MIA,3576,CLO,2715,,0,738 319 318 320
US,5265,MIA,3576,LIM,2789,,0,763 757
US,5265,MIA,3576,ANU,2874,,0,738
US,5265,MIA,3576,GND,2882,,0,738
US,5265,MIA,3576,UVF,2894,Y,0,757
US,5265,MIA,3576,PHX,3462,,0,738
US,5265,MIA,3576,LAX,3484,,0,777 763 757
US,5265,MIA,3576,CVG,3488,,0,ER4
US,5265,MIA,3576,PIT,3570,,0,ER4
US,5265,MIA,3576,RIC,3608,,0,ER4
US,5265,MIA,3576,STL,3678,,0,738
US,5265,MIA,3576,LGA,3697,,0,738
US,5265,MIA,3576,JAX,3712,,0,ER4 ERD
US,5265,MIA,3576,IAD,3714,,0,738
US,5265,MIA,3576,DEN,3751,,0,738
US,5265,MIA,3576,PHL,3752,,0,320 738 321 752
US,5265,MIA,3576,BDL,3825,,0,738
US,5265,MIA,3576,MCO,3878,,0,757 738
US,5265,MIA,3576,GSO,4008,,0,ER4
US,5265,MIA,3576,BDA,4069,,0,738
US,5265,SEA,3577,PHX,3462,,0,321 320
US,5265,SEA,3577,ORD,3830,,0,738
US,5265,SEA,3577,CLT,3876,,0,320 321 319
US,5265,CHA,3578,ORD,3830,Y,0,ER4 ERD
US,5265,JAN,3580,DCA,3520,,0,CRJ
US,5265,JAN,3580,CLT,3876,,0,CRJ
US,5265,IPT,3584,PHL,3752,Y,0,DH8
US,5265,IND,3585,DCA,3520,,0,CRJ
US,5265,IND,3585,MIA,3576,,0,ER4
US,5265,IND,3585,PHL,3752,,0,E90
US,5265,IND,3585,JFK,3797,,0,ER4
US,5265,IND,3585,ORD,3830,Y,0,E75 ER4 ERD CR7
US,5265,HPN,3589,PHL,3752,Y,0,DH8 CRJ
US,5265,LIH,3602,LAX,3484,,0,757
US,5265,LIH,3602,HNL,3728,Y,0,717
US,5265,RIC,3608,BOS,3448,Y,0,CRJ
US,5265,RIC,3608,MIA,3576,,0,ER4
US,5265,RIC,3608,DFW,3670,,0,M80 M83
US,5265,ORF,3611,DFW,3670,,0,M80 M83
US,5265,ORF,3611,LGA,3697,,0,ERD
US,5265,SAV,3613,DCA,3520,Y,0,CRJ
US,5265,SAV,3613,PHL,3752,Y,0,E75 E70 CRJ
US,5265,SAV,3613,CLT,3876,,0,CR7 CRJ
US,5265,SAT,3621,ORD,3830,,0,E75
US,5265,ROC,3622,BOS,3448,Y,0,CRJ
US,5265,ROC,3622,DCA,3520,Y,0,CRJ E70
US,5265,ROC,3622,CLT,3876,,0,319
US,5265,RDU,3626,LHR,507,,0,763
US,5265,RDU,3626,LAX,3484,,0,738
US,5265,RDU,3626,CLT,3876,,0,321 320 734 319 E90
US,5265,DAY,3627,LGA,3697,,0,ERD
US,5265,DAY,3627,PHL,3752,,0,CRJ
US,5265,DAY,3627,CLT,3876,,0,CR7 CRJ
US,5265,PHF,3633,PHL,3752,Y,0,DH8
US,5265,TUS,3636,PHX,3462,Y,0,CR9 CRJ
US,5265,TUS,3636,LAX,3484,,0,CRJ
US,5265,PVD,3641,DCA,3520,Y,0,E75 CRJ E70
US,5265,PVD,3641,PHL,3752,,0,E90
US,5265,SBY,3642,CLT,3876,Y,0,DH3
US,5265,DTW,3645,DCA,3520,Y,0,E70 CRJ E75
US,5265,DTW,3645,LGA,3697,,0,CR7
US,5265,TPA,3646,DCA,3520,,0,319
US,5265,TPA,3646,MIA,3576,,0,738
US,5265,TPA,3646,DFW,3670,,0,738 M83 M80
US,5265,TPA,3646,JFK,3797,Y,0,CR7
US,5265,AGS,3658,CLT,3876,Y,0,DH3 CRJ
US,5265,LIT,3660,DCA,3520,Y,0,E70
US,5265,DFW,3670,YEG,49,,0,319
US,5265,DFW,3670,FRA,340,,0,777
US,5265,DFW,3670,CDG,1382,,0,763 777
US,5265,DFW,3670,PLS,1754,,0,738
US,5265,DFW,3670,CUU,1797,Y,0,ERD ER4
US,5265,DFW,3670,CZM,1800,,0,738
US,5265,DFW,3670,MZT,1826,Y,0,ERD ER4
US,5265,DFW,3670,QRO,1838,Y,0,ERD
US,5265,DFW,3670,SJD,1840,,0,M80 M83
US,5265,DFW,3670,SAL,1892,,0,E90
US,5265,DFW,3670,NAS,1953,,0,738
US,5265,DFW,3670,GRU,2564,,0,77W
US,5265,DFW,3670,SCL,2650,,0,763
US,5265,DFW,3670,LIM,2789,,0,763
US,5265,DFW,3670,SJU,2890,,0,757
US,5265,DFW,3670,FSM,3437,,0,ER4 ERD
US,5265,DFW,3670,OGG,3456,,0,763
US,5265,DFW,3670,ICT,3457,,0,319
US,5265,DFW,3670,GGG,3465,,0,ER4 ERD
US,5265,DFW,3670,MEM,3473,,0,319
US,5265,DFW,3670,CLE,3486,,0,319
US,5265,DFW,3670,CVG,3488,,0,ER4
US,5265,DFW,3670,GCK,3497,,0,ER4 ERD
US,5265,DFW,3670,LCH,3513,,0,ERD
US,5265,DFW,3670,FLL,3533,,0,738
US,5265,DFW,3670,HOU,3566,,0,M83 M80
US,5265,DFW,3670,MIA,3576,,0,738 763 757
US,5265,DFW,3670,JAN,3580,,0,ER4 ERD
US,5265,DFW,3670,BPT,3612,,0,ERD
US,5265,DFW,3670,DAY,3627,,0,319 M80 M83
US,5265,DFW,3670,TUS,3636,,0,M80 M83
US,5265,DFW,3670,MAF,3652,,0,ERD ER4
US,5265,DFW,3670,LIT,3660,,0,ER4 M80 M83
US,5265,DFW,3670,AUS,3673,,0,M80 M83 738
US,5265,DFW,3670,SPS,3680,,0,ER4
US,5265,DFW,3670,TLH,3698,Y,0,ER4 ERD
US,5265,DFW,3670,MLU,3732,,0,ER4
US,5265,DFW,3670,ROW,3736,,0,ERD
US,5265,DFW,3670,CRP,3744,,0,ERD ER4
US,5265,DFW,3670,CMH,3759,,0,M83 M80
US,5265,DFW,3670,TXK,3770,,0,ERD ER4
US,5265,DFW,3670,GRK,3775,,0,ER4
US,5265,DFW,3670,MOB,3782,,0,ER4
US,5265,DFW,3670,RSW,3793,,0,738
US,5265,DFW,3670,JFK,3797,,0,738
US,5265,DFW,3670,RNO,3807,,0,M83 738
US,5265,DFW,3670,BDL,3825,,0,738
US,5265,DFW,3670,AMA,3840,,0,ER4
US,5265,DFW,3670,BTR,3846,,0,ER4 ERD
US,5265,DFW,3670,TYR,3848,,0,ER4 ERD CRJ
US,5265,DFW,3670,AEX,3852,,0,ER4
US,5265,DFW,3670,TUL,3855,,0,M83 M80 757 738
US,5265,DFW,3670,MSP,3858,,0,M80 M83 738
US,5265,DFW,3670,MSY,3861,Y,0,M83 M80
US,5265,DFW,3670,SNA,3867,,0,738
US,5265,DFW,3670,CLT,3876,,0,321 319 M80 M83 320 734 752
US,5265,DFW,3670,MCO,3878,,0,738 M80 M83 757
US,5265,DFW,3670,GSP,4034,,0,ER4
US,5265,DFW,3670,CID,4043,Y,0,ER4 CRJ
US,5265,DFW,3670,MHK,4050,,0,ER4 ERD
US,5265,DFW,3670,GJT,4063,,0,ER4
US,5265,DFW,3670,RAP,4087,Y,0,ER4 CRJ
US,5265,DFW,3670,CRW,4285,Y,0,CRJ
US,5265,TYS,3676,DCA,3520,,0,CRJ
US,5265,TYS,3676,DFW,3670,,0,ER4 ERD
US,5265,STL,3678,PHX,3462,,0,319
US,5265,STL,3678,LAX,3484,,0,M83
US,5265,STL,3678,MIA,3576,,0,738
US,5265,STL,3678,DFW,3670,,0,M83 M80 738
US,5265,STL,3678,LGA,3697,Y,0,CR7
US,5265,STL,3678,CLT,3876,,0,319
US,5265,ATL,3682,ORD,3830,Y,0,CR7 E75
US,5265,FAT,3687,PHX,3462,Y,0,CR9 CRJ
US,5265,BNA,3690,MIA,3576,,0,738 ER4
US,5265,BNA,3690,PHL,3752,,0,CRJ
US,5265,BNA,3690,CLT,3876,,0,319 CR7
US,5265,LGA,3697,YUL,146,,0,ERD
US,5265,LGA,3697,PIT,3570,Y,0,CRJ E75
US,5265,LGA,3697,RDU,3626,,0,ERD CR7
US,5265,LGA,3697,DAY,3627,,0,ERD
US,5265,LGA,3697,TYS,3676,,0,ERD
US,5265,LGA,3697,BNA,3690,,0,CR7
US,5265,LGA,3697,SDF,4014,,0,ERD
US,5265,LGA,3697,CHO,4015,Y,0,ERD
US,5265,LGA,3697,XNA,4356,,0,CR7
US,5265,TLH,3698,DCA,3520,Y,0,CRJ
US,5265,TLH,3698,MIA,3576,,0,ERD ER4
US,5265,ACT,3700,DFW,3670,,0,ER4
US,5265,BTV,3711,PHL,3752,,0,E90
US,5265,JAX,3712,DCA,3520,Y,0,E75 CRJ E70
US,5265,JAX,3712,PHL,3752,,0,E90
US,5265,DRO,3713,PHX,3462,Y,0,CRJ CR9
US,5265,IAD,3714,MIA,3576,,0,738
US,5265,IAD,3714,CLT,3876,,0,CR7
US,5265,CLL,3715,DFW,3670,,0,ER4 ERD
US,5265,MKE,3717,PHX,3462,,0,320 319
US,5265,MKE,3717,DFW,3670,,0,M80 M83 ER4
US,5265,MKE,3717,PHL,3752,Y,0,CRJ
US,5265,COU,3719,ORD,3830,Y,0,ER4 ERD
US,5265,PDX,3720,PHX,3462,,0,321 320 319
US,5265,PDX,3720,DFW,3670,,0,M83
US,5265,PDX,3720,PHL,3752,,0,320
US,5265,PDX,3720,CLT,3876,,0,320
US,5265,PBI,3722,DFW,3670,,0,738
US,5265,PBI,3722,PHL,3752,,0,E90 319
US,5265,PBI,3722,ORD,3830,,0,M83 738 M80
US,5265,HNL,3728,AKL,2006,Y,0,763
US,5265,HNL,3728,ITO,3415,Y,0,717
US,5265,HNL,3728,PHX,3462,,0,752
US,5265,DSM,3729,ORD,3830,,0,ERD ER4
US,5265,SAN,3731,LAX,3484,Y,0,CRJ CR7
US,5265,SAN,3731,MIA,3576,,0,738
US,5265,SAN,3731,JFK,3797,,0,738
US,5265,ROW,3736,DFW,3670,,0,ERD
US,5265,CRP,3744,DFW,3670,,0,319 ERD ER4
US,5265,SYR,3745,ORD,3830,,0,ER4 CR7
US,5265,SYR,3745,CLT,3876,,0,320 319
US,5265,DEN,3751,MIA,3576,,0,738
US,5265,PHL,3752,YHZ,73,Y,0,E70 CRJ E75
US,5265,PHL,3752,YYZ,193,Y,0,CRJ E75
US,5265,PHL,3752,BRU,302,,0,762
US,5265,PHL,3752,BCN,1218,,0,332
US,5265,PHL,3752,PUJ,1760,,0,319 332 320
US,5265,PHL,3752,GCM,1926,,0,319
US,5265,PHL,3752,STT,2883,,0,752
US,5265,PHL,3752,BOS,3448,,0,E90 319 321 320
US,5265,PHL,3752,BGR,3463,Y,0,E75 CRJ
US,5265,PHL,3752,CLE,3486,Y,0,CRJ E70 CR9 E75
US,5265,PHL,3752,CVG,3488,,0,CRJ
US,5265,PHL,3752,EWR,3494,Y,0,CRJ DH8
US,5265,PHL,3752,FLL,3533,,0,320 319
US,5265,PHL,3752,MDT,3542,Y,0,DH8
US,5265,PHL,3752,MIA,3576,,0,738 321 752 320
US,5265,PHL,3752,HPN,3589,Y,0,DH8 CRJ
US,5265,PHL,3752,ORF,3611,Y,0,DH8 CRJ E70
US,5265,PHL,3752,DAY,3627,,0,CRJ
US,5265,PHL,3752,PVD,3641,,0,E90
US,5265,PHL,3752,TYS,3676,,0,CRJ
US,5265,PHL,3752,BTV,3711,,0,E90
US,5265,PHL,3752,MKE,3717,Y,0,CRJ
US,5265,PHL,3752,CMH,3759,Y,0,CRJ E75 E70
US,5265,PHL,3752,CHS,3806,,0,CRJ
US,5265,PHL,3752,BUF,3820,Y,0,DH8 CRJ E75 E70
US,5265,PHL,3752,BDL,3825,,0,E90
US,5265,PHL,3752,ART,3838,Y,0,CRJ
US,5265,PHL,3752,ILM,3845,Y,0,CRJ E75
US,5265,PHL,3752,ALB,3864,Y,0,DH8 E75 CRJ
US,5265,PHL,3752,ELM,3946,Y,0,DH8
US,5265,PHL,3752,ITH,3947,Y,0,DH8 CRJ
US,5265,PHL,3752,HVN,4006,Y,0,DH8
US,5265,PHL,3752,SDF,4014,Y,0,CRJ CR9
US,5265,PHL,3752,SCE,4318,Y,0,CRJ DH8
US,5265,PHL,3752,ABE,4355,Y,0,DH8 CRJ
US,5265,CMH,3759,LAX,3484,,0,738
US,5265,CMH,3759,DCA,3520,,0,CRJ
US,5265,CMH,3759,DFW,3670,,0,M83 M80
US,5265,CMH,3759,LGA,3697,,0,CR7 ERD
US,5265,TXK,3770,DFW,3670,,0,ERD ER4
US,5265,ANC,3774,PHX,3462,,0,319 320
US,5265,RSW,3793,DCA,3520,Y,0,E75 E70
US,5265,RSW,3793,ORD,3830,,0,738 M80
US,5265,RSW,3793,CLT,3876,,0,321 320 319 734
US,5265,JFK,3797,YUL,146,,0,ERD
US,5265,JFK,3797,YYZ,193,,0,CR7
US,5265,JFK,3797,FRA,340,,0,388
US,5265,JFK,3797,MAN,478,,0,757
US,5265,JFK,3797,DUB,599,,0,757
US,5265,JFK,3797,AMM,2170,,0,340 330
US,5265,JFK,3797,BOG,2709,,0,319
US,5265,JFK,3797,ANU,2874,,0,738
US,5265,JFK,3797,SJU,2890,,0,757
US,5265,JFK,3797,PHX,3462,,0,321
US,5265,JFK,3797,LAX,3484,,0,32B 762
US,5265,JFK,3797,CLE,3486,Y,0,ER4
US,5265,JFK,3797,CVG,3488,Y,0,ER4
US,5265,JFK,3797,PIT,3570,,0,ER4
US,5265,JFK,3797,SEA,3577,,0,738
US,5265,JFK,3797,IND,3585,,0,ER4
US,5265,JFK,3797,AUS,3673,,0,738
US,5265,JFK,3797,BNA,3690,Y,0,ER4
US,5265,JFK,3797,CMH,3759,,0,CR7
US,5265,JFK,3797,LAS,3877,,0,738
US,5265,JFK,3797,BDA,4069,,0,738
US,5265,CHS,3806,PHL,3752,Y,0,E75 CRJ
US,5265,CHS,3806,CLT,3876,,0,319 CR7 CRJ
US,5265,RNO,3807,LAX,3484,Y,0,CRJ
US,5265,BHM,3811,DCA,3520,,0,CRJ
US,5265,BHM,3811,DFW,3670,,0,M80 M83
US,5265,BHM,3811,PHL,3752,,0,CRJ
US,5265,SMF,3817,PHX,3462,,0,320 319 321
US,5265,SMF,3817,LAX,3484,Y,0,CRJ
US,5265,SMF,3817,CLT,3876,,0,321
US,5265,COS,3819,DFW,3670,,0,M80 M83
US,5265,BUF,3820,DCA,3520,Y,0,E70 CRJ E75
US,5265,BUF,3820,PHL,3752,Y,0,CRJ E75 DH8 E70
US,5265,BUF,3820,ORD,3830,,0,CR7
US,5265,BUF,3820,CLT,3876,,0,320 319 734
US,5265,BDL,3825,MIA,3576,,0,738
US,5265,BDL,3825,PHL,3752,,0,319 E90
US,5265,MFE,3826,DFW,3670,,0,M83 M80 319
US,5265,ORD,3830,DUB,599,,0,763
US,5265,ORD,3830,MBJ,1780,,0,738
US,5265,ORD,3830,CUN,1852,,0,738
US,5265,ORD,3830,NRT,2279,,0,777
US,5265,ORD,3830,OMA,3454,,0,CR7
US,5265,ORD,3830,ICT,3457,Y,0,CRJ
US,5265,ORD,3830,MCI,3458,,0,CR7 ER4
US,5265,ORD,3830,CVG,3488,,0,ER4
US,5265,ORD,3830,EWR,3494,,0,CR7 E75
US,5265,ORD,3830,SLC,3536,Y,0,E75 CR7
US,5265,ORD,3830,MIA,3576,,0,738 763
US,5265,ORD,3830,CHA,3578,Y,0,ER4 ERD
US,5265,ORD,3830,ROC,3622,,0,ER4
US,5265,ORD,3830,RDU,3626,,0,738 M80 M83
US,5265,ORD,3830,DAY,3627,,0,ER4
US,5265,ORD,3830,TUS,3636,,0,M83 M80
US,5265,ORD,3830,DTW,3645,,0,ERD ER4 E75
US,5265,ORD,3830,TPA,3646,,0,M83 738 M80
US,5265,ORD,3830,MQT,3675,Y,0,ER4
US,5265,ORD,3830,TYS,3676,,0,ER4
US,5265,ORD,3830,ATL,3682,Y,0,E75 CR7
US,5265,ORD,3830,COU,3719,,0,ER4
US,5265,ORD,3830,SAN,3731,,0,738
US,5265,ORD,3830,SJC,3748,,0,738
US,5265,ORD,3830,PHL,3752,,0,320 321 319 E90
US,5265,ORD,3830,RSW,3793,,0,M80 738
US,5265,ORD,3830,JFK,3797,,0,738
US,5265,ORD,3830,BWI,3849,,0,E75
US,5265,ORD,3830,MSP,3858,,0,E75
US,5265,ORD,3830,OKC,3863,,0,ER4
US,5265,ORD,3830,MCO,3878,,0,738 M83 M80
US,5265,ORD,3830,LEX,4017,Y,0,ERD ER4
US,5265,ORD,3830,EVV,4018,Y,0,ER4 ERD
US,5265,ORD,3830,FWA,4041,Y,0,ERD ER4
US,5265,ORD,3830,LSE,4044,Y,0,ER4 ERD
US,5265,ORD,3830,MHK,4050,Y,0,ERD ER4
US,5265,ORD,3830,MLI,4072,Y,0,ERD ER4
US,5265,ORD,3830,HSV,4113,,0,ER4
US,5265,ORD,3830,FAR,4292,Y,0,ER4
US,5265,ORD,3830,ALO,5718,,0,ERD
US,5265,ART,3838,PHL,3752,Y,0,CRJ
US,5265,ART,3838,ORD,3830,,0,ERD
US,5265,PSP,3839,PHX,3462,Y,0,CRJ CR9
US,5265,AMA,3840,DFW,3670,,0,ER4
US,5265,ILM,3845,CLT,3876,,0,319
US,5265,TYR,3848,DFW,3670,,0,ERD ER4
US,5265,BWI,3849,DFW,3670,,0,M83 M80
US,5265,BWI,3849,ORD,3830,Y,0,E75 ER4 CR7
US,5265,BWI,3849,CLT,3876,,0,E90 321 752 319 734 320
US,5265,TUL,3855,MIA,3576,,0,738
US,5265,TUL,3855,DFW,3670,,0,M80 738 M83 757
US,5265,TUL,3855,ORD,3830,,0,738
US,5265,ISP,3857,PHL,3752,Y,0,CRJ DH8
US,5265,MSY,3861,PHL,3752,,0,319 E90
US,5265,MSY,3861,ORD,3830,Y,0,E75
US,5265,MSY,3861,CLT,3876,,0,319 320
US,5265,OKC,3863,LAX,3484,Y,0,CR7
US,5265,CLT,3876,YOW,100,Y,0,CRJ
US,5265,CLT,3876,YYZ,193,Y,0,E75 CRJ
US,5265,CLT,3876,FRA,340,,0,333 332
US,5265,CLT,3876,DUB,599,,0,752
US,5265,CLT,3876,PLS,1754,,0,321
US,5265,CLT,3876,MBJ,1780,,0,319 321 320
US,5265,CLT,3876,CZM,1800,,0,319
US,5265,CLT,3876,FPO,1948,Y,0,CR7
US,5265,CLT,3876,BZE,1957,,0,319
US,5265,CLT,3876,GRU,2564,,0,332
US,5265,CLT,3876,STT,2883,,0,752 762
US,5265,CLT,3876,SJU,2890,,0,321
US,5265,CLT,3876,GNV,3472,,0,CRJ
US,5265,CLT,3876,MEM,3473,,0,CR7 319
US,5265,CLT,3876,CLE,3486,,0,319
US,5265,CLT,3876,MYR,3515,,0,CR7
US,5265,CLT,3876,DCA,3520,,0,319 320 E90
US,5265,CLT,3876,MDT,3542,,0,319 CR7
US,5265,CLT,3876,IAH,3550,,0,734 319 321 320
US,5265,CLT,3876,PNS,3564,Y,0,CR9
US,5265,CLT,3876,SEA,3577,,0,320 321 319
US,5265,CLT,3876,CHA,3578,,0,CRJ
US,5265,CLT,3876,SAT,3621,,0,319
US,5265,CLT,3876,RDU,3626,,0,320 734 319 321 E90
US,5265,CLT,3876,DAY,3627,,0,CRJ CR7
US,5265,CLT,3876,PHF,3633,,0,CRJ
US,5265,CLT,3876,TPA,3646,,0,320 321 319 734
US,5265,CLT,3876,AGS,3658,,0,CRJ
US,5265,CLT,3876,DFW,3670,,0,M80 321 319 M83 320 734 752
US,5265,CLT,3876,STL,3678,,0,319
US,5265,CLT,3876,ATL,3682,,0,320 321 319
US,5265,CLT,3876,TLH,3698,,0,CRJ CR7
US,5265,CLT,3876,JAX,3712,,0,319 734
US,5265,CLT,3876,MKE,3717,,0,CR7
US,5265,CLT,3876,PBI,3722,,0,320 319 734
US,5265,CLT,3876,DSM,3729,Y,0,CR9
US,5265,CLT,3876,SAN,3731,,0,320 321
US,5265,CLT,3876,SYR,3745,,0,319 320
US,5265,CLT,3876,RSW,3793,,0,320 321 319 734
US,5265,CLT,3876,SMF,3817,,0,321
US,5265,CLT,3876,BDL,3825,,0,319 321 320
US,5265,CLT,3876,ORD,3830,,0,321 320 E90
US,5265,CLT,3876,MSP,3858,,0,319 321 320
US,5265,CLT,3876,ALB,3864,,0,319
US,5265,CLT,3876,FLO,3879,Y,0,DH8 CRJ DH3
US,5265,CLT,3876,DAB,3950,,0,CR7
US,5265,CLT,3876,MHT,4011,Y,0,CR9
US,5265,CLT,3876,SDF,4014,,0,CR7 CRJ
US,5265,CLT,3876,ROA,4016,,0,CRJ
US,5265,CLT,3876,LEX,4017,,0,CR7
US,5265,CLT,3876,GSP,4034,,0,CRJ
US,5265,CLT,3876,GPT,4038,,0,CR7 CRJ
US,5265,CLT,3876,HSV,4113,,0,CRJ CR7
US,5265,CLT,3876,MGM,4115,Y,0,CRJ
US,5265,CLT,3876,ABE,4355,Y,0,CR7 CRJ CR9
US,5265,CLT,3876,OAJ,4386,,0,CRJ CR7
US,5265,CLT,3876,HTS,5742,Y,0,DH3 DH8
US,5265,CLT,3876,PGV,6959,,0,CRJ
US,5265,CLT,3876,HHH,8314,Y,0,DH8
US,5265,LAS,3877,DCA,3520,,0,320 319
US,5265,LAS,3877,DFW,3670,,0,M80 738 M83 757
US,5265,LAS,3877,PHL,3752,,0,320 321
US,5265,LAS,3877,JFK,3797,,0,738
US,5265,MCO,3878,BOG,2709,,0,319
US,5265,MCO,3878,PHX,3462,,0,321 320
US,5265,MCO,3878,MIA,3576,,0,757 738
US,5265,FLO,3879,CLT,3876,Y,0,CRJ DH8 DH3
US,5265,ELM,3946,PHL,3752,Y,0,DH8
US,5265,MRY,3948,PHX,3462,Y,0,CRJ
US,5265,MRY,3948,LAX,3484,Y,0,CRJ
US,5265,HVN,4006,PHL,3752,Y,0,DH8
US,5265,GSO,4008,DFW,3670,,0,ER4
US,5265,GSO,4008,PHL,3752,Y,0,E75 CRJ E70
US,5265,FSD,4009,DFW,3670,Y,0,ER4 CRJ
US,5265,FSD,4009,ORD,3830,,0,ERD
US,5265,SDF,4014,LGA,3697,,0,ERD
US,5265,SDF,4014,CLT,3876,,0,319 CRJ CR7
US,5265,ROA,4016,PHL,3752,Y,0,DH8
US,5265,LEX,4017,DFW,3670,,0,ERD
US,5265,LEX,4017,CLT,3876,,0,CR7
US,5265,EVV,4018,DFW,3670,Y,0,ERD
US,5265,ABQ,4019,DFW,3670,,0,M83 M80
US,5265,TVC,4023,ORD,3830,Y,0,ERD ER4
US,5265,GPT,4038,DFW,3670,,0,ERD ER4
US,5265,GPT,4038,CLT,3876,,0,CR7 CRJ
US,5265,CID,4043,ORD,3830,Y,0,ER4
US,5265,PIA,4046,ORD,3830,,0,ERD
US,5265,MHK,4050,DFW,3670,,0,ER4
US,5265,GJT,4063,DFW,3670,Y,0,ER4
US,5265,SRQ,4067,DCA,3520,Y,0,CRJ
US,5265,SRQ,4067,CLT,3876,Y,0,CR9 E75
US,5265,BDA,4069,MIA,3576,,0,738
US,5265,MLI,4072,DFW,3670,Y,0,ERD ER4
US,5265,MLI,4072,ORD,3830,Y,0,ER4 ERD
US,5265,FNC,4091,LIS,1638,Y,0,319 320
US,5265,CAK,4112,PHL,3752,,0,CRJ
US,5265,HSV,4113,DCA,3520,,0,CRJ
US,5265,MGM,4115,DFW,3670,Y,0,ERD ER4
US,5265,TRI,4116,CLT,3876,,0,CRJ
US,5265,BGM,4129,PHL,3752,Y,0,DH8
US,5265,FLG,4261,PHX,3462,Y,0,CRJ
US,5265,ERI,4276,PHL,3752,Y,0,DH8
US,5265,AVP,4286,CLT,3876,,0,CRJ
US,5265,FAR,4292,ORD,3830,Y,0,ER4
US,5265,SGF,4348,ORD,3830,Y,0,ER4 ERD
US,5265,ABE,4355,CLT,3876,Y,0,CR9 CR7 CRJ
US,5265,XNA,4356,LAX,3484,Y,0,CR7
US,5265,XNA,4356,ORD,3830,,0,CR7 ER4
US,5265,XNA,4356,CLT,3876,,0,CR7 CRJ
US,5265,ALO,5718,ORD,3830,,0,ERD
US,5265,GRI,5740,DFW,3670,,0,ERD ER4
US,5265,LYH,5753,CLT,3876,Y,0,DH3 CRJ CR7
US,5265,HHH,8314,CLT,3876,Y,0,DH8
US,5265,DOH,11051,MAN,478,,0,333 332
US,5265,DOH,11051,LHR,507,,0,333 332
US,5265,DOH,11051,IAH,3550,,0,77L
HY,5281,FRA,340,TAS,2983,,0,763 764 752
HY,5281,LHR,507,TAS,2983,,0,757
HY,5281,CDG,1382,UGC,6152,,0,764
HY,5281,FCO,1555,TAS,2983,,0,764
HY,5281,SHJ,2191,TAS,2983,,0,763
HY,5281,NRT,2279,TAS,2983,,0,764
HY,5281,TSE,2910,TAS,2983,,0,320
HY,5281,FRU,2912,TAS,2983,,0,320
HY,5281,KBP,2939,TAS,2983,,0,763 764
HY,5281,LED,2948,FEG,6149,,0,757
HY,5281,LED,2948,NMA,6150,,0,752
HY,5281,ROV,2964,TAS,2983,,0,320
HY,5281,VOG,2967,TAS,2983,,0,320
HY,5281,TAS,2983,FRA,340,,0,763 764 752
HY,5281,TAS,2983,FCO,1555,,0,764
HY,5281,TAS,2983,IST,1701,,0,767
HY,5281,TAS,2983,NRT,2279,,0,764
HY,5281,TAS,2983,ALA,2908,,0,320
HY,5281,TAS,2983,SKD,2981,,0,757 320
HY,5281,TAS,2983,UFA,2992,,0,320
HY,5281,TAS,2983,DEL,3093,,0,763 764
HY,5281,TAS,2983,KUL,3304,,0,764
HY,5281,TAS,2983,RIX,3953,,0,763 764
HY,5281,TAS,2983,OVB,4078,,0,320
HY,5281,TAS,2983,TJM,4111,,0,752
HY,5281,TAS,2983,KJA,4374,,0,320
HY,5281,TAS,2983,FEG,6149,,0,320 757
HY,5281,TAS,2983,NMA,6150,,0,752 320
HY,5281,TAS,2983,KSQ,6153,,0,I14 320
HY,5281,TAS,2983,TMJ,6154,,0,I14 757
HY,5281,KZN,2990,SKD,2981,,0,320
HY,5281,KZN,2990,FEG,6149,,0,320
HY,5281,KUL,3304,TAS,2983,,0,764
HY,5281,SIN,3316,KUL,3304,,0,764
HY,5281,BKK,3885,TAS,2983,,0,764 763
HY,5281,RIX,3953,TAS,2983,,0,764 763
HY,5281,RIX,3953,JFK,3797,,0,763 764
HY,5281,DME,4029,SKD,2981,,0,757 320
HY,5281,DME,4029,TAS,2983,,0,764 767
HY,5281,DME,4029,FEG,6149,,0,320
HY,5281,DME,4029,UGC,6152,,0,763 320
HY,5281,DME,4029,NVI,6485,,0,320
HY,5281,TJM,4111,TAS,2983,,0,752
HY,5281,FEG,6149,TAS,2983,,0,757 320
HY,5281,NMA,6150,TAS,2983,,0,752 320
HY,5281,UGC,6152,VOG,2967,,0,320
HY,5281,UGC,6152,BHK,2980,,0,320
HY,5281,UGC,6152,TAS,2983,,0,I14 320 763 764
HY,5281,KSQ,6153,LED,2948,,0,320
HY,5281,KSQ,6153,DME,4029,,0,320
PS,5282,BRU,302,KBP,2939,,0,E90
PS,5282,HEL,421,KBP,2939,,0,735 E90
PS,5282,LCA,1197,LWO,2945,,0,737
PS,5282,CDG,1382,KBP,2939,,0,73H
PS,5282,RHO,1472,KBP,2939,,0,737
PS,5282,FCO,1555,KBP,2939,,0,73R 73N 734
PS,5282,TLV,1590,DOK,2940,,0,734
PS,5282,VIE,1613,LWO,2945,Y,0,DH4
PS,5282,ZRH,1678,KBP,2939,,0,320 73N 735
PS,5282,IST,1701,KBP,2939,,0,73R 738 735
PS,5282,IST,1701,ODS,2947,,0,320 734 738
PS,5282,KBP,2939,WAW,679,,0,73G
PS,5282,KBP,2939,TFS,1056,,0,737
PS,5282,KBP,2939,LCA,1197,,0,73J
PS,5282,KBP,2939,NCE,1354,,0,73N
PS,5282,KBP,2939,HER,1452,,0,737
PS,5282,KBP,2939,LIS,1638,,0,738
PS,5282,KBP,2939,GVA,1665,,0,E90
PS,5282,KBP,2939,DXB,2188,,0,73J 738 73N
PS,5282,KBP,2939,GYD,2922,,0,737
PS,5282,KBP,2939,KGD,2952,,0,73G 735
PS,5282,KBP,2939,JFK,3797,,0,767
PS,5282,KBP,2939,OVB,4078,,0,738
PS,5282,DOK,2940,LCA,1197,,0,737
PS,5282,DNK,2941,TLV,1590,,0,734 73G
PS,5282,DNK,2941,KBP,2939,,0,73N ER4 735
PS,5282,LWO,2945,VIE,1613,Y,0,F70
PS,5282,LWO,2945,KBP,2939,,0,E90 735 736
PS,5282,ODS,2947,IST,1701,,0,320 734 738
PS,5282,ODS,2947,KBP,2939,,0,738 735
PS,5282,ODS,2947,DME,4029,Y,0,319
PS,5282,LED,2948,KBP,2939,,0,E90 734 735 73N
PS,5282,KGD,2952,KBP,2939,,0,73G 735
PS,5282,MSQ,2954,KBP,2939,,0,737
PS,5282,ROV,2964,KBP,2939,,0,73J
PS,5282,JFK,3797,KBP,2939,,0,767
PS,5282,RIX,3953,KBP,2939,Y,0,DH4
PS,5282,TBS,3973,KBP,2939,,0,73R 735 73G 734
PS,5282,DME,4029,KBP,2939,,0,734 738 E90
PS,5282,DME,4029,ODS,2947,Y,0,319
PS,5282,HRK,6105,LCA,1197,,0,737
PS,5282,IFO,6106,KBP,2939,,0,ER4
VF,5297,CGK,3275,SIN,3316,,0,320
VF,5297,SIN,3316,SUB,3928,,0,320
VF,5297,SIN,3316,DPS,3940,,0,320
VF,5297,SUB,3928,SIN,3316,,0,320
VF,5297,DPS,3940,SIN,3316,,0,320
VN,5309,FRA,340,MAD,1229,,0,738
VN,5309,TPE,2276,HAN,3199,,0,321
VN,5309,NRT,2279,HAN,3199,,0,330 777
VN,5309,MNL,2397,SGN,3205,Y,0,320
VN,5309,PNH,3034,HAN,3199,,0,321
VN,5309,PNH,3034,SGN,3205,,0,321
VN,5309,REP,3035,DAD,3196,,0,AT7
VN,5309,REP,3035,HAN,3199,,0,321
VN,5309,HKG,3077,HAN,3199,,0,321
VN,5309,LPQ,3115,HAN,3199,,0,AT7
VN,5309,DAD,3196,HAN,3199,,0,321
VN,5309,DAD,3196,CAN,3370,,0,321
VN,5309,DAD,3196,HGH,3386,,0,321
VN,5309,DAD,3196,PXU,6194,,0,AT7
VN,5309,DAD,3196,WNZ,6392,,0,321
VN,5309,HAN,3199,FRA,340,,0,777
VN,5309,HAN,3199,KHH,2264,,0,321
VN,5309,HAN,3199,TPE,2276,,0,321
VN,5309,HAN,3199,NRT,2279,,0,330 777
VN,5309,HAN,3199,PUS,2372,,0,321
VN,5309,HAN,3199,LPQ,3115,,0,AT7
VN,5309,HAN,3199,VTE,3120,,0,321
VN,5309,HAN,3199,HUI,3201,,0,321
VN,5309,HAN,3199,SGN,3205,,0,321 777 330 332
VN,5309,HAN,3199,RGN,3239,,0,321
VN,5309,HAN,3199,KUL,3304,,0,321
VN,5309,HAN,3199,PEK,3364,,0,321 777
VN,5309,HAN,3199,CAN,3370,,0,321
VN,5309,HAN,3199,CTU,3395,,0,321
VN,5309,HAN,3199,PVG,3406,,0,321
VN,5309,HAN,3199,VDH,4154,,0,AT7
VN,5309,HAN,3199,VII,6195,,0,AT7 321
VN,5309,HUI,3201,HAN,3199,,0,321
VN,5309,PQC,3204,HAN,3199,,0,321
VN,5309,PQC,3204,SGN,3205,,0,321 AT7
VN,5309,PQC,3204,VCA,6191,,0,AT7
VN,5309,SGN,3205,FRA,340,,0,777
VN,5309,SGN,3205,CDG,1382,,0,777
VN,5309,SGN,3205,PUS,2372,,0,321
VN,5309,SGN,3205,MNL,2397,Y,0,320
VN,5309,SGN,3205,PNH,3034,,0,321
VN,5309,SGN,3205,HKG,3077,,0,321 330
VN,5309,SGN,3205,DAD,3196,,0,321
VN,5309,SGN,3205,PQC,3204,,0,321 AT7
VN,5309,SGN,3205,RGN,3239,,0,321
VN,5309,SGN,3205,CGK,3275,,0,321
VN,5309,SGN,3205,SIN,3316,,0,321
VN,5309,SGN,3205,CAN,3370,,0,321
VN,5309,SGN,3205,VKG,4155,,0,AT7
VN,5309,SGN,3205,TBB,4158,Y,0,AT7
VN,5309,SGN,3205,HPH,6188,,0,321
VN,5309,SGN,3205,CXR,6189,,0,332 321 330
VN,5309,SGN,3205,VII,6195,,0,321
VN,5309,SGN,3205,THD,9135,,0,321
VN,5309,RGN,3239,HAN,3199,,0,321
VN,5309,KUL,3304,HAN,3199,,0,321
VN,5309,SIN,3316,HAN,3199,,0,321
VN,5309,SIN,3316,SGN,3205,,0,321
VN,5309,PEK,3364,HAN,3199,,0,321 777
VN,5309,CAN,3370,HAN,3199,,0,321
VN,5309,HGH,3386,DAD,3196,,0,321
VN,5309,BKK,3885,NBO,4059,Y,0,767
VN,5309,ICN,3930,HAN,3199,,0,332 321 330
VN,5309,ICN,3930,SGN,3205,,0,332 321 330
VN,5309,NGO,3942,SGN,3205,,0,321
VN,5309,KIX,3992,SGN,3205,,0,332
VN,5309,DME,4029,HAN,3199,,0,330
VN,5309,NBO,4059,BKK,3885,Y,0,767
VN,5309,VDH,4154,HAN,3199,,0,AT7 321
VN,5309,VDH,4154,SGN,3205,,0,321
VN,5309,CAH,4156,SGN,3205,Y,0,AT7
VN,5309,TBB,4158,HAN,3199,,0,AT7
VN,5309,BMV,6187,DAD,3196,,0,AT7
VN,5309,CXR,6189,DAD,3196,,0,321
VN,5309,CXR,6189,SGN,3205,,0,321 332 330
VN,5309,VCS,6190,SGN,3205,Y,0,AT7
VN,5309,VCS,6190,VCA,6191,Y,0,AT7
VN,5309,UIH,6193,HAN,3199,,0,321
VN,5309,PXU,6194,HAN,3199,,0,AT7
VN,5309,VII,6195,VTE,3120,,0,AT7
VN,5309,VII,6195,HAN,3199,,0,AT7 321
VN,5309,VII,6195,SGN,3205,,0,321
VN,5309,THD,9135,SGN,3205,,0,321
Y4,5325,AGU,1785,CUN,1852,,0,320
Y4,5325,AGU,1785,LAX,3484,,0,320
Y4,5325,CUL,1792,GDL,1804,,0,319
Y4,5325,CUL,1792,MEX,1824,,0,320 319
Y4,5325,CUL,1792,MTY,1825,,0,320
Y4,5325,CUL,1792,TIJ,1847,,0,319 320
Y4,5325,CJS,1796,MTY,1825,,0,320
Y4,5325,CUU,1797,MTY,1825,,0,320
Y4,5325,CUU,1797,TIJ,1847,,0,319
Y4,5325,CUU,1797,CUN,1852,,0,320
Y4,5325,TPQ,1802,TIJ,1847,,0,319
Y4,5325,GDL,1804,CUU,1797,,0,319
Y4,5325,GDL,1804,LAP,1816,,0,319
Y4,5325,GDL,1804,MID,1819,,0,319
Y4,5325,GDL,1804,MXL,1820,,0,320
Y4,5325,GDL,1804,MEX,1824,,0,319 320
Y4,5325,GDL,1804,TGZ,1846,,0,319
Y4,5325,GDL,1804,TIJ,1847,,0,319 320
Y4,5325,GDL,1804,VER,1854,,0,319
Y4,5325,GDL,1804,PHX,3462,,0,320
Y4,5325,GDL,1804,LAX,3484,,0,320 319
Y4,5325,GDL,1804,MDW,3747,,0,319
Y4,5325,GDL,1804,SMF,3817,,0,319 320
Y4,5325,BJX,1815,TIJ,1847,,0,320 319
Y4,5325,LAP,1816,TIJ,1847,,0,320
Y4,5325,MLM,1821,TIJ,1847,,0,320 319
Y4,5325,MLM,1821,LAX,3484,,0,320
Y4,5325,MLM,1821,MDW,3747,,0,319
Y4,5325,MEX,1824,CJS,1796,,0,319
Y4,5325,MEX,1824,HMO,1807,,0,319
Y4,5325,MEX,1824,MTY,1825,,0,320
Y4,5325,MEX,1824,PVR,1836,,0,319 320
Y4,5325,MEX,1824,DEN,3751,,0,320
Y4,5325,MTY,1825,CUL,1792,,0,320
Y4,5325,MTY,1825,CJS,1796,,0,320
Y4,5325,MTY,1825,GDL,1804,,0,320 319
Y4,5325,MTY,1825,MEX,1824,,0,320
Y4,5325,MTY,1825,SJD,1840,,0,320
Y4,5325,MTY,1825,TIJ,1847,,0,320 319
Y4,5325,MTY,1825,VER,1854,,0,320
Y4,5325,MZT,1826,MEX,1824,,0,319
Y4,5325,UPN,1835,LAX,3484,,0,320 319
Y4,5325,PVR,1836,MEX,1824,,0,319 320
Y4,5325,SJD,1840,TIJ,1847,,0,320
Y4,5325,TGZ,1846,GDL,1804,,0,319
Y4,5325,TIJ,1847,ACA,1783,,0,319
Y4,5325,TIJ,1847,AGU,1785,,0,320
Y4,5325,TIJ,1847,CUL,1792,,0,319 320
Y4,5325,TIJ,1847,CEN,1794,,0,320
Y4,5325,TIJ,1847,HMO,1807,,0,319
Y4,5325,TIJ,1847,CLQ,1808,,0,320
Y4,5325,TIJ,1847,MTY,1825,,0,320 319
Y4,5325,TIJ,1847,OAX,1829,,0,319
Y4,5325,TIJ,1847,PVR,1836,,0,319
Y4,5325,TIJ,1847,SJD,1840,,0,320
Y4,5325,TIJ,1847,VER,1854,,0,320
Y4,5325,TIJ,1847,ZCL,1855,,0,320
Y4,5325,CUN,1852,AGU,1785,,0,320
Y4,5325,CUN,1852,GDL,1804,,0,320 319
Y4,5325,CUN,1852,BJX,1815,,0,320
Y4,5325,CUN,1852,QRO,1838,,0,320 319
Y4,5325,VER,1854,MTY,1825,,0,320
Y4,5325,VER,1854,TIJ,1847,,0,320
Y4,5325,ZCL,1855,MDW,3747,,0,319
Y4,5325,ZLO,1858,TIJ,1847,,0,319
Y4,5325,PHX,3462,GDL,1804,,0,320
Y4,5325,PHX,3462,MEX,1824,,0,319
Y4,5325,LAX,3484,AGU,1785,,0,320
Y4,5325,SAT,3621,GDL,1804,,0,319 320
Y4,5325,ONT,3734,GDL,1804,,0,319
Y4,5325,DEN,3751,MEX,1824,,0,320
Y4,5325,ORD,3830,MEX,1824,,0,320
Y4,5325,LAS,3877,MEX,1824,,0,319
Y4,5325,MCO,3878,MEX,1824,,0,319 320
VX,5331,PVR,1836,SFO,3469,,0,320
VX,5331,SFO,3469,SJD,1840,,0,320
VX,5331,SFO,3469,CUN,1852,,0,320
VX,5331,SFO,3469,FLL,3533,,0,320
VX,5331,SFO,3469,DFW,3670,,0,320 319
VX,5331,SFO,3469,AUS,3673,,0,319
VX,5331,SFO,3469,IAD,3714,,0,320 319
VX,5331,SFO,3469,SAN,3731,,0,319 320
VX,5331,SFO,3469,MCO,3878,,0,320
VX,5331,LAX,3484,SFO,3469,,0,320 319
VX,5331,LAX,3484,EWR,3494,,0,320
VX,5331,LAX,3484,LAS,3877,,0,320
VX,5331,LAX,3484,MCO,3878,,0,320
VX,5331,AUS,3673,SFO,3469,,0,319
VX,5331,IAD,3714,SFO,3469,,0,319 320
VX,5331,PDX,3720,SFO,3469,,0,320
VX,5331,JFK,3797,SFO,3469,,0,320
VX,5331,ORD,3830,LAX,3484,,0,320
TV,5333,PEK,3364,INC,4085,,0,319
TV,5333,HGH,3386,CTU,3395,,0,319
TV,5333,NKG,3388,XNN,6366,,0,319
TV,5333,SHA,3391,CKG,3393,,0,319
TV,5333,CKG,3393,LXA,4097,,0,319
TV,5333,CTU,3395,HGH,3386,,0,319
TV,5333,INC,4085,PEK,3364,,0,319
TV,5333,INC,4085,LXA,4097,,0,319
TV,5333,XNN,6366,CTU,3395,,0,319
TV,5333,XNN,6366,LXA,4097,,0,319
TV,5333,XNN,6366,YUS,7894,,0,319
TV,5333,BPX,6396,LXA,4097,,0,319
TV,5333,LZY,6402,CTU,3395,,0,319
TV,5333,YUS,7894,XNN,6366,,0,319
TV,5333,NGQ,7932,LXA,4097,,0,319
VS,5347,MUC,346,MAN,478,Y,0,77W
VS,5347,MUC,346,SIN,3316,Y,0,77W
VS,5347,MAN,478,MUC,346,Y,0,77W
VS,5347,MAN,478,ATL,3682,Y,0,76W
VS,5347,MAN,478,LAS,3877,,0,744
VS,5347,MAN,478,MCO,3878,,0,744
VS,5347,LGW,502,HAV,1909,,0,744
VS,5347,LGW,502,ANU,2874,,0,333
VS,5347,LGW,502,UVF,2894,,0,333
VS,5347,LGW,502,PEK,3364,,0,330
VS,5347,LHR,507,LOS,273,,0,346
VS,5347,LHR,507,EDI,535,Y,0,320
VS,5347,LHR,507,SIN,3316,Y,0,388 77W
VS,5347,LHR,507,PEK,3364,Y,0,773
VS,5347,LHR,507,MIA,3576,,0,744 333
VS,5347,LHR,507,IAD,3714,,0,333
VS,5347,LHR,507,MSP,3858,,0,764
VS,5347,GLA,534,MCO,3878,,0,744
VS,5347,MBJ,1780,LGW,502,,0,744
VS,5347,MEX,1824,ATL,3682,Y,0,73H 73W 738
VS,5347,MTY,1825,ATL,3682,Y,0,CR9
VS,5347,CUN,1852,LGW,502,,0,744
VS,5347,DXB,2188,LHR,507,,0,333
VS,5347,NRT,2279,LHR,507,,0,346
VS,5347,HND,2359,LHR,507,,0,77W
VS,5347,BGI,2875,MAN,478,,0,744
VS,5347,SJU,2890,ATL,3682,Y,0,73H 757 753
VS,5347,UVF,2894,LGW,502,,0,333
VS,5347,HKG,3077,LHR,507,,0,346
VS,5347,DEL,3093,LHR,507,,0,333 346
VS,5347,SIN,3316,MUC,346,Y,0,77W
VS,5347,SIN,3316,LHR,507,Y,0,77W 388
VS,5347,PEK,3364,LHR,507,Y,0,773
VS,5347,PVG,3406,LHR,507,,0,346
VS,5347,BOS,3448,LHR,507,,0,764 333
VS,5347,MCI,3458,ATL,3682,Y,0,M88 M90 757
VS,5347,EWR,3494,ATL,3682,Y,0,717 319
VS,5347,IAH,3550,ATL,3682,Y,0,M88 717 319
VS,5347,IND,3585,ATL,3682,Y,0,M88 320 M90
VS,5347,SAV,3613,ATL,3682,Y,0,M88 717 319
VS,5347,SAT,3621,ATL,3682,Y,0,757 M90 320
VS,5347,RDU,3626,ATL,3682,Y,0,M90 M88 320 739
VS,5347,TPA,3646,ATL,3682,Y,0,757 739
VS,5347,AUS,3673,ATL,3682,Y,0,M90 M88
VS,5347,ATL,3682,MEX,1824,Y,0,73W 73H
VS,5347,ATL,3682,MTY,1825,Y,0,CR9
VS,5347,ATL,3682,CUN,1852,Y,0,M88
VS,5347,ATL,3682,SJU,2890,Y,0,757
VS,5347,ATL,3682,EWR,3494,Y,0,717 319
VS,5347,ATL,3682,FLL,3533,Y,0,M90 757
VS,5347,ATL,3682,IND,3585,Y,0,M88 M90
VS,5347,ATL,3682,SAV,3613,Y,0,M88 717 319
VS,5347,ATL,3682,TUS,3636,Y,0,M90
VS,5347,ATL,3682,DTW,3645,Y,0,M90 757
VS,5347,ATL,3682,AUS,3673,Y,0,M90 M88
VS,5347,ATL,3682,BNA,3690,Y,0,319 320 M88 738 73H 717
VS,5347,ATL,3682,PBI,3722,Y,0,757
VS,5347,ATL,3682,SJC,3748,Y,0,738
VS,5347,ATL,3682,CHS,3806,Y,0,M88 320 73W 717 319
VS,5347,ATL,3682,BHM,3811,Y,0,M88
VS,5347,ATL,3682,MSY,3861,Y,0,M88 M90 757
VS,5347,ATL,3682,LAS,3877,Y,0,757 753 738
VS,5347,ATL,3682,SDF,4014,Y,0,M88 M90
VS,5347,JAX,3712,ATL,3682,Y,0,757 739
VS,5347,PBI,3722,ATL,3682,Y,0,757 M90
VS,5347,JFK,3797,ATL,3682,Y,0,752 319 738 757 M88
VS,5347,CHS,3806,ATL,3682,Y,0,717 73W M88 319
VS,5347,BHM,3811,ATL,3682,Y,0,M88
VS,5347,MSP,3858,LHR,507,,0,764
VS,5347,MSY,3861,ATL,3682,Y,0,M90 757 M88
VS,5347,OKC,3863,ATL,3682,Y,0,M88 CR9
VS,5347,CLT,3876,ATL,3682,Y,0,M90 M88
VS,5347,LAS,3877,LGW,502,,0,744
VS,5347,MCO,3878,MAN,478,,0,744
VS,5347,SDF,4014,ATL,3682,Y,0,M88 M90
VS,5347,SRQ,4067,ATL,3682,Y,0,M90
LC,5354,OLL,,BZV,883,,0,737
LC,5354,COO,245,PNR,886,,0,737
LC,5354,BZV,883,OLL,,,0,737
LC,5354,BZV,883,COO,245,,0,737
LC,5354,BZV,883,PNR,886,,0,737
VA,5360,MAN,478,MUC,346,Y,0,77W
VA,5360,CPT,797,JNB,813,Y,0,772
VA,5360,MEX,1824,ATL,3682,Y,0,73H 73W 738
VA,5360,CUN,1852,ATL,3682,Y,0,757 320 M88
VA,5360,NAN,1960,BNE,3320,Y,0,73H
VA,5360,TBU,1963,AKL,2006,Y,0,73H
VA,5360,TBU,1963,SYD,3361,Y,0,73H
VA,5360,VLI,1997,BNE,3320,Y,0,73H
VA,5360,AKL,2006,OOL,3321,Y,0,320 73H
VA,5360,AKL,2006,MEL,3339,Y,0,73H 773 320
VA,5360,CHC,2009,BNE,3320,,0,320
VA,5360,CHC,2009,SYD,3361,,0,320
VA,5360,WLG,2042,MEL,3339,,0,320
VA,5360,AUH,2179,SIN,3316,Y,0,332
VA,5360,PNH,3034,SIN,3316,Y,0,320
VA,5360,REP,3035,DAD,3196,Y,0,738
VA,5360,HKT,3179,PER,3351,Y,0,73H
VA,5360,SIN,3316,AUH,2179,Y,0,332
VA,5360,SIN,3316,BNE,3320,Y,0,333 332
VA,5360,SIN,3316,PER,3351,Y,0,333 772
VA,5360,SIN,3316,SYD,3361,Y,0,388 772 773
VA,5360,SIN,3316,DRW,3999,Y,0,320
VA,5360,BNE,3320,POM,5,Y,0,73H
VA,5360,BNE,3320,NAN,1960,Y,0,73H
VA,5360,BNE,3320,DUD,2011,Y,0,73H
VA,5360,BNE,3320,ZQN,2030,Y,0,73H
VA,5360,BNE,3320,WLG,2042,,0,73H
VA,5360,BNE,3320,CNS,3322,Y,0,73H E90 73W
VA,5360,BNE,3320,TSV,3330,Y,0,73H E90 73W
VA,5360,BNE,3320,DPS,3940,,0,73H
VA,5360,BNE,3320,EMD,3990,Y,0,AT7
VA,5360,BNE,3320,BDB,4218,,0,AT7
VA,5360,BNE,3320,NTL,4320,Y,0,73W E90 73H
VA,5360,OOL,3321,AKL,2006,Y,0,73H 320
VA,5360,OOL,3321,MEL,3339,Y,0,73H
VA,5360,OOL,3321,ADL,3341,Y,0,73H
VA,5360,OOL,3321,CBR,3355,Y,0,E90
VA,5360,CNS,3322,MEL,3339,Y,0,73H
VA,5360,ISA,3324,BNE,3320,Y,0,E90
VA,5360,MKY,3326,BNE,3320,Y,0,73H 73W E90
VA,5360,MKY,3326,SYD,3361,Y,0,73H E90
VA,5360,TSV,3330,BNE,3320,Y,0,73H E90 73W
VA,5360,HBA,3336,BNE,3320,Y,0,73H E90
VA,5360,LST,3337,MEL,3339,Y,0,73H E90
VA,5360,LST,3337,SYD,3361,Y,0,73H
VA,5360,MEL,3339,NAN,1960,Y,0,73H
VA,5360,MEL,3339,WLG,2042,,0,320
VA,5360,MEL,3339,MCY,3325,Y,0,73H
VA,5360,MEL,3339,HBA,3336,Y,0,73H E90
VA,5360,MEL,3339,ADL,3341,Y,0,73H E90
VA,5360,MEL,3339,KGI,3346,Y,0,E90
VA,5360,MEL,3339,PER,3351,Y,0,332 73H
VA,5360,MEL,3339,SYD,3361,Y,0,73H E90 73W
VA,5360,MEL,3339,DRW,3999,Y,0,73H
VA,5360,MEL,3339,HTI,6242,,0,73H
VA,5360,ADL,3341,BNE,3320,Y,0,E90 73H 73W
VA,5360,PER,3351,AKL,2006,Y,0,772
VA,5360,PER,3351,SIN,3316,,0,772
VA,5360,PER,3351,PHE,3349,Y,0,E90 73H 100
VA,5360,PER,3351,BME,4319,,0,100
VA,5360,PER,3351,ALH,6235,,0,F50
VA,5360,PER,3351,ZNE,6310,,0,320
VA,5360,PER,3351,RVT,7577,,0,F50
VA,5360,XCH,3353,CCK,6315,,0,E90
VA,5360,CBR,3355,ADL,3341,Y,0,E90
VA,5360,CFS,3356,MEL,3339,Y,0,73H
VA,5360,CFS,3356,SYD,3361,Y,0,E90 73H
VA,5360,SYD,3361,APW,1969,Y,0,73H
VA,5360,SYD,3361,CHC,2009,,0,320
VA,5360,SYD,3361,SIN,3316,Y,0,773 388 772
VA,5360,SYD,3361,MKY,3326,Y,0,73H E90
VA,5360,SYD,3361,HBA,3336,Y,0,73H E90
VA,5360,SYD,3361,ADL,3341,Y,0,73H 73W
VA,5360,SYD,3361,CBR,3355,,0,AT7
VA,5360,SYD,3361,LAX,3484,,0,77W
VA,5360,SYD,3361,PQQ,6320,Y,0,AT7
VA,5360,LAX,3484,BNE,3320,,0,77W
VA,5360,LAX,3484,SYD,3361,,0,77W
VA,5360,MIA,3576,ATL,3682,Y,0,M88 757 M90 73H
VA,5360,IND,3585,ATL,3682,Y,0,M88 320 M90
VA,5360,ATL,3682,MEX,1824,Y,0,73W 738 73H
VA,5360,ATL,3682,SJD,1840,Y,0,73W 738
VA,5360,ATL,3682,CUN,1852,Y,0,M88 757 320
VA,5360,ATL,3682,IAH,3550,Y,0,M88 717 320 319
VA,5360,CMH,3759,ATL,3682,Y,0,M88 73W 738 319
VA,5360,DPS,3940,BNE,3320,,0,73H
VA,5360,DPS,3940,MEL,3339,,0,73H
VA,5360,DPS,3940,ADL,3341,,0,73H
VA,5360,DPS,3940,PHE,3349,,0,100
VA,5360,DPS,3940,SYD,3361,Y,0,73H
VA,5360,EMD,3990,BNE,3320,Y,0,AT7
VA,5360,DRW,3999,SIN,3316,Y,0,320
VA,5360,DRW,3999,MEL,3339,Y,0,73H
VA,5360,AYQ,4010,SYD,3361,Y,0,E90
VA,5360,HIR,4074,BNE,3320,Y,0,73H
VA,5360,BME,4319,PER,3351,,0,100
VA,5360,NTL,4320,BNE,3320,Y,0,73W E90 73H
VA,5360,NTL,4320,MEL,3339,Y,0,73H E90
VA,5360,HTI,6242,BNE,3320,Y,0,73W 73H
VA,5360,HTI,6242,SYD,3361,Y,0,73H
VA,5360,GET,6268,PER,3351,,0,F50 100
VA,5360,ZNE,6310,PER,3351,,0,320
VA,5360,PQQ,6320,BNE,3320,Y,0,AT7
VA,5360,PQQ,6320,SYD,3361,Y,0,AT7
VA,5360,BQB,9090,ALH,6235,,0,F50
RG,5368,ZDY,8962,AZI,2180,,0,ERJ
WJ,5399,ZGS,,YNA,94,,0,DHT
WJ,5399,ZGS,,YHR,5503,,0,DHT BE1
WJ,5399,YNA,94,ZGS,,,0,DHT
WJ,5399,YNA,94,YZV,202,,0,BE1
WJ,5399,YZV,202,YNA,94,,0,BE1
WJ,5399,YRG,5461,YYR,188,,0,DHT
WJ,5399,YRG,5461,YMN,5492,,0,DHT
WJ,5399,ZTB,5473,YHR,5503,,0,DHT
WJ,5399,YBX,5485,YIF,6789,,0,DHT BE1
WJ,5399,YDP,5488,YYR,188,,0,DHT
WJ,5399,YMN,5492,YRG,5461,,0,DHT
WJ,5399,YHO,5502,YSO,7252,,0,DHT
WJ,5399,YHR,5503,ZGS,,,0,DHT BE1
WJ,5399,YIF,6789,ZLT,5474,,0,DHT
WJ,5399,YIF,6789,YHR,5503,,0,BE1
WJ,5399,YSO,7252,YHO,5502,,0,DHT
WS,5416,YBR,31,YYC,178,,0,DH4
WS,5416,YEG,49,YMM,90,,0,73W DH4
WS,5416,YEG,49,YQR,120,,0,DH4
WS,5416,YEG,49,YXE,166,,0,DH4
WS,5416,YEG,49,YXX,175,,0,73W
WS,5416,YEG,49,YYC,178,,0,73W DH4
WS,5416,YEG,49,YYZ,193,,0,73H 73W
WS,5416,YHM,70,YEG,49,,0,73W
WS,5416,YHZ,73,PUJ,1760,,0,73W
WS,5416,YHZ,73,CUN,1852,,0,73W
WS,5416,YHZ,73,MCO,3878,,0,73W
WS,5416,YLW,87,YVR,156,,0,73W DH4
WS,5416,YOW,100,YHZ,73,,0,73W
WS,5416,YOW,100,YWG,160,,0,73W
WS,5416,YQM,117,YHM,70,,0,73W
WS,5416,YQQ,119,YEG,49,,0,73W
WS,5416,YQR,120,YEG,49,,0,DH4
WS,5416,YQR,120,YVR,156,,0,73W
WS,5416,YQR,120,YWG,160,,0,DH4
WS,5416,YQR,120,YYZ,193,,0,73W
WS,5416,YQR,120,LAS,3877,,0,73H
WS,5416,YQT,121,YYZ,193,,0,73W 736
WS,5416,YUL,146,YWG,160,,0,73W
WS,5416,YUL,146,YYC,178,,0,73W
WS,5416,YUL,146,YYZ,193,,0,73W 736
WS,5416,YUL,146,LGA,3697,Y,0,CR7 ERJ
WS,5416,YUL,146,JFK,3797,,0,ERJ CRJ
WS,5416,YVR,156,YQR,120,,0,73W
WS,5416,YVR,156,YWG,160,,0,736 73W
WS,5416,YVR,156,YXJ,168,,0,DH4
WS,5416,YVR,156,YYJ,184,,0,DH4
WS,5416,YVR,156,PVR,1836,,0,73W
WS,5416,YVR,156,OGG,3456,,0,73H
WS,5416,YVR,156,SFO,3469,,0,73W
WS,5416,YVR,156,LAX,3484,,0,73H 73W
WS,5416,YVR,156,KOA,3514,,0,73H
WS,5416,YVR,156,ORD,3830,,0,73W
WS,5416,YVR,156,PSP,3839,,0,73W
WS,5416,YWG,160,YOW,100,,0,73W
WS,5416,YWG,160,YQR,120,,0,DH4
WS,5416,YWG,160,YQT,121,,0,73W 736
WS,5416,YWG,160,YVR,156,,0,73W 736
WS,5416,YXE,166,YVR,156,,0,73W
WS,5416,YXE,166,YWG,160,,0,DH4
WS,5416,YXE,166,YYC,178,,0,73W DH4
WS,5416,YXJ,168,YVR,156,,0,DH4
WS,5416,YXS,172,YVR,156,,0,DH4 73W
WS,5416,YXT,173,YVR,156,,0,DH4
WS,5416,YXU,174,YWG,160,,0,73W
WS,5416,YXX,175,YYC,178,,0,73W 736
WS,5416,YYC,178,YBR,31,,0,DH4
WS,5416,YYC,178,YEG,49,,0,DH4 73W 736
WS,5416,YYC,178,YKF,79,,0,73W
WS,5416,YYC,178,YQQ,119,,0,73W 73H 736
WS,5416,YYC,178,YWG,160,,0,73W 736
WS,5416,YYC,178,YXE,166,,0,73W DH4
WS,5416,YYC,178,PVR,1836,,0,73H
WS,5416,YYC,178,SJD,1840,,0,73H 73W
WS,5416,YYC,178,DFW,3670,,0,73W
WS,5416,YYC,178,ORD,3830,,0,73W
WS,5416,YYC,178,PSP,3839,,0,73H 73W
WS,5416,YYC,178,LAS,3877,,0,73H 73W
WS,5416,YYC,178,MCO,3878,,0,73W
WS,5416,YYJ,184,YEG,49,,0,73W
WS,5416,YYT,189,YYZ,193,,0,73H 73W
WS,5416,YYZ,193,YHZ,73,,0,73W 736
WS,5416,YYZ,193,YUL,146,,0,73W 736
WS,5416,YYZ,193,YYC,178,,0,73W 73H 736
WS,5416,YYZ,193,YYG,182,,0,73W 736
WS,5416,YYZ,193,YYJ,184,,0,73W
WS,5416,YYZ,193,YYT,189,,0,73W 73H
WS,5416,YYZ,193,CUN,1852,,0,73H 73W
WS,5416,YYZ,193,LIR,1881,,0,73W
WS,5416,YYZ,193,CCC,1901,,0,73W
WS,5416,YYZ,193,VRA,1923,,0,73W 73H
WS,5416,YYZ,193,ANU,2874,,0,73W
WS,5416,YYZ,193,SJU,2890,,0,73W
WS,5416,YYZ,193,POS,2902,,0,73W
WS,5416,YYZ,193,MYR,3515,,0,73W
WS,5416,YYZ,193,ATL,3682,Y,0,CR9 CR7
WS,5416,YYZ,193,LGA,3697,,0,736 73W
WS,5416,YYZ,193,JFK,3797,,0,CR7 CRJ ERJ
WS,5416,YYZ,193,BDA,4069,,0,73W
WS,5416,YZF,196,YEG,49,,0,73W 736
WS,5416,PLS,1754,YYZ,193,,0,73H
WS,5416,KIN,1779,YYZ,193,,0,73H
WS,5416,PVR,1836,YVR,156,,0,73W
WS,5416,SJD,1840,YYC,178,,0,73H 73W
WS,5416,CUN,1852,YEG,49,,0,73W
WS,5416,CUN,1852,YYZ,193,,0,73H 73W
WS,5416,LIR,1881,YYZ,193,,0,73W
WS,5416,CCC,1901,YYZ,193,,0,73W
WS,5416,SNU,1918,YYZ,193,,0,73W
WS,5416,VRA,1923,YYZ,193,,0,73W 73H
WS,5416,NAS,1953,YYZ,193,,0,73W
WS,5416,SJU,2890,YYZ,193,,0,73W
WS,5416,UVF,2894,YYZ,193,,0,73W
WS,5416,AUA,2895,YYZ,193,,0,73W
WS,5416,OGG,3456,YVR,156,,0,73H
WS,5416,PHX,3462,YEG,49,,0,73W 73H
WS,5416,SFO,3469,YYC,178,,0,73W
WS,5416,LAX,3484,YVR,156,,0,73W 73H
WS,5416,MIA,3576,MSY,3861,Y,0,738
WS,5416,DTW,3645,YYZ,193,Y,0,CR7 CRJ
WS,5416,DFW,3670,YVR,156,Y,0,738
WS,5416,DFW,3670,YYC,178,,0,73W
WS,5416,ATL,3682,LGA,3697,Y,0,320 757 M88 738 739 73H 73W
WS,5416,LGA,3697,YUL,146,Y,0,ERJ CR7
WS,5416,LGA,3697,YYZ,193,,0,736 73W
WS,5416,LGA,3697,ATL,3682,Y,0,M88 757 320 738 739 73W
WS,5416,LGA,3697,MSY,3861,Y,0,319 CR9
WS,5416,HNL,3728,YVR,156,,0,73H
WS,5416,RSW,3793,YYZ,193,,0,73W 736
WS,5416,JFK,3797,YYZ,193,,0,CRJ CR7 ERJ
WS,5416,ORD,3830,YVR,156,,0,73W
WS,5416,ORD,3830,YYZ,193,Y,0,CR7 E75 ER4
WS,5416,PSP,3839,YVR,156,,0,73W
WS,5416,PSP,3839,YYC,178,,0,73H 73W
WS,5416,MSP,3858,YYZ,193,Y,0,CRJ
WS,5416,MSY,3861,LGA,3697,Y,0,319 CR9
WS,5416,LAS,3877,YVR,156,,0,73H 73W
WS,5416,LAS,3877,YWG,160,,0,73W
WS,5416,MCO,3878,YHZ,73,,0,73W
WS,5416,MCO,3878,YQM,117,,0,73W
WS,5416,MCO,3878,YYC,178,,0,73W
WF,5439,ABZ,532,BGO,636,,0,DH4 DH3
WF,5439,ABZ,532,SVG,666,,0,DH4
WF,5439,CPH,609,KRS,638,,0,DH4
WF,5439,CPH,609,HAU,645,,0,DH4
WF,5439,CPH,609,TRF,664,,0,DH4
WF,5439,ANX,631,TOS,663,,0,DH1 DH3 DH2
WF,5439,ALF,632,HFT,4325,,0,DH2
WF,5439,ALF,632,VDS,4328,,0,DH2 DH1
WF,5439,BNN,634,BGO,636,,0,DH1
WF,5439,BNN,634,OSL,644,,0,DH3 DH1
WF,5439,BNN,634,SSJ,662,,0,DH1
WF,5439,BNN,634,MQN,5582,,0,DH1
WF,5439,BOO,635,ANX,631,,0,DH1 DH3
WF,5439,BOO,635,BNN,634,,0,DH1
WF,5439,BOO,635,SSJ,662,,0,DH1 DH2
WF,5439,BOO,635,TOS,663,,0,DH4
WF,5439,BOO,635,TRD,665,,0,DH3
WF,5439,BOO,635,MQN,5582,,0,DH1 DH2
WF,5439,BOO,635,RET,5584,,0,DH1
WF,5439,BGO,636,KRS,638,,0,DH4 DH3
WF,5439,BGO,636,HOV,4345,,0,DH1
WF,5439,BGO,636,FDE,4389,,0,DH1
WF,5439,BJF,637,VDS,4328,,0,DH2
WF,5439,BJF,637,VAW,5589,,0,DH2 DH1
WF,5439,KRS,638,BGO,636,,0,DH4 DH3
WF,5439,KRS,638,TRD,665,,0,DH4 DH3
WF,5439,KRS,638,SVG,666,,0,DH3
WF,5439,EVE,641,TOS,663,,0,DH3 DH1 DH2
WF,5439,FRO,643,BGO,636,,0,DH3 DH1
WF,5439,FRO,643,KSU,647,,0,DH3
WF,5439,FRO,643,HOV,4345,,0,DH1
WF,5439,OSL,644,FRO,643,,0,DH1 DH3
WF,5439,OSL,644,SSJ,662,,0,DH1
WF,5439,OSL,644,SDN,5585,,0,DH1
WF,5439,HAU,645,BGO,636,,0,DH4 DH3
WF,5439,HAA,646,TOS,663,,0,DH2 DH1
WF,5439,KKN,649,LKL,653,,0,DH2
WF,5439,KKN,649,TOS,663,,0,DH4 DH2 DH3 DH1
WF,5439,KKN,649,VDS,4328,,0,DH1 DH2
WF,5439,MOL,651,CPH,609,,0,DH4
WF,5439,MJF,652,TRD,665,,0,DH1
WF,5439,LKL,653,TOS,663,,0,DH2 DH3 DH1
WF,5439,RRS,656,OSL,644,,0,DH1
WF,5439,SKE,659,BGO,636,,0,DH3 DH1
WF,5439,SSJ,662,BNN,634,,0,DH1 DH2
WF,5439,SSJ,662,BOO,635,,0,DH1
WF,5439,SSJ,662,OSL,644,,0,DH1
WF,5439,TOS,663,ANX,631,,0,DH1 DH3 DH2
WF,5439,TOS,663,ALF,632,,0,DH1 DH3 DH2
WF,5439,TOS,663,LKL,653,,0,DH2 DH3 DH1
WF,5439,TOS,663,HFT,4325,,0,DH2 DH1
WF,5439,TOS,663,VDS,4328,,0,DH2 DH1
WF,5439,TOS,663,SOJ,5588,,0,DH1 DH2
WF,5439,TRD,665,BOO,635,,0,DH3
WF,5439,TRD,665,KRS,638,,0,DH4 DH3
WF,5439,TRD,665,MJF,652,,0,DH1 DH2
WF,5439,TRD,665,OSY,5581,,0,DH1 DH2
WF,5439,TRD,665,MQN,5582,,0,DH1
WF,5439,SKN,4252,BOO,635,,0,DH1 DH2
WF,5439,HFT,4325,TOS,663,,0,DH2 DH1
WF,5439,HFT,4325,SOJ,5588,,0,DH2
WF,5439,HVG,4326,BVG,4350,,0,DH2
WF,5439,MEH,4327,ALF,632,,0,DH2
WF,5439,MEH,4327,HVG,4326,,0,DH2 DH1
WF,5439,MEH,4327,VDS,4328,,0,DH2 DH1
WF,5439,VDS,4328,HFT,4325,,0,DH2 DH1
WF,5439,HOV,4345,BGO,636,,0,DH1
WF,5439,HOV,4345,FRO,643,,0,DH1
WF,5439,BVG,4350,HFT,4325,,0,DH1
WF,5439,BVG,4350,MEH,4327,,0,DH2
WF,5439,FDE,4389,BGO,636,,0,DH1
WF,5439,FDE,4389,OSL,644,,0,DH1
WF,5439,LKN,5580,RET,5584,,0,DH1 DH2
WF,5439,OSY,5581,TRD,665,,0,DH1
WF,5439,OSY,5581,RVK,5583,,0,DH1 DH2
WF,5439,RVK,5583,OSY,5581,,0,DH1
WF,5439,SDN,5585,SOG,5586,,0,DH1
WF,5439,SOG,5586,OSL,644,,0,DH1
WF,5439,SOG,5586,HOV,4345,,0,DH1
WF,5439,SVJ,5587,BOO,635,,0,DH1 DH2
WF,5439,SVJ,5587,SKN,4252,,0,DH1
WF,5439,SOJ,5588,TOS,663,,0,DH1 DH2
WF,5439,SOJ,5588,HFT,4325,,0,DH1 DH2
WF,5439,VAW,5589,BJF,637,,0,DH2 DH1
W6,5461,MLH,,TZL,,,0,320
W6,5461,MLH,,SKP,1737,,0,320
W6,5461,CRL,304,WAW,679,,0,320
W6,5461,CRL,304,SOF,1194,,0,320
W6,5461,CRL,304,CLJ,1652,,0,320
W6,5461,CRL,304,OTP,1657,,0,320
W6,5461,CGN,344,SKP,1737,,0,320
W6,5461,HHN,355,KTW,671,,0,320
W6,5461,HHN,355,BUD,1489,,0,320
W6,5461,DTM,373,CLJ,1652,,0,320
W6,5461,DTM,373,OTP,1657,,0,320
W6,5461,DTM,373,BEG,1739,,0,320
W6,5461,DTM,373,VNO,3959,,0,320
W6,5461,TKU,460,GDN,668,,0,320
W6,5461,LPL,491,WAW,679,,0,320
W6,5461,LTN,492,GDN,668,,0,320
W6,5461,LTN,492,WAW,679,,0,320
W6,5461,LTN,492,BOJ,1191,,0,320
W6,5461,LTN,492,SOF,1194,,0,320
W6,5461,LTN,492,BUD,1489,,0,320
W6,5461,LTN,492,DEB,1490,,0,320
W6,5461,LTN,492,PRG,1587,,0,320
W6,5461,LTN,492,BEG,1739,,0,320
W6,5461,LTN,492,IEV,2944,,0,320
W6,5461,LTN,492,RIX,3953,,0,320
W6,5461,GLA,534,WAW,679,,0,320
W6,5461,EIN,585,GDN,668,,0,320
W6,5461,EIN,585,DEB,1490,,0,320
W6,5461,EIN,585,CLJ,1652,,0,320
W6,5461,AES,630,VNO,3959,,0,320
W6,5461,BGO,636,GDN,668,,0,320
W6,5461,BGO,636,RIX,3953,,0,320
W6,5461,TRF,664,GDN,668,,0,320
W6,5461,TRF,664,POZ,674,,0,320
W6,5461,TRF,664,SZZ,676,,0,320
W6,5461,TRF,664,WRO,680,,0,320
W6,5461,TRF,664,OTP,1657,,0,320
W6,5461,TRF,664,BEG,1739,,0,320
W6,5461,GDN,668,CGN,344,,0,320
W6,5461,GDN,668,AES,630,,0,320
W6,5461,GDN,668,BGO,636,,0,320
W6,5461,GDN,668,HAU,645,,0,320
W6,5461,GDN,668,TRF,664,,0,320
W6,5461,GDN,668,MMX,708,,0,320
W6,5461,GDN,668,BVA,1367,,0,320
W6,5461,KTW,671,DTM,373,,0,320
W6,5461,KTW,671,LTN,492,,0,320
W6,5461,KTW,671,MMX,708,,0,320
W6,5461,KTW,671,BCN,1218,,0,320
W6,5461,KTW,671,BGY,1525,,0,320
W6,5461,KTW,671,NAP,1561,,0,320
W6,5461,KTW,671,KUT,3972,,0,320
W6,5461,POZ,674,NYO,699,,0,320
W6,5461,POZ,674,BVA,1367,,0,320
W6,5461,SZZ,676,SVG,666,,0,320
W6,5461,WAW,679,LTN,492,,0,320
W6,5461,WAW,679,GLA,534,,0,320
W6,5461,WAW,679,EIN,585,,0,320
W6,5461,WAW,679,BVA,1367,,0,320
W6,5461,WAW,679,BUD,1489,,0,320
W6,5461,WAW,679,BGY,1525,,0,320
W6,5461,WAW,679,KUT,3972,,0,320
W6,5461,WAW,679,HRK,6105,,0,320
W6,5461,WRO,680,TRF,664,,0,320
W6,5461,WRO,680,BVA,1367,,0,320
W6,5461,WRO,680,DSA,5562,,0,320
W6,5461,GSE,691,SKP,1737,,0,320
W6,5461,NYO,699,GDN,668,,0,320
W6,5461,MMX,708,KTW,671,,0,320
W6,5461,MMX,708,SKP,1737,,0,320
W6,5461,MMX,708,BEG,1739,,0,320
W6,5461,SOF,1194,LTN,492,,0,320
W6,5461,SOF,1194,EIN,585,,0,320
W6,5461,SOF,1194,BCN,1218,,0,320
W6,5461,SOF,1194,MAD,1229,,0,320
W6,5461,LCA,1197,SOF,1194,,0,320
W6,5461,LCA,1197,BUD,1489,,0,320
W6,5461,LCA,1197,OTP,1657,,0,320
W6,5461,LCA,1197,BEG,1739,,0,320
W6,5461,BCN,1218,GDN,668,,0,320
W6,5461,BCN,1218,KTW,671,,0,320
W6,5461,BCN,1218,BUD,1489,,0,320
W6,5461,BCN,1218,CLJ,1652,,0,320
W6,5461,BCN,1218,OTP,1657,,0,320
W6,5461,MAD,1229,BUD,1489,,0,320
W6,5461,MAD,1229,OTP,1657,,0,320
W6,5461,VLC,1246,SOF,1194,,0,320
W6,5461,VLC,1246,OTP,1657,,0,320
W6,5461,VLC,1246,TSR,1663,,0,320
W6,5461,ZAZ,1252,CLJ,1652,,0,320
W6,5461,ZAZ,1252,OTP,1657,,0,320
W6,5461,BVA,1367,WRO,680,,0,320
W6,5461,BVA,1367,SOF,1194,,0,320
W6,5461,BVA,1367,TSR,1663,,0,320
W6,5461,BVA,1367,BEG,1739,,0,320
W6,5461,BVA,1367,VNO,3959,,0,320
W6,5461,SKG,1486,BUD,1489,,0,320
W6,5461,BUD,1489,HHN,355,,0,320
W6,5461,BUD,1489,MMX,708,,0,320
W6,5461,BUD,1489,SKG,1486,,0,320
W6,5461,BUD,1489,CTA,1509,,0,320
W6,5461,BUD,1489,MXP,1524,,0,320
W6,5461,BUD,1489,FCO,1555,,0,320
W6,5461,BUD,1489,NAP,1561,,0,320
W6,5461,BUD,1489,TLV,1590,,0,320
W6,5461,BUD,1489,GYD,2922,,0,320
W6,5461,BUD,1489,IEV,2944,,0,320
W6,5461,BGY,1525,GDN,668,,0,320
W6,5461,BGY,1525,SOF,1194,,0,320
W6,5461,BGY,1525,CRA,1654,,0,320
W6,5461,BGY,1525,OTP,1657,,0,320
W6,5461,BGY,1525,TSR,1663,,0,320
W6,5461,BGY,1525,SKP,1737,,0,320
W6,5461,BLQ,1538,CLJ,1652,,0,320
W6,5461,TSF,1539,PRG,1587,,0,320
W6,5461,TSF,1539,TSR,1663,,0,320
W6,5461,TSF,1539,KIV,1735,,0,320
W6,5461,CIA,1553,CLJ,1652,,0,320
W6,5461,CIA,1553,TSR,1663,,0,320
W6,5461,FCO,1555,WAW,679,,0,320
W6,5461,NAP,1561,KTW,671,,0,320
W6,5461,NAP,1561,BUD,1489,,0,320
W6,5461,LJU,1569,LTN,492,,0,320
W6,5461,PRG,1587,LTN,492,,0,320
W6,5461,PRG,1587,BGY,1525,,0,320
W6,5461,TLV,1590,WAW,679,,0,320
W6,5461,TLV,1590,BUD,1489,,0,320
W6,5461,TLV,1590,PRG,1587,,0,320
W6,5461,TLV,1590,CLJ,1652,,0,320
W6,5461,TLV,1590,OTP,1657,,0,320
W6,5461,ARW,1647,BGY,1525,,0,320
W6,5461,CLJ,1652,DTM,373,,0,320
W6,5461,CLJ,1652,LTN,492,,0,320
W6,5461,CLJ,1652,EIN,585,,0,320
W6,5461,CLJ,1652,VLC,1246,,0,320
W6,5461,CLJ,1652,BVA,1367,,0,320
W6,5461,CLJ,1652,BLQ,1538,,0,320
W6,5461,CLJ,1652,TLV,1590,,0,320
W6,5461,CRA,1654,LTN,492,,0,320
W6,5461,CRA,1654,BGY,1525,,0,320
W6,5461,OTP,1657,DTM,373,,0,320
W6,5461,OTP,1657,TRF,664,,0,320
W6,5461,OTP,1657,BCN,1218,,0,320
W6,5461,OTP,1657,CTA,1509,,0,320
W6,5461,OTP,1657,BGY,1525,,0,320
W6,5461,OTP,1657,TSF,1539,,0,320
W6,5461,OTP,1657,CIA,1553,,0,320
W6,5461,OTP,1657,PEG,1567,,0,320
W6,5461,OTP,1657,DWC,8076,,0,320
W6,5461,TSR,1663,DTM,373,,0,320
W6,5461,TSR,1663,LTN,492,,0,320
W6,5461,TSR,1663,BGY,1525,,0,320
W6,5461,TSR,1663,CIA,1553,,0,320
W6,5461,GVA,1665,OTP,1657,,0,320
W6,5461,SKP,1737,MLH,,,0,320
W6,5461,SKP,1737,CGN,344,,0,320
W6,5461,SKP,1737,DTM,373,,0,320
W6,5461,SKP,1737,LTN,492,,0,320
W6,5461,SKP,1737,EIN,585,,0,320
W6,5461,SKP,1737,GSE,691,,0,320
W6,5461,SKP,1737,NYO,699,,0,320
W6,5461,SKP,1737,TSF,1539,,0,320
W6,5461,BEG,1739,LTN,492,,0,320
W6,5461,BEG,1739,GSE,691,,0,320
W6,5461,BEG,1739,LCA,1197,,0,320
W6,5461,BEG,1739,FMM,3986,,0,320
W6,5461,GYD,2922,BUD,1489,,0,320
W6,5461,IEV,2944,BUD,1489,,0,320
W6,5461,RIX,3953,LTN,492,,0,320
W6,5461,RIX,3953,EIN,585,,0,320
W6,5461,VNO,3959,EIN,585,,0,320
W6,5461,VNO,3959,SVG,666,,0,320
W6,5461,VNO,3959,DSA,5562,,0,320
W6,5461,FMM,3986,SKP,1737,,0,320
W6,5461,DSA,5562,WRO,680,,0,320
W6,5461,HRK,6105,WAW,679,,0,320
W6,5461,DWC,8076,SOF,1194,,0,320
W6,5461,DWC,8076,BUD,1489,,0,320
SE,5479,SID,1102,CDG,1382,,0,738
SE,5479,MRS,1353,DZA,915,,0,332
SE,5479,MRS,1353,RUN,916,,0,333
SE,5479,CDG,1382,SID,1102,,0,738
SE,5479,CDG,1382,CUN,1852,,0,332
SE,5479,CDG,1382,FDF,2878,,0,333
SE,5479,PUJ,1760,TLS,1273,,0,332
MF,5484,TSA,2275,FOC,3385,,0,737 738
MF,5484,TPE,2276,CSX,3371,,0,738 330
MF,5484,TPE,2276,XMN,3383,,0,330 738
MF,5484,TPE,2276,JJN,6386,,0,738
MF,5484,CJU,2370,XMN,3383,,0,738
MF,5484,HKG,3077,XMN,3383,,0,738
MF,5484,HKG,3077,WUS,6391,,0,738
MF,5484,MFM,3121,HGH,3386,,0,738
MF,5484,SIN,3316,XMN,3383,,0,738
MF,5484,SIN,3316,FOC,3385,,0,738
MF,5484,PEK,3364,FOC,3385,,0,737
MF,5484,PEK,3364,WUS,6391,,0,737
MF,5484,PEK,3364,HSN,6395,,0,737
MF,5484,TSN,3368,SZX,3374,,0,737
MF,5484,TSN,3368,WUH,3376,,0,737
MF,5484,TSN,3368,XIY,3379,,0,737
MF,5484,TSN,3368,HGH,3386,,0,737
MF,5484,TSN,3368,CKG,3393,,0,737
MF,5484,TSN,3368,DLC,3404,,0,737
MF,5484,TYN,3369,CSX,3371,,0,737
MF,5484,TYN,3369,HGH,3386,,0,737
MF,5484,CAN,3370,XMN,3383,,0,737
MF,5484,CAN,3370,HGH,3386,,0,737
MF,5484,CSX,3371,TPE,2276,,0,738 330
MF,5484,CSX,3371,XIY,3379,,0,737
MF,5484,CSX,3371,XMN,3383,,0,737
MF,5484,CSX,3371,HGH,3386,,0,737
MF,5484,CSX,3371,KWE,3394,,0,737
MF,5484,CSX,3371,URC,3399,,0,737
MF,5484,CSX,3371,JJN,6386,,0,737
MF,5484,CSX,3371,LZO,6399,,0,737
MF,5484,KWL,3372,FOC,3385,,0,737
MF,5484,NNG,3373,XMN,3383,,0,737
MF,5484,SZX,3374,NNG,3373,,0,737
MF,5484,SZX,3374,FOC,3385,,0,737
MF,5484,CGO,3375,LHW,3378,,0,737
MF,5484,CGO,3375,HGH,3386,,0,737
MF,5484,CGO,3375,HRB,3400,,0,737
MF,5484,WUH,3376,TSN,3368,,0,737
MF,5484,WUH,3376,KMG,3382,,0,737
MF,5484,WUH,3376,XMN,3383,,0,737
MF,5484,WUH,3376,HGH,3386,,0,737
MF,5484,WUH,3376,INC,4085,,0,737
MF,5484,WUH,3376,TNA,4108,,0,737
MF,5484,WUH,3376,JJN,6386,,0,737
MF,5484,LHW,3378,WUH,3376,,0,737
MF,5484,XIY,3379,CSX,3371,,0,737
MF,5484,XIY,3379,XMN,3383,,0,737
MF,5484,XIY,3379,FOC,3385,,0,737
MF,5484,XIY,3379,HGH,3386,,0,737
MF,5484,XIY,3379,NKG,3388,,0,737
MF,5484,XIY,3379,URC,3399,,0,737
MF,5484,KMG,3382,WUH,3376,,0,737
MF,5484,KMG,3382,XMN,3383,,0,737
MF,5484,KMG,3382,KHN,3384,,0,737
MF,5484,KMG,3382,FOC,3385,,0,737
MF,5484,KMG,3382,KWE,3394,,0,737
MF,5484,XMN,3383,KHH,2264,,0,E90 738
MF,5484,XMN,3383,CJU,2370,,0,738
MF,5484,XMN,3383,CGK,3275,,0,738
MF,5484,XMN,3383,SIN,3316,,0,738
MF,5484,XMN,3383,PEK,3364,,0,737
MF,5484,XMN,3383,TSN,3368,,0,738 737
MF,5484,XMN,3383,CAN,3370,,0,737
MF,5484,XMN,3383,CSX,3371,,0,737
MF,5484,XMN,3383,NNG,3373,,0,737
MF,5484,XMN,3383,WUH,3376,,0,737
MF,5484,XMN,3383,XIY,3379,,0,737
MF,5484,XMN,3383,NKG,3388,,0,737
MF,5484,XMN,3383,TAO,3390,,0,737
MF,5484,XMN,3383,HAK,4120,,0,737
MF,5484,XMN,3383,WUS,6391,,0,737
MF,5484,XMN,3383,JUH,9843,,0,737
MF,5484,KHN,3384,SZX,3374,,0,737
MF,5484,KHN,3384,CKG,3393,,0,737
MF,5484,FOC,3385,MFM,3121,,0,738
MF,5484,FOC,3385,NNG,3373,,0,737
MF,5484,FOC,3385,SZX,3374,,0,737
MF,5484,FOC,3385,CGO,3375,,0,737 738
MF,5484,FOC,3385,KMG,3382,,0,737
MF,5484,FOC,3385,NKG,3388,,0,737
MF,5484,FOC,3385,TAO,3390,,0,737
MF,5484,FOC,3385,CTU,3395,,0,737
MF,5484,FOC,3385,SYX,4030,,0,737
MF,5484,FOC,3385,CZX,4109,,0,737
MF,5484,HGH,3386,PEK,3364,,0,737
MF,5484,HGH,3386,TSN,3368,,0,737
MF,5484,HGH,3386,TYN,3369,,0,737
MF,5484,HGH,3386,CAN,3370,,0,737
MF,5484,HGH,3386,SZX,3374,,0,737
MF,5484,HGH,3386,KMG,3382,,0,737
MF,5484,HGH,3386,XMN,3383,,0,737
MF,5484,HGH,3386,FOC,3385,,0,738 737
MF,5484,HGH,3386,CTU,3395,,0,737
MF,5484,HGH,3386,HRB,3400,,0,737
MF,5484,HGH,3386,SHE,4144,,0,737
MF,5484,HGH,3386,HET,6345,,0,737
MF,5484,HGH,3386,SJW,6347,,0,737
MF,5484,NGB,3387,XMN,3383,,0,737
MF,5484,NKG,3388,CGQ,4380,,0,737
MF,5484,NKG,3388,HET,6345,,0,737
MF,5484,NKG,3388,JJN,6386,,0,737
MF,5484,HFE,3389,TYN,3369,,0,737
MF,5484,HFE,3389,XMN,3383,,0,737
MF,5484,TAO,3390,CSX,3371,,0,737
MF,5484,TAO,3390,DLC,3404,,0,737
MF,5484,CKG,3393,TSN,3368,,0,737
MF,5484,CKG,3393,HGH,3386,,0,737
MF,5484,CKG,3393,LJG,4033,,0,737
MF,5484,CKG,3393,YIH,6361,,0,737
MF,5484,KWE,3394,CSX,3371,,0,737
MF,5484,KWE,3394,XMN,3383,,0,737
MF,5484,KWE,3394,JJN,6386,,0,737
MF,5484,CTU,3395,FOC,3385,,0,737
MF,5484,CTU,3395,HGH,3386,,0,737
MF,5484,URC,3399,CSX,3371,,0,737
MF,5484,URC,3399,XIY,3379,,0,737
MF,5484,HRB,3400,TSN,3368,,0,737
MF,5484,HRB,3400,CGO,3375,,0,737
MF,5484,HRB,3400,FOC,3385,,0,737
MF,5484,HRB,3400,NKG,3388,,0,737
MF,5484,HRB,3400,YNZ,6393,,0,737
MF,5484,DLC,3404,TAO,3390,,0,737
MF,5484,DLC,3404,TNA,4108,,0,737
MF,5484,ICN,3930,XMN,3383,,0,73H 738 73J
MF,5484,LJG,4033,HGH,3386,,0,737
MF,5484,INC,4085,WUH,3376,,0,737
MF,5484,LXA,4097,CKG,3393,,0,737
MF,5484,TNA,4108,XMN,3383,,0,737
MF,5484,TNA,4108,DLC,3404,,0,737
MF,5484,TNA,4108,SHE,4144,,0,737
MF,5484,TNA,4108,HET,6345,,0,737
MF,5484,SHE,4144,NKG,3388,,0,737
MF,5484,CGQ,4380,HGH,3386,,0,737
MF,5484,HET,6345,CSX,3371,,0,737
MF,5484,HET,6345,HGH,3386,,0,737
MF,5484,HET,6345,NKG,3388,,0,737
MF,5484,HET,6345,TNA,4108,,0,737
MF,5484,ZUH,6355,FOC,3385,,0,737
MF,5484,YIH,6361,XMN,3383,,0,737
MF,5484,XNN,6366,XIY,3379,,0,737
MF,5484,XNN,6366,CKG,3393,,0,737
MF,5484,JJN,6386,TPE,2276,,0,738
MF,5484,JJN,6386,HKG,3077,,0,738
MF,5484,JJN,6386,CSX,3371,,0,737
MF,5484,JJN,6386,HSN,6395,,0,737
MF,5484,WUS,6391,PEK,3364,,0,737
MF,5484,WUS,6391,XMN,3383,,0,737
MF,5484,HSN,6395,PEK,3364,,0,737
MF,5484,HSN,6395,JJN,6386,,0,737
MF,5484,LZO,6399,CSX,3371,,0,737
MF,5484,WXN,6403,XMN,3383,,0,737
IY,5496,CAI,1128,CDG,1382,,0,330
IY,5496,RUH,2082,TAI,3975,,0,320
IY,5496,AMM,2170,ADE,3977,,0,310
IY,5496,KWI,2176,RIY,3974,,0,320
IY,5496,BEY,2177,AMM,2170,,0,330
IY,5496,DXB,2188,KUL,3304,,0,330
IY,5496,DXB,2188,SAH,3980,,0,310 330
IY,5496,BOM,2997,ADE,3977,,0,320
IY,5496,BOM,2997,SAH,3980,,0,320
IY,5496,RIY,3974,KWI,2176,,0,320
IY,5496,RIY,3974,DXB,2188,,0,310
IY,5496,RIY,3974,SCT,3984,,0,320
IY,5496,ADE,3977,DMM,2064,Y,0,CR7
IY,5496,ADE,3977,RUH,2082,,0,310
IY,5496,ADE,3977,DXB,2188,,0,310 320
IY,5496,ADE,3977,BOM,2997,,0,320
IY,5496,SAH,3980,AMM,2170,,0,330
IY,5496,SAH,3980,ASM,3967,,0,310
IY,5496,SAH,3980,TAI,3975,,0,320
IY,5496,SCT,3984,RIY,3974,,0,320
IY,5496,NBO,4059,SAH,3980,,0,320
3J,5521,NBO,4059,MGQ,5687,,0,737
3J,5521,JIB,4119,DXB,2188,,0,737
3J,5521,MGQ,5687,NBO,4059,,0,737
Z4,5523,ESB,1682,EBL,3989,,0,321
Z4,5523,AMM,2170,EBL,3989,,0,321
Z4,5523,BEY,2177,EBL,3989,,0,321
Z4,5523,EBL,3989,ESB,1682,,0,321
Z4,5523,EBL,3989,AMM,2170,,0,321
VJ,5651,HAN,3199,DAD,3196,,0,320
VJ,5651,HAN,3199,HUI,3201,,0,320
VJ,5651,HUI,3201,HAN,3199,,0,320
VJ,5651,HUI,3201,SGN,3205,,0,320
VJ,5651,SGN,3205,HAN,3199,,0,320
VJ,5651,SGN,3205,HUI,3201,,0,320
VJ,5651,BKK,3885,SGN,3205,,0,320
VJ,5651,BMV,6187,SGN,3205,,0,320
VJ,5651,HPH,6188,SGN,3205,,0,320
6T,5813,HEH,3213,MDL,3222,,0,ATR
6T,5813,HEH,3213,RGN,3239,,0,ATR
6T,5813,MDL,3222,NYU,3209,,0,ATR
6T,5813,MDL,3222,THL,3237,,0,ATR
6T,5813,AKY,3235,SNW,3236,,0,ATR
6T,5813,AKY,3235,RGN,3239,,0,ATR
6T,5813,SNW,3236,AKY,3235,,0,ATR
6T,5813,THL,3237,MDL,3222,,0,ATR
6T,5813,RGN,3239,HEH,3213,,0,ATR
6T,5813,RGN,3239,TVY,6197,,0,ATR
BX,5982,NRT,2279,PUS,2372,,0,321
BX,5982,PUS,2372,TPE,2276,,0,321 734
BX,5982,PUS,2372,FUK,2305,,0,320
BX,5982,PUS,2372,REP,3035,,0,321
BX,5982,PUS,2372,CSX,3371,,0,321
BX,5982,PUS,2372,TAO,3390,,0,734
BX,5982,PUS,2372,KIX,3992,,0,321
BX,5982,PUS,2372,CEB,4206,,0,321 320
BX,5982,REP,3035,PUS,2372,,0,321
BX,5982,HKG,3077,PUS,2372,,0,321
BX,5982,CSX,3371,PUS,2372,,0,321
BX,5982,CEB,4206,PUS,2372,,0,320 321
JD,6557,PEK,3364,HLD,3366,,0,319
JD,6557,PEK,3364,YIH,6361,,0,320
JD,6557,PEK,3364,JXA,8417,,0,319
JD,6557,HLD,3366,PEK,3364,,0,319
JD,6557,TSN,3368,XIY,3379,,0,319
JD,6557,TSN,3368,HRB,3400,,0,319
JD,6557,TSN,3368,SYX,4030,,0,320
JD,6557,TYN,3369,KWL,3372,,0,320
JD,6557,CAN,3370,HGH,3386,,0,319
JD,6557,CAN,3370,LJG,4033,,0,319
JD,6557,KWL,3372,XIY,3379,,0,319 320
JD,6557,KWL,3372,XMN,3383,,0,319
JD,6557,KWL,3372,HGH,3386,,0,319
JD,6557,NNG,3373,SYX,4030,,0,319
JD,6557,CGO,3375,HAK,4120,,0,319
JD,6557,CGO,3375,BAV,6346,,0,320
JD,6557,WUH,3376,DLC,3404,,0,319
JD,6557,LHW,3378,PEK,3364,,0,320
JD,6557,LHW,3378,NNG,3373,,0,319
JD,6557,XIY,3379,TSN,3368,,0,319
JD,6557,XIY,3379,HGH,3386,,0,320
JD,6557,XIY,3379,HFE,3389,,0,319
JD,6557,XIY,3379,TAO,3390,,0,319
JD,6557,XIY,3379,CKG,3393,,0,320
JD,6557,XIY,3379,KWE,3394,,0,319
JD,6557,XIY,3379,LJG,4033,,0,319
JD,6557,XIY,3379,TNA,4108,,0,320
JD,6557,XIY,3379,HAK,4120,,0,319 320
JD,6557,XIY,3379,DYG,6353,,0,319
JD,6557,XIY,3379,TXN,6387,,0,319
JD,6557,JHG,3381,HGH,3386,,0,319
JD,6557,KMG,3382,LJG,4033,,0,319
JD,6557,XMN,3383,HFE,3389,,0,319
JD,6557,KHN,3384,SYX,4030,,0,320
JD,6557,FOC,3385,XUZ,4149,,0,319
JD,6557,HGH,3386,PEK,3364,,0,319
JD,6557,HGH,3386,CAN,3370,,0,319
JD,6557,HGH,3386,CGO,3375,,0,319
JD,6557,HGH,3386,JHG,3381,,0,319
JD,6557,HGH,3386,TAO,3390,,0,319
JD,6557,HGH,3386,DLC,3404,,0,319
JD,6557,HGH,3386,SYX,4030,,0,320
JD,6557,HGH,3386,HAK,4120,,0,319
JD,6557,HGH,3386,YIH,6361,,0,320
JD,6557,NKG,3388,SYX,4030,,0,320
JD,6557,NKG,3388,HAK,4120,,0,319
JD,6557,HFE,3389,XMN,3383,,0,319
JD,6557,TAO,3390,XIY,3379,,0,319
JD,6557,KWE,3394,XIY,3379,,0,319
JD,6557,KWE,3394,HAK,4120,,0,319
JD,6557,CTU,3395,SYX,4030,,0,320
JD,6557,HRB,3400,TSN,3368,,0,319
JD,6557,HRB,3400,TGO,6348,,0,319
JD,6557,DLC,3404,WUH,3376,,0,319
JD,6557,SYX,4030,TSN,3368,,0,320
JD,6557,SYX,4030,CSX,3371,,0,320
JD,6557,SYX,4030,XIY,3379,,0,320
JD,6557,SYX,4030,XMN,3383,,0,319
JD,6557,SYX,4030,HGH,3386,,0,320
JD,6557,SYX,4030,NKG,3388,,0,320
JD,6557,SYX,4030,KWE,3394,,0,319
JD,6557,SYX,4030,YIH,6361,,0,320
JD,6557,LJG,4033,KWL,3372,,0,319
JD,6557,LJG,4033,XIY,3379,,0,319
JD,6557,LJG,4033,NKG,3388,,0,319
JD,6557,LJG,4033,SJW,6347,,0,319
JD,6557,TNA,4108,XIY,3379,,0,320
JD,6557,HAK,4120,CAN,3370,,0,320
JD,6557,HAK,4120,XIY,3379,,0,319 320
JD,6557,HAK,4120,HGH,3386,,0,319
JD,6557,HAK,4120,NGB,3387,,0,320
JD,6557,HAK,4120,CKG,3393,,0,320 319
JD,6557,HAK,4120,KWE,3394,,0,319
JD,6557,XUZ,4149,FOC,3385,,0,319
JD,6557,DNH,4308,URC,3399,,0,320
JD,6557,CIF,6342,HET,6345,,0,319
JD,6557,HET,6345,CAN,3370,,0,319
JD,6557,HET,6345,WUH,3376,,0,320
JD,6557,HET,6345,KHN,3384,,0,319
JD,6557,HET,6345,CIF,6342,,0,319
JD,6557,BAV,6346,CGO,3375,,0,320
JD,6557,SJW,6347,HRB,3400,,0,320
JD,6557,SJW,6347,SYX,4030,,0,320
JD,6557,TGO,6348,HRB,3400,,0,319
JD,6557,ENH,6358,WUH,3376,,0,319
JD,6557,YIH,6361,SYX,4030,,0,320
2I,8359,AYP,2786,LIM,2789,,0,142
2I,8359,LIM,2789,PCL,2781,,0,143 146
2I,8359,LIM,2789,AYP,2786,,0,142
2I,8359,LIM,2789,CUZ,2812,,0,142 141
2I,8359,TPP,2806,PCL,2781,,0,146
2I,8359,TPP,2806,LIM,2789,,0,142 146
2I,8359,HUU,6067,LIM,2789,,0,141
4H,8463,MCT,2194,CGP,3069,,0,313
4H,8463,MCT,2194,DAC,3076,,0,313
4H,8463,CCU,3043,DAC,3076,,0,AT7
4H,8463,ZYL,3074,DAC,3076,,0,313
4H,8463,DAC,3076,JED,2072,,0,313
4H,8463,DAC,3076,CGP,3069,,0,DH8
4H,8463,DAC,3076,JSR,3071,,0,DH8
4H,8463,DAC,3076,ZYL,3074,,0,313
4H,8463,DAC,3076,KTM,3125,,0,AT7
4H,8463,DAC,3076,KUL,3304,,0,AT7
4H,8463,BKK,3885,DAC,3076,,0,AT7
5H,8576,EDL,1138,LOK,1143,,0,DH8
5H,8576,EDL,1138,NBO,4059,,0,DH8 CRJ
5H,8576,KIS,1140,EDL,1138,,0,CRJ
5H,8576,KIS,1140,NBO,4059,,0,CRJ CNA
5H,8576,NBO,4059,EDL,1138,,0,DH8 CRJ
5H,8576,NBO,4059,LOK,1143,,0,DH8
5H,8576,NBO,4059,MYD,5694,,0,DH8
5H,8576,MYD,5694,NBO,4059,,0,DH8
TO,8745,MIR,286,NTE,1418,,0,73H
TO,8745,DJE,293,LIL,1399,,0,73H
TO,8745,TXL,351,NTE,1418,,0,73H
TO,8745,BHX,469,PFO,1198,,0,73H
TO,8745,BHX,469,AYT,1688,,0,75W
TO,8745,BHX,469,DLM,1715,,0,75W 73H
TO,8745,BHX,469,PMI,3998,,0,75W
TO,8745,BHX,469,BJV,4315,,0,75W
TO,8745,BHX,469,NBE,7447,,0,75W
TO,8745,MAN,478,FUE,1051,,0,73H
TO,8745,MAN,478,BVC,1103,,0,75W
TO,8745,MAN,478,LCA,1197,,0,73H
TO,8745,MAN,478,ALC,1212,,0,73H 75W 76W
TO,8745,MAN,478,IBZ,1225,,0,73H 75W 76W
TO,8745,MAN,478,AGP,1230,,0,75W 73H
TO,8745,MAN,478,MAH,1231,,0,73H
TO,8745,MAN,478,REU,1236,,0,73H 75W
TO,8745,MAN,478,HER,1452,,0,73H
TO,8745,MAN,478,CFU,1460,,0,73H 76W
TO,8745,MAN,478,PVK,1470,,0,73H
TO,8745,MAN,478,RHO,1472,,0,76W
TO,8745,MAN,478,JTR,1479,,0,75W
TO,8745,MAN,478,CTA,1509,,0,75W
TO,8745,MAN,478,FAO,1626,,0,73H
TO,8745,MAN,478,ADB,1706,,0,75W
TO,8745,MAN,478,FNC,4091,,0,75W
TO,8745,MAN,478,NBE,7447,,0,73H
TO,8745,CWL,488,RHO,1472,,0,73H
TO,8745,BRS,490,FUE,1051,,0,75W
TO,8745,BRS,490,LPA,1054,,0,75W
TO,8745,BRS,490,PFO,1198,,0,75W
TO,8745,BRS,490,CFU,1460,,0,75W
TO,8745,LTN,492,TFS,1056,,0,75W 73H
TO,8745,LTN,492,LCA,1197,,0,73H
TO,8745,LTN,492,IBZ,1225,,0,73H
TO,8745,LTN,492,FAO,1626,,0,75W 73H
TO,8745,LTN,492,PMI,3998,,0,75W 73H
TO,8745,LGW,502,LPA,1054,,0,73H
TO,8745,LGW,502,SID,1102,,0,75W
TO,8745,LGW,502,BVC,1103,,0,75W
TO,8745,LGW,502,HRG,1130,,0,73H 75W
TO,8745,LGW,502,ALC,1212,,0,75W
TO,8745,LGW,502,IBZ,1225,,0,73H
TO,8745,LGW,502,CFU,1460,,0,73H 75W
TO,8745,LGW,502,JMK,1468,,0,73H
TO,8745,LGW,502,CHQ,1474,,0,73H
TO,8745,LGW,502,JTR,1479,,0,75W
TO,8745,LGW,502,ZTH,1488,,0,73H
TO,8745,LGW,502,VRN,1550,,0,75W 73H
TO,8745,LGW,502,NAP,1561,,0,75W 73H
TO,8745,LGW,502,ADB,1706,,0,75W
TO,8745,LGW,502,DLM,1715,,0,75W 73H
TO,8745,LGW,502,CUN,1852,,0,788
TO,8745,LGW,502,PMI,3998,,0,73H 75W
TO,8745,LGW,502,FNC,4091,,0,75W
TO,8745,LGW,502,BJV,4315,,0,73H
TO,8745,LBA,517,TFS,1056,,0,73H
TO,8745,LBA,517,IBZ,1225,,0,73H
TO,8745,LBA,517,PMI,3998,,0,73H
TO,8745,NCL,521,ACE,1055,,0,73H
TO,8745,NCL,521,ALC,1212,,0,73H
TO,8745,NCL,521,DLM,1715,,0,73H
TO,8745,NCL,521,PMI,3998,,0,73H
TO,8745,EMA,523,TFS,1056,,0,73H
TO,8745,EMA,523,PFO,1198,,0,73H
TO,8745,EMA,523,ALC,1212,,0,73H
TO,8745,EMA,523,IBZ,1225,,0,73H
TO,8745,EMA,523,FAO,1626,,0,73H
TO,8745,EMA,523,PMI,3998,,0,73H
TO,8745,GLA,534,IBZ,1225,,0,75W
TO,8745,GLA,534,RHO,1472,,0,75W
TO,8745,EDI,535,TFS,1056,,0,73H
TO,8745,STN,548,FUE,1051,,0,73H
TO,8745,STN,548,LPA,1054,,0,73H
TO,8745,STN,548,PFO,1198,,0,73H
TO,8745,STN,548,IBZ,1225,,0,73H
TO,8745,STN,548,KGS,1458,,0,73H
TO,8745,STN,548,FAO,1626,,0,73H
TO,8745,STN,548,DLM,1715,,0,73H
TO,8745,FUE,1051,STN,548,,0,73H
TO,8745,LPA,1054,BHX,469,,0,75W
TO,8745,LPA,1054,MAN,478,,0,73H
TO,8745,LPA,1054,EMA,523,,0,73H
TO,8745,LPA,1054,GLA,534,,0,75W
TO,8745,LPA,1054,STN,548,,0,73H
TO,8745,ACE,1055,MAN,478,,0,73H
TO,8745,ACE,1055,LGW,502,,0,73H 75W
TO,8745,ACE,1055,EMA,523,,0,73H
TO,8745,TFS,1056,CWL,488,,0,73H
TO,8745,TFS,1056,LTN,492,,0,75W 73H
TO,8745,TFS,1056,LGW,502,,0,75W 73H
TO,8745,TFS,1056,LBA,517,,0,73H
TO,8745,TFS,1056,NCL,521,,0,73H
TO,8745,AGA,1064,MAN,478,,0,73H
TO,8745,OUD,1070,LYS,1335,,0,73H
TO,8745,RAK,1075,LGW,502,,0,73H 75W
TO,8745,RAK,1075,SXB,1435,,0,73H
TO,8745,BVC,1103,LGW,502,,0,75W
TO,8745,HRG,1130,MAN,478,,0,73H
TO,8745,HRG,1130,LGW,502,,0,73H 75W
TO,8745,LCA,1197,CWL,488,,0,73H
TO,8745,LCA,1197,LGW,502,,0,73H
TO,8745,LCA,1197,EMA,523,,0,73H
TO,8745,PFO,1198,MAN,478,,0,73H 76W
TO,8745,PFO,1198,LTN,492,,0,75W
TO,8745,PFO,1198,LGW,502,,0,75W 73H
TO,8745,DBV,1200,MAN,478,,0,73H
TO,8745,DBV,1200,LGW,502,,0,75W
TO,8745,DBV,1200,ORY,1386,,0,73H
TO,8745,ALC,1212,MAN,478,,0,73H 75W 76W
TO,8745,ALC,1212,BRS,490,,0,75W
TO,8745,ALC,1212,LGW,502,,0,75W
TO,8745,IBZ,1225,LBA,517,,0,73H
TO,8745,IBZ,1225,EMA,523,,0,73H
TO,8745,AGP,1230,LTN,492,,0,73H
TO,8745,AGP,1230,LGW,502,,0,73H
TO,8745,AGP,1230,ORY,1386,,0,73H
TO,8745,MAH,1231,MAN,478,,0,73H
TO,8745,SVQ,1253,LYS,1335,,0,73H
TO,8745,SVQ,1253,NTE,1418,,0,73H
TO,8745,LYS,1335,OPO,1636,,0,73H
TO,8745,ORY,1386,MIR,286,,0,73H
TO,8745,ORY,1386,OUD,1070,,0,73H
TO,8745,ORY,1386,RAK,1075,,0,73H 320
TO,8745,ORY,1386,IBZ,1225,,0,73H
TO,8745,ORY,1386,SVQ,1253,,0,73H
TO,8745,ORY,1386,PMO,1512,,0,73H
TO,8745,ORY,1386,VCE,1551,,0,73H
TO,8745,ORY,1386,NAP,1561,,0,73H
TO,8745,ORY,1386,PSA,1562,,0,73H
TO,8745,ORY,1386,TLV,1590,,0,73H
TO,8745,ORY,1386,FAO,1626,,0,73H
TO,8745,ORY,1386,OPO,1636,,0,73H
TO,8745,ORY,1386,LIS,1638,,0,73H 320
TO,8745,ORY,1386,SAW,4317,,0,73H
TO,8745,ORY,1386,ESU,5671,,0,73H
TO,8745,NTE,1418,MIR,286,,0,73H
TO,8745,NTE,1418,TXL,351,,0,73H
TO,8745,NTE,1418,VCE,1551,,0,73H
TO,8745,NTE,1418,FCO,1555,,0,73H
TO,8745,NTE,1418,LIS,1638,,0,73H
TO,8745,HER,1452,NTE,1418,,0,73H
TO,8745,CFU,1460,MAN,478,,0,73H 76W
TO,8745,CFU,1460,BRS,490,,0,75W
TO,8745,PVK,1470,MAN,478,,0,73H
TO,8745,RHO,1472,MAN,478,,0,76W
TO,8745,RHO,1472,EMA,523,,0,73H
TO,8745,ZTH,1488,LGW,502,,0,73H
TO,8745,BUD,1489,ORY,1386,,0,73H
TO,8745,CTA,1509,MAN,478,,0,75W
TO,8745,CTA,1509,ORY,1386,,0,73H
TO,8745,VCE,1551,MAN,478,,0,73H
TO,8745,VCE,1551,LIL,1399,,0,73H
TO,8745,FCO,1555,VCE,1551,,0,73H
TO,8745,NAP,1561,MAN,478,,0,73H
TO,8745,PSA,1562,ORY,1386,,0,73H
TO,8745,PRG,1587,ORY,1386,,0,73H
TO,8745,MLA,1606,NTE,1418,,0,73H
TO,8745,FAO,1626,STN,548,,0,73H
TO,8745,FAO,1626,ORY,1386,,0,73H
TO,8745,LIS,1638,NTE,1418,,0,73H
TO,8745,AYT,1688,BRS,490,,0,75W
TO,8745,AYT,1688,LTN,492,,0,73H
TO,8745,AYT,1688,ORY,1386,,0,73H
TO,8745,ADB,1706,BHX,469,,0,75W
TO,8745,ADB,1706,LGW,502,,0,75W
TO,8745,DLM,1715,CWL,488,,0,73H
TO,8745,DLM,1715,BRS,490,,0,75W
TO,8745,DLM,1715,LGW,502,,0,75W 73H
TO,8745,DLM,1715,LBA,517,,0,73H
TO,8745,DLM,1715,STN,548,,0,73H
TO,8745,PMI,3998,MAN,478,,0,73H 75W
TO,8745,PMI,3998,BOH,494,,0,73H
TO,8745,PMI,3998,LGW,502,,0,73H 75W
TO,8745,PMI,3998,EXT,552,,0,73H
TO,8745,PMI,3998,DSA,5562,,0,73H
TO,8745,FNC,4091,BHX,469,,0,75W
TO,8745,FNC,4091,OPO,1636,,0,73H
TO,8745,BJV,4315,MAN,478,,0,76W
TO,8745,BJV,4315,LGW,502,,0,73H
TO,8745,SAW,4317,ORY,1386,,0,73H
TO,8745,NBE,7447,NCL,521,,0,73H
WP,8809,HNL,3728,OGG,3456,,0,AT7
WP,8809,HNL,3728,LIH,3602,,0,AT7
WP,8809,LNY,3851,HNL,3728,,0,AT7
B7,9082,KHH,2264,SGN,3205,,0,M90
B7,9082,KHH,2264,KMG,3382,,0,M90
B7,9082,KHH,2264,FOC,3385,,0,M90
B7,9082,KHH,2264,TAO,3390,,0,M90
B7,9082,RMQ,2268,HGH,3386,,0,M90
B7,9082,TSA,2275,XMN,3383,Y,0,321
B7,9082,TPE,2276,SZX,3374,Y,0,74E 738
B7,9082,TPE,2276,XIY,3379,Y,0,321 738
B7,9082,CAN,3370,RMQ,2268,,0,M90
B7,9082,XMN,3383,RMQ,2268,,0,M90
B7,9082,FOC,3385,KHH,2264,,0,M90
B7,9082,HGH,3386,KHH,2264,,0,M90
B7,9082,NGB,3387,TPE,2276,Y,0,332
B7,9082,NKG,3388,TPE,2276,Y,0,332 M90
B7,9082,TAO,3390,TPE,2276,Y,0,74E 738
B7,9082,YNZ,6393,TPE,2276,,0,321
7J,9531,SHJ,2191,DYU,2979,,0,735
7J,9531,FRU,2912,DYU,2979,,0,MA6
7J,9531,LED,2948,LBD,6147,,0,735
7J,9531,SGC,2974,DYU,2979,,0,735
7J,9531,DYU,2979,DEL,3093,,0,735
7J,9531,DYU,2979,URC,3399,,0,752
7J,9531,DME,4029,DYU,2979,,0,752
7J,9531,OVB,4078,DYU,2979,,0,735
7J,9531,LBD,6147,SGC,2974,,0,733
7J,9531,LBD,6147,OVB,4078,,0,733
TM,9541,JNB,813,MPM,979,,0,E90 ER4 735
TM,9541,JNB,813,APL,984,,0,ER4
TM,9541,JNB,813,TET,988,,0,ER4 DH4
TM,9541,BEW,974,POL,985,,0,EM2
TM,9541,BEW,974,UEL,986,,0,EM2
TM,9541,INH,976,JNB,813,,0,DH4
TM,9541,INH,976,VNX,990,,0,DH4 EM2
TM,9541,VXC,977,APL,984,,0,735 E90 EM2
TM,9541,VXC,977,TET,988,,0,EM2
TM,9541,MPM,979,APL,984,,0,735 E90 ER4
TM,9541,APL,984,MPM,979,,0,735 E90 ER4
TM,9541,APL,984,POL,985,,0,ER4 E90
TM,9541,POL,985,MPM,979,,0,E90 735
TM,9541,POL,985,APL,984,,0,ER4 E90
TM,9541,POL,985,DAR,1177,,0,E90
TM,9541,POL,985,NBO,4059,,0,E90 ER4
TM,9541,UEL,986,BEW,974,,0,EM2
TM,9541,TET,988,BEW,974,,0,EM2 ER4
TM,9541,TET,988,VXC,977,,0,EM2
TM,9541,TET,988,MPM,979,,0,E90 EM2 DH4 ER4
TM,9541,TET,988,UEL,986,,0,EM2
TM,9541,NBO,4059,POL,985,,0,E90 ER4
GY,9620,FRU,2912,DME,4029,,0,733
GY,9620,DME,4029,FRU,2912,,0,733
VH,9666,BRM,2824,CCS,2851,,0,M82 M80
VH,9666,CCS,2851,BRM,2824,,0,M82 M80
VH,9666,CCS,2851,PMV,2850,,0,M80
VH,9666,MUN,2852,CCS,2851,,0,M82 M80
Z2,9764,PUS,2372,KLO,2430,,0,320
Z2,9764,MNL,2397,KLO,2430,,0,320 319
Z2,9764,MNL,2397,MFM,3121,,0,320
Z2,9764,MNL,2397,BKI,3269,,0,320
Z2,9764,MNL,2397,KUL,3304,,0,320
Z2,9764,MNL,2397,PVG,3406,,0,320
Z2,9764,KLO,2430,PUS,2372,,0,320
Z2,9764,KLO,2430,ICN,3930,,0,320
Z2,9764,BKI,3269,MNL,2397,,0,320
Z2,9764,PVG,3406,MNL,2397,,0,320
Z2,9764,CEB,4206,KUL,3304,,0,320
Z2,9764,CEB,4206,ICN,3930,,0,320
HK,9784,DUS,345,LPA,1054,,0,320
HK,9784,DUS,345,PMI,3998,,0,320
HK,9784,LPA,1054,DUS,345,,0,320
ZE,9809,NRT,2279,ICN,3930,,0,738
ZE,9809,HKG,3077,ICN,3930,,0,738
ZE,9809,ICN,3930,HKG,3077,,0,738
ZE,9809,ICN,3930,BKI,3269,,0,738
ZE,9809,ICN,3930,TNA,4108,,0,738
ZE,9809,TNA,4108,ICN,3930,,0,738
ZE,9809,CJJ,6008,SHE,4144,,0,738
LJ,9810,CJU,2370,GMP,2378,,0,738
LJ,9810,ICN,3930,CTS,2287,,0,738
LJ,9810,ICN,3930,OKA,2384,,0,738
LJ,9810,ICN,3930,VTE,3120,,0,738
LJ,9810,ICN,3930,CNX,3931,,0,738
LJ,9810,CNX,3931,ICN,3930,,0,738
3O,9818,FEZ,1066,MPL,1359,,0,320
3O,9818,CMN,1074,LYS,1335,,0,320
3O,9818,TNG,1080,BCN,1218,,0,320
3O,9818,TLS,1273,CMN,1074,,0,320
3O,9818,MPL,1359,FEZ,1066,,0,320
3O,9818,CUF,1534,CMN,1074,,0,320
3O,9818,SAW,4317,CMN,1074,,0,320
3O,9818,NDR,5673,BRU,302,,0,320
3O,9818,NDR,5673,CGN,344,,0,320
3O,9818,NDR,5673,AMS,580,,0,320
3O,9818,NDR,5673,MPL,1359,,0,320
YC,9828,LED,2948,TJM,4111,,0,CR2
YC,9828,NJC,2972,OVB,4078,,0,CR2
YC,9828,SVX,2975,NOJ,4365,,0,CR2
YC,9828,SVX,2975,KJA,4374,,0,CR2
YC,9828,SVX,2975,SLY,6137,,0,CR2
YC,9828,UFA,2992,NUX,4364,,0,CR2
YC,9828,EVN,3964,TJM,4111,,0,320
YC,9828,DME,4029,TJM,4111,,0,CR2 735
YC,9828,DME,4029,SLY,6137,,0,735 320
YC,9828,OVB,4078,SVX,2975,,0,CR2
YC,9828,OVB,4078,TJM,4111,,0,CR2
YC,9828,TJM,4111,LED,2948,,0,CR2
YC,9828,TJM,4111,EVN,3964,,0,320
YC,9828,TJM,4111,NOJ,4365,,0,CR2
YC,9828,TJM,4111,SLY,6137,,0,320 CR2 735
YC,9828,NUX,4364,UFA,2992,,0,CR2
YC,9828,NUX,4364,SLY,6137,,0,CR2
YC,9828,NOJ,4365,UFA,2992,,0,CR2
YC,9828,KGP,4373,SVX,2975,,0,CR2
YC,9828,SLY,6137,NUX,4364,,0,CR2
YC,9828,SLY,6137,NOJ,4365,,0,CR2
CN,9829,PEK,3364,HLD,3366,,0,738
CN,9829,PEK,3364,KWL,3372,,0,738
CN,9829,PEK,3364,HRB,3400,,0,738
CN,9829,PEK,3364,MDG,3402,,0,738
CN,9829,MDG,3402,PEK,3364,,0,738
IL,10121,DOB,,LUV,6212,,0,AT4
IL,10121,WMX,3245,DJJ,3244,,0,AT7 732
IL,10121,CGK,3275,PKN,3910,,0,737
IL,10121,SRG,3901,PKN,3910,,0,737
IL,10121,PKN,3910,CGK,3275,,0,737
IL,10121,PKN,3910,KTG,3282,,0,AT7 737
IL,10121,PKN,3910,SOC,3929,,0,AT7
IL,10121,LUV,6212,DOB,,,0,AT4
IL,10121,OKL,9898,DJJ,3244,,0,AT4
SZ,10122,FRA,340,DYU,2979,,0,737
SZ,10122,ALA,2908,DYU,2979,,0,737
SZ,10122,AER,2965,LBD,6147,,0,737
SZ,10122,SVX,2975,DYU,2979,,0,737
SZ,10122,DYU,2979,IST,1701,,0,737
SZ,10122,DYU,2979,IKT,2937,,0,737
SZ,10122,DYU,2979,SVX,2975,,0,737
SZ,10122,DYU,2979,KZN,2990,,0,737
SZ,10122,KZN,2990,DYU,2979,,0,737
SZ,10122,URC,3399,DYU,2979,,0,737
SZ,10122,DME,4029,DYU,2979,,0,737
SZ,10122,KJA,4374,DYU,2979,,0,737
SZ,10122,KJA,4374,LBD,6147,,0,737
SZ,10122,LBD,6147,LED,2948,,0,737
SZ,10122,LBD,6147,AER,2965,,0,737
SZ,10122,LBD,6147,OVB,4078,,0,737
SZ,10122,LBD,6147,KJA,4374,,0,737
SZ,10122,LBD,6147,HMA,6138,,0,737
DH,10128,COO,245,LBV,970,,0,AT7
DH,10128,COO,245,BKO,1044,,0,AT7
DH,10128,BKO,1044,COO,245,,0,AT7
DH,10128,BKO,1044,CKY,4162,,0,AT7
DH,10128,CKY,4162,DKR,1084,,0,AT7
VB,10646,CUL,1792,TIJ,1847,,0,733
VB,10646,CJS,1796,GDL,1804,,0,733
VB,10646,CJS,1796,MTY,1825,,0,733
VB,10646,GDL,1804,LAP,1816,,0,733
VB,10646,GDL,1804,MID,1819,,0,733
VB,10646,GDL,1804,REX,1839,,0,733
VB,10646,GDL,1804,CUN,1852,,0,733
VB,10646,GDL,1804,VSA,1853,,0,733
VB,10646,HMO,1807,MTY,1825,,0,733
VB,10646,LAP,1816,GDL,1804,,0,733
VB,10646,MID,1819,GDL,1804,,0,733
VB,10646,MEX,1824,PXM,1837,,0,733
VB,10646,MTY,1825,ACA,1783,,0,733
VB,10646,MTY,1825,GDL,1804,,0,733
VB,10646,MTY,1825,MEX,1824,,0,733
VB,10646,MTY,1825,PVR,1836,,0,733
VB,10646,MTY,1825,TGZ,1846,,0,733
VB,10646,MTY,1825,TAM,1848,,0,733
VB,10646,MTY,1825,CUN,1852,,0,733
VB,10646,MTY,1825,IAH,3550,,0,733
VB,10646,MZT,1826,LAP,1816,,0,733
VB,10646,PVR,1836,MEX,1824,,0,733
VB,10646,PXM,1837,MEX,1824,,0,733
VB,10646,REX,1839,GDL,1804,,0,733
VB,10646,TRC,1845,MEX,1824,,0,733
VB,10646,TGZ,1846,MTY,1825,,0,733
VB,10646,TIJ,1847,CUL,1792,,0,733
VB,10646,CUN,1852,MEX,1824,,0,733
VB,10646,CUN,1852,REX,1839,,0,733
VB,10646,CUN,1852,TGZ,1846,,0,733
VB,10646,CUN,1852,VSA,1853,,0,733
VB,10646,CUN,1852,VER,1854,,0,733
VB,10646,VSA,1853,CUN,1852,,0,733
VB,10646,VER,1854,MTY,1825,,0,733
VB,10646,VER,1854,CUN,1852,,0,733
5P,10650,SCL,2650,ANF,2651,,0,737
SH,10675,MEB,3334,FLS,6267,,0,SWM
SH,10675,LST,3337,FLS,6267,,0,SWM
SH,10675,LST,3337,BWT,6338,,0,SWM
SH,10675,PUG,6312,ADL,3341,,0,SWM
SH,10675,PTJ,6321,MEB,3334,,0,SWM
SH,10675,BWT,6338,KNS,6278,,0,SWM
J4,10737,ELF,1169,KRT,1175,,0,737
J4,10737,KRT,1175,ELF,1169,,0,737
J4,10737,KRT,1175,UYL,5701,,0,737
3E,10739,STL,3678,JBR,3591,,0,CNC
3E,10739,STL,3678,DEC,4042,,0,CNC
3E,10739,ORD,3830,DEC,4042,,0,CNC
3E,10739,ORD,3830,BRL,5726,,0,CNC
3E,10739,DEC,4042,STL,3678,,0,CNC
KN,10741,XIY,3379,KWE,3394,,0,737
KN,10741,XMN,3383,NAY,6341,,0,737
KN,10741,HGH,3386,CAN,3370,,0,737
KN,10741,KWE,3394,XIY,3379,,0,737
KN,10741,NAY,6341,HLD,3366,,0,737
KN,10741,NAY,6341,CAN,3370,,0,737
KN,10741,NAY,6341,NGB,3387,,0,737
KN,10741,NAY,6341,CKG,3393,,0,737
KN,10741,NAY,6341,CTU,3395,,0,737
KN,10741,NAY,6341,CIF,6342,,0,737
KN,10741,NAY,6341,HET,6345,,0,737
KN,10741,NAY,6341,ZHA,6357,,0,737
KN,10741,NAY,6341,XFN,6360,,0,737
KN,10741,NAY,6341,IQN,6365,,0,737
KN,10741,NAY,6341,UYN,6368,,0,737 73G
KN,10741,NAY,6341,WNZ,6392,,0,737
KN,10741,NAY,6341,NDG,6413,,0,737
KN,10741,NAY,6341,DSN,6434,,0,737
KN,10741,CIF,6342,NAY,6341,,0,737
KN,10741,CIH,6343,NAY,6341,,0,737
KN,10741,DAT,6344,NAY,6341,,0,737
KN,10741,BAV,6346,SJW,6347,,0,737
KN,10741,SJW,6347,KMG,3382,,0,737
KN,10741,SJW,6347,HGH,3386,,0,737
KN,10741,XFN,6360,NAY,6341,,0,737
KN,10741,IQN,6365,LHW,3378,,0,737
KN,10741,LYG,6383,NAY,6341,,0,737
KN,10741,WNZ,6392,NAY,6341,,0,737
KN,10741,NDG,6413,NAY,6341,,0,737
KN,10741,DSN,6434,NAY,6341,,0,737
KN,10741,BFJ,9025,NAY,6341,,0,737
KN,10741,JIC,11473,NAY,6341,,0,737
4Q,10758,HEA,2048,DEL,3093,,0,320
4Q,10758,KBL,2050,DEL,3093,,0,320
4Q,10758,MZR,2053,KBL,2050,,0,319
4Q,10758,DXB,2188,KBL,2050,,0,319
4Q,10758,DEL,3093,HEA,2048,,0,320
K5,10765,HRO,3461,MEM,3473,,0,CNC
K5,10765,JNU,3492,GST,5960,,0,CNC CN1
K5,10765,JNU,3492,HNS,5963,,0,CN1 CNC
K5,10765,DAL,3502,ELD,3696,,0,CNC
K5,10765,BUR,3644,IPL,3689,,0,CNC
K5,10765,BNA,3690,MKL,3704,,0,CNC
K5,10765,MKL,3704,BNA,3690,,0,CNC
K5,10765,HOT,5741,ELD,3696,,0,CNC
K5,10765,GST,5960,JNU,3492,,0,CN1 CNC
K5,10765,GST,5960,HNH,7142,,0,CNC
K5,10765,SGY,5961,HNS,5963,,0,CNC
K5,10765,HNS,5963,JNU,3492,,0,CNC CN1
K5,10765,PDT,6883,PDX,3720,,0,CNC
K5,10765,HNH,7142,GST,5960,,0,CNC
S6,10776,PAP,1897,JBQ,5811,,0,J32
V9,10800,BHD,467,IOM,520,,0,L4T
V9,10800,IOM,520,GLO,472,,0,L4T
V9,10800,VLY,5574,CWL,488,,0,J31
J5,10912,JNU,3492,GST,5960,,0,PA1
J5,10912,JNU,3492,SGY,5961,,0,CNA
J5,10912,JNU,3492,HNH,7142,,0,CNA
J5,10912,GST,5960,JNU,3492,,0,PA1
J5,10912,HNS,5963,JNU,3492,,0,CNA
J5,10912,AGN,7135,TKE,7137,,0,DHP
J5,10912,ELV,7136,JNU,3492,,0,DHP
J5,10912,TKE,7137,JNU,3492,,0,DHP
I6,10955,LYP,2202,KHI,2206,,0,733
I6,10955,KHI,2206,MUX,2214,,0,733
I6,10955,KHI,2206,UET,2221,,0,733
I6,10955,KHI,2206,ISB,2223,,0,733
I6,10955,LHE,2207,KHI,2206,,0,733
I6,10955,LHE,2207,UET,2221,,0,733
I6,10955,PEW,2219,KHI,2206,,0,733
I6,10955,UET,2221,KHI,2206,,0,733
I6,10955,UET,2221,LHE,2207,,0,733
3S,11741,FDF,2878,SDQ,1762,,0,AT5
3S,11741,FDF,2878,PTP,2881,,0,AT5 320
3S,11741,SFG,2879,PTP,2881,,0,AT5
3S,11741,PTP,2881,FDF,2878,,0,AT5 320
3S,11741,CUR,2897,SDQ,1762,,0,AT5
P9,11763,PCL,2781,LIM,2789,,0,737
P9,11763,LIM,2789,IQT,2801,,0,737
P9,11763,LIM,2789,AQP,2802,,0,737
P9,11763,LIM,2789,TPP,2806,,0,737
P9,11763,LIM,2789,CUZ,2812,,0,737
P9,11763,AQP,2802,TCQ,2807,,0,737
P9,11763,TCQ,2807,AQP,2802,,0,737
P9,11763,PIU,2809,LIM,2789,,0,737
OC,11794,IKI,2295,NGS,2313,,0,DH8
OC,11794,FUJ,2304,FUK,2305,,0,DH8
E9,11806,MAD,1229,PUJ,1760,,0,333
E9,11806,CUN,1852,MAD,1229,,0,333
K8,11808,PHS,3170,CNX,3931,,0,CNC
K8,11808,HGN,4086,CNX,3931,,0,CNC
UJ,11811,CAI,1128,TUU,2089,,0,320
UJ,11811,IST,1701,KBP,2939,,0,320
UJ,11811,IST,1701,DOK,2940,,0,320
UJ,11811,AHB,2059,CAI,1128,,0,320
UJ,11811,KBP,2939,AYT,1688,,0,320
UJ,11811,KBP,2939,LED,2948,,0,320
UJ,11811,ODS,2947,KBP,2939,,0,320
UJ,11811,LED,2948,KBP,2939,,0,320
Q9,11838,YBC,27,YQB,111,,0,BEH
Q9,11838,YBC,27,YYY,192,,0,BEH
Q9,11838,YNA,94,YZV,202,,0,BEH
Q9,11838,YPN,106,YZV,202,,0,PAG
Q9,11838,YZV,202,YNA,94,,0,BEH
Q9,11838,YZV,202,YQB,111,,0,BEH
RL,11857,JED,2072,AMM,2170,,0,320
RL,11857,AMM,2170,EBL,3989,,0,320
RL,11857,EBL,3989,AMM,2170,,0,320
RL,11857,NJF,7490,AMM,2170,,0,320
VQ,11948,CXB,3068,DAC,3076,,0,ER4
VQ,11948,CGP,3069,DAC,3076,,0,ER4
VQ,11948,DAC,3076,JSR,3071,,0,ER4
VQ,11948,DAC,3076,ZYL,3074,,0,ER4
DZ,11963,SZX,3374,NGB,3387,,0,738
DZ,11963,DLC,3404,NGB,3387,,0,738
PN,12978,TSN,3368,CKG,3393,,0,319
PN,12978,CSX,3371,CKG,3393,,0,320 319
PN,12978,KWL,3372,CGO,3375,,0,320
PN,12978,KWL,3372,CKG,3393,,0,320 319
PN,12978,CGO,3375,FOC,3385,,0,320
PN,12978,CGO,3375,TAO,3390,,0,320
PN,12978,CGO,3375,CKG,3393,,0,320
PN,12978,CGO,3375,SYX,4030,,0,320
PN,12978,WUH,3376,CKG,3393,,0,320
PN,12978,XMN,3383,CSX,3371,,0,319
PN,12978,FOC,3385,CGO,3375,,0,320
PN,12978,FOC,3385,WUH,3376,,0,320
PN,12978,FOC,3385,CKG,3393,,0,320
PN,12978,NGB,3387,CKG,3393,,0,320
PN,12978,CKG,3393,TYN,3369,,0,320
PN,12978,CKG,3393,CGO,3375,,0,320
PN,12978,CKG,3393,WUH,3376,,0,320
PN,12978,CKG,3393,XIY,3379,,0,320
PN,12978,CKG,3393,KMG,3382,,0,319
PN,12978,CKG,3393,HFE,3389,,0,320
PN,12978,CKG,3393,URC,3399,,0,320
PN,12978,CKG,3393,SYX,4030,,0,320
PN,12978,CKG,3393,LXA,4097,,0,319 320
PN,12978,CKG,3393,TNA,4108,,0,320
PN,12978,CKG,3393,JZH,4301,,0,320 319
PN,12978,CKG,3393,ZUH,6355,,0,320
PN,12978,KWE,3394,CGO,3375,,0,320
PN,12978,URC,3399,LHW,3378,,0,320
PN,12978,URC,3399,CKG,3393,,0,320
PN,12978,LJG,4033,CKG,3393,,0,319 320
PN,12978,LXA,4097,CKG,3393,,0,319 320
PN,12978,SHE,4144,HFE,3389,,0,320
PN,12978,JZH,4301,CKG,3393,,0,320 319
PN,12978,HET,6345,HRB,3400,,0,320 319
Y7,13088,TGP,,KJA,4374,,0,AT5
Y7,13088,GYD,2922,KJA,4374,,0,738
Y7,13088,MJZ,2925,KJA,4374,,0,AT5
Y7,13088,KHV,2927,KJA,4374,,0,738 733
Y7,13088,UUD,2938,HTA,2935,,0,AT5
Y7,13088,LED,2948,KJA,4374,,0,738
Y7,13088,LED,2948,LBD,6147,,0,738
Y7,13088,ABA,2955,NSK,4352,,0,738
Y7,13088,ROV,2964,KUF,2993,,0,738
Y7,13088,AER,2965,DME,4029,,0,738
Y7,13088,AER,2965,KJA,4374,,0,738
Y7,13088,SVX,2975,OVB,4078,,0,AT5
Y7,13088,DYU,2979,KJA,4374,,0,738
Y7,13088,UFA,2992,GYD,2922,,0,738
Y7,13088,KUF,2993,NSK,4352,,0,738
Y7,13088,OVB,4078,SVX,2975,,0,AT5
Y7,13088,GOJ,4274,NSK,4352,,0,738
Y7,13088,GOJ,4274,EGO,6156,,0,738
Y7,13088,TOF,4297,KJA,4374,,0,AT5
Y7,13088,NSK,4352,SVX,2975,,0,738
Y7,13088,NSK,4352,UFA,2992,,0,738
Y7,13088,NSK,4352,OVB,4078,,0,738
Y7,13088,NSK,4352,KJA,4374,,0,738 AT5
Y7,13088,KJA,4374,TGP,,,0,AT5
Y7,13088,KJA,4374,KHV,2927,,0,738 733
Y7,13088,KJA,4374,LED,2948,,0,738
Y7,13088,KJA,4374,KRR,2960,,0,738
Y7,13088,KJA,4374,AER,2965,,0,738
Y7,13088,KJA,4374,DYU,2979,,0,738
Y7,13088,KJA,4374,DME,4029,,0,738
Y7,13088,KJA,4374,TOF,4297,,0,AT5
Y7,13088,KJA,4374,IAA,6121,,0,AT5
Q2,13108,MAA,3144,DAC,3076,,0,320
Q2,13108,TRV,3153,HAQ,6184,,0,DH8
Q2,13108,MLE,3156,CMB,3024,,0,320
Q2,13108,MLE,3156,GAN,6183,,0,DH3 320
Q2,13108,MLE,3156,GKK,8892,,0,DH2
Q2,13108,MLE,3156,FVM,10119,,0,DH2
Q2,13108,GAN,6183,CMB,3024,,0,320
JH,13200,CTS,2287,MMJ,2280,,0,E70
JH,13200,FUK,2305,MMJ,2280,,0,E70
JH,13200,FUK,2305,KIJ,4381,,0,E70
JH,13200,FUK,2305,FSZ,6476,,0,E70
JH,13200,HNA,2344,NKM,5997,,0,E70
JH,13200,KIJ,4381,FUK,2305,,0,E70
JH,13200,KIJ,4381,NKM,5997,,0,E70
MR,13335,HKG,3077,ULN,3380,,0,319
MR,13335,ULN,3380,HKG,3077,,0,319
MR,13335,ULN,3380,BKK,3885,,0,319
MR,13335,ULN,3380,BYN,6371,,0,F50
MR,13335,LTI,6370,BYN,6371,,0,F50
MR,13335,MXV,6374,ULN,3380,,0,F50
MR,13335,COQ,6795,ULN,3380,,0,F50
MR,13335,NZH,6954,COQ,6795,,0,F50
KY,13704,CAN,3370,KMG,3382,,0,73G
KY,13704,NNG,3373,XMN,3383,,0,73G
KY,13704,KMG,3382,CSX,3371,,0,73G
KY,13704,KMG,3382,WUH,3376,,0,73G
KY,13704,KMG,3382,JHG,3381,,0,73G
KY,13704,KMG,3382,NKG,3388,,0,73G
KY,13704,KMG,3382,CKG,3393,,0,73G
KY,13704,KMG,3382,PVG,3406,,0,73G
KY,13704,XMN,3383,NNG,3373,,0,73G
KY,13704,XMN,3383,KMG,3382,,0,73G
KY,13704,CKG,3393,KMG,3382,,0,73G
KY,13704,CKG,3393,NTG,5475,,0,73G
KY,13704,CTU,3395,KMG,3382,,0,73G
KY,13704,PVG,3406,KMG,3382,,0,73G
KY,13704,LJG,4033,JHG,3381,,0,73G
KY,13704,LJG,4033,KMG,3382,,0,73G
KY,13704,TNA,4108,KMG,3382,,0,73G
KY,13704,CZX,4109,KMG,3382,,0,73G
KY,13704,NTG,5475,CKG,3393,,0,73G
KY,13704,HYN,6384,CKG,3393,,0,73G
KY,13704,YTY,8876,WUH,3376,,0,73G
WU,13757,CGN,344,IEV,2944,,0,320
WU,13757,DTM,373,IEV,2944,,0,320
WU,13757,GRO,1222,IEV,2944,,0,320
WU,13757,VLC,1246,IEV,2944,,0,320
WU,13757,VLC,1246,LWO,2945,,0,320
WU,13757,BGY,1525,IEV,2944,,0,320
WU,13757,TSF,1539,IEV,2944,,0,320
WU,13757,NAP,1561,LWO,2945,,0,320
WU,13757,DOK,2940,KUT,3972,,0,320
WU,13757,IEV,2944,DTM,373,,0,320
WU,13757,IEV,2944,LCA,1197,,0,320
WU,13757,IEV,2944,GRO,1222,,0,320
WU,13757,IEV,2944,VLC,1246,,0,320
WU,13757,IEV,2944,KUT,3972,,0,320
WU,13757,IEV,2944,FMM,3986,,0,320
WU,13757,LWO,2945,VLC,1246,,0,320
WU,13757,LWO,2945,FCO,1555,,0,320
WU,13757,LWO,2945,TLV,1590,,0,320
WU,13757,KUT,3972,DOK,2940,,0,320
WU,13757,KUT,3972,IEV,2944,,0,320
WU,13757,KUT,3972,HRK,6105,,0,320
K6,13899,PNH,3034,SGN,3205,,0,AT7
K6,13899,PNH,3034,BKK,3885,,0,321
K6,13899,REP,3035,PNH,3034,,0,AT7 321
K6,13899,REP,3035,HAN,3199,,0,321
K6,13899,REP,3035,CAN,3370,,0,321
K6,13899,SGN,3205,PNH,3034,,0,AT7
K6,13899,CAN,3370,REP,3035,,0,321
K6,13899,PVG,3406,PNH,3034,,0,321
K6,13899,BKK,3885,REP,3035,,0,AT7
K6,13899,KOS,4093,REP,3035,,0,AT7
AD,13983,PHB,,FOR,2559,,0,AT7
AD,13983,PHB,,THE,2623,,0,AT7
AD,13983,AJU,2522,REC,2610,,0,AT7
AD,13983,AJU,2522,SSA,2621,,0,AT7
AD,13983,AFL,2524,CGB,2548,,0,E90
AD,13983,ARU,2525,GRU,2564,,0,AT7
AD,13983,ARU,2525,VCP,2578,,0,AT7
AD,13983,BEL,2526,FOR,2559,,0,E95
AD,13983,BEL,2526,ATM,2566,,0,AT7 E95
AD,13983,PLU,2528,GRU,2564,,0,AT7
AD,13983,PLU,2528,IPN,2570,,0,AT4
AD,13983,PLU,2528,SJK,2615,,0,AT7
AD,13983,PLU,2528,UDI,2633,,0,AT7
AD,13983,BSB,2531,CNF,2537,,0,E95
AD,13983,BSB,2531,CGB,2548,,0,E95
AD,13983,BSB,2531,PMW,4214,,0,AT7
AD,13983,BSB,2531,AUX,7376,,0,AT7
AD,13983,BVB,2533,MAO,2551,,0,AT7
AD,13983,CAC,2535,VCP,2578,,0,AT7
AD,13983,CNF,2537,CWB,2545,,0,E95 E90
AD,13983,CNF,2537,FOR,2559,,0,E95
AD,13983,CNF,2537,GYN,2562,,0,E90
AD,13983,CNF,2537,IPN,2570,,0,AT7
AD,13983,CNF,2537,IMP,2572,,0,E95
AD,13983,CNF,2537,MOC,2587,,0,E90 E95
AD,13983,CNF,2537,POA,2599,,0,E95
AD,13983,CNF,2537,RAO,2613,,0,AT7
AD,13983,CNF,2537,UDI,2633,,0,E95
AD,13983,CNF,2537,VDC,6039,,0,AT7
AD,13983,CGR,2538,CGB,2548,,0,AT7 E75
AD,13983,CGR,2538,VCP,2578,,0,E95 E90 E75
AD,13983,XAP,2539,VCP,2578,,0,AT7 E95
AD,13983,CAW,2543,SDU,2612,,0,AT7
AD,13983,CWB,2545,CAC,2535,,0,AT7
AD,13983,CWB,2545,CXJ,2547,,0,AT7
AD,13983,CWB,2545,VCP,2578,,0,E95 E90
AD,13983,CWB,2545,SDU,2612,,0,E90
AD,13983,CGB,2548,AFL,2524,,0,E90
AD,13983,CGB,2548,CNF,2537,,0,E95 E90
AD,13983,CGB,2548,CGR,2538,,0,AT7 E75
AD,13983,CGB,2548,GYN,2562,,0,E90 E95
AD,13983,CGB,2548,OAL,9771,,0,E90 AT7
AD,13983,MAO,2551,STM,4092,,0,AT7
AD,13983,IGU,2554,POA,2599,,0,AT7
AD,13983,FEN,2556,NAT,2597,,0,AT7
AD,13983,FOR,2559,PHB,,,0,AT7
AD,13983,FOR,2559,NAT,2597,,0,E95
AD,13983,FOR,2559,REC,2610,,0,E95
AD,13983,GIG,2560,VCP,2578,,0,E95 E90
AD,13983,GYN,2562,CGB,2548,,0,E90 E95
AD,13983,GYN,2562,GRU,2564,,0,E95
AD,13983,GRU,2564,ARU,2525,,0,AT7
AD,13983,GRU,2564,CWB,2545,,0,E95 E90
AD,13983,GRU,2564,CGB,2548,,0,E95 E90
AD,13983,GRU,2564,GYN,2562,,0,E95
AD,13983,GRU,2564,IOS,2569,,0,E95
AD,13983,GRU,2564,POA,2599,,0,E95 E90
AD,13983,GRU,2564,SDU,2612,,0,E90 E95
AD,13983,GRU,2564,SSA,2621,,0,E95
AD,13983,ATM,2566,BEL,2526,,0,AT7 E95
AD,13983,IOS,2569,SSA,2621,,0,AT7 E95
AD,13983,IPN,2570,GRU,2564,,0,AT7
AD,13983,CPV,2577,PNZ,2604,,0,E90
AD,13983,VCP,2578,PLU,2528,,0,AT7
AD,13983,VCP,2578,BSB,2531,,0,E95 E90
AD,13983,VCP,2578,CGR,2538,,0,E95 E90 E75
AD,13983,VCP,2578,CWB,2545,,0,E95 E90
AD,13983,VCP,2578,CGB,2548,,0,E95 E90
AD,13983,VCP,2578,IGU,2554,,0,E95 E90
AD,13983,VCP,2578,FLN,2555,,0,E95 E90
AD,13983,VCP,2578,FOR,2559,,0,E90 E95
AD,13983,VCP,2578,GIG,2560,,0,E90 E95
AD,13983,VCP,2578,GYN,2562,,0,E95 E90
AD,13983,VCP,2578,JPA,2575,,0,E95
AD,13983,VCP,2578,MGF,2586,,0,AT7 E90 E95
AD,13983,VCP,2578,POA,2599,,0,E95 E90
AD,13983,VCP,2578,SJP,2619,,0,AT7 E95
AD,13983,VCP,2578,THE,2623,,0,E95
AD,13983,VCP,2578,VIX,2638,,0,E95 E90
AD,13983,VCP,2578,MEA,6037,,0,AT4
AD,13983,VCP,2578,JTC,8238,,0,AT7
AD,13983,VCP,2578,BYO,8242,,0,AT7
AD,13983,LDB,2581,CWB,2545,,0,AT7 E90
AD,13983,LDB,2581,VCP,2578,,0,E90 E95 AT7
AD,13983,MAB,2584,TUR,2629,,0,AT7
AD,13983,MGF,2586,CWB,2545,,0,E90
AD,13983,MGF,2586,LDB,2581,,0,AT7
AD,13983,MGF,2586,POA,2599,,0,AT7
AD,13983,MOC,2587,PLU,2528,,0,AT7
AD,13983,MOC,2587,CNF,2537,,0,E95 E90
AD,13983,MCZ,2590,AJU,2522,,0,E95 E90 AT7
AD,13983,MCZ,2590,VCP,2578,,0,E95
AD,13983,MCP,2591,BEL,2526,,0,AT7
AD,13983,NVT,2595,POA,2599,,0,E95 E90
AD,13983,NAT,2597,CNF,2537,,0,E95
AD,13983,NAT,2597,FEN,2556,,0,AT7
AD,13983,NAT,2597,VCP,2578,,0,E95
AD,13983,NAT,2597,REC,2610,,0,AT7 E90
AD,13983,POA,2599,IGU,2554,,0,AT7
AD,13983,POA,2599,VCP,2578,,0,E95 E90
AD,13983,POA,2599,PET,2603,,0,AT7
AD,13983,POA,2599,SDU,2612,,0,E90
AD,13983,PFB,2602,POA,2599,,0,AT7
AD,13983,RBR,2609,PVH,2607,,0,E90 E95
AD,13983,REC,2610,AJU,2522,,0,AT7
AD,13983,REC,2610,GRU,2564,,0,E95
AD,13983,REC,2610,VCP,2578,,0,E95
AD,13983,REC,2610,MCZ,2590,,0,AT7
AD,13983,REC,2610,SSA,2621,,0,E95
AD,13983,SDU,2612,GYN,2562,,0,E90
AD,13983,SDU,2612,VCP,2578,,0,E95 E90
AD,13983,SDU,2612,BPS,4209,,0,E90
AD,13983,RAO,2613,VCP,2578,,0,E90 AT7 E95
AD,13983,RAO,2613,SJP,2619,,0,E95
AD,13983,CGH,2618,SDU,2612,,0,E90
AD,13983,SSA,2621,AJU,2522,,0,AT7
AD,13983,SSA,2621,IOS,2569,,0,E95 AT7
AD,13983,SSA,2621,JPA,2575,,0,AT7
AD,13983,SSA,2621,VCP,2578,,0,E95 E90
AD,13983,SSA,2621,REC,2610,,0,E95
AD,13983,SSA,2621,LEC,6036,,0,AT7
AD,13983,SSA,2621,VDC,6039,,0,AT7
AD,13983,SSA,2621,BRA,7373,,0,AT7
AD,13983,THE,2623,PHB,,,0,AT7
AD,13983,THE,2623,SLZ,2616,,0,E95
AD,13983,TFF,2624,SJL,2630,,0,AT4
AD,13983,TBT,2628,MAO,2551,,0,E95
AD,13983,SJL,2630,TFF,2624,,0,AT4
AD,13983,UDI,2633,BSB,2531,,0,AT7
AD,13983,UDI,2633,CNF,2537,,0,E95
AD,13983,VIX,2638,CNF,2537,,0,E90 E95
AD,13983,VIX,2638,SSA,2621,,0,AT7 E95 E90
AD,13983,STM,4092,TMT,2622,,0,AT7
AD,13983,BPS,4209,CNF,2537,,0,E95
AD,13983,BPS,4209,SDU,2612,,0,E90
AD,13983,PMW,4214,BSB,2531,,0,AT7
AD,13983,PMW,4214,GYN,2562,,0,E90 E95
AD,13983,VDC,6039,CNF,2537,,0,AT7
AD,13983,VDC,6039,SSA,2621,,0,AT7
AD,13983,RIA,6040,POA,2599,,0,AT7
AD,13983,JPR,6073,CGB,2548,,0,AT7
AD,13983,GVR,6735,PLU,2528,,0,AT7
AD,13983,CFB,7364,PLU,2528,,0,AT7
AD,13983,PIN,7372,MAO,2551,,0,AT7
AD,13983,BRA,7373,BSB,2531,,0,AT7
AD,13983,AUX,7376,MAB,2584,,0,AT7
AD,13983,AUX,7376,PMW,4214,,0,AT7
AD,13983,RVD,7394,VCP,2578,,0,AT4
AD,13983,IZA,8180,VCP,2578,,0,AT7
AD,13983,JTC,8238,VCP,2578,,0,AT7
AD,13983,JTC,8238,MII,6038,,0,AT7
AD,13983,ERN,8247,TFF,2624,,0,AT4
AD,13983,OAL,9771,CGB,2548,,0,E90 AT7
PQ,14061,MNL,2397,KLO,2430,,0,320
GK,14118,NRT,2279,FUK,2305,,0,320
GK,14118,NRT,2279,KOJ,2307,,0,320
GK,14118,NRT,2279,MYJ,2333,,0,320
GK,14118,NRT,2279,TAK,2337,,0,320
GK,14118,CTS,2287,NRT,2279,,0,320
GK,14118,CTS,2287,KIX,3992,,0,320
GK,14118,FUK,2305,NRT,2279,,0,320
GK,14118,FUK,2305,KIX,3992,,0,320
GK,14118,MYJ,2333,NRT,2279,,0,320
GK,14118,TAK,2337,NRT,2279,,0,320
GK,14118,OKA,2384,KIX,3992,,0,320
GK,14118,NGO,3942,FUK,2305,,0,320
GK,14118,KIX,3992,NRT,2279,,0,320
GK,14118,KIX,3992,FUK,2305,,0,320
FZ,14485,ADD,1107,DXB,2188,,0,73H
FZ,14485,KRT,1175,DWC,8076,,0,73H
FZ,14485,KIV,1735,DWC,8076,,0,73H
FZ,14485,SKP,1737,DXB,2188,,0,73H
FZ,14485,BEG,1739,DXB,2188,,0,73H
FZ,14485,KBL,2050,DXB,2188,,0,73H
FZ,14485,KBL,2050,DWC,8076,,0,73H
FZ,14485,BAH,2057,DWC,8076,,0,73H
FZ,14485,ELQ,2067,DXB,2188,,0,73H
FZ,14485,JED,2072,DWC,8076,,0,73H
FZ,14485,YNB,2096,DXB,2188,,0,73H
FZ,14485,KWI,2176,DXB,2188,,0,73H
FZ,14485,DXB,2188,SKP,1737,,0,73H
FZ,14485,DXB,2188,AHB,2059,,0,73H
FZ,14485,DXB,2188,TUU,2089,,0,73H
FZ,14485,DXB,2188,SLL,2195,,0,73H
FZ,14485,DXB,2188,FRU,2912,,0,73H
FZ,14485,DXB,2188,GYD,2922,,0,73H
FZ,14485,DXB,2188,KRR,2960,,0,73H
FZ,14485,DXB,2188,LKO,3105,,0,73H
FZ,14485,DXB,2188,HBE,3410,,0,73H
FZ,14485,DXB,2188,EVN,3964,,0,73H
FZ,14485,DXB,2188,JIB,4119,,0,73H
FZ,14485,DXB,2188,BGW,4130,,0,73H
FZ,14485,DXB,2188,NJF,7490,,0,73H
FZ,14485,MCT,2194,DWC,8076,,0,73H
FZ,14485,BSR,2234,DXB,2188,,0,73H
FZ,14485,FRU,2912,DXB,2188,,0,73H
FZ,14485,KRR,2960,DXB,2188,,0,73H
FZ,14485,MRV,2962,DXB,2188,,0,73H
FZ,14485,VOG,2967,DXB,2188,,0,73H
FZ,14485,SVX,2975,DWC,8076,,0,73H
FZ,14485,DYU,2979,DXB,2188,,0,73H
FZ,14485,KZN,2990,DWC,8076,,0,73H
FZ,14485,UFA,2992,DWC,8076,,0,73H
FZ,14485,AMD,2994,DWC,8076,,0,73H
FZ,14485,CGP,3069,DWC,8076,,0,73H
FZ,14485,DAC,3076,DXB,2188,,0,73H
FZ,14485,KTM,3125,DXB,2188,,0,73H
FZ,14485,HBE,3410,DXB,2188,,0,73H
FZ,14485,SAH,3980,DXB,2188,,0,73H
FZ,14485,EBL,3989,DXB,2188,,0,73H
FZ,14485,SAW,4317,DXB,2188,,0,73H
FZ,14485,DWC,8076,KIV,1735,,0,73H
FZ,14485,DWC,8076,JED,2072,,0,73H
FZ,14485,DWC,8076,AMM,2170,,0,73H
FZ,14485,DWC,8076,KWI,2176,,0,73H
FZ,14485,DWC,8076,BEY,2177,,0,73H
FZ,14485,DWC,8076,DOK,2940,,0,73H
FZ,14485,DWC,8076,IEV,2944,,0,73H
FZ,14485,DWC,8076,ODS,2947,,0,73H
FZ,14485,DWC,8076,KZN,2990,,0,73H
FZ,14485,DWC,8076,UFA,2992,,0,73H
FZ,14485,DWC,8076,KUF,2993,,0,73H
FZ,14485,DWC,8076,AMD,2994,,0,73H
FZ,14485,DWC,8076,MLE,3156,,0,73H
FZ,14485,DOH,11051,DXB,2188,,0,73H
FZ,14485,DOH,11051,DWC,8076,,0,73H
JY,14849,PLS,1754,XSC,1755,,0,BE9
JY,14849,PLS,1754,STI,1764,,0,EM2
JY,14849,PLS,1754,CAP,1895,,0,BE9
JY,14849,PLS,1754,PAP,1897,,0,EM2
JY,14849,PLS,1754,GDT,5807,,0,EM2 BE9
JY,14849,POP,1761,PLS,1754,,0,EM2
JY,14849,STI,1764,PLS,1754,,0,EM2
JY,14849,KIN,1779,SDQ,1762,,0,EM2
JY,14849,PAP,1897,PLS,1754,,0,EM2
JY,14849,SJU,2890,POP,1761,,0,EM2
JY,14849,GDT,5807,PLS,1754,,0,EM2 BE9
JY,14849,AZS,5810,SJU,2890,,0,EM2
UR,15814,OMS,2958,HMA,6138,,0,AT7
UR,15814,NJC,2972,SVX,2975,,0,AT7
UR,15814,NJC,2972,OVB,4078,,0,AT7
UR,15814,NJC,2972,TJM,4111,,0,AT7
UR,15814,SGC,2974,SVX,2975,,0,AT7
UR,15814,SGC,2974,OVB,4078,,0,AT7
UR,15814,SVX,2975,NJC,2972,,0,AT7
UR,15814,SVX,2975,SGC,2974,,0,AT7
UR,15814,SVX,2975,GOJ,4274,,0,AT7
UR,15814,VOZ,2987,VKO,2988,,0,AT7
UR,15814,VKO,2988,VNO,3959,,0,AT7
UR,15814,VKO,2988,GOJ,4274,,0,AT7
UR,15814,VKO,2988,KVX,6142,,0,AT7
UR,15814,VKO,2988,URS,6157,,0,AT7
UR,15814,TJM,4111,NJC,2972,,0,AT7
UR,15814,TJM,4111,SGC,2974,,0,AT7
UR,15814,GOJ,4274,KUF,2993,,0,AT7
UR,15814,UCT,4368,SCW,2989,,0,AN4
UR,15814,UCT,4368,USK,4369,,0,AN4
UR,15814,NNM,4371,ARH,4362,,0,AN4
UR,15814,NNM,4371,KVX,6142,,0,AN4
UR,15814,HMA,6138,OMS,2958,,0,AT7
UR,15814,HMA,6138,SVX,2975,,0,AT7
UR,15814,HMA,6138,OVB,4078,,0,AT7
UR,15814,HMA,6138,URJ,4377,,0,AT7
UR,15814,NYA,6139,EYK,8428,,0,AT7
UR,15814,OVS,6140,TJM,4111,,0,AT7
UR,15814,KVX,6142,VKO,2988,,0,AT7
UR,15814,KVX,6142,NNM,4371,,0,AN4
UR,15814,TBW,6466,VKO,2988,,0,AT7
UR,15814,EYK,8428,NYA,6139,,0,AT7
G5,15837,NNG,3373,WUZ,6744,,0,CR9
G5,15837,XMN,3383,AQG,6427,,0,CR9
G5,15837,CKG,3393,NNG,3373,,0,CR9
G5,15837,CKG,3393,DOY,4145,,0,CR9
G5,15837,CKG,3393,XFN,6360,,0,CR9
G5,15837,KWE,3394,KWL,3372,,0,CR9
G5,15837,KWE,3394,CKG,3393,,0,CR9 CR2
G5,15837,KWE,3394,ACX,7506,,0,CR9 CR2
G5,15837,KWE,3394,HZH,7508,,0,CR2
G5,15837,DLC,3404,DOY,4145,,0,CR9
G5,15837,DLC,3404,SHP,6429,,0,CR9
G5,15837,INC,4085,CKG,3393,,0,CR2
G5,15837,DOY,4145,CKG,3393,,0,CR9
G5,15837,CIF,6342,BAV,6346,,0,CR9
G5,15837,SJW,6347,TVS,8858,,0,CR9
G5,15837,ZUH,6355,LZH,6356,,0,CR9
G5,15837,LYG,6383,DLC,3404,,0,CR9
G5,15837,AQG,6427,CKG,3393,,0,CR9
G5,15837,SHP,6429,DLC,3404,,0,CR9
G5,15837,JGN,6432,INC,4085,,0,CR2
G5,15837,FUG,7503,HGH,3386,,0,CR9
G5,15837,ACX,7506,KWE,3394,,0,CR9 CR2
G5,15837,HZH,7508,KWE,3394,,0,CR2
G5,15837,HIA,7898,DLC,3404,,0,CR9
G5,15837,AEB,8082,KWL,3372,,0,CR9
G5,15837,AEB,8082,CKG,3393,,0,CR9
G5,15837,HDG,8407,CKG,3393,,0,CR9
G5,15837,HDG,8407,DLC,3404,,0,CR9
G5,15837,TVS,8858,SJW,6347,,0,CR9
G5,15837,BFJ,9025,CKG,3393,,0,CR9
M4,15893,CAI,1128,ASW,1136,,0,DH4
M4,15893,CAI,1128,SSH,4057,,0,DH4
M4,15893,HRG,1130,SSH,4057,,0,DH4
M4,15893,HBE,3410,CAI,1128,,0,DH4
M4,15893,HMB,8235,CAI,1128,,0,DH4
9C,15999,TPE,2276,PVG,3406,,0,320
9C,15999,CJU,2370,PVG,3406,,0,320
9C,15999,REP,3035,PVG,3406,,0,320
9C,15999,HKG,3077,PVG,3406,,0,320
9C,15999,MFM,3121,PVG,3406,,0,320
9C,15999,BKI,3269,PVG,3406,,0,320
9C,15999,CAN,3370,SHA,3391,,0,320
9C,15999,CSX,3371,SHA,3391,,0,320
9C,15999,KWL,3372,HGH,3386,,0,320
9C,15999,SZX,3374,HIA,7898,,0,320
9C,15999,KMG,3382,ZYI,9846,,0,320
9C,15999,XMN,3383,PVG,3406,,0,320
9C,15999,XMN,3383,SJW,6347,,0,320
9C,15999,HGH,3386,SZX,3374,,0,320
9C,15999,HGH,3386,DLC,3404,,0,320
9C,15999,SHA,3391,LHW,3378,,0,320
9C,15999,SHA,3391,TAO,3390,,0,320
9C,15999,SHA,3391,CKG,3393,,0,320
9C,15999,SHA,3391,KWE,3394,,0,320
9C,15999,SHA,3391,CGD,6352,,0,320
9C,15999,SHA,3391,ZUH,6355,,0,320
9C,15999,CKG,3393,SHA,3391,,0,320
9C,15999,CKG,3393,PVG,3406,,0,320
9C,15999,CTU,3395,SHA,3391,,0,320
9C,15999,CTU,3395,SJW,6347,,0,320
9C,15999,HRB,3400,HIA,7898,,0,320
9C,15999,DLC,3404,HGH,3386,,0,320
9C,15999,PVG,3406,IBR,2281,,0,320
9C,15999,PVG,3406,TAK,2337,,0,320
9C,15999,PVG,3406,HKG,3077,,0,320
9C,15999,PVG,3406,TAO,3390,,0,320
9C,15999,PVG,3406,CKG,3393,,0,320
9C,15999,PVG,3406,SHE,4144,,0,320
9C,15999,PVG,3406,CGQ,4380,,0,320
9C,15999,PVG,3406,DYG,6353,,0,320
9C,15999,BKK,3885,PVG,3406,,0,320
9C,15999,KIX,3992,PVG,3406,,0,320
9C,15999,SYX,4030,SHA,3391,,0,320
9C,15999,SHE,4144,PVG,3406,,0,320
9C,15999,SHE,4144,SJW,6347,,0,320
9C,15999,LYA,4148,SHE,4144,,0,320
9C,15999,SWA,4302,SHA,3391,,0,320
9C,15999,CGQ,4380,PVG,3406,,0,320
9C,15999,SJW,6347,CAN,3370,,0,320
9C,15999,SJW,6347,KWL,3372,,0,320
9C,15999,SJW,6347,SZX,3374,,0,320
9C,15999,SJW,6347,KMG,3382,,0,320
9C,15999,SJW,6347,HGH,3386,,0,320
9C,15999,SJW,6347,CTU,3395,,0,320
9C,15999,SJW,6347,SHE,4144,,0,320
9C,15999,CGD,6352,KMG,3382,,0,320
9C,15999,JJN,6386,SHA,3391,,0,320
9C,15999,MIG,6400,KMG,3382,,0,320
Z6,16120,KBP,2939,IFO,6106,Y,0,ER4
Z6,16120,KBP,2939,UKS,7863,Y,0,ER4
Z6,16120,EVN,3964,DNK,2941,Y,0,ER4
Z6,16120,TBS,3973,DNK,2941,Y,0,ER4
Z6,16120,UKS,7863,KBP,2939,Y,0,ER4
YT,16133,KTM,3125,PKR,3127,,0,J41
YT,16133,KTM,3125,BIR,3129,,0,J41
YT,16133,KTM,3125,KEP,6182,,0,J41
YT,16133,PKR,3127,KTM,3125,,0,J41
YT,16133,BIR,3129,KTM,3125,,0,J41
YT,16133,BHR,6179,KTM,3125,,0,J41
YT,16133,KEP,6182,KTM,3125,,0,J41
NS,16136,CSX,3371,WNZ,6392,,0,738
NS,16136,KWL,3372,XIY,3379,,0,E90
NS,16136,NNG,3373,CKG,3393,,0,E90
NS,16136,XIY,3379,MIG,6400,,0,E90
NS,16136,NKG,3388,XMN,3383,,0,73G
NS,16136,NKG,3388,FOC,3385,,0,E90
NS,16136,TAO,3390,SHP,6429,,0,E90
NS,16136,SHA,3391,SJW,6347,,0,E90
NS,16136,CKG,3393,WNZ,6392,,0,738
NS,16136,KWE,3394,CSX,3371,,0,738
NS,16136,SYX,4030,HGH,3386,,0,E90
NS,16136,HAK,4120,NNG,3373,,0,738
NS,16136,HAK,4120,WNZ,6392,,0,738
NS,16136,SJW,6347,HGH,3386,,0,E90 73G
NS,16136,SJW,6347,NGB,3387,,0,E90
NS,16136,SJW,6347,CKG,3393,,0,E90
NS,16136,SJW,6347,WNZ,6392,,0,738
NS,16136,ZUH,6355,NGB,3387,,0,E90
NS,16136,JJN,6386,NKG,3388,,0,E90
NS,16136,WNZ,6392,CSX,3371,,0,738
NS,16136,WNZ,6392,CGO,3375,,0,738
NS,16136,SHP,6429,SJW,6347,,0,E90
NS,16136,ZQZ,10940,SJW,6347,,0,E90
WM,16149,SDQ,1762,SXM,2899,,0,AT4
WM,16149,DOM,2877,SXM,2899,,0,AT4
WM,16149,EUX,2898,SXM,2899,,0,DHT
WM,16149,SXM,2899,DOM,2877,,0,AT4
WM,16149,SXM,2899,SAB,4249,,0,DHT
WM,16149,SXM,2899,NEV,6079,,0,DHT
WM,16149,SXM,2899,SBH,6460,,0,DHT
WM,16149,EIS,2903,SXM,2899,,0,DHT
WM,16149,SBH,6460,SAB,4249,,0,DHT
YO,16150,LGW,502,HME,238,Y,0,320
3F,16262,KTN,3808,HYL,7145,,0,DHP
3F,16262,CGA,7144,KTN,3808,,0,DHP
3F,16262,HYL,7145,KTN,3808,,0,DHP
3F,16262,KTB,7147,HYL,7145,,0,DHP
QC,16415,DLA,897,LOS,273,,0,737
QC,16415,DLA,897,BZV,883,,0,737
QC,16415,DLA,897,MVR,898,,0,737
QC,16415,DLA,897,GOU,901,,0,737
QC,16415,DLA,897,LBV,970,,0,737
QC,16415,CDG,1382,NSI,4161,,0,767
QC,16415,NSI,4161,CDG,1382,,0,767
YI,16475,DOM,2877,SJU,2890,,0,CNT
YI,16475,DOM,2877,SXM,2899,,0,CNT
YI,16475,STT,2883,DOM,2877,,0,CNT
YI,16475,STT,2883,EIS,2903,,0,CNT
YI,16475,STT,2883,NEV,6079,,0,CNT
YI,16475,SJU,2890,STT,2883,,0,CNT
YI,16475,SJU,2890,VQS,6788,,0,CNT
YI,16475,SXM,2899,STT,2883,,0,CNT
YI,16475,SXM,2899,EIS,2903,,0,CNT
YI,16475,EIS,2903,STT,2883,,0,CNT
YI,16475,EIS,2903,SXM,2899,,0,CNT
YI,16475,NEV,6079,STT,2883,,0,CNT
YI,16475,NEV,6079,SJU,2890,,0,CNT
YI,16475,VQS,6788,SJU,2890,,0,CNT
BU,16508,FIH,1020,TSH,5652,,0,L4T
BU,16508,MDK,1026,GMA,1028,,0,320
BU,16508,BKY,1035,KOO,11290,,0,F50
BU,16508,GOM,1036,BNC,11229,,0,F50
BU,16508,FBM,1038,FIH,1020,,0,320
BU,16508,FBM,1038,KGA,1042,,0,320
BU,16508,FBM,1038,MJM,1043,,0,320
BU,16508,KGA,1042,FIH,1020,,0,320
BU,16508,KGA,1042,FBM,1038,,0,100
BU,16508,MJM,1043,FIH,1020,,0,100 320
BU,16508,TSH,5652,KGA,1042,,0,L4T
BU,16508,BNC,11229,GOM,1036,,0,F50
BU,16508,BNB,11230,MDK,1026,,0,L4T
BU,16508,KOO,11290,FMI,1040,,0,F50
7M,16615,MID,1819,CUN,1852,,0,D28
7M,16615,CUN,1852,MID,1819,,0,D28
7M,16615,VSA,1853,VER,1854,,0,D28
7M,16615,VER,1854,VSA,1853,,0,D28
TW,16624,TSA,2275,GMP,2378,,0,737
TW,16624,FUK,2305,ICN,3930,,0,737
TW,16624,ICN,3930,BKK,3885,,0,737
TW,16624,ICN,3930,TNA,4108,,0,737
TW,16624,TNA,4108,ICN,3930,,0,737
TW,16624,HSG,5996,ICN,3930,,0,737
HI,16625,BLD,6449,GCW,6448,,0,BH2
W4,16660,AYP,2786,LIM,2789,,0,DH8
W4,16660,LIM,2789,AYP,2786,,0,DH8
W4,16660,LIM,2789,ANS,2787,,0,DH8
W4,16660,LIM,2789,ATA,2788,,0,DH8
W4,16660,CJA,6066,LIM,2789,,0,DH8
HN,16707,KBL,2050,HEA,2048,,0,CR2
HN,16707,KBL,2050,KDH,2051,,0,CR2
HN,16707,KBL,2050,MZR,2053,,0,CR2
Y8,16725,BSB,2531,RAO,2613,,0,EM2
Y8,16725,BSB,2531,SJP,2619,,0,EM2
Y8,16725,BSB,2531,BRA,7373,,0,EM2
Y8,16725,CWB,2545,RAO,2613,,0,EM2
Y8,16725,GRU,2564,RAO,2613,,0,EM2 ER4
Y8,16725,SDU,2612,RAO,2613,,0,EM2
Y8,16725,RAO,2613,PLU,2528,,0,EM2
Y8,16725,RAO,2613,CWB,2545,,0,EM2
Y8,16725,RAO,2613,GRU,2564,,0,EM2 ER4
Y8,16725,SJP,2619,BSB,2531,,0,EM2
Y8,16725,SSA,2621,BRA,7373,,0,EM2
Y8,16725,UDI,2633,GYN,2562,,0,EM2
Y8,16725,UDI,2633,GRU,2564,,0,EM2
Y8,16725,VDC,6039,SSA,2621,,0,EM2
Y8,16725,BRA,7373,BSB,2531,,0,EM2
7H,16726,BTI,3411,FYU,3420,Y,0,BE1
7H,16726,PIZ,3414,PHO,6721,Y,0,BE1
7H,16726,BRW,3571,PIZ,3414,Y,0,CNC BE1
7H,16726,BRW,3571,AIN,7220,Y,0,BE1 CNC
7H,16726,BET,3599,ANC,3774,,0,DH8
7H,16726,BET,3599,KLG,5964,Y,0,CNA CNC
7H,16726,BET,3599,EEK,7093,Y,0,CNA
7H,16726,BET,3599,KWK,7096,Y,0,CNA
7H,16726,BET,3599,WTL,7099,Y,0,CNA
7H,16726,BET,3599,KKH,7213,Y,0,CNA
7H,16726,BET,3599,PQS,7216,Y,0,CNA
7H,16726,CDV,3610,ANC,3774,,0,BE1
7H,16726,OME,3615,SHH,6723,Y,0,PAG CNT
7H,16726,SCC,3620,BTI,3411,Y,0,BE1
7H,16726,OTZ,3693,WTK,6725,Y,0,CNC
7H,16726,OTZ,3693,SHG,7117,Y,0,CNC
7H,16726,OTZ,3693,ABL,7177,Y,0,CNC
7H,16726,OTZ,3693,BKC,7178,Y,0,CNC
7H,16726,OTZ,3693,IAN,7179,Y,0,CNC
7H,16726,ANC,3774,ADQ,3531,,0,DH8 BE1
7H,16726,ANC,3774,CDV,3610,,0,BE1
7H,16726,ANC,3774,FAI,3832,,0,DH8 BE1
7H,16726,FAI,3832,GAL,3764,,0,BE1
7H,16726,HCR,5962,ANV,6713,Y,0,CNC
7H,16726,KLG,5964,RSH,7098,Y,0,CNA
7H,16726,MOU,5966,PQS,7216,Y,0,CNA
7H,16726,ANV,6713,HCR,5962,Y,0,CNC
7H,16726,ANV,6713,KGX,7219,Y,0,CNC
7H,16726,ATK,6714,BRW,3571,Y,0,CNC
7H,16726,GAM,6715,OME,3615,Y,0,BE1
7H,16726,HPB,6716,VAK,5968,Y,0,CNA
7H,16726,HPB,6716,SCM,7209,Y,0,CNA
7H,16726,KSM,6718,ANC,3774,,0,DH8
7H,16726,KSM,6718,SXP,7200,Y,0,CNA
7H,16726,PHO,6721,PIZ,3414,Y,0,BE1
7H,16726,PHO,6721,OTZ,3693,Y,0,CNC
7H,16726,SHH,6723,OME,3615,Y,0,PAG
7H,16726,SVA,6724,OME,3615,Y,0,BE1
7H,16726,WTK,6725,KVL,6719,Y,0,CNC
7H,16726,DRG,6755,BKC,7178,Y,0,CNC
7H,16726,CYF,6960,KPN,7201,Y,0,CNA
7H,16726,EMK,7087,KOT,7207,Y,0,CNA
7H,16726,UNK,7088,ANC,3774,,0,DH8
7H,16726,UNK,7088,SMK,7191,Y,0,CNA CNC
7H,16726,UNK,7088,SKK,7192,Y,0,CNC
7H,16726,NUI,7092,SCC,3620,Y,0,BE1
7H,16726,KUK,7094,NUP,7212,Y,0,CNA
7H,16726,KWT,7095,BET,3599,Y,0,CNA
7H,16726,KWT,7095,KKI,9742,Y,0,CNA
7H,16726,KWK,7096,BET,3599,Y,0,CNA
7H,16726,KWK,7096,KPN,7201,Y,0,CNA
7H,16726,KWK,7096,KKH,7213,Y,0,CNA
7H,16726,RSH,7098,ANI,5967,Y,0,CNA
7H,16726,HSL,7108,GAL,3764,Y,0,CNC
7H,16726,HSL,7108,KYU,7208,Y,0,CNC
7H,16726,NUL,7111,KAL,6717,Y,0,CNC BE1
7H,16726,ABL,7177,OTZ,3693,Y,0,CNC
7H,16726,BKC,7178,DRG,6755,Y,0,CNC
7H,16726,ORV,7181,OTZ,3693,Y,0,CNC
7H,16726,TLA,7186,KTS,7183,Y,0,PAG
7H,16726,WAA,7187,OME,3615,Y,0,PAG CNT
7H,16726,WMO,7188,OME,3615,Y,0,PAG
7H,16726,SKK,7192,UNK,7088,Y,0,CNC
7H,16726,SKK,7192,KKA,7190,Y,0,PAG CNC
7H,16726,WBB,7193,KOT,7207,Y,0,CNC
7H,16726,AUK,7199,EMK,7087,Y,0,CNA
7H,16726,AUK,7199,SXP,7200,Y,0,CNA
7H,16726,SXP,7200,KSM,6718,Y,0,CNA
7H,16726,KPN,7201,BET,3599,Y,0,CNA
7H,16726,KOT,7207,KSM,6718,Y,0,CNA
7H,16726,SCM,7209,BET,3599,Y,0,CNA
7H,16726,NUP,7212,ATT,4385,Y,0,CNA
7H,16726,KKH,7213,KWK,7096,Y,0,CNA
7H,16726,PQS,7216,MOU,5966,Y,0,CNA
7H,16726,AKI,7217,TLT,7218,Y,0,CNA
7H,16726,AKI,7217,KKI,9742,Y,0,CNA
7H,16726,TLT,7218,BET,3599,Y,0,CNA
7H,16726,TLT,7218,AKI,7217,Y,0,CNA
7H,16726,AIN,7220,BRW,3571,Y,0,BE1 CNC
7H,16726,AIN,7220,ATK,6714,Y,0,CNC
7H,16726,CKD,7238,RDV,7239,Y,0,CNA
7H,16726,CKD,7238,SLQ,7240,Y,0,CNA
7H,16726,RDV,7239,SLQ,7240,Y,0,CNA
7H,16726,SLQ,7240,ANI,5967,Y,0,CNA
7H,16726,OOK,8200,TNK,8201,Y,0,CNA
7H,16726,KKI,9742,KWT,7095,Y,0,CNA
7H,16726,KKI,9742,AKI,7217,Y,0,CNA
XV,16844,DOM,2877,SXM,2899,,0,J32
XV,16844,DOM,2877,EIS,2903,,0,J32
XV,16844,SXM,2899,EIS,2903,,0,J32
XV,16844,EIS,2903,DOM,2877,,0,J32
YQ,16882,LED,2948,EGO,6156,,0,S20
YQ,16882,VOZ,2987,MUC,346,,0,S20
YQ,16882,VOZ,2987,LED,2948,,0,S20
YQ,16882,VOZ,2987,DME,4029,,0,S20
YQ,16882,EVN,3964,VOZ,2987,,0,S20
L6,16942,COO,245,BZV,883,,0,73G
L6,16942,COO,245,BKO,1044,,0,73G
L6,16942,PNR,886,COO,245,,0,73G
L6,16942,BKO,1044,COO,245,,0,73G
L6,16942,BKO,1044,ABJ,253,,0,73G
L6,16942,CMN,1074,NKC,1094,,0,73G
L6,16942,CMN,1074,CDG,1382,,0,73G
L6,16942,CMN,1074,OUZ,9824,,0,73G
L6,16942,DKR,1084,NKC,1094,,0,73G
L6,16942,DKR,1084,CKY,4162,,0,73G
L6,16942,NKC,1094,CMN,1074,,0,73G
L6,16942,NKC,1094,NDB,1097,,0,73G
L6,16942,NKC,1094,OUZ,9824,,0,73G
L6,16942,OUZ,9824,NKC,1094,,0,73G
L6,16942,OUZ,9824,NDB,1097,,0,73G
AW,16960,ACC,248,TML,249,,0,ER4
AW,16960,TML,249,ACC,248,,0,ER4
E5,16963,JED,2072,HBE,3410,,0,320
E5,16963,AMM,2170,HBE,3410,,0,320
E5,16963,KWI,2176,HBE,3410,,0,320
E5,16963,HBE,3410,JED,2072,,0,320
Y5,17023,RGN,3239,BKK,3885,,0,320
Y5,17023,BKK,3885,RGN,3239,,0,320
NP,17083,CAI,1128,JED,2072,,0,320
NP,17083,CAI,1128,TUU,2089,,0,320
NP,17083,CAI,1128,TIF,2090,,0,320
NP,17083,ELQ,2067,CAI,1128,,0,320
NP,17083,JED,2072,CAI,1128,,0,320
NP,17083,JED,2072,HBE,3410,,0,320
NP,17083,HBE,3410,ELQ,2067,,0,320
NP,17083,HBE,3410,YNB,2096,,0,320
DN,17094,COO,245,DLA,897,,0,320
DN,17094,COO,245,BKO,1044,,0,320
DN,17094,ABJ,253,DKR,1084,,0,320
DN,17094,BRU,302,DKR,1084,,0,333
DN,17094,BKO,1044,OUA,246,,0,320
DN,17094,ZIG,1081,CSK,1082,,0,CRJ
DN,17094,DKR,1084,ABJ,253,,0,320
DN,17094,DKR,1084,NKC,1094,,0,CRJ
DN,17094,DKR,1084,RAI,5674,,0,CRJ
DN,17094,OXB,5665,DKR,1084,,0,CRJ
S9,17099,ACC,248,TML,249,,0,143
S9,17099,TML,249,ACC,248,,0,143
S9,17099,TKD,252,ACC,248,,0,143
8B,17408,HKT,3179,ICN,3930,,0,763
8B,17408,CKG,3393,HKT,3179,,0,763
8B,17408,BKK,3885,CKG,3393,,0,763
8B,17408,ICN,3930,HKT,3179,,0,763
8B,17408,ICN,3930,BKK,3885,,0,763
MM,17675,TPE,2276,OKA,2384,,0,320
MM,17675,CTS,2287,KIX,3992,,0,320
MM,17675,NGS,2313,KIX,3992,,0,320
MM,17675,MYJ,2333,KIX,3992,,0,320
MM,17675,SDJ,2347,KIX,3992,,0,320
MM,17675,OKA,2384,KIX,3992,,0,320
MM,17675,KIX,3992,KHH,2264,,0,320
MM,17675,KIX,3992,NRT,2279,,0,320
MM,17675,KIX,3992,MYJ,2333,,0,320
MM,17675,KIX,3992,PUS,2372,,0,320
4O,17885,CME,1789,MEX,1824,,0,320
4O,17885,CJS,1796,MEX,1824,,0,320
4O,17885,GDL,1804,MEX,1824,,0,320
4O,17885,GDL,1804,MTY,1825,,0,320
4O,17885,GDL,1804,SAT,3621,,0,320
4O,17885,GDL,1804,SNA,3867,,0,320
4O,17885,MID,1819,MEX,1824,,0,320
4O,17885,MTT,1822,MEX,1824,,0,SU9
4O,17885,MEX,1824,AGU,1785,,0,SU9
4O,17885,MEX,1824,HUX,1786,,0,320
4O,17885,MEX,1824,CUL,1792,,0,320
4O,17885,MEX,1824,MID,1819,,0,320
4O,17885,MEX,1824,MZT,1826,,0,SU9
4O,17885,MEX,1824,OAX,1829,,0,320
4O,17885,MEX,1824,SJD,1840,,0,320
4O,17885,MEX,1824,TAM,1848,,0,320
4O,17885,MEX,1824,CUN,1852,,0,320
4O,17885,MEX,1824,VSA,1853,,0,320
4O,17885,MEX,1824,VER,1854,,0,320
4O,17885,MEX,1824,ZIH,1856,,0,320
4O,17885,MEX,1824,SJO,1885,,0,320
4O,17885,MTY,1825,MEX,1824,,0,320
4O,17885,MTY,1825,SAT,3621,,0,320
4O,17885,MTY,1825,LAS,3877,,0,320
4O,17885,OAX,1829,MEX,1824,,0,320
4O,17885,PVR,1836,MEX,1824,,0,320
4O,17885,PVR,1836,TLC,1850,,0,320
4O,17885,TRC,1845,MEX,1824,,0,SU9
4O,17885,TGZ,1846,MEX,1824,,0,320
4O,17885,TLC,1850,MTY,1825,,0,320
4O,17885,TLC,1850,PVR,1836,,0,320
4O,17885,TLC,1850,LAS,3877,,0,320
4O,17885,CUN,1852,MEX,1824,,0,320
4O,17885,VSA,1853,MEX,1824,,0,320
4O,17885,ZCL,1855,MEX,1824,,0,SU9
4O,17885,ZIH,1856,MEX,1824,,0,320
4O,17885,SAT,3621,MTY,1825,,0,320
4O,17885,SAT,3621,TLC,1850,,0,320
4O,17885,SNA,3867,GDL,1804,,0,320
4O,17885,SNA,3867,MEX,1824,,0,320
4O,17885,LAS,3877,TLC,1850,,0,320
TZ,17891,HKG,3077,SIN,3316,,0,772
TZ,17891,SIN,3316,TPE,2276,,0,772
TZ,17891,SIN,3316,SYD,3361,,0,772
TZ,17891,SIN,3316,TAO,3390,,0,772
TZ,17891,SYD,3361,SIN,3316,,0,772
TZ,17891,TSN,3368,SIN,3316,,0,772
TZ,17891,TAO,3390,SIN,3316,,0,772
TZ,17891,BKK,3885,SIN,3316,,0,772
P4,18169,GUA,1767,SAP,1772,,0,CRJ
P4,18169,LCE,1771,GJA,1773,,0,L4T
P4,18169,LCE,1771,RTB,1774,,0,L4T
P4,18169,LCE,1771,TGU,1776,,0,L4T
P4,18169,LCE,1771,PEU,5832,,0,L4T
P4,18169,RTB,1774,TGU,1776,,0,L4T
P4,18169,TGU,1776,LCE,1771,,0,L4T
P4,18169,PEU,5832,LCE,1771,,0,L4T
5Q,18232,CWB,2545,MVD,2816,,0,AT7
5Q,18232,GIG,2560,MVD,2816,,0,AT7 319
5Q,18232,GRU,2564,MVD,2816,,0,AT7 319
5Q,18232,POA,2599,MVD,2816,,0,AT7
5Q,18232,MVD,2816,AEP,2442,,0,AT7
5Q,18232,MVD,2816,GIG,2560,,0,AT7 319
5Q,18232,MVD,2816,ASU,2699,,0,AT7
TJ,18529,STT,2883,SBH,6460,,0,CNC PL2
TJ,18529,SJU,2890,NEV,6079,,0,PL2
TJ,18529,AXA,2900,SJU,2890,,0,PL2
TJ,18529,HPN,3589,ACK,3517,,0,PL2
TJ,18529,TEB,3624,ACK,3517,,0,PL2
TJ,18529,SBH,6460,STT,2883,,0,CNC PL2
SX,18543,CGN,344,BRN,1676,,0,D38
SX,18543,TXL,351,BRN,1676,,0,D38
SX,18543,IBZ,1225,BRN,1676,,0,D38
SX,18543,EBA,1558,BRN,1676,,0,D38
SX,18543,BRN,1676,LCY,503,,0,D38
SX,18543,BRN,1676,OLB,1520,,0,D38
SX,18543,BRN,1676,EBA,1558,,0,D38
SX,18543,BRN,1676,VIE,1613,,0,D38
SX,18543,BRN,1676,PMI,3998,,0,D38
W2,18553,KEF,16,SXF,337,Y,0,320
W2,18553,KEF,16,LGW,502,Y,0,320
W2,18553,KEF,16,CPH,609,Y,0,320
W2,18553,SXF,337,KEF,16,Y,0,320
W2,18553,FMO,341,STR,350,,0,J32
W2,18553,TXL,351,MHG,356,,0,D38
W2,18553,BRE,353,ZRH,1678,,0,J32
W2,18553,TLL,415,URE,413,Y,0,J31
W2,18553,TLL,415,PJA,6737,Y,0,J31
W2,18553,HEL,421,POR,448,Y,0,SF3
W2,18553,MXX,698,EVG,714,Y,0,J31
W2,18553,EVG,714,MXX,698,Y,0,J31
W2,18553,ARN,737,KID,703,Y,0,ER4
W2,18553,ARN,737,HFS,5594,Y,0,J31
W2,18553,TFS,1056,RIX,3953,Y,0,320
W2,18553,MLN,1058,AGP,1230,,0,AT4
W2,18553,ALC,1212,KEF,16,Y,0,320
W2,18553,RIX,3953,TFS,1056,Y,0,320
W2,18553,VNO,3959,HER,1452,Y,0,320
W2,18553,BGW,4130,ARN,737,,0,320
W2,18553,HFS,5594,TYF,5596,Y,0,J31
W2,18553,TYF,5596,HFS,5594,Y,0,J31
OD,18732,AMD,2994,KUL,3304,,0,739
OD,18732,TRZ,3152,KUL,3304,,0,739
OD,18732,KCH,3263,KUL,3304,,0,739
OD,18732,SBW,3267,KUL,3304,,0,739
OD,18732,AOR,3296,SZB,3408,,0,AT7
OD,18732,KBR,3298,PEN,3308,,0,AT7
OD,18732,KBR,3298,SZB,3408,,0,AT7
OD,18732,KUL,3304,DEL,3093,,0,739
OD,18732,KUL,3304,DMK,3157,,0,739
OD,18732,KUL,3304,KCH,3263,,0,739
OD,18732,KUL,3304,BKI,3269,,0,739
OD,18732,KUL,3304,LGK,3305,,0,739
OD,18732,KUL,3304,PEN,3308,,0,739
OD,18732,PEN,3308,KBR,3298,,0,AT7
OD,18732,PEN,3308,KUL,3304,,0,739
OD,18732,SZB,3408,AOR,3296,,0,AT7
OD,18732,SZB,3408,TGG,3307,,0,AT7
OD,18732,SZB,3408,PEN,3308,,0,AT7
OD,18732,DPS,3940,KUL,3304,,0,739
Z9,18825,ALA,2908,TSE,2910,,0,100
Z9,18825,TSE,2910,ALA,2908,,0,100
Z9,18825,URA,2916,TSE,2910,,0,100
Z9,18825,URA,2916,GUW,4357,,0,100
I8,18828,DME,4029,KRO,6146,,0,YK2
I8,18828,IJK,6141,DME,4029,,0,YK2
7I,18944,LRM,1759,AUA,2895,,0,M83
7I,18944,SDQ,1762,SXM,2899,,0,M83
7I,18944,MDE,2745,CUR,2897,,0,M83
7I,18944,PBM,2773,CUR,2897,,0,M83
7I,18944,PBM,2773,POS,2902,,0,733
7I,18944,VLN,2868,AUA,2895,,0,M83
7I,18944,VLN,2868,CUR,2897,,0,M83
7I,18944,AUA,2895,LRM,1759,,0,M83
7I,18944,AUA,2895,MIA,3576,,0,M83
7I,18944,CUR,2897,KIN,1779,,0,F50
7I,18944,CUR,2897,BRM,2824,,0,M83 F50
7I,18944,CUR,2897,SXM,2899,,0,M83
7I,18944,CUR,2897,POS,2902,,0,733
7I,18944,CUR,2897,MIA,3576,,0,M83
7I,18944,SXM,2899,SDQ,1762,,0,M83
7I,18944,POS,2902,PBM,2773,,0,733
5Z,18946,PBZ,,CPT,797,,0,BEH
5Z,18946,CPT,797,PBZ,,,0,BEH
5Z,18946,JNB,813,MGH,827,,0,BEH
5Z,18946,JNB,813,ELL,8492,,0,BEH
5Z,18946,ELL,8492,JNB,813,,0,BEH
ZM,19016,FRU,2912,DME,4029,,0,734
ZM,19016,OSS,2913,FRU,2912,,0,734
QG,19305,UPG,3240,CGK,3275,,0,320
QG,19305,CGK,3275,PKU,3273,,0,320
QG,19305,CGK,3275,DJB,3287,,0,320
QG,19305,CGK,3275,BTH,3903,,0,320
QG,19305,CGK,3275,PGK,3905,,0,320
QG,19305,CGK,3275,PDG,8807,,0,320
QG,19305,DJB,3287,CGK,3275,,0,320
QG,19305,BKS,3288,CGK,3275,,0,320
QG,19305,JHB,3303,SUB,3928,,0,320
QG,19305,KUL,3304,SUB,3928,,0,320
QG,19305,BTH,3903,PDG,8807,,0,320
QG,19305,PGK,3905,CGK,3275,,0,320
QG,19305,BDJ,3908,SUB,3928,,0,320
QG,19305,BPN,3919,JOG,3898,,0,320
QG,19305,BPN,3919,SUB,3928,,0,320
QG,19305,SUB,3928,MDC,3250,,0,320
QG,19305,SUB,3928,JHB,3303,,0,320
QG,19305,SUB,3928,BTH,3903,,0,320
QG,19305,SUB,3928,DPS,3940,,0,320
QG,19305,SUB,3928,LOP,8401,,0,320
QG,19305,DPS,3940,SUB,3928,,0,320
QG,19305,LOP,8401,SUB,3928,,0,320
QG,19305,PDG,8807,CGK,3275,,0,320
JU,19582,STR,350,BEG,1739,,0,319
JU,19582,LHR,507,BEG,1739,,0,319 733
JU,19582,WAW,679,BEG,1739,,0,E75 E70
JU,19582,HGA,1121,MGQ,5687,,0,737
JU,19582,BBO,1122,BSA,5686,,0,AN4
JU,19582,SOF,1194,BEG,1739,,0,AT7
JU,19582,CDG,1382,BEG,1739,,0,320
JU,19582,SKG,1486,BEG,1739,,0,319
JU,19582,BUD,1489,BEG,1739,,0,AT7
JU,19582,MXP,1524,BEG,1739,,0,733
JU,19582,FCO,1555,BEG,1739,,0,319 733
JU,19582,LJU,1569,BEG,1739,,0,AT7
JU,19582,PRG,1587,BEG,1739,,0,AT7
JU,19582,TLV,1590,BEG,1739,,0,319
JU,19582,OTP,1657,BEG,1739,,0,319
JU,19582,BEG,1739,DUS,345,,0,319
JU,19582,BEG,1739,AMS,580,,0,319
JU,19582,BEG,1739,SOF,1194,,0,AT7
JU,19582,BEG,1739,LCA,1197,,0,319
JU,19582,BEG,1739,BUD,1489,,0,AT7
JU,19582,BEG,1739,FCO,1555,,0,E90 319 733 E75
JU,19582,BEG,1739,PRG,1587,,0,AT7
JU,19582,BEG,1739,TLV,1590,,0,319
JU,19582,BEG,1739,ZRH,1678,,0,319
JU,19582,BEG,1739,TGD,1741,,0,AT7 319
JU,19582,BEG,1739,SVO,2985,,0,320 319
JU,19582,BEG,1739,SAW,4317,,0,733
JU,19582,JIB,4119,HGA,1121,,0,737
JU,19582,JIB,4119,MGQ,5687,,0,737
JU,19582,GLK,5688,BSA,5686,,0,AN4
LT,19610,MUC,346,VNO,3959,,0,E75 CR2
LT,19610,TXL,351,VNO,3959,,0,CR2
LT,19610,CDG,1382,VNO,3959,,0,E75
LT,19610,VNO,3959,BRU,302,,0,CR2 E75
LT,19610,VNO,3959,MUC,346,,0,E75 CR2
LT,19610,VNO,3959,TXL,351,,0,CR2
LT,19610,VNO,3959,PRG,1587,,0,CR2
RX,19676,CCU,3043,CGP,3069,,0,DH8
RX,19676,CXB,3068,DAC,3076,,0,DH8
RX,19676,CGP,3069,BKK,3885,,0,737
RX,19676,DAC,3076,CGP,3069,,0,737 DH8
RX,19676,DAC,3076,JSR,3071,,0,DH8
RX,19676,DAC,3076,SIN,3316,,0,737
RX,19676,DAC,3076,BKK,3885,,0,737
RX,19676,BKK,3885,CGP,3069,,0,737
A2,19804,CFU,1460,SKG,1486,,0,143
A2,19804,SKG,1486,JKH,1450,,0,143
A2,19804,SKG,1486,SMI,1476,,0,143
9N,19810,RTB,1774,BZE,1957,,0,CNC
9N,19810,BZE,1957,RTB,1774,,0,CNC
9N,19810,BZE,1957,SPR,4279,,0,CNC
9N,19810,BZE,1957,PLJ,7288,,0,CNC
9N,19810,SPR,4279,BCV,8227,,0,CNC
9N,19810,TZA,6463,BZE,1957,,0,CNC
9N,19810,TZA,6463,DGA,7287,,0,CNC
9N,19810,TZA,6463,BCV,8227,,0,CNC
9N,19810,CZH,7029,SPR,4279,,0,CNC
9N,19810,DGA,7287,PLJ,7288,,0,CNC
9N,19810,PLJ,7288,PND,5455,,0,CNC
9N,19810,BCV,8227,SPR,4279,,0,CNC
9N,19810,BCV,8227,CUK,5454,,0,CNC
9V,20004,PTY,1871,BLA,2821,,0,734
9V,20004,BLA,2821,CCS,2851,,0,734 732
9V,20004,BLA,2821,PZO,2856,,0,732
9V,20004,BNS,2822,CCS,2851,,0,732
9V,20004,MAR,2848,CCS,2851,,0,732
9V,20004,MAR,2848,AUA,2895,,0,732
9V,20004,PMV,2850,BLA,2821,,0,732
9V,20004,CCS,2851,VLV,2870,,0,F50
9V,20004,CCS,2851,CUR,2897,,0,732
9V,20004,PZO,2856,BLA,2821,,0,732
9V,20004,VLN,2868,MAR,2848,,0,732
E2,20047,ABJ,253,FNA,1059,,0,M82
E2,20047,FNA,1059,ACC,248,,0,M82
E2,20047,FNA,1059,ROB,1063,,0,M82
E2,20047,ROB,1063,ABJ,253,,0,M82
E8,20160,DMK,3157,CSX,3371,,0,734
E8,20160,DMK,3157,KHN,3384,,0,734
E8,20160,KHN,3384,DMK,3157,,0,734
D2,20270,KGD,2952,CEE,6111,,0,CR2
D2,20270,DME,4029,KVK,6734,,0,CR2
D2,20270,UCT,4368,LED,2948,,0,CR2
D2,20270,CEE,6111,MMK,2949,,0,CR2
D2,20270,CEE,6111,KGD,2952,,0,CR2
4B,20565,LAX,3484,LAS,3877,,0,PL2
V7,20577,MUC,346,BOD,1264,,0,717
V7,20577,FUE,1051,NTE,1418,,0,717
V7,20577,OVD,1214,PMI,3998,,0,717
V7,20577,BIO,1216,VCE,1551,,0,717
V7,20577,VLC,1246,OVD,1214,,0,717
V7,20577,VLC,1246,NTE,1418,,0,717
V7,20577,BOD,1264,AGP,1230,,0,717
V7,20577,BOD,1264,CLY,1322,,0,717
V7,20577,BOD,1264,AJA,1324,,0,717
V7,20577,BOD,1264,SXB,1435,,0,717
V7,20577,BOD,1264,OLB,1520,,0,717
V7,20577,BOD,1264,FLR,1563,,0,717
V7,20577,BIA,1321,LIL,1399,,0,717
V7,20577,BIA,1321,NTE,1418,,0,717
V7,20577,BIA,1321,SXB,1435,,0,717
V7,20577,AJA,1324,TLS,1273,,0,717
V7,20577,AJA,1324,CFR,1412,,0,717
V7,20577,PGF,1356,NTE,1418,,0,717
V7,20577,MPL,1359,AJA,1324,,0,717
V7,20577,MPL,1359,NTE,1418,,0,717
V7,20577,LIL,1399,BIA,1321,,0,717
V7,20577,BES,1403,BIA,1321,,0,717
V7,20577,CFR,1412,AJA,1324,,0,717
V7,20577,NTE,1418,FUE,1051,,0,717
V7,20577,NTE,1418,VLC,1246,,0,717
V7,20577,NTE,1418,FSC,1323,,0,717
V7,20577,NTE,1418,PGF,1356,,0,717
V7,20577,NTE,1418,OLB,1520,,0,717
V7,20577,NTE,1418,FLR,1563,,0,717
V7,20577,SXB,1435,BIA,1321,,0,717
V7,20577,SXB,1435,MPL,1359,,0,717
V7,20577,SXB,1435,NTE,1418,,0,717
V7,20577,SXB,1435,PMO,1512,,0,717
V7,20577,BRI,1501,VRN,1550,,0,717
V7,20577,CTA,1509,BRI,1501,,0,717
V7,20577,CTA,1509,VCE,1551,,0,717
V7,20577,CTA,1509,FLR,1563,,0,717
V7,20577,LMP,1510,VCE,1551,,0,717
V7,20577,PNL,1511,VCE,1551,,0,717
V7,20577,PMO,1512,BRI,1501,,0,717
V7,20577,PMO,1512,TRN,1526,,0,717
V7,20577,PMO,1512,VCE,1551,,0,717
V7,20577,OLB,1520,BOD,1264,,0,717
V7,20577,TRN,1526,PMO,1512,,0,717
V7,20577,GOA,1528,PMO,1512,,0,717
V7,20577,VRN,1550,BRI,1501,,0,717
V7,20577,VRN,1550,PMO,1512,,0,717
V7,20577,VCE,1551,BIO,1216,,0,717
V7,20577,VCE,1551,JTR,1479,,0,717
V7,20577,VCE,1551,BRI,1501,,0,717
V7,20577,VCE,1551,CTA,1509,,0,717
V7,20577,VCE,1551,PMO,1512,,0,717
V7,20577,NAP,1561,NTE,1418,,0,717
V7,20577,NAP,1561,GOA,1528,,0,717
V7,20577,FLR,1563,BOD,1264,,0,717
V7,20577,FLR,1563,CTA,1509,,0,717
V7,20577,FLR,1563,PMO,1512,,0,717
V7,20577,PRG,1587,NTE,1418,,0,717
V7,20577,AOI,4309,CTA,1509,,0,717
Q7,20686,TBI,,NAS,1953,,0,SF3
Q7,20686,TBI,,ATC,5857,,0,SF3
Q7,20686,GGT,1941,NAS,1953,,0,SF3
Q7,20686,NAS,1953,TBI,,,0,SF3
Q7,20686,NAS,1953,GGT,1941,,0,SF3
Q7,20686,ATC,5857,TBI,,,0,SF3
3M,20710,MHH,1930,FLL,3533,,0,SF3
3M,20710,TCB,1934,FLL,3533,,0,SF3
3M,20710,BIM,1937,FLL,3533,,0,SF3
3M,20710,FPO,1948,FLL,3533,,0,SF3
3M,20710,GNV,3472,MCO,3878,,0,SF3
3M,20710,FLL,3533,MHH,1930,,0,SF3
3M,20710,FLL,3533,BIM,1937,,0,SF3
3M,20710,FLL,3533,TPA,3646,,0,SF3
3M,20710,FLL,3533,EYW,3875,,0,SF3
3M,20710,TPA,3646,TLH,3698,,0,SF3
3M,20710,TPA,3646,JAX,3712,,0,SF3
3M,20710,ATL,3682,MCN,3754,,0,SF3
3M,20710,ATL,3682,MEI,4335,,0,SF3
3M,20710,ATL,3682,MSL,5756,,0,SF3
3M,20710,PBI,3722,MHH,1930,,0,SF3
3M,20710,PBI,3722,ELH,1943,,0,SF3
3M,20710,MCN,3754,ATL,3682,,0,SF3
3M,20710,RSW,3793,EYW,3875,,0,SF3
3M,20710,EYW,3875,TPA,3646,,0,SF3
3M,20710,MCO,3878,GNV,3472,,0,SF3
3M,20710,MCO,3878,PNS,3564,,0,SF3
3M,20710,MSL,5756,ATL,3682,,0,SF3
3M,20710,LWB,6958,ATL,3682,,0,SF3
K3,20963,KTN,3808,KTB,7147,,0,DHP
K3,20963,KTN,3808,HYG,7148,,0,DHP
K3,20963,KTN,3808,KCC,7237,,0,DHP
K3,20963,KTB,7147,CGA,7144,,0,DHP
K3,20963,WWP,7152,NKI,,,0,DHP
K3,20963,KLW,7205,KTN,3808,,0,DHP
K3,20963,KCC,7237,WWP,7152,,0,DHP
W3,20976,ABB,,ABV,260,,0,73G
W3,20976,ABB,,LOS,273,,0,73G
W3,20976,COO,245,DLA,897,,0,CR9
W3,20976,COO,245,DKR,1084,,0,73G CR9
W3,20976,ACC,248,ABV,260,,0,CR9
W3,20976,ABV,260,ABB,,,0,73G
W3,20976,ABV,260,PHC,275,,0,73G
W3,20976,ABV,260,SKO,276,,0,CR9 73G
W3,20976,ABV,260,YOL,277,,0,CR9 73G
W3,20976,CBQ,263,LOS,273,,0,73G CR9
W3,20976,KAN,270,ABV,260,,0,DH4
W3,20976,LOS,273,ABB,,,0,73G
W3,20976,LOS,273,COO,245,,0,CR9 73G
W3,20976,LOS,273,ACC,248,,0,73G 738
W3,20976,LOS,273,ABV,260,,0,738 73G
W3,20976,LOS,273,BNI,262,,0,73G
W3,20976,LOS,273,ENU,264,,0,73G
W3,20976,LOS,273,KAD,269,,0,CR9
W3,20976,LOS,273,LHR,507,Y,0,332
W3,20976,LOS,273,FNA,1059,,0,73G
W3,20976,LOS,273,JFK,3797,Y,0,345
W3,20976,PHC,275,LOS,273,,0,73G 738
W3,20976,SKO,276,ABV,260,,0,CR9 73G
W3,20976,DLA,897,COO,245,,0,CR9
W3,20976,DKR,1084,COO,245,,0,CR9 73G
W3,20976,DKR,1084,ACC,248,,0,CR9
W3,20976,QOW,6730,LOS,273,,0,73G CR9 DH4
W3,20976,QRW,6972,LOS,273,,0,DH4
F5,21012,LAD,951,SSY,944,,0,AT7
F5,21012,SZA,958,LAD,951,,0,AT7
