source_airport,destination_airport,airline_count,direct_routes,multi_stop_routes,codeshare_routes
YEV,YPC,1,1,0,0
YRL,YXL,2,2,0,0
MRS,ALG,3,3,0,0
LAX,NAN,4,4,0,3
PBI,DCA,2,2,0,2
SJC,LIH,2,2,0,1
PHL,LHR,5,5,0,1
ORD,PDX,4,4,0,0
SNA,PHX,4,4,0,1
LRM,MAD,1,1,0,0
VVI,MAD,2,2,0,0
RHO,CDG,1,1,0,0
TBS,ATH,1,1,0,0
SCW,SVO,2,2,0,1
TLS,FCO,3,3,0,0
ATL,GSP,4,4,0,2
HAM,PMI,4,4,0,0
MUC,DME,3,3,0,0
ACE,HAM,2,2,0,0
MXP,DUS,3,3,0,0
JFK,DUS,2,2,0,1
KUL,SIN,10,10,0,1
ISG,NGO,1,1,0,0
AKL,NPE,1,1,0,1
YRT,YWG,2,2,0,0
CZU,BOG,2,2,0,1
ZGU,SON,1,1,0,0
SLL,CCJ,1,1,0,0
TRZ,KUL,2,2,0,0
TGG,KUL,2,2,0,0
BDO,KUL,3,3,0,0
AAL,AMS,2,2,0,2
CDG,VRN,2,2,0,1
FCO,TIA,2,2,0,0
OPO,FCO,2,2,0,1
RBQ,TDD,1,1,0,0
CSX,NNG,4,4,0,0
HGH,CGO,10,10,0,1
RUR,PPT,1,1,0,0
KWE,WNZ,3,3,0,1
JZH,CAN,2,2,0,1
EDR,CNS,1,1,0,0
EDI,DUB,2,2,0,1
LIN,DUB,1,1,0,0
MCI,MKE,2,2,0,1
MDW,MEM,2,2,0,1
PHL,MCO,4,4,0,1
CDG,DFW,6,6,0,3
HKG,USM,2,2,0,0
BKK,USM,2,2,0,0
BRI,CTA,2,2,0,0
GYD,MSQ,1,1,0,0
DKR,TFN,1,1,0,0
JFK,GND,2,2,0,0
DVO,BCD,1,1,0,0
DVO,CEB,3,3,0,1
CEB,MNL,5,5,0,0
VIE,TPE,1,1,0,0
NKG,CGO,1,1,0,0
CKG,NKG,5,5,0,0
HKT,KWE,1,1,0,0
BNE,CAN,1,1,0,0
CSX,XNN,1,1,0,0
KMG,XMN,8,8,0,2
CGQ,CJU,1,1,0,0
AYT,HAJ,3,3,0,0
FRU,KJA,2,2,0,0
BZE,ATL,1,1,0,0
ATL,DXB,1,1,0,0
FSD,ATL,1,1,0,1
BKK,GAU,1,1,0,0
WRO,BRU,1,1,0,0
RAK,MAN,3,3,0,0
FNC,LIS,4,4,0,2
BJV,EDI,1,1,0,0
FAO,SOU,1,1,0,0
VLC,AMS,3,3,0,1
CTA,HAM,2,2,0,0
SHR,DEN,1,1,0,0
PMI,LCY,2,2,0,2
AMS,KEF,1,1,0,0
DMK,SUB,1,1,0,0
MHD,ZAH,3,3,0,0
SDG,THR,1,1,0,0
RHO,GLA,1,1,0,0
BQN,MCO,1,1,0,0
DPS,SYD,3,3,0,1
SHA,JUH,1,1,0,0
YOW,YYZ,3,3,0,1
NBO,LAD,1,1,0,0
ICN,TXN,2,2,0,0
IQQ,ANF,2,2,0,0
MDE,UIO,1,1,0,1
LTD,TIP,1,1,0,0
LUX,SCN,2,2,0,1
LPA,LUX,1,1,0,0
REP,KUL,2,2,0,0
CPH,LAX,1,1,0,1
NBE,LED,2,2,0,0
RUH,ATZ,1,1,0,0
LHE,PEW,1,1,0,0
PEW,RUH,3,3,0,0
TLV,SAW,2,2,0,0
CMN,AGA,1,1,0,0
DTM,OPO,1,1,0,0
EDI,BRE,1,1,0,0
DUB,BRI,1,1,0,0
GRO,RBA,1,1,0,0
TPS,GRO,1,1,0,0
BGY,CRL,1,1,0,0
JNB,MQP,1,1,0,1
MUX,DXB,2,2,0,0
VAR,DME,1,1,0,0
DME,CMB,1,1,0,0
TER,HOR,1,1,0,0
HET,SJW,2,2,0,0
HAS,DMM,1,1,0,0
JED,IFN,1,1,0,0
MED,JED,2,2,0,0
TUU,JED,1,1,0,0
YNB,RUH,1,1,0,0
SMF,BUR,1,1,0,0
LAS,LIT,1,1,0,0
ZRH,LUG,1,1,0,1
SHA,LYG,2,2,0,1
TSN,YCU,2,2,0,1
CSX,TPE,4,4,0,1
HKT,DME,1,1,0,0
MCI,IAH,1,1,0,1
EWR,STT,1,1,0,0
DSM,EWR,1,1,0,1
LBB,DEN,1,1,0,1
XMN,DAD,1,1,0,0
ICN,NGS,1,1,0,0
NUX,TJM,2,2,0,0
MTY,LAP,1,1,0,0
KBL,MZR,2,2,0,0
BNA,AHN,1,1,0,0
TSJ,NGS,2,2,0,1
YNA,ZGS,2,2,0,0
LED,NSK,1,1,0,0
VCP,RVD,1,1,0,0
CAN,SJW,3,3,0,0
WNZ,HAK,1,1,0,0
DLA,NDJ,2,2,0,1
ANC,HOM,2,2,0,1
WAA,KTS,1,1,0,1
KOT,EMK,1,1,0,1
VNO,LED,1,1,0,0
BLA,MIA,1,1,0,0
YLW,YXS,1,1,0,0
ASU,MIA,2,2,0,0
DFW,NAS,2,2,0,0
AZA,MOT,1,1,0,0
LED,AYT,1,1,0,0
LED,BHK,2,2,0,0
OVB,KHV,3,3,0,0
AMS,BOD,3,3,0,1
CAE,ATL,4,4,0,3
DRS,AYT,2,2,0,0
GWT,ZRH,1,1,0,0
FMM,CLY,2,2,0,0
LGW,AYT,5,5,0,0
LBA,PMI,4,4,0,0
MLA,BRU,2,2,0,1
MEX,UIO,1,1,0,0
CTS,OKA,1,1,0,1
POM,GUR,2,2,0,0
DOH,SHJ,2,2,0,0
YVR,YMM,1,1,0,1
YYC,YXC,1,1,0,1
YYC,VRA,1,1,0,0
BDL,YYZ,2,2,0,2
NQN,AEP,2,2,0,1
RDM,SEA,1,1,0,1
VIE,LCA,3,3,0,1
VIE,VKO,2,2,0,1
LIR,SAL,1,1,0,0
CPH,FCO,4,4,0,0
TRN,BRI,2,2,0,0
SZX,WNZ,4,4,0,1
NKG,DLC,5,5,0,0
MUC,DUB,2,2,0,0
CNX,RGN,1,1,0,0
MAG,HGU,1,1,0,0
AUS,ELP,2,2,0,1
EYW,TPA,4,4,0,2
DMM,RUH,3,3,0,0
NAS,MHH,2,2,0,0
HKT,UTP,1,1,0,0
PAC,OTD,1,1,0,0
MAN,BRU,1,1,0,0
POS,LGW,1,1,0,0
CMB,BKK,4,4,0,1
DVO,DPL,1,1,0,0
HAK,TPE,2,2,0,0
PEK,SPN,1,1,0,0
PVG,DAT,1,1,0,0
TAS,PEK,2,2,0,0
CSX,FOC,6,6,0,1
CGO,LHW,4,4,0,2
XNN,XIY,9,9,0,0
BTS,PRG,3,3,0,1
KUF,PRG,1,1,0,0
CVG,BDL,1,1,0,1
RDU,SLC,1,1,0,0
ATL,MBJ,3,3,0,1
JFK,ORD,5,5,0,1
CAI,KWI,3,3,0,0
AMM,DXB,4,4,0,1
DXB,SEA,2,2,0,0
DXB,SKT,2,2,0,0
TLL,LGW,1,1,0,0
BTH,CGK,4,4,0,0
HAJ,SKG,2,2,0,0
TRV,BAH,1,1,0,0
DLC,WEF,1,1,0,0
MAD,MRS,2,2,0,1
MAD,LIS,6,6,0,2
LRR,DXB,1,1,0,0
CGO,LJG,1,1,0,0
NBO,BOM,2,2,0,1
MEL,DPS,4,4,0,1
CSX,LJG,2,2,0,0
AMS,FUK,1,1,0,0
UPG,KBU,1,1,0,1
MUC,ATH,4,4,0,1
VIE,LEJ,2,2,0,2
LUX,MLA,1,1,0,0
SZB,USM,2,2,0,1
TPE,CSX,4,4,0,1
KWI,BEY,3,3,0,0
DOH,DAC,1,1,0,0
TRN,CMN,1,1,0,0
KRK,MAD,1,1,0,0
WRO,ORK,1,1,0,0
GRO,BOH,1,1,0,0
VOL,HHN,1,1,0,0
JNB,TET,2,2,0,1
LYR,TOS,1,1,0,0
DMM,ABT,1,1,0,0
RUH,HBE,4,4,0,0
SJC,ONT,1,1,0,0
ZRH,TFS,2,2,0,1
TME,BOG,1,1,0,0
SCO,CIT,1,1,0,0
SCO,ASF,1,1,0,0
IST,MAN,1,1,0,0
MAD,EIN,1,1,0,0
VPE,SPP,1,1,0,0
CME,IAH,1,1,0,1
SFO,TUS,1,1,0,1
CLE,MCI,1,1,0,1
LIH,DEN,1,1,0,0
AZN,DME,1,1,0,0
LPQ,REP,2,2,0,1
HAN,DLI,2,2,0,0
LAX,ZCL,1,1,0,0
YEG,YYJ,1,1,0,0
VDS,KKN,1,1,0,0
FCO,BUD,3,3,0,1
OTP,NAP,1,1,0,0
OTH,PDX,1,1,0,0
IKT,KJA,2,2,0,0
GRU,IPN,1,1,0,0
IPN,CNF,1,1,0,0
PVH,MAO,2,2,0,0
CLV,VCP,1,1,0,0
EBL,GOT,1,1,0,1
ABV,CBQ,1,1,0,0
YVP,YPJ,1,1,0,0
MEX,DFW,5,5,0,2
SYD,ASP,3,3,0,1
MYR,CLT,2,2,0,0
DFW,PNS,2,2,0,0
DFW,SDF,2,2,0,0
FAT,LAX,4,4,0,4
SAN,STS,2,2,0,2
ORD,FWA,3,3,0,3
TYS,PIE,1,1,0,0
LAS,PSC,1,1,0,0
AZA,IDA,1,1,0,0
MUC,SKG,4,4,0,2
BHK,LED,2,2,0,0
SVO,NBC,1,1,0,0
BRU,LYS,4,4,0,1
FIH,CDG,1,1,0,0
PUF,ORY,1,1,0,0
GVA,BIQ,2,2,0,1
LJG,KMG,7,7,0,2
NRT,DEL,3,3,0,0
MAN,AGA,3,3,0,0
CCU,AJL,3,3,0,2
MEX,GDL,4,4,0,0
NRT,DUS,2,2,0,1
ONJ,HND,1,1,0,0
BLR,SHJ,1,1,0,0
SLA,IGR,1,1,0,1
LAX,PIT,4,4,0,1
WRG,PSG,1,1,0,0
VIE,CDG,4,4,0,2
VIE,DME,5,5,0,3
GRU,LIM,4,4,0,3
LOD,SON,1,1,0,0
MCT,CCJ,2,2,0,0
LYS,TLS,3,3,0,1
XIY,YZY,2,2,0,0
KWE,TYN,1,1,0,0
DAT,XIY,1,1,0,0
SDJ,PVG,2,2,0,1
NNG,ZUH,3,3,0,0
SZX,SHE,3,3,0,1
XIY,CAN,5,5,0,1
KMG,CTU,9,9,0,1
ZUH,KHN,3,3,0,1
ORN,BCN,3,3,0,1
KIR,DUB,1,1,0,1
FNJ,KUL,1,1,0,0
PVD,LAS,1,1,0,1
MCO,PVD,3,3,0,1
IBZ,LHR,2,2,0,0
ZRH,HRG,2,2,0,1
BKK,LPT,1,1,0,0
PAC,BFQ,1,1,0,0
HKG,RUH,1,1,0,0
SHA,YNZ,1,1,0,0
JNG,PEK,1,1,0,0
CAN,ACX,1,1,0,0
HGH,ZUH,1,1,0,0
DLC,MDG,1,1,0,0
BSB,NAT,3,3,0,0
DBV,DUS,3,3,0,1
BOS,CVG,1,1,0,0
DTW,MKE,1,1,0,0
MSP,BOI,1,1,0,0
PSC,SLC,1,1,0,1
CKG,HKG,5,5,0,1
NCL,CWL,1,1,0,0
SSH,IST,2,2,0,0
JIM,AMH,1,1,0,0
HBE,KWI,6,6,0,0
LGW,CDG,1,1,0,0
NCL,PMI,4,4,0,0
LAU,WIL,1,1,0,0
LMP,CTA,1,1,0,1
STR,KRK,1,1,0,0
DEN,LBL,1,1,0,0
MAD,BLQ,2,2,0,1
NZH,KJA,1,1,0,0
JFK,BTV,1,1,0,0
JFK,SRQ,1,1,0,0
ADL,OOL,2,2,0,1
ICN,LED,1,1,0,0
MUC,GDN,2,2,0,1
VCE,FRA,1,1,0,0
LED,FRA,2,2,0,0
TRW,INU,1,1,0,0
CPH,ORY,1,1,0,0
NCE,OSL,2,2,0,0
PMI,BGO,1,1,0,0
FLN,GRU,3,3,0,0
SKT,MCT,1,1,0,0
ADL,ASP,1,1,0,0
CBR,PER,1,1,0,0
VIE,MUC,5,5,0,3
STN,FEZ,1,1,0,0
RYG,KRK,1,1,0,0
BRI,MLA,1,1,0,0
TPS,MAN,1,1,0,0
AHO,FMM,1,1,0,0
FKB,STN,1,1,0,0
TER,LIS,2,2,0,0
MDC,SIN,3,3,0,2
UYL,KRT,2,2,0,0
ELQ,MED,1,1,0,0
CAN,RUH,1,1,0,0
PVD,TPA,1,1,0,0
BWI,MDW,2,2,0,1
TDD,GYA,1,1,0,0
XMN,NNG,6,6,0,3
SHE,YVR,1,1,0,0
RNA,IRA,1,1,0,0
MLA,MAN,4,4,0,0
BKK,CKG,2,2,0,0
FRA,ESB,1,1,0,0
SAW,VIE,2,2,0,0
NBE,EMA,3,3,0,0
AMS,JKH,1,1,0,0
VKO,IKT,1,1,0,0
IAD,BGM,1,1,0,1
COS,SFO,1,1,0,1
MCO,SFO,2,2,0,0
DME,LWN,1,1,0,0
NBC,DYU,1,1,0,0
DXB,AZI,1,1,0,0
BJF,MEH,1,1,0,0
KSU,MOL,1,1,0,0
LBC,GDN,1,1,0,0
GDN,LTN,1,1,0,0
DWC,OTP,1,1,0,0
MPM,INH,1,1,0,0
DWC,KRT,1,1,0,0
GAL,RBY,1,1,0,1
SHX,KGX,1,1,0,1
ARN,EVG,1,1,0,1
VCE,LMP,1,1,0,0
ZFM,YEV,1,1,0,0
LIL,ORN,2,2,0,0
MIA,BNA,2,2,0,0
SMF,OGG,2,2,0,1
SMF,PHX,4,4,0,1
EUG,OAK,1,1,0,0
LED,TLV,2,2,0,0
SVO,MSQ,1,1,0,0
SVO,CAN,2,2,0,0
KWI,AMS,3,3,0,2
CHS,ATL,6,6,0,5
CAK,ATL,5,5,0,2
NDU,ERS,1,1,0,0
DUS,FNC,2,2,0,0
TXL,CPH,6,6,0,2
TXL,SOF,3,3,0,1
HYD,AMD,3,3,0,0
BHX,GIB,1,1,0,0
MEX,VSA,3,3,0,0
SJD,SLC,2,2,0,2
TPE,KIX,8,8,0,0
SHJ,ROV,1,1,0,0
YVR,HNL,3,3,0,1
YWK,YZV,3,3,0,1
YYZ,HOG,2,2,0,1
KGL,NBO,7,7,0,4
WLG,TIU,1,1,0,1
AKN,KCG,1,1,0,0
SVX,EVN,2,2,0,0
BCN,VIE,6,6,0,3
VIE,BUD,1,1,0,1
VIE,SUF,1,1,0,1
CTG,MIA,3,3,0,1
VLI,LPM,1,1,0,0
FCO,BEY,2,2,0,0
AUH,SIN,6,6,0,5
RFP,BOB,1,1,0,0
PEK,YIH,4,4,0,1
HGH,SHE,7,7,0,2
NKG,CKG,5,5,0,0
WUS,XMN,3,3,0,1
HME,CZL,1,1,0,0
ORY,BLJ,1,1,0,0
JNN,JJU,1,1,0,0
GTE,CNS,1,1,0,0
MDW,GSP,2,2,0,1
BUF,BWI,2,2,0,1
EDI,LCY,1,1,0,1
MSQ,FRA,2,2,0,1
PEK,JNG,1,1,0,0
NKG,SJW,2,2,0,0
DLU,JHG,2,2,0,0
LYA,KMG,1,1,0,0
CJU,CSX,2,2,0,0
CGO,TPE,3,3,0,1
DLC,YTY,1,1,0,0
BKK,CSX,1,1,0,0
PMV,BRM,1,1,0,0
PTY,MCO,2,2,0,0
IND,TPA,3,3,0,1
HPN,MCO,2,2,0,1
TUN,CAI,2,2,0,0
DAR,DXB,1,1,0,0
LYG,SHE,1,1,0,0
BFS,NCE,1,1,0,0
MAN,ALC,5,5,0,0
CDG,OPO,1,1,0,0
BIO,AMS,2,2,0,1
ORY,IBZ,3,3,0,1
FAR,DEN,2,2,0,1
DPS,CGK,7,7,0,0
STR,MXP,1,1,0,0
STN,CGN,1,1,0,0
LAX,MCE,1,1,0,0
DEN,RIW,1,1,0,0
PMI,ZQW,1,1,0,0
BBI,HYD,1,1,0,0
DEL,UDR,4,4,0,2
DLM,EMA,2,2,0,0
NBO,HRE,3,3,0,2
ICN,XIY,3,3,0,1
XQP,SJO,3,3,0,1
WAW,ARN,1,1,0,0
FRA,LEJ,1,1,0,0
FRA,BEG,5,5,0,0
SBZ,MUC,2,2,0,1
LUX,TFS,1,1,0,0
MUR,MYY,1,1,0,1
MKM,MYY,1,1,0,1
PKU,JOG,2,2,0,0
SKG,ATH,6,6,0,3
OHE,JGD,1,1,0,0
SYD,TRO,1,1,0,0
DLA,LBV,4,4,0,0
LDY,BHX,1,1,0,0
STN,KTW,1,1,0,0
STN,LEI,1,1,0,0
ALC,SCQ,1,1,0,0
MLA,DUB,1,1,0,0
LIS,HHN,1,1,0,0
NDR,MRS,1,1,0,0
BLL,ARN,1,1,0,0
CPH,BRE,1,1,0,0
DME,IKT,2,2,0,0
BOS,MSP,2,2,0,0
TER,GRW,1,1,0,0
SDQ,ANU,1,1,0,0
BHH,RUH,1,1,0,0
RUH,DEL,2,2,0,0
FRA,ADB,1,1,0,0
PUU,LQM,1,1,0,0
UIO,XMS,1,1,0,0
SXB,DJE,1,1,0,0
BKK,BNE,2,2,0,1
AMS,FNC,1,1,0,0
SVX,SSH,1,1,0,0
EWR,CMH,1,1,0,1
AUS,CLE,1,1,0,1
DEN,ANC,1,1,0,0
ORD,MYR,2,2,0,1
ORD,BUF,3,3,0,2
SBA,LAX,1,1,0,1
KOA,PHX,2,2,0,0
BPT,DFW,2,2,0,1
CLT,CHS,2,2,0,0
MXP,KBP,1,1,0,0
EIN,WAW,1,1,0,0
LUZ,TRF,1,1,0,0
SAH,KRT,1,1,0,0
LJG,TNA,1,1,0,0
VCP,UDI,1,1,0,0
SLZ,THE,1,1,0,0
CKG,DSN,1,1,0,0
CKG,HDG,1,1,0,0
MIG,XIY,1,1,0,0
ADQ,ANC,2,2,0,0
KWN,TOG,1,1,0,1
COO,LBV,3,3,0,0
ARN,MXX,1,1,0,1
NYU,RGN,3,3,0,0
NAS,DFW,2,2,0,0
MIA,DTW,3,3,0,0
MYR,FWA,1,1,0,0
BLI,AZA,1,1,0,0
TRI,SFB,1,1,0,0
LJU,PRN,1,1,0,0
VVO,UUS,2,2,0,0
LED,NCE,1,1,0,0
CDG,MPL,2,2,0,1
ZSA,NAS,2,2,0,0
TBS,GYD,2,2,0,0
PMI,MUC,4,4,0,0
IDR,BOM,4,4,0,2
IXD,BOM,1,1,0,0
DEL,PAT,5,5,0,1
LTN,DLM,2,2,0,0
BOM,BHJ,2,2,0,1
HND,SYO,1,1,0,0
PVG,NRT,5,5,0,0
YDF,YYZ,2,2,0,0
YYZ,ANU,2,2,0,0
ADD,JED,6,6,0,3
TLL,RIX,1,1,0,0
BNE,DUD,2,2,0,2
ADL,AKL,4,4,0,2
SLC,CVG,2,2,0,1
TSN,SZX,6,6,0,1
CSX,CTU,6,6,0,1
YNT,TNA,2,2,0,1
WNZ,TNA,2,2,0,1
DUB,BLQ,2,2,0,0
DUB,BOS,2,2,0,1
LIS,ORK,1,1,0,0
OSS,CEK,2,2,0,0
KUL,FNJ,1,1,0,0
LYS,BOD,2,2,0,0
MCI,DEN,4,4,0,1
CLE,DEN,3,3,0,0
FLL,SFO,4,4,0,1
STL,BWI,2,2,0,1
DEN,ABQ,3,3,0,1
BLL,DUS,1,1,0,1
JNB,VFA,3,3,0,1
MHH,NAS,2,2,0,0
SKU,SKG,1,1,0,0
KIN,MCO,1,1,0,0
PUS,HKG,4,4,0,0
DXB,MNL,3,3,0,1
MNL,HKT,1,1,0,0
RAO,UDI,1,1,0,0
CTS,PVG,2,2,0,1
KHN,XIY,4,4,0,1
NGB,XIY,1,1,0,0
TAO,SHE,9,9,0,1
DLC,LDS,1,1,0,0
TPE,CGQ,1,1,0,0
CAN,MIG,1,1,0,0
KWE,DLU,1,1,0,0
URC,CSX,2,2,0,0
SHE,YNT,1,1,0,0
KOW,CAN,1,1,0,0
GRU,VIX,2,2,0,0
MAB,BEL,3,3,0,0
PTY,MGA,2,2,0,0
VIG,PMV,1,1,0,0
MAO,PTY,1,1,0,0
ZAG,SJJ,1,1,0,0
ZRH,DBV,2,2,0,1
LCA,BEY,2,2,0,0
SJU,DTW,1,1,0,0
PVG,SFO,4,4,0,1
MIA,MID,2,2,0,1
ATL,KIN,1,1,0,0
XIY,HKG,3,3,0,0
JER,SEN,1,1,0,0
LGW,IOM,1,1,0,0
JMK,GVA,1,1,0,0
TLV,HEL,1,1,0,0
AMS,IBZ,3,3,0,1
BCN,NTE,2,2,0,1
BRI,BCN,2,2,0,1
MKE,DEN,4,4,0,2
SXF,SKP,1,1,0,0
RLG,STR,1,1,0,0
BAH,JED,2,2,0,0
FRA,FNC,2,2,0,0
FMM,PMI,2,2,0,0
LIL,HER,1,1,0,0
HYD,JAI,1,1,0,0
DXB,BOM,4,4,0,0
CGK,SUB,6,6,0,0
KWI,AWZ,2,2,0,0
DXB,IKA,4,4,0,0
DXB,BUZ,1,1,0,0
PGU,SYZ,1,1,0,0
DEL,NRT,3,3,0,0
CIT,LED,1,1,0,0
MEL,HKT,1,1,0,0
SYD,DPS,3,3,0,1
CSX,KWE,6,6,0,1
HOE,VTE,1,1,0,0
MKW,FKQ,1,1,0,1
FRA,IAH,2,2,0,0
HAM,ZRH,3,3,0,1
EWR,DUB,2,2,0,1
RMQ,HKG,3,3,0,0
OKA,RMQ,1,1,0,0
NVI,DME,3,3,0,0
ARN,SXF,1,1,0,0
DJE,MLH,1,1,0,0
SLL,JED,1,1,0,0
ISB,BHX,1,1,0,0
OXB,BJL,1,1,0,0
AMM,JFK,3,3,0,1
PIK,FAO,1,1,0,0
STN,KRK,1,1,0,0
EIN,SVQ,1,1,0,0
BVA,ZAD,1,1,0,0
BDS,CRL,1,1,0,0
CTA,BGY,1,1,0,0
AHO,EIN,1,1,0,0
AHO,NYO,1,1,0,0
TRN,BDS,1,1,0,0
RIX,PIK,1,1,0,0
JNB,LOS,2,2,0,0
ARN,PMI,2,2,0,0
SVX,HEL,2,2,0,0
SVX,DME,3,3,0,0
BTH,JOG,1,1,0,0
PHX,TUL,1,1,0,0
MCO,DAY,1,1,0,0
CAN,WUS,2,2,0,1
SZX,CGQ,2,2,0,1
BCN,TUN,1,1,0,0
DNZ,IST,1,1,0,0
RMQ,XMN,2,2,0,0
RTM,BUD,1,1,0,0
EDI,LHR,5,5,0,3
MSQ,DME,3,3,0,1
IAH,MTY,2,2,0,1
SBP,SFO,1,1,0,1
CZM,CLT,2,2,0,0
LCA,DOK,1,1,0,0
KBP,HRK,1,1,0,0
HAN,PXU,1,1,0,0
MTY,MID,2,2,0,0
PBC,GDL,1,1,0,0
AUH,PEW,4,4,0,1
GDN,TRD,1,1,0,0
NAP,PRG,1,1,0,0
ADA,EBL,2,2,0,0
SYX,KHN,1,1,0,0
DYU,IST,3,3,0,0
UFA,NYM,1,1,0,0
NNG,LJG,1,1,0,0
CNF,MAO,1,1,0,0
VCP,MAO,1,1,0,0
YGL,YPX,1,1,0,0
MRS,ORN,2,2,0,0
DKR,BJL,4,4,0,2
LIN,LHR,4,4,0,1
PUJ,MIA,4,4,0,0
EIS,SJU,3,3,0,0
LAX,MCO,6,6,0,1
DCA,YHZ,2,2,0,2
PHL,ILM,2,2,0,2
LAS,ORD,4,4,0,0
BIS,AZA,1,1,0,0
MAD,OTP,3,3,0,1
AOK,RHO,2,2,0,0
JSI,ATH,2,2,0,0
CPH,SVO,2,2,0,0
ICN,CDG,3,3,0,0
KVD,GYD,1,1,0,0
IBZ,FRA,3,3,0,0
PMI,DRS,1,1,0,0
FNC,MUC,2,2,0,0
VIE,DEL,2,2,0,2
TFS,BHX,5,5,0,0
HND,KOJ,3,3,0,0
NGO,AKJ,1,1,0,0
JED,SHJ,1,1,0,0
YEG,DEN,2,2,0,1
YQR,YEG,2,2,0,1
YYC,YYZ,3,3,0,1
YYZ,IAD,2,2,0,2
NBO,BRU,4,4,0,3
PMR,NSN,1,1,0,1
KUF,EVN,2,2,0,0
HLN,SEA,1,1,0,1
ARH,LED,2,2,0,0
VCE,SUF,2,2,0,1
CPT,GBE,1,1,0,0
HET,CGO,3,3,0,0
KKR,PPT,1,1,0,0
PEK,DXB,2,2,0,0
PEK,IAD,2,2,0,1
PEK,TNA,2,2,0,1
XMN,CKG,5,5,0,2
KHN,CAN,5,5,0,0
CKG,KMG,9,9,0,1
URC,INC,4,4,0,1
SNN,LHR,1,1,0,0
MDL,NYU,3,3,0,0
ECN,IST,3,3,0,0
SNA,SFO,3,3,0,1
LAS,AUS,3,3,0,1
WTK,KVL,2,2,0,1
GLF,PJM,1,1,0,0
OKA,HKG,3,3,0,0
DOU,CGR,1,1,0,0
BSG,COO,1,1,0,0
CKG,WNZ,5,5,0,1
CTU,DLU,1,1,0,0
SJW,SHP,3,3,0,0
FRA,ZAG,2,2,0,0
ZRH,ZAG,2,2,0,1
YYZ,DTW,5,5,0,5
BOS,LAS,2,2,0,0
GEG,MSP,1,1,0,0
SLC,RDU,1,1,0,0
SEA,DTW,1,1,0,0
ICN,DTW,1,1,0,0
PIA,MSP,1,1,0,1
CAI,YYZ,1,1,0,0
ARN,ADD,2,2,0,1
ADD,FCO,1,1,0,0
GLA,LTN,1,1,0,0
NTE,LYS,3,3,0,0
NUE,BCN,2,2,0,1
DEN,ILG,1,1,0,0
KIH,GSM,1,1,0,0
HER,TXL,3,3,0,0
FCO,HAJ,1,1,0,0
BFF,DEN,1,1,0,0
PEK,SEA,5,5,0,3
NAG,BLR,1,1,0,0
LAX,LIM,5,5,0,4
BRU,YYZ,3,3,0,1
DBV,MAN,3,3,0,0
BOS,JFK,4,4,0,0
DRW,CNS,2,2,0,1
LIS,WAW,2,2,0,1
CUR,POS,3,3,0,0
AMQ,SOQ,1,1,0,1
FRA,MXP,2,2,0,1
LAX,MUC,2,2,0,1
KUL,KUA,1,1,0,0
PEN,SIN,6,6,0,2
MLE,MXP,1,1,0,0
BEY,GVA,1,1,0,0
OSL,KRS,2,2,0,0
OSL,TFS,1,1,0,0
TRD,NCE,1,1,0,0
ARN,SJJ,1,1,0,0
RUH,DMM,2,2,0,0
SAW,SKP,1,1,0,0
OHE,HEK,1,1,0,0
BNE,HVB,1,1,0,1
SYD,DBO,2,2,0,1
KTW,BHX,1,1,0,0
IBZ,PSA,1,1,0,0
LDE,BGY,1,1,0,0
SKG,WMI,1,1,0,0
SVG,OSL,3,3,0,1
SVG,TOS,1,1,0,0
LBD,OVB,3,3,0,0
BLR,MYQ,1,1,0,0
KTM,KHI,1,1,0,0
JED,AZD,1,1,0,0
SAH,JED,2,2,0,0
FLL,BWI,3,3,0,0
SAT,LAS,2,2,0,1
BWI,GRR,1,1,0,0
LAS,OKC,1,1,0,0
GYA,TDD,1,1,0,0
DSN,PEK,2,2,0,1
PHX,DFW,3,3,0,0
HIR,EGM,1,1,0,0
SXF,DJE,1,1,0,0
PEN,DMK,1,1,0,0
WDH,SDD,1,1,0,0
IAH,LIT,1,1,0,1
HNL,DEN,1,1,0,0
DEN,SHV,1,1,0,1
VOG,DYU,1,1,0,0
OSL,BNN,1,1,0,0
DTM,GDN,1,1,0,0
TSF,SKP,1,1,0,0
TLV,KTW,1,1,0,0
SJD,CUL,1,1,0,0
AUX,BSB,1,1,0,0
KOJ,KIX,1,1,0,0
LED,CEE,1,1,0,0
ORN,MLH,1,1,0,0
LHR,HAM,4,4,0,2
PNS,CLT,2,2,0,1
PIT,JFK,3,3,0,1
DFW,GRU,3,3,0,0
SJC,KOA,2,2,0,1
PHL,CLE,2,2,0,2
PHL,IAH,3,3,0,0
BHM,MIA,2,2,0,1
CLT,SJU,2,2,0,0
CLT,PBI,2,2,0,0
MDT,SFB,1,1,0,0
LAS,BIS,1,1,0,0
AZA,FAR,1,1,0,0
IST,AER,2,2,0,0
MMK,SVO,2,2,0,1
NOZ,SVO,1,1,0,0
BIQ,GVA,2,2,0,1
CDG,NDJ,1,1,0,0
CDG,BIO,3,3,0,2
CDG,HKG,3,3,0,1
MGM,ATL,3,3,0,3
FRA,TXL,4,4,0,1
AMD,DEL,6,6,0,2
BHO,DEL,3,3,0,2
LGW,VCE,4,4,0,0
FAO,LBA,3,3,0,0
SVG,KSU,2,2,0,0
HKD,TPE,3,3,0,1
AXT,CTS,2,2,0,2
YAM,YYZ,1,1,0,1
YUL,SNU,3,3,0,1
VIE,YYZ,3,3,0,3
WAG,AKL,1,1,0,1
VIE,EBL,1,1,0,1
KUL,KBR,2,2,0,0
MAD,FUE,4,4,0,2
AUH,COK,4,4,0,0
PVG,FCO,2,2,0,1
XIY,DSN,3,3,0,0
HFE,NNG,1,1,0,0
TAO,CGO,5,5,0,1
PEK,FRA,2,2,0,0
CAN,DAX,2,2,0,1
ALG,BRU,1,1,0,0
ALG,LIS,2,2,0,1
SUV,TVU,1,1,0,1
PEK,MRU,1,1,0,0
BWI,DEN,3,3,0,1
ALC,BRU,4,4,0,1
EBL,TBS,1,1,0,0
BIL,SDY,1,1,0,0
KIN,POS,1,1,0,0
PVG,HMI,1,1,0,0
NGB,CGQ,2,2,0,1
HFE,SZX,4,4,0,1
SJW,CAN,3,3,0,0
GIG,VIX,2,2,0,0
IOS,CNF,1,1,0,0
SXF,DLM,1,1,0,0
MRU,FRA,1,1,0,0
ZAG,FRA,2,2,0,0
LCA,AMS,2,2,0,1
MAD,PRG,4,4,0,0
CCS,ATL,1,1,0,0
MDT,DTW,1,1,0,1
LGA,DSM,1,1,0,1
JFK,ORF,3,3,0,1
MSP,ATW,1,1,0,1
TVC,DTW,1,1,0,0
BMI,DTW,1,1,0,1
RHI,IMT,1,1,0,1
HND,DXB,2,2,0,1
AUH,DOH,2,2,0,0
BRU,MXP,4,4,0,1
AMS,EDI,2,2,0,0
ALC,EDI,3,3,0,0
NCE,OLB,1,1,0,0
MAD,VGO,4,4,0,3
TTN,CLT,1,1,0,0
ILG,RSW,1,1,0,0
VKO,KUT,1,1,0,0
CGN,SUF,1,1,0,0
TXL,BIA,1,1,0,0
AGA,LIL,2,2,0,0
KEF,MUC,1,1,0,0
MHD,MZR,1,1,0,0
LJG,KWE,2,2,0,0
NRT,CJU,2,2,0,1
DOH,DEL,2,2,0,0
EDI,MJV,1,1,0,0
FCO,GLA,1,1,0,0
OOL,SYD,4,4,0,1
CNS,DRW,2,2,0,1
LCX,SHA,1,1,0,0
SOQ,BXB,1,1,0,1
GOT,MUC,2,2,0,2
OLB,VRN,1,1,0,0
CHQ,ARN,1,1,0,0
IAD,HGR,1,1,0,1
ISA,CNJ,1,1,0,1
DOH,MED,1,1,0,0
MOI,RAR,1,1,0,0
SNN,ALC,1,1,0,0
RZE,BRS,1,1,0,0
EGC,BRS,1,1,0,0
NTE,FEZ,1,1,0,0
GOA,BRI,1,1,0,0
BTS,TPS,1,1,0,0
JNB,PZB,1,1,0,1
DUS,ARN,3,3,0,1
CPH,PLQ,1,1,0,0
DME,SIP,3,3,0,0
KTM,SIN,2,2,0,1
DXB,ICN,2,2,0,0
DAL,ICT,1,1,0,0
OKC,MDW,2,2,0,1
CKG,NTG,2,2,0,0
LAX,DFW,6,6,0,3
LJG,SIN,1,1,0,0
BLR,BKK,1,1,0,0
BKK,KKC,1,1,0,0
PRN,IST,1,1,0,0
NBE,NCL,3,3,0,0
PVG,ORD,5,5,0,2
LCH,IAH,1,1,0,1
IAD,CRW,1,1,0,1
HNL,MAJ,1,1,0,0
FMN,ALS,3,3,0,2
JFK,PEK,3,3,0,2
MSY,YYZ,2,2,0,2
PKB,CLE,1,1,0,1
DFW,VPS,2,2,0,1
CLT,MIA,2,2,0,0
COO,BZV,3,3,0,0
DCN,PER,2,2,0,1
ZKG,ZGS,1,1,0,0
YHM,YYC,1,1,0,0
FRO,FDE,1,1,0,0
BLQ,SOF,1,1,0,0
TGM,DTM,1,1,0,0
BEG,EIN,1,1,0,0
TPE,FOC,2,2,0,0
LIL,VCE,1,1,0,0
TFS,RIX,2,2,0,1
DAC,MAA,1,1,0,0
AJU,VCP,1,1,0,0
VCP,CXJ,1,1,0,0
DOM,EIS,2,2,0,0
OME,GLV,1,1,0,1
BRI,VCE,1,1,0,0
MIA,CHS,2,2,0,1
BUF,DCA,2,2,0,2
STS,SAN,2,2,0,2
ICN,ROR,2,2,0,0
JED,TIP,1,1,0,0
FSD,AZA,1,1,0,0
AZA,EUG,1,1,0,0
PGD,FWA,1,1,0,0
LHR,DTW,4,4,0,1
GNV,ATL,4,4,0,3
ATL,ALB,4,4,0,3
NBO,LUN,4,4,0,2
ADQ,AOS,1,1,0,0
FMO,CFU,1,1,0,0
TXL,KGD,2,2,0,1
CFU,CGN,2,2,0,0
DME,MUC,3,3,0,0
PSA,PRG,2,2,0,1
IXS,CCU,3,3,0,2
ABZ,NWI,2,2,0,0
MEX,TPQ,2,2,0,0
HKG,HND,4,4,0,0
SHJ,EVN,1,1,0,0
YQF,YYC,1,1,0,0
YVR,YXS,2,2,0,1
VDZ,ANC,2,2,0,1
AXK,SAH,1,1,0,0
IXE,DOH,1,1,0,0
LGW,FNA,1,1,0,0
BLR,AUH,3,3,0,0
XMN,JDZ,2,2,0,1
DLC,PVG,7,7,0,0
TNA,WUH,4,4,0,1
JJN,PVG,2,2,0,0
HNL,NAN,2,2,0,1
NER,KHV,1,1,0,0
MDW,TPA,2,2,0,1
MCO,MEM,3,3,0,1
LHR,SEA,8,8,0,2
EGO,ROV,1,1,0,0
MVY,BOS,1,1,0,0
GEO,YYZ,2,2,0,0
HKG,MAA,1,1,0,0
HAK,HKG,4,4,0,1
BCD,CGY,1,1,0,0
CEB,SIN,4,4,0,1
FCO,DEL,2,2,0,1
TPE,NGB,3,3,0,2
XNN,GOQ,1,1,0,0
ACX,NAY,2,2,0,1
TSN,WUH,4,4,0,0
AJA,TLS,3,3,0,1
LYS,BIA,3,3,0,1
PRG,SXB,2,2,0,0
UIO,ATL,1,1,0,0
SLC,ANC,1,1,0,0
SLC,RDM,1,1,0,1
LGA,PWM,1,1,0,0
MAN,DXB,2,2,0,1
DXB,NCE,1,1,0,0
AMS,TLL,2,2,0,1
MXP,CAG,1,1,0,0
STL,CUN,1,1,0,0
DEN,CLE,2,2,0,0
HAM,CGN,1,1,0,0
BOM,MAA,7,7,0,1
TXL,OSL,4,4,0,1
SLM,BCN,1,1,0,1
SJO,GUA,4,4,0,2
REU,BFS,1,1,0,0
TBS,KBP,2,2,0,1
GIG,SCL,2,2,0,1
IQQ,SCL,3,3,0,0
VTE,SIN,1,1,0,0
JNB,FRA,3,3,0,0
MUX,ISB,1,1,0,0
STR,ESB,1,1,0,0
MNL,WNP,2,2,0,0
CFS,SYD,3,3,0,2
TRO,GFN,1,1,0,0
RAK,NCE,2,2,0,0
TLL,GRO,1,1,0,0
BRS,RZE,1,1,0,0
STN,NOC,1,1,0,0
NYO,BCN,1,1,0,0
ACE,BHX,6,6,0,1
TUF,MRS,1,1,0,0
TSF,NRN,1,1,0,0
PSA,KRK,1,1,0,0
FAO,STN,2,2,0,0
KUN,ALC,1,1,0,0
VNO,CRL,1,1,0,0
ARN,TKU,2,2,0,1
PEK,UUD,1,1,0,0
VGA,BLR,1,1,0,0
RCM,JCK,1,1,0,0
MLA,PSA,1,1,0,0
DEN,SDF,2,2,0,1
BWI,SEA,1,1,0,0
LAS,CMH,1,1,0,0
GVA,EWR,2,2,0,1
CTU,XUZ,1,1,0,0
LXA,GXH,1,1,0,0
AMS,SAW,3,3,0,0
KHH,FOC,3,3,0,0
WUX,TPE,4,4,0,2
AMS,LPA,1,1,0,0
AMS,SMI,1,1,0,0
DME,ALA,1,1,0,0
CLE,JHW,1,1,0,1
ACY,IAH,1,1,0,1
BTV,ORD,1,1,0,1
LBB,IAH,1,1,0,1
EUG,SFO,1,1,0,1
KJA,NMA,1,1,0,0
ICT,DFW,2,2,0,0
TAS,AZN,1,1,0,0
PUS,SGN,2,2,0,1
GDL,TLC,2,2,0,1
SJD,MTY,2,2,0,0
FRO,OSL,1,1,0,0
TRD,TOS,2,2,0,0
WAW,LPL,1,1,0,0
CNF,CPV,1,1,0,0
VCP,NVT,1,1,0,0
CAI,HRG,2,2,0,0
BDP,KTM,1,1,0,0
NDJ,NSI,1,1,0,0
BKO,NKC,1,1,0,0
BON,CUR,4,4,0,0
JNU,KAE,1,1,0,0
DUS,LHR,3,3,0,1
LGW,MCO,7,7,0,4
LHR,GIB,2,2,0,1
FCO,PHL,2,2,0,0
NRT,ITM,3,3,0,0
PHX,DTW,4,4,0,0
PHX,ATL,9,9,0,6
DCA,MHT,2,2,0,2
DTW,PHL,3,3,0,0
BNA,MIA,2,2,0,0
PHL,IND,2,2,0,0
CLT,NAS,2,2,0,0
CLT,STT,2,2,0,0
CLT,SYR,2,2,0,0
CLT,SRQ,2,2,0,2
BDA,PHL,2,2,0,0
ICN,CAN,3,3,0,0
MUC,SVO,1,1,0,0
LIR,ATL,2,2,0,1
AUH,BAH,8,8,0,3
ATL,GRB,3,3,0,3
ATL,SRQ,5,5,0,4
VPS,ATL,3,3,0,2
WDH,CPT,2,2,0,1
DBV,BHX,3,3,0,0
CTA,AMS,3,3,0,0
ITM,OKA,2,2,0,0
SZX,PVG,6,6,0,1
POM,SIN,1,1,0,0
YHZ,YUL,2,2,0,0
YQR,YYZ,2,2,0,0
WLG,GIS,1,1,0,1
SCC,BRW,1,1,0,0
LIM,SAL,1,1,0,0
SDK,KUL,2,2,0,0
DTW,CDG,3,3,0,1
CGD,HAK,1,1,0,0
YIW,JJN,1,1,0,0
PEK,LAX,3,3,0,2
SZX,YNT,2,2,0,1
HGH,KMG,8,8,0,2
HGH,KIX,2,2,0,1
INC,HGH,2,2,0,1
ALG,DKR,1,1,0,0
MAN,DUB,2,2,0,0
OSS,KJA,2,2,0,0
OBY,CNP,1,1,0,0
MEM,MCO,3,3,0,1
STL,TPA,2,2,0,1
LCY,BLL,1,1,0,1
BLL,BRU,1,1,0,1
FPO,RIC,1,1,0,0
YYU,YTS,1,1,0,0
WLK,OTZ,2,2,0,1
AER,MSQ,1,1,0,0
UIN,STL,1,1,0,0
TPE,KOJ,1,1,0,0
SIN,WUH,3,3,0,1
WUH,LYG,1,1,0,0
SJW,XIY,4,4,0,1
XIL,NAY,2,2,0,1
SZX,TXN,1,1,0,0
CKG,SYX,5,5,0,0
PVG,MDG,1,1,0,0
CZX,TYN,2,2,0,1
NAT,FOR,2,2,0,0
BVE,LCY,2,2,0,1
DTW,MTY,2,2,0,1
BDL,RDU,1,1,0,1
HBE,BEY,1,1,0,0
DXB,MLA,1,1,0,0
BCN,MLA,2,2,0,1
MAD,FLR,2,2,0,1
SVQ,AMS,3,3,0,1
IAH,DEN,3,3,0,0
BMU,DPS,2,2,0,1
MAD,HAM,1,1,0,0
WEF,HGH,1,1,0,0
BRU,SCQ,2,2,0,0
MLN,LEI,1,1,0,1
JAI,BLR,1,1,0,0
IKA,TAS,1,1,0,0
THR,PGU,1,1,0,0
CTS,HKG,2,2,0,1
NRT,BOM,2,2,0,1
ACE,BFS,2,2,0,0
BUD,EDI,1,1,0,0
EWR,TPA,2,2,0,0
ICN,SGN,3,3,0,0
KWI,TRV,1,1,0,0
FRA,JNB,3,3,0,0
KUL,HAN,3,3,0,0
PEN,SZB,3,3,0,1
CSX,KHH,2,2,0,1
MKK,HNL,2,2,0,0
NAP,OLB,1,1,0,1
BEY,CAI,2,2,0,0
TIV,LGW,1,1,0,0
PLQ,OSL,1,1,0,0
LYS,DJE,2,2,0,0
AMM,JED,4,4,0,0
HAN,SGN,3,3,0,0
KHI,BOM,1,1,0,0
SAW,AMS,3,3,0,0
CYP,MNL,1,1,0,0
DAR,NBO,6,6,0,2
CMN,LIS,2,2,0,0
CDG,AMM,2,2,0,0
BRE,GRO,1,1,0,0
LPL,WMI,1,1,0,0
STN,LRH,1,1,0,0
GSE,AHO,1,1,0,0
TNG,BVA,1,1,0,0
TUF,DUB,1,1,0,0
CHQ,BRE,1,1,0,0
BDS,GRO,1,1,0,0
MBA,ADD,2,2,0,1
DME,BAX,2,2,0,0
SIN,KTM,2,2,0,1
JER,SOU,2,2,0,0
NRT,KIJ,1,1,0,1
DOH,LRR,1,1,0,0
ACY,MCO,1,1,0,0
BKK,TLV,2,2,0,0
AYT,BGW,1,1,0,0
ADF,ESB,1,1,0,1
LEH,LYS,1,1,0,0
KNH,MZG,1,1,0,0
HUN,TSA,1,1,0,0
VKO,ODS,1,1,0,0
SYX,DME,1,1,0,0
COR,ROS,1,1,0,0
BRC,EQS,1,1,0,0
GUA,IAD,1,1,0,0
KWA,KSA,1,1,0,0
EWR,DAY,1,1,0,1
DAL,IAH,1,1,0,1
SLC,IAH,2,2,0,1
SIN,AMS,3,3,0,0
MIA,TPA,2,2,0,0
JFK,MIA,3,3,0,0
FEG,KZN,1,1,0,0
ATH,NTE,2,2,0,0
SOC,PKN,1,1,0,0
EVN,KJA,1,1,0,0
IFO,KBP,2,2,0,1
NTE,PMO,1,1,0,0
RGN,NYU,3,3,0,0
MUC,PHL,2,2,0,0
LHR,STR,4,4,0,2
LHR,ZRH,4,4,0,2
BSB,MIA,3,3,0,0
GRU,LAX,3,3,0,0
KUL,BKK,9,9,0,3
DCA,YYZ,3,3,0,2
CMH,MIA,2,2,0,2
ORD,TXL,2,2,0,1
CLT,GNV,2,2,0,1
DRW,SYD,4,4,0,2
GSP,CLT,2,2,0,0
XNA,DFW,2,2,0,0
LEX,SFB,1,1,0,0
SFB,ATW,1,1,0,0
SBN,PGD,1,1,0,0
SCL,SSA,1,1,0,0
HER,TLV,1,1,0,0
LHR,BOS,9,9,0,5
CLY,CDG,1,1,0,0
MRS,MXP,4,4,0,1
NTE,MXP,3,3,0,1
MTY,ATL,6,6,0,6
BDL,ATL,7,7,0,5
TXL,RHO,1,1,0,0
SMI,TXL,1,1,0,0
HKG,ICN,10,10,0,0
BLR,IXE,4,4,0,2
NRT,CTU,2,2,0,1
OIT,HND,2,2,0,0
SHA,HND,5,5,0,1
NGO,NGS,1,1,0,0
POM,TIZ,2,2,0,0
YYZ,YQM,2,2,0,1
CKY,DKR,8,8,0,4
NLK,AKL,1,1,0,0
DEN,SEA,5,5,0,1
VIE,CAI,2,2,0,1
LED,VIE,3,3,0,2
BOG,PCR,2,2,0,1
VLI,SYD,2,2,0,1
NUS,LPM,1,1,0,0
SON,BNE,2,2,0,1
GWT,HAM,1,1,0,0
TNR,ORY,2,2,0,1
TIA,TRN,1,1,0,0
LIS,MXP,3,3,0,0
PEK,JFK,3,3,0,2
PEK,CZX,3,3,0,1
CAN,JJN,4,4,0,2
HGH,PUS,2,2,0,1
GHA,ALG,1,1,0,0
IAM,HME,1,1,0,0
DUB,BOH,1,1,0,1
HNL,APW,1,1,0,0
IAD,MDW,2,2,0,1
MDW,LIT,2,2,0,1
DEN,CUN,3,3,0,0
AMA,DAL,2,2,0,1
YUL,MRS,1,1,0,0
GHB,NAS,2,2,0,0
MRV,SAW,1,1,0,0
URJ,SVX,1,1,0,0
CSY,DME,1,1,0,0
HAN,HKG,4,4,0,0
SIN,ILO,1,1,0,0
KHN,KMG,4,4,0,0
SHA,SJW,5,5,0,1
HRB,NAY,2,2,0,1
INC,CGO,3,3,0,0
HDG,PVG,1,1,0,0
PEK,WUS,2,2,0,1
NVT,GRU,2,2,0,0
SSA,NAT,1,1,0,0
BPS,CNF,4,4,0,1
PZO,SNV,1,1,0,0
PTY,BOG,2,2,0,0
ORD,PTY,2,2,0,1
CCC,HAV,1,1,0,0
PRG,HEL,3,3,0,1
SFO,TPE,5,5,0,1
ABJ,CKY,2,2,0,0
MQX,SZE,1,1,0,0
AUH,MXP,2,2,0,1
BSL,NTE,1,1,0,0
SXB,LGW,1,1,0,0
CTA,MAN,2,2,0,0
HEL,SVX,2,2,0,0
RVN,HEL,2,2,0,0
SIN,IPH,2,2,0,1
SZB,JHB,3,3,0,1
DKR,BCN,2,2,0,0
CUN,DEN,3,3,0,0
LOP,SUB,3,3,0,0
DTM,HDF,1,1,0,0
KRT,BAH,1,1,0,0
CGN,BVC,1,1,0,0
GRX,LCY,2,2,0,1
DME,PMI,2,2,0,1
HYD,VTZ,3,3,0,0
IKA,ARN,2,2,0,0
KIX,OOL,3,3,0,2
MNL,KIX,3,3,0,0
SIN,SWA,1,1,0,0
BLK,ACE,1,1,0,0
FRA,LAX,2,2,0,1
PAD,MUC,1,1,0,1
JNB,GRJ,3,3,0,0
TIV,CDG,1,1,0,0
CPH,SPU,2,2,0,0
LUN,MFU,1,1,0,0
NAN,BNE,3,3,0,2
CRL,BIQ,1,1,0,0
EIN,BDS,1,1,0,0
SFT,STN,1,1,0,0
TNG,MRS,1,1,0,0
MLA,TSF,1,1,0,0
EVN,CEK,1,1,0,0
HYD,COK,2,2,0,0
CKG,XIY,10,10,0,1
IKA,KBL,1,1,0,0
XUZ,KMG,1,1,0,0
LIS,RAK,1,1,0,0
LIS,DXB,2,2,0,1
FNC,CCS,1,1,0,0
BVC,BHX,2,2,0,0
IBZ,RTM,1,1,0,0
VVO,DME,1,1,0,0
LAD,CPT,1,1,0,0
SJD,DEN,3,3,0,0
DCA,ORD,3,3,0,0
IAH,LIM,1,1,0,0
AUS,IAD,1,1,0,1
CRP,IAH,1,1,0,1
SVX,HRB,1,1,0,0
PHL,MSY,2,2,0,1
DME,AZN,1,1,0,0
HAN,TBB,1,1,0,0
MIG,LXA,1,1,0,0
YXX,YEG,1,1,0,0
MQN,RVK,1,1,0,0
NBO,KIS,2,2,0,0
MAO,CIZ,1,1,0,0
VCP,REC,1,1,0,0
NVT,VCP,1,1,0,0
BHY,KWL,1,1,0,0
KTM,BWA,1,1,0,0
FIH,FKI,1,1,0,0
ANS,LIM,1,1,0,0
YQT,YWP,1,1,0,0
YVR,YBL,3,2,1,0
YUD,YPH,1,1,0,0
BKO,ORY,1,1,0,0
MIA,STL,2,2,0,0
DFW,MSY,6,6,0,4
IAD,DOH,2,2,0,0
CLT,OMA,2,2,0,2
DOH,IAH,3,3,0,0
SPN,KIX,1,1,0,0
SHA,GMP,4,4,0,0
LAN,SFB,1,1,0,0
SFB,CKB,1,1,0,0
CDG,HER,1,1,0,0
ATH,AOK,2,2,0,0
CMN,CDG,6,6,0,3
LCY,LIN,2,2,0,0
LYS,PIS,2,2,0,1
CDG,BGF,1,1,0,0
TLV,CDG,3,3,0,0
IST,MRS,2,2,0,0
FLL,ATL,8,8,0,4
ATL,LGA,8,8,0,4
FRA,CFU,3,3,0,0
DUS,MAD,3,3,0,1
VIE,ARN,4,4,0,3
MAA,SHJ,2,2,0,0
BHX,TFS,5,5,0,0
TLV,AMM,2,2,0,0
CJB,BLR,2,2,0,2
MEX,BJX,1,1,0,0
VER,MTY,3,3,0,1
YVR,YCD,1,1,0,1
YVR,YWG,2,2,0,0
GOT,RIX,1,1,0,0
COR,MDZ,2,2,0,0
ACC,OUA,1,1,0,0
GCI,BRS,1,1,0,0
BOG,NVA,2,2,0,1
BKI,KCH,2,2,0,0
KUL,LBU,2,2,0,0
KMG,KUL,2,2,0,0
DKR,DLA,1,1,0,0
TRS,FCO,1,1,0,0
PEK,HGH,8,8,0,1
XMN,NTG,2,2,0,1
XMN,WUX,3,3,0,1
ICN,YNT,5,5,0,1
YCU,SZX,2,2,0,1
FUG,PEK,2,2,0,1
SUV,LBS,1,1,0,1
FRU,URC,3,3,0,0
MNL,KLO,6,6,0,0
JJU,QFG,1,1,0,0
SVB,TNR,1,1,0,0
MSY,DEN,5,5,0,2
MCO,PIT,3,3,0,1
JNB,LHR,6,6,0,1
YQK,YHD,1,1,0,0
OTD,SIC,1,1,0,0
SJU,STT,4,4,0,0
HKG,BNE,3,3,0,0
ILO,SIN,1,1,0,0
DPL,DVO,1,1,0,0
PEK,CJU,2,2,0,0
KHN,HAK,3,3,0,0
KUL,XMN,3,3,0,1
CAN,SGN,2,2,0,0
CAN,CIH,1,1,0,0
MDG,DLC,1,1,0,0
DUR,HLA,1,1,0,0
SPU,ZAG,1,1,0,0
BUD,PRG,2,2,0,0
CVG,PUJ,1,1,0,0
TPA,IND,3,3,0,1
MSP,GEG,1,1,0,0
BCN,CAI,1,1,0,0
SGN,AUH,2,2,0,1
SXF,SZG,1,1,0,0
LGW,BUD,2,2,0,0
CDG,BRS,1,1,0,0
OPO,BSL,1,1,0,0
HEL,DEL,1,1,0,0
YBK,YRT,2,2,0,0
YXP,YVM,2,2,0,0
MAN,EDI,1,1,0,0
FMN,DEN,3,3,0,2
UPG,KDI,3,3,0,0
ZAD,STR,1,1,0,0
CAG,CGN,1,1,0,0
VIS,LAX,1,1,0,0
GVA,AUH,2,2,0,0
SYX,KWE,4,4,0,0
BOS,DEN,3,3,0,0
PER,LOP,1,1,0,0
AMS,LIM,2,2,0,1
APL,NBO,1,1,0,0
POZ,FRA,2,2,0,1
WAW,OTP,2,2,0,0
POS,SVD,1,1,0,0
FRA,BKK,2,2,0,0
SPU,MUC,2,2,0,1
EBB,NBO,3,3,0,0
ALC,OSL,2,2,0,0
SHJ,UET,1,1,0,0
MLX,SAW,1,1,0,0
YTS,YTZ,1,1,0,0
TIF,DOH,1,1,0,0
DOH,CCJ,2,2,0,0
CMN,BOD,1,1,0,0
NSI,CMN,1,1,0,0
KGL,BRU,1,1,0,1
DXB,KGL,1,1,0,0
CRL,OUD,1,1,0,0
CRL,PGF,1,1,0,0
STN,TMP,1,1,0,0
MAN,CPH,3,3,0,1
IAD,CPH,1,1,0,0
EVN,OVB,1,1,0,0
OPO,DTM,1,1,0,0
PHX,LIT,1,1,0,0
RSW,MKE,1,1,0,0
TAO,PEK,5,5,0,1
NNG,CKG,4,4,0,0
MSP,BWI,2,2,0,0
LSC,CPO,1,1,0,0
JPA,GRU,2,2,0,0
TFS,NCL,4,4,0,0
ADD,DLA,2,2,0,1
RHO,MAN,3,3,0,0
HER,VKO,1,1,0,0
BEN,SFA,2,2,0,0
REL,CRD,1,1,0,0
PTY,LAX,2,2,0,1
LAX,ASE,1,1,0,1
CLE,SYR,1,1,0,1
EWR,BWI,1,1,0,1
TPA,GNV,2,2,0,1
MVD,MIA,2,2,0,0
PHL,ROC,2,2,0,1
SCE,PHL,2,2,0,1
AKL,TBU,2,2,0,1
SVG,FRO,1,1,0,0
TSF,CMN,1,1,0,0
OAX,MTY,1,1,0,0
PDX,OTH,1,1,0,0
OVB,KJA,2,2,0,0
ULZ,ULN,1,1,0,0
ACX,CKG,1,1,0,0
TLC,SAT,1,1,0,0
BZE,TZA,2,2,0,0
MHH,MCO,2,2,0,1
YUL,YQB,3,3,0,1
OSD,UME,1,1,0,0
IRC,FAI,1,1,0,0
NRT,PUS,5,5,0,1
DFW,SEA,3,3,0,0
LGA,ROA,2,2,0,2
SYR,CLT,2,2,0,0
SMF,DFW,2,2,0,0
PSP,DFW,2,2,0,0
TPE,ICN,7,7,0,0
TYS,FLL,1,1,0,0
IST,LED,2,2,0,0
CDG,JIB,1,1,0,0
ATL,MEX,7,7,0,6
ATL,PIT,7,7,0,5
ATL,AEX,3,3,0,3
TBS,CDG,2,2,0,1
NOU,NRT,1,1,0,0
HAM,AGP,4,4,0,1
STR,BEG,3,3,0,0
OLB,TXL,2,2,0,1
DEL,BBI,2,2,0,0
ACE,EMA,6,6,0,0
MFM,FUK,1,1,0,0
HMO,MTY,2,2,0,1
BJX,TIJ,2,2,0,0
MTY,VER,3,3,0,1
TOY,HND,1,1,0,0
HND,HKG,4,4,0,0
SHJ,SAW,1,1,0,0
YHZ,YOW,3,3,0,0
YOW,YWG,2,2,0,1
YUL,BRU,4,4,0,2
YYZ,YQT,2,2,0,1
FRA,YVR,3,3,0,1
JFK,YYZ,7,7,0,4
SFO,GDL,3,3,0,1
SJC,PDX,3,3,0,1
TIA,VIE,1,1,0,1
LCA,VIE,3,3,0,1
ZAG,VIE,2,2,0,1
VIE,DLM,1,1,0,1
LIM,SDQ,1,1,0,0
PDA,BOG,2,2,0,1
ICT,ATL,4,4,0,3
PEK,HFE,3,3,0,0
NGB,TAO,5,5,0,1
JZH,PVG,3,3,0,1
ZUH,FOC,4,4,0,2
DUB,BLK,1,1,0,1
AMS,GUW,1,1,0,0
ALA,DEL,1,1,0,0
UKK,TSE,2,2,0,0
POM,UNG,2,2,0,0
MCI,DAL,2,2,0,1
LAS,SLC,3,3,0,1
PFO,LGW,5,5,0,0
CGP,DXB,1,1,0,0
FPO,EWR,1,1,0,0
PHC,LOS,4,4,0,2
OVB,CEK,2,2,0,0
MNL,DPS,2,2,0,0
KLO,ICN,3,3,0,0
PVG,KMQ,2,2,0,1
PVG,LHW,2,2,0,0
BAV,NKG,1,1,0,0
SYM,KMG,3,3,0,0
JUZ,NAY,2,2,0,1
JJN,WUH,3,3,0,1
GIG,CGH,2,2,0,0
CCS,EZE,2,2,0,0
SDQ,PTY,2,2,0,0
PRG,HER,2,2,0,0
LGB,SLC,2,2,0,1
CAI,HBE,2,2,0,0
DXB,JNB,2,2,0,1
SXF,BUD,1,1,0,0
LTN,SSH,3,3,0,0
BIA,CDG,1,1,0,0
CAG,STN,1,1,0,0
CAG,GVA,1,1,0,0
FAO,BSL,1,1,0,0
AMS,SVQ,3,3,0,1
PMI,AMS,3,3,0,1
WAW,CGN,1,1,0,0
LPY,ORY,1,1,0,0
OVD,VLC,2,2,0,1
AGP,NTE,2,2,0,1
KEF,EWR,1,1,0,0
KIX,CNS,3,3,0,2
DMM,COK,2,2,0,0
JER,LBA,1,1,0,0
HNL,MEL,2,2,0,1
BKO,NBO,1,1,0,0
WAW,HAM,2,2,0,1
DPS,WGP,1,1,0,1
NJF,BEY,1,1,0,0
CWB,FLN,1,1,0,0
EBB,BJM,1,1,0,0
AYT,OSL,1,1,0,0
IST,MCT,2,2,0,0
OTP,SAW,1,1,0,0
BCD,MNL,3,3,0,0
ASP,MEL,2,2,0,0
ASP,ADL,1,1,0,0
TSV,MKY,1,1,0,1
BHQ,ADL,1,1,0,0
AMM,SAH,2,2,0,0
STN,PMO,1,1,0,0
WRO,AGP,1,1,0,0
SVQ,CIA,1,1,0,0
KUN,LGW,1,1,0,0
DME,MRV,3,3,0,0
UPG,TTE,3,3,0,0
HKG,JNB,2,2,0,0
HRB,NGB,2,2,0,0
CGQ,TSN,2,2,0,0
ZHY,XNN,1,1,0,0
KWL,SHA,2,2,0,1
DZN,ALA,1,1,0,0
IST,IAD,2,2,0,1
IST,VNO,1,1,0,0
ISB,IST,1,1,0,0
KCM,IST,1,1,0,0
AMS,EBL,1,1,0,0
RTM,HER,1,1,0,0
LAD,MEG,1,1,0,0
IAH,NAS,1,1,0,0
PVD,IAD,1,1,0,1
LRD,IAH,1,1,0,1
ORD,MLI,3,3,0,3
TAS,KUF,2,2,0,0
LBD,UFA,1,1,0,0
PHX,IND,3,3,0,0
DFW,SJT,2,2,0,1
KBP,MXP,1,1,0,0
VAW,VDS,1,1,0,0
FCO,GDN,1,1,0,0
OTP,AHO,1,1,0,0
KWL,LJG,1,1,0,0
HGH,DNH,1,1,0,0
CUN,MAN,4,4,0,1
CNF,CKS,1,1,0,0
LPA,NDB,2,2,0,0
AJA,NTE,3,3,0,1
CBR,MEL,3,3,0,2
PHX,OGG,2,2,0,0
DCA,DAY,2,2,0,0
MIA,STI,2,2,0,1
DFW,CHA,2,2,0,1
DFW,TYR,2,2,0,1
BNA,CLT,2,2,0,0
LGA,ORF,3,3,0,2
SJC,ORD,2,2,0,0
DEN,CLT,2,2,0,0
IST,MRA,2,2,0,0
FSD,PIE,1,1,0,0
MAD,MUC,4,4,0,1
ILI,ANC,1,1,0,0
TLV,LED,2,2,0,0
KHV,GDX,3,3,0,0
CDG,HND,3,3,0,0
GYE,AMS,2,2,0,1
BKK,HKT,10,10,0,7
DUS,NAP,3,3,0,2
NUE,SMI,1,1,0,0
FDH,IBZ,1,1,0,0
ALC,MUC,2,2,0,0
LGW,AGP,6,6,0,1
DLM,BHX,4,4,0,0
MXP,TIA,5,5,0,1
CEN,MEX,2,2,0,1
CUN,SLC,2,2,0,1
GUM,FUK,2,2,0,1
KMQ,TPE,2,2,0,1
YGJ,ICN,2,2,0,1
HND,ISG,2,2,0,0
CJB,SHJ,1,1,0,0
LHR,YHZ,2,2,0,1
IVC,CHC,1,1,0,1
LED,NBC,1,1,0,0
CEK,KZN,1,1,0,0
BRC,COR,1,1,0,0
GIG,EZE,6,6,0,1
SAL,LIM,1,1,0,0
SBW,KCH,2,2,0,0
VLC,FCO,3,3,0,1
PPT,AXR,1,1,0,0
PEK,HAK,5,5,0,1
TYN,BAV,2,2,0,1
CGO,CTU,5,5,0,2
INC,PVG,5,5,0,1
WEI,CNS,2,2,0,1
PMI,ORK,2,2,0,0
URC,TSE,2,2,0,0
KRR,AER,2,2,0,0
AUS,OAK,2,2,0,1
POP,LRM,1,1,0,0
VRA,YHZ,1,1,0,0
CNS,BNE,9,9,0,5
KEF,SXF,2,2,0,1
MSQ,CDG,1,1,0,0
FAO,BRU,2,2,0,1
TFN,SPC,2,2,0,0
PFO,SOF,1,1,0,0
SVO,VAR,1,1,0,0
FRA,HKG,2,2,0,0
HKG,DME,3,3,0,0
CBO,MNL,3,3,0,0
PNH,TPE,2,2,0,0
MYJ,PVG,2,2,0,1
CIF,HRB,1,1,0,0
XIY,TYN,2,2,0,0
FOC,PEK,5,5,0,2
LYA,CAN,1,1,0,0
DDG,PVG,1,1,0,0
AYT,DUS,5,5,0,0
GUA,MGA,1,1,0,0
GUA,SJO,2,2,0,0
LYS,SPU,1,1,0,0
JAX,LGA,1,1,0,0
TLS,DIJ,1,1,0,1
DXB,TUN,2,2,0,0
DXB,SEZ,1,1,0,0
DXB,RUH,4,4,0,1
AMD,AUH,2,2,0,0
SXF,NAP,1,1,0,0
PSA,SXF,1,1,0,0
ULG,ULN,1,1,0,0
HEL,RVN,2,2,0,0
MBA,NBO,3,3,0,0
ORY,LPA,2,2,0,1
HAM,PRG,3,3,0,0
HAK,NNG,4,4,0,0
SOF,MAD,3,3,0,1
ZAH,MHD,3,3,0,0
GDX,YKS,1,1,0,0
FUK,BKK,2,2,0,1
HND,KMQ,2,2,0,0
ICN,KMQ,2,2,0,1
SAW,KWI,4,4,0,0
CCU,VTZ,2,2,0,2
AOJ,ICN,1,1,0,0
ARN,LUX,1,1,0,0
KUL,MCT,2,2,0,0
DBV,TRD,1,1,0,0
DMK,CAN,2,2,0,0
SHJ,LHE,1,1,0,0
LHE,BHV,2,2,0,0
VAN,SAW,2,2,0,1
DOH,ADD,1,1,0,0
CRL,FAO,1,1,0,0
BOH,MJV,1,1,0,0
FEZ,NRN,1,1,0,0
PFO,NYO,1,1,0,0
BTS,PMI,1,1,0,0
NRN,AHO,1,1,0,0
MAN,OSL,2,2,0,0
CPH,AAR,1,1,0,0
GOT,SPU,1,1,0,0
ARN,KLR,1,1,0,0
EWR,CPH,1,1,0,0
VLC,DME,1,1,0,0
SIN,REP,4,4,0,2
SJU,BDL,1,1,0,0
JED,KAN,1,1,0,0
BNA,FLL,1,1,0,0
LAS,DSM,2,2,0,0
DLC,NTG,2,2,0,1
BKK,SZX,2,2,0,1
SVI,BOG,1,1,0,0
BUD,LIS,1,1,0,0
ESB,DIY,1,1,0,1
ESB,ERC,1,1,0,1
GDX,DME,1,1,0,0
LAD,HAV,1,1,0,0
LAD,CBT,1,1,0,0
CLE,BFD,1,1,0,1
EWR,SXM,1,1,0,0
DEN,HNL,1,1,0,0
HSV,IAD,1,1,0,1
STL,DCA,3,3,0,2
CLT,FAY,2,2,0,0
MHT,PHL,2,2,0,1
TIJ,QRO,1,1,0,0
MJF,OSY,1,1,0,0
DYU,REN,1,1,0,0
NCL,IOM,1,1,0,0
YWK,YYY,1,1,0,0
MCT,DXB,4,4,0,1
SAB,SXM,1,1,0,0
FIH,MDK,1,1,0,0
ACC,KMS,4,4,0,0
POR,HEL,1,1,0,1
BZE,MID,1,1,0,0
NYU,MDL,3,3,0,0
LUK,MDW,1,1,0,1
LHR,ATL,8,8,0,6
NRT,JFK,5,5,0,1
GIG,JFK,3,3,0,0
LIM,LAX,5,5,0,4
OGG,SMF,3,3,0,2
CMH,DCA,2,2,0,1
ORD,MAD,4,4,0,1
CLT,MLB,2,2,0,0
EZE,JFK,3,3,0,1
JNB,CPT,9,9,0,3
FUK,ICN,7,7,0,3
SGF,AZA,1,1,0,0
PRG,MAD,4,4,0,0
AOK,ATH,2,2,0,0
PUJ,SVO,2,2,0,0
AER,SVO,1,1,0,0
TLS,RAK,3,3,0,0
CDG,LIM,2,2,0,1
DAY,ATL,6,6,0,4
BKK,KBV,8,8,0,6
GYD,MRV,1,1,0,0
CGN,TXL,5,5,0,2
BDS,ZRH,3,3,0,1
BOM,AGR,1,1,0,0
COK,AGX,1,1,0,0
AMS,CTA,3,3,0,0
BOM,BHU,2,2,0,2
PBD,BOM,2,2,0,2
OSL,ABZ,2,2,0,0
MLM,MEX,2,2,0,1
MEX,GRU,2,2,0,0
CUN,LAX,4,4,0,0
SFO,PVR,5,5,0,2
OIT,NGO,2,2,0,1
KZN,SHJ,1,1,0,0
YVR,FRA,3,3,0,1
YWG,YUL,3,3,0,2
YXE,DEN,2,2,0,2
MNG,ELC,1,1,0,0
NPL,CHC,1,1,0,1
SEA,LAX,5,5,0,1
SJC,BOI,1,1,0,1
ANC,BRW,1,1,0,0
VVI,GRU,2,2,0,0
VIE,SKP,1,1,0,1
MFM,KUL,1,1,0,0
CDG,MRS,3,3,0,1
JED,MXP,2,2,0,1
PPT,HOI,1,1,0,0
CAN,YNT,3,3,0,1
NKG,TYN,3,3,0,1
CKG,SZX,6,6,0,0
CTU,MFM,2,2,0,0
YBP,CAN,2,2,0,1
HAK,CAN,5,5,0,1
WNZ,PEK,4,4,0,1
DKR,ALG,1,1,0,0
ORK,BRU,1,1,0,0
DUB,BRS,2,2,0,1
SFJ,CPH,1,1,0,0
DIE,SVB,1,1,0,0
KIV,DME,2,2,0,0
TLT,BET,2,2,0,1
YUL,FCO,1,1,0,0
LGW,BDA,2,2,0,1
BKK,LHR,4,4,0,1
HOG,MXP,1,1,0,0
SVA,OME,2,2,0,1
ACU,PAC,1,1,0,0
KIN,YYZ,4,4,0,0
HKG,HIA,1,1,0,0
CAN,TYN,3,3,0,0
NGB,KMG,2,2,0,0
NAY,WUA,2,2,0,1
SJW,TPE,3,3,0,0
CAN,YNZ,1,1,0,0
FRA,AGA,1,1,0,0
ZAG,OSI,1,1,0,0
RNN,CPH,1,1,0,0
AMS,ORD,4,4,0,2
OAK,SLC,2,2,0,0
SLC,OAK,3,3,0,1
PIT,DTW,1,1,0,0
GAU,PBH,1,1,0,0
SUB,TPE,1,1,0,0
CAI,ATZ,2,2,0,0
YYZ,ADD,1,1,0,0
TXL,AUH,2,2,0,1
MNL,AUH,2,2,0,0
KEF,EDI,1,1,0,0
ALC,GLA,3,3,0,0
TLS,BIA,2,2,0,0
BSL,SXF,1,1,0,0
OLB,SXF,1,1,0,0
TLV,FCO,4,4,0,0
YFB,YRT,3,3,0,1
TFN,BCN,4,4,0,1
MDC,UPG,2,2,0,0
STR,VIE,3,3,0,2
NGB,WEF,1,1,0,0
SJC,OGG,3,3,0,1
AGP,VLC,1,1,0,1
XUZ,CKG,1,1,0,0
FLL,SDQ,2,2,0,0
TLS,AMS,2,2,0,2
RGN,ICN,3,3,0,0
EIS,SXM,4,4,0,0
MYY,MKM,1,1,0,1
BKK,CAI,3,3,0,1
INB,PLJ,1,1,0,0
LOE,DMK,1,1,0,0
TRD,CPH,4,4,0,2
AGP,OSL,2,2,0,0
KHH,NNG,2,2,0,0
SYD,PVG,4,4,0,1
CNJ,ISA,1,1,0,1
GOV,DRW,2,2,0,1
DOH,ELQ,1,1,0,0
OUD,BRU,1,1,0,0
CMN,ZRH,1,1,0,0
NUE,ALC,1,1,0,0
BRE,CHQ,1,1,0,0
TLL,RYG,1,1,0,0
LPA,EDI,1,1,0,0
LPA,FKB,1,1,0,0
SDR,PMI,1,1,0,0
BGY,GRO,1,1,0,0
BTK,DME,1,1,0,0
SJU,PTP,2,2,0,0
PEK,CMB,1,1,0,0
MCI,SLC,1,1,0,0
WEF,CAN,1,1,0,0
WAW,ODS,1,1,0,0
STN,BVE,1,1,0,0
DMM,HAS,1,1,0,0
LCY,BSL,1,1,0,1
ARI,ANF,1,1,0,0
CGH,BPS,1,1,0,0
NAT,LIS,1,1,0,0
TUN,AMS,1,1,0,0
JFK,IST,2,2,0,1
AJI,IST,1,1,0,0
PVG,EWR,2,2,0,1
EWR,SAV,1,1,0,1
SGN,FOC,1,1,0,0
MEL,CBR,3,3,0,2
YYR,YRG,1,1,0,0
LAS,YQR,1,1,0,0
BGO,VNO,1,1,0,0
CUN,CDG,1,1,0,0
KWE,YIH,1,1,0,0
PCL,IQT,2,2,0,0
TET,APL,1,1,0,0
TOF,SGC,1,1,0,0
VCP,JOI,1,1,0,0
VCE,REG,1,1,0,0
MSA,ZPB,1,1,0,0
MGQ,BBO,2,2,0,0
LHR,VCE,2,2,0,1
LHR,BWI,4,4,0,2
FSM,DFW,2,2,0,1
ATL,ORD,19,19,0,18
ORD,TUL,3,3,0,2
ICN,TSN,4,4,0,0
SFB,FWA,1,1,0,0
LJU,PRG,1,1,0,0
PMI,BIO,4,4,0,1
MAD,SVO,2,2,0,1
SVO,MMK,2,2,0,1
SJJ,BNX,1,1,0,0
GIG,CDG,1,1,0,0
ATL,MAD,4,4,0,3
ATL,TUL,4,4,0,3
TLH,ATL,3,3,0,2
MOB,ATL,3,3,0,2
FAY,ATL,3,3,0,2
HEL,TXL,3,3,0,0
AGP,DUS,2,2,0,0
PMI,DUS,5,5,0,0
DME,TXL,2,2,0,0
JLR,DEL,2,2,0,0
DEL,IXL,4,4,0,2
NCL,MLA,2,2,0,0
HAM,BRS,1,1,0,0
KCZ,HND,2,2,0,0
ITM,FUK,3,3,0,0
ITM,MYJ,2,2,0,2
PEK,DLC,6,6,0,1
YQU,YEG,2,2,0,1
YYZ,YAM,1,1,0,1
WSZ,WLG,1,1,0,1
VIE,TLV,3,3,0,1
BOG,SAL,1,1,0,0
MCO,SAL,1,1,0,0
WAW,LIN,1,1,0,0
MXP,LUX,3,3,0,1
HAK,AQG,1,1,0,0
UAP,NHV,1,1,0,0
KDV,SUV,1,1,0,1
MCX,KRR,1,1,0,0
MKE,FLL,2,2,0,1
DEN,SMF,3,3,0,1
BWI,PUJ,1,1,0,0
PUJ,YQB,1,1,0,0
VCE,LGW,4,4,0,0
IGA,MYG,1,1,0,0
DME,HKG,3,3,0,0
MNL,SGN,3,3,0,1
ILO,HKG,1,1,0,0
CEB,PPS,1,1,0,0
COO,BSG,1,1,0,0
WUH,SZX,4,4,0,0
FOC,WUH,3,3,0,0
WNZ,KWL,1,1,0,0
REC,GIG,3,3,0,0
KSC,BTS,2,2,0,1
YVR,SNA,2,2,0,1
NAS,JFK,2,2,0,0
GND,JFK,2,2,0,0
ORF,DTW,1,1,0,0
ORF,JFK,3,3,0,1
MSP,BOS,2,2,0,0
MSP,MOT,1,1,0,1
MCO,CUN,3,3,0,1
RKS,GCC,1,1,0,1
AHB,CAI,3,3,0,0
JIB,ADD,4,4,0,1
JER,GLA,2,2,0,0
AJA,GVA,1,1,0,0
JMK,MXP,1,1,0,0
HEL,GOT,1,1,0,0
BCN,FUE,3,3,0,1
BIS,DEN,2,2,0,1
TPE,PEK,4,4,0,0
GAU,IXA,2,2,0,0
FDH,ZAD,1,1,0,0
YIC,SHA,1,1,0,0
TFS,EMA,6,6,0,0
CIH,SHA,1,1,0,0
SLU,DOM,1,1,0,0
KNG,FKQ,1,1,0,1
SEZ,CMB,2,2,0,1
DMK,BFV,1,1,0,0
MIR,TUN,2,2,0,0
JED,KHI,3,3,0,0
DAR,MWZ,1,1,0,0
SYD,OOL,4,4,0,1
DOH,NBO,1,1,0,0
KGC,ADL,1,1,0,0
RAR,AIU,1,1,0,0
RYG,TLL,1,1,0,0
WRO,BGY,1,1,0,0
KUN,PFO,1,1,0,0
HAM,CPH,2,2,0,0
YKS,DME,2,2,0,1
AMD,DXB,2,2,0,0
SDR,DUB,1,1,0,0
JFK,RUH,1,1,0,0
TUL,HOU,1,1,0,0
ZRH,IST,4,4,0,1
ADB,MUC,2,2,0,0
PEK,WXN,1,1,0,0
PDA,VVC,1,1,0,0
LIS,SID,2,2,0,0
GOT,IST,2,2,0,0
IST,ACC,1,1,0,0
IST,HAJ,1,1,0,0
ORD,IST,2,2,0,1
SAW,EIN,1,1,0,0
DWC,SVX,3,3,0,0
TUN,SFA,1,1,0,0
IAD,RIC,1,1,0,1
SYR,CLE,1,1,0,0
DEN,GCC,1,1,0,1
ORD,SXM,1,1,0,0
GJT,IAH,1,1,0,1
DFW,GUA,2,2,0,0
LSE,ORD,2,2,0,2
GDL,HMO,3,3,0,1
YEG,LAS,2,2,0,0
TRF,LUZ,1,1,0,0
NYO,WAW,1,1,0,0
SOF,BLQ,1,1,0,0
VNO,KUT,1,1,0,0
RIY,JED,1,1,0,0
RGN,SNW,1,1,0,0
LBD,SVX,2,2,0,0
THE,REC,1,1,0,0
KGA,TSH,1,1,0,0
EGO,LED,1,1,0,0
TLC,SJD,1,1,0,0
ABV,QRW,1,1,0,0
SJO,DFW,2,2,0,1
DCA,SYR,2,2,0,2
PHL,ATL,9,9,0,6
ORD,PIA,3,3,0,2
TYR,DFW,2,2,0,1
SNA,PDX,2,2,0,1
CLT,ROC,2,2,0,0
VDB,OSL,1,1,0,0
PRN,LJU,1,1,0,0
MRS,HER,1,1,0,0
ATL,CHA,5,5,0,3
ATL,GTR,3,3,0,3
SML,NAS,2,2,0,0
MUC,CTA,5,5,0,2
CPH,VCE,4,4,0,1
HYD,RJA,3,3,0,2
LIN,MLA,2,2,0,1
ATH,MLA,1,1,0,0
NWI,ABZ,2,2,0,0
TIJ,GDL,3,3,0,0
SYD,SFO,2,2,0,1
SEA,LWS,1,1,0,1
HRK,VIE,2,2,0,2
BRS,GCI,1,1,0,0
SAL,GUA,1,1,0,0
BOG,SDQ,1,1,0,0
VVC,BOG,3,3,0,2
KUL,CNX,1,1,0,0
AVL,ATL,4,4,0,3
VFA,BUQ,1,1,0,0
SWA,NKG,2,2,0,0
HGH,XIY,7,7,0,0
NKG,CTU,5,5,0,0
PVG,JZH,3,3,0,1
ALG,VIE,1,1,0,0
CMN,ORN,1,1,0,0
BOS,BWI,3,3,0,1
DAL,SAT,2,2,0,1
MDW,PVD,2,2,0,1
MQF,SVX,1,1,0,0
BUD,MSQ,1,1,0,0
SIN,HKG,8,8,0,1
CRK,HKG,3,3,0,0
ZUH,SHA,4,4,0,0
TPE,CGO,3,3,0,1
HKG,SWA,1,1,0,0
SHE,CJU,1,1,0,0
HSN,SZX,1,1,0,0
GRU,BEL,2,2,0,0
VIX,CNF,2,2,0,0
ELS,JNB,2,2,0,0
FRA,HOG,1,1,0,0
GLA,ACE,5,5,0,1
SJO,ATL,2,2,0,1
BHM,DTW,1,1,0,1
LGW,ABZ,1,1,0,0
LGW,AMS,2,2,0,0
LGW,SXB,1,1,0,0
CDG,MXP,2,2,0,0
LGK,SZB,3,3,0,1
NUX,VKO,2,2,0,0
DTM,SPU,1,1,0,0
OSL,HAM,2,2,0,0
DBV,BCN,2,2,0,1
BOM,KWI,2,2,0,0
PJM,GLF,1,1,0,0
PEM,LIM,1,1,0,1
DOM,BGI,1,1,0,0
TXL,TLV,2,2,0,0
PSA,MUC,1,1,0,0
LUX,AGP,1,1,0,0
CMB,JED,3,3,0,1
OLB,CDG,1,1,0,0
VRN,NAP,1,1,0,0
PLJ,PND,2,2,0,0
EDI,ARN,2,2,0,0
CPH,LPA,1,1,0,0
OSL,MOL,2,2,0,0
KKN,OSL,2,2,0,0
SLX,GDT,1,1,0,0
YAA,YVR,1,1,0,0
MEL,PHE,1,1,0,0
DOH,CDG,1,1,0,0
DOH,ZRH,1,1,0,0
BHS,SYD,1,1,0,0
DUB,SZZ,1,1,0,0
RAK,CRL,1,1,0,0
BCN,PIK,1,1,0,0
CIA,POZ,1,1,0,0
PEG,CRL,1,1,0,0
OPO,TUF,1,1,0,0
CPH,SIN,2,2,0,1
UUD,OVB,1,1,0,0
DME,FKB,1,1,0,0
GRO,SFT,1,1,0,0
ORF,BWI,2,2,0,1
PRG,BSL,1,1,0,1
WUS,CKG,2,2,0,1
CKG,KHN,4,4,0,1
CAN,LYI,2,2,0,0
SCO,ALA,2,2,0,0
SCO,DME,1,1,0,0
LDB,GRU,2,2,0,0
NTE,TUN,2,2,0,0
LIR,EWR,1,1,0,0
EWR,JAX,1,1,0,1
STL,CLE,1,1,0,1
LBD,KJA,3,3,0,0
ABI,DFW,2,2,0,1
TZL,GSE,1,1,0,0
PEG,OTP,1,1,0,0
TPE,HGH,3,3,0,0
MTY,HMO,2,2,0,1
MMJ,FUK,1,1,0,0
PAV,SSA,1,1,0,0
KHH,PVG,4,4,0,0
KRO,DME,1,1,0,0
BEG,VAR,1,1,0,0
YGR,YVB,1,1,0,0
YXL,WNN,1,1,0,0
SJD,CLT,2,2,0,0
PHX,IAH,3,3,0,0
DFW,ORD,4,4,0,0
PHL,BHM,2,2,0,1
MCO,GRU,2,2,0,0
ALA,ICN,2,2,0,0
LAS,COS,1,1,0,0
MAD,LRM,1,1,0,0
VLL,PMI,1,1,0,0
MUC,KLX,2,2,0,1
MRS,CDG,8,8,0,6
DUS,AGP,2,2,0,0
MXP,VIE,5,5,0,2
ZRH,TXL,4,4,0,1
MAN,DLM,6,6,0,0
MEX,HAV,3,3,0,0
PVR,SLC,2,2,0,2
CTS,UKB,3,3,0,0
KIX,HKD,1,1,0,0
YEG,YQR,2,2,0,1
YYJ,YYZ,2,2,0,0
FLL,YYZ,4,4,0,2
DEN,YEG,2,2,0,1
SVO,RIX,2,2,0,0
DRW,MCV,1,1,0,0
AKL,ZQN,2,2,0,0
WLG,ZQN,1,1,0,1
CDB,KVC,1,1,0,0
EMK,KOT,2,2,0,1
SEA,BLI,1,1,0,1
PDX,SEA,2,2,0,2
LNZ,VIE,1,1,0,1
KUL,BTJ,1,1,0,0
FLR,FCO,1,1,0,0
HOI,GMR,1,1,0,0
TYN,CTU,5,5,0,1
SZX,NTG,2,2,0,1
ALG,LHR,1,1,0,0
ALA,GYD,1,1,0,0
STL,BNA,2,2,0,1
LHR,FNA,1,1,0,0
DME,ULV,1,1,0,0
TFN,LPA,2,2,0,0
SZX,PEK,4,4,0,0
SHA,NNY,1,1,0,0
UYN,CGO,1,1,0,0
REC,PNZ,2,2,0,0
HER,STR,3,3,0,0
CDG,SPU,1,1,0,0
PRG,EVN,2,2,0,0
DTW,ATW,1,1,0,1
MSP,YWG,1,1,0,1
NWI,HUY,1,1,0,0
FIH,LBV,1,1,0,1
FNA,ACC,3,3,0,1
CPH,STN,1,1,0,0
SKG,SXF,1,1,0,0
AOR,SZB,3,3,0,1
KUL,HND,1,1,0,0
MCO,TTN,1,1,0,0
CDR,DEN,3,3,0,2
SAW,HAJ,1,1,0,0
PNQ,NAG,2,2,0,0
BBI,DEL,2,2,0,0
THR,KER,1,1,0,0
PUY,MAN,2,2,0,0
EWR,FLL,2,2,0,0
FLL,MDE,2,2,0,0
OOL,KIX,3,3,0,2
BKK,MEL,3,3,0,1
LIM,CIX,1,1,0,1
MAD,WAW,1,1,0,0
BEG,WAW,2,2,0,0
GND,SVD,1,1,0,0
FRA,ADD,2,2,0,1
FRA,BLQ,1,1,0,0
FRA,OTP,3,3,0,1
FRA,GOJ,1,1,0,0
RMQ,OKA,1,1,0,0
TSA,FOC,3,3,0,0
GPB,CWB,1,1,0,0
MUC,NBE,3,3,0,0
DMM,TIF,2,2,0,0
ISB,RUH,3,3,0,0
ADB,DIY,2,2,0,0
DOK,SAW,1,1,0,0
AMM,DOH,2,2,0,0
RBA,CMN,1,1,0,0
AMM,TXL,2,2,0,1
HHN,CIA,1,1,0,0
EIN,RAK,1,1,0,0
DUB,AGP,2,2,0,0
SNN,WRO,1,1,0,0
RYG,BGY,1,1,0,0
KRK,BHX,1,1,0,0
ALC,PIK,1,1,0,0
GRO,LTN,1,1,0,0
MJV,PIK,1,1,0,0
FKB,ACE,1,1,0,0
NRN,PSA,1,1,0,0
HEL,LED,2,2,0,1
NOZ,DME,1,1,0,0
LYS,RNS,1,1,0,0
BRE,LPA,2,2,0,0
EWR,STL,2,2,0,1
SZX,MIG,2,2,0,1
WUX,CSX,2,2,0,0
FLL,SXM,1,1,0,0
CLO,ESM,1,1,0,0
HAM,IST,1,1,0,0
RHO,SVO,1,1,0,0
EWR,SAN,1,1,0,0
IAH,TUS,1,1,0,1
GRR,EWR,1,1,0,1
ELH,MIA,2,2,0,1
PHL,RIC,2,2,0,1
TAS,KGD,2,2,0,0
KRS,CPH,2,2,0,1
BGY,KTW,1,1,0,0
DYU,FRA,1,1,0,0
MTY,QRO,2,2,0,1
DEC,ORD,1,1,0,0
SIP,KBP,1,1,0,0
GKK,KDO,1,1,0,0
RAO,SJP,3,3,0,0
JPR,CGB,2,2,0,0
OME,WMO,2,2,0,1
CUR,MDE,1,1,0,0
VKO,CEE,1,1,0,0
MAD,BOS,4,4,0,1
TPA,MIA,2,2,0,0
DFW,FAT,2,2,0,0
DFW,ACT,2,2,0,1
ORD,BDL,3,3,0,1
CLT,IND,2,2,0,0
OAJ,DCA,2,2,0,1
FSD,SFB,1,1,0,0
GSP,PGD,1,1,0,0
PIA,LAS,1,1,0,0
BIS,LAS,1,1,0,0
SGF,LAS,1,1,0,0
SVO,LHR,1,1,0,0
SVO,CAI,1,1,0,0
HAN,SVO,1,1,0,0
RIX,SVO,2,2,0,0
TUN,CDG,3,3,0,0
MRS,IST,2,2,0,0
MNL,TPE,6,6,0,1
ATL,MEM,7,7,0,6
ABY,ATL,4,4,0,4
DUS,STN,1,1,0,0
NUE,AYT,3,3,0,0
BCN,TXL,4,4,0,1
PMI,ALC,3,3,0,1
PNQ,HYD,5,5,0,2
DEL,IXC,4,4,0,2
KTM,DEL,5,5,0,0
DLM,MAN,6,6,0,0
AMM,TLV,2,2,0,0
BLR,HYD,5,5,0,2
MFM,CKG,2,2,0,0
CUL,GDL,2,2,0,1
TSJ,FUK,1,1,0,1
HND,OBO,3,3,0,1
NGO,GUM,3,3,0,1
SHJ,LRR,1,1,0,0
NAG,SHJ,1,1,0,0
SJD,YYC,2,2,0,0
LEA,PER,3,3,0,2
NJC,UUA,2,2,0,0
FRA,INN,2,2,0,2
LET,BOG,3,3,0,2
LIM,MDE,1,1,0,0
AMS,KRS,2,2,0,2
TSN,HIA,1,1,0,0
KOW,KHN,2,2,0,0
KCA,URC,2,2,0,0
WAW,PEK,2,2,0,1
XIY,XMN,7,7,0,2
CTU,TPE,3,3,0,0
VRN,FRA,2,2,0,1
DGT,MNL,3,3,0,0
IST,TSE,2,2,0,0
BET,NME,2,2,0,1
HOU,LIT,2,2,0,1
LCY,ARN,1,1,0,1
KTM,DAC,4,4,0,0
TIA,MXP,5,5,0,1
YCS,YBK,2,2,0,1
XIY,ICN,3,3,0,1
JHG,KMG,10,10,0,1
FOC,PVG,2,2,0,0
TCZ,KMG,2,2,0,0
DAT,CIH,1,1,0,0
BCN,ZAG,3,3,0,1
CVG,EWR,2,2,0,2
EWR,SLC,1,1,0,0
LGA,GSO,3,3,0,1
BDL,MSP,1,1,0,0
ADD,MCT,2,2,0,0
AMS,SXF,1,1,0,0
LCA,BSL,1,1,0,0
OPO,CDG,1,1,0,0
GVA,AGP,2,2,0,0
GVA,ORY,1,1,0,0
ULN,COQ,2,2,0,0
IBZ,VLC,3,3,0,1
FLR,TXL,2,2,0,1
SIN,IST,3,3,0,1
DPS,LBJ,2,2,0,1
IAD,KEF,1,1,0,0
RPR,CCU,1,1,0,0
CCU,BOM,5,5,0,1
AMS,IKA,1,1,0,0
BND,AWZ,1,1,0,0
NGB,YIH,1,1,0,0
FRD,BFI,1,1,0,0
KNG,NBX,1,1,0,1
CLT,MUC,1,1,0,0
KIV,BLQ,2,2,0,0
OSL,BUD,1,1,0,0
CGR,CWB,1,1,0,0
SLL,DXB,2,2,0,0
KHI,YYZ,1,1,0,0
SAW,DOH,1,1,0,0
DXB,BNE,2,2,0,1
MKY,TSV,1,1,0,1
CMN,FIH,1,1,0,0
KRK,DUB,1,1,0,0
AGP,FMO,1,1,0,0
BGY,ALC,1,1,0,0
BGY,BDS,1,1,0,0
BGY,VNO,2,2,0,0
PSA,LBC,1,1,0,0
SIN,AMD,1,1,0,0
SIN,HAN,4,4,0,0
XNN,CSX,1,1,0,0
NKG,NRT,2,2,0,1
TDD,CBB,1,1,0,0
OTP,ZRH,1,1,0,1
WUH,HRB,1,1,0,0
PEK,ZHA,2,2,0,1
SAP,FLL,1,1,0,0
GYE,ESM,1,1,0,0
SFL,RAI,1,1,0,0
LAD,SVP,1,1,0,0
GRU,ORD,1,1,0,0
DEN,HSV,1,1,0,1
ORD,ELP,2,2,0,2
YNA,ZKG,1,1,0,0
TRF,BGO,2,2,0,0
VAW,KKN,1,1,0,0
VAR,LTN,1,1,0,0
BEG,BVA,1,1,0,0
VII,SGN,3,3,0,0
UET,ISB,3,3,0,0
CCM,VCP,1,1,0,0
FUG,DLC,1,1,0,0
QUO,LOS,1,1,0,0
YVP,YGW,1,1,0,0
CLE,PHL,2,2,0,2
CMH,JFK,3,3,0,2
AVP,SFB,1,1,0,0
ARN,KLX,2,2,0,0
FCO,ATH,5,5,0,2
TXL,SVO,2,2,0,1
LCA,LED,2,2,0,0
ORY,LYS,1,1,0,0
ATL,CDG,4,4,0,2
HAJ,STR,2,2,0,0
LPA,CGN,4,4,0,0
FAO,DUS,2,2,0,0
AYT,HAM,5,5,0,0
GOI,PNQ,2,2,0,0
LBA,FAO,3,3,0,0
ITM,NGS,2,2,0,1
RAB,HKN,2,2,0,0
CUN,YYZ,3,3,0,0
IND,YYZ,1,1,0,1
DEN,YXE,2,2,0,2
AKL,PER,2,2,0,1
CHC,NPL,1,1,0,1
AFA,LUQ,1,1,0,1
CBB,SRE,1,1,0,0
TJA,CBB,1,1,0,0
BOG,PSO,2,2,0,0
EOH,APO,3,3,0,2
FCO,BIO,1,1,0,0
XIL,HET,3,3,0,0
WNZ,NNG,1,1,0,0
DSN,CGO,2,2,0,0
DXB,PEK,2,2,0,0
CAN,WUH,5,5,0,1
NKG,KWL,4,4,0,1
SYX,CTU,5,5,0,1
TNA,KMG,6,6,0,2
RKV,AEY,1,1,0,0
NAQ,JUV,1,1,0,0
AKY,RGN,2,2,0,0
KTB,HYL,2,2,0,0
YYZ,MBJ,3,3,0,1
LHR,LUX,2,2,0,1
BKK,CNX,10,10,0,8
HAV,CYO,1,1,0,0
DME,BKK,3,3,0,0
HRB,DSN,1,1,0,0
TSN,CAN,5,5,0,1
CAN,DPS,1,1,0,0
KMG,LNJ,2,2,0,0
CTU,XMN,6,6,0,2
FLN,GIG,3,3,0,0
RBR,CZS,1,1,0,0
RDU,CMH,1,1,0,1
CAI,CGK,1,1,0,0
ACC,MLW,1,1,0,1
LGW,GLA,2,2,0,0
LGW,ZRH,1,1,0,0
LGW,FNC,4,4,0,0
DLM,STN,2,2,0,0
BHX,GCI,1,1,0,0
LSI,ABZ,1,1,0,1
EDI,BHX,1,1,0,0
DEN,IAH,3,3,0,0
OVS,NYM,1,1,0,0
AYT,BRE,1,1,0,0
LOS,MAD,1,1,0,0
FRA,IKA,2,2,0,0
HFE,LJG,1,1,0,0
FLL,RIC,1,1,0,0
SIT,JNU,2,2,0,1
ICN,OIT,1,1,0,0
PNH,VTE,2,2,0,1
BTH,PDG,2,2,0,0
BPN,UPG,4,4,0,0
FRA,GDN,2,2,0,1
MUC,LED,2,2,0,0
TXL,LUX,2,2,0,1
LMN,MYY,1,1,0,1
BKI,KUD,1,1,0,1
NAP,ZRH,2,2,0,0
AAL,CPH,2,2,0,0
MRS,DJE,2,2,0,0
KBL,PEW,1,1,0,0
KHI,PEW,3,3,0,0
ECN,SAW,2,2,0,0
MNL,DRW,1,1,0,0
BLR,DOH,1,1,0,0
EBL,DOH,1,1,0,0
AMM,ZRH,1,1,0,0
CRL,CIY,1,1,0,0
SDR,VLC,1,1,0,0
TER,PDL,1,1,0,0
WUH,HAK,3,3,0,0
EMA,MJV,2,2,0,0
PIT,DFW,3,3,0,1
PBI,ISP,1,1,0,0
ORD,ZRH,2,2,0,1
TPE,TNA,2,2,0,0
TAO,RMQ,1,1,0,0
PEK,ZHY,1,1,0,0
FLL,LIM,2,2,0,0
DME,SCO,1,1,0,0
GRU,FRA,2,2,0,0
TUN,NCE,1,1,0,0
LYS,IST,1,1,0,0
SAW,MXP,1,1,0,0
LIG,ORY,1,1,0,0
GRQ,LPA,1,1,0,0
CPH,EIN,1,1,0,0
JMK,JTR,2,2,0,0
PRG,OTP,3,3,0,0
TSR,OTP,2,2,0,1
PTY,JFK,2,2,0,1
MHH,FLL,3,3,0,1
EWR,UVF,1,1,0,0
IAH,VER,1,1,0,1
STC,ORD,1,1,0,1
KRR,DXB,2,2,0,0
MUC,SIN,4,4,0,2
CLT,CDG,2,2,0,0
CCK,XCH,1,1,0,0
YVR,CUN,2,2,0,0
YWG,YXU,1,1,0,0
WAW,FCO,2,2,0,0
EMA,LCA,1,1,0,0
APL,VXC,1,1,0,0
VNX,MPM,1,1,0,0
BYN,LTI,1,1,0,0
KTM,DWC,1,1,0,0
AQG,XMN,1,1,0,0
KMG,CGD,1,1,0,0
MAR,CUR,1,1,0,0
KPB,PPV,1,1,0,0
DCA,MCI,3,3,0,2
MIA,TLH,2,2,0,1
RDU,CLT,2,2,0,0
TPA,DFW,3,3,0,0
LGA,SDF,3,3,0,1
ORD,FAR,3,3,0,3
CLT,PHX,2,2,0,0
HSV,ORD,3,3,0,3
SFB,CHA,1,1,0,0
XNA,LAS,1,1,0,0
PGD,AVL,1,1,0,0
MAD,ATH,2,2,0,1
ATH,DUS,2,2,0,1
ATH,SMI,2,2,0,1
PAP,PTP,2,2,0,0
STT,ATL,3,3,0,2
LRH,PIS,2,2,0,1
SMI,DUS,1,1,0,0
VIE,FLR,5,5,0,3
PMI,LEI,1,1,0,0
ACE,LBA,3,3,0,0
TFS,LGW,8,8,0,1
SVO,PMO,2,2,0,1
LED,MLA,1,1,0,0
MTY,CJS,3,3,0,1
FUK,DLC,2,2,0,1
YQM,YOW,2,2,0,1
VRA,YYC,1,1,0,0
AKL,NPL,1,1,0,1
YGX,YWG,1,1,0,0
SMR,BOG,3,3,0,1
TRV,MCT,3,3,0,0
KUL,UPG,1,1,0,0
LCG,MAD,3,3,0,1
PSA,FCO,1,1,0,1
AUH,KWI,5,5,0,0
NGB,TSN,2,2,0,0
TLV,PEK,2,2,0,1
TYN,PEK,3,3,0,1
CGO,SZX,4,4,0,1
CTU,URC,5,5,0,1
ORK,NCL,1,1,0,1
SNN,FAO,2,2,0,0
FRU,IST,2,2,0,0
RGN,AKY,2,2,0,0
TLS,NCE,2,2,0,0
IND,LAS,2,2,0,1
MDW,PDX,2,2,0,1
MSY,EWR,5,5,0,3
CAK,LGA,2,2,0,0
LGW,MLE,1,1,0,0
SIN,WUX,1,1,0,0
KMG,MFM,1,1,0,0
PVG,TOY,2,2,0,1
CAN,DYG,1,1,0,0
CKG,JHG,1,1,0,0
SYX,YCU,1,1,0,0
GRU,DTW,2,2,0,0
NAS,PTY,1,1,0,0
ADZ,BAQ,1,1,0,1
RIC,MSP,1,1,0,1
BHM,MSP,1,1,0,1
MSP,ISN,1,1,0,1
NGB,HKG,4,4,0,1
DUB,AUH,2,2,0,1
AUH,JAI,1,1,0,0
CTA,LTN,1,1,0,0
GVA,HEL,1,1,0,1
CGN,FCO,1,1,0,0
CEZ,DEN,1,1,0,0
BAH,IKA,1,1,0,0
PEK,HNL,3,3,0,1
KEF,ZRH,1,1,0,0
THR,BJB,1,1,0,0
SJU,MCO,4,4,0,1
AMS,IST,2,2,0,0
BOM,NBO,2,2,0,1
KWI,FRA,2,2,0,0
UAQ,MDZ,1,1,0,0
BLQ,KIV,2,2,0,0
GEL,POA,1,1,0,0
PRH,DMK,1,1,0,0
OSL,DBV,1,1,0,0
CEB,NRT,1,1,0,0
NGB,SYX,2,2,0,0
MKY,ROK,1,1,0,1
ACC,LOS,4,4,0,0
MBA,KGL,1,1,0,0
MAN,RYG,1,1,0,0
MAN,GDN,1,1,0,0
LTN,GRO,1,1,0,0
BCN,NYO,1,1,0,0
TPS,TSF,1,1,0,0
PNQ,COK,1,1,0,0
BCN,SIN,1,1,0,0
MEL,CNS,4,4,0,1
GDN,WAW,1,1,0,0
CDG,DJE,2,2,0,0
ZRH,HAJ,2,2,0,1
DFW,SJD,3,3,0,0
GZO,EGM,1,1,0,0
SXX,OIA,1,1,0,0
MAO,FOR,1,1,0,0
MIA,BEL,1,1,0,0
PMW,BSB,3,3,0,0
MAA,DMK,1,1,0,0
IST,DNZ,1,1,0,0
SAW,ASF,1,1,0,0
AMS,DLM,1,1,0,0
TUN,NAP,1,1,0,0
SFO,SMF,1,1,0,1
RSW,CLE,1,1,0,0
RSW,EYW,2,2,0,1
MRY,SFO,1,1,0,1
UUD,DME,2,2,0,0
DME,CEK,2,2,0,0
SVX,NMA,2,2,0,0
BHK,TAS,1,1,0,0
CEN,TIJ,1,1,0,0
HTI,MEL,2,2,0,0
YWG,YYC,2,2,0,1
YYC,YHZ,1,1,0,0
TRF,WAW,1,1,0,0
CLJ,ZAZ,1,1,0,0
BSB,UDI,2,2,0,0
KWE,LZO,1,1,0,0
LJA,FIH,1,1,0,0
ICN,HSG,1,1,0,0
GJA,LCE,1,1,0,0
SJJ,BEG,2,2,0,0
PHX,MZT,2,2,0,0
LAX,MIA,4,4,0,1
PIT,PHX,3,3,0,0
MFE,DFW,2,2,0,0
ORD,DCA,3,3,0,0
CLT,HHH,2,2,0,1
VEE,FYU,1,1,0,0
KWI,JED,5,5,0,0
FRU,SVO,2,2,0,0
VVO,KHV,2,2,0,0
ATL,CAK,5,5,0,2
SNA,ATL,4,4,0,3
HAM,VIE,4,4,0,2
HRG,LGW,5,5,0,0
IXA,CCU,5,5,0,2
MLA,AMS,2,2,0,0
IST,MLA,2,2,0,0
CTS,KIJ,3,3,0,2
HND,KUH,3,3,0,0
OKA,ICN,3,3,0,1
PVG,SDJ,2,2,0,1
NGO,ICN,6,6,0,3
KIX,TAO,5,5,0,3
SHJ,DMM,1,1,0,0
YVR,MUC,2,2,0,1
YYZ,ROC,1,1,0,1
AKL,KKE,1,1,0,1
EZE,IGR,1,1,0,0
BOG,SCL,2,2,0,1
SBW,KUL,3,3,0,0
NNG,JJN,1,1,0,0
PEK,NGO,4,4,0,2
CAN,PEK,4,4,0,1
CAN,KMG,5,5,0,0
XMN,TSN,5,5,0,2
SHE,HET,3,3,0,1
YCU,URC,2,2,0,1
ALC,ALG,1,1,0,0
DUB,KIR,1,1,0,1
MRS,DUB,1,1,0,0
PNP,TFI,1,1,0,0
MCI,TPA,2,2,0,1
MCI,PDX,2,2,0,1
MDW,OKC,2,2,0,1
DEN,SNA,4,4,0,1
BHM,LAS,2,2,0,1
VRA,SNU,1,1,0,1
DME,VKT,1,1,0,0
OTZ,IAN,2,2,0,1
PAC,DAV,1,1,0,0
MEL,HKG,3,3,0,0
YNT,SHA,4,4,0,1
SJW,PVG,1,1,0,0
WNZ,WUH,4,4,0,0
NAO,PVG,1,1,0,0
SHE,LHW,1,1,0,0
BSB,CGH,3,3,0,0
AYT,SXF,2,2,0,0
DLM,STR,2,2,0,0
GAO,HAV,1,1,0,0
SOF,PRG,2,2,0,1
SLC,SMF,1,1,0,0
DTW,NGO,1,1,0,0
MSP,LNK,1,1,0,1
MSY,CVG,1,1,0,1
CAI,NBO,1,1,0,0
DRW,ASP,2,2,0,2
FRA,BCN,4,4,0,2
PFO,MAN,6,6,0,0
KGS,LGW,2,2,0,0
YRB,YAB,1,1,0,0
DEN,SFO,3,3,0,0
DEN,BMI,1,1,0,0
MKW,SOQ,2,2,0,0
LAX,VIS,1,1,0,0
FNC,HAJ,1,1,0,0
HRB,HKG,1,1,0,0
IKA,MXP,1,1,0,0
OMS,TAS,1,1,0,0
LBA,AMS,3,3,0,2
VCE,LBA,1,1,0,0
DXB,DFW,2,2,0,0
IAD,JFK,3,3,0,2
SVG,AMS,2,2,0,1
CJU,RSU,1,1,0,0
PUS,GUM,1,1,0,0
LIM,HAV,2,2,0,2
BTH,PKU,2,2,0,0
FRA,MIA,2,2,0,1
EWR,HAM,2,2,0,1
LUX,AJA,1,1,0,0
KUL,KCH,4,4,0,1
KUL,DRW,1,1,0,0
RGN,SIN,6,6,0,0
VCE,NAP,2,2,0,0
YSM,YEG,1,1,0,0
EVE,TRD,2,2,0,0
ARN,KRN,2,2,0,0
LXR,RUH,1,1,0,0
PNZ,SSA,1,1,0,0
GLT,BNE,2,2,0,1
OTP,AMM,2,2,0,0
AMM,MRA,1,1,0,0
CRL,BLQ,1,1,0,0
HHN,NDR,1,1,0,0
PIK,CCF,1,1,0,0
PIK,CFU,1,1,0,0
DUB,ZAD,1,1,0,0
GRO,CAG,1,1,0,0
IBZ,CRL,1,1,0,0
TSF,SUF,1,1,0,0
CIA,WRO,1,1,0,0
FAO,DTM,1,1,0,0
CPH,NRT,1,1,0,0
LIN,CPH,1,1,0,0
IST,HEL,2,2,0,0
BIA,FRA,1,1,0,0
XNN,TSN,1,1,0,0
SEA,SLC,4,4,0,1
SAT,LAX,3,3,0,2
AMS,ASR,2,2,0,0
KWE,TNA,2,2,0,1
WUS,TNA,1,1,0,0
LCR,ACR,1,1,0,0
RNL,BNY,1,1,0,0
FCO,BKK,1,1,0,0
IST,CND,1,1,0,0
IAH,SMF,1,1,0,0
IAD,JAX,1,1,0,1
SOW,FMN,3,3,0,2
CHA,DCA,2,2,0,2
VII,DAD,1,1,0,0
LMM,TIJ,1,1,0,0
CIA,OTP,1,1,0,0
PRG,NAP,1,1,0,0
OTP,CRL,1,1,0,0
KSC,LTN,1,1,0,0
ZHA,NAY,2,2,0,1
CGO,JJN,1,1,0,0
MAA,MLE,1,1,0,0
DOU,VCP,1,1,0,0
UTS,SCW,1,1,0,0
ZUH,WUZ,1,1,0,0
HAM,BRN,1,1,0,0
BRN,CGN,1,1,0,0
SQS,TZA,1,1,0,0
EWN,CLT,2,2,0,1
SYR,DCA,2,2,0,2
PHL,MHT,2,2,0,1
EYW,MIA,2,2,0,1
DRW,BNE,6,6,0,2
PPT,AKL,4,4,0,1
EUG,PDX,3,3,0,3
USN,GMP,2,2,0,0
ICN,BKK,10,10,0,2
AMM,BEN,3,3,0,0
AZA,GFK,1,1,0,0
CDG,EDI,4,4,0,2
CDG,TNR,2,2,0,0
ATL,DSM,3,3,0,2
ATL,ILM,4,4,0,3
MUC,FUE,3,3,0,0
BSL,TFS,3,3,0,0
PVK,DUS,1,1,0,0
AMS,TLV,4,4,0,0
CTA,LGW,6,6,0,0
NAG,BOM,5,5,0,2
MLA,GLA,1,1,0,0
GDL,MZT,1,1,0,1
NRT,HGH,2,2,0,1
SEA,NRT,3,3,0,1
NGO,KMI,1,1,0,0
YOW,YUL,1,1,0,0
YOW,BOS,2,2,0,2
YYZ,LIR,2,2,0,0
YYZ,NAS,2,2,0,0
PMR,HLZ,1,1,0,1
DFW,PDX,4,4,0,0
SJC,RNO,1,1,0,1
SMF,PDX,2,2,0,1
HRG,VIE,2,2,0,1
YWG,YYQ,2,2,0,1
BOG,PPN,1,1,0,0
KUL,CCU,1,1,0,0
FCO,TRN,2,2,0,0
FCO,RUH,2,2,0,1
RGI,FAV,1,1,0,0
MFM,NNG,2,2,0,0
KWE,HFE,2,2,0,1
SGO,CMA,1,1,0,0
SEN,DUB,1,1,0,1
OSS,OVB,4,4,0,0
TSE,GYD,1,1,0,0
ATH,KIV,1,1,0,0
IKT,NER,1,1,0,0
PYJ,YKS,2,2,0,0
MCI,SFO,2,2,0,2
HOU,TUL,2,2,0,1
CRP,LBB,1,1,0,1
DEN,MCO,4,4,0,1
LRM,YHZ,1,1,0,0
AUG,BOS,1,1,0,0
TPE,XUZ,2,2,0,0
CZX,NAY,2,2,0,1
CAN,HJJ,1,1,0,0
NVT,GIG,1,1,0,0
VIX,GRU,2,2,0,0
PMV,GND,1,1,0,0
ZAG,BCN,3,3,0,1
HAV,MEX,3,3,0,0
AMS,IAH,4,4,0,2
MCI,CVG,1,1,0,0
MOT,MSP,1,1,0,1
SLC,MSP,1,1,0,0
MSY,DTW,5,5,0,3
MLI,DTW,1,1,0,1
SXF,LPL,1,1,0,0
LGW,VLC,1,1,0,0
EDI,ALC,3,3,0,0
GVA,LIL,1,1,0,0
SDU,MEA,2,2,0,0
VLC,GVA,1,1,0,0
EMA,JER,1,1,0,0
BLQ,ORY,2,2,0,0
XRY,CGN,1,1,0,0
AEB,CAN,1,1,0,0
KGS,BSL,1,1,0,0
HYD,RPR,1,1,0,0
DXB,ZBR,1,1,0,0
NKG,KIX,2,2,0,1
UEO,OKA,1,1,0,0
BAH,KWI,4,4,0,0
HGH,KWE,6,6,0,1
GIG,AMS,1,1,0,0
NBO,DEL,1,1,0,0
BOM,ICN,1,1,0,0
WAW,GVA,2,2,0,1
MDC,MNA,1,1,0,1
FRA,TLL,1,1,0,0
LEJ,MUC,1,1,0,1
SCN,LUX,2,2,0,1
HEL,PMI,1,1,0,0
LGW,BGO,2,2,0,0
SVG,SXF,1,1,0,0
LHE,MED,1,1,0,0
DOH,SAW,1,1,0,0
TMW,SYD,1,1,0,1
LPL,VNO,1,1,0,0
BOH,PMI,2,2,0,0
EDI,MLA,1,1,0,0
ORK,WRO,1,1,0,0
DUB,OPO,1,1,0,0
GSE,MRS,1,1,0,0
PGF,STN,1,1,0,0
CAG,PEG,1,1,0,0
CIA,TPS,1,1,0,0
CIA,BTS,1,1,0,0
KUN,LTN,1,1,0,0
NDR,HHN,1,1,0,0
OVB,DXB,1,1,0,0
DME,IAH,2,2,0,1
LTN,KIR,1,1,0,0
CAG,NRN,1,1,0,0
JED,PZU,1,1,0,0
BNA,SAT,1,1,0,0
BKO,TUN,1,1,0,0
LYS,TUN,3,3,0,0
IST,TLL,1,1,0,0
TGD,IST,1,1,0,0
NAV,IST,1,1,0,0
OAX,IAH,1,1,0,1
BOS,PTY,2,2,0,0
EWR,BON,1,1,0,0
JHW,CLE,1,1,0,1
LBD,KRR,2,2,0,0
PHL,AUS,2,2,0,0
CUN,MTY,3,3,0,0
PUS,KHH,1,1,0,0
DAC,BZL,1,1,0,0
CFU,LGW,2,2,0,0
KMG,CZX,2,2,0,0
SVX,HMA,1,1,0,0
CIF,DLC,1,1,0,0
JIQ,KMG,2,2,0,0
GAL,FAI,1,1,0,0
ABV,BNI,1,1,0,0
QRW,ABV,1,1,0,0
YQZ,YWL,2,2,0,0
YUL,YGW,1,1,0,0
YIK,AKV,1,1,0,0
LHR,LBA,3,3,0,2
OSL,LHR,4,4,0,2
CUN,DFW,4,4,0,0
LAX,KOA,6,6,0,2
MIA,BSB,3,3,0,0
DFW,DSM,2,2,0,0
RNO,LAX,5,5,0,4
LAS,BZN,1,1,0,0
AZA,STC,1,1,0,0
CHQ,SKG,3,3,0,1
CAI,SVO,1,1,0,0
CDG,CMN,6,6,0,3
AER,IST,2,2,0,0
URC,SVO,2,2,0,1
NDJ,CDG,1,1,0,0
BOD,FCO,3,3,0,1
NCE,AJA,3,3,0,2
MXP,GYD,2,2,0,1
SXF,SAW,2,2,0,0
TXL,BCN,4,4,0,1
CCU,HYD,3,3,0,0
BHX,ACE,6,6,0,1
EMA,TFS,6,6,0,0
SVO,CTA,2,2,0,0
TXL,MLA,1,1,0,0
MEX,LZC,2,2,0,0
MYJ,ITM,2,2,0,2
FKS,ITM,2,2,0,1
POM,TBG,2,2,0,0
CAI,SHJ,2,2,0,0
YYZ,PUJ,3,3,0,0
NPE,CHC,1,1,0,1
AEP,COR,2,2,0,1
SEA,SBA,1,1,0,1
PBI,ATL,8,8,0,6
FRA,LNZ,2,2,0,1
VLI,HIR,3,3,0,1
KUL,SOC,1,1,0,0
SOF,MXP,2,2,0,1
FCO,SKG,2,2,0,0
ATL,IAH,9,9,0,7
LHW,JGN,3,3,0,0
PPT,RGI,1,1,0,0
HKG,CTU,6,6,0,0
TSE,URC,2,2,0,0
LAE,PNP,1,1,0,0
LAS,SAN,3,3,0,1
AAR,AAL,1,1,0,1
OTP,BRU,2,2,0,1
RUT,BOS,1,1,0,0
SLK,BOS,1,1,0,0
KMG,SZX,6,6,0,1
PVG,BHY,2,2,0,0
AMS,PEK,2,2,0,0
CAN,SYD,1,1,0,0
NNG,HAK,4,4,0,0
CGR,MGF,1,1,0,0
ZNZ,FRA,1,1,0,0
XRY,HAM,2,2,0,0
LFR,CCS,1,1,0,0
MEX,PTY,2,2,0,1
SEA,CDG,3,3,0,2
RDU,PHL,3,3,0,1
LAS,CVG,1,1,0,0
RAP,SLC,1,1,0,1
CAI,ADD,2,2,0,0
MLE,DXB,1,1,0,0
CSX,SYX,5,5,0,0
BFS,ALC,2,2,0,0
TFS,BRS,5,5,0,0
BCN,LTN,1,1,0,0
MAH,LGW,3,3,0,0
BSL,BOD,1,1,0,0
HEL,TMP,1,1,0,1
YAB,YRB,1,1,0,0
BHX,HAJ,1,1,0,0
DDC,DEN,3,3,0,2
JED,SUB,1,1,0,0
CGK,AMQ,3,3,0,0
SIN,UPG,3,3,0,1
BRS,CEG,1,1,0,0
BHX,TXL,1,1,0,0
JAI,CCU,1,1,0,0
DMM,MHD,2,2,0,0
THR,KIH,2,2,0,0
PGU,RAS,1,1,0,0
FLL,SJO,2,2,0,0
PVG,FOC,2,2,0,0
AMS,GRU,1,1,0,0
KGL,EBB,11,11,0,5
PBM,AMS,2,2,0,0
MRX,THR,1,1,0,0
ARN,FRA,3,3,0,1
LUX,VAR,1,1,0,0
KCH,MZV,2,2,0,0
FUE,VRN,1,1,0,0
BEY,BGW,1,1,0,0
DMK,URT,2,2,0,0
RYG,AGP,2,2,0,0
MCT,ZNZ,1,1,0,0
ANC,AKN,2,2,0,1
DOH,SAH,2,2,0,0
DOH,DME,1,1,0,0
CRL,WMI,1,1,0,0
LPL,REU,1,1,0,0
BOH,CHQ,1,1,0,0
LGW,KUN,1,1,0,0
BVA,AGP,1,1,0,0
CFU,RYG,1,1,0,0
BLQ,CRL,1,1,0,0
CIA,BUD,1,1,0,0
OPO,MRS,1,1,0,0
JNB,BUQ,2,2,0,1
TOS,BOO,2,2,0,0
IKT,PEK,1,1,0,0
MRV,DME,3,3,0,0
PDL,FLW,1,1,0,0
JED,YYZ,1,1,0,0
JED,RAS,1,1,0,0
SEA,BWI,2,2,0,1
DEN,AUS,3,3,0,0
BOG,FLA,2,2,0,0
GZO,HIR,1,1,0,0
RNA,HIR,1,1,0,0
FRA,GIG,2,2,0,1
AGP,IST,1,1,0,0
IST,NIM,1,1,0,0
IST,TIA,1,1,0,0
IST,LHE,1,1,0,0
IST,EBL,2,2,0,0
NCE,LIG,1,1,0,0
KSN,VKO,1,1,0,0
SPP,VPE,1,1,0,0
RTB,IAH,1,1,0,0
ORD,MKE,3,3,0,3
SKD,KJA,1,1,0,0
KJA,TAS,2,2,0,0
YWG,YYZ,2,2,0,0
OSL,SOG,1,1,0,0
MPM,UEL,1,1,0,0
PKN,SUB,1,1,0,0
AAX,POJ,1,1,0,0
CKG,JIQ,1,1,0,0
SXM,PAP,1,1,0,0
YHU,YBG,1,1,0,0
YQQ,YVR,3,3,0,1
MGQ,WJR,2,2,0,0
STT,MIA,3,3,0,1
DCA,HPN,2,2,0,1
AUS,ORD,3,3,0,0
ORD,DUS,8,8,0,4
ORD,CMH,3,3,0,1
NRT,AKL,3,3,0,1
AKF,BEN,2,2,0,0
FRA,PRN,2,2,0,1
PMI,BCN,6,6,0,2
ATH,FRA,2,2,0,0
ATH,RHO,3,3,0,1
NRT,SVO,1,1,0,0
BWI,ATL,7,7,0,4
VLD,ATL,3,3,0,3
VLC,PMI,5,5,0,2
TIA,VCE,3,3,0,1
VNS,CCU,2,2,0,2
HND,HKD,3,3,0,0
HND,KCZ,2,2,0,0
HND,TKS,2,2,0,0
HND,HAN,1,1,0,0
RIX,VNO,1,1,0,0
RAR,LAX,2,2,0,1
SYD,WLG,5,5,0,2
CGN,SZG,2,2,0,1
CCJ,AUH,3,3,0,0
HKT,KUL,5,5,0,2
DUS,AMS,2,2,0,2
PMO,SVO,2,2,0,1
HET,NZH,1,1,0,0
DSN,WUH,1,1,0,0
LHW,YCU,2,2,0,1
KHN,TAO,3,3,0,1
HGH,YNT,2,2,0,1
ALG,TIP,2,2,0,0
OZC,MNL,3,3,0,0
KTN,CGA,2,2,0,0
HRL,HOU,2,2,0,1
IND,MCO,3,3,0,1
LHR,CTU,1,1,0,0
AXP,NAS,1,1,0,0
SVQ,BRU,1,1,0,0
LPA,FUE,2,2,0,0
ZAM,MNL,3,3,0,0
NNG,SHA,5,5,0,0
TAO,XMN,4,4,0,1
TGO,HET,3,3,0,0
BEL,SLZ,2,2,0,0
PAD,TFS,1,1,0,0
CBS,CCS,1,1,0,0
PRG,NCE,2,2,0,0
LAX,IND,4,4,0,1
SLC,FAR,1,1,0,1
COS,ATL,2,2,0,1
GOT,FRA,3,3,0,2
JNB,ADD,2,2,0,1
ADD,GDQ,1,1,0,0
STN,SSH,2,2,0,0
AMS,PRG,4,4,0,1
HAM,SZG,2,2,0,1
DSA,JER,1,1,0,0
BNA,TTN,1,1,0,0
SIN,JOG,5,5,0,1
LBJ,ENE,2,2,0,1
SOC,CGK,3,3,0,0
BGO,HAM,1,1,0,0
BRU,BOJ,1,1,0,0
LHR,RUH,3,3,0,1
FUE,BIO,2,2,0,1
TBZ,AWZ,1,1,0,0
HND,UBJ,2,2,0,0
FLL,AUS,3,3,0,1
AZS,JFK,1,1,0,0
NBO,MWZ,2,2,0,1
AEP,SLA,3,3,0,0
LOP,JOG,1,1,0,0
JKG,ARN,1,1,0,0
DMK,HDY,2,2,0,0
DMK,KOP,2,2,0,0
AUA,JBQ,1,1,0,0
IST,AYT,3,3,0,0
ANU,SBH,2,2,0,0
CPH,SAW,1,1,0,0
ARN,DXB,2,2,0,1
AMM,BSR,1,1,0,0
PIK,AGP,1,1,0,0
RYG,MAD,1,1,0,0
POZ,BRS,1,1,0,0
ZAZ,BVA,1,1,0,0
BUD,TMP,1,1,0,0
NRN,TSF,1,1,0,0
JNB,UTT,1,1,0,1
JNB,LUN,1,1,0,0
PUY,ARN,1,1,0,0
DME,SGC,1,1,0,0
NSK,OVB,3,3,0,0
FEZ,CRL,1,1,0,0
RUH,LKO,1,1,0,0
IFN,MED,1,1,0,0
HOU,MDW,2,2,0,1
ZSA,FLL,1,1,0,0
FLL,SAL,1,1,0,0
DME,CIT,1,1,0,0
CWB,SSA,1,1,0,0
HGH,DMK,1,1,0,0
TRN,IST,1,1,0,0
ESB,KSY,1,1,0,1
BAL,ESB,1,1,0,1
SAW,GZT,2,2,0,1
TSE,VKO,1,1,0,0
MAF,DEN,1,1,0,1
DEN,SJC,2,2,0,0
ORD,YXE,1,1,0,1
ORD,BZN,1,1,0,1
ASE,LAX,1,1,0,1
DFW,BHM,2,2,0,0
BZV,CDG,2,2,0,0
YVR,YYZ,3,3,0,0
POA,NVT,1,1,0,0
TJM,OVS,1,1,0,0
YQB,YZV,3,3,0,1
ORY,TLM,2,2,0,0
NRT,DFW,4,4,0,1
SJU,EIS,4,4,0,1
RIC,PHL,2,2,0,1
DFW,LIM,3,3,0,1
PHL,ORF,2,2,0,1
BDL,ORD,3,3,0,1
LAW,DFW,2,2,0,1
SBP,PHX,2,2,0,2
SDJ,ICN,2,2,0,1
MNL,ICN,6,6,0,0
ICN,TPE,7,7,0,0
OAK,EUG,1,1,0,0
KBL,GYD,1,1,0,0
LED,SIP,1,1,0,0
SVO,KUF,1,1,0,0
TXL,BUD,1,1,0,0
SKG,TXL,1,1,0,0
MFM,CGO,2,2,0,0
WUH,MFM,2,2,0,1
HND,PEK,4,4,0,1
OKA,KMJ,1,1,0,0
OTP,VIE,2,2,0,1
AXM,BOG,1,1,0,0
CDG,NUE,2,2,0,1
PEK,AQG,1,1,0,0
TSN,HET,6,6,0,2
FUG,TSN,1,1,0,0
CAN,NTG,2,2,0,0
XIY,PVG,8,8,0,2
ZUH,XMN,4,4,0,2
MRS,BLJ,1,1,0,0
STR,DUB,1,1,0,0
DUB,ARN,2,2,0,0
ORD,DUB,7,7,0,3
NAN,RTA,1,1,0,1
SYD,NAN,4,4,0,1
MIA,GYE,2,2,0,1
SOF,LCA,3,3,0,0
VDC,SSA,3,3,0,0
KMG,LHW,3,3,0,0
NKG,KHH,1,1,0,0
SJW,BAV,3,3,0,1
CGO,SHE,3,3,0,0
KMG,BHY,2,2,0,1
HGH,TYN,5,5,0,1
ZUH,PEK,3,3,0,1
YCU,HRB,1,1,0,0
MIA,APF,1,1,0,0
FOR,BEL,3,3,0,0
POA,GIG,3,3,0,0
SXF,ACE,1,1,0,0
BOG,ATL,1,1,0,0
BOS,NAS,2,2,0,1
MSN,DCA,1,1,0,1
DTW,NRT,1,1,0,0
DTW,GRB,1,1,0,0
GRB,DTW,1,1,0,0
DFW,SLC,3,3,0,0
ATL,PVD,3,3,0,2
LGA,RSW,2,2,0,1
MSP,SJC,1,1,0,0
JGS,XMN,1,1,0,0
AUH,DME,2,2,0,1
GDN,AMS,1,1,0,0
LTN,INV,1,1,0,0
SCQ,GVA,1,1,0,0
BCN,SCQ,3,3,0,1
BCN,PMO,2,2,0,1
DME,ALC,4,4,0,1
CGK,JOG,5,5,0,0
NRT,OOL,3,3,0,2
FUK,OKA,3,3,0,0
CTG,JFK,1,1,0,0
AMS,GVA,2,2,0,0
SGN,PUS,2,2,0,1
MUC,BUD,1,1,0,0
LGW,LPA,5,5,0,0
ARN,FLL,1,1,0,1
LXR,JED,2,2,0,0
MCT,JED,1,1,0,0
KHI,BHV,2,2,0,0
SAW,ASR,2,2,0,1
SAW,DXB,2,2,0,0
CTU,KHH,1,1,0,0
DOH,DXB,5,5,0,0
FNA,CMN,1,1,0,0
CRL,GOA,1,1,0,0
ALC,NUE,1,1,0,0
ALC,RYG,2,2,0,0
ALC,BGY,1,1,0,0
GRO,BTS,1,1,0,0
GRO,FMM,1,1,0,0
VLC,MAH,2,2,0,1
CHQ,CIA,1,1,0,0
PSA,EMA,1,1,0,0
OPO,LPA,1,1,0,0
BTS,CIA,1,1,0,0
LOS,JNB,2,2,0,0
ELS,PLZ,1,1,0,1
SPU,GOT,1,1,0,0
REP,PNH,4,4,0,2
BMV,VII,1,1,0,0
PSA,CIY,1,1,0,0
JED,LKO,1,1,0,0
ELP,AUS,1,1,0,0
FCO,BSL,2,2,0,1
BRE,ADB,1,1,0,0
CLO,UIB,1,1,0,0
MEC,UIO,1,1,0,0
SDU,VIX,3,3,0,0
REP,DMK,1,1,0,0
NAW,DMK,1,1,0,0
GZT,ESB,1,1,0,1
YUL,SFO,2,2,0,1
MCI,CLE,1,1,0,1
CLE,PBI,1,1,0,1
PVR,MTY,2,2,0,0
GDN,DTM,1,1,0,0
TYN,FOC,1,1,0,0
MAO,PIN,1,1,0,0
XSC,GDT,1,1,0,0
IBR,PVG,1,1,0,0
TLC,ACA,2,2,0,1
ASU,MVD,1,1,0,0
LOS,JOS,1,1,0,0
YVR,DFW,3,3,0,1
LYS,LHR,2,2,0,1
SJU,ORD,4,4,0,0
BOS,DCA,3,3,0,0
OMA,ORD,3,3,0,1
PNS,MIA,2,2,0,1
MIA,PAP,4,4,0,0
DFW,PBC,2,2,0,1
ATL,CLT,8,8,0,6
JFK,BCN,9,9,0,5
TUL,MIA,2,2,0,0
OKC,LAX,4,4,0,4
YLE,YZF,1,1,0,0
YYZ,SVO,1,1,0,0
HER,LED,2,2,0,0
SVO,ARH,2,2,0,1
CHA,ATL,5,5,0,3
RIX,CDG,2,2,0,1
DUS,GCI,1,1,0,0
ARN,VIE,4,4,0,3
BHX,PMI,5,5,0,0
ABZ,EBJ,1,1,0,0
CLT,YYZ,3,3,0,3
ODS,VIE,2,2,0,1
SAL,SFO,3,3,0,1
LIN,FCO,2,2,0,0
MLA,FCO,3,3,0,1
HET,XIY,3,3,0,0
REP,PEK,1,1,0,0
WUH,TNA,4,4,0,1
CMA,SGO,1,1,0,0
ORY,ALG,2,2,0,0
SNN,JFK,1,1,0,0
MAR,CCS,5,5,0,0
TLL,BRU,2,2,0,1
LHW,SJW,1,1,0,0
SHA,WUS,1,1,0,0
SYX,SHA,3,3,0,0
ISB,URC,1,1,0,0
TPE,URC,2,2,0,0
PEK,ISB,2,2,0,1
TNA,HET,4,4,0,2
YIW,KMG,1,1,0,0
SXF,HER,2,2,0,0
FRA,SPU,3,3,0,0
PRG,OSR,2,2,0,0
AUA,LGA,1,1,0,0
SKT,DXB,2,2,0,0
BRS,HER,1,1,0,0
IOM,LGW,1,1,0,0
PMI,SEN,1,1,0,0
YZF,YVQ,2,2,0,0
BHX,BHD,1,1,0,0
BHX,ABZ,1,1,0,0
TTN,CVG,1,1,0,0
IBZ,BRE,1,1,0,0
TXL,DBV,2,2,0,0
CSX,XIY,7,7,0,0
DLC,XIY,5,5,0,0
FRA,RHO,2,2,0,0
BCN,CWL,2,2,0,1
MAD,SCQ,2,2,0,1
ARN,KEF,1,1,0,0
IKA,DYU,2,2,0,0
HLD,TGO,1,1,0,0
AGS,ATL,3,3,0,2
ICN,AOJ,1,1,0,0
UPG,GTO,3,3,0,0
SUB,LOP,3,3,0,0
FRA,ABV,1,1,0,0
AGP,FRA,1,1,0,0
CCS,FRA,1,1,0,0
ORD,FRA,2,2,0,0
BEY,AMM,3,3,0,0
JKG,HAD,1,1,0,0
ARN,MAN,3,3,0,1
DJE,CDG,2,2,0,0
HMB,RUH,1,1,0,0
DIY,IST,2,2,0,0
OSL,ISB,1,1,0,0
SKZ,MJD,1,1,0,0
CMN,OXB,1,1,0,0
IBZ,BLQ,1,1,0,0
AHO,CIA,1,1,0,0
PSA,LIS,1,1,0,0
WMI,TPS,1,1,0,0
JNB,DKR,3,3,0,1
SVG,ARN,1,1,0,1
AGP,ARN,2,2,0,0
CEK,DME,2,2,0,0
ADL,SIN,3,3,0,1
LUW,UPG,2,2,0,0
RNS,NCE,1,1,0,0
OIT,ITM,3,3,0,2
OLB,ARN,1,1,0,0
KAN,JED,1,1,0,0
EWR,PHX,4,4,0,0
HOU,OKC,2,2,0,1
LAS,ABQ,1,1,0,0
AGP,ZRH,1,1,0,0
ADB,STR,2,2,0,0
YNT,HGH,2,2,0,1
CZX,HRB,3,3,0,1
AKX,DME,2,2,0,0
BSB,PMW,3,3,0,0
LAD,LIS,2,2,0,0
ESB,BGG,1,1,0,1
IST,JNB,1,1,0,0
NDB,LPA,2,2,0,0
KIT,KLX,1,1,0,0
SFO,MRY,1,1,0,1
CAE,IAD,1,1,0,1
IAD,BTV,1,1,0,1
DEN,LBB,1,1,0,1
PHL,IAD,1,1,0,1
XNA,EWR,1,1,0,1
KRR,NMA,1,1,0,0
DFW,IND,2,2,0,0
YNA,YHR,1,1,0,0
YHZ,YYC,1,1,0,0
YVR,YXE,2,2,0,1
YYC,YXX,1,1,0,0
DTM,SOF,1,1,0,0
XMN,TXN,3,3,0,1
CGQ,FOC,1,1,0,0
ALA,DYU,3,3,0,0
TLA,OME,1,1,0,1
ALG,MLH,1,1,0,0
PLS,CLT,2,2,0,0
SIN,NRT,8,8,0,1
DFW,DCA,2,2,0,0
JFK,PAP,4,4,0,1
ORD,MHK,2,2,0,2
CWA,ORD,3,3,0,2
PGD,CVG,1,1,0,0
PGD,CID,1,1,0,0
AAL,OSL,3,3,0,1
FRA,HER,4,4,0,1
LED,FRU,2,2,0,0
HAH,NBO,3,3,0,2
CFE,AMS,3,3,0,2
CDG,SXM,2,2,0,1
CDG,KIX,1,1,0,0
SCN,PMI,1,1,0,0
AGP,MUC,5,5,0,1
MAH,PMI,2,2,0,1
TRV,BOM,6,6,0,1
PEK,MFM,2,2,0,0
OKA,KIJ,1,1,0,0
KWI,SHJ,1,1,0,0
SHJ,CMB,3,3,0,0
SAW,RIX,1,1,0,0
IKO,DUT,1,1,0,0
MDZ,AEP,2,2,0,0
SCT,RIY,2,2,0,0
JOG,KUL,1,1,0,0
CDG,CPH,4,4,0,1
VCE,JFK,2,2,0,1
FCO,MLA,4,4,0,2
IAS,TRN,2,2,0,0
TYN,LHW,4,4,0,1
HAK,BHY,1,1,0,0
PEK,DSN,2,2,0,1
CTU,HKG,6,6,0,0
HRB,TAO,6,6,0,1
IAH,CUN,2,2,0,0
NTG,PEK,2,2,0,1
YIW,CTU,2,2,0,1
ORN,ALC,3,3,0,1
BHD,FAO,1,1,0,0
BHX,SNN,1,1,0,1
ORK,AGP,2,2,0,0
ADB,DUB,1,1,0,0
TBU,NAN,1,1,0,0
RUN,HAH,1,1,0,0
BHM,MCO,3,3,0,2
LGW,BGI,3,3,0,1
LHR,OSL,4,4,0,2
BLL,MUC,1,1,0,1
JNB,PLZ,3,3,0,1
CUN,LGW,6,6,0,1
TAO,HKG,2,2,0,0
MNL,TAC,4,4,0,0
GYN,PMW,2,2,0,0
NKG,PUS,2,2,0,1
PVG,SYX,5,5,0,0
SZX,CGO,4,4,0,1
XMN,SYX,5,5,0,2
YYZ,PTY,1,1,0,0
CCS,PTY,3,3,0,0
GDL,SMF,3,3,0,1
CVG,MEM,1,1,0,1
ATL,GRU,1,1,0,0
MSP,TUL,1,1,0,1
LAS,MEM,1,1,0,0
OTP,TLV,3,3,0,0
LHR,ADD,1,1,0,0
HYD,AUH,2,2,0,0
MAD,BRS,1,1,0,0
GVA,LIS,5,5,0,2
BCN,DRS,2,2,0,1
BCN,AAL,2,2,0,1
BCN,SVG,2,2,0,1
CGK,TKG,3,3,0,0
OVS,SVX,1,1,0,0
CGN,ZRH,2,2,0,0
BHX,HAM,1,1,0,0
RHO,LEJ,2,2,0,0
YVQ,YGH,1,1,0,0
CMN,AGP,2,2,0,1
KEF,CDG,3,3,0,1
NRT,HAN,3,3,0,0
BKK,PUS,4,4,0,1
KUL,DEL,3,3,0,1
AMS,AES,2,2,0,2
ICN,AMS,2,2,0,0
FBM,NBO,2,2,0,1
MUC,BHX,1,1,0,1
LIS,LUX,3,3,0,0
KUL,IKA,2,2,0,0
CWB,CGR,1,1,0,0
ATH,TIA,2,2,0,0
SBH,SFG,1,1,0,0
LHE,MCT,3,3,0,0
ISB,KHI,3,3,0,0
CRL,SAW,1,1,0,0
USM,SIN,4,4,0,2
SYD,LDH,1,1,0,1
EMA,ACE,6,6,0,0
GRO,NRN,1,1,0,0
SKG,HHN,1,1,0,0
PMO,BGY,1,1,0,0
LIS,DUB,2,2,0,0
BTS,AHO,1,1,0,0
BEW,JNB,2,2,0,1
DME,OGZ,1,1,0,0
PMO,NAP,2,2,0,1
HKG,CNX,4,4,0,0
PAT,LKO,1,1,0,0
JFK,JED,1,1,0,0
MHD,DMM,2,2,0,0
HOU,IND,1,1,0,0
PIT,MDW,2,2,0,1
SAN,SFO,3,3,0,0
CNF,LIS,1,1,0,0
BHX,DLM,4,4,0,0
OTP,IST,2,2,0,0
TUN,TOE,1,1,0,0
YXE,ORD,1,1,0,1
CLE,LGA,2,2,0,2
IAH,DSM,1,1,0,1
DEN,KOA,1,1,0,0
JAN,DFW,2,2,0,1
PBI,LAX,2,2,0,1
TAS,ROV,2,2,0,0
HFT,MEH,1,1,0,0
SOF,BGY,1,1,0,0
AHO,OTP,1,1,0,0
CJU,FOC,1,1,0,0
PEK,JJN,2,2,0,1
MYD,LAU,1,1,0,0
HRK,KUT,1,1,0,0
MII,JTC,1,1,0,0
PLS,SJU,1,1,0,0
KHH,KIX,2,2,0,0
BRN,HAM,1,1,0,0
GUW,URA,1,1,0,0
LOS,QRW,1,1,0,0
ORN,TLS,2,2,0,0
AQP,LIM,5,5,0,3
LAX,IAH,5,5,0,2
MIA,GGT,2,2,0,1
MIA,GIG,3,3,0,0
JFK,DOH,2,2,0,0
ADD,NBO,4,4,0,1
PIE,IAG,1,1,0,0
BIL,AZA,1,1,0,0
RAP,AZA,1,1,0,0
SFB,MDT,1,1,0,0
TLV,HER,1,1,0,0
JTY,LRS,2,2,0,0
SVO,KBP,2,2,0,0
ATL,MHT,3,3,0,2
ATL,ABE,3,3,0,2
MSY,JFK,11,11,0,9
ATH,MRS,3,3,0,1
FRA,AUH,5,5,0,2
LEJ,KGS,1,1,0,0
TXL,ALC,1,1,0,0
ALC,HAM,2,2,0,0
AMD,BOM,6,6,0,1
BOM,CCJ,3,3,0,2
PRI,SEZ,1,1,0,0
GDL,CEN,1,1,0,1
MEX,SJO,3,3,0,0
ORD,GDL,2,2,0,0
HKD,KIX,1,1,0,0
OIM,HND,1,1,0,1
SHE,NRT,4,4,0,2
YVR,YYF,1,1,0,1
YYZ,GCM,2,2,0,0
YYZ,AUH,2,2,0,0
BRU,LAD,4,4,0,3
POP,YYZ,2,2,0,0
RSW,YYZ,2,2,0,0
DRW,TSV,2,2,0,1
AKL,RAR,2,2,0,1
MDZ,NQN,2,2,0,0
ANC,ADK,1,1,0,0
UNK,ANC,3,3,0,1
VIE,ZAG,2,2,0,1
GUA,LAX,4,4,0,1
COK,KUL,3,3,0,0
MOZ,HUH,1,1,0,0
ARN,HEL,5,5,0,1
CGO,CKG,6,6,0,1
TAO,YNJ,3,3,0,1
CTU,KRL,2,2,0,1
URC,FRU,3,3,0,0
VRA,YYZ,3,3,0,1
OVB,KRR,2,2,0,0
HEL,WAW,2,2,0,2
ESL,DME,1,1,0,0
HER,MJT,1,1,0,0
BRU,NCL,2,2,0,0
XMN,MNL,3,3,0,0
INC,TPE,2,2,0,0
DAC,CAN,1,1,0,0
HAK,XMN,3,3,0,0
GRU,MCZ,3,3,0,0
MVD,POA,2,2,0,0
DTW,ALB,1,1,0,1
ATL,PUJ,3,3,0,1
ATL,EVV,4,4,0,3
MSP,MDW,4,4,0,2
GJT,SLC,1,1,0,1
SGF,ATL,3,3,0,3
DXB,LUN,1,1,0,0
AUH,EBL,1,1,0,0
IBZ,GVA,1,1,0,0
FAO,BRS,2,2,0,0
ABZ,KOI,1,1,0,1
BEB,SYY,1,1,0,1
BMU,LOP,1,1,0,0
TLS,XFW,1,1,0,0
ZQW,TFS,1,1,0,0
MAD,SVQ,1,1,0,1
KEF,BLL,1,1,0,0
NLA,JNB,2,2,0,0
IFN,KIH,2,2,0,0
LBA,PSA,2,2,0,0
EMA,DBV,1,1,0,0
HPN,RSW,1,1,0,0
PUS,CEB,3,3,0,0
ULN,ICN,2,2,0,0
PCL,LIM,3,3,0,1
KBP,WAW,2,2,0,0
BTH,SUB,2,2,0,0
BPN,JOG,4,4,0,0
SUB,MDC,3,3,0,0
DUS,VLC,1,1,0,0
EWR,EDI,2,2,0,1
IST,KUL,2,2,0,0
LWY,BKI,1,1,0,1
MXP,CDG,2,2,0,0
BUD,ZAG,1,1,0,0
DOH,KRT,2,2,0,0
NTL,SYD,1,1,0,0
LSY,SYD,1,1,0,0
DTM,FAO,1,1,0,0
EMA,FAO,4,4,0,0
DUB,AHO,1,1,0,0
LPA,OPO,1,1,0,0
BLQ,AHO,1,1,0,0
NRN,VLC,1,1,0,0
LIS,HOR,2,2,0,0
CPH,SFO,1,1,0,0
ARN,CPH,3,3,0,0
FUE,MXP,1,1,0,0
BUR,SMF,1,1,0,0
LIT,LAS,1,1,0,0
ZAG,ZRH,2,2,0,1
ZRH,CDG,2,2,0,0
ZRH,ATH,1,1,0,0
EWR,GVA,2,2,0,1
ORD,OAK,1,1,0,0
PCR,VVC,1,1,0,0
PRG,RTW,1,1,0,0
LPA,GLA,3,3,0,0
HKG,AKL,3,3,0,1
SFO,MCI,1,1,0,1
IAD,PDX,1,1,0,0
DEN,LNK,1,1,0,1
ORD,SBN,1,1,0,1
MKG,ORD,1,1,0,1
MDT,PHL,2,2,0,1
SDF,MIA,2,2,0,1
TIJ,MLM,1,1,0,0
LAS,GDL,1,1,0,0
ALH,PER,2,2,0,1
SVJ,LKN,1,1,0,0
BUD,NYO,1,1,0,0
VNO,BGY,2,2,0,0
ADE,DOH,1,1,0,0
CWL,PMI,1,1,0,0
DSA,PMI,2,2,0,0
MEX,PVR,4,4,0,0
SXM,SDQ,3,3,0,0
MLE,KDO,1,1,0,0
JFK,MEX,4,4,0,1
BBO,JIB,1,1,0,0
KCC,EDA,1,1,0,0
DFW,IAD,3,3,0,0
ORD,FCO,7,7,0,2
BWI,JFK,3,3,0,3
TRI,CLT,2,2,0,0
BIO,CDG,3,3,0,2
TXL,ATH,2,2,0,1
YKS,SVO,1,1,0,0
LED,MXP,3,3,0,0
BRU,NTE,2,2,0,1
LUN,HRE,7,7,0,3
CDG,LED,2,2,0,0
MUC,CGN,2,2,0,0
NUE,HER,2,2,0,0
CCU,DAC,5,5,0,0
DEL,DXB,5,5,0,0
IXJ,IXL,1,1,0,0
ACE,LGW,9,9,0,2
UDR,DEL,4,4,0,2
ACA,MEX,3,3,0,0
CJS,CUU,1,1,0,1
HMO,GDL,3,3,0,1
MEX,EZE,1,1,0,0
SAL,MEX,2,2,0,1
CTS,KMQ,2,2,0,1
YYZ,YXU,1,1,0,1
DUT,AKB,1,1,0,0
FAI,ANC,2,2,0,0
VIE,CGN,3,3,0,2
PTY,ATL,3,3,0,2
VFA,HRE,1,1,0,0
TSN,KHN,1,1,0,0
URC,YIN,2,2,0,0
LYI,YIW,1,1,0,0
HTA,HLD,1,1,0,0
NKG,XIY,6,6,0,1
PVG,TAO,6,6,0,1
SHE,XIY,6,6,0,2
RUN,SMS,1,1,0,0
MAG,WWK,2,2,0,0
DEN,GEG,4,4,0,1
MSQ,VNO,1,1,0,0
KUT,MSQ,1,1,0,0
LPA,RAK,1,1,0,1
PJM,SJO,3,3,0,1
YTE,YFB,2,2,0,0
AMS,BKK,3,3,0,0
PVG,YNJ,2,2,0,0
NGO,TSN,2,2,0,1
KMG,TAO,3,3,0,0
MUC,SPC,1,1,0,0
MRD,CCS,2,2,0,0
SPN,NRT,1,1,0,0
BON,ATL,1,1,0,0
DTW,DEN,5,5,0,1
BAH,DXB,5,5,0,1
DXB,GIG,1,1,0,0
TRD,TLL,2,2,0,1
LFW,DLA,1,1,0,1
ADD,CAN,3,3,0,1
EDI,SXF,1,1,0,0
BCN,BFS,1,1,0,0
NAP,MXP,1,1,0,0
GVA,PRN,2,2,0,0
KAO,HEL,1,1,0,1
AMS,PMI,3,3,0,1
BCN,CTA,2,2,0,0
FLL,DEN,4,4,0,0
DFW,DEN,5,5,0,0
EBL,DUS,1,1,0,0
CGN,STN,1,1,0,0
TXL,SAW,1,1,0,0
NCE,CGN,1,1,0,0
XMN,XUZ,1,1,0,0
LPA,MUC,4,4,0,0
BCN,EDI,3,3,0,1
VIE,MAD,3,3,0,0
PNQ,CCU,1,1,0,0
BLR,NAG,1,1,0,0
AZD,MHD,3,3,0,0
KJA,OVB,2,2,0,0
PLS,BOS,2,2,0,0
BDL,SJU,1,1,0,0
MEL,OOL,3,3,0,1
YEG,YWG,3,3,0,2
DLA,NBO,1,1,0,0
TLV,ICN,1,1,0,0
BAQ,BOG,3,3,0,1
WAW,SVO,2,2,0,0
GHT,TIP,1,1,0,0
EWR,DUS,2,2,0,1
BEY,BSR,1,1,0,0
TZA,SPR,2,2,0,0
AAL,ALC,1,1,0,0
SPU,OSL,1,1,0,0
DJE,LIL,2,2,0,0
LBD,REN,2,2,0,0
TSN,XNN,1,1,0,0
OUD,ORY,2,2,0,0
FCO,CMN,2,2,0,0
BRS,NOC,1,1,0,0
STN,TLN,1,1,0,0
SCQ,SVQ,1,1,0,0
BIQ,NYO,1,1,0,0
KUN,HHN,1,1,0,0
LBV,JNB,1,1,0,0
EVE,OSL,2,2,0,0
BEG,MUC,2,2,0,1
OVB,PRG,1,1,0,0
ALS,FMN,3,3,0,2
BLQ,SAW,1,1,0,0
DOH,CTU,1,1,0,0
RUH,CDG,2,2,0,0
PHX,BUF,1,1,0,0
CMH,MCO,2,2,0,1
BDL,RSW,1,1,0,0
LHW,DNH,2,2,0,0
INC,CTU,3,3,0,1
BPX,CTU,2,2,0,1
SCO,MCX,1,1,0,0
TUN,OUA,1,1,0,0
LYS,MIR,3,3,0,0
TLL,IST,1,1,0,0
IST,KRT,1,1,0,0
SAW,KSY,1,1,0,1
SKG,AMS,1,1,0,0
RAI,DKR,2,2,0,0
RAI,MMO,1,1,0,0
KEJ,DME,2,2,0,0
SVX,HRG,1,1,0,0
NAP,TUN,1,1,0,0
BOS,IAH,1,1,0,0
IAH,DFW,3,3,0,1
ORD,LIT,3,3,0,2
DFW,SLP,2,2,0,1
MRV,TAS,2,2,0,0
MLH,BEG,1,1,0,0
CDG,PTP,1,1,0,0
WUS,HKG,1,1,0,0
KHH,PUS,1,1,0,0
CXB,DAC,3,3,0,0
JBR,STL,1,1,0,0
BRL,ORD,1,1,0,0
TBS,DXB,1,1,0,0
CKG,ACX,1,1,0,0
OLB,BRN,1,1,0,0
ABV,ILR,1,1,0,0
YWK,YBC,1,1,0,0
LHR,VIE,4,4,0,3
GRU,MIA,3,3,0,0
MCI,SEA,3,3,0,2
MCI,ORD,3,3,0,2
LAX,RDU,4,4,0,1
MIA,BDL,2,2,0,0
DFW,LIT,2,2,0,0
LGA,YUL,6,6,0,4
PDX,SFO,4,4,0,1
CLT,DTW,3,3,0,0
TXN,ICN,2,2,0,0
SMX,LAS,1,1,0,0
AMS,MAD,3,3,0,0
MAD,SDQ,1,1,0,0
TIA,ATH,2,2,0,0
VVO,YKS,2,2,0,0
LCY,FCO,2,2,0,1
NCE,NTE,2,2,0,0
CDG,GYD,2,2,0,1
CLE,ATL,6,6,0,5
ATL,SJO,2,2,0,1
MSY,ATL,9,9,0,6
FNC,ZRH,2,2,0,1
KTM,CCU,1,1,0,0
GAU,IXS,3,3,0,2
ABZ,MAN,2,2,0,0
SVG,GOT,1,1,0,0
PVR,GDL,1,1,0,1
KOJ,ITM,2,2,0,1
KTM,SHJ,1,1,0,0
BRU,YUL,4,4,0,2
AEP,IRJ,1,1,0,1
BOG,EZE,2,2,0,0
SEA,PSC,1,1,0,1
SUF,VIE,1,1,0,1
NAP,VIE,1,1,0,1
ANF,LIM,1,1,0,1
ABD,MHD,2,2,0,0
MHD,BND,2,2,0,0
BAH,IXE,1,1,0,0
KBV,KUL,2,2,0,0
PLM,KUL,1,1,0,0
BRS,AMS,3,3,0,2
TIA,GOA,2,2,0,1
SCL,CDG,2,2,0,1
CCS,LSP,2,2,0,0
YCU,TAO,2,2,0,1
INZ,TMR,1,1,0,0
JAV,JQA,1,1,0,0
CLY,NTE,2,2,0,0
ORY,LAI,1,1,0,0
KHV,NER,1,1,0,0
VKO,NER,1,1,0,0
GKA,LAE,1,1,0,0
MEM,HOU,2,2,0,1
SAN,RNO,2,2,0,1
CLT,BWI,4,4,0,1
DUS,LCY,1,1,0,0
LHR,BGO,2,2,0,1
ORV,OTZ,2,2,0,1
BRU,KBP,2,2,0,1
HYA,ACK,1,1,0,1
JFK,GEO,1,1,0,0
TPE,FSZ,1,1,0,0
PEK,LYG,1,1,0,0
SHA,CGO,3,3,0,0
DTW,PVG,3,3,0,2
SHE,KWL,1,1,0,0
GIG,SLZ,2,2,0,0
GYN,CNF,2,2,0,0
GRU,AJU,2,2,0,0
MGF,CWB,3,3,0,1
ZAG,ZAD,1,1,0,0
KZN,OSS,1,1,0,0
SLC,PSC,1,1,0,1
DTW,MDT,1,1,0,1
DTW,LAS,3,3,0,0
ISN,MSP,1,1,0,1
JFK,SAV,2,2,0,0
ADD,TLV,1,1,0,0
NCL,FAO,3,3,0,0
GLA,STN,1,1,0,0
FCO,TLV,4,4,0,0
BEG,GVA,3,3,0,0
EXT,RNS,2,2,0,1
SJJ,STR,1,1,0,0
DLM,MUC,2,2,0,0
FNC,BSL,1,1,0,0
LGG,RHO,1,1,0,0
CHQ,BRU,1,1,0,0
HND,ITM,2,2,0,0
EDI,VCE,1,1,0,0
PRG,LBA,1,1,0,0
BOS,SXM,1,1,0,0
BOS,HOU,2,2,0,0
AKL,CHC,2,2,0,0
NTL,BNE,3,3,0,2
MUC,MRS,1,1,0,1
MUC,RUH,1,1,0,0
LUX,ACE,1,1,0,0
SVG,AGP,1,1,0,0
PUY,OSL,1,1,0,0
YZT,ZEL,1,1,0,0
IAD,YTZ,1,1,0,0
BNE,DXB,2,2,0,1
RAK,CMN,1,1,0,0
BRE,ALC,1,1,0,0
BRS,WRO,1,1,0,0
BCN,ACE,3,3,0,1
SCQ,VLC,1,1,0,0
MRS,STN,1,1,0,0
SUF,PSA,1,1,0,0
BGY,STN,1,1,0,0
TSF,PMO,1,1,0,0
OPO,SXB,1,1,0,0
HDS,CPT,1,1,0,1
CPH,LBA,1,1,0,0
TRD,BGO,2,2,0,0
FRA,RUH,2,2,0,0
JED,MED,2,2,0,0
MED,ULH,1,1,0,0
LAX,JED,1,1,0,0
PHX,BWI,3,3,0,0
PIT,LAS,1,1,0,0
ATL,AUS,7,7,0,4
ZRH,SFO,2,2,0,1
TSN,KMG,3,3,0,1
TUN,MRA,3,3,0,0
EIN,INN,1,1,0,0
ZTH,AMS,1,1,0,0
IAH,BOS,1,1,0,0
COS,LAX,1,1,0,1
AER,SVX,2,2,0,0
TAS,MXP,1,1,0,0
TLV,ODS,1,1,0,0
PER,DCN,2,2,0,1
PVR,YEG,1,1,0,0
LTN,TSR,1,1,0,0
DRV,HAQ,1,1,0,0
CWB,CNF,1,1,0,0
CGB,SJP,1,1,0,0
KWL,KWE,2,2,0,0
DNK,TBS,1,1,0,1
YWK,YVB,1,1,0,0
YYR,YYT,2,2,0,1
YPM,YHP,1,1,0,0
LHR,JNB,6,6,0,1
LBA,LHR,3,3,0,2
ANU,JFK,2,2,0,0
PHX,BOS,3,3,0,0
LAX,OKC,4,4,0,4
DCA,HHH,2,2,0,1
XNA,LGA,2,2,0,1
GNM,SSA,1,1,0,0
LED,ALA,2,2,0,0
HEL,ZRH,2,2,0,0
BRI,LIN,2,2,0,1
HND,TOY,1,1,0,0
BUA,LNV,1,1,0,0
IKA,SHJ,1,1,0,0
YUL,IAD,2,2,0,2
SYD,RAR,1,1,0,0
UIO,LIM,3,3,0,0
AMS,BGO,2,2,0,1
TIA,VRN,5,5,0,1
LIN,AHO,1,1,0,0
MIG,KWE,1,1,0,0
PEK,LJG,4,4,0,1
KWL,NGB,4,4,0,1
HFE,KWE,2,2,0,1
PVG,CDG,3,3,0,0
HAK,NKG,5,5,0,0
SHE,CGO,3,3,0,0
ALA,URC,2,2,0,0
ORY,PGF,1,1,0,0
LSA,GUR,1,1,0,0
SIN,DAC,4,4,0,0
NAS,CRI,1,1,0,0
YQT,YAM,1,1,0,0
IAR,LED,1,1,0,0
MSQ,HAJ,1,1,0,0
MSQ,AUH,2,2,0,0
MSQ,KRR,1,1,0,0
LIS,BRU,8,8,0,2
KIV,FCO,2,2,0,0
KWL,HKG,3,3,0,0
SIN,PVG,3,3,0,0
PEK,HIA,1,1,0,0
CKG,ZAT,1,1,0,0
NAY,JUZ,2,2,0,1
DAT,PVG,1,1,0,0
BAV,SJW,3,3,0,1
LZO,HGH,1,1,0,0
YUS,XNN,2,2,0,0
ASB,URC,1,1,0,0
HKG,MXZ,1,1,0,0
CAN,MEL,1,1,0,0
WUH,TYN,2,2,0,0
HRB,KIJ,1,1,0,0
SHE,HKG,1,1,0,0
JUH,XMN,2,2,0,1
FRA,HAV,1,1,0,0
GRU,ATL,1,1,0,0
DTW,CMH,1,1,0,0
CAI,VIE,2,2,0,1
JFK,TLV,2,2,0,0
DXB,KHI,4,4,0,0
DXB,IAH,2,2,0,0
SXF,SEN,1,1,0,0
KRK,BSL,1,1,0,0
NCE,NAP,1,1,0,0
BSL,VCE,1,1,0,0
MXP,SUF,1,1,0,0
YUX,YFB,2,2,0,0
EXT,EDI,1,1,0,0
BRE,NBE,1,1,0,0
HAM,ARN,2,2,0,0
BRU,JMK,1,1,0,0
THR,AWZ,4,4,0,0
YIH,NGB,1,1,0,0
BKI,NRT,2,2,0,0
LED,TJU,2,2,0,0
BAH,BOM,2,2,0,0
DMM,DEL,3,3,0,0
MEL,ZQN,1,1,0,0
AMS,STR,1,1,0,1
DEL,AMS,1,1,0,0
BTH,BDO,1,1,0,0
DUS,MUC,2,2,0,0
GWT,MUC,2,2,0,1
LUX,CPH,2,2,0,0
SIN,BKI,4,4,0,2
BEG,TGD,2,2,0,0
KTM,BKK,2,2,0,0
DMK,PHS,2,2,0,0
YHY,YEG,1,1,0,0
SXF,OSL,1,1,0,0
LED,OSL,1,1,0,0
ESB,SAW,2,2,0,0
MSY,LGA,3,3,0,1
BOS,YTZ,1,1,0,0
HVB,BNE,1,1,0,1
MRS,CMN,1,1,0,0
DUB,RAK,1,1,0,0
LPA,BOH,1,1,0,0
TFS,EDI,3,3,0,0
BGY,LPP,1,1,0,0
TRS,TPS,1,1,0,0
PMI,MST,1,1,0,0
OSL,TOS,3,3,0,1
KBP,OVB,2,2,0,0
DAD,SIN,3,3,0,2
PUJ,LIM,1,1,0,1
HKG,OVB,1,1,0,1
IST,JED,2,2,0,0
IND,PHX,3,3,0,0
SMF,LAS,2,2,0,1
AYT,ZRH,3,3,0,1
MIG,CGO,2,2,0,1
CKG,SYD,1,1,0,0
INC,CKG,4,4,0,1
IAG,FLL,1,1,0,0
VVC,LMC,1,1,0,0
MIR,GVA,1,1,0,0
VKO,TAS,1,1,0,0
CNS,GUM,1,1,0,0
DEN,SGF,1,1,0,1
GOJ,LBD,1,1,0,0
DUB,PHL,2,2,0,0
SGN,VCS,1,1,0,1
MAN,BGI,1,1,0,0
ZLT,ZTB,1,1,0,0
YEG,PVR,1,1,0,0
TRF,RIX,1,1,0,0
BGY,PRG,1,1,0,0
SKP,FMM,1,1,0,0
JJN,SHA,3,3,0,1
HOD,CAI,1,1,0,0
CUL,SJD,1,1,0,0
ADL,PUG,1,1,0,0
VCP,AJU,1,1,0,0
REC,CNF,2,2,0,0
DXB,KRT,3,3,0,0
TJM,UFA,1,1,0,0
CTA,AOI,1,1,0,0
ALG,TLS,2,2,0,0
LHR,LIN,4,4,0,1
BZE,CLT,2,2,0,0
SXM,MIA,2,2,0,0
PHX,KOA,2,2,0,0
PHX,PIT,3,3,0,0
STL,LAX,5,5,0,2
PHL,DAY,2,2,0,0
MSO,AZA,1,1,0,0
AZA,PVU,1,1,0,0
BRU,HER,3,3,0,1
CPH,SKG,2,2,0,1
VIE,ATH,2,2,0,1
LED,MRV,1,1,0,0
SVX,LED,2,2,0,0
NKC,CKY,1,1,0,0
PVR,ATL,4,4,0,3
BHM,ATL,6,6,0,5
ELH,NAS,2,2,0,0
TXL,GDN,1,1,0,0
SHJ,TRV,3,3,0,0
IXS,GAU,3,3,0,2
MAN,ACE,7,7,0,1
MAN,VRN,2,2,0,0
YHZ,YQM,1,1,0,0
YXE,YVR,2,2,0,1
AKN,DLG,1,1,0,0
PIP,UGB,1,1,0,0
ANC,OME,1,1,0,0
FLA,BOG,2,2,0,0
JHB,BKI,1,1,0,0
OXB,DKR,2,2,0,0
TSN,URC,1,1,0,0
YIH,XIY,1,1,0,0
CTU,CIH,2,2,0,1
ALG,ALC,1,1,0,0
JJU,UAK,1,1,0,0
SVO,ALA,1,1,0,0
HKG,MRU,1,1,0,0
OLH,ADQ,1,1,0,0
KRR,RMI,1,1,0,0
HOU,CLT,2,2,0,1
AMA,DEN,3,3,0,2
BWI,MCO,2,2,0,0
KRR,DME,4,4,0,0
GUA,SAL,3,3,0,1
MIA,STT,3,3,0,1
SXF,MSQ,1,1,0,0
MSQ,SXF,1,1,0,0
BRU,CTA,2,2,0,1
JFK,KIN,3,3,0,0
KMG,SJW,4,4,0,1
CIH,NAY,2,2,0,1
ZUH,PVG,5,5,0,0
PEK,NAO,1,1,0,0
CAN,BHY,1,1,0,0
CSX,HRB,1,1,0,0
GIG,BEL,2,2,0,0
MAN,LAS,4,4,0,2
POS,PTY,2,2,0,0
AMS,ZAG,1,1,0,0
BCN,PMI,6,6,0,2
TVC,MSP,1,1,0,1
PBH,CCU,1,1,0,0
CAI,EBB,1,1,0,0
DXB,VIE,2,2,0,1
HKG,ADD,1,1,0,0
STN,NAP,1,1,0,0
MAD,MXP,3,3,0,0
ORY,NAP,2,2,0,0
MXP,BOD,1,1,0,0
OPO,GVA,3,3,0,0
GVA,BCN,2,2,0,0
YWG,YRT,3,3,0,1
VTE,LPQ,2,2,0,0
BHD,CWL,1,1,0,0
BCN,EAS,2,2,0,1
RDU,TTN,1,1,0,0
DUS,AOI,1,1,0,0
RIW,DEN,1,1,0,0
CAN,AEB,1,1,0,0
DLC,JMU,1,1,0,0
MAH,GRO,1,1,0,0
DKR,MAD,2,2,0,0
SIN,SRG,4,4,0,1
KHV,JMU,1,1,0,0
KOJ,PVG,2,2,0,1
MJV,LBA,2,2,0,0
SJU,SDQ,2,2,0,0
BZV,NBO,2,2,0,1
NLA,FBM,2,2,0,1
NBO,MPM,1,1,0,0
KWI,DEL,1,1,0,0
KWI,DOH,3,3,0,0
JOG,BDJ,1,1,0,0
FRA,EBL,1,1,0,0
CMB,CGK,2,2,0,1
LWY,MYY,1,1,0,1
SUF,ZRH,2,2,0,1
TRF,DBV,1,1,0,0
TNG,ORY,1,1,0,0
AMM,LCA,1,1,0,0
NUE,STN,1,1,0,0
BRE,BGY,1,1,0,0
HHN,DUB,1,1,0,0
HHN,KUN,1,1,0,0
MAN,GRO,1,1,0,0
RYG,WRO,1,1,0,0
BGY,KRK,1,1,0,0
ROV,KBP,2,2,0,0
PAS,ATH,2,2,0,0
DME,NMA,2,2,0,0
RUH,TUU,1,1,0,0
ULH,MED,1,1,0,0
SNA,SMF,1,1,0,0
LAS,DTW,3,3,0,0
ZRH,PUJ,1,1,0,1
KBP,ZRH,2,2,0,0
AYT,SZG,2,2,0,0
CAN,XMN,6,6,0,1
SDU,AJU,1,1,0,0
HDY,BKK,1,1,0,0
OVB,HRG,1,1,0,0
EQS,CRD,1,1,0,0
SFO,NRT,2,2,0,0
PBI,ELH,2,2,0,1
ALB,EWR,2,2,0,2
ROV,DYU,1,1,0,0
TAS,GOJ,1,1,0,0
LBD,GOJ,1,1,0,0
CLT,JAN,2,2,0,1
TAS,UGC,1,1,0,0
HAN,VCL,1,1,0,0
HAN,BMV,2,2,0,0
SGN,REP,2,2,0,0
KTW,NYO,1,1,0,0
MAD,TSR,1,1,0,0
LYS,HER,1,1,0,0
LGW,TNG,1,1,0,0
NAY,CZX,2,2,0,1
SAN,IPL,1,1,0,0
CNX,NNT,1,1,0,0
KJA,GYD,1,1,0,0
LDB,POA,1,1,0,0
SGC,UFA,1,1,0,0
DUS,RSW,2,2,0,1
LHR,DUS,3,3,0,1
LHR,CPH,3,3,0,1
CUN,JFK,5,5,0,0
GRU,JFK,5,5,0,0
DCA,PIT,2,2,0,2
SAV,DCA,2,2,0,2
DAY,DFW,2,2,0,0
SYR,ORD,3,3,0,2
PHL,GLA,2,2,0,0
BUF,ORD,3,3,0,1
GSO,DFW,2,2,0,1
GMP,KWJ,2,2,0,0
BEN,MRA,2,2,0,0
LAS,BOI,2,2,0,0
AUH,CDG,2,2,0,1
FNC,VIE,4,4,0,2
TGU,GUA,4,4,0,0
CDG,TLV,3,3,0,0
CME,MEX,2,2,0,0
CUN,RDU,2,2,0,1
FRA,YUL,2,2,0,1
DEN,YYC,2,2,0,1
ANC,ANI,3,3,0,0
RIY,SCT,2,2,0,0
IAS,VIE,2,2,0,2
SCL,LIM,6,6,0,4
BKI,CGK,1,1,0,0
GBE,JNB,2,2,0,1
HFE,CGO,1,1,0,0
URC,TCG,2,2,0,0
CIH,TYN,3,3,0,0
HLH,SHE,1,1,0,0
AQG,HAK,1,1,0,0
AXR,KKR,1,1,0,0
CNX,WUH,1,1,0,0
WNZ,SHE,2,2,0,0
KRL,HMI,2,2,0,1
KIV,SGC,1,1,0,0
WNA,PKA,1,1,0,0
MXP,CUN,1,1,0,0
FNC,LPA,2,2,0,1
AXA,SJU,2,2,0,0
MNL,ILO,3,3,0,0
CAN,CZX,3,3,0,1
CAN,XFN,1,1,0,0
DLC,NGO,1,1,0,0
CGH,SSA,3,3,0,0
SPU,LYS,1,1,0,0
LCA,HER,1,1,0,0
MBJ,IND,1,1,0,0
AUA,JFK,2,2,0,0
DTW,JAX,1,1,0,1
MSP,DAY,1,1,0,1
HBE,SSH,2,2,0,0
IST,DXB,3,3,0,1
LAX,DXB,2,2,0,0
BRS,GVA,1,1,0,0
YCB,YHK,1,1,0,0
SVQ,NTE,3,3,0,0
BWN,CGK,2,2,0,1
STR,IBZ,2,2,0,0
SAL,MGA,2,2,0,1
BAH,AMM,2,2,0,1
PEK,LED,2,2,0,0
IKA,KHI,1,1,0,0
MHD,XBJ,1,1,0,0
IKT,UKX,2,2,0,0
NGO,PUS,2,2,0,1
PNH,SIN,5,5,0,2
FLL,DCA,3,3,0,0
COR,LIM,1,1,0,1
PKY,SUB,1,1,0,0
FDH,FRA,1,1,0,1
LUX,BVC,1,1,0,0
PEK,KUL,2,2,0,0
SPR,BZE,2,2,0,0
CFC,JCB,1,1,0,0
VLC,VIE,2,2,0,1
VIE,KLX,2,2,0,0
ALC,ARN,2,2,0,0
KSD,ALC,1,1,0,0
AYT,KZN,1,1,0,0
DOH,CAI,2,2,0,0
MAN,CRL,1,1,0,0
BRS,BZR,1,1,0,0
EMA,CFU,1,1,0,0
PIK,FUE,1,1,0,0
PIK,ACE,1,1,0,0
LPA,ORK,1,1,0,0
MJV,DUB,1,1,0,0
CAG,FKB,1,1,0,0
LBA,CPH,1,1,0,0
ORD,ARN,1,1,0,0
NRT,VVO,2,2,0,1
AMS,JER,1,1,0,0
AMS,LPL,1,1,0,0
BWN,SIN,2,2,0,0
BGY,PMO,1,1,0,0
CIA,VLC,1,1,0,0
CAI,RUH,3,3,0,0
FLL,BUF,1,1,0,0
TPA,PVD,2,2,0,1
LAS,JAX,1,1,0,0
HUN,TNA,1,1,0,0
DTW,ACY,1,1,0,0
PUQ,BBA,1,1,0,0
EVN,RTW,1,1,0,0
POA,CWB,3,3,0,0
SJP,CGH,1,1,0,0
CSX,DMK,2,2,0,0
OTP,DUB,2,2,0,0
DUJ,CLE,1,1,0,1
SHD,IAD,1,1,0,1
ATQ,TAS,1,1,0,0
TLV,KBP,2,2,0,0
TRF,KTW,1,1,0,0
STN,MAH,1,1,0,0
DYU,AER,1,1,0,0
GDL,MEX,4,4,0,0
JNU,AGN,1,1,0,0
GYD,UFA,1,1,0,0
NSK,ABA,1,1,0,0
LJG,NNG,1,1,0,0
KWL,BHY,1,1,0,0
FYU,BTI,1,1,0,1
HFS,ARN,1,1,0,1
SXB,AJA,1,1,0,0
MHH,JAX,2,2,0,1
YSY,YEV,1,1,0,0
YGW,YGL,1,1,0,0
GRU,DFW,3,3,0,0
BOS,SEA,3,3,0,1
STL,SEA,2,2,0,1
IAD,LAX,4,4,0,0
HGH,ICN,2,2,0,0
AUS,LAS,2,2,0,0
RHO,SKG,2,2,0,1
LED,KRR,1,1,0,0
SVX,MRV,3,3,0,0
TLN,ORY,1,1,0,0
JFK,FRA,8,8,0,4
CTA,MUC,5,5,0,2
LBA,BCN,2,2,0,0
LIN,PMO,2,2,0,1
TKS,HND,2,2,0,0
MNL,HND,2,2,0,0
POM,SYD,2,2,0,1
BOG,YYZ,2,2,0,1
IAH,YYC,2,2,0,1
AEP,JUJ,1,1,0,0
EZE,ASU,3,3,0,0
YFO,YWG,1,1,0,0
YTH,YQD,1,1,0,0
LIM,GRU,4,4,0,3
LHW,JIC,1,1,0,0
PEK,WNZ,4,4,0,1
CTU,HAK,5,5,0,1
LXA,PEK,2,2,0,1
JIU,XMN,2,2,0,1
MIG,SZX,2,2,0,1
BNE,TWB,1,1,0,0
LHR,MRU,1,1,0,0
YKS,PYJ,2,2,0,0
VKO,PWE,1,1,0,0
BHM,DAL,2,2,0,1
ATH,YYZ,1,1,0,0
UIO,BOG,4,4,0,2
KCK,IKT,1,1,0,0
PMW,GYN,2,2,0,0
URC,TPE,2,2,0,0
AMS,FCO,4,4,0,0
SYD,SIN,9,9,0,4
NAY,CKG,2,2,0,1
CGO,KHH,2,2,0,1
BOG,CLO,3,3,0,1
ADZ,PEI,1,1,0,1
FRA,PRG,4,4,0,1
MEM,MSY,2,2,0,1
MSP,LAN,2,2,0,1
MSP,MSY,4,4,0,3
BZV,DLA,3,3,0,1
PNR,LBV,3,3,0,1
TIF,CAI,3,3,0,0
EDI,PRG,2,2,0,0
CDG,GLA,1,1,0,0
CDG,KRK,1,1,0,0
GVA,SVQ,1,1,0,0
KTM,KUL,3,3,0,0
TLS,GVA,2,2,0,0
UFA,NUX,2,2,0,0
CGN,MAN,1,1,0,0
BAH,FRA,1,1,0,0
FUE,BRU,1,1,0,0
MAD,XRY,1,1,0,1
BLQ,MAD,2,2,0,1
RJL,MAD,1,1,0,1
UVE,LIF,1,1,0,0
MAN,VIE,1,1,0,0
BNE,DRW,6,6,0,2
RCE,FBS,1,1,0,1
KUV,CJU,2,2,0,0
AMM,KWI,3,3,0,0
COK,KWI,1,1,0,0
FRA,FLR,1,1,0,1
ADD,FRA,2,2,0,1
OPO,FRA,2,2,0,1
ZRH,STR,2,2,0,1
ARN,GEV,2,1,1,0
YSM,YPY,1,1,0,0
TOS,ALC,1,1,0,0
GOT,AGP,2,2,0,0
KRN,ARN,2,2,0,0
AGP,RYG,2,2,0,0
ORY,CPH,1,1,0,0
TIF,RUH,2,2,0,0
KBL,ISB,2,2,0,0
LHE,SKZ,1,1,0,0
GVA,AYT,1,1,0,0
SAW,TIA,1,1,0,0
MNL,SYD,2,2,0,0
DPO,MEL,1,1,0,1
MRA,AMM,1,1,0,0
DUB,PMI,2,2,0,0
SNN,LGW,1,1,0,0
MRS,SVQ,1,1,0,0
AHO,STN,1,1,0,0
BGY,LPA,1,1,0,0
FMM,TPS,1,1,0,0
IST,OSL,2,2,0,0
CAI,SAH,2,2,0,0
ADL,CNS,1,1,0,0
CPH,IAD,1,1,0,0
RUH,EAM,1,1,0,0
MDW,CLE,2,2,0,0
SYX,YBP,1,1,0,0
BSB,CNF,4,4,0,0
BSL,DJE,1,1,0,0
ZRH,NBE,1,1,0,0
BEG,IST,1,1,0,0
SPC,AMS,1,1,0,0
IAS,LTN,1,1,0,0
CUN,IAD,1,1,0,0
SFO,RDD,1,1,0,1
DEN,MLI,1,1,0,1
CLT,IAD,3,3,0,2
BNE,APW,1,1,0,1
YYC,YHM,1,1,0,0
SVG,TRF,1,1,0,0
VDS,MEH,1,1,0,0
LTN,POZ,1,1,0,0
CLJ,BCN,1,1,0,0
DJJ,OKL,1,1,0,0
VSA,GDL,1,1,0,0
PLU,VDC,1,1,0,1
OVB,NUX,1,1,0,0
JNG,XIY,1,1,0,0
ATK,AIN,1,1,0,1
YYE,YXS,1,1,0,0
NYI,ACC,1,1,0,0
BJA,ORY,2,2,0,0
LAX,STL,4,4,0,1
DFW,PVR,2,2,0,0
DFW,SGF,2,2,0,2
ALO,ORD,2,2,0,1
ICN,HIJ,3,3,0,1
LAS,AZA,1,1,0,0
MAD,OVD,2,2,0,0
SKG,DUS,4,4,0,1
LYS,MXP,3,3,0,1
CDG,GVA,2,2,0,1
ORY,BIQ,1,1,0,0
ORY,SXB,1,1,0,0
CAN,HGH,12,12,0,4
ATL,CID,4,4,0,3
JFK,LHR,12,12,0,4
AKL,NOU,2,2,0,1
ALC,FRA,1,1,0,0
KIX,ISG,3,3,0,0
POM,LAE,2,2,0,0
BDL,YUL,2,2,0,2
JFK,SFO,7,7,0,1
MHD,RAS,3,3,0,0
MXP,RUH,2,2,0,1
CTU,AUH,3,3,0,1
RFP,MAU,1,1,0,0
RMT,PPT,1,1,0,0
WUH,HKG,4,4,0,0
XMN,CGK,3,3,0,0
HGH,DLC,10,10,0,1
TNA,KWE,2,2,0,1
CZX,SZX,4,4,0,1
DCY,CTU,4,4,0,1
ORN,LIL,2,2,0,0
IND,ATL,9,9,0,7
MKE,STL,2,2,0,1
MCO,PHX,4,4,0,1
MAN,YYC,1,1,0,0
KRR,OVB,2,2,0,0
TLV,LHR,2,2,0,0
SFO,LHR,10,10,0,6
BKK,TDX,1,1,0,0
MPP,PAC,1,1,0,0
BRU,CMN,3,3,0,1
BRU,LIS,8,8,0,2
PVG,OKA,3,3,0,1
PVG,DAX,1,1,0,0
XNN,CTU,5,5,0,1
DQA,TAO,2,2,0,0
CAN,KUL,3,3,0,0
CAN,JGS,1,1,0,0
CSX,HJJ,2,2,0,0
URC,ISB,1,1,0,0
CWB,LDB,4,4,0,1
EZE,POA,1,1,0,0
LIR,PTY,1,1,0,0
HEL,PRG,3,3,0,1
BOG,JFK,4,4,0,1
LGA,FLL,3,3,0,0
SYR,DTW,1,1,0,0
XNA,MSP,1,1,0,1
CAI,SSH,2,2,0,0
LUN,ADD,1,1,0,0
COK,AUH,4,4,0,0
LGW,IBZ,3,3,0,0
LGW,GVA,1,1,0,0
AMS,NCL,2,2,0,0
KRK,LGW,1,1,0,0
HEL,TKU,1,1,0,1
HNL,PPG,1,1,0,0
BOM,BDQ,3,3,0,0
RAS,BND,1,1,0,0
LEQ,ISC,1,1,0,0
TLV,ETH,2,2,0,0
PBI,EWR,2,2,0,0
BAV,PVG,1,1,0,0
LEX,ATL,4,4,0,2
ICN,HKT,4,4,0,0
SCL,SYD,2,2,0,1
PPW,KOI,1,1,0,0
LIS,HAM,2,2,0,1
GRU,MUC,2,2,0,1
YHY,YSM,1,1,0,0
HEL,CPH,3,3,0,0
BCN,CPH,4,4,0,1
AYT,BGO,1,1,0,0
ATH,ARN,2,2,0,0
LOS,AMM,1,1,0,0
BRE,TMP,1,1,0,0
BRS,LIG,1,1,0,0
STN,DNR,1,1,0,0
DUB,RDZ,1,1,0,0
RYG,BVA,1,1,0,0
KRK,LPL,2,2,0,0
LPA,DUB,2,2,0,0
BGY,BTS,1,1,0,0
NRN,LPP,1,1,0,0
AER,DME,4,4,0,0
SXR,ATQ,1,1,0,0
CDG,TUN,3,3,0,0
PVG,REP,3,3,0,0
SAH,RUH,2,2,0,0
HOU,BNA,1,1,0,0
BWI,PBI,1,1,0,0
OKC,STL,2,2,0,1
ZRH,ORD,2,2,0,1
SYX,KWL,1,1,0,0
GXH,XIY,1,1,0,0
CTU,HRB,2,2,0,1
CGQ,WUH,3,3,0,1
UYN,CTU,2,2,0,1
MYR,FLL,1,1,0,0
LOP,SIN,3,3,0,2
OCC,LTX,1,1,0,0
VKO,PFO,1,1,0,0
GGT,FLL,2,2,0,1
IAD,GUA,1,1,0,0
IAD,SAT,1,1,0,1
ORD,BOS,5,5,0,0
HDN,DEN,1,1,0,1
BFD,JHW,1,1,0,1
ODS,LCA,1,1,0,0
HAN,PNH,2,2,0,0
CUN,HMO,1,1,0,0
OSL,FDE,1,1,0,0
MEH,BVG,1,1,0,0
TSF,CLJ,1,1,0,0
FOC,SIN,2,2,0,1
DXB,CGK,2,2,0,0
TAI,CAI,1,1,0,0
NYM,SVX,1,1,0,0
HAQ,TRV,1,1,0,0
FOR,THE,3,3,0,0
SJU,PLS,1,1,0,0
VNO,VKO,1,1,0,0
SHP,TAO,1,1,0,0
AXA,SXM,2,2,0,0
BRW,NUI,1,1,0,1
YKL,YQB,1,1,0,0
YZV,YGV,2,2,0,0
ACC,TML,3,3,0,0
FRA,DFW,9,9,0,5
LHR,EDI,5,5,0,3
PRG,LHR,2,2,0,1
SJU,CLT,2,2,0,0
PHX,ORD,3,3,0,0
LAX,MAD,4,4,0,2
SLC,PHX,4,4,0,0
SAN,MCO,2,2,0,1
PHL,STT,2,2,0,0
GSO,DCA,2,2,0,2
ABQ,ORD,3,3,0,2
DOH,IAD,2,2,0,0
TAO,PUS,5,5,0,3
SFB,TUL,1,1,0,0
SFB,BIS,1,1,0,0
SFB,HGR,1,1,0,0
FAR,LAS,1,1,0,0
SVO,FCO,2,2,0,0
STR,ATL,3,3,0,2
AMS,BSL,3,3,0,2
MEX,ATL,8,8,0,5
ATL,AGS,3,3,0,2
JFK,CDG,11,11,0,5
DUS,MAH,1,1,0,0
TRV,RUH,1,1,0,0
VCE,CPH,4,4,0,1
DEL,RPR,3,3,0,2
TPE,OKJ,2,2,0,2
OKA,KIX,4,4,0,0
YHZ,YQX,1,1,0,1
YYC,PDX,2,2,0,2
YYZ,CVG,3,3,0,3
CDG,RIX,2,2,0,1
RIX,MSQ,2,2,0,0
NSN,WLG,1,1,0,1
PBO,PER,3,3,0,1
EZE,LIM,3,3,0,0
BOS,ISP,2,2,0,0
SEA,YLW,1,1,0,1
TPA,ATL,8,8,0,5
ORU,SRZ,2,2,0,0
HET,TGO,3,3,0,0
LZO,XIY,1,1,0,0
UAP,AUQ,1,1,0,0
KMG,DAX,2,2,0,1
BKK,PEK,3,3,0,0
MIG,PEK,2,2,0,1
BHD,LGW,1,1,0,0
APW,HNL,1,1,0,0
RTA,NAN,1,1,0,1
PER,MRU,1,1,0,0
PIT,MCO,3,3,0,1
IND,DEN,4,4,0,2
DME,LHR,1,1,0,0
YQK,YAG,1,1,0,0
ROV,EGO,1,1,0,0
STT,SJU,5,5,0,1
HKG,FRA,2,2,0,0
HKG,SYX,3,3,0,0
AMS,BCN,5,5,0,1
CJU,NGB,1,1,0,0
SHA,TAO,6,6,0,1
PVG,KWE,5,5,0,1
PEK,SWA,3,3,0,1
URC,PEK,4,4,0,1
HAK,PEK,5,5,0,1
ZUH,HAK,3,3,0,0
YIW,CAN,1,1,0,0
MAN,ZTH,3,3,0,0
BGA,PTY,1,1,0,0
BGA,BOG,3,3,0,1
ARN,PRG,4,4,0,0
MEM,CVG,1,1,0,1
FLL,LGA,3,3,0,0
CDC,SLC,1,1,0,1
GSP,LGA,1,1,0,1
AZO,ATL,2,2,0,1
IMT,MSP,1,1,0,1
MFM,TPE,3,3,0,0
DXB,DAC,3,3,0,0
BUD,FRA,3,3,0,2
PVG,ADD,1,1,0,0
BRU,BSL,3,3,0,1
MAN,RAK,3,3,0,0
LGW,OTP,1,1,0,0
NCL,BFS,1,1,0,0
EDI,STN,1,1,0,0
JER,HUY,1,1,0,0
BIO,ORY,2,2,0,1
DEN,FSD,2,2,0,1
SUF,HAJ,1,1,0,0
BAH,TRV,1,1,0,0
PEK,KJA,3,3,0,0
KBP,BCN,2,2,0,1
GOI,DEL,3,3,0,0
ESB,IKA,2,2,0,0
IKA,BOM,1,1,0,0
BOM,DAC,1,1,0,0
EMA,PRG,1,1,0,0
SFO,AUS,3,3,0,0
AMS,PTY,2,2,0,1
CWB,GIG,3,3,0,1
MUC,VRN,2,2,0,1
AMS,ZRH,3,3,0,1
KCH,SBW,2,2,0,0
TRK,TWU,1,1,0,1
KUD,BKI,1,1,0,1
CUK,BZE,2,2,0,0
SPU,HEL,1,1,0,0
FCO,GOT,1,1,0,0
FOR,JDO,1,1,0,0
SSA,MCZ,2,2,0,0
ZTH,ATH,2,2,0,0
FRA,MCT,1,1,0,0
ADL,CBR,2,2,0,1
DOH,DMM,1,1,0,0
DOH,CAN,1,1,0,0
AIT,AIU,1,1,0,0
AGP,EDI,2,2,0,0
BUD,BLL,1,1,0,0
NRN,BLQ,1,1,0,0
CIY,CIA,1,1,0,0
CPH,LED,1,1,0,0
MUC,DBV,2,2,0,1
NCL,SOU,1,1,0,0
MLA,BLL,1,1,0,0
DMM,ISB,3,3,0,0
JED,SHW,1,1,0,0
JED,EJH,1,1,0,0
SJU,FLL,4,4,0,1
PHX,RNO,3,3,0,0
PVD,RSW,1,1,0,0
BSL,PRG,1,1,0,1
FLL,LBE,1,1,0,0
MCX,SCO,1,1,0,0
NCL,FUE,1,1,0,0
CGK,BKK,3,3,0,0
DMK,KBV,2,2,0,0
ANU,EWR,1,1,0,0
DEN,ICT,1,1,0,0
UIH,SGN,2,2,0,0
PBC,TIJ,1,1,0,0
KTW,EIN,1,1,0,0
BVA,CLJ,1,1,0,0
DOH,ADE,1,1,0,0
PMV,VLN,2,2,0,0
SLY,TQL,1,1,0,0
TAM,CUN,1,1,0,0
CMG,CGR,1,1,0,0
JIQ,SHA,1,1,0,0
TMI,KTM,1,1,0,0
AMS,BRN,1,1,0,0
FMO,ZRH,1,1,0,0
CUR,CLT,1,1,0,0
BNX,BEG,1,1,0,0
LYS,ALG,2,2,0,0
SLP,DFW,2,2,0,2
PHX,YVR,2,2,0,0
DFW,RSW,3,3,0,1
AUS,DFW,2,2,0,0
GMP,CJU,6,6,0,0
KWL,PUS,1,1,0,0
TAO,ICN,6,6,0,0
ICN,TOY,2,2,0,1
BLI,OAK,1,1,0,0
LEX,FLL,1,1,0,0
AMS,LED,2,2,0,1
SVO,HEL,2,2,0,0
URC,CAN,3,3,0,1
NCE,FCO,3,3,0,1
CDG,KBP,2,2,0,0
BES,SOU,2,2,0,1
BLQ,LYS,2,2,0,1
MAD,GVA,4,4,0,1
HYD,CCU,3,3,0,0
AGR,HJR,1,1,0,0
MAA,IXM,4,4,0,2
MAN,NBE,4,4,0,0
MEX,JAL,2,2,0,0
MTY,BJX,2,2,0,1
MKE,ATL,7,7,0,5
DPS,HND,2,2,0,0
SHJ,CJB,1,1,0,0
YYZ,CUN,3,3,0,0
EWR,YYZ,2,2,0,1
FTE,USH,2,2,0,1
ATL,GSO,6,6,0,4
SJO,MEX,3,3,0,0
PCR,BOG,2,2,0,1
VRN,CDG,2,2,0,1
TAO,HFE,4,4,0,1
HAK,KWL,3,3,0,0
BOB,PPT,1,1,0,0
MFM,CTU,2,2,0,0
PEK,BKK,3,3,0,0
CGO,XNN,5,5,0,2
SHA,YNT,4,4,0,1
ALG,IST,2,2,0,0
FTU,TLE,1,1,0,0
AUA,MCO,1,1,0,0
PVD,SAN,1,1,0,1
MDW,SEA,2,2,0,1
YUL,LIS,1,1,0,0
ARN,LCY,1,1,0,1
VOZ,KRR,1,1,0,0
MSQ,BUD,1,1,0,0
BRU,AGP,4,4,0,1
BRU,TLS,2,2,0,0
SJO,FON,3,3,0,1
CAC,GRU,1,1,0,0
SSA,BRA,3,3,0,0
NAY,NGB,2,2,0,1
CAN,HKT,1,1,0,0
XIY,URC,9,9,0,1
HRB,CJU,1,1,0,0
MAN,IBZ,4,4,0,0
XRY,FRA,2,2,0,0
REC,PTY,1,1,0,0
ALB,MSP,1,1,0,1
RUH,SSH,3,3,0,0
PVG,DXB,1,1,0,0
KWE,FOC,3,3,0,1
MXP,CMN,2,2,0,0
ATH,LGW,1,1,0,0
MEA,CAW,1,1,0,0
ARN,BCN,4,4,0,1
TPA,DEN,3,3,0,0
HAM,SAW,1,1,0,0
BUD,STR,1,1,0,0
ENY,PEK,1,1,0,0
WEF,PEK,1,1,0,0
MAD,MJV,1,1,0,1
VLC,AGP,1,1,0,1
KEF,BRU,1,1,0,0
TYN,LJG,1,1,0,0
LED,KQT,1,1,0,0
MAN,FNC,2,2,0,0
PBI,HPN,1,1,0,0
JUH,SHA,1,1,0,0
BTH,PLM,2,2,0,0
STR,ZRH,2,2,0,1
GOT,ARN,4,4,0,2
ARN,MUC,3,3,0,1
TSN,CJU,2,2,0,0
MEL,LAX,4,4,0,2
NDR,AMS,2,2,0,0
ORK,STN,1,1,0,0
KIR,ALC,1,1,0,0
TFS,BVA,1,1,0,0
ALC,SNN,1,1,0,0
BCN,CRL,1,1,0,0
SUF,BGY,1,1,0,0
PMO,BLQ,1,1,0,0
BGY,BRE,1,1,0,0
YYZ,PDL,2,2,0,1
RNB,ARN,1,1,0,0
FLL,MDW,1,1,0,0
TUS,DEN,2,2,0,1
MDW,BKG,1,1,0,0
JIQ,CTU,1,1,0,0
NNG,TPE,2,2,0,0
LSC,SCL,2,2,0,1
HIR,NAN,2,2,0,0
ESM,UIO,1,1,0,0
BPS,GRU,2,2,0,0
DLM,BFS,1,1,0,0
HKT,CNX,2,2,0,0
CNX,KBV,1,1,0,0
EWR,IAH,1,1,0,0
IAH,NRT,2,2,0,1
IAD,ORF,1,1,0,1
IAD,PVD,1,1,0,1
IAD,ROA,1,1,0,1
DEN,BHM,1,1,0,1
KUF,DYU,1,1,0,0
LBD,AER,2,2,0,0
DCA,YUL,3,3,0,3
KSQ,TAS,1,1,0,0
TGZ,TIJ,1,1,0,0
BUD,BRI,1,1,0,0
CKG,FOC,3,3,0,1
SAH,ADD,1,1,0,0
CUZ,PEM,2,2,0,1
NAY,LYI,2,2,0,1
SVO,ODS,2,2,0,0
CKG,KRL,1,1,0,0
IAA,KJA,1,1,0,0
CIZ,MAO,1,1,0,0
GOU,NSI,1,1,0,0
GUA,MIA,4,4,0,1
AUA,PHL,2,2,0,0
MIA,CZM,2,2,0,0
MIA,CLO,5,5,0,2
ORD,CLT,3,3,0,0
LAS,YYC,4,4,0,1
KIX,GMP,5,5,0,1
BEN,IST,3,3,0,0
LAS,ICT,2,2,0,0
PIA,PGD,1,1,0,0
ATH,LED,1,1,0,0
TAS,LED,2,2,0,0
CDG,ROB,2,2,0,1
VIE,LYS,2,2,0,2
ATL,DEN,11,11,0,7
ATL,CRW,4,4,0,2
BNE,NOU,2,2,0,0
SYB,KPR,1,1,0,0
TLV,GYD,1,1,0,0
STR,AYT,4,4,0,0
FUE,NUE,1,1,0,0
FCO,TXL,3,3,0,1
BEG,DUS,2,2,0,0
CCU,SIN,4,4,0,1
MLA,EXT,1,1,0,0
SVG,EVE,1,1,0,0
ZIH,LAX,2,2,0,1
HOG,YUL,3,3,0,0
DME,RIX,2,2,0,0
KTN,WRG,1,1,0,0
GTF,HLN,1,1,0,1
LJU,VIE,2,2,0,1
YSK,YWG,1,1,0,0
SAL,TGU,1,1,0,0
AUA,BOG,2,2,0,1
LAX,GUA,4,4,0,1
SZX,BKI,2,2,0,0
FCO,AGP,3,3,0,1
FLR,AMS,2,2,0,0
SWA,ZHA,1,1,0,0
JMU,SHE,1,1,0,0
PPT,MAU,1,1,0,0
PEK,CPH,2,2,0,1
PEK,SHE,4,4,0,2
ZUH,CTU,2,2,0,1
ALG,ELU,1,1,0,0
DBV,DUB,1,1,0,0
SFJ,JSU,1,1,0,0
MRU,ZSE,3,3,0,1
BOD,NCE,2,2,0,0
PWE,VKO,1,1,0,0
MFE,SLP,1,1,0,0
DEN,TPA,4,4,0,1
DEN,ONT,3,3,0,2
BWI,BUF,2,2,0,1
GOT,AAR,1,1,0,1
MXP,BRU,4,4,0,2
FUE,TFN,1,1,0,0
DPL,MNL,2,2,0,0
XIY,KHN,4,4,0,1
NAY,SHA,2,2,0,1
PEK,SHA,7,7,0,1
TYN,CGQ,1,1,0,0
CAN,KWL,1,1,0,0
CAN,WNZ,6,6,0,1
CGO,UYN,1,1,0,0
XMN,HAK,3,3,0,0
HGH,SYX,8,8,0,1
PVG,DDG,1,1,0,0
TXN,CAN,1,1,0,0
YNZ,WUH,1,1,0,0
YNJ,CGQ,1,1,0,0
JPA,BSB,3,3,0,0
SSA,VIX,2,2,0,0
HER,LEJ,2,2,0,0
BIA,LGG,2,2,0,0
SPU,OSI,1,1,0,0
VLC,PRG,2,2,0,0
YUL,DTW,4,4,0,1
PUJ,CVG,1,1,0,0
HMO,LAX,2,2,0,1
LAS,MSP,3,3,0,0
SYY,ABZ,1,1,0,0
SEN,KRK,1,1,0,0
HEL,KAO,1,1,0,1
BHX,MXP,1,1,0,0
CWL,ALC,3,3,0,1
ALC,CPH,3,3,0,1
BCN,DKR,2,2,0,0
ORY,RBA,3,3,0,1
FLR,BRI,2,2,0,0
SUF,DUS,1,1,0,0
SAH,BAH,2,2,0,1
PEK,ENY,1,1,0,0
BVC,SID,4,4,0,0
JOG,SIN,5,5,0,1
FDH,HAM,1,1,0,0
BAH,MHD,2,2,0,0
ORH,FLL,1,1,0,0
AKL,SIN,3,3,0,0
WSX,DHB,1,1,0,1
WDH,LUN,2,2,0,0
JED,RUH,5,5,0,0
FMO,MUC,1,1,0,1
LUX,BIA,1,1,0,0
MAJ,INU,1,1,0,0
ARN,VNO,2,2,0,0
DMM,JED,2,2,0,0
ADL,OLP,1,1,0,1
LAX,BNE,4,4,0,2
MOV,BNE,2,2,0,1
MED,DOH,1,1,0,0
HHN,PSA,1,1,0,0
BRS,GRO,1,1,0,0
ALC,WMI,1,1,0,0
GRO,LBA,1,1,0,0
AGP,CRL,1,1,0,0
PIS,STN,1,1,0,0
MLA,BOH,1,1,0,0
WMI,SKG,1,1,0,0
BGO,ABZ,2,2,0,1
PLM,PGK,1,1,0,0
JED,CMN,3,3,0,0
MCI,LAX,3,3,0,2
SRZ,LPB,1,1,0,0
ZRH,BUD,1,1,0,0
BEG,ZRH,2,2,0,0
SJW,YNT,2,2,0,1
SHA,JNG,2,2,0,1
IST,JFK,2,2,0,1
HRG,SVX,1,1,0,0
NAS,EWR,1,1,0,0
SFO,ORD,5,5,0,1
MIA,EWR,3,3,0,0
IAD,STL,1,1,0,1
SVX,LCA,1,1,0,0
MIA,SEA,2,2,0,0
MIA,TUL,2,2,0,0
STL,ORD,3,3,0,1
DIN,HAN,1,1,0,0
MTY,PVR,2,2,0,0
LTN,CLJ,1,1,0,0
TGM,LTN,1,1,0,0
NAY,JUH,2,2,0,1
HRO,MCI,1,1,0,0
URJ,HMA,1,1,0,0
MVR,NSI,1,1,0,0
CGP,KUL,1,1,0,0
LOS,KAN,1,1,0,0
WNN,KIF,1,1,0,0
YYZ,PHL,4,4,0,3
LHR,MIA,7,7,0,2
MCI,PHX,3,3,0,0
GGG,DFW,2,2,0,1
MIA,STX,2,2,0,0
DFW,CID,2,2,0,2
LGA,CMH,3,3,0,2
SJT,DFW,2,2,0,1
CLT,DUB,2,2,0,0
FWA,PIE,1,1,0,0
TLV,ATH,2,2,0,0
KDH,DXB,1,1,0,0
SLC,ATL,6,6,0,5
NOU,VLI,2,2,0,0
DUS,CLY,1,1,0,0
CTA,VIE,3,3,0,1
HIJ,CTS,2,2,0,1
SHJ,CAI,2,2,0,0
YYC,PVR,2,2,0,0
YYZ,CPH,3,3,0,2
MUC,YYZ,2,2,0,1
TGK,DME,1,1,0,0
AEP,MDQ,2,2,0,0
ANC,STG,2,2,0,1
HAJ,VIE,3,3,0,1
JER,STN,1,1,0,0
CTG,BOG,3,3,0,1
THR,SYZ,3,3,0,0
TRF,AMS,2,2,0,2
HET,RLK,1,1,0,0
RVV,PPT,1,1,0,0
YYZ,PVG,2,2,0,1
WUH,TAO,6,6,0,1
ALG,FCO,2,2,0,0
PMI,ALG,1,1,0,0
UMD,IKE,1,1,0,0
THL,KET,1,1,0,0
KWK,BET,2,2,0,1
HOU,MSY,2,2,0,1
CAI,LHR,2,2,0,0
DME,GRV,1,1,0,0
MSQ,PRG,2,2,0,1
CGM,CEB,1,1,0,0
RAO,GIG,1,1,0,0
FRA,AMS,4,4,0,3
TAO,HRB,6,6,0,1
PVG,HAK,5,5,0,0
LYG,CAN,1,1,0,0
CZS,RBR,1,1,0,0
PVH,BSB,2,2,0,0
HER,LCA,1,1,0,0
ORF,MSP,1,1,0,1
DTW,ITH,1,1,0,1
LGA,MKE,2,2,0,0
IAD,DTW,2,2,0,1
BUF,MSP,1,1,0,1
MSP,GTF,1,1,0,1
MCO,RIC,3,3,0,1
GSO,LGA,3,3,0,2
ADD,CAI,2,2,0,0
ADD,BJR,1,1,0,0
LIS,AGP,3,3,0,3
GLA,BRS,1,1,0,0
KRK,CDG,1,1,0,0
BCN,SEN,1,1,0,0
USM,PEN,2,2,0,1
OSL,BCN,4,4,0,1
LPA,BIO,3,3,0,1
ALC,FCO,2,2,0,0
CGK,TNJ,3,3,0,0
ZRH,CGN,2,2,0,0
SZX,YIH,3,3,0,1
CIH,XMN,1,1,0,0
ALC,LPA,1,1,0,1
GRX,MAD,1,1,0,1
RZR,MHD,1,1,0,0
LJG,SZX,1,1,0,0
BJV,NCL,1,1,0,0
GSM,DXB,2,2,0,0
APO,EOH,3,3,0,2
CJA,LIM,2,2,0,1
LUV,AMQ,2,2,0,1
JFK,MUC,2,2,0,1
KUD,SDK,1,1,0,1
OSL,JFK,1,1,0,1
ATZ,JED,1,1,0,0
DRW,KNX,2,2,0,1
CMN,VIL,1,1,0,0
EMA,RIX,1,1,0,0
STN,CHQ,1,1,0,0
PFO,ATH,1,1,0,0
GRO,FKB,1,1,0,0
MRS,AGA,1,1,0,0
MRS,ZAD,1,1,0,0
BVA,CIA,1,1,0,0
PSA,SUF,1,1,0,0
BAX,DME,2,2,0,0
SIN,DME,2,2,0,1
JED,MNL,1,1,0,0
STL,EWR,2,2,0,1
STL,HOU,1,1,0,0
STL,ECP,1,1,0,0
BNA,BOS,1,1,0,0
KWE,XUZ,2,2,0,0
KOW,CTU,1,1,0,0
SGN,BKK,4,4,0,0
IST,VKO,2,2,0,0
MZR,IST,1,1,0,0
BGW,AYT,1,1,0,0
ADF,IST,1,1,0,0
IAH,CLE,1,1,0,0
CIC,SFO,1,1,0,1
MDE,JFK,2,2,0,0
DAD,DLI,1,1,0,0
PBC,CUN,1,1,0,0
YEG,YLW,1,1,0,0
YYC,YQU,2,2,0,1
EVE,ANX,1,1,0,0
LTN,LJU,1,1,0,0
LTN,CRA,1,1,0,0
CTA,OTP,1,1,0,0
TGO,HGH,1,1,0,0
BWT,LST,1,1,0,0
CNX,HGN,1,1,0,0
AOJ,NKM,1,1,0,0
CNF,BEL,1,1,0,0
OME,WAA,1,1,0,1
CTM,MEX,1,1,0,0
MEX,CME,2,2,0,0
PMI,BRN,1,1,0,0
BZE,DGA,2,2,0,0
FNA,LOS,1,1,0,0
YUL,YMT,1,1,0,0
YVO,YKQ,1,1,0,0
GUA,SAP,4,4,0,0
BZE,FRS,2,2,0,0
ZPB,MSA,1,1,0,0
YVB,ZBF,1,1,0,0
TLM,ORY,2,2,0,0
YYZ,LGA,6,6,0,3
FRA,LHR,4,4,0,2
DCA,BDL,2,2,0,1
ORD,BMI,2,2,0,2
CLT,GRU,2,2,0,0
GAL,KAL,2,2,0,1
FUE,MAD,3,3,0,1
OTP,ATH,3,3,0,0
AYT,SVO,2,2,0,0
SVO,MLE,1,1,0,0
EVN,AER,2,2,0,0
BES,CDG,2,2,0,1
SYR,ATL,4,4,0,2
TXL,KGS,1,1,0,0
PAD,IBZ,1,1,0,0
DTM,PMI,3,3,0,0
GDN,TXL,1,1,0,0
AMD,KWI,1,1,0,0
AKL,SYD,10,10,0,4
AMS,LIN,3,3,0,1
YHZ,YDF,1,1,0,1
AEP,CTC,1,1,0,1
ANC,KSM,2,2,0,1
ORD,VIE,2,2,0,2
MAD,BOG,2,2,0,0
MCT,COK,3,3,0,0
COK,CCJ,2,2,0,0
PNH,KUL,2,2,0,0
FCO,JED,2,2,0,1
FCO,RIX,2,2,0,1
SHE,MDG,1,1,0,0
PEK,KOW,3,3,0,1
CAN,ADD,3,3,0,1
TAO,JNZ,2,2,0,1
SHE,WUH,3,3,0,1
ALG,ORY,2,2,0,0
LIL,BIQ,1,1,0,0
POM,GKA,2,2,0,0
SAT,MDW,2,2,0,1
SAN,SAT,2,2,0,1
BWI,IND,2,2,0,1
FAO,LGW,5,5,0,0
NAS,IGA,1,1,0,0
MCO,POS,1,1,0,0
SIN,MNL,5,5,0,0
CRK,MFM,1,1,0,0
CSX,LZH,1,1,0,0
XIY,SHA,5,5,0,0
SHA,WNZ,3,3,0,1
PVG,JNZ,2,2,0,1
HSN,PVG,1,1,0,0
HFE,KMG,4,4,0,0
URC,HET,1,1,0,0
DUS,LUX,2,2,0,1
BEL,GIG,2,2,0,0
CNF,VIX,2,2,0,0
NAT,SSA,1,1,0,0
HLA,CPT,3,3,0,0
DUS,XRY,2,2,0,0
PTY,BSB,1,1,0,0
MVD,PTY,1,1,0,0
RHO,PRG,2,2,0,0
PRG,TLV,4,4,0,0
PUJ,DTW,1,1,0,0
ROC,LGA,1,1,0,0
DTW,MSP,1,1,0,0
DTW,BMI,1,1,0,1
JFK,PIT,3,3,0,1
MSP,YQR,1,1,0,1
REP,HKG,1,1,0,0
BKK,IXB,1,1,0,0
DXB,MCT,4,4,0,1
DXB,DME,1,1,0,0
ZYI,CTU,1,1,0,0
LOS,ABJ,4,4,0,1
DIR,JIB,1,1,0,0
TLV,ADD,1,1,0,0
PER,CGK,2,2,0,1
SXF,CPH,2,2,0,0
BFS,LTN,1,1,0,0
EDI,KEF,1,1,0,0
BGO,LGW,2,2,0,0
OLB,MXP,1,1,0,0
BCN,LEJ,2,2,0,1
OTP,BCN,5,5,0,2
DTM,SAW,2,2,0,0
DEL,NAG,3,3,0,0
KWL,HAK,3,3,0,0
MAH,HAJ,1,1,0,0
BSL,FNC,1,1,0,0
BCN,ALC,2,2,0,1
MAD,GRX,1,1,0,1
KEF,YEG,1,1,0,0
AMD,BLR,1,1,0,0
IKA,BEY,1,1,0,0
GAJ,ITM,1,1,0,1
KWI,AUH,4,4,0,0
FAO,BLK,1,1,0,0
NSI,NBO,1,1,0,0
SOY,NDY,1,1,0,0
CMB,IXM,3,3,0,1
TWU,SDK,1,1,0,1
KUL,SDK,2,2,0,0
BZE,CUK,2,2,0,0
AUA,VLN,2,2,0,0
JUB,KRT,2,2,0,0
JED,SLL,1,1,0,0
KHI,MCT,3,3,0,0
KHI,MED,1,1,0,0
MWZ,BKZ,1,1,0,0
SGN,SYD,2,2,0,1
ADE,AMM,2,2,0,0
SXF,STN,1,1,0,0
EDI,FUE,1,1,0,0
GSE,BGY,1,1,0,0
OPO,LPL,1,1,0,0
VNO,CIA,1,1,0,0
OPO,FNC,3,3,0,1
DAR,JNB,1,1,0,0
DME,KEJ,2,2,0,0
HOR,CVU,1,1,0,0
DRW,SIN,4,4,0,2
MJV,BFS,1,1,0,0
TIP,AKF,1,1,0,0
HEL,ALC,1,1,0,0
JOL,ZAM,1,1,0,0
BOS,MCI,1,1,0,0
MAF,LAS,1,1,0,0
PBI,BWI,1,1,0,0
ZHA,CKG,1,1,0,0
RVE,BOG,1,1,0,0
ALA,DZN,1,1,0,0
AGT,GRU,2,2,0,1
ORY,LIS,5,5,0,1
GLA,LPA,3,3,0,0
MLX,ESB,1,1,0,1
VKO,MAD,1,1,0,0
PEK,LAD,1,1,0,0
IAD,MAN,1,1,0,0
DEN,YMM,2,2,0,2
BWI,SFO,1,1,0,0
DCA,VPS,2,2,0,1
DFW,MLI,2,2,0,2
ZCL,TIJ,1,1,0,0
OTP,ZAZ,1,1,0,0
JUB,NBO,2,2,0,0
OLC,TFF,1,1,0,0
IRZ,TFF,1,1,0,0
SGC,TJM,1,1,0,0
HOM,ANC,2,2,0,1
MCN,MCO,1,1,0,0
HYG,KTN,1,1,0,0
LLA,GEV,1,1,0,0
MBJ,ORD,3,3,0,0
PHX,PSP,2,2,0,2
SFO,CLT,2,2,0,0
DCA,BGR,2,2,0,2
DFW,YEG,2,2,0,0
PHL,BWI,2,2,0,0
BHM,DFW,2,2,0,0
BDL,MIA,2,2,0,0
ORD,RNO,2,2,0,0
CLT,DCA,2,2,0,0
CLT,BDL,2,2,0,0
TFS,LED,1,1,0,0
CKY,CDG,1,1,0,0
MUC,ACE,2,2,0,0
MUC,IBZ,2,2,0,0
TXL,BEG,2,2,0,0
PAD,PMI,2,2,0,0
BHX,DEL,1,1,0,0
MLA,BHX,2,2,0,0
MEX,TRC,3,3,0,0
NRT,PVG,5,5,0,0
SZX,FOC,4,4,0,1
SJO,YYZ,1,1,0,0
SEA,YYZ,1,1,0,0
UUA,NJC,2,2,0,0
PSP,PDX,1,1,0,0
VVI,LPB,3,3,0,0
GOA,CDG,2,2,0,1
FCO,MUC,2,2,0,0
LYA,BHY,1,1,0,0
NNG,CTU,3,3,0,0
XIL,PEK,2,2,0,1
ORN,ORY,2,2,0,0
ALA,KUL,1,1,0,0
MRU,TNR,2,2,0,0
MRS,SXB,1,1,0,0
MAM,MEX,2,2,0,1
KVG,RAB,2,2,0,0
FLL,MSY,2,2,0,1
LYS,YUL,1,1,0,0
LCY,ABZ,1,1,0,1
ABZ,LCY,1,1,0,1
EBB,KSE,1,1,0,0
HRG,BSL,1,1,0,0
SOF,PMI,1,1,0,0
VAR,SOF,1,1,0,0
POS,KIN,1,1,0,0
TPE,NGO,3,3,0,0
GYN,CGB,3,3,0,0
SHA,SWA,4,4,0,0
LXA,DIG,1,1,0,0
NAY,XMN,2,2,0,1
CAN,JIU,1,1,0,0
XUZ,INC,1,1,0,0
YNZ,HRB,2,2,0,1
BSB,PVH,2,2,0,0
ORY,DKR,1,1,0,0
LCA,ZRH,3,3,0,1
LIM,ATL,1,1,0,0
SLC,GJT,1,1,0,1
DTW,MIA,3,3,0,0
DTW,XNA,1,1,0,1
ATL,RTB,1,1,0,0
LGA,SAV,1,1,0,0
IAD,MSP,2,2,0,2
HEL,ARN,5,5,0,1
ADD,EBB,2,2,0,1
BFS,LPL,1,1,0,0
PSA,LGW,2,2,0,0
LIS,LYS,2,2,0,1
BEG,MXP,3,3,0,1
KUA,SIN,2,2,0,1
BHD,MAN,1,1,0,0
EXT,PMI,3,3,0,0
BCN,DME,3,3,0,1
BDJ,CGK,4,4,0,0
TBS,VKO,1,1,0,0
WEF,NGB,1,1,0,0
NZH,IKT,1,1,0,0
CFU,HAJ,1,1,0,0
DBV,BRU,1,1,0,0
HGH,SIN,1,1,0,0
BLK,PMI,1,1,0,0
PSA,NCL,1,1,0,0
FAO,EDI,2,2,0,0
SLC,JFK,2,2,0,0
ICN,AUH,3,3,0,1
IQQ,VVI,1,1,0,0
ZVK,VTE,1,1,0,0
FRA,ACC,1,1,0,1
ORZ,SPR,1,1,0,0
ARN,VHM,2,2,0,1
RUH,LHE,3,3,0,0
SYD,KTA,1,1,0,0
CDG,DOH,1,1,0,0
SAN,JFK,6,6,0,2
ISU,DOH,1,1,0,0
ORK,LPL,1,1,0,0
KRK,SNN,1,1,0,0
RAK,BVA,1,1,0,0
CAG,MAD,1,1,0,0
CIA,SKG,1,1,0,0
MLA,BGY,1,1,0,0
IKT,BKK,1,1,0,0
PLW,BPN,2,2,0,0
HOU,BKG,1,1,0,0
SAN,MDW,1,1,0,0
ZRH,SPU,2,2,0,1
ZRH,DXB,3,3,0,1
SAL,FLL,1,1,0,0
TLS,LIS,1,1,0,1
TUN,MUC,1,1,0,0
BKK,HDY,1,1,0,0
LWO,IST,1,1,0,0
ISE,IST,1,1,0,0
VLC,EIN,1,1,0,0
ACY,ORD,2,2,0,1
CHS,IAD,1,1,0,1
NMA,GOJ,1,1,0,0
DFW,BNA,2,2,0,0
DME,TMJ,1,1,0,0
BGO,FRO,1,1,0,0
EIN,OTP,1,1,0,0
DSA,WAW,1,1,0,0
AGA,ORY,2,2,0,0
RAK,BHX,1,1,0,0
KJA,UUD,1,1,0,0
OLB,NTE,1,1,0,0
FLL,MHH,3,3,0,1
MSA,XBE,1,1,0,0
NRT,HNL,7,7,0,1
DFW,BWI,3,3,0,0
MKE,ORD,3,3,0,3
ORD,RSW,4,4,0,0
CAK,CLT,2,2,0,0
ICN,NKG,2,2,0,0
LAS,MRY,1,1,0,0
ELM,SFB,1,1,0,0
RFD,AZA,1,1,0,0
LED,GYD,3,3,0,1
LED,SCW,2,2,0,0
NCE,AMS,3,3,0,1
DTW,LHR,4,4,0,1
ACE,DUS,2,2,0,0
NAP,MUC,3,3,0,1
ZRH,ACE,2,2,0,1
AYT,CGN,5,5,0,0
DEL,MUC,2,2,0,1
BHX,FAO,3,3,0,0
LTN,AGP,3,3,0,0
PRG,VCE,2,2,0,1
CTS,HKD,1,1,0,1
HKG,POM,1,1,0,0
YMM,YVR,1,1,0,1
FTE,EZE,1,1,0,0
YLW,SEA,1,1,0,1
VIE,FRA,5,5,0,3
ABD,THR,3,3,0,0
FCO,TBS,1,1,0,0
OPO,MXP,2,2,0,2
SZX,XMN,4,4,0,1
PVG,INC,5,5,0,1
TNA,CKG,5,5,0,1
HLH,PEK,2,2,0,1
ORK,BRS,1,1,0,1
SUV,ICI,1,1,0,1
YKS,MJZ,2,2,0,0
MDW,MSY,2,2,0,1
BWI,SAN,2,2,0,1
LGW,YVR,1,1,0,0
OLB,LGW,3,3,0,1
YSB,YTS,1,1,0,0
ELI,OME,2,2,0,1
FLR,BRU,1,1,0,0
KHH,HKG,3,3,0,0
JHG,LJG,5,5,0,1
KWE,XIY,8,8,0,1
NAY,CAN,2,2,0,1
NAY,ZHA,2,2,0,1
HET,TYN,2,2,0,0
CSX,YNT,1,1,0,0
CGO,BAV,2,2,0,0
WUH,JJN,3,3,0,1
XMN,JUH,2,2,0,1
PVG,NDG,1,1,0,0
DAT,TYN,3,3,0,1
VCP,CWB,2,2,0,0
LDB,CGH,2,2,0,0
STR,DLM,2,2,0,0
SPU,BEG,1,1,0,0
SLC,CPR,1,1,0,1
IND,JFK,3,3,0,2
KAN,CAI,1,1,0,0
JED,CAI,3,3,0,0
AUH,AMD,2,2,0,0
IKA,AUH,1,1,0,0
BSL,BDS,1,1,0,0
MXP,BDS,1,1,0,0
DUS,MAN,2,2,0,1
STN,DND,1,1,0,0
ZRH,BCN,3,3,0,1
CGK,PKU,6,6,0,0
JOG,CGK,5,5,0,0
ISU,MUC,1,1,0,0
CGN,ALG,1,1,0,0
BOM,BAH,2,2,0,0
ABJ,BKO,2,2,0,0
OST,LGG,1,1,0,0
SXM,SJU,3,3,0,0
PBI,SJU,1,1,0,0
XFN,PVG,1,1,0,0
NVA,BOG,2,2,0,1
SVD,BGI,1,1,0,0
BDO,PKU,2,2,0,0
LUX,DBV,1,1,0,0
MAN,JED,2,2,0,0
IST,GZT,3,3,0,0
BZV,COO,3,3,0,0
RYK,LHE,1,1,0,0
NRA,SYD,1,1,0,0
HHN,ZAD,1,1,0,0
LPL,EGC,1,1,0,0
STN,AAR,1,1,0,0
STN,RHO,2,2,0,0
AGA,CRL,1,1,0,0
CAG,KRK,1,1,0,0
JNB,CAI,2,2,0,1
GZP,OSL,1,1,0,0
KBP,ROV,2,2,0,0
SIN,PNH,4,4,0,1
SIN,PEK,2,2,0,0
IEV,UDJ,1,1,0,0
RDU,MDW,2,2,0,1
DEN,BDL,1,1,0,0
CKG,CNX,1,1,0,0
ZHY,PEK,1,1,0,0
RBV,HIR,1,1,0,0
MAB,OIA,1,1,0,0
MAB,RDC,1,1,0,0
AKX,SCO,1,1,0,0
EIN,RTM,1,1,0,0
BON,IAH,1,1,0,0
DCA,CMH,2,2,0,2
CLT,MCO,4,4,0,1
REP,SGN,2,2,0,0
ACA,TIJ,1,1,0,0
SIN,MUC,4,4,0,2
BGO,HAU,1,1,0,0
TLV,VNO,1,1,0,0
HET,YIE,1,1,0,0
HER,ORY,1,1,0,0
NAY,ENY,2,2,0,1
MAO,CNF,1,1,0,0
PLS,SDQ,1,1,0,0
YXS,YXT,1,1,0,0
GEV,LLA,1,1,0,0
SDL,LLA,1,1,0,0
DCA,SAN,2,2,0,0
STL,PHX,3,3,0,0
PHL,ERI,2,2,0,1
CLT,FCO,2,2,0,0
CLT,GSO,2,2,0,0
TAO,CTU,6,6,0,2
ICN,HNL,4,4,0,1
TIP,IST,3,3,0,0
MOT,LAS,1,1,0,0
VVO,PKC,2,2,0,0
BRE,CDG,2,2,0,1
NCE,TLV,2,2,0,0
CDG,NCE,2,2,0,0
NTE,SOU,2,2,0,1
VLI,NOU,2,2,0,0
DRS,PMI,1,1,0,0
CGN,MAH,1,1,0,0
FRA,BOM,2,2,0,1
PAT,DEL,5,5,0,1
DEL,ORD,1,1,0,0
MLA,CWL,1,1,0,0
MLA,ATH,1,1,0,0
LAX,HMO,2,2,0,1
JFK,CUN,5,5,0,0
CTS,NGO,4,4,0,1
SHJ,KHI,2,2,0,0
SHJ,BLR,1,1,0,0
HKK,CHC,1,1,0,1
COR,JUJ,1,1,0,1
MCG,ANI,2,2,0,0
AHB,SAH,1,1,0,0
SAL,EWR,2,2,0,0
KCH,KUL,4,4,0,1
JHB,MYY,1,1,0,0
FCO,VRN,1,1,0,0
TPE,DEL,2,2,0,1
DEL,FCO,2,2,0,1
VLN,BLA,2,2,0,0
TSN,YNT,2,2,0,0
SYX,TSN,2,2,0,0
XMH,RGI,1,1,0,0
SZX,CZX,4,4,0,1
HME,ALG,1,1,0,0
AGP,SNN,2,2,0,0
SFJ,UAK,1,1,0,0
TSE,SVO,1,1,0,0
TNR,NOS,1,1,0,0
ADQ,AKK,1,1,0,0
MDW,RSW,2,2,0,0
FCO,YUL,1,1,0,0
LHR,JMK,1,1,0,0
JNB,LVI,2,2,0,1
MCO,NAS,2,2,0,0
VIE,MSQ,2,2,0,2
BIA,BRU,1,1,0,0
BGI,ANU,2,2,0,0
TPE,HNL,2,2,0,0
CAN,YIW,1,1,0,0
PVG,CSX,2,2,0,0
SYX,HGH,8,8,0,1
PTY,HAV,2,2,0,0
CUR,PTY,1,1,0,0
YYZ,CMW,1,1,0,0
PRG,ARN,5,5,0,0
EBJ,BLL,1,1,0,0
MCI,MSP,3,3,0,1
MSN,ATL,3,3,0,2
SLC,IDA,1,1,0,1
SLC,COD,1,1,0,1
SAT,JFK,1,1,0,0
DEN,DTW,5,5,0,1
MSP,LAS,3,3,0,0
DXB,SIN,5,5,0,3
ACC,LFW,1,1,0,1
LLW,LUN,5,5,0,2
AUH,CCJ,3,3,0,0
GDN,LUZ,1,1,0,0
CDG,BIA,1,1,0,0
LIS,BOD,2,2,0,1
LIL,BCN,2,2,0,0
LPA,VLC,2,2,0,1
BCN,LPA,3,3,0,1
MAD,DKR,2,2,0,0
IFN,TBZ,1,1,0,0
RZR,THR,1,1,0,0
IKT,HRB,2,2,0,0
CAN,KIX,2,2,0,1
RSW,EWR,2,2,0,0
SLU,ANU,1,1,0,0
TOB,TIP,1,1,0,0
CGK,BDJ,4,4,0,0
FRA,STR,1,1,0,0
MUC,TSR,1,1,0,1
MUC,SFO,2,2,0,1
KBP,MUC,2,2,0,0
AOI,MUC,1,1,0,1
DJE,NBE,1,1,0,0
FCO,CMB,3,3,0,1
MCT,LKO,1,1,0,0
DMM,KHI,2,2,0,0
MNL,CYP,1,1,0,0
CMN,TUN,2,2,0,0
CMN,TTU,1,1,0,0
DEL,AMM,1,1,0,0
CRL,AOI,1,1,0,0
LPL,PSA,1,1,0,0
LTN,FUE,2,2,0,0
RYG,PUY,1,1,0,0
OUD,MRS,1,1,0,0
MRS,CTA,1,1,0,0
CHQ,PFO,1,1,0,0
BGY,EIN,1,1,0,0
CIA,BDS,1,1,0,0
ATH,STN,1,1,0,0
TJM,DME,2,2,0,0
TER,FLW,1,1,0,0
SFO,MKE,2,2,0,1
DCA,STL,3,3,0,2
OKC,LAS,2,2,0,1
LAS,FLL,2,2,0,0
CSX,SHE,1,1,0,0
SHA,KWL,2,2,0,1
LGA,DFW,4,4,0,0
HEL,LIS,2,2,0,1
MZH,IST,1,1,0,0
IST,SZG,1,1,0,0
ROP,SPN,1,1,0,1
LAX,PTY,2,2,0,1
TPA,IAH,1,1,0,0
CLT,EWR,3,3,0,1
CEK,NMA,1,1,0,0
SKD,SVX,1,1,0,0
MIA,MAO,3,3,0,0
MHT,DCA,2,2,0,0
TAS,NCU,1,1,0,0
GDL,SJD,3,3,0,0
VDS,ALF,1,1,0,0
BUD,AGP,1,1,0,0
BUD,DWC,1,1,0,0
SKP,MMX,1,1,0,0
RMQ,CSX,1,1,0,0
PNK,KTG,1,1,0,0
CAI,TIF,3,3,0,0
NJF,DXB,1,1,0,0
HIA,HRB,1,1,0,0
DNK,BUS,1,1,0,1
FIH,KND,1,1,0,0
SKG,CFU,1,1,0,0
NKI,EDA,1,1,0,0
EDA,KTN,1,1,0,0
YEG,YOJ,1,1,0,0
LHR,BOM,5,5,0,1
LGK,KUL,4,4,0,0
SAT,PHL,2,2,0,0
PHL,YYZ,4,4,0,3
PHL,SDQ,2,2,0,0
CLT,LEX,2,2,0,0
MCO,JFK,4,4,0,1
MFR,LAX,3,3,0,2
TUL,SFB,1,1,0,0
AKP,FAI,2,2,0,0
MEX,MAD,4,4,0,1
BUD,ATH,1,1,0,0
DRS,SVO,1,1,0,0
KHV,PKC,2,2,0,0
IKT,KHV,1,1,0,0
AMS,DOH,3,3,0,2
PHF,ATL,3,3,0,3
MUC,TFS,4,4,0,0
MUC,KGS,3,3,0,0
PMI,MAH,2,2,0,1
SJC,GDL,4,4,0,2
CTU,PEK,6,6,0,1
CTU,PVG,7,7,0,1
KIJ,ITM,2,2,0,1
YVR,OGG,2,2,0,0
YWG,YXE,2,2,0,1
YYZ,BCN,2,2,0,1
LWS,BOI,1,1,0,1
GRU,CBB,1,1,0,0
DKR,OUA,1,1,0,0
GRZ,DUS,2,2,0,2
KLU,HAM,2,2,0,1
CUC,MDE,1,1,0,0
IAS,BLQ,2,2,0,0
TDD,SRZ,2,2,0,0
NGB,MFM,2,2,0,0
JDZ,XIY,2,2,0,0
ALG,FRA,2,2,0,0
BWI,PWM,2,2,0,1
BRU,NCE,2,2,0,0
CMN,BRU,3,3,0,1
LGP,CEB,1,1,0,0
CKG,TYN,3,3,0,0
BFJ,NAY,2,2,0,1
CAN,NNG,3,3,0,1
CAN,NBO,2,2,0,0
CSX,SHA,5,5,0,0
LUX,DUS,2,2,0,1
HLA,DUR,1,1,0,0
PTY,PAP,2,2,0,1
CVG,RDU,1,1,0,0
SLC,TUL,1,1,0,1
IND,MSP,1,1,0,0
DTW,BNA,2,2,0,0
ADL,DXB,2,2,0,1
PEK,ADD,2,2,0,0
BRS,PRG,1,1,0,0
BOD,LIS,2,2,0,1
BIA,TLS,2,2,0,0
MXP,LGW,1,1,0,0
NAP,EDI,1,1,0,0
HEL,KOK,2,2,0,1
JHB,SZB,3,3,0,1
ARN,EBL,3,3,0,1
CGN,HAM,1,1,0,0
BIO,STR,1,1,0,0
HAK,WUH,3,3,0,0
WEF,SHE,1,1,0,0
SID,FRA,1,1,0,0
LEI,MLN,1,1,0,1
BCN,BRI,2,2,0,1
GEA,UVE,1,1,0,0
KER,ZAH,1,1,0,0
DLM,BLK,1,1,0,0
SJU,STI,2,2,0,0
JFK,CTG,1,1,0,0
SMF,LGB,1,1,0,0
MEL,HNL,2,2,0,1
DAR,ZNZ,4,4,0,2
NBO,LHR,3,3,0,1
SCL,UIO,1,1,0,0
TRU,LIM,1,1,0,1
TSR,MUC,1,1,0,1
MUR,LBP,1,1,0,1
CZH,ORZ,1,1,0,0
ASF,DME,2,2,0,0
IST,ECN,3,3,0,0
LHE,MAN,1,1,0,0
GFF,NRA,1,1,0,0
CRL,SDR,1,1,0,0
HHN,BRI,1,1,0,0
KTW,DUB,1,1,0,0
TFS,FMM,1,1,0,0
CIA,BRI,1,1,0,0
PSA,GRO,1,1,0,0
TRD,BOO,2,2,0,0
MCI,LGA,1,1,0,1
NRN,BRI,1,1,0,0
MCI,HOU,1,1,0,0
BUF,FLL,2,2,0,1
SHA,XIY,5,5,0,0
SJD,SAN,2,2,0,0
PDL,BOS,2,2,0,1
LIS,POA,1,1,0,0
EIN,BLQ,1,1,0,0
SID,RAI,1,1,0,0
OTP,IAS,2,2,0,1
SFO,LMT,1,1,0,1
CLE,CHS,1,1,0,1
EWR,LAX,2,2,0,0
IAH,JAN,1,1,0,1
IAD,CVG,1,1,0,1
ROV,BUD,1,1,0,0
TAS,NVI,1,1,0,0
VKO,LHR,2,2,0,1
MCY,MEL,3,3,0,1
PER,KTA,2,2,0,1
OTP,EIN,1,1,0,0
SPD,RJH,1,1,0,0
LGW,MLA,4,4,0,0
ORY,AYT,1,1,0,0
FAO,GLA,3,3,0,0
GDL,TGZ,2,2,0,0
DXB,SAH,3,3,0,0
LCE,UII,1,1,0,0
LHR,EBB,2,2,0,1
EWR,LHR,8,8,0,4
EWR,SEA,3,3,0,1
DCA,PNS,2,2,0,1
ELP,PHX,3,3,0,2
PNS,DCA,2,2,0,1
GRR,ORD,3,3,0,2
JFK,AUH,2,2,0,1
RNO,PHX,3,3,0,0
GTF,AZA,1,1,0,0
BCN,SVO,2,2,0,0
SVO,MAD,2,2,0,1
PKC,VVO,2,2,0,0
AER,KRR,2,2,0,0
LBD,ROV,1,1,0,0
AMS,TLS,2,2,0,2
SVQ,TLS,2,2,0,1
CDG,COO,1,1,0,0
NRT,CDG,3,3,0,0
LAX,MSP,6,6,0,3
SCO,GYD,2,2,0,0
FMO,AYT,1,1,0,0
CTA,FRA,2,2,0,1
IXU,BOM,3,3,0,1
DEL,CCU,6,6,0,2
TGU,PEU,1,1,0,0
TRN,PMO,3,3,0,1
PTY,CUN,2,2,0,1
SFO,BJX,1,1,0,0
FUK,TPE,5,5,0,2
SDJ,CTS,6,6,0,1
YYG,YYZ,2,2,0,1
DEN,YYZ,2,2,0,1
RIX,TLL,1,1,0,0
WLG,WSZ,1,1,0,1
NLG,CDB,1,1,0,0
ASU,AEP,1,1,0,0
LAX,CMH,4,4,0,1
SEA,SJC,3,3,0,1
DTW,SAN,2,2,0,1
BOM,COK,7,7,0,1
LHR,FCO,3,3,0,1
BGO,AMS,2,2,0,1
FCO,CCS,1,1,0,0
CMB,FCO,3,3,0,1
POI,LPB,2,2,0,0
PEK,SYD,1,1,0,0
SZX,KWE,5,5,0,0
TAO,YCU,2,2,0,1
SJW,TAO,4,4,0,1
YCU,PEK,2,2,0,1
ACE,ORK,2,2,0,0
JFR,GOH,1,1,0,0
IST,GUW,1,1,0,0
BET,EEK,2,2,0,1
JAN,HOU,2,2,0,1
DEN,BWI,3,3,0,1
YUL,LGW,1,1,0,0
CTA,FCO,6,6,0,0
MSQ,WAW,2,2,0,0
MSQ,LED,3,3,0,2
AXD,JSH,1,1,0,0
BFQ,JQE,1,1,0,0
YFB,YOW,2,2,0,0
MSS,ALB,1,1,0,0
AMS,HKG,2,2,0,0
SIN,CEB,4,4,0,1
CEB,ICN,7,7,0,0
NNG,SIN,1,1,0,0
WUH,LZH,1,1,0,0
PVG,DYG,3,3,0,0
ICN,WUH,3,3,0,1
SYX,LZH,1,1,0,0
CAN,CNX,1,1,0,0
WUH,YNZ,1,1,0,0
CGH,MGF,1,1,0,0
CNF,PTY,1,1,0,0
PHC,ABV,4,4,0,2
IXB,BKK,1,1,0,0
TPE,SEA,2,2,0,0
KWI,DXB,4,4,0,0
SZX,LZH,1,1,0,0
SXF,AMS,1,1,0,0
BRS,NCL,1,1,0,0
NCL,AGP,3,3,0,0
LPA,LGW,5,5,0,0
FAO,NCL,3,3,0,0
TXL,GOT,3,3,0,1
JER,EMA,1,1,0,0
SOQ,MKW,2,2,0,0
DBV,HAJ,1,1,0,0
GVA,HAM,1,1,0,0
SAW,HAM,1,1,0,0
KLU,TXL,2,2,0,1
YVR,YXT,3,3,0,1
BCN,TRN,3,3,0,1
LFM,KWI,1,1,0,0
ZBR,MCT,1,1,0,0
ISC,NQY,1,1,0,0
MKY,BNE,3,3,0,1
BLL,AMS,2,2,0,1
CPH,WAW,3,3,0,1
VNO,WAW,1,1,0,0
NBX,AMQ,1,1,0,1
MUC,ZAD,2,2,0,1
HKG,ULN,2,2,0,0
ERM,JCB,1,1,0,0
UET,MUX,1,1,0,0
ADB,BRU,1,1,0,0
PHE,BNE,1,1,0,0
DWC,DOH,2,2,0,0
HHN,TMP,1,1,0,0
BOH,IBZ,1,1,0,0
SNN,STN,1,1,0,0
LEI,NRN,1,1,0,0
VLC,SDR,1,1,0,0
MRS,OPO,1,1,0,0
DNR,STN,1,1,0,0
NTE,DUB,1,1,0,0
AHO,DTM,1,1,0,0
BGY,EMA,1,1,0,0
DME,VIE,5,5,0,3
AMS,HAM,3,3,0,1
SAW,ARN,1,1,0,0
JAN,MCO,2,2,0,1
DEN,RNO,2,2,0,0
BWI,BHM,1,1,0,0
BOS,FLL,2,2,0,0
GEO,PBM,1,1,0,0
LIS,ACC,1,1,0,0
GIG,OPO,1,1,0,0
CCS,LIS,1,1,0,0
EMA,PFO,3,3,0,0
YYZ,VKO,1,1,0,0
DEL,ASB,1,1,0,0
IAH,LOS,1,1,0,0
IAH,MUC,1,1,0,0
IAH,ELP,1,1,0,1
GRR,DFW,2,2,0,2
RNO,DFW,2,2,0,0
FRA,HAN,2,2,0,1
OSY,MJF,1,1,0,0
LPL,GDN,1,1,0,0
WAW,MMX,1,1,0,0
SLY,NYM,1,1,0,0
MLE,KDM,1,1,0,0
REC,NAT,1,1,0,0
TVS,DLC,1,1,0,0
BET,MLL,2,2,0,1
TYF,TLL,1,1,0,1
KLW,KTN,2,2,0,0
ORN,LYS,2,2,0,0
MHH,MIA,2,2,0,1
SYD,PER,5,5,0,2
LAX,DUS,2,2,0,1
ORD,CUN,3,3,0,0
BWI,MIA,2,2,0,0
LAS,IDA,1,1,0,0
CID,PGD,1,1,0,0
PIA,PIE,1,1,0,0
ORY,MPL,1,1,0,0
FSM,ATL,3,3,0,3
ORF,ATL,7,7,0,5
ATL,CUN,9,9,0,7
NBO,LVI,3,3,0,2
ADQ,KOZ,2,2,0,0
HAM,LHR,4,4,0,2
DUS,RHO,4,4,0,0
TXL,FCO,3,3,0,1
ALC,STR,1,1,0,0
VIE,TXL,5,5,0,2
ADD,BOM,2,2,0,1
TFS,MAN,7,7,0,0
CCU,BLR,5,5,0,2
AMS,MLA,2,2,0,0
SHA,MFM,4,4,0,1
BOS,ATL,7,7,0,4
TPE,KMQ,2,2,0,1
KMQ,CTS,2,2,0,1
POM,CEB,1,1,0,0
SLL,SHJ,1,1,0,0
YKA,YYC,2,2,0,1
YUL,PTP,1,1,0,0
ORD,YWG,2,2,0,2
BNE,CNJ,3,3,0,2
SFO,DFW,5,5,0,1
RDU,ATL,9,9,0,7
COO,LFW,3,3,0,1
OUA,LFW,2,2,0,1
RIY,ADE,2,2,0,1
MAD,MDE,1,1,0,0
BOG,GUA,1,1,0,0
PSR,LIN,1,1,0,0
AUH,CGK,3,3,0,0
CKG,KWE,5,5,0,1
KHI,CTU,1,1,0,0
CAN,XIY,5,5,0,1
BOD,ALG,1,1,0,0
ORK,MUC,1,1,0,0
MAD,DUB,3,3,0,1
BOD,LIL,2,2,0,0
BWI,DAY,2,2,0,1
MCO,CLT,4,4,0,1
YUL,BOD,1,1,0,0
AGP,LCY,2,2,0,2
CMB,MLE,10,10,0,3
NCE,BRU,2,2,0,0
PAG,CEB,1,1,0,0
SIN,CAN,3,3,0,0
FOC,HRB,2,2,0,1
HRB,HGH,3,3,0,1
TNA,DLC,6,6,0,1
FRA,YHZ,1,1,0,0
FRA,DJE,2,2,0,0
IBZ,DUS,3,3,0,0
PEI,PTY,1,1,0,1
HAV,ORY,1,1,0,0
DTW,TVC,1,1,0,0
MSP,TPA,1,1,0,0
MSP,GRR,1,1,0,0
CAI,ATH,2,2,0,0
CTU,JHG,2,2,0,0
ABV,LFW,1,1,0,1
BJR,ADD,1,1,0,0
SEN,VCE,1,1,0,0
NCL,NCE,1,1,0,0
BHX,INV,1,1,0,0
INV,AMS,1,1,0,0
BCN,VGO,2,2,0,1
PHX,SOW,3,3,0,2
SUB,BDO,3,3,0,0
SUB,BDJ,3,3,0,0
VKO,OVS,1,1,0,0
LPA,SVQ,4,4,0,1
MAD,LCY,2,2,0,2
MAD,VIE,3,3,0,0
MAD,GIG,1,1,0,0
LRR,SYZ,1,1,0,0
HTA,KHV,1,1,0,0
MCT,TRV,3,3,0,0
JFK,RSW,1,1,0,0
MWZ,NBO,2,2,0,1
EZE,GYE,1,1,0,1
MRA,SFA,2,2,0,0
DPS,BTH,1,1,0,0
GIZ,MED,1,1,0,0
SAW,DIY,2,2,0,1
GOI,DOH,1,1,0,0
CRL,PSA,1,1,0,0
RYG,WMI,1,1,0,0
GDN,BHX,1,1,0,0
DNR,EMA,1,1,0,0
BLQ,SUF,1,1,0,0
LLW,JNB,1,1,0,0
DME,VRN,1,1,0,0
GRZ,STR,2,2,0,2
UPG,LOP,1,1,0,0
CMB,MCT,3,3,0,1
MAA,DMM,1,1,0,0
ATD,HIR,1,1,0,0
GZO,MUA,1,1,0,0
GVA,TUN,1,1,0,0
ARN,BKK,3,3,0,1
ESB,VAN,1,1,0,1
BGG,IST,1,1,0,0
PMI,DSA,2,2,0,0
VKO,SCO,1,1,0,0
PRG,FNC,1,1,0,0
SVO,OTP,2,2,0,0
GUA,IAH,1,1,0,0
BQN,EWR,1,1,0,0
DEN,BUR,2,2,0,1
TUL,EWR,1,1,0,1
DME,KVD,1,1,0,0
NCU,DME,2,2,0,0
BZE,DFW,2,2,0,0
YHR,YIF,1,1,0,0
BOO,BGO,1,1,0,0
POZ,LTN,1,1,0,0
FSZ,FUK,1,1,0,0
CMB,DWC,1,1,0,0
NEV,SXM,1,1,0,0
FIH,KGA,1,1,0,0
CHU,CKD,1,1,0,1
MID,BZE,1,1,0,0
PMO,NTE,1,1,0,0
VCE,PNL,1,1,0,0
RSW,MCO,2,2,0,1
YYE,YDQ,1,1,0,0
MJN,DZA,2,2,0,0
MRS,AAE,2,2,0,0
YVR,LAX,5,5,0,1
AUH,LHE,7,7,0,3
SIN,KUL,10,10,0,1
PHX,BFL,2,2,0,2
PHX,DRO,2,2,0,2
DFW,MLM,3,3,0,2
DFW,SAN,4,4,0,1
SAN,BOS,3,3,0,1
SAN,DFW,4,4,0,1
CLT,DAB,2,2,0,0
EUG,LAX,3,3,0,2
ICN,CRK,2,2,0,0
FSZ,ICN,2,2,0,1
GSO,PIE,1,1,0,0
AZA,DLH,1,1,0,0
BEG,ATH,3,3,0,0
KZS,RHO,2,2,0,0
LED,CDG,2,2,0,0
SVO,CEK,1,1,0,0
SVO,SCW,2,2,0,1
TXL,MRS,1,1,0,0
BEG,CDG,2,2,0,1
ATL,SJU,7,7,0,5
ATL,EYW,3,3,0,2
MUC,AYT,4,4,0,0
NUE,PMI,2,2,0,0
GRZ,TXL,1,1,0,0
DEL,HKG,5,5,0,1
LUH,DEL,1,1,0,0
YUL,MEX,1,1,0,0
ATL,CVG,7,7,0,5
SFO,KIX,2,2,0,1
YYZ,BOG,2,2,0,1
PVG,YVR,3,3,0,1
WLG,DUD,1,1,0,0
AEP,PRA,2,2,0,1
VVI,CBB,2,2,0,0
LNZ,FRA,2,2,0,1
SKP,VIE,1,1,0,1
SON,SLH,1,1,0,0
TGG,MYY,1,1,0,0
AMS,GLA,3,3,0,1
ATL,ROC,4,4,0,3
FOC,KWL,4,4,0,2
CZL,MRS,2,2,0,0
DUB,FCO,1,1,0,0
THL,HEH,2,2,0,0
UNG,HGU,1,1,0,0
LAX,MKE,2,2,0,1
DEN,AMA,3,3,0,2
GLA,LCY,1,1,0,1
NCE,LHR,2,2,0,1
CGP,DAC,4,4,0,0
FLL,FPO,3,3,0,1
DME,CSY,1,1,0,0
DME,SKX,1,1,0,0
MSQ,TSE,1,1,0,0
LIS,LPA,2,2,0,1
ANU,BGI,2,2,0,0
VCE,DOH,2,2,0,0
UBA,GRU,1,1,0,0
TNN,HKG,1,1,0,0
WUH,SHA,4,4,0,0
SJW,SHA,5,5,0,1
WUH,URC,3,3,0,0
FOC,CGO,4,4,0,0
XUZ,LYG,1,1,0,0
YIW,ZUH,1,1,0,0
MAD,CCS,3,3,0,0
PTY,GIG,1,1,0,0
ZAD,ZAG,1,1,0,0
MAD,SCU,1,1,0,0
SLC,VEL,1,1,0,1
SEA,HND,1,1,0,0
DTW,YOW,1,1,0,1
SJC,ATL,2,2,0,1
ABS,ASW,1,1,0,0
SFO,DXB,2,2,0,0
LFW,ABJ,2,2,0,0
DXB,ADD,3,3,0,0
LGW,NTE,1,1,0,0
SEN,IBZ,1,1,0,0
FLR,BHX,1,1,0,0
FSD,DEN,2,2,0,1
SIN,CGK,10,10,0,0
AYT,FDH,1,1,0,0
NUE,HAM,2,2,0,0
HAJ,HER,3,3,0,0
NNG,BKK,2,2,0,0
SYX,TNA,2,2,0,0
MJV,MAD,1,1,0,1
GEA,LIF,1,1,0,0
KEF,SFB,1,1,0,0
SYZ,ZAH,1,1,0,0
CJU,KIX,2,2,0,1
KQT,OVB,1,1,0,0
SGN,SIN,5,5,0,0
AMS,NCE,3,3,0,1
PDX,AMS,2,2,0,1
DOM,SJU,4,4,0,0
DOM,SVD,1,1,0,0
FRA,OLB,1,1,0,1
IKA,BKK,1,1,0,0
YQF,YLW,1,1,0,0
YYZ,KHI,1,1,0,0
SAW,STN,1,1,0,0
STG,SNP,1,1,0,0
PER,DRW,2,2,0,1
ADD,DOH,1,1,0,0
DOH,PER,1,1,0,0
SSG,CMN,1,1,0,0
AAR,AGP,1,1,0,0
DLE,RAK,1,1,0,0
BLQ,BOD,1,1,0,0
OPO,FKB,1,1,0,0
PMI,OPO,1,1,0,0
FKB,PMI,2,2,0,0
PDL,YYZ,2,2,0,1
BHH,DMM,1,1,0,0
SMF,ONT,1,1,0,0
OSL,ZRH,2,2,0,0
GVA,WAW,2,2,0,1
DVO,SIN,2,2,0,1
RTW,DME,1,1,0,0
DEE,UUS,1,1,0,0
TUN,BOD,1,1,0,0
GVA,DJE,1,1,0,0
BKK,CTS,1,1,0,0
IST,DYU,3,3,0,0
MRS,MLH,1,1,0,0
NNG,RMQ,1,1,0,0
NAP,EIN,1,1,0,0
FAO,RTM,1,1,0,0
BJV,RTM,1,1,0,0
DXB,ASB,2,2,0,0
FLL,EYW,2,2,0,1
PIT,IAH,1,1,0,0
DEN,YWG,2,2,0,2
BUD,ROV,1,1,0,0
LED,EVN,3,3,0,0
BRO,DFW,2,2,0,2
AER,TAS,2,2,0,0
BCN,POZ,1,1,0,0
TAI,RUH,1,1,0,0
MTY,SJD,2,2,0,0
MKL,MEM,1,1,0,0
COQ,NZH,1,1,0,0
SCW,UTS,1,1,0,0
KMG,JIQ,2,2,0,0
MDK,FIH,1,1,0,0
ZRH,BRE,1,1,0,0
KUL,AMD,1,1,0,0
NTE,AJA,3,3,0,1
YQB,YYY,1,1,0,0
SHJ,HGA,1,1,0,0
YGW,YUD,1,1,0,0
ARN,LHR,6,6,0,4
DFW,CLL,2,2,0,1
LGA,RDU,3,3,0,1
ORD,DTW,4,4,0,1
ORD,STL,3,3,0,1
KHV,ICN,2,2,0,0
ICN,JFK,4,4,0,1
BLI,SAN,1,1,0,0
LAS,GRR,1,1,0,0
LAS,FAT,2,2,0,1
RHO,DME,3,3,0,0
JNB,CDG,2,2,0,1
RAK,TLS,3,3,0,0
CDG,SOF,2,2,0,0
JFK,MSY,11,11,0,9
DEL,DHM,2,2,0,0
SEZ,MRU,1,1,0,1
NGO,KMJ,1,1,0,0
YHZ,YYG,1,1,0,0
FRA,YYC,3,3,0,1
HKG,YVR,2,2,0,0
LAX,LHR,11,11,0,4
LAX,BJX,3,3,0,2
LGB,SEA,3,3,0,2
ANC,JNU,1,1,0,0
OUA,ACC,1,1,0,0
BKO,OUA,3,3,0,1
HET,CIF,3,3,0,0
PEK,TYN,3,3,0,1
FOC,TNA,5,5,0,2
TAO,TSN,3,3,0,1
CTU,XIC,3,3,0,1
DLC,KIX,3,3,0,0
DAX,KMG,2,2,0,1
HME,IAM,1,1,0,0
AGM,IOQ,1,1,0,0
DUR,MRU,1,1,0,0
TPA,SAT,2,2,0,1
TPA,BWI,2,2,0,0
DEN,MSP,6,6,0,1
FNT,MCO,2,2,0,1
HEL,VNO,2,2,0,2
BRI,PMO,2,2,0,0
MSQ,NCE,1,1,0,0
SZB,RDN,1,1,0,0
ACK,EWB,1,1,0,0
YNT,HKG,1,1,0,0
DLC,NKG,5,5,0,0
KHN,SZX,5,5,0,1
SJW,SZX,4,4,0,0
YIH,CAN,2,2,0,0
AMS,BOM,2,2,0,1
MSP,ORF,1,1,0,1
ABJ,LOS,4,4,0,1
MAN,CFU,3,3,0,0
STN,DBV,1,1,0,0
ORY,FAO,2,2,0,0
CAG,MXP,1,1,0,0
NAP,CTA,3,3,0,1
TLV,BSL,1,1,0,0
GVA,BEG,3,3,0,0
BJV,STN,1,1,0,0
INV,BHD,1,1,0,0
SCQ,BRU,2,2,0,0
TTN,UST,1,1,0,0
RNB,BMA,2,2,0,1
LHR,IBZ,2,2,0,0
SYZ,KWI,2,2,0,0
DBV,LBA,1,1,0,0
NCE,MAN,1,1,0,0
KGS,LBA,2,2,0,0
AEP,NQN,2,2,0,1
PEI,EOH,1,1,0,1
LIM,COR,1,1,0,1
SOF,MUC,1,1,0,0
RMQ,NGB,2,2,0,0
KRT,JUB,2,2,0,0
MCT,MXP,1,1,0,0
PAP,JBQ,2,2,0,0
SBH,ANU,2,2,0,0
AYT,SAW,3,3,0,0
ADB,MQM,1,1,0,0
ERZ,SAW,2,2,0,1
PQI,BOS,2,2,0,0
MEL,BWN,1,1,0,0
CRL,RBA,1,1,0,0
BRS,POZ,1,1,0,0
LTN,REU,2,2,0,0
HAU,AGP,1,1,0,0
BGY,TFS,1,1,0,0
FCO,SUF,2,2,0,0
OPO,LRH,1,1,0,0
ALC,KRS,1,1,0,0
KMG,SIN,2,2,0,1
MNL,JED,1,1,0,0
GEG,LAS,1,1,0,0
TUS,SAN,1,1,0,0
GVA,RAK,2,2,0,0
XIY,LYI,1,1,0,0
CTU,HKT,1,1,0,0
OAK,DFW,1,1,0,0
MIA,GRU,3,3,0,0
BKK,BLR,1,1,0,0
FRA,IST,3,3,0,1
TLL,VNO,3,3,0,0
IST,KTM,1,1,0,0
IST,SAH,1,1,0,0
KSH,IST,1,1,0,0
PLS,EWR,1,1,0,0
NAS,IAH,1,1,0,0
YAP,GUM,1,1,0,0
BFL,DEN,1,1,0,1
GTF,DEN,1,1,0,1
TGU,MIA,2,2,0,0
ORF,PHL,2,2,0,0
RDU,PIT,2,2,0,2
AEX,DFW,2,2,0,2
NCU,TAS,1,1,0,0
DLI,DAD,1,1,0,0
VCL,HAN,1,1,0,0
OSL,RRS,1,1,0,0
EIN,BUD,1,1,0,0
GDN,LPL,1,1,0,0
GDN,GLA,1,1,0,0
GSE,TZL,1,1,0,0
SOF,BVA,1,1,0,0
NAP,ORY,2,2,0,0
JOI,POA,1,1,0,0
NDB,OUZ,1,1,0,0
CUN,BZE,1,1,0,0
MDL,HEH,3,3,0,0
NBO,HGA,1,1,0,0
NYK,UAS,2,2,0,0
HCR,ANV,2,2,0,1
YYC,LAX,4,4,0,1
DUS,JFK,2,2,0,1
PAP,FLL,4,4,0,0
KUL,CDG,3,3,0,0
BUR,PHX,3,3,0,2
TYS,DCA,2,2,0,1
SDF,ORD,3,3,0,2
AVL,PGD,1,1,0,0
GVA,SVO,1,1,0,0
SVX,SVO,1,1,0,0
BCN,JFK,9,9,0,5
TLS,VCE,2,2,0,1
CDG,LIS,3,3,0,1
PTP,SDQ,3,3,0,0
ATL,PNS,5,5,0,4
WLS,NAN,1,1,0,0
CLY,SZG,2,2,0,0
MTY,SAT,3,3,0,2
MSP,CUN,3,3,0,1
TAO,KIX,5,5,0,3
YUL,LAX,2,2,0,1
YVR,EWR,3,3,0,1
CHC,HKK,1,1,0,1
EVN,GOJ,2,2,0,0
PDX,ONT,2,2,0,2
PMO,VIE,1,1,0,1
GUA,BOG,1,1,0,0
COK,DXB,4,4,0,0
HUY,AMS,2,2,0,2
MXP,FCO,6,6,0,0
LED,FCO,3,3,0,0
CVG,ATL,7,7,0,5
PEK,NNG,4,4,0,0
XMN,KWE,3,3,0,1
CKG,TSN,7,7,0,1
ACE,DUB,2,2,0,0
ALC,DUB,2,2,0,0
RUN,DIE,1,1,0,0
KLW,CGA,1,1,0,0
CUR,BON,3,3,0,0
MBJ,MDW,1,1,0,0
MSY,MCI,2,2,0,1
DME,AKX,2,2,0,0
EWB,HPN,1,1,0,0
GND,POS,3,3,0,0
CSX,YNZ,1,1,0,0
NAY,AVA,2,2,0,1
MIG,KMG,2,2,0,0
HMI,URC,3,3,0,0
DYG,TYN,1,1,0,0
CNF,BPS,3,3,0,0
CGH,SDU,4,4,0,0
MTY,PTY,2,2,0,1
DUS,SPU,3,3,0,1
DBV,ATH,1,1,0,0
SPU,TXL,2,2,0,0
RDU,FLL,3,3,0,1
TUS,SLC,1,1,0,1
ATL,UVF,1,1,0,0
BNA,LGA,4,4,0,2
TUL,MSP,1,1,0,1
LAS,BOS,2,2,0,0
ROA,DTW,1,1,0,1
FAR,MSP,1,1,0,0
DXB,MLE,1,1,0,0
AUH,BEY,2,2,0,0
STN,BJV,1,1,0,0
SOF,LGW,1,1,0,0
BCN,NCE,3,3,0,1
HER,BRS,1,1,0,0
GVA,AMS,2,2,0,0
SOU,BHD,1,1,0,0
EXT,JER,1,1,0,0
BCN,DUS,4,4,0,1
BCN,GRX,2,2,0,1
BCN,LIL,2,2,0,0
VCE,BRU,3,3,0,0
DEN,LAS,5,5,0,1
DJJ,MKW,2,2,0,0
CGK,BPN,5,5,0,0
PEW,BAH,1,1,0,0
TYN,HFE,3,3,0,1
ABJ,LFW,5,5,0,2
NCE,MAD,1,1,0,1
DUS,FDH,1,1,0,0
OLB,FDH,1,1,0,0
ARN,IKA,2,2,0,0
THR,GBT,2,2,0,0
LBA,NCE,1,1,0,0
PVD,FLL,2,2,0,0
FRA,AGP,1,1,0,0
JNB,MUC,3,3,0,1
SGN,HPH,3,3,0,0
SHJ,TUK,1,1,0,0
ISB,MUX,1,1,0,0
PER,PBO,3,3,0,1
AIT,RAR,2,2,0,1
RAI,BJL,1,1,0,0
LBA,DUB,1,1,0,0
EMA,DNR,1,1,0,0
STN,ZAD,1,1,0,0
MAD,CAG,1,1,0,0
AGP,NRN,1,1,0,0
BSL,DUB,1,1,0,0
BGY,AHO,1,1,0,0
CIA,MRS,1,1,0,0
CIY,STN,1,1,0,0
PMO,LMP,1,1,0,1
IKA,PVG,1,1,0,0
EWR,DEN,2,2,0,0
ZRH,HKG,1,1,0,0
AKU,CTU,2,2,0,1
IBR,UKB,1,1,0,0
PLX,ALA,1,1,0,0
CNF,MIA,3,3,0,0
ACC,LIS,1,1,0,0
MAN,CCC,1,1,0,0
NAP,IST,1,1,0,0
IST,AJI,1,1,0,0
SAW,STW,1,1,0,0
TFS,DME,1,1,0,0
AYT,PRG,1,1,0,0
IAD,YUL,2,2,0,2
IAD,HNL,1,1,0,0
ORD,ELM,1,1,0,1
BWI,IAH,1,1,0,0
PTP,MIA,2,2,0,0
NVI,LED,2,2,0,0
ZLT,YIF,1,1,0,0
BGO,TOS,1,1,0,0
KTW,CGN,1,1,0,0
VNO,AES,1,1,0,0
GXF,JED,1,1,0,0
NBO,JUB,2,2,0,0
AER,DYU,1,1,0,0
SGC,TOF,1,1,0,0
DXB,BEG,1,1,0,0
CKG,INC,4,4,0,1
CKG,AVA,1,1,0,0
CJU,TAE,3,3,0,0
CLY,BOD,1,1,0,0
ENU,ABV,1,1,0,0
LAD,SZA,2,2,0,0
CDG,CLT,2,2,0,0
PHX,SBA,2,2,0,2
PHL,LAX,3,3,0,0
CLT,EWN,2,2,0,1
CAN,ICN,3,3,0,0
MYR,HTS,1,1,0,0
MUC,PRN,2,2,0,1
VGO,CDG,3,3,0,2
LIS,MAD,6,6,0,2
KGS,DME,1,1,0,0
GVA,ATH,3,3,0,0
SVO,HAJ,1,1,0,0
NCE,VCE,3,3,0,1
NCE,JFK,2,2,0,1
CDG,DXB,3,3,0,1
NRT,SPN,2,2,0,1
NDU,MPA,1,1,0,0
CFU,HAM,2,2,0,0
FAO,HAM,2,2,0,0
BOM,DIU,2,2,0,2
MEX,SLW,1,1,0,1
NRT,DPS,2,2,0,0
KMI,FUK,2,2,0,1
KIJ,OKA,1,1,0,0
POM,BUA,1,1,0,0
POM,DAU,2,2,0,0
YWG,YEG,3,3,0,2
GTE,GOV,1,1,0,0
ATL,SFO,9,9,0,5
WSN,EGX,1,1,0,0
AEP,AFA,1,1,0,1
PDX,STS,1,1,0,1
BKO,DKR,5,5,0,1
VIE,LNZ,1,1,0,1
BKI,KUL,3,3,0,0
KUL,SUB,3,3,0,0
AGP,FCO,3,3,0,1
MUB,BBK,1,1,0,0
KWL,XIY,6,6,0,0
HAK,ZHA,1,1,0,0
IQN,XIY,1,1,0,0
PEK,ARN,2,2,0,1
HGH,MFM,4,4,0,1
NKG,NNG,3,3,0,0
TAO,PVG,5,5,0,1
CZL,GHA,1,1,0,0
SNN,AGP,2,2,0,0
MNL,MPH,3,3,0,0
DRW,GTE,2,2,0,0
PDX,OKC,1,1,0,1
MDW,JAN,2,2,0,1
LBB,LAS,2,2,0,1
PYJ,MJZ,1,1,0,0
DAC,JED,3,3,0,0
FON,XQP,2,2,0,1
YRT,YFB,2,2,0,0
EIS,STT,2,2,0,0
VVO,HKG,2,2,0,0
CGQ,PVG,5,5,0,0
YNJ,PVG,2,2,0,0
LLF,SZX,1,1,0,0
NGB,CAN,3,3,0,0
MAO,BEL,3,3,0,0
EGO,FRU,1,1,0,0
MUC,PMI,4,4,0,0
CTG,PTY,1,1,0,0
BIA,NCE,3,3,0,1
LFT,ATL,3,3,0,3
DTW,IND,1,1,0,0
PBI,DTW,1,1,0,0
JFK,MBJ,3,3,0,0
CAI,KRT,2,2,0,0
RUH,CAI,3,3,0,0
DXB,MEL,2,2,0,0
EBL,AUH,1,1,0,0
GLA,JER,2,2,0,0
EDI,TFS,3,3,0,0
VCE,HAM,2,2,0,0
MAN,HAJ,1,1,0,0
AGP,BCN,3,3,0,1
DEN,PDX,3,3,0,0
SPU,HAM,1,1,0,0
ZQW,PMI,1,1,0,0
BRU,LEI,1,1,0,0
MAD,GYE,2,2,0,1
JOG,DPS,3,3,0,0
KWI,LRR,1,1,0,0
ITM,NRT,3,3,0,0
AGP,BFS,2,2,0,0
ICN,RGN,3,3,0,0
SCL,CJC,2,2,0,0
YOW,LHR,2,2,0,1
DUS,LED,3,3,0,0
MUC,CLT,1,1,0,0
SCN,HAM,2,2,0,1
WNZ,TSA,1,1,0,1
BDS,MUC,2,2,0,1
KAN,BEY,1,1,0,0
OER,ARN,1,1,0,0
CPH,FLL,1,1,0,1
ZEL,YKT,1,1,0,0
PER,CBR,1,1,0,0
PQQ,LDH,1,1,0,1
SUB,BWN,2,2,0,1
DTM,KRK,1,1,0,0
PIK,PMI,1,1,0,0
RBA,MAD,1,1,0,0
VLC,TSF,1,1,0,0
DME,NUX,3,3,0,0
SIN,DAD,3,3,0,2
KLO,CRK,1,1,0,0
MIR,TIP,2,2,0,0
HTI,CNS,1,1,0,1
KUL,RUH,1,1,0,0
OAK,HOU,1,1,0,0
MCI,STL,2,2,0,1
EWR,AUS,2,2,0,0
MKE,SFO,2,2,0,1
PHL,BNA,3,3,0,1
TSA,CKG,2,2,0,0
DYG,CKG,2,2,0,0
SAW,IKA,2,2,0,0
DKR,JNB,3,3,0,1
CAI,JFK,2,2,0,1
LAX,BFL,1,1,0,1
TXL,KBP,1,1,0,0
SJD,MEX,3,3,0,0
SYD,TBU,1,1,0,1
OTP,BRI,1,1,0,0
SAW,BUD,1,1,0,0
ADE,CAI,1,1,0,0
CWL,VLY,1,1,0,0
PTP,SBH,2,2,0,1
CKG,TAO,3,3,0,1
LKO,DXB,1,1,0,0
LZH,CKG,1,1,0,0
KTB,KTN,1,1,0,0
COO,DKR,2,2,0,0
ZIG,DKR,1,1,0,0
JSH,ATH,1,1,0,0
CUN,MAD,4,4,0,0
BTT,CXF,1,1,0,0
YYZ,LAX,5,5,0,2
LHR,ORD,9,9,0,3
CPH,LHR,3,3,0,1
PLS,DFW,2,2,0,0
PHX,MCO,3,3,0,0
LAX,BDL,3,3,0,1
TLH,DCA,2,2,0,2
JAX,DFW,2,2,0,0
ORD,SNA,3,3,0,0
CLT,YOW,2,2,0,2
CAI,BEN,3,3,0,0
CDG,NIM,3,3,0,2
ATL,LAS,7,7,0,4
ATL,DAB,3,3,0,2
CGN,KGS,3,3,0,0
PMI,LEJ,2,2,0,0
DEL,PNQ,6,6,0,1
BHX,PFO,2,2,0,0
EMA,ALC,4,4,0,0
PVR,MEX,4,4,0,0
HND,FRA,2,2,0,0
NGO,BKK,3,3,0,2
HKN,LAE,2,2,0,0
AMM,SHJ,1,1,0,0
SHJ,NBO,1,1,0,0
YYC,YKA,2,2,0,1
BNE,SIN,9,9,0,4
BSB,EZE,1,1,0,0
YRT,YUT,2,2,0,1
LIN,BCN,1,1,0,0
AUA,CCS,6,6,0,0
NNG,KMG,6,6,0,1
DSN,CSX,1,1,0,0
CKG,ZUH,3,3,0,1
JDZ,PEK,2,2,0,1
ALG,CAI,2,2,0,0
DUB,VRN,1,1,0,0
WAW,DUB,1,1,0,0
ALA,IST,2,2,0,0
BET,ATT,1,1,0,0
TIZ,HGU,1,1,0,0
SEA,LAS,4,4,0,2
PLS,NAS,3,3,0,0
YTS,YYU,1,1,0,0
REG,FCO,2,2,0,0
KIN,JFK,3,3,0,0
MNL,CGK,3,3,0,1
PLU,RAO,2,2,0,0
PVG,SIN,3,3,0,0
LNJ,KMG,2,2,0,0
CKG,LJG,7,7,0,2
NAO,PEK,1,1,0,0
CGB,BSB,4,4,0,0
BEG,SPU,1,1,0,0
HLN,SLC,1,1,0,1
DTW,ORF,1,1,0,0
CHS,JFK,2,2,0,0
NGO,DTW,1,1,0,0
SDF,DTW,1,1,0,0
SDF,JFK,1,1,0,1
CAI,ELQ,4,4,0,0
BKK,MDL,3,3,0,2
AMS,GDN,1,1,0,0
ALC,GVA,1,1,0,0
ATH,HAM,1,1,0,0
SZB,KTE,2,2,0,1
MAN,NQY,1,1,0,0
POA,LIM,2,2,0,1
AMM,BAH,2,2,0,1
KEF,CPH,3,3,0,1
FDH,OLB,1,1,0,0
CTU,TCZ,1,1,0,0
BOS,PHX,3,3,0,0
MCO,AUS,4,4,0,2
BRU,AMS,1,1,0,1
MDC,SOQ,1,1,0,1
BPN,BTH,1,1,0,0
MUC,ESB,1,1,0,0
CAG,LUX,1,1,0,0
CMB,RUH,3,3,0,1
KUL,DWC,1,1,0,0
INB,PND,1,1,0,0
CWB,CFC,1,1,0,0
BOD,RNS,1,1,0,0
ARN,HAD,1,1,0,0
ARN,OER,1,1,0,0
JMK,VIE,2,2,0,0
LGW,HEL,1,1,0,0
LGW,TRD,1,1,0,0
LGW,JTR,3,3,0,0
JFK,BGO,1,1,0,1
LHE,MXP,1,1,0,0
YTZ,YSB,1,1,0,0
JRO,EBB,2,2,0,0
LOS,DOH,1,1,0,0
CMN,YUL,1,1,0,0
EIN,ALC,2,2,0,0
SNN,FMM,1,1,0,0
MAD,PSA,1,1,0,0
MRS,RBA,1,1,0,0
CTA,MRS,1,1,0,0
MHD,LHE,1,1,0,0
COK,MLE,1,1,0,0
CCJ,MAA,1,1,0,0
LUX,BCN,3,3,0,1
CDG,MCT,1,1,0,0
JED,TUN,2,2,0,0
RUH,ULH,1,1,0,0
SHA,FOC,4,4,0,2
ACY,BOS,1,1,0,0
ORD,DEN,4,4,0,0
GYE,LTX,1,1,0,0
XMS,TNW,1,1,0,0
BRE,IST,1,1,0,0
IST,ALG,2,2,0,0
RHO,AMS,1,1,0,0
VKO,TSE,1,1,0,0
YYZ,MSP,4,4,0,4
SJO,IAH,1,1,0,0
CLE,PHX,1,1,0,0
IAH,GRK,1,1,0,1
FAT,SFO,1,1,0,1
DCA,LIT,2,2,0,2
LIH,PHX,2,2,0,0
CLT,RIC,2,2,0,0
TLV,DNK,1,1,0,0
SYD,SGN,2,2,0,1
MEL,CFS,1,1,0,1
CAI,ADE,1,1,0,0
MGZ,KAW,1,1,0,0
MNL,MYY,1,1,0,0
MPL,NDR,1,1,0,0
LBV,LOS,2,2,0,1
FSZ,KOJ,1,1,0,0
SDU,GRU,2,2,0,0
MIG,SHE,1,1,0,0
FAI,RBY,2,2,0,1
HER,RIX,1,1,0,0
LED,IJK,1,1,0,0
VLV,CCS,2,2,0,0
FAI,SVS,1,1,0,0
YAC,YXL,1,1,0,0
YKQ,YNS,1,1,0,0
PHX,AUS,3,3,0,0
LAX,OGG,8,8,0,3
DCA,HSV,2,2,0,2
PIT,BDL,2,2,0,2
ICN,ALA,2,2,0,0
CRK,ICN,2,2,0,0
YGZ,YRB,1,1,0,0
TYS,PGD,1,1,0,0
SFB,ROA,1,1,0,0
BIO,TFN,3,3,0,1
KGS,ATH,2,2,0,1
JKL,ATH,2,2,0,0
HRK,SVO,1,1,0,0
NCE,LYS,2,2,0,0
CDG,ARN,3,3,0,1
CPT,WDH,2,2,0,1
ALC,PMI,3,3,0,1
SZG,HER,2,2,0,0
AMM,VIE,3,3,0,2
LED,TXL,1,1,0,0
FRA,PNQ,2,2,0,2
BBI,BOM,2,2,0,0
DEL,IXU,2,2,0,0
LTN,FAO,3,3,0,0
NAP,MAN,3,3,0,0
MUC,MLA,2,2,0,0
ATL,MCI,8,8,0,5
NRT,TPE,10,10,0,0
FOC,KIX,2,2,0,1
YYZ,EWR,2,2,0,1
AEP,PDP,2,2,0,1
PSS,AEP,1,1,0,0
MHD,TBZ,3,3,0,0
PAP,SDQ,1,1,0,0
AMS,BRE,2,2,0,2
PMO,CDG,4,4,0,1
IAH,CDG,3,3,0,2
GBE,HRE,1,1,0,0
JIC,LHW,1,1,0,0
NAN,MEL,3,3,0,2
NAN,TVU,1,1,0,1
LIL,FSC,1,1,0,0
MSY,TPA,2,2,0,1
OKC,BWI,2,2,0,1
LCY,MAH,1,1,0,1
YYQ,YEK,2,2,0,1
MBJ,KIN,1,1,0,0
MBJ,JFK,3,3,0,0
XMN,CAN,6,6,0,1
FOC,XIY,5,5,0,1
SHE,PVG,5,5,0,0
BEL,FOR,3,3,0,0
BSB,GIG,3,3,0,0
STT,JFK,4,4,0,1
IND,RDU,1,1,0,1
IAH,DXB,2,2,0,0
ADD,OUA,1,1,0,0
YNB,CAI,3,3,0,0
MAN,ATH,3,3,0,1
BRS,MJV,1,1,0,0
LGW,ATH,1,1,0,0
INV,LTN,1,1,0,0
IOM,LPL,2,2,0,0
INV,MAN,1,1,0,0
SVQ,ORY,3,3,0,1
DEN,PVR,2,2,0,0
SVX,OVS,1,1,0,0
CGN,CFU,2,2,0,0
DUS,DRS,2,2,0,0
KVA,STR,1,1,0,0
MAD,RAK,3,3,0,1
KBP,MAD,2,2,0,1
BOS,KEF,1,1,0,0
IFN,PGU,1,1,0,0
THR,ZAH,2,2,0,0
MAN,KGS,2,2,0,0
JFK,BUR,1,1,0,0
PPP,BNE,2,2,0,1
NUE,AMS,1,1,0,1
PER,KUL,2,2,0,0
TKU,MHQ,1,1,0,0
PNZ,REC,2,2,0,0
BJV,ESB,2,2,0,1
SAW,TBS,2,2,0,0
HRB,HEK,2,2,0,0
DOH,SLL,1,1,0,0
FRA,NDR,1,1,0,0
NTE,RAK,2,2,0,0
TMP,AGP,1,1,0,0
PIK,WMI,1,1,0,0
MAD,RBA,1,1,0,0
SKG,GRO,1,1,0,0
MLA,MAD,1,1,0,0
ORD,CPH,1,1,0,0
BLR,SIN,3,3,0,0
BKI,SIN,4,4,0,2
WIC,ABZ,1,1,0,0
CMB,DEL,3,3,0,2
RUH,SIN,2,2,0,0
SJW,CTU,3,3,0,0
SHP,PVG,2,2,0,1
AXM,FLL,1,1,0,0
BNY,HIR,1,1,0,0
TUN,PMO,1,1,0,0
IST,BSR,1,1,0,0
LGW,SID,2,2,0,0
AMS,INN,1,1,0,0
EIN,NCE,1,1,0,0
AGP,RTM,1,1,0,0
HER,AMS,1,1,0,0
GUM,HKG,1,1,0,0
SFO,DCA,2,2,0,0
BTV,IAD,1,1,0,1
IAD,TYS,1,1,0,1
PHL,NAS,2,2,0,0
MSP,YUL,2,2,0,2
AZS,YYZ,2,2,0,0
GSE,BEG,1,1,0,0
NYM,TJM,1,1,0,0
TRC,CUN,1,1,0,0
XIY,JNG,1,1,0,0
NGB,ZUH,1,1,0,0
MID,VSA,2,2,0,0
HCR,ANI,1,1,0,1
NKG,SIN,1,1,0,0
YHI,YSY,1,1,0,0
YOG,YFH,1,1,0,0
LHE,AUH,7,7,0,3
DFW,MTY,2,2,0,0
PHL,ROA,2,2,0,1
RSW,CLT,2,2,0,0
JFK,SJU,5,5,0,0
MSY,ORD,8,8,0,7
CLT,DEN,2,2,0,0
LAS,PHX,4,4,0,1
SBN,AZA,1,1,0,0
KHV,PEK,3,3,0,0
SVO,STR,1,1,0,0
SVO,DXB,2,2,0,1
EVN,LED,3,3,0,0
KGF,SVO,1,1,0,0
NCL,CDG,3,3,0,2
FCO,TLS,3,3,0,0
GCI,DUS,1,1,0,0
ACE,FUE,5,5,0,0
FLR,DUS,3,3,0,2
ZRH,GWT,1,1,0,0
AMM,FRA,3,3,0,1
PMI,DTM,3,3,0,0
MAA,SIN,7,7,0,0
MEX,BOG,4,4,0,1
FUK,ITM,3,3,0,0
SAW,SHJ,1,1,0,0
CMH,YYZ,2,2,0,2
APW,AKL,3,3,0,2
UUA,DME,1,1,0,0
SLC,MSY,2,2,0,1
LIH,SEA,1,1,0,0
MSO,PDX,1,1,0,1
BRU,FCO,6,6,0,1
MXP,BEY,2,2,0,0
LIS,FCO,2,2,0,1
OTP,LIN,2,2,0,1
EVN,CDG,3,3,0,0
TSN,CKG,7,7,0,1
MVT,RGI,1,1,0,0
PEK,JNB,2,2,0,1
CGO,XMN,5,5,0,1
WUH,YNT,3,3,0,0
CTU,CZX,3,3,0,1
BCN,ORN,3,3,0,1
DYU,ALA,3,3,0,0
UKK,ALA,2,2,0,0
MXH,POM,1,1,0,0
MDW,BHM,2,2,0,1
MSP,OAK,1,1,0,1
LCY,IBZ,2,2,0,2
RIC,FPO,1,1,0,0
BOS,RKD,1,1,0,0
BTK,IKT,1,1,0,0
TSN,PVG,3,3,0,0
XIY,KHG,1,1,0,0
TAO,FUK,2,2,0,1
SHE,SJW,3,3,0,0
LZO,SZX,1,1,0,0
CCS,BNS,2,2,0,0
DBV,MUC,2,2,0,1
GGT,ATL,1,1,0,1
FLL,CVG,1,1,0,0
DTW,EWR,2,2,0,1
DTW,ESC,1,1,0,1
ATL,HNL,1,1,0,0
MSP,BRD,1,1,0,1
HKG,REP,1,1,0,0
SXF,CAG,1,1,0,0
AGP,BRS,2,2,0,0
TLL,HEL,1,1,0,1
HEL,JOE,1,1,0,1
SOU,NTE,2,2,0,1
MCI,CUN,1,1,0,0
SPU,HAJ,1,1,0,0
VAR,BRU,1,1,0,0
NDR,BCN,4,4,0,1
OSL,KEF,3,3,0,0
HKT,CGK,1,1,0,0
SYZ,DOH,2,2,0,0
FRA,NRT,1,1,0,0
NCL,PFO,2,2,0,0
PMI,BLK,1,1,0,0
REP,PUS,2,2,0,0
LIM,CUN,1,1,0,1
MAN,TIP,1,1,0,0
BLL,FRA,2,2,0,1
NRT,ULN,1,1,0,0
SVO,BEY,2,2,0,0
GEV,ARN,2,2,0,0
CPH,BOJ,1,1,0,0
OSL,AMS,3,3,0,0
TLV,CPH,2,2,0,0
GDT,SLX,1,1,0,0
ISB,CDG,1,1,0,0
DEL,KHI,1,1,0,0
TZX,ADB,2,2,0,0
CSX,LLF,1,1,0,0
BNE,BCI,1,1,0,1
DOH,LHE,1,1,0,0
SYD,MYA,1,1,0,0
AMM,MED,3,3,0,0
BRE,DUB,1,1,0,0
MRS,IBZ,1,1,0,0
SXB,STN,1,1,0,0
AHO,MAD,1,1,0,0
OTP,STN,1,1,0,0
NRN,RIX,1,1,0,0
PDL,LGW,1,1,0,0
LAS,IND,2,2,0,1
CRL,TRS,1,1,0,0
DMM,CCJ,2,2,0,0
JED,YNB,1,1,0,0
MCO,STL,2,2,0,1
KWL,CTU,5,5,0,2
TSE,AKX,2,2,0,0
KSN,ALA,1,1,0,0
LIS,VXE,2,2,0,0
LIS,CNF,1,1,0,0
LHR,TUN,1,1,0,0
MUC,BKK,2,2,0,1
BKK,LHE,1,1,0,0
IST,TRN,1,1,0,0
AMS,VXE,1,1,0,0
DME,SVX,3,3,0,0
OTP,BEY,2,2,0,1
MDZ,COR,2,2,0,0
ERI,CLE,1,1,0,0
KZN,DYU,2,2,0,0
MGM,CLT,2,2,0,2
ICN,DAD,3,3,0,0
VCA,PQC,1,1,0,0
HHN,SKP,1,1,0,0
WAW,NYO,1,1,0,0
NAY,HRB,2,2,0,1
HOT,MEM,1,1,0,0
PYY,CNX,1,1,0,0
HFE,CKG,2,2,0,0
NKM,KIJ,1,1,0,0
CXJ,CWB,1,1,0,0
UDI,PLU,1,1,0,0
OIT,NRT,1,1,0,0
BGW,DXB,2,2,0,0
SHA,JIQ,1,1,0,0
SCC,FAI,1,1,0,0
OBU,ABL,2,2,0,1
FMO,BRE,1,1,0,0
SSY,LAD,1,1,0,0
MIA,REC,3,3,0,0
MIA,MEM,2,2,0,1
HNL,SYD,5,5,0,2
PHL,MYR,3,3,0,1
JFK,ANU,2,2,0,0
ORD,PVG,5,5,0,2
ORD,HPN,3,3,0,3
ALB,CLT,2,2,0,0
CLT,BTR,2,2,0,0
KIX,ICN,7,7,0,2
BCN,PRG,5,5,0,1
SVQ,TFN,3,3,0,1
ZRH,SVO,1,1,0,0
LED,OSS,2,2,0,0
ATL,ECP,3,3,0,2
SDF,ATL,6,6,0,3
GYD,SAW,2,2,0,0
FUE,DUS,3,3,0,0
GRZ,HER,2,2,0,0
DEL,DAC,3,3,0,0
JAI,BOM,5,5,0,2
IXM,MAA,4,4,0,2
AYT,MAN,5,5,0,0
DLM,LBA,3,3,0,0
TLV,LCA,3,3,0,0
GAU,AJL,2,2,0,2
MAN,MLA,4,4,0,0
ABZ,KSU,1,1,0,0
PUS,MFM,2,2,0,0
LPB,LIM,3,3,0,0
OKA,NGO,3,3,0,0
MHD,SHJ,1,1,0,0
YUL,ZSA,1,1,0,0
NAS,YYZ,2,2,0,0
DUD,CHC,1,1,0,1
IAH,SEA,3,3,0,1
SEA,ANC,3,3,0,1
LAS,ANC,1,1,0,0
KSC,VIE,1,1,0,1
YFO,YQD,2,2,0,0
LIM,GYE,2,2,0,0
AWZ,SRY,2,2,0,0
IFN,MHD,3,3,0,0
CCJ,AAN,1,1,0,0
SUF,TRN,2,2,0,0
TRS,LIN,1,1,0,1
AUH,BLR,3,3,0,0
MEL,AUH,3,3,0,2
PEK,YVR,2,2,0,0
PEK,ORD,5,5,0,1
DLC,HKG,2,2,0,1
OGX,ORN,1,1,0,0
LHR,ORK,1,1,0,0
HNL,CXI,2,2,0,1
LED,KIV,1,1,0,0
PRG,KRR,1,1,0,0
CUN,SAT,1,1,0,0
SAT,MCO,3,3,0,2
IAD,DEN,3,3,0,1
LHR,PMI,2,2,0,1
BHM,FPO,1,1,0,0
GLV,ELI,1,1,0,0
MSQ,AER,1,1,0,0
JFK,POS,2,2,0,0
TPE,SYX,1,1,0,0
PER,SIN,9,9,0,2
KMG,TCZ,2,2,0,0
SHA,XUZ,1,1,0,0
KTM,CAN,1,1,0,0
CSX,ZUH,1,1,0,0
XMN,YNZ,2,2,0,1
URC,IKA,1,1,0,0
NAO,SZX,1,1,0,0
BSD,KMG,2,2,0,1
FRU,EGO,1,1,0,0
BLL,EBJ,1,1,0,0
SLC,YYC,1,1,0,1
LAN,ATL,2,2,0,1
HNL,SLC,1,1,0,0
ORD,MSP,5,5,0,1
MSP,GRB,1,1,0,1
CWA,DTW,1,1,0,1
ATW,MSP,1,1,0,1
CAI,JUB,2,2,0,1
BCN,TLV,4,4,0,1
WUH,HYN,1,1,0,0
NIM,COO,1,1,0,1
INV,LGW,1,1,0,0
EDI,PFO,1,1,0,0
NCE,HAM,2,2,0,0
NTE,TLS,2,2,0,0
KUO,HEL,1,1,0,0
WIL,ASV,1,1,0,0
BCN,FRA,4,4,0,2
PIR,HON,3,3,0,2
PMI,ERF,1,1,0,0
DUS,BSL,1,1,0,0
BIA,DUS,1,1,0,0
COK,BAH,1,1,0,0
LIL,FAO,1,1,0,0
BND,IFN,2,2,0,0
KMG,TNA,6,6,0,2
HND,SHM,1,1,0,0
NGO,HND,1,1,0,0
NCL,DBV,1,1,0,0
SMF,ATL,4,4,0,3
FRA,ICN,3,3,0,0
WRO,FRA,2,2,0,1
WRO,MUC,2,2,0,2
PUM,UPG,1,1,0,1
DUS,EWR,2,2,0,1
MAD,LUX,1,1,0,0
MYY,BTU,1,1,0,1
DOH,KUL,2,2,0,1
FOC,TSA,3,3,0,0
AJR,LYC,2,2,0,1
OSL,VCE,1,1,0,0
ALC,EVE,1,1,0,0
BAH,MCT,3,3,0,0
SAW,BAL,1,1,0,0
AKN,ANC,2,2,0,1
DBO,BHQ,1,1,0,0
TNG,LHR,1,1,0,0
CRL,FEZ,1,1,0,0
PIK,DUB,1,1,0,0
STN,KUN,1,1,0,0
BVE,STN,1,1,0,0
PMO,MRS,1,1,0,0
CAG,CUF,1,1,0,0
GOA,CAG,1,1,0,0
PSA,LBA,2,2,0,0
ATH,PFO,1,1,0,0
FMM,SNN,1,1,0,0
BKK,JNB,2,2,0,1
SFO,CPH,1,1,0,0
PEK,VVO,1,1,0,0
TRV,SIN,3,3,0,1
CGK,PNK,3,3,0,0
CPH,CHQ,1,1,0,0
CDG,JED,2,2,0,1
TPA,FLL,5,5,0,2
GRR,DEN,2,2,0,1
DBV,ZRH,2,2,0,1
SHA,KMG,5,5,0,0
CTU,KWL,5,5,0,2
ESB,BAL,1,1,0,1
AMS,ATH,2,2,0,0
GRO,AMS,1,1,0,0
YYC,DEN,2,2,0,1
MBJ,EWR,1,1,0,0
MCI,EWR,1,1,0,1
EWR,YOW,1,1,0,1
IAH,BFL,1,1,0,1
HNL,EWR,1,1,0,0
DUJ,FKL,1,1,0,1
LCH,DFW,2,2,0,1
MCO,LAX,6,6,0,1
PEK,TAS,2,2,0,0
HAN,DME,1,1,0,0
CTS,ICN,4,4,0,1
CCS,CUR,2,2,0,0
COO,LOS,2,2,0,0
YNP,YHO,2,2,0,0
YKL,YVP,1,1,0,0
TKD,ACC,2,2,0,0
TXL,MIA,2,2,0,1
KOA,LAX,5,5,0,1
MIA,CMH,2,2,0,1
DFW,TUL,2,2,0,0
SAN,MIA,2,2,0,0
SDF,CLT,2,2,0,0
CGK,ICN,3,3,0,0
OGD,AZA,1,1,0,0
OSL,OLA,1,1,0,0
MAD,ACE,3,3,0,1
SKG,DME,3,3,0,0
SVO,KLV,2,2,0,0
SJJ,IST,2,2,0,0
ATL,DHN,3,3,0,3
LUN,WDH,2,2,0,0
NAS,ATC,2,2,0,0
ACE,ZRH,2,2,0,1
PMI,FKB,2,2,0,0
CCU,IXA,5,5,0,2
DEL,VIE,2,2,0,2
DEL,MAA,5,5,0,1
MAA,COK,5,5,0,2
KMJ,NGO,1,1,0,0
LNV,RAB,1,1,0,0
YYC,YWG,2,2,0,1
GDN,CPH,2,2,0,1
RDU,YYZ,1,1,0,1
EZE,SCL,5,5,0,1
BME,DRW,2,2,0,1
NBC,SVX,1,1,0,0
FTE,AEP,1,1,0,0
ARH,CSH,1,1,0,1
SAL,GYE,1,1,0,0
CCS,BOG,4,4,0,1
SLU,FDF,5,5,0,1
KUL,DPS,4,4,0,0
MRS,VCE,2,2,0,1
IST,FCO,2,2,0,0
JFK,MXP,10,10,0,4
RIX,MXP,2,2,0,1
WUH,TSN,4,4,0,0
PEK,YYZ,3,3,0,1
PEK,MNL,3,3,0,0
HLD,PEK,5,5,0,1
TNA,HRB,7,7,0,2
ALG,PEK,1,1,0,0
GLA,ORK,1,1,0,1
HEH,THL,1,1,0,0
ALA,LHR,2,2,0,0
MHT,MDW,2,2,0,1
OSL,BLL,3,3,0,1
ORY,JFK,3,3,0,3
UVF,GND,3,3,0,1
FCO,DAC,1,1,0,0
DAC,HKG,3,3,0,0
ABL,SHG,2,2,0,1
ROB,BRU,3,3,0,2
CGO,HKG,3,3,0,0
HKG,YNT,1,1,0,0
TYN,CKG,3,3,0,0
LHW,SHA,2,2,0,0
NBO,BKK,3,3,0,1
CIH,DAT,1,1,0,0
GIG,SDQ,2,2,0,1
MUC,CFU,3,3,0,0
CVG,TPA,1,1,0,0
JFK,BOG,4,4,0,1
JFK,PDX,2,2,0,0
VNO,TLL,3,3,0,0
FRA,ARN,3,3,0,1
ADD,COO,1,1,0,0
WRO,CDG,1,1,0,0
BSL,LGW,1,1,0,0
IVL,KTT,2,2,0,1
SZB,SIN,2,2,0,1
BIO,LHR,2,2,0,0
VLC,IBZ,3,3,0,1
ORY,BIO,2,2,0,1
BDO,SIN,5,5,0,2
AYT,RLG,1,1,0,0
TPA,LGW,4,4,0,2
ABZ,AMS,1,1,0,0
NBO,ADD,4,4,0,1
NBO,ICN,2,2,0,1
DPS,KOE,2,2,0,0
CMB,BAH,2,2,0,1
ATH,BEY,1,1,0,0
PFB,POA,2,2,0,0
MCT,ISB,2,2,0,0
CAN,DMK,2,2,0,0
ZEL,YZT,1,1,0,0
KHI,TUK,1,1,0,0
MUX,LHE,1,1,0,0
ISB,LHR,1,1,0,0
ADA,SAW,2,2,0,1
YTZ,YTS,1,1,0,0
TSN,ZUH,1,1,0,0
BNE,CBR,3,3,0,2
LHR,TNG,1,1,0,0
CMN,GVA,1,1,0,0
HHN,VOL,1,1,0,0
BRS,MLA,2,2,0,0
DUB,REU,1,1,0,0
RAK,CIA,1,1,0,0
PFO,KRK,1,1,0,0
BZR,BVA,1,1,0,0
FKB,CAG,1,1,0,0
LRH,STN,1,1,0,0
EBB,JNB,1,1,0,0
AAN,PEW,1,1,0,0
STV,DEL,2,2,0,0
HYD,SIN,3,3,0,1
MCT,LHR,1,1,0,0
TUS,LAS,2,2,0,1
CAI,ZRH,2,2,0,1
HRG,ZRH,2,2,0,1
GRU,ZRH,1,1,0,0
AYT,BSL,2,2,0,0
OOL,MEL,3,3,0,1
WUH,DMK,1,1,0,0
ESB,ERZ,1,1,0,1
CWL,TFS,2,2,0,0
RMQ,FOC,1,1,0,0
SEZ,VKO,1,1,0,0
NAS,ORD,1,1,0,1
ROP,GUM,1,1,0,1
BOS,DUB,2,2,0,1
SFO,BUR,1,1,0,1
IAH,TGU,1,1,0,0
PIT,EWR,1,1,0,0
YUM,PHX,2,2,0,2
LIT,DFW,2,2,0,0
RNO,ORD,2,2,0,0
CLT,YUL,2,2,0,2
DAD,XMN,1,1,0,0
MEX,CUN,4,4,0,0
HFT,BVG,1,1,0,0
CRL,BEG,1,1,0,0
BGY,WAW,1,1,0,0
CIA,KTW,1,1,0,0
XMN,TPE,2,2,0,1
SVX,NYA,1,1,0,0
LOS,BKO,1,1,0,0
MEM,MKL,1,1,0,0
YGV,YPN,1,1,0,0
PPB,VCP,1,1,0,0
RAO,CNF,1,1,0,0
VKO,TBW,1,1,0,0
OVB,HMA,1,1,0,0
BSA,BBO,2,2,0,0
FAI,CEM,1,1,0,0
YYC,LAS,4,4,0,1
SJD,DFW,3,3,0,0
KUL,FRA,3,3,0,0
PHX,LIH,2,2,0,0
LIT,ORD,3,3,0,2
DFW,SAL,4,4,0,1
DFW,SAT,2,2,0,0
ICN,LAX,5,5,0,2
OVD,ACE,1,1,0,0
SCQ,TFS,2,2,0,0
SVO,KHV,1,1,0,0
SVO,BKK,1,1,0,0
MAN,CDG,4,4,0,1
AJA,NCE,3,3,0,1
ATL,FSM,3,3,0,3
ADQ,OLH,2,2,0,0
FRA,CTA,2,2,0,1
FRA,DEL,2,2,0,0
DEL,SYD,1,1,0,0
SXR,DEL,6,6,0,1
DHM,DEL,2,2,0,0
FNC,LGW,4,4,0,0
AKL,BNE,7,7,0,4
CEN,GDL,1,1,0,1
SHJ,HRK,1,1,0,0
PUJ,YYZ,3,3,0,0
AKL,WLG,2,2,0,0
PQQ,SYD,3,3,0,2
DLG,ANC,2,2,0,1
SEA,PUW,1,1,0,1
THR,TBZ,4,4,0,0
MWX,TSN,1,1,0,0
SHA,SZX,7,7,0,1
DLC,HFE,3,3,0,1
XNN,PEK,5,5,0,1
LGP,MNL,3,3,0,0
JAV,GOH,1,1,0,0
TSE,UKK,2,2,0,0
PNP,POM,2,2,0,0
PDX,DEN,4,4,0,1
TUL,DEN,3,3,0,2
AMS,YYZ,3,3,0,1
POP,AZS,1,1,0,1
LGW,KIN,2,2,0,1
JNB,DUR,4,4,0,1
FCO,DME,2,2,0,0
VOZ,DME,2,2,0,0
WBB,OME,2,2,0,1
CEB,OZC,1,1,0,0
KMG,BKK,2,2,0,0
KMG,WNZ,3,3,0,1
SHA,FUG,2,2,0,1
PVG,TVS,2,2,0,1
MEL,CAN,1,1,0,0
FOC,CGK,2,2,0,1
HGH,HRB,3,3,0,1
PTP,ORY,3,3,0,0
PRG,CEK,2,2,0,0
PRG,SVX,2,2,0,0
YOW,DTW,1,1,0,1
DFW,AMS,2,2,0,1
ATL,AMS,2,2,0,0
ATL,MSN,3,3,0,2
DEN,LGA,4,4,0,0
BJI,MSP,1,1,0,1
ICN,KHH,3,3,0,0
GVA,TLV,3,3,0,1
DXB,BHX,2,2,0,1
DXB,PER,2,2,0,1
LGW,PSA,2,2,0,0
PRG,BRS,1,1,0,0
BOD,GVA,2,2,0,0
NOC,MAN,1,1,0,0
CDG,OVD,2,2,0,1
MAH,FRA,1,1,0,0
BRU,CHQ,1,1,0,0
MAD,UIO,2,2,0,1
PMI,LYS,2,2,0,1
CCU,BKK,2,2,0,0
BDO,JHB,1,1,0,0
DEF,THR,1,1,0,0
NGS,PVG,2,2,0,1
TPA,JFK,4,4,0,2
KWI,DMM,6,6,0,3
ICN,SVO,2,2,0,0
ANF,CJC,2,2,0,0
MUC,TBS,1,1,0,0
ORZ,CZH,1,1,0,0
SPR,ORZ,1,1,0,0
KHI,LHR,1,1,0,0
HTY,SAW,2,2,0,1
LGA,MSY,3,3,0,1
DOH,HYD,1,1,0,0
DOH,BRU,1,1,0,0
DOH,TIF,1,1,0,0
CRL,AGP,1,1,0,0
EMA,ORK,1,1,0,0
STN,WRO,1,1,0,0
STN,LDE,1,1,0,0
ORK,GDN,1,1,0,0
BLL,AGP,1,1,0,0
BGY,TLL,1,1,0,0
MUC,OVB,1,1,0,1
VOG,DME,1,1,0,0
SIN,ZRH,3,3,0,0
DUS,NTE,2,2,0,1
TUN,TOB,2,2,0,0
PEK,IKT,1,1,0,0
RUH,IAD,1,1,0,0
LAX,SAT,2,2,0,1
SAT,SAN,1,1,0,0
TDD,RIB,1,1,0,0
PMI,ZRH,2,2,0,0
AYT,ADA,2,2,0,0
DTW,IAH,3,3,0,0
LIS,FOR,1,1,0,0
MHD,IST,1,1,0,0
NCL,NBE,3,3,0,0
DME,PKC,1,1,0,0
FRA,MCO,2,2,0,1
EWR,GRU,1,1,0,0
EWR,ORD,3,3,0,1
IAH,MBJ,1,1,0,0
IAD,OKC,1,1,0,1
ORD,MHT,1,1,0,1
MFR,DEN,1,1,0,1
MCI,PHL,3,3,0,3
MIA,DCA,2,2,0,0
CUN,SLP,1,1,0,0
ZKG,YNA,1,1,0,0
SSJ,TRD,1,1,0,0
SVG,SZZ,1,1,0,0
GDN,SVG,1,1,0,0
VRN,OTP,1,1,0,0
BEG,CRL,1,1,0,0
VNO,BGO,1,1,0,0
KUT,VNO,1,1,0,0
FMM,BEG,1,1,0,0
LAP,MZT,1,1,0,0
IOM,BHD,1,1,0,0
CKG,AQG,1,1,0,0
KWE,BFJ,1,1,0,0
TAK,PVG,1,1,0,0
IRP,FKI,1,1,0,0
SMK,WBB,2,2,0,1
PQM,MEX,1,1,0,0
MEX,SNA,2,2,0,0
XBE,MSA,1,1,0,0
YYZ,LHR,6,6,0,4
LHR,CPT,2,2,0,1
MRS,LHR,2,2,0,1
PHX,TPA,3,3,0,0
LAX,YVR,5,5,0,1
MIA,UIO,2,2,0,0
DFW,QRO,2,2,0,2
SAN,DCA,2,2,0,0
HSV,CLT,2,2,0,1
CDG,ICN,3,3,0,0
ICN,HND,3,3,0,1
LED,HAM,2,2,0,0
SVO,LED,1,1,0,0
STR,CDG,2,2,0,1
CDG,LBV,1,1,0,0
NAP,CDG,3,3,0,1
HKT,BKK,13,13,0,10
ATL,CSG,3,3,0,3
BKK,CDG,3,3,0,1
HAM,TFS,3,3,0,0
IBZ,NUE,1,1,0,0
GRZ,PMI,2,2,0,1
BOM,IDR,4,4,0,2
PFO,BHX,2,2,0,0
MXP,CTA,3,3,0,1
VRN,CTA,3,3,0,0
PAZ,REX,2,2,0,0
CTS,WKJ,1,1,0,0
KMJ,OKA,1,1,0,0
HND,HAC,1,1,0,0
IAD,YYZ,2,2,0,2
ENA,ANC,3,3,0,1
SRY,AWZ,2,2,0,0
TRV,MAA,4,4,0,0
PSA,SVO,2,2,0,1
AUH,BKK,3,3,0,1
HAK,SWA,1,1,0,0
HLH,HET,2,2,0,0
FUG,XMN,1,1,0,0
RMT,RUR,1,1,0,0
ALG,AAE,1,1,0,0
ALG,AMM,2,2,0,0
CZL,HME,1,1,0,0
DUB,BCN,2,2,0,0
KWT,KKI,2,2,0,1
DAL,OKC,2,2,0,1
NAS,FLL,2,2,0,0
BRU,BIO,2,2,0,0
BHB,BOS,1,1,0,0
TPE,ISG,2,2,0,0
SHA,HKG,5,5,0,0
SHA,LHW,3,3,0,0
CKG,XNN,7,7,0,1
CAN,CGQ,3,3,0,1
KWL,WNZ,1,1,0,0
KMG,KWE,7,7,0,1
XMN,WXN,2,2,0,1
SHE,FUK,1,1,0,0
SLZ,BSB,2,2,0,0
SSA,FRA,1,1,0,0
CCS,MDE,1,1,0,1
ATL,GCM,1,1,0,0
LGA,PBI,4,4,0,0
DEN,CVG,3,3,0,2
ARN,OSL,3,3,0,0
BFS,BCN,1,1,0,0
LYS,OPO,2,2,0,0
CTA,NAP,3,3,0,1
VIE,LGW,1,1,0,0
GVA,BRS,1,1,0,0
BCN,VCE,2,2,0,1
EBL,MUC,1,1,0,0
HTA,NZH,1,1,0,0
BRU,VAR,1,1,0,0
PMI,LGG,1,1,0,0
KWE,HKG,1,1,0,0
BAV,XIY,2,2,0,0
OVB,IKT,3,3,0,0
BOM,JED,3,3,0,0
ZTH,LBA,1,1,0,0
AXT,ICN,1,1,0,0
GDN,MUC,2,2,0,1
WAW,MSQ,2,2,0,0
SXM,SLU,1,1,0,0
IST,BEY,2,2,0,0
ARN,KSD,1,1,0,0
MUX,SHJ,1,1,0,0
MNL,MEL,1,1,0,0
TUN,CMN,2,2,0,0
LBV,SSG,1,1,0,0
RAI,CMN,1,1,0,0
LBV,DLA,3,3,0,0
CRL,VOL,1,1,0,0
DTM,AGP,1,1,0,0
LPL,LIG,1,1,0,0
DUB,TFS,2,2,0,0
ALC,FKB,1,1,0,0
SKG,CRL,1,1,0,0
PSA,AHO,1,1,0,0
BTS,AGP,1,1,0,0
NRN,RAK,1,1,0,0
BOS,LIS,2,2,0,1
JNB,JFK,4,4,0,1
DME,SIN,2,2,0,1
ATH,SKU,2,2,0,1
CLE,BWI,2,2,0,0
SPU,ZRH,2,2,0,1
CKG,LHW,3,3,0,0
FLL,MCO,3,3,0,1
BSB,VIX,1,1,0,0
PNH,DMK,1,1,0,0
TXL,IST,1,1,0,0
ESB,MLX,1,1,0,1
MAN,PUJ,2,2,0,0
OSR,PRG,2,2,0,0
NCE,OTP,1,1,0,0
IAH,BHM,1,1,0,1
GRR,IAD,1,1,0,1
MLU,IAH,1,1,0,1
LED,ROV,2,2,0,0
CLT,PDX,2,2,0,0
KBP,TBS,2,2,0,1
DXB,XSB,1,1,0,0
YVR,LIH,1,1,0,0
GCM,YYZ,2,2,0,0
AES,GDN,1,1,0,0
DNH,HGH,1,1,0,0
BHX,RAK,1,1,0,0
SLY,SVX,1,1,0,0
BRL,STL,1,1,0,0
ELD,DAL,1,1,0,0
NSK,GOJ,1,1,0,0
BUS,DNK,1,1,0,1
ANI,ANC,3,3,0,0
AGP,MLN,2,2,0,1
MMK,CEE,1,1,0,0
BNI,LOS,1,1,0,0
CLT,LUK,1,1,0,1
NRT,YVR,4,4,0,1
MEL,SYD,7,7,0,2
CVG,JFK,3,3,0,2
MIA,BOG,5,5,0,2
DAY,CLT,2,2,0,0
MOB,DFW,2,2,0,1
ORD,PHL,3,3,0,0
AVL,CLT,2,2,0,0
HND,GMP,4,4,0,0
CJJ,PEK,2,2,0,1
PIE,GSO,1,1,0,0
PIE,GSP,1,1,0,0
SFB,GFK,1,1,0,0
CPH,LJU,2,2,0,1
AGP,IBZ,2,2,0,0
SVO,SIP,1,1,0,0
ABJ,CDG,2,2,0,1
CWL,GLA,2,2,0,1
CAY,FDF,2,2,0,0
TXL,MXP,2,2,0,1
XRY,PMI,1,1,0,0
RPR,DEL,4,4,0,2
YHZ,YSJ,1,1,0,0
BRU,DLA,5,5,0,4
RIX,LCA,1,1,0,0
BRC,EZE,1,1,0,0
COO,OUA,1,1,0,0
VIE,KRK,2,2,0,2
GCI,LGW,1,1,0,0
VLI,TGH,1,1,0,0
AWD,TAH,1,1,0,0
BWN,KUL,3,3,0,0
TUS,ATL,5,5,0,4
VFA,JNB,3,3,0,1
PZO,CCS,4,4,0,0
TSN,MWX,1,1,0,0
GMP,PEK,4,4,0,0
PEK,EWR,2,2,0,1
PEK,JGS,2,2,0,1
CAN,TNA,5,5,0,1
KWL,NKG,4,4,0,1
XIY,PEK,5,5,0,1
HRB,CTU,2,2,0,1
OGX,ALG,1,1,0,0
ORK,PMI,2,2,0,0
NAN,HNL,2,2,0,1
VLI,NAN,2,2,0,0
WMR,TMM,1,1,0,0
KRR,MCX,1,1,0,0
ROC,MDW,2,2,0,1
YYT,MCO,2,2,0,1
LHR,ACC,2,2,0,1
LHR,AMM,2,2,0,0
NAS,HAV,2,2,0,0
PVK,JSH,1,1,0,0
CDG,BRU,2,2,0,0
YZF,YYH,1,1,0,0
TBN,STL,1,1,0,0
MXP,HKG,1,1,0,0
HKG,FCO,1,1,0,0
SHA,JIU,1,1,0,0
LZH,WUH,1,1,0,0
CKG,BHY,2,2,0,0
CTU,TNA,8,8,0,2
ICN,SHE,2,2,0,0
WNZ,SZX,4,4,0,1
HSN,LYG,1,1,0,0
MAO,BSB,2,2,0,0
GIG,FLN,3,3,0,0
MAN,UVF,1,1,0,1
PMV,MUN,1,1,0,0
ZAD,MUC,2,2,0,1
ROV,PRG,1,1,0,0
PDX,JFK,2,2,0,0
MSP,PSC,1,1,0,1
BUD,CAI,1,1,0,0
ACC,DXB,1,1,0,0
KMG,LZH,1,1,0,0
ABV,ADD,1,1,0,0
BKO,CKY,2,2,0,1
HER,MAN,3,3,0,0
FRA,HEL,5,5,0,4
CGK,CAN,2,2,0,0
DPS,TPE,3,3,0,1
CGN,TLV,1,1,0,0
LHW,CKG,3,3,0,0
CKG,ENY,1,1,0,0
FUE,ZQW,1,1,0,0
KEF,GLA,1,1,0,0
TGO,PVG,1,1,0,0
PEK,AMS,2,2,0,0
ATL,HPN,3,3,0,3
PUS,NKG,2,2,0,1
DEL,KWI,1,1,0,0
LHR,TIP,2,2,0,0
SUB,BTH,2,2,0,0
FRA,ABZ,1,1,0,0
FRA,VLC,2,2,0,1
MUC,EWR,2,2,0,0
LUX,MUC,2,2,0,1
RUH,DOH,3,3,0,1
KUL,TAS,2,2,0,1
FEG,DME,2,2,0,0
KRF,ARN,2,2,0,1
MUC,ARN,3,3,0,1
BGO,FCO,1,1,0,0
KHI,LYP,2,2,0,0
EMA,CCF,1,1,0,0
VLC,BGY,1,1,0,0
SVQ,PMO,1,1,0,0
BDS,PSA,1,1,0,0
RZE,FRA,1,1,0,0
RUH,FRA,2,2,0,0
KNH,RMQ,1,1,0,0
AYT,TRF,1,1,0,0
VNO,ARN,2,2,0,0
GRO,PSA,1,1,0,0
KHI,UET,3,3,0,0
RUH,CGK,1,1,0,0
TUU,DMM,1,1,0,0
MEM,MDW,2,2,0,1
PIT,BWI,2,2,0,1
RDU,DEN,1,1,0,0
KWE,LHW,1,1,0,0
NTG,DLC,2,2,0,1
DME,RTW,1,1,0,0
BKO,LIS,1,1,0,0
IST,DUS,1,1,0,0
IST,ORD,2,2,0,1
IST,TBS,2,2,0,0
IST,KSY,1,1,0,0
MED,IST,2,2,0,0
ADE,IST,1,1,0,0
YYC,ORD,5,5,0,2
HKG,GUM,1,1,0,0
PEK,IAH,2,2,0,1
CLE,GRR,1,1,0,1
IAH,TUL,1,1,0,1
MKE,IAH,1,1,0,1
FAR,DFW,2,2,0,2
LED,SKD,2,2,0,0
KBP,TXL,1,1,0,0
MDW,GDL,1,1,0,0
YLW,YYZ,1,1,0,0
YQB,YYZ,2,2,0,1
LAX,YYC,4,4,0,1
TOS,KKN,1,1,0,0
MAD,SOF,3,3,0,1
SAH,RIY,2,2,0,0
SAH,GXF,2,2,0,0
DYU,DXB,2,2,0,0
TJM,LBD,1,1,0,0
KBP,SVO,2,2,0,0
OTP,DXB,2,2,0,0
DWC,BAH,2,2,0,0
NEV,SKB,2,2,0,0
GOM,BKY,1,1,0,0
YVR,YWL,3,3,0,1
NBO,GLK,1,1,0,0
CDG,ALG,5,5,0,2
SFO,MIA,3,3,0,1
DCA,OMA,3,3,0,3
MSP,DFW,5,5,0,0
BKK,ICN,10,10,0,2
ICN,FRA,3,3,0,0
CEI,BKK,8,8,0,6
TIP,JED,1,1,0,0
LED,ATH,1,1,0,0
ATH,LCA,4,4,0,0
HEL,SVO,2,2,0,0
KGD,SVO,1,1,0,0
SVO,SOF,2,2,0,0
SVO,DOK,1,1,0,0
LYS,AJA,4,4,0,2
ATL,MCO,8,8,0,5
PDX,ATL,4,4,0,2
CGN,SAW,3,3,0,0
MUC,ZTH,1,1,0,0
OLB,MUC,3,3,0,2
DEL,IXB,6,6,0,1
AGX,COK,1,1,0,0
MAN,PMI,8,8,0,0
MFM,SHA,4,4,0,1
TYN,MFM,2,2,0,0
MEX,HMO,3,3,0,0
TIJ,CUL,3,3,0,0
NGS,OKA,1,1,0,0
YHZ,YQY,1,1,0,1
ATH,RIX,1,1,0,0
PSP,SFO,5,5,0,4
BEG,VIE,2,2,0,1
BTU,KUL,2,2,0,0
AMS,TRF,2,2,0,2
JNB,AUH,4,4,0,0
EVN,FCO,1,1,0,0
AQP,LPB,1,1,0,0
MUB,CPT,1,1,0,0
HGH,HAK,7,7,0,1
SYX,WNZ,3,3,0,0
JHS,GOH,1,1,0,0
ALA,FRU,2,2,0,0
TSE,PEK,1,1,0,0
BOS,MCO,4,3,1,0
EWR,MSY,5,5,0,3
HOU,SNA,2,2,0,1
STL,OKC,2,2,0,1
BNA,PIT,2,2,0,1
MKE,DCA,2,2,0,1
EWR,FPO,1,1,0,0
NCE,MSQ,1,1,0,0
EWR,BRU,5,5,0,2
KHN,HKG,1,1,0,0
NKG,BAV,1,1,0,0
PVG,JFK,2,2,0,0
NAY,HSN,2,2,0,1
ZHA,CAN,1,1,0,0
GRU,SLZ,2,2,0,0
RIC,DTW,1,1,0,0
DTW,CID,1,1,0,1
MDW,MSP,4,4,0,2
APN,MSP,1,1,0,1
KRT,DXB,3,3,0,0
DXB,CAN,2,2,0,0
COO,NIM,1,1,0,1
CAI,TUU,3,3,0,0
HAM,FCO,2,2,0,0
TMP,HEL,1,1,0,1
BES,BCN,2,2,0,1
DEN,LIR,1,1,0,0
LGW,PRN,1,1,0,0
CGN,ARN,1,1,0,0
SIN,HAK,3,3,0,0
YIH,PEK,4,4,0,1
HND,MMB,3,3,0,1
BCN,DTM,2,2,0,0
BMY,KOC,1,1,0,0
NGO,OKA,3,3,0,0
LAD,AMS,1,1,0,0
ESD,FRD,1,1,0,0
BGI,FDF,1,1,0,0
SXM,STX,1,1,0,0
GTO,MDC,1,1,0,1
MUC,BOS,2,2,0,1
EWR,MUC,2,2,0,0
ORD,MUC,2,2,0,0
PMI,LUX,1,1,0,0
PVG,IKA,1,1,0,0
DME,NVI,3,3,0,0
BNE,INU,1,1,0,0
LPA,OSL,2,2,0,0
MIR,CDG,2,2,0,0
BSB,FLN,2,2,0,0
MWZ,DAR,1,1,0,0
LHR,DXB,6,6,0,1
DOH,EBB,1,1,0,0
AMM,IST,2,2,0,0
BOH,CCF,1,1,0,0
AGP,DUB,2,2,0,0
SDR,ACE,1,1,0,0
BRE,CPH,1,1,0,0
CPH,HAJ,1,1,0,0
ARN,DUB,2,2,0,0
DME,AMM,2,2,0,1
SIN,CJB,2,2,0,1
AGP,CWL,3,3,0,1
ASF,LED,1,1,0,0
NSK,DME,2,2,0,1
KRT,CAI,2,2,0,0
GVA,JED,1,1,0,0
DMM,MNL,2,2,0,0
JED,AJF,1,1,0,0
TUU,AHB,1,1,0,0
DEL,DMM,3,3,0,0
CMH,BNA,1,1,0,0
KWE,JJN,3,3,0,1
DFW,MYR,1,1,0,0
IPI,BOG,1,1,0,0
IOS,CGH,1,1,0,0
TPE,KUH,1,1,0,0
RTM,EGC,1,1,0,0
RTM,PRG,1,1,0,0
MMO,RAI,1,1,0,0
EWR,MYR,1,1,0,1
IAH,SLP,1,1,0,1
IAH,SAN,1,1,0,0
AZN,LED,1,1,0,0
DAD,PVG,1,1,0,0
PVR,TIJ,1,1,0,0
YLW,YYJ,1,1,0,0
NVK,BOO,1,1,0,0
HHN,SOF,1,1,0,0
GDN,EIN,1,1,0,0
LOK,EDL,1,1,0,0
PDX,PDT,1,1,0,0
FLN,VCP,1,1,0,0
DWC,RUH,1,1,0,0
CGD,SHA,1,1,0,0
KLG,ANI,1,1,0,1
DMM,HBE,2,2,0,0
GCM,PHL,2,2,0,0
PHX,GDL,3,3,0,2
MIA,CCS,3,3,0,0
IND,DFW,2,2,0,0
STL,CLT,2,2,0,0
PHL,BUF,2,2,0,1
SMF,LAX,7,7,0,6
CLT,CUN,2,2,0,0
PIE,SWF,1,1,0,0
ATH,CHQ,3,3,0,1
KRR,SVX,2,2,0,0
SVO,TLV,1,1,0,0
REN,SVO,1,1,0,0
PEK,KHV,3,3,0,0
TUN,MRS,2,2,0,0
DLA,CDG,2,2,0,1
SHE,NBS,2,2,0,1
MUC,HEL,4,4,0,2
TFS,NUE,2,2,0,0
SOF,TXL,3,3,0,1
SPU,NUE,1,1,0,0
PDL,DUS,1,1,0,0
VNS,DEL,5,5,0,2
TIJ,HMO,2,2,0,1
SHJ,MED,1,1,0,0
SHJ,JAI,2,2,0,0
YWG,YVR,2,2,0,0
MBJ,YHZ,3,3,0,0
BOS,YOW,2,2,0,2
PER,KGI,3,3,0,2
KZN,AER,1,1,0,0
HNL,ANC,1,1,0,0
TAI,SAH,2,2,0,0
MDE,BOG,3,3,0,1
VVI,LIM,3,3,0,2
LIM,BOG,2,2,0,1
PNQ,SHJ,2,2,0,0
CCJ,MCT,2,2,0,0
LGK,KCH,1,1,0,0
CDG,GOA,2,2,0,1
SRE,LPB,2,2,0,0
XIY,HIA,1,1,0,0
ARN,PEK,2,2,0,1
KWE,PVG,5,5,0,1
TNA,CAN,5,5,0,1
BJA,MRS,2,2,0,0
MRU,RRG,1,1,0,0
TMM,WMN,1,1,0,0
RDU,SFO,2,2,0,1
ISP,TPA,2,2,0,1
LAS,OAK,3,3,0,1
MUC,LHR,4,4,0,2
VCE,LCY,1,1,0,1
CDG,MSQ,1,1,0,0
FRA,LOS,3,3,0,2
POS,TAB,1,1,0,0
GCM,LYB,1,1,0,0
GMP,TSA,4,4,0,0
URC,KRL,4,4,0,0
LZO,PEK,1,1,0,0
RGN,CAN,2,2,0,0
CTU,CSX,6,6,0,1
MOC,CNF,2,2,0,0
KGS,STR,2,2,0,0
JFK,CMH,3,3,0,1
BTR,ATL,3,3,0,2
GTR,ATL,3,3,0,3
XNA,DTW,1,1,0,1
CAI,CPH,2,2,0,1
SZE,MQX,1,1,0,0
AUH,GVA,2,2,0,0
AUH,AMM,3,3,0,0
SXF,NCE,1,1,0,0
MAN,BSL,1,1,0,0
LTN,NCE,1,1,0,0
STN,OVD,1,1,0,0
AMS,LIS,8,8,0,4
KRK,EDI,2,2,0,0
MRS,LGW,1,1,0,0
CDG,AGP,3,3,0,1
CTA,FLR,3,3,0,1
OVS,VKO,1,1,0,0
JMU,PEK,3,3,0,1
BIO,MAD,2,2,0,0
MAD,PNA,1,1,0,1
CGK,DMK,1,1,0,0
OVB,NZH,1,1,0,0
SDQ,BOS,1,1,0,0
SYD,ZQN,3,3,0,1
LKE,YWH,1,1,0,1
KIH,DXB,1,1,0,0
LPQ,PKZ,1,1,0,0
CAI,MRA,1,1,0,0
CGK,JED,4,4,0,0
RLG,MUC,1,1,0,1
SFO,FRA,3,3,0,1
LUX,XRY,1,1,0,0
LUX,GVA,1,1,0,0
CMB,DAC,2,2,0,1
KUL,ADL,2,2,0,0
MZV,BKI,1,1,0,0
BLQ,CAG,1,1,0,0
OUL,HEL,2,2,0,0
SVG,MAN,1,1,0,0
GOT,ALC,1,1,0,0
ARN,ORY,1,1,0,0
PMI,AAL,1,1,0,0
JED,CGK,4,4,0,0
SHJ,MUX,1,1,0,0
ADB,ATH,1,1,0,0
SAW,EZS,2,2,0,1
SAW,GNY,1,1,0,0
MQM,SAW,2,2,0,1
KMG,UYN,1,1,0,0
ZUH,TSN,1,1,0,0
ROK,BNE,3,3,0,1
SYD,MQL,1,1,0,0
BRU,NDR,2,2,0,0
GRU,CMN,1,1,0,0
ZRH,AMM,1,1,0,0
HHN,PMI,1,1,0,0
EDI,HHN,1,1,0,0
STN,BTS,1,1,0,0
KRK,MAN,1,1,0,0
ACE,SNN,1,1,0,0
GRO,BRE,1,1,0,0
BVA,BUD,1,1,0,0
TSF,BRU,1,1,0,0
PSA,NRN,1,1,0,0
OPO,DLE,1,1,0,0
OTP,CPH,1,1,0,0
DME,VOG,1,1,0,0
DJE,TIP,1,1,0,0
LGK,SIN,5,5,0,2
BGY,SUF,1,1,0,0
JED,HAS,1,1,0,0
TPA,SDF,1,1,0,0
PVG,ZRH,1,1,0,0
TNA,CGQ,6,6,0,2
OPO,GIG,1,1,0,0
DJE,ZRH,1,1,0,0
FCO,IST,2,2,0,0
IST,SJJ,2,2,0,0
IST,DNK,3,3,0,1
KWI,IST,2,2,0,0
SVQ,LEI,2,2,0,0
OSR,CDG,1,1,0,0
MCI,IAD,1,1,0,1
SAT,IAH,1,1,0,0
ORD,BHM,1,1,0,1
DFW,SHV,2,2,0,2
DFW,STL,2,2,0,0
HNL,DFW,2,2,0,0
PHL,PLS,2,2,0,0
PHL,GSO,2,2,0,2
SGN,HUI,2,2,0,0
NYO,POZ,1,1,0,0
OTP,BLQ,1,1,0,0
TYN,PUS,1,1,0,0
NNY,NAY,2,2,0,1
CAI,YNB,3,3,0,0
YYY,YZV,2,2,0,0
MAB,AUX,1,1,0,0
UFA,SGC,1,1,0,0
DPS,BPN,1,1,0,0
SKG,KLX,1,1,0,0
JAX,TPA,2,2,0,1
MYT,MDL,2,2,0,0
YKG,YQC,1,1,0,0
YBX,YYR,1,1,0,0
YMT,YUL,1,1,0,0
YEG,PHX,3,3,0,0
MAD,DFW,5,5,0,2
PLS,MIA,2,2,0,0
MBJ,MIA,2,2,0,0
DFW,MEX,5,5,0,2
DFW,LAW,2,2,0,1
ATL,JFK,10,10,0,7
ICN,CGK,3,3,0,0
AZA,GRR,1,1,0,0
ASF,SVO,1,1,0,0
CDG,LCA,2,2,0,0
WUH,CAN,5,5,0,1
MUC,VIE,5,5,0,3
LHR,ORY,3,3,0,2
NAP,TXL,2,2,0,1
CCJ,JED,2,2,0,0
BHX,FCO,1,1,0,0
AGU,MEX,2,2,0,1
MID,MIA,2,2,0,1
GUM,NGO,3,3,0,1
ITM,AXT,2,2,0,2
EWR,YVR,3,3,0,1
EZE,BOG,2,2,0,0
SEA,FCA,1,1,0,1
VIE,LPA,3,3,0,1
KBR,JHB,3,3,0,1
FCO,PVG,2,2,0,1
URC,HMI,3,3,0,0
PEK,JMU,3,3,0,1
NKG,FOC,8,8,0,2
CKG,SJW,4,4,0,1
EWR,PVG,2,2,0,1
JJN,SZX,4,4,0,1
WUX,SZX,4,4,0,0
HMI,KRL,2,2,0,1
DUB,GVA,1,1,0,0
GVA,DUB,1,1,0,0
SVG,BGO,4,4,0,0
KGF,ALA,2,2,0,0
KBP,KIV,1,1,0,0
HOU,MCI,2,2,0,1
HOU,LAX,2,2,0,0
YYZ,FCO,5,5,0,2
LHR,BCN,3,3,0,2
LHR,JED,2,2,0,0
DRK,SJO,3,3,0,1
MNL,DPL,2,2,0,0
GRU,VDC,1,1,0,0
KHH,OKA,1,1,0,0
CJU,PEK,2,2,0,0
TPE,HRB,2,2,0,0
CAN,HDG,1,1,0,0
CSX,JJN,3,3,0,1
TAO,HET,1,1,0,0
ICN,YNJ,4,4,0,0
SYX,XIY,3,3,0,0
TXN,TAO,1,1,0,0
ZAG,SPU,1,1,0,0
BLQ,ZAG,2,2,0,1
SJJ,ZAG,1,1,0,0
AMS,SFO,2,2,0,1
TPA,LGA,2,2,0,0
ATL,LIR,1,1,0,0
ADD,PVG,1,1,0,0
GDN,WRO,1,1,0,0
ZAD,WAW,1,1,0,0
STN,MUC,1,1,0,0
BOD,BSL,1,1,0,0
TLS,CDG,4,4,0,1
BSL,CAG,1,1,0,0
BUD,GVA,1,1,0,0
PSA,BRS,1,1,0,0
VIX,CAW,1,1,0,0
AMS,INV,1,1,0,0
SUB,JED,1,1,0,0
DUS,TRN,1,1,0,0
UIO,MAD,2,2,0,1
MAA,AMD,2,2,0,0
AWZ,SYZ,3,3,0,0
NZH,UUD,1,1,0,0
HND,GAJ,1,1,0,0
JAI,DEL,4,4,0,1
PVD,ATL,3,3,0,2
LOS,COO,2,2,0,0
CAN,IKA,1,1,0,0
BKI,MZV,1,1,0,0
VRN,FUE,1,1,0,0
CMN,NSI,1,1,0,0
PVG,BWN,1,1,0,0
AMM,KRT,1,1,0,0
CRL,BRI,1,1,0,0
ACE,BRS,2,2,0,0
BCN,VLL,3,3,0,1
VLC,EMA,1,1,0,0
BIQ,STN,1,1,0,0
NRN,CIA,1,1,0,0
WMI,MAN,1,1,0,0
DME,LBD,2,2,0,0
ZRH,JER,1,1,0,0
BWI,OKC,1,1,0,0
BOG,EOH,1,1,0,0
ESM,CLO,1,1,0,0
BSB,LIS,1,1,0,0
IST,CPH,2,2,0,0
KHH,MZG,1,1,0,0
AMS,HER,1,1,0,0
AMS,JMK,1,1,0,0
ORY,VKO,2,2,0,0
DME,UUS,1,1,0,0
MOD,SFO,1,1,0,1
ORD,CWA,3,3,0,2
MCO,TLH,2,2,0,1
ORD,CMI,2,2,0,1
GDL,LAS,1,1,0,0
YYZ,RSW,2,2,0,0
ALF,LKL,1,1,0,0
GDN,BCN,1,1,0,0
XMN,HSN,2,2,0,1
ESU,ORY,2,2,0,0
IMP,CNF,1,1,0,0
MCM,NCE,1,1,0,0
TLC,ZIH,1,1,0,0
LCE,GCM,2,2,0,0
CPH,KEF,3,3,0,1
UME,LLA,1,1,0,0
YUL,DCA,3,3,0,3
YUL,JFK,6,6,0,3
CTS,NRT,6,6,0,1
BNE,AKL,8,8,0,5
MIA,FPO,2,2,0,1
MIA,LIM,5,5,0,2
DFW,XNA,2,2,0,0
SFB,AVP,1,1,0,0
AZA,LAS,1,1,0,0
AZA,MLI,1,1,0,0
SVO,AGP,2,2,0,1
JTR,ATH,3,3,0,2
MXP,LYS,3,3,0,1
CUN,ATL,9,9,0,7
ATL,TYS,6,6,0,4
SHE,CAN,4,4,0,2
DJE,DUS,3,3,0,0
DUS,DME,2,2,0,1
KGS,LEJ,1,1,0,0
HYD,BOM,5,5,0,1
PMI,LGW,6,6,0,0
BLR,VTZ,4,4,0,2
MEX,SAL,2,2,0,1
VAI,POM,1,1,0,0
YPR,YVR,2,2,0,1
YYC,YOW,2,2,0,0
YYJ,SFO,2,2,0,2
SFO,YEG,2,2,0,2
ZQN,CHC,1,1,0,0
AEP,CRD,2,2,0,1
JHB,PEN,1,1,0,0
OTP,TSR,2,2,0,1
ZRH,FCO,3,3,0,1
CCS,PMV,4,4,0,0
KMG,ZHA,1,1,0,0
HKG,DLC,2,2,0,1
PEK,HLD,5,5,0,1
FOC,NKG,8,8,0,2
MDG,PEK,4,4,0,1
EDI,ORK,1,1,0,1
LYS,DUB,1,1,0,0
TNR,SVB,1,1,0,0
BVA,KIV,1,1,0,0
POM,BUL,1,1,0,0
REP,BKK,2,2,0,0
PDL,FNC,3,3,0,2
HKG,TPE,6,6,0,1
ATH,DOH,2,2,0,0
GCM,HAV,1,1,0,0
NKG,TPE,3,3,0,2
KWL,CKG,6,6,0,1
IMP,BSB,2,2,0,0
PTY,VVI,1,1,0,0
AUA,PTY,1,1,0,0
ZAG,CDG,2,2,0,0
OSS,SVX,3,3,0,0
CVG,XNA,1,1,0,1
SLC,LWS,1,1,0,1
ATL,LAN,2,2,0,1
JFK,SDF,1,1,0,0
ORD,LHR,9,9,0,3
DXB,CCU,1,1,0,0
AUH,DAC,1,1,0,0
GDN,BRU,1,1,0,0
BFS,GLA,1,1,0,0
MAD,LPL,1,1,0,0
SSH,LTN,3,3,0,0
DEL,HEL,1,1,0,0
IPH,SIN,2,2,0,1
KUL,SYD,2,2,0,0
SOU,EDI,1,1,0,0
PMI,BOD,3,3,0,1
BUS,DME,2,2,0,0
STR,KVA,1,1,0,0
LIN,TXL,1,1,0,0
IXC,BOM,4,4,0,1
KWE,SYX,4,4,0,0
HAJ,FAO,1,1,0,0
YVQ,ZFN,1,1,0,0
OKJ,CTS,2,2,0,1
MAD,SCL,2,2,0,0
GEA,ILP,1,1,0,0
THR,YES,1,1,0,0
HKD,ITM,1,1,0,1
BCN,GLA,1,1,0,0
JFK,DEN,2,2,0,0
TNR,NBO,1,1,0,0
SCL,ZCO,2,2,0,0
FRA,PMO,1,1,0,1
OSL,FRA,3,3,0,1
OTP,MUC,2,2,0,0
CMB,KUL,4,4,0,1
BGO,SXF,1,1,0,0
BHV,LHE,2,2,0,0
YUL,DOH,1,1,0,0
CCJ,DOH,1,1,0,0
DOH,MAN,2,2,0,0
MEL,WGA,1,1,0,0
OSM,AMM,2,2,0,0
POZ,CIA,1,1,0,0
ACE,BGY,1,1,0,0
TOS,ARN,1,1,0,0
PHX,RDU,1,1,0,0
TPA,MCI,2,2,0,1
BCN,BSL,2,2,0,1
CJC,SCL,2,2,0,0
BEG,TUN,1,1,0,0
FUE,LGW,5,5,0,0
BKK,CCU,2,2,0,0
IST,HRG,2,2,0,0
SYZ,IST,1,1,0,0
MLH,MRS,1,1,0,0
LPA,AMS,1,1,0,0
MPL,RTM,1,1,0,0
RIX,DME,2,2,0,0
TIP,SFA,4,4,0,0
BRU,PRG,4,4,0,1
MNL,GUM,2,2,0,0
DRO,DEN,1,1,0,1
ORD,YHZ,2,2,0,2
VPS,IAH,1,1,0,1
CUR,MIA,3,3,0,0
DFW,YVR,3,3,0,1
SGN,BMV,3,3,0,0
PER,LEA,3,3,0,2
YYZ,AZS,2,2,0,0
TRD,TRF,3,3,0,1
VLC,CLJ,1,1,0,0
BUD,EIN,1,1,0,0
VCP,PFB,1,1,0,0
YCL,YWK,1,1,0,0
YTL,XKS,1,1,0,0
LYS,ORN,2,2,0,0
NRT,FUK,4,4,0,1
SCL,JFK,2,2,0,1
KUL,PEN,4,4,0,0
MIA,ORD,3,3,0,1
HPN,PHL,2,2,0,1
DFW,MIA,2,2,0,0
ATL,PHX,9,9,0,6
PEK,PUS,4,4,0,1
MRA,BEN,2,2,0,0
GAL,NUL,2,2,0,1
SSA,MAD,1,1,0,0
OSL,ATH,3,3,0,1
TLV,ROV,1,1,0,0
NIM,OUA,8,8,0,2
DUB,LCY,2,2,0,1
EYW,ATL,3,3,0,2
OMD,WDH,1,1,0,0
DUS,SZG,2,2,0,1
RHO,MUC,3,3,0,0
BHX,SPU,1,1,0,0
CDG,PMO,4,4,0,1
MEU,ORX,1,1,0,0
MFM,HAN,1,1,0,0
YYZ,NRT,2,2,0,1
FUK,TSJ,1,1,0,1
ITM,SDJ,3,3,0,1
YOW,ORD,2,2,0,2
YWG,DEN,2,2,0,2
YYZ,TLV,2,2,0,0
OUA,ABJ,7,7,0,3
AZS,YUL,2,2,0,1
ANC,DLG,2,2,0,1
FRA,GRZ,2,2,0,1
YOW,YFB,3,3,0,1
SCL,BOG,2,2,0,1
MDE,CTG,1,1,0,0
LIM,ANF,1,1,0,1
FCO,TRS,1,1,0,0
LPB,POI,2,2,0,0
KWE,WUH,5,5,0,1
NAO,XIY,1,1,0,0
HIA,XIY,1,1,0,0
VAA,ARN,4,4,0,2
KWE,HGH,6,6,0,1
LAX,PEK,3,3,0,2
TNA,WNZ,2,2,0,1
BAV,TSN,3,3,0,1
MRU,NBO,2,2,0,1
MSY,SAN,2,2,0,1
VRA,YUL,3,3,0,0
ANU,LGW,3,3,0,1
LPA,CMN,2,2,0,1
BKK,TPE,6,6,0,1
KMG,SYX,3,3,0,0
XMN,SHA,6,6,0,1
HGH,SWA,2,2,0,0
LJG,HKG,1,1,0,0
CGO,HMI,1,1,0,0
GIG,FOR,3,3,0,0
OSI,ZAG,1,1,0,0
OTP,PRG,3,3,0,0
FCO,BOS,2,2,0,1
MEM,DCA,3,3,0,2
LGA,LEX,1,1,0,1
ICN,ATL,2,2,0,1
TLV,ZRH,2,2,0,0
LPL,IOM,2,2,0,0
SOF,STN,1,1,0,0
SZB,PKU,2,2,0,1
NWI,JER,1,1,0,0
LHR,BIO,2,2,0,0
BCN,SDR,3,3,0,1
ORY,ALC,2,2,0,1
KOE,ENE,2,2,0,1
BPN,SUB,4,4,0,0
SYZ,GSM,2,2,0,0
CGN,BUD,1,1,0,0
STR,SPU,1,1,0,0
BEG,STR,3,3,0,0
IXJ,SXR,4,4,0,0
BCN,NDR,4,4,0,1
AGP,HAJ,2,2,0,1
YEG,KEF,1,1,0,0
BUZ,THR,2,2,0,0
VVO,BQS,1,1,0,0
KWI,ATZ,1,1,0,0
HBA,MEL,4,4,0,1
KWI,BAH,4,4,0,0
WRY,PPW,1,1,0,0
MYY,BBN,1,1,0,1
ASM,JUB,1,1,0,0
OSL,LIS,2,2,0,0
ARN,KRK,1,1,0,0
BCN,TRF,1,1,0,0
MCT,ADD,2,2,0,0
MCT,KHS,1,1,0,0
MJD,KHI,1,1,0,0
ADL,CED,1,1,0,0
ADL,MGB,1,1,0,0
CRL,AHO,1,1,0,0
HHN,CAG,1,1,0,0
STN,PIS,1,1,0,0
STN,TUF,1,1,0,0
WRO,EMA,1,1,0,0
GSE,EDI,1,1,0,0
IBZ,GRO,1,1,0,0
VLC,MRS,1,1,0,0
RDZ,STN,1,1,0,0
MPL,HHN,1,1,0,0
NRN,EDI,1,1,0,0
NRN,CFU,1,1,0,0
IAD,DKR,3,3,0,1
CPH,ABZ,1,1,0,0
HTA,DME,2,2,0,1
BLR,IXG,1,1,0,0
URC,XIY,9,9,0,1
BUD,LTN,2,2,0,0
CEK,DYU,2,2,0,0
TPA,EYW,4,4,0,2
TNA,RMQ,1,1,0,0
XIY,YBP,1,1,0,0
CKG,HKT,2,2,0,0
PZI,CKG,1,1,0,0
BVC,LIS,2,2,0,0
SIN,CRK,3,3,0,0
IST,MZH,1,1,0,0
SSH,DME,1,1,0,0
CLE,CMH,1,1,0,1
PDX,LMT,1,1,0,1
DEN,LIH,1,1,0,0
YOW,CLT,2,2,0,2
MIA,BHM,2,2,0,1
PHL,MAN,2,2,0,0
BOO,MJF,1,1,0,0
BEY,SAH,1,1,0,0
NBE,BHX,1,1,0,0
LWO,DTM,1,1,0,0
HRK,DXB,1,1,0,0
TJM,URJ,1,1,0,0
BET,KUK,1,1,0,1
VOZ,EVN,1,1,0,0
SAT,GDL,2,2,0,0
LHR,PSA,2,2,0,1
DCA,BOS,3,3,0,0
ORD,MIA,3,3,0,1
NGO,NRT,3,3,0,0
NRT,ICN,10,10,0,1
FUK,PUS,3,3,0,0
GYD,KBL,1,1,0,0
HAM,LED,1,1,0,0
GYD,LED,3,3,0,1
UUS,VVO,2,2,0,0
ODS,SVO,2,2,0,0
LED,AMS,2,2,0,1
NIM,CDG,3,3,0,2
BIA,MRS,3,3,0,1
CLY,NCE,3,3,0,2
ORY,CFE,1,1,0,0
ACC,WDH,1,1,0,0
DUS,ZTH,1,1,0,0
STR,VCE,2,2,0,1
PMI,FDH,2,2,0,0
PMI,SVQ,4,4,0,0
JED,CCJ,2,2,0,0
AMS,PMO,3,3,0,0
IDR,PNQ,2,2,0,2
COK,BOM,7,7,0,1
SJC,SJD,2,2,0,1
KIV,RIX,1,1,0,0
AKL,OOL,3,3,0,1
AKL,CNS,2,2,0,1
KZN,ASF,1,1,0,0
AEP,TUC,2,2,0,0
AMS,CWL,2,2,0,2
AUH,KUL,4,4,0,1
BOS,FCO,2,2,0,1
FUG,XIY,1,1,0,0
GVA,CPH,4,4,0,0
JFK,SNN,1,1,0,0
FNJ,SHE,1,1,0,0
CPT,MRU,1,1,0,0
MBJ,AMS,1,1,0,0
SAN,LAS,3,3,0,1
OKC,DAL,2,2,0,1
MJZ,KJA,2,2,0,0
LHR,ZAG,3,3,0,1
YWG,YQK,1,1,0,0
TFN,DKR,1,1,0,0
SUB,HKG,1,1,0,0
UDI,GRU,3,3,0,0
TPE,YVR,2,2,0,0
DNH,XIY,2,2,0,0
HIA,CAN,1,1,0,0
TYN,XIY,2,2,0,0
CGO,NNY,1,1,0,0
HGH,NNY,1,1,0,0
HFE,ZUH,1,1,0,0
BSB,BEL,2,2,0,0
GIG,NAT,2,2,0,0
MLE,FRA,1,1,0,0
GUA,PTY,1,1,0,0
PTY,BOS,2,2,0,0
ADZ,CLO,2,2,0,2
YUL,CMW,1,1,0,0
PRG,GOJ,2,2,0,0
VSA,MEX,3,3,0,1
DTW,MCO,2,2,0,0
LGA,ROC,1,1,0,1
PHL,CVG,3,3,0,0
JFK,TPE,1,1,0,0
CPH,CAI,2,2,0,1
HBE,HRG,1,1,0,0
KBP,TLV,2,2,0,0
ZNZ,ADD,1,1,0,0
EBB,ADD,1,1,0,0
LPL,ACE,2,2,0,0
BCN,SXF,2,2,0,0
MXP,OLB,1,1,0,0
NAP,BSL,1,1,0,0
HEL,KEF,2,2,0,1
GOT,TXL,3,3,0,1
IOM,MAN,1,1,0,0
OVD,AGP,2,2,0,1
PEK,NZH,1,1,0,0
SZX,TNA,4,4,0,1
EDI,BCN,3,3,0,1
MAD,LDE,1,1,0,1
DPS,SUB,4,4,0,1
LBA,PFO,1,1,0,0
NCL,HER,2,2,0,0
MJV,EMA,2,2,0,0
VCE,EDI,1,1,0,0
MEX,AMS,1,1,0,0
FRA,WAW,3,3,0,1
AXA,ANU,1,1,0,0
BTH,PNK,1,1,0,0
TXL,EWR,2,2,0,1
JOG,PLM,1,1,0,0
ZNZ,JNB,1,1,0,0
LOS,BEY,1,1,0,0
ARN,EDI,2,2,0,0
KTA,MEL,1,1,0,0
TTA,CMN,1,1,0,0
CMN,AUH,3,3,0,2
ZRH,CMN,1,1,0,0
KRT,AMM,2,2,0,0
AMM,DEL,1,1,0,0
EMA,NOC,1,1,0,0
RYG,BZR,1,1,0,0
ALC,NYO,1,1,0,0
BDS,TSF,1,1,0,0
PSA,PMO,1,1,0,0
VNO,BCN,2,2,0,0
LPA,FNC,2,2,0,1
SSB,SPB,1,1,0,0
HGA,ADD,1,1,0,0
GBT,MED,1,1,0,0
MCO,EYW,1,1,0,0
LAS,ZRH,1,1,0,0
HAK,CKG,5,5,0,0
CTU,JJN,1,1,0,0
EIN,VCE,1,1,0,0
DKR,RAI,2,2,0,0
PRG,AYT,1,1,0,0
SJO,ORD,1,1,0,0
DAY,IAD,1,1,0,1
SAN,IAD,1,1,0,0
GJT,PHX,2,2,0,2
CTU,HAN,1,1,0,0
MID,MTY,2,2,0,0
PHE,PER,2,2,0,1
JED,RIY,1,1,0,0
VRN,MAN,2,2,0,0
TSA,GMP,4,4,0,0
DXB,ELQ,1,1,0,0
STT,VIJ,1,1,0,0
LIM,JAU,1,1,0,0
VIE,BRN,1,1,0,0
TLV,VIN,1,1,0,0
YXL,XBE,1,1,0,0
YPC,YEV,1,1,0,0
YZG,YWB,1,1,0,0
MAD,PHL,2,2,0,0
SDQ,PHL,2,2,0,0
HMO,PHX,4,4,0,2
DFW,OGG,2,2,0,0
DFW,JAN,2,2,0,1
PBI,LGA,4,4,0,0
ORD,CDG,10,10,0,4
BMI,ORD,2,2,0,2
LCK,SFB,1,1,0,0
AZA,BLI,1,1,0,0
BJZ,BCN,1,1,0,0
SCQ,PMI,3,3,0,1
VIE,ACH,1,1,0,0
BNX,ZRH,1,1,0,0
MRS,BOD,2,2,0,0
NUE,KGS,1,1,0,0
TXL,AGP,2,2,0,0
JER,STR,1,1,0,0
PMI,FAO,1,1,0,0
IXS,IMF,1,1,0,0
MAA,FRA,2,2,0,1
LBA,DLM,3,3,0,0
TGU,RTB,2,2,0,0
SJD,SJC,2,2,0,1
HND,AKJ,3,3,0,1
NGO,CTS,4,4,0,1
KRT,SHJ,2,2,0,0
YHZ,YYT,4,4,0,1
YYZ,YGK,1,1,0,1
STL,YYZ,2,2,0,2
AUH,AMS,7,7,0,2
SVX,NJC,2,2,0,0
DME,KZN,4,4,0,0
MDZ,SLA,1,1,0,1
AMS,VIE,2,2,0,1
LIM,MVD,1,1,0,0
FCO,YYZ,5,5,0,2
FCO,BZO,2,2,0,0
GRU,FCO,1,1,0,0
BUQ,JNB,2,2,0,1
XIY,SZX,5,5,0,1
HGH,CAN,10,10,0,2
URC,TYN,3,3,0,1
FRA,DUB,2,2,0,0
GYE,GPS,2,2,0,0
TNR,DIE,1,1,0,0
KJA,YKS,1,1,0,0
SFO,DEN,4,4,0,1
SJC,SAN,2,2,0,1
MCO,SAT,3,3,0,2
MCO,BNA,3,3,0,2
LHR,NRT,4,4,0,1
PLZ,CPT,3,3,0,1
LXS,SKG,1,1,0,0
MJT,RHO,1,1,0,0
BRS,BRU,1,1,0,1
BOJ,SVO,1,1,0,0
SJO,MGA,3,3,0,1
YYQ,YRT,2,2,0,1
POS,CCS,1,1,0,0
BXU,CEB,1,1,0,0
JGN,JIC,2,2,0,1
CAN,NRT,6,6,0,3
XIY,CTU,8,8,0,2
MIG,CSX,2,2,0,1
BSB,MAB,3,3,0,0
GRU,POA,4,4,0,0
MCZ,SSA,2,2,0,0
LEJ,FUE,2,2,0,0
AMS,DTW,2,2,0,1
EWR,DTW,2,2,0,1
IAD,SVO,2,2,0,0
YVR,TPE,2,2,0,0
TPE,BKK,6,6,0,1
ABZ,SVG,3,3,0,0
DXB,BAH,4,4,0,1
DXB,MED,3,3,0,0
BRS,BCN,1,1,0,0
LTN,BCN,1,1,0,0
CPH,SXF,2,2,0,0
CPH,EDI,2,2,0,0
FAO,ORY,2,2,0,0
WIL,MRE,3,3,0,0
LMP,PMO,1,1,0,1
CGK,HND,2,2,0,0
TLS,HAM,2,2,0,0
CAN,HAK,5,5,0,1
BRU,DBV,1,1,0,0
ANU,PUJ,2,2,0,1
EXT,NQY,1,1,0,0
HNA,CTS,1,1,0,1
NCE,LBA,1,1,0,0
BOS,STI,1,1,0,0
UIO,CLO,1,1,0,1
AQP,CUZ,1,1,0,1
XKH,VTE,1,1,0,0
BTU,BKI,1,1,0,1
SBW,BTU,1,1,0,1
HEL,ORY,1,1,0,0
CPH,MAD,3,3,0,1
ALC,GOT,1,1,0,0
CTA,CPH,1,1,0,0
CDG,LHE,1,1,0,0
JED,DOH,2,2,0,0
KGL,IST,1,1,0,0
FMO,AGP,1,1,0,0
HHN,LIS,1,1,0,0
EDI,CFU,1,1,0,0
EIN,ACE,1,1,0,0
LPA,CRL,1,1,0,0
BCN,MAN,3,3,0,0
BCN,RYG,1,1,0,0
AGP,BVA,1,1,0,0
AHO,DUB,1,1,0,0
TGD,STN,1,1,0,0
KGD,DME,3,3,0,0
AAQ,DME,1,1,0,0
MUC,IST,4,4,0,1
OAK,SAN,1,1,0,0
ELP,HOU,1,1,0,0
HOU,OAK,1,1,0,0
ALB,MCO,1,1,0,0
GVA,LCY,1,1,0,1
IAD,ZRH,2,2,0,1
IBR,CTS,1,1,0,0
SZI,UKK,1,1,0,0
LIG,NCE,1,1,0,0
XMN,RMQ,2,2,0,0
VIE,RTM,1,1,0,0
PFO,DME,2,2,0,0
LAD,WDH,2,2,0,0
VHC,LAD,1,1,0,0
ELH,PBI,2,2,0,1
ICT,ORD,3,3,0,3
LAX,PSP,1,1,0,1
CAE,IAH,1,1,0,1
CHO,IAD,1,1,0,1
TAS,DXB,1,1,0,0
EPR,PER,2,2,0,1
KSU,BGO,1,1,0,0
BVG,BJF,1,1,0,0
BEG,DTM,1,1,0,0
JIB,JED,1,1,0,0
EBL,ADA,2,2,0,0
ACA,MTY,1,1,0,0
CAP,PAP,1,1,0,0
IEV,BGY,1,1,0,0
JPA,FOR,1,1,0,0
UBA,CNF,1,1,0,0
DXB,TIF,1,1,0,0
HGH,XFN,1,1,0,0
DOY,DLC,1,1,0,0
GCN,PGA,1,1,0,0
CUL,MEX,3,3,0,0
BEG,SKG,1,1,0,0
BEG,LJU,1,1,0,0
YIK,YZG,1,1,0,0
YOW,PHL,2,2,0,2
LHR,LIS,7,7,0,5
AKL,PPT,4,4,0,1
SFO,SEA,6,6,0,3
MDT,BOS,2,2,0,1
HPN,CLT,2,2,0,1
TIP,AMM,3,3,0,0
LAS,FCA,1,1,0,0
MAD,LEI,2,2,0,1
RHO,KZS,2,2,0,0
CDG,SGN,3,3,0,1
ATL,BRU,3,3,0,2
HRG,NUE,1,1,0,0
IBZ,HAJ,1,1,0,0
MEX,MTY,6,6,0,2
MMB,HND,3,3,0,1
ITM,KOJ,2,2,0,1
KIX,NRT,4,4,0,1
YWK,YYR,2,2,0,1
LFW,OUA,2,2,0,1
PRN,VIE,1,1,0,1
MAN,GCI,1,1,0,0
TGU,SAL,1,1,0,0
FRA,SGN,2,2,0,1
BDS,FCO,1,1,0,0
HFE,TAO,4,4,0,1
TAO,WNZ,4,4,0,1
URC,KRY,2,2,0,0
CAN,SHA,7,7,0,1
BET,KWT,2,2,0,1
EEK,BET,1,1,0,0
KHV,YKS,1,1,0,0
MHT,TPA,2,2,0,1
MHT,MSP,1,1,0,1
WUH,ENH,4,4,0,1
XIY,LXA,3,3,0,0
KWE,SHA,6,6,0,0
PVG,HAN,2,2,0,1
NAY,CIF,2,2,0,1
TXN,SHA,2,2,0,1
CAN,TSN,5,5,0,1
WUH,KWL,1,1,0,0
URC,ASB,1,1,0,0
MDG,PVG,1,1,0,0
TNA,KWL,2,2,0,0
YCU,CSX,1,1,0,0
PRG,SOF,2,2,0,1
YVR,SLC,1,1,0,1
MSN,DTW,1,1,0,0
DXB,KBP,2,2,0,0
TLL,TRD,2,2,0,1
MPM,ADD,1,1,0,0
EDI,HAM,1,1,0,0
BSL,FUE,2,2,0,0
GVA,NCE,2,2,0,0
YTE,YZS,1,1,0,0
WJR,WIL,1,1,0,0
EDI,SYY,1,1,0,1
BCN,BLQ,3,3,0,1
CTA,BCN,2,2,0,1
UPG,DJJ,3,3,0,0
DJJ,UPG,3,3,0,0
SRG,SIN,4,4,0,1
AYT,ERF,1,1,0,0
MXP,HAJ,1,1,0,0
MLN,MAD,1,1,0,1
LCG,BCN,2,2,0,0
GEA,KNQ,1,1,0,0
JHB,CGK,1,1,0,0
MHD,HDM,1,1,0,0
HND,IZO,1,1,0,0
FLL,PUJ,2,2,0,0
BNE,HTI,2,2,0,1
LST,SYD,2,2,0,1
SYD,AYQ,2,2,0,1
GUM,PUS,1,1,0,0
ICN,AKL,1,1,0,0
LIM,TRU,1,1,0,1
MUC,ODS,1,1,0,1
RMQ,SGN,1,1,0,0
CPT,PLZ,3,3,0,1
INU,TRW,1,1,0,0
OSL,EDI,2,2,0,0
DEL,LHE,1,1,0,0
MAA,DOH,1,1,0,0
DOH,ISU,1,1,0,0
LHR,CMN,1,1,0,0
BWN,BKI,2,2,0,0
AGP,BTS,1,1,0,0
BRI,BGY,1,1,0,0
FMM,AHO,1,1,0,0
STR,CPH,1,1,0,0
LJU,CPH,2,2,0,1
HGH,LHW,4,4,0,2
KRT,EGN,2,2,0,0
JED,ORN,1,1,0,0
CRP,HOU,1,1,0,0
CTU,CKG,1,1,0,0
CTU,HDG,1,1,0,0
INC,KWL,1,1,0,0
XNN,MIG,1,1,0,0
MYR,DTW,2,2,0,1
KBP,LIS,2,2,0,1
HAN,BKK,4,4,0,0
SAW,SJJ,2,2,0,0
BKK,SVX,1,1,0,0
CLE,ROC,1,1,0,1
FCA,DEN,1,1,0,1
DXB,SVX,1,1,0,0
MMX,GDN,1,1,0,0
PUS,XIY,1,1,0,0
CWL,HER,1,1,0,0
TJM,NYA,2,2,0,0
MAO,BAZ,1,1,0,0
ISU,DXB,1,1,0,0
TOG,KWN,1,1,0,1
HEL,CEE,1,1,0,0
CEE,VKO,1,1,0,0
AJA,BES,1,1,0,0
YPL,YQT,1,1,0,0
LIM,JFK,3,3,0,2
PHX,GJT,2,2,0,2
DCA,CHS,2,2,0,2
MIA,ATL,12,12,0,10
DFW,GDL,2,2,0,0
CMH,PHL,2,2,0,2
DAB,CLT,2,2,0,0
ORD,ICN,3,3,0,1
BKK,CEI,8,8,0,6
TAL,RBY,1,1,0,0
RUH,JED,5,5,0,0
JMK,ATH,2,2,0,1
LIT,ATL,4,4,0,3
ATL,SAT,7,7,0,4
ZRH,OLB,2,2,0,1
LAX,NRT,9,9,0,1
LCA,TLV,3,3,0,0
PTY,POS,2,2,0,0
RIX,TAS,2,2,0,1
DIL,DRW,2,2,0,1
AKL,GIS,1,1,0,1
CCJ,BAH,1,1,0,0
BLQ,IAS,2,2,0,0
NKG,DSN,1,1,0,0
AKL,PVG,2,2,0,1
PEK,XIY,5,5,0,1
CTU,CGQ,2,2,0,1
TNA,XIY,7,7,0,1
CZL,CDG,1,1,0,0
ORN,AZR,1,1,0,0
WTL,KKH,1,1,0,0
RMI,KRR,1,1,0,0
GUR,LSA,1,1,0,0
PHX,LAS,4,4,0,1
BWI,ORF,2,2,0,1
YUL,YYZ,6,6,0,3
EVN,VOG,1,1,0,0
BRU,OSL,2,2,0,0
HKG,CAN,3,3,0,0
HKG,KMG,4,4,0,0
DOH,VCE,2,2,0,0
MNL,BKK,4,4,0,0
ICN,KLO,3,3,0,0
BRA,SSA,3,3,0,0
KMG,CMB,1,1,0,0
KMG,JNG,1,1,0,0
SHA,WUH,4,4,0,0
JNG,HRB,1,1,0,0
CAN,SVO,2,2,0,0
KHN,CGQ,1,1,0,0
KWE,SWA,1,1,0,0
NNY,HGH,1,1,0,0
WNZ,XIY,5,5,0,1
CWB,CGH,2,2,0,0
MUC,RHO,3,3,0,0
DXB,ATL,1,1,0,0
DTW,ABE,1,1,0,1
SVG,ABZ,3,3,0,0
CAI,BCN,1,1,0,0
CCU,DXB,1,1,0,0
BJM,KGL,6,6,0,2
EBB,KGL,5,5,0,1
TKG,BTH,2,2,0,0
BLR,BOM,6,6,0,1
IKT,NZH,1,1,0,0
URC,SZX,1,1,0,0
GPA,FRA,1,1,0,0
LIF,GEA,1,1,0,0
BGO,TRD,3,3,0,0
SXR,BOM,1,1,0,0
BND,SRY,1,1,0,0
LJG,WUH,3,3,0,0
CHC,WLG,2,2,0,0
NBO,CAN,2,2,0,0
AMQ,MKW,1,1,0,1
BUW,UPG,1,1,0,1
FRA,CPH,4,4,0,1
MUC,ORD,2,2,0,0
KIX,FRA,2,2,0,1
SHE,FRA,2,2,0,1
LUX,LPA,1,1,0,0
JED,MUX,1,1,0,0
LHE,DOH,2,2,0,0
TUG,MNL,3,3,0,0
TSN,XMN,5,5,0,2
ADL,MEL,4,4,0,1
DRW,ADL,2,2,0,0
LTN,MLA,1,1,0,0
STN,VLC,1,1,0,0
BVA,TFS,1,1,0,0
CAG,KUN,1,1,0,0
PSA,VLC,1,1,0,0
HKG,ZRH,1,1,0,0
CKG,HYN,2,2,0,1
LIS,BOS,2,2,0,1
EWR,LIS,3,3,0,1
TUN,IST,2,2,0,0
OKA,TPE,3,3,0,0
VKO,MLE,1,1,0,0
LAD,GIG,1,1,0,0
PTY,LAS,2,2,0,1
BOG,IAD,2,2,0,1
BOS,ZRH,2,2,0,1
LAX,SMX,1,1,0,1
HNL,ORD,1,1,0,0
ORD,ORF,1,1,0,1
CLT,ORD,3,3,0,0
GDL,SAT,2,2,0,0
YHM,YHZ,1,1,0,0
YHZ,YYZ,3,3,0,1
OSL,HOV,1,1,0,0
SOG,SDN,1,1,0,0
EIN,SOF,1,1,0,0
CSX,NAY,2,2,0,1
BLK,IOM,1,1,0,0
KDM,GAN,1,1,0,0
ULN,HVD,1,1,0,0
PNH,HAN,2,2,0,0
CGB,BVH,1,1,0,0
INC,JGN,1,1,0,0
VSA,MID,2,2,0,0
WTL,BET,1,1,0,1
KYU,GAL,1,1,0,1
ACK,TEB,1,1,0,0
BZE,SQS,1,1,0,0
CEE,HEL,1,1,0,0
MDW,MBL,1,1,0,1
SUR,YXL,1,1,0,0
YVR,LAS,4,4,0,1
LHR,LAX,11,11,0,4
ZRH,PHL,2,2,0,0
MIA,MCO,2,2,0,0
SEA,PHL,3,3,0,0
DAY,DCA,2,2,0,1
AUS,CLT,2,2,0,2
PHL,YQB,2,2,0,2
PHL,EWR,2,2,0,1
JFK,IND,3,3,0,1
ALB,DCA,2,2,0,1
CLT,MHT,2,2,0,2
TUN,TIP,4,4,0,0
FCO,TIP,2,2,0,0
KAL,HSL,1,1,0,0
LYS,FCO,4,4,0,1
MYR,ATL,4,4,0,3
DRS,RHO,1,1,0,0
MUC,DUS,3,3,0,0
MUC,NAP,3,3,0,1
VIE,HAJ,3,3,0,1
IXC,DEL,4,4,0,2
LGW,DBV,5,5,0,0
MEL,AKL,8,8,0,4
CTA,VRN,3,3,0,0
AUH,SEZ,3,3,0,2
YVR,SEA,5,5,0,5
BCN,YYZ,2,2,0,1
NRT,YYZ,2,2,0,1
RIX,CPH,3,3,0,1
YOW,YZF,1,1,0,0
AKN,KLL,1,1,0,0
FLN,AEP,1,1,0,0
MIA,SAL,4,4,0,1
DLA,DKR,1,1,0,0
MXP,SOF,2,2,0,1
HET,HLD,5,5,0,1
EBL,IST,2,2,0,0
TSE,OMS,1,1,0,0
GUW,AMS,1,1,0,0
ORY,LRT,1,1,0,0
YKS,CKH,2,2,0,0
MDW,LAX,2,2,0,1
MDW,IAD,2,2,0,1
MAN,LHR,5,5,0,3
NAS,LHR,1,1,0,0
KBV,USM,1,1,0,0
OME,ELI,2,2,0,1
TLV,MSQ,1,1,0,0
DLC,LYG,2,2,0,0
TXN,CTU,2,2,0,1
PEK,XMN,6,6,0,0
DUS,LPA,4,4,0,0
PRG,CPH,4,4,0,0
MSP,CMH,1,1,0,0
KTM,PBH,1,1,0,0
ABZ,HUY,1,1,0,0
DUS,FRA,2,2,0,1
IAD,ADD,1,1,0,0
SEN,GVA,1,1,0,0
STN,GLA,1,1,0,0
TLS,BRS,2,2,0,0
BSL,FAO,1,1,0,0
BSL,PMI,3,3,0,0
PMI,BFS,2,2,0,0
HEL,TLV,1,1,0,0
KRK,HEL,1,1,0,0
OPO,ZRH,3,3,0,2
BHD,INV,1,1,0,0
EDI,EXT,1,1,0,0
STL,PVR,1,1,0,0
BAH,SAH,2,2,0,1
MHD,BAH,2,2,0,0
OGG,ITO,1,1,0,0
VGO,BIO,1,1,0,1
NSH,THR,1,1,0,0
SIN,KWE,1,1,0,0
BQS,VVO,1,1,0,0
DOH,COK,2,2,0,0
BJV,GLA,1,1,0,0
YWH,LKE,1,1,0,1
JED,NBO,2,2,0,1
SVG,FRA,2,2,0,1
NCE,FRA,1,1,0,0
YPY,YSM,1,1,0,0
MED,RUH,2,2,0,0
GIG,POA,3,3,0,0
SKG,HER,2,2,0,0
ISB,KDU,1,1,0,0
HHN,PSR,1,1,0,0
STN,PUY,1,1,0,0
SNN,NCE,1,1,0,0
ACE,NRN,1,1,0,0
BGY,LBA,1,1,0,0
BLQ,MAN,1,1,0,0
TSF,HHN,1,1,0,0
KUN,NOC,1,1,0,0
IXM,HYD,1,1,0,0
SAN,SJC,2,2,0,1
LEX,DCA,1,1,0,1
IBZ,EIN,2,2,0,0
BEY,JED,2,2,0,0
BNA,RDU,1,1,0,0
ZRH,LCY,3,3,0,3
ADB,SAW,3,3,0,0
FOR,SLZ,3,3,0,0
YYZ,OPO,3,3,0,1
ESB,BGW,1,1,0,0
IST,MAD,1,1,0,0
IST,LWO,1,1,0,0
EIN,LIS,1,1,0,0
DME,SGN,2,2,0,0
DXB,LAD,2,2,0,0
LIS,EWR,3,3,0,1
CUN,EWR,1,1,0,0
SJU,EWR,2,2,0,0
EWR,SJO,1,1,0,0
ORD,ATW,1,1,0,1
GDL,LMM,1,1,0,0
DTM,BUD,1,1,0,0
GSE,WAW,1,1,0,0
TSR,BCN,1,1,0,0
CDG,LPA,1,1,0,0
EBL,ARN,3,3,0,1
DYU,SHJ,1,1,0,0
SUB,PKN,1,1,0,0
PFB,VCP,1,1,0,0
LCY,BRN,1,1,0,0
YVP,YKG,1,1,0,0
YVR,YKA,2,2,0,1
YYR,YDP,2,2,0,0
YPJ,YTQ,1,1,0,0
CVG,DFW,3,3,0,2
DFW,RDU,2,2,0,0
EVV,ORD,2,2,0,2
LHR,ICN,3,3,0,0
ICN,DPS,3,3,0,0
TUN,BEN,3,3,0,0
CMN,BEN,2,2,0,0
PIE,FWA,1,1,0,0
PIE,ABE,1,1,0,0
GTF,LAS,1,1,0,0
PVU,AZA,1,1,0,0
SDQ,MAD,1,1,0,0
SKG,FRA,2,2,0,1
ATH,KIT,2,2,0,0
ATH,JSI,2,2,0,0
ATH,HBE,2,2,0,0
BEG,SVO,2,2,0,0
SVO,BLQ,2,2,0,1
SVO,ULN,2,2,0,0
SVO,NUX,1,1,0,0
CDG,BEY,2,2,0,0
ATL,STR,3,3,0,2
FRA,RIX,3,3,0,1
DUS,FCO,3,3,0,1
SZG,LGW,2,2,0,1
HYD,DEL,5,5,0,2
BOM,VNS,1,1,0,0
IXR,DEL,5,5,0,2
DAC,DEL,3,3,0,0
AJL,GAU,2,2,0,2
EMA,BRU,1,1,0,0
CUN,HAV,2,2,0,0
ZLO,MEX,3,3,0,1
TPE,SDJ,2,2,0,1
FUK,SIN,2,2,0,1
TAK,HND,2,2,0,0
HND,FUK,4,4,0,0
FOC,SZX,4,4,0,1
KUH,CTS,1,1,0,0
YYZ,PLS,2,2,0,0
UVF,YYZ,2,2,0,0
RIX,BRU,2,2,0,1
EZE,COR,1,1,0,0
TUS,PDX,1,1,0,1
TJA,LPB,2,2,0,0
KBP,VIE,2,2,0,1
WLH,SON,1,1,0,0
SDQ,ORY,1,1,0,0
SWA,HAK,1,1,0,0
DSN,NKG,1,1,0,0
RFP,PPT,1,1,0,0
TMP,ARN,3,3,0,2
PEK,WUH,5,5,0,0
PEK,HET,4,4,0,1
PEK,YTY,2,2,0,1
WUH,CTU,7,7,0,0
NGB,PEK,5,5,0,1
DUB,SFO,1,1,0,0
ANM,WMN,1,1,0,0
SVB,WMN,1,1,0,0
CGA,KTN,2,2,0,0
VER,MEX,3,3,0,0
AUS,SJC,2,2,0,1
FNT,TPA,2,2,0,1
ZRH,SKP,2,2,0,1
ZRH,PRN,2,2,0,1
DME,PES,1,1,0,0
YZS,YUT,2,2,0,1
HKG,PUS,4,4,0,0
BSB,OPS,1,1,0,0
SHA,CKG,7,7,0,1
PVG,XMN,4,4,0,0
HET,WUA,2,2,0,0
WNZ,SHA,3,3,0,1
FUO,NAY,2,2,0,1
CAN,AMS,2,2,0,1
CAN,HET,4,4,0,0
KHN,CKG,4,4,0,1
PVG,JMU,1,1,0,0
SYX,SWA,1,1,0,0
BEL,BSB,2,2,0,0
GYN,CGH,2,2,0,0
FRA,TAB,1,1,0,0
BRM,PMV,1,1,0,0
CCS,CBS,1,1,0,0
PRG,ROV,1,1,0,0
CVG,JAX,1,1,0,1
TPE,GUM,2,2,0,0
BNE,ROK,3,3,0,2
HEL,FRA,5,5,0,4
JRO,ZNZ,2,2,0,0
MXP,HAM,2,2,0,0
HAM,MXP,2,2,0,0
AOI,TXL,1,1,0,0
VBY,BMA,2,2,0,1
MAD,LOS,1,1,0,0
NJF,IKA,2,2,0,0
MMY,HND,1,1,0,0
GMP,NGO,1,1,0,0
AUS,BOS,1,1,0,0
JFK,ABQ,1,1,0,0
CKG,SHA,7,7,0,1
AMS,MAN,3,3,0,1
ATL,ATW,3,3,0,3
DXB,KBL,5,5,0,0
KWI,KUL,1,1,0,0
KTW,WAW,1,1,0,0
DUS,ATH,2,2,0,1
SPU,FRA,3,3,0,0
SZB,BTH,2,2,0,1
VBY,MMX,2,2,0,1
SVK,PLJ,1,1,0,0
ASM,KRT,1,1,0,0
TPE,KLO,2,2,0,0
CIP,LUN,1,1,0,0
CCU,DOH,1,1,0,0
BRE,MAN,1,1,0,0
HAU,BRE,1,1,0,0
PRG,DUB,2,2,0,0
JNB,FIH,1,1,0,0
KIM,CPT,1,1,0,1
BOM,JLR,1,1,0,0
MAN,LHE,1,1,0,0
KRT,JED,3,3,0,0
JED,CDG,2,2,0,1
DEN,SAT,3,3,0,1
BUF,TPA,1,1,0,0
ZRH,BEG,2,2,0,0
WUH,NTG,1,1,0,0
PVG,ZHA,3,3,0,1
WUX,XIY,3,3,0,0
HIR,BNY,1,1,0,0
CGH,JOI,2,2,0,0
IST,ARN,2,2,0,0
ORY,LIG,1,1,0,0
MIA,VKO,1,1,0,0
NOV,LAD,1,1,0,0
ROR,MNL,1,1,0,1
PHL,AUA,2,2,0,0
DAD,VII,1,1,0,0
HAN,DIN,1,1,0,0
YEG,YQQ,1,1,0,0
SNA,YVR,2,2,0,1
OTP,MXP,1,1,0,0
VCP,IOS,1,1,0,0
SHA,ZYI,1,1,0,0
BET,OOK,1,1,0,1
ANI,KLG,2,2,0,1
MEX,CPE,2,2,0,1
GOA,CTA,1,1,0,0
YQB,YGR,1,1,0,0
MBL,MDW,1,1,0,1
TLS,LHR,2,2,0,1
HND,HNL,5,5,0,2
BNE,MEL,5,5,0,2
PHX,ABQ,4,4,0,3
LAX,JFK,8,8,0,1
DFW,YYZ,5,5,0,2
TYS,LGA,3,3,0,2
PDX,PHL,2,2,0,0
ORD,HSV,3,3,0,2
CLT,FLL,2,2,0,0
SZX,ICN,3,3,0,0
LAX,PVU,1,1,0,0
LCK,PIE,1,1,0,0
PVU,OAK,1,1,0,0
MAD,LCG,3,3,0,1
CHQ,ATH,3,3,0,1
RAK,MRS,3,3,0,0
SXB,FCO,3,3,0,1
SHV,ATL,3,3,0,3
KWI,GOI,1,1,0,0
DEL,IDR,5,5,0,1
LGW,HER,3,3,0,0
VCE,BHX,1,1,0,0
FNC,BHX,2,2,0,0
MLA,PRG,2,2,0,1
GOT,BHX,1,1,0,0
XMN,MFM,4,4,0,0
SHE,MFM,2,2,0,0
MTT,MEX,2,2,0,1
RAB,BUA,2,2,0,0
YYC,YMM,2,2,0,1
AUH,MUC,3,3,0,1
ISA,DRW,2,2,0,1
USH,EZE,1,1,0,0
HNL,PDX,2,2,0,0
ANC,LAX,2,2,0,1
AWZ,IFN,2,2,0,0
BKI,HKG,5,5,0,0
KWL,KUL,1,1,0,0
JNB,GBE,2,2,0,1
DSN,HGH,1,1,0,0
AHE,PPT,1,1,0,0
PEK,YBP,2,2,0,1
TAO,KHN,3,3,0,1
HSN,JJN,4,4,0,2
UAK,JJU,1,1,0,0
TSE,LHR,1,1,0,0
MOQ,TLE,1,1,0,0
LIS,KIV,1,1,0,0
HOG,CUN,1,1,0,0
MDW,EWR,2,2,0,1
LHR,DAC,1,1,0,0
YWG,YFO,2,2,0,0
VOG,ROV,1,1,0,0
AMS,PVG,3,3,0,2
SHA,SHE,2,2,0,1
PVG,HSN,1,1,0,0
NGO,PVG,5,5,0,0
DYU,URC,3,3,0,0
NGB,SZX,4,4,0,0
PVG,URC,2,2,0,0
PVG,SHE,5,5,0,0
ZYI,PEK,3,3,0,1
AVA,CAN,1,1,0,0
CNF,SSA,3,3,0,0
CNF,UDI,2,2,0,0
SXM,PTY,1,1,0,0
ZAD,FRA,2,2,0,1
TLV,PRG,4,4,0,0
PAP,ATL,1,1,0,0
HKG,DPS,5,5,0,0
TNA,KHH,1,1,0,1
DLA,BGF,2,2,0,1
BRS,TFS,5,5,0,0
STN,IBZ,3,3,0,0
LYS,LIS,2,2,0,1
KUL,PER,2,2,0,0
IEV,BCN,2,2,0,1
TPA,ILG,1,1,0,0
SIN,BDO,5,5,0,2
NBE,BRE,1,1,0,0
STR,BRE,1,1,0,0
POZ,DUS,1,1,0,0
DEN,LBF,1,1,0,0
RGS,BCN,1,1,0,1
KOC,BMY,1,1,0,0
TBZ,BND,1,1,0,0
IKA,GOT,1,1,0,0
IKA,KUL,2,2,0,0
DME,KQT,1,1,0,0
BRU,BOM,2,2,0,1
AUH,MAA,2,2,0,0
BFS,ACE,1,1,0,0
GMP,HIN,1,1,0,0
FRA,KWI,2,2,0,0
ZOS,ZAL,1,1,0,0
FRA,POZ,2,2,0,1
SFO,MUC,2,2,0,1
GVA,LUX,1,1,0,0
BAH,CMB,2,2,0,1
TUN,BEY,2,2,0,1
CHQ,BGO,1,1,0,0
LHR,ISB,1,1,0,0
KHI,PJG,1,1,0,0
RUH,MNL,2,2,0,0
KLO,PUS,2,2,0,0
VIE,DOH,1,1,0,0
BHQ,DBO,1,1,0,0
NIM,CMN,1,1,0,0
TLL,BRE,1,1,0,0
BHX,MJV,1,1,0,0
LPL,ALC,2,2,0,0
LTN,LPA,2,2,0,0
DUB,RIX,1,1,0,0
KRS,ALC,1,1,0,0
DME,GOJ,2,2,0,0
ZRH,SIN,3,3,0,0
DEL,RUH,2,2,0,0
OAK,ONT,1,1,0,0
SAT,STL,2,2,0,1
STL,TUL,1,1,0,0
MKE,BWI,2,2,0,1
BHM,HOU,1,1,0,0
MSY,BNA,1,1,0,0
SGN,NNG,1,1,0,0
CRW,MYR,1,1,0,0
SCL,IQQ,3,3,0,1
NNB,IRA,1,1,0,0
OPO,GRU,1,1,0,0
BOS,PDL,2,2,0,1
CPH,BKK,2,2,0,0
BKK,DME,3,3,0,0
IST,LJU,2,2,0,0
DOH,IST,2,2,0,0
JTR,VOL,1,1,0,0
YQM,EWR,1,1,0,1
IAH,GDL,1,1,0,0
LIT,DEN,2,2,0,1
IAD,BRU,3,3,0,1
IAD,DFW,3,3,0,0
NMA,SVX,2,2,0,0
ORD,GRB,3,3,0,3
LXA,BPX,1,1,0,0
BOO,SKN,1,1,0,0
BGO,SKE,1,1,0,0
TSR,VLC,1,1,0,0
MEM,HRO,1,1,0,0
LWO,NAP,1,1,0,0
PVG,BKI,2,2,0,0
EIS,DOM,2,2,0,0
BRN,MUC,1,1,0,0
CEE,VUS,1,1,0,0
FAI,BTT,2,2,0,0
YWP,YLH,1,1,0,0
SJO,MIA,3,3,0,1
BOM,LHR,5,5,0,1
LAX,SMF,6,6,0,5
SEA,SMF,4,4,0,2
ONT,DFW,2,2,0,0
PHL,IPT,2,2,0,1
BDL,PIT,2,2,0,2
ATH,PHL,3,3,0,1
ICN,VVO,5,5,0,1
YNJ,ICN,4,4,0,0
FAR,SFB,1,1,0,0
AZA,MSO,1,1,0,0
NTE,ATH,2,2,0,0
ATH,IST,3,3,0,0
KUF,SVO,1,1,0,0
OVB,VVO,2,2,0,0
CKG,CAN,8,8,0,2
JIB,CDG,1,1,0,0
CGN,OLB,3,3,0,0
STR,TXL,3,3,0,0
TXL,STR,3,3,0,0
NCE,VIE,3,3,0,2
HYD,PNQ,5,5,0,2
DEL,JAI,4,4,0,1
GIB,LTN,1,1,0,0
VTZ,BLR,4,4,0,2
MFM,XMN,4,4,0,0
MFM,HGH,4,4,0,1
LAX,CUN,4,4,0,0
KIX,FUK,3,3,0,0
KIX,PEK,2,2,0,0
KVG,MAS,1,1,0,0
YFC,YYZ,1,1,0,1
YUL,YYY,1,1,0,1
YYZ,SNU,4,4,0,1
BKK,NRT,8,8,0,2
WLG,TRG,1,1,0,1
CBB,VVI,2,2,0,0
CUN,BOG,2,2,0,1
BOG,UIO,4,4,0,2
SIN,TRZ,2,2,0,0
FCO,VCE,2,2,0,0
BAY,OTP,2,2,0,1
XIY,KWE,8,8,0,1
XIY,BAV,2,2,0,0
HRB,HLD,1,1,0,0
MVT,PPT,1,1,0,0
NKG,PEK,4,4,0,1
ALA,TAS,2,2,0,0
RDZ,ORY,1,1,0,0
AJA,BVE,1,1,0,0
GCM,NAS,1,1,0,0
BKK,RGN,4,4,0,0
VKT,DME,1,1,0,0
BRU,AGA,3,3,0,0
HKG,TNN,1,1,0,0
HKG,WUX,1,1,0,0
XIY,GOQ,1,1,0,0
LXA,KMG,1,1,0,0
CSX,DYG,2,2,0,0
CGD,CAN,1,1,0,0
YIH,XMN,2,2,0,1
FLN,EZE,1,1,0,0
DME,FRU,6,6,0,0
ACE,FRA,2,2,0,0
PMV,MAR,1,1,0,0
ORY,YUL,1,1,0,0
MSN,LGA,1,1,0,0
SFO,CVG,1,1,0,0
EWR,MSP,2,2,0,1
ROC,DTW,1,1,0,1
ATL,NRT,1,1,0,0
LGA,BTV,1,1,0,0
JFK,GUA,1,1,0,0
MSP,INL,1,1,0,1
MCO,ORF,3,2,1,1
CAI,FCO,2,2,0,0
DXB,NRT,2,2,0,1
BLR,DXB,1,1,0,0
PER,DXB,2,2,0,1
LZH,KMG,1,1,0,0
NLA,ADD,1,1,0,0
PRG,STN,2,2,0,0
KIX,HEL,2,2,0,1
SYY,BEB,1,1,0,1
PMI,TLS,2,2,0,1
TTN,DTW,1,1,0,0
DEN,SJD,3,3,0,0
ILG,DTW,1,1,0,0
GSM,KIH,1,1,0,0
HAM,FKB,1,1,0,0
CGN,LHR,1,1,0,0
STR,ATH,1,1,0,0
TRN,BCN,3,3,0,1
KBL,MHD,1,1,0,0
HAN,NGO,2,2,0,1
MAN,MAH,3,3,0,0
NCL,KRK,1,1,0,0
FUK,AMS,1,1,0,0
KBP,AMS,2,2,0,0
LKE,SEA,1,1,0,1
DXB,KIH,1,1,0,0
MDZ,SCL,1,1,0,0
CJC,LSC,2,2,0,1
LOP,CGK,2,2,0,0
LUX,IBZ,1,1,0,0
LDU,BKI,1,1,0,1
AGH,BMA,2,2,0,1
ALC,AES,1,1,0,0
TUN,MIR,2,2,0,0
SYD,ARM,2,2,0,1
BRU,TNG,2,2,0,0
EMA,VLC,1,1,0,0
EDI,POZ,1,1,0,0
STN,KIR,1,1,0,0
IBZ,LBA,3,3,0,0
TRN,MLA,1,1,0,0
PSA,LPL,1,1,0,0
ICN,DFW,4,4,0,1
MAQ,DMK,1,1,0,0
OSL,MXP,2,2,0,0
JED,GVA,1,1,0,0
XMN,KOW,1,1,0,0
INC,HRB,1,1,0,0
BVV,UUS,1,1,0,0
SCO,TBS,1,1,0,0
BRS,PMI,5,5,0,0
CGN,IST,1,1,0,0
IST,SOF,1,1,0,0
KIX,IST,2,2,0,1
AMS,ZTH,1,1,0,0
VKO,HKT,1,1,0,0
LHR,ASB,1,1,0,0
LAD,PEK,1,1,0,0
MLM,IAH,1,1,0,1
TPA,JAX,2,2,0,1
ORD,IAD,1,1,0,0
SNA,IAH,1,1,0,0
KJA,SKD,1,1,0,0
ORD,DSM,3,3,0,1
VCL,SGN,1,1,0,1
YLW,YEG,1,1,0,0
MBJ,YYZ,3,3,0,1
EVE,BOO,1,1,0,0
LTN,TGM,1,1,0,0
MGZ,TVY,1,1,0,0
TJM,NUX,2,2,0,0
DJJ,WMX,1,1,0,0
NSK,LED,1,1,0,0
XFN,HGH,1,1,0,0
FRS,BZE,2,2,0,0
MPL,SXB,2,2,0,0
YPM,YVZ,1,1,0,0
YTL,YER,1,1,0,0
DCA,TYS,2,2,0,1
ATL,PHL,9,9,0,5
PDX,SJC,3,3,0,1
PHL,SXM,2,2,0,0
ORD,CHO,2,2,0,2
BDA,JFK,4,4,0,0
ICN,SPN,1,1,0,0
LAX,BLI,1,1,0,0
BCN,CDG,5,5,0,1
LAX,SVO,2,2,0,0
AMS,AUH,7,7,0,2
GVA,CDG,2,2,0,1
GYD,FRA,3,3,0,2
GYD,PEK,1,1,0,0
DUS,TLV,1,1,0,0
DUS,VIE,3,3,0,1
LNZ,HER,2,2,0,0
DED,LKO,1,1,0,0
BHX,BCN,2,2,0,0
GUA,TAP,1,1,0,1
EVN,SHJ,1,1,0,0
YYZ,YQR,3,3,0,1
SFO,YYJ,2,2,0,2
CHC,ZQN,1,1,0,0
SHJ,ADE,1,1,0,0
VIE,PRN,1,1,0,1
VIE,HRK,2,2,0,2
IKA,VIE,2,2,0,1
SAL,CLO,1,1,0,0
CCS,LIM,2,2,0,1
BKI,TWU,2,2,0,0
KBR,BKI,1,1,0,0
LIN,PSR,1,1,0,0
CGK,AUH,3,3,0,0
UYU,LPB,1,1,0,0
CJU,TSN,2,2,0,0
NNG,CGO,4,4,0,0
PPT,RFP,1,1,0,0
AZR,OGX,1,1,0,0
IST,CZL,1,1,0,0
NOC,LGW,1,1,0,0
FRA,TSE,3,3,0,1
MDW,HOU,2,2,0,1
PPS,CEB,1,1,0,0
GUM,TPE,2,2,0,0
TPE,TAO,4,4,0,1
NNG,HAN,1,1,0,0
TAO,CAN,5,5,0,1
SHA,YIH,2,2,0,1
CKG,TXN,2,2,0,1
HET,NAY,2,2,0,1
DSN,KMG,1,1,0,0
TPE,NNG,2,2,0,0
TYN,CZX,2,2,0,1
TYN,DYG,1,1,0,0
URC,OVB,3,3,0,0
BOS,PLS,2,2,0,0
ORD,CVG,4,4,0,2
ACC,ABJ,8,8,0,0
AMS,CAI,2,2,0,0
LAD,ADD,2,2,0,0
CAI,LXR,2,2,0,0
FOC,KWE,3,3,0,1
MRS,FRA,2,2,0,1
ORD,AUH,2,2,0,1
KRK,SEN,1,1,0,0
AGA,LYS,1,1,0,0
BSL,TLS,1,1,0,0
MXP,PRG,3,3,0,0
FCO,HEL,2,2,0,0
DJJ,BIK,2,2,0,0
DUS,ISU,1,1,0,0
ZAD,TXL,1,1,0,0
CTA,CGN,1,1,0,0
MED,BAH,2,2,0,1
SVQ,MAD,1,1,0,1
ACE,BLK,1,1,0,0
PRG,EDI,2,2,0,0
JFK,SDQ,2,2,0,0
BDJ,BDO,1,1,0,0
SDK,KUD,1,1,0,1
RUH,AHB,2,2,0,0
ERZ,IST,2,2,0,0
AMS,KYA,1,1,0,0
SAW,ZRH,1,1,0,0
DOH,JED,2,2,0,0
CPH,CMN,1,1,0,0
CMN,RAK,1,1,0,0
LPL,KGS,1,1,0,0
STN,REU,1,1,0,0
SNN,WMI,1,1,0,0
KRK,AGP,1,1,0,0
FEZ,EIN,1,1,0,0
WMI,DUB,1,1,0,0
JNB,LAD,2,2,0,0
AMQ,UPG,3,3,0,0
PEK,RLK,2,2,0,1
BIA,GVA,1,1,0,0
GSE,ZAD,1,1,0,0
STL,LGA,4,4,0,2
MDW,OMA,2,2,0,1
XIY,JDZ,2,2,0,0
JJN,CSX,3,3,0,1
IAH,LAS,2,2,0,0
BRU,TUN,1,1,0,0
DMK,KMG,1,1,0,0
ESB,FRA,1,1,0,0
VKO,JFK,1,1,0,0
KOA,DEN,1,1,0,0
DEN,MRY,1,1,0,1
KRR,BUD,1,1,0,0
DCA,GSP,2,2,0,1
BDL,DCA,2,2,0,1
CLT,GIG,1,1,0,0
PHE,DPS,1,1,0,0
PER,HKT,1,1,0,1
YCD,YYC,1,1,0,0
SKN,ANX,1,1,0,0
EIN,BEG,1,1,0,0
BVA,GDN,1,1,0,0
DEB,EIN,1,1,0,0
FOC,DLC,1,1,0,0
VCE,NTE,2,2,0,0
SQS,BZE,1,1,0,0
ABJ,ROB,1,1,0,0
YBG,YZV,1,1,0,0
YEG,YYC,3,3,0,1
LUX,LHR,2,2,0,1
BCN,LHR,3,3,0,2
GRU,CLT,2,2,0,0
BGI,MIA,2,2,0,0
BNE,LAX,4,4,0,2
MIA,PLS,2,2,0,0
MIA,GUA,5,5,0,2
PHL,MUC,2,2,0,0
PHL,CHO,2,2,0,1
CLT,ATL,8,8,0,6
GSO,CLT,2,2,0,0
KWJ,CJU,2,2,0,0
ICN,PVG,5,5,0,0
BRU,LJU,2,2,0,1
LED,UGC,2,2,0,0
SVO,AAQ,1,1,0,0
PNR,CDG,2,2,0,0
LYS,AMS,2,2,0,1
MPL,FCO,2,2,0,2
CDG,NAP,3,3,0,1
HAN,REP,3,3,0,1
GYD,ESB,1,1,0,0
SKG,HAM,2,2,0,0
PMI,CPH,3,3,0,0
JED,DEL,2,2,0,0
BOM,IXU,3,3,0,1
MAN,NAP,3,3,0,0
PNQ,BOM,2,2,0,1
RJA,HYD,3,3,0,2
ABZ,BRS,1,1,0,0
MFM,OKJ,1,1,0,0
MLM,SFO,1,1,0,0
NRT,DEN,2,2,0,1
KKJ,HND,3,3,0,1
KMJ,HND,2,2,0,0
SHJ,DEL,1,1,0,0
YUL,FRA,2,2,0,1
YZV,YQB,3,3,0,1
BOG,EJA,1,1,0,0
PTP,FDF,5,5,0,0
BCN,FCO,4,4,0,1
PEK,NKG,4,4,0,1
XFN,PEK,2,2,0,1
CDG,AAE,1,1,0,0
DUB,STR,1,1,0,0
CIT,ALA,2,2,0,0
GPS,GYE,2,2,0,0
LYS,MLH,1,1,0,0
LYS,MPL,1,1,0,0
ORY,UIP,1,1,0,0
SLC,MHT,1,1,0,1
KKA,OME,1,1,0,0
DME,MSQ,3,3,0,1
HKG,INC,1,1,0,0
PEK,JIQ,1,1,0,0
KMG,NKG,8,8,0,2
KIX,NKG,2,2,0,1
URC,LBD,1,1,0,0
IKA,URC,1,1,0,0
ZAG,PRN,1,1,0,0
FRU,SGC,2,2,0,0
TAS,PRG,2,2,0,1
CAN,LAX,2,2,0,1
DTW,MLI,1,1,0,1
LSE,MSP,1,1,0,1
SIN,CCU,4,4,0,1
MME,ABZ,1,1,0,0
LLI,GDQ,1,1,0,0
BRS,DLM,3,3,0,0
LGW,AJA,1,1,0,0
ULO,ULN,1,1,0,0
DUB,SOU,1,1,0,0
TXL,SJJ,1,1,0,0
FAO,FRA,3,3,0,1
DLM,HAJ,2,2,0,0
MAH,MAD,1,1,0,1
PMI,IBZ,2,2,0,1
BDH,SYZ,1,1,0,0
BEY,IKA,1,1,0,0
NJC,OMS,1,1,0,0
LIR,JFK,2,2,0,0
NNG,KWL,2,2,0,1
MLI,ATL,3,3,0,3
NTX,BTH,1,1,0,1
FRA,BLL,2,2,0,1
OSL,MUC,3,3,0,0
DUS,CAG,3,3,0,0
VIE,VOL,2,2,0,0
BGO,KRK,1,1,0,0
ARN,MMX,2,2,0,0
JED,LGW,1,1,0,0
KHI,JED,3,3,0,0
MED,ISB,1,1,0,0
LHE,SHJ,1,1,0,0
CRL,KRK,1,1,0,0
MST,ALC,1,1,0,0
EIN,CIA,1,1,0,0
RBA,GRO,1,1,0,0
ZAD,NYO,1,1,0,0
GRO,RAK,1,1,0,0
FKB,SKG,1,1,0,0
CPH,BUD,2,2,0,0
OSL,GOT,2,2,0,1
KBP,SVX,2,2,0,0
DUR,DXB,2,2,0,1
ARN,AGP,2,2,0,0
TUL,LAS,1,1,0,0
SNA,SJC,1,1,0,0
FLL,TLC,1,1,0,0
ORD,MCO,4,4,0,0
LPB,ARI,1,1,0,0
TUN,SXB,1,1,0,0
ESB,ADA,1,1,0,1
VKO,FCO,1,1,0,0
TFS,PRG,1,1,0,0
KSA,PNI,1,1,0,0
CLE,BOS,1,1,0,0
EWR,PIT,1,1,0,1
BOI,ORD,1,1,0,1
PHL,SFO,4,4,0,0
SVX,MUC,1,1,0,0
SAF,LAX,3,3,0,3
CLT,PWM,2,2,0,0
VER,GDL,2,2,0,0
OAK,GDL,1,1,0,0
LHR,ABZ,5,5,0,3
TOS,SKN,1,1,0,0
KTW,DSA,1,1,0,0
SXK,LUV,1,1,0,0
PLU,AAX,1,1,0,0
VCP,NAT,1,1,0,0
CKS,BEL,1,1,0,0
CKG,BFJ,1,1,0,0
PJA,TLL,1,1,0,1
NTE,SXB,2,2,0,0
DEL,LHR,5,5,0,1
TPA,ORD,4,4,0,0
JFK,MAD,9,9,0,3
IEV,ATH,1,1,0,0
BOJ,LED,2,2,0,0
PRG,LED,2,2,0,0
LED,MMK,2,2,0,0
SVO,ZRH,1,1,0,0
OUA,NIM,7,7,0,2
AMS,DMM,3,3,0,2
GRK,ATL,3,3,0,3
TXL,NBE,1,1,0,0
PMI,LNZ,2,2,0,1
ALC,EMA,4,4,0,0
SSH,MAN,5,5,0,0
GDL,PTY,2,2,0,1
XMN,NRT,3,3,0,2
YVR,YCG,1,1,0,1
YYZ,YDF,2,2,0,0
TKU,RIX,1,1,0,0
ABZ,RIX,1,1,0,0
RAR,SYD,1,1,0,0
AKL,WAG,1,1,0,1
GIS,AKL,1,1,0,1
STR,GRZ,2,2,0,2
BOG,MCO,3,3,0,0
VLS,VLI,1,1,0,0
VCE,TLS,2,2,0,1
PEK,GVA,1,1,0,0
HGH,HET,4,4,0,2
NGB,CTU,3,3,0,1
HFE,CAN,5,5,0,0
WNZ,CAN,6,6,0,1
ALG,MXP,1,1,0,0
NCE,BES,1,1,0,0
LAS,HOU,2,2,0,1
SDF,MDW,2,2,0,1
IKT,MJZ,1,1,0,0
LED,CSY,1,1,0,0
SIN,RDN,1,1,0,0
DLA,NSI,6,6,0,3
TLS,BRU,2,2,0,0
BGW,TBS,1,1,0,0
IKT,BTK,1,1,0,0
SYD,HKG,5,5,0,2
MIA,CYB,1,1,0,0
WUH,CIH,1,1,0,0
CKG,NAY,2,2,0,1
XMN,ZUH,4,4,0,2
CGQ,ICN,2,2,0,0
MXZ,CAN,1,1,0,0
ZUH,HFE,1,1,0,0
NAT,BSB,3,3,0,0
SLZ,GIG,2,2,0,0
LEJ,LPA,1,1,0,0
STR,HER,3,3,0,0
MRS,BIA,3,3,0,1
EZE,CCC,1,1,0,0
SLC,TWF,1,1,0,1
DTW,LIT,1,1,0,1
STN,EDI,1,1,0,0
PMO,ORY,2,2,0,0
GIB,LGW,1,1,0,0
CDG,NCL,3,3,0,2
BIO,ALC,2,2,0,1
BMA,THN,1,1,0,0
WUA,XIY,1,1,0,0
STR,FAO,2,2,0,0
BRU,NBE,1,1,0,0
RPR,IDR,1,1,0,0
NCL,PSA,1,1,0,0
NBO,POL,2,2,0,0
BEN,AMM,3,3,0,0
SRG,BDJ,1,1,0,0
YUL,GVA,4,4,0,3
FRA,LAD,1,1,0,0
GVA,YUL,4,4,0,3
IST,FRA,3,3,0,1
AOR,KUL,2,2,0,0
BMA,BRU,2,2,0,1
CDG,TIV,1,1,0,0
DME,ASF,2,2,0,0
LGW,OSL,1,1,0,0
MED,SAW,1,1,0,0
ZRH,MCT,2,2,0,0
PJG,KHI,1,1,0,0
SYD,BME,1,1,0,0
STN,ALC,1,1,0,0
RYG,CIA,1,1,0,0
WRO,RYG,1,1,0,0
GSE,ALC,1,1,0,0
AHO,PSA,1,1,0,0
PSA,GDN,1,1,0,0
PMI,AAR,1,1,0,0
PMI,NYO,1,1,0,0
NRN,BGY,1,1,0,0
JNB,APL,2,2,0,1
TRF,SVG,2,2,0,1
SXR,IXC,1,1,0,0
BFS,MLA,1,1,0,0
BRU,RAK,3,3,0,0
RUH,URY,1,1,0,0
ONT,OAK,1,1,0,0
ABQ,DAL,1,1,0,0
HRB,NZH,1,1,0,0
UIO,ETR,1,1,0,0
GRU,JOI,1,1,0,0
MFM,SIN,1,1,0,0
FIH,IST,1,1,0,0
IST,KHI,1,1,0,0
SAW,TZX,2,2,0,1
AMS,PSA,1,1,0,0
OTP,CLJ,2,2,0,1
EWR,MHT,1,1,0,1
CMH,EWR,1,1,0,1
ORD,ABE,1,1,0,1
SBA,SFO,1,1,0,1
EZE,IAH,1,1,0,0
RAP,ORD,1,1,0,1
LCA,SVX,1,1,0,0
TAS,CDG,1,1,0,0
TAS,SVX,2,2,0,0
OVB,TAS,2,2,0,0
BNE,HIR,2,2,0,1
BGI,YYZ,2,2,0,0
BGO,KTW,1,1,0,0
OTP,BVA,1,1,0,0
ZNZ,MBA,1,1,0,0
OUD,LIL,1,1,0,0
MEM,ELD,1,1,0,0
NNT,CNX,1,1,0,0
MGF,VCP,1,1,0,0
BEY,DWC,1,1,0,0
DXB,OTP,2,2,0,0
DXB,VOG,1,1,0,0
GYN,RAO,2,2,0,0
GLV,OME,1,1,0,1
MEX,PQM,1,1,0,0
YVO,YKU,1,1,0,0
BHD,LHR,4,4,0,2
LHR,AUS,4,4,0,0
IPT,PHL,2,2,0,1
KIX,HNL,4,4,0,0
CPT,JNB,9,9,0,3
SFA,TIP,4,4,0,0
JED,BEN,1,1,0,0
PHF,SFB,1,1,0,0
PSC,LAS,1,1,0,0
RHO,LED,3,3,0,0
SKG,CDG,1,1,0,0
ORD,ATL,20,20,0,19
DRS,HRG,1,1,0,0
DUS,CUR,1,1,0,0
TXL,IBZ,2,2,0,0
FUE,HAM,2,2,0,0
DXB,CCJ,3,3,0,0
EMA,MLA,1,1,0,0
VCE,LED,2,2,0,1
LHR,MEX,3,3,0,1
NRT,MEX,1,1,0,0
HGH,NRT,2,2,0,1
SHJ,SKT,2,2,0,0
GDL,LAX,7,7,0,2
SFO,MEX,4,4,0,1
BIL,PDX,1,1,0,1
ADE,SAH,2,2,0,0
LIM,POA,2,2,0,2
FRW,JNB,1,1,0,0
TAO,SJW,4,4,0,1
SHA,CAN,7,7,0,1
IAH,MEX,4,4,0,0
CTL,ULP,1,1,0,0
BRU,DUB,1,1,0,0
DUB,CWL,1,1,0,1
MNL,CBO,3,3,0,0
IKA,IST,5,5,0,0
AMS,AUA,2,2,0,0
LAX,OAK,3,3,0,1
SNA,LAS,2,2,0,0
RUH,LHR,2,2,0,0
UNK,SKK,2,2,0,1
BRU,GVA,4,4,0,2
STL,TBN,1,1,0,0
BKK,MNL,4,4,0,0
WUH,KHH,2,2,0,0
NKG,SYD,2,2,0,0
KWE,CSX,6,6,0,1
TPE,KWL,2,2,0,0
FUK,CAN,1,1,0,0
CNF,BSB,4,4,0,0
SXF,TFS,3,3,0,0
SXF,CFU,1,1,0,0
SPU,DBV,1,1,0,0
IND,MBJ,1,1,0,0
JFK,PUJ,2,2,0,0
ABZ,WIC,1,1,0,0
BRU,EWR,5,5,0,2
BRS,RAK,1,1,0,0
LTN,CDG,1,1,0,0
CDG,AGA,1,1,0,0
MLA,BFS,1,1,0,0
ATH,EDI,1,1,0,0
SOU,RNS,2,2,0,1
STR,BUD,1,1,0,0
HAJ,DBV,1,1,0,0
BAH,RUH,2,2,0,0
BAH,BGW,1,1,0,0
TFS,ZQW,1,1,0,0
MAD,LIM,3,3,0,1
VTZ,BBI,1,1,0,0
SYZ,SRY,1,1,0,0
SWA,SIN,1,1,0,0
DXB,IAD,3,3,0,0
IAD,LGB,1,1,0,0
MEL,BNK,1,1,0,0
BGI,OGL,1,1,0,0
AMQ,LUV,1,1,0,1
MZG,RMQ,1,1,0,0
LYR,OSL,2,2,0,0
BKK,MCT,1,1,0,0
SKP,SAW,1,1,0,0
MST,OPO,1,1,0,0
FNI,LTN,1,1,0,0
CIA,VNO,1,1,0,0
AMS,PDL,1,1,0,0
HRE,DUR,1,1,0,1
FRA,CMB,1,1,0,0
JED,CAN,1,1,0,0
BOI,GEG,1,1,0,0
ALB,FLL,2,2,0,1
DFW,MCO,3,3,0,0
CHY,GZO,1,1,0,0
CGH,SJP,1,1,0,0
DLM,NCL,3,3,0,0
RTM,BJV,1,1,0,0
AJA,OLB,1,1,0,0
RAI,SFL,1,1,0,0
ASB,ATQ,1,1,0,0
DEN,DRO,1,1,0,1
MSY,SFO,1,1,0,0
DCA,SRQ,2,2,0,2
ORF,MIA,2,2,0,1
KBP,DNK,2,2,0,1
QRO,TIJ,1,1,0,0
SLP,TIJ,1,1,0,0
LAS,YEG,2,2,0,0
BVA,WAW,1,1,0,0
NTE,CDG,3,3,0,1
SAH,DXB,3,3,0,0
MYY,MNL,1,1,0,0
NAY,NNY,2,2,0,1
VCP,XAP,1,1,0,0
SCW,VKT,1,1,0,0
RAO,BSB,2,2,0,0
EEK,KWN,2,2,0,1
RSH,KLG,1,1,0,1
BON,AUA,1,1,0,0
DUS,BEG,2,2,0,0
BEG,TIV,2,2,0,0
MAD,PUJ,3,3,0,0
ACC,LHR,2,2,0,1
HAJ,LHR,3,3,0,2
GOT,LHR,4,4,0,2
LIR,SJO,4,4,0,1
BZE,MIA,2,2,0,0
GYE,MIA,2,2,0,1
HAN,NRT,3,3,0,0
SYD,DRW,4,4,0,2
PHX,MSP,5,5,0,0
PHX,SNA,4,4,0,1
MYR,PHL,3,3,0,2
DAY,LGA,3,3,0,2
DFW,SAV,2,2,0,1
PHL,MDT,2,2,0,1
VIE,LJU,2,2,0,1
ACE,BIO,3,3,0,1
MAD,PMI,4,4,0,2
KSJ,AOK,2,2,0,0
CDG,ABZ,3,3,0,2
CDG,BSB,1,1,0,0
CDG,EVN,3,3,0,0
BSL,AMS,3,3,0,2
HAM,AYT,5,5,0,0
ZRH,DUS,3,3,0,0
BJV,BHX,1,1,0,0
PRG,MLA,2,2,0,1
HKG,AUH,3,3,0,2
AKJ,TPE,3,3,0,1
KIX,SIN,2,2,0,1
CHC,NSN,1,1,0,1
WLG,CHC,2,2,0,0
EZE,BSB,1,1,0,0
FSP,YUL,1,1,0,0
MEX,YYZ,2,2,0,0
KCH,PEN,1,1,0,0
CKY,OXB,2,2,0,0
BYC,TJA,2,2,0,0
KWE,INC,1,1,0,0
RGI,PPT,1,1,0,0
XIY,CKG,10,10,0,1
KMG,YCU,2,2,0,1
AUU,CUQ,1,1,0,0
AAE,CDG,1,1,0,0
ORF,MCO,3,3,0,2
DTW,MDW,3,3,0,2
MSY,STL,2,2,0,1
FNT,BWI,2,2,0,1
MCO,YYT,2,2,0,1
LGW,ALG,1,1,0,0
HKG,AMS,2,2,0,0
EWR,HKG,3,3,0,1
TYN,HET,2,2,0,0
KHN,NGB,2,2,0,0
NGB,CKG,3,3,0,0
PVG,CJU,4,4,0,0
CAN,KOW,1,1,0,0
CAN,JIQ,1,1,0,0
XIY,SYX,3,3,0,0
CGH,GYN,2,2,0,0
CGH,UDI,2,2,0,0
BOG,MDE,3,3,0,1
SPU,CDG,1,1,0,0
SMF,SLC,1,1,0,0
DMM,DXB,4,4,0,1
DXB,CPT,2,2,0,1
ADD,GMB,1,1,0,0
AUH,TSE,2,2,0,0
ALC,LPL,2,2,0,0
VLC,LGW,1,1,0,0
BSL,ALC,1,1,0,0
BHX,AMS,2,2,0,0
SVQ,OVD,2,2,0,0
MKW,DJJ,2,2,0,0
KOE,DPS,2,2,0,0
FDH,AYT,1,1,0,0
CGN,BRI,1,1,0,0
ARN,DUS,3,3,0,1
HAJ,RHO,2,2,0,0
BRU,KGS,1,1,0,0
GEA,KOC,1,1,0,0
JAI,HYD,1,1,0,0
DPS,KUL,4,4,0,0
VVO,NRT,2,2,0,1
MJV,NCL,1,1,0,0
STI,JFK,2,2,0,0
MCO,SYR,1,1,0,0
AMS,GIG,1,1,0,0
CGK,SOC,3,3,0,0
KOE,MOF,1,1,0,1
OZH,VKO,1,1,0,0
LGW,AAL,1,1,0,0
OSL,LGW,1,1,0,0
JKL,KGS,2,2,0,0
YVR,ZMT,1,1,0,0
DMM,LHE,2,2,0,0
MCT,TUK,1,1,0,0
PEW,AUH,4,4,0,1
BRU,ADB,1,1,0,0
ADB,AMS,3,3,0,0
ZRH,DOH,1,1,0,0
DOH,JNB,1,1,0,0
WGA,MEL,1,1,0,0
GFN,TRO,1,1,0,0
CMN,NCE,1,1,0,0
AMM,OTP,2,2,0,0
LTN,BTS,1,1,0,0
STN,ZAZ,1,1,0,0
BLL,BUD,1,1,0,0
NYO,WMI,1,1,0,0
ZAD,NRN,1,1,0,0
BVA,CAG,1,1,0,0
CTA,EIN,1,1,0,0
CPT,ELS,1,1,0,1
DUR,GRJ,1,1,0,1
MSU,JNB,1,1,0,1
FRA,TLV,2,2,0,0
BRI,FKB,1,1,0,0
ADD,RUH,2,2,0,0
MCO,DEN,4,4,0,1
ZRH,FLR,2,2,0,1
RVE,TME,1,1,0,0
VGZ,BOG,1,1,0,0
HIR,ATD,1,1,0,0
CNF,GIG,2,2,0,0
BKK,FUK,2,2,0,1
ESB,EZS,1,1,0,1
AKL,BKK,2,2,0,1
BJV,ADB,1,1,0,0
DWC,TJM,1,1,0,0
LIS,MIA,2,2,0,1
EWR,TLV,2,2,0,0
EWR,DEL,1,1,0,0
EWR,IND,1,1,0,1
DLH,ORD,1,1,0,1
BCN,PHL,2,2,0,0
SAL,JFK,3,3,0,1
BKK,KBP,1,1,0,0
MEX,MZT,4,4,0,0
LIH,YVR,1,1,0,0
JJN,PEK,2,2,0,1
LIL,AGA,1,1,0,0
SGY,JNU,2,2,0,0
MAB,BSB,3,3,0,0
DMM,DWC,1,1,0,0
KZN,UFA,1,1,0,0
WBB,SMK,2,2,0,1
YUB,YEV,1,1,0,0
YRL,ZSJ,1,1,0,0
QSF,MRS,2,2,0,0
LHR,YYZ,7,7,0,4
MLM,DFW,3,3,0,2
TPA,PHL,3,3,0,0
LAS,PHL,4,4,0,0
VIJ,SJU,3,3,0,0
PUS,BKK,4,4,0,1
ICN,HKG,10,10,0,0
YZF,YFJ,1,1,0,0
TFN,BIO,3,3,0,1
AGP,PMI,5,5,0,0
HAV,MAD,2,2,0,0
LED,BOJ,2,2,0,0
LED,KUF,1,1,0,0
CFE,CDG,2,2,0,1
LYS,CDG,2,2,0,0
FUE,ZRH,2,2,0,1
LBA,LCA,2,2,0,0
CTA,BLQ,4,4,0,0
AKJ,HND,3,3,0,1
NGO,FRA,2,2,0,1
NGO,SIN,2,2,0,1
ISA,OOL,2,2,0,1
GRU,EZE,7,7,0,2
SEA,MSP,3,3,0,0
VIE,BRU,2,2,0,1
YQD,YTH,1,1,0,0
DOH,BOM,3,3,0,0
TGG,SIN,1,1,0,0
FNA,DKR,2,2,0,0
HLD,HET,5,5,0,1
NRT,DLC,5,5,0,2
JZH,CTU,7,7,0,1
MRU,BLR,2,2,0,1
TNR,ANM,1,1,0,0
DTW,BWI,3,3,0,1
MKE,LAS,2,2,0,1
MDW,BOS,2,2,0,1
BDL,MDW,2,2,0,1
IBZ,LCY,2,2,0,2
OTZ,WTK,2,2,0,1
HKG,MLE,2,2,0,0
MNL,BCD,3,3,0,0
PMW,AUX,2,2,0,0
TPE,KUL,4,4,0,0
VTE,KMG,2,2,0,0
PVG,SHP,2,2,0,1
CAN,SHE,4,4,0,2
CGO,WNZ,2,2,0,0
SHE,BAV,1,1,0,0
MGQ,JIB,2,2,0,0
SPN,NGO,1,1,0,0
MEM,LGA,1,1,0,1
SLC,MCO,1,1,0,0
DTW,CAK,1,1,0,1
BAH,CAI,2,2,0,0
COO,ADD,1,1,0,0
AUH,MED,3,3,0,1
LGW,LYS,1,1,0,0
VCE,BSL,1,1,0,0
SZB,TGG,3,3,0,1
EXT,GCI,1,1,0,0
BCN,LIS,4,4,0,2
ORY,FCO,3,3,0,0
ILG,MCO,1,1,0,0
SYD,CGK,2,2,0,0
CGN,PUY,1,1,0,0
MGA,SAL,2,2,0,1
HYD,BBI,1,1,0,0
CCU,MAA,3,3,0,0
ICN,KOJ,2,2,0,1
FLL,LAX,3,3,0,0
FLL,SWF,1,1,0,0
JFK,SJC,1,1,0,0
CSX,WNZ,4,4,0,0
SDQ,CDG,2,2,0,1
LAS,ICN,2,2,0,1
KWI,LHE,3,3,0,0
KWI,ISB,1,1,0,0
RGL,MPN,1,1,0,0
WAW,LCA,1,1,0,0
TIP,BEN,2,2,0,0
YYZ,FRA,2,2,0,0
FRA,AMM,3,3,0,1
MUC,STR,1,1,0,1
OSL,DUS,2,2,0,1
KHH,XMN,3,3,0,0
ZRH,VIE,5,5,0,2
YEG,YSM,1,1,0,0
CPH,JFK,1,1,0,1
OSL,BDU,1,1,0,0
SAW,BSL,1,1,0,0
SAW,DME,1,1,0,0
BKQ,LRE,1,1,0,1
ADL,CPD,1,1,0,0
SYD,GFF,1,1,0,0
LPL,MLA,1,1,0,0
STN,EFL,1,1,0,0
DUB,FMM,1,1,0,0
KTW,ALC,1,1,0,0
BCN,STN,1,1,0,0
VLC,BRS,1,1,0,0
MRS,WMI,1,1,0,0
BVA,BRI,1,1,0,0
RIX,DUB,1,1,0,0
VNO,RYG,1,1,0,0
VBY,ARN,2,2,0,0
OVB,DME,3,3,0,0
ADD,KRT,2,2,0,0
RUH,CMB,3,3,0,1
MCI,SAN,1,1,0,0
DAL,LIT,2,2,0,1
PVD,BWI,2,2,0,1
STL,MCO,1,1,0,0
BUF,LAS,1,1,0,0
ABQ,HOU,1,1,0,0
XIY,GXH,1,1,0,0
CKG,SWA,1,1,0,0
HRB,NKG,3,3,0,0
NNG,SYX,4,4,0,1
SZX,CSX,2,2,0,0
HGH,INC,2,2,0,1
DLC,TYN,4,4,0,1
KOW,PEK,3,3,0,1
OHH,UUS,1,1,0,0
CIT,TSE,2,2,0,0
POA,CGH,2,2,0,0
LIS,BKO,1,1,0,0
IST,ERC,1,1,0,0
EZS,ESB,1,1,0,1
TZX,IST,2,2,0,0
BKK,IST,2,2,0,1
PTY,IAD,2,2,0,0
RIC,CLE,1,1,0,1
DAY,ORD,3,3,0,2
IAD,IAH,1,1,0,0
DEN,MEX,2,2,0,0
ORD,LNK,1,1,0,1
ORD,JAN,1,1,0,1
ASE,DEN,1,1,0,1
PHL,SAT,2,2,0,0
PHL,SAN,2,2,0,0
LGW,KBP,1,1,0,0
FAT,GDL,3,3,0,1
YYC,YXU,1,1,0,0
LTN,KTW,1,1,0,0
MMX,TZL,1,1,0,0
SOF,DWC,1,1,0,0
JED,HOD,1,1,0,0
MAN,DBV,3,3,0,0
GLA,LCA,1,1,0,0
AGA,LGW,3,3,0,0
KHH,HGH,2,2,0,1
CMN,TSF,1,1,0,0
AHN,BNA,1,1,0,0
PLU,CFB,1,1,0,0
STM,ATM,1,1,0,0
NSI,GOU,1,1,0,0
TSE,URA,1,1,0,0
JKH,SKG,1,1,0,0
BBO,ADE,1,1,0,0
LHR,IAD,8,8,0,4
DKR,LPA,3,3,0,1
ORY,EWR,3,3,0,3
SEA,SFO,5,5,0,2
SAT,CLT,2,2,0,0
PHL,YHZ,2,2,0,2
ORD,AZO,2,2,0,2
CLT,BOS,3,3,0,0
CLT,CRW,2,2,0,0
PUS,GMP,2,2,0,1
MAD,HAV,2,2,0,0
DOK,SVO,1,1,0,0
ROV,LED,2,2,0,0
SVO,AER,1,1,0,0
BHX,CDG,2,2,0,0
DUB,JFK,9,9,0,4
AJA,LYS,4,4,0,2
TFS,ZRH,2,2,0,1
PMI,PAD,2,2,0,0
AJL,IMF,1,1,0,0
DMU,CCU,1,1,0,0
PMO,VRN,3,3,0,1
MAA,TRZ,3,3,0,2
NAN,POM,1,1,0,0
SHJ,KBP,1,1,0,0
YUL,MCO,2,2,0,0
YVR,YQR,2,2,0,1
YYZ,KIN,4,4,0,0
NSN,CHC,1,1,0,1
PVG,PEK,6,6,0,2
KZN,LED,3,3,0,0
MZT,LAX,2,2,0,1
JAN,ATL,5,5,0,4
BUR,PDX,2,2,0,2
DXB,TRV,3,3,0,0
CDG,IAD,5,5,0,3
GVA,FCO,4,4,0,0
ATL,AVL,4,4,0,3
FCO,PEK,1,1,0,0
WUH,WUX,2,2,0,1
KHG,CTU,2,2,0,1
TBS,IST,2,2,0,0
MRU,JNB,3,3,0,1
ORY,DCM,1,1,0,0
CLE,MDW,2,2,0,1
LAS,TUS,2,2,0,1
WAW,HEL,2,2,0,2
VRN,LGW,4,4,0,0
YQT,YWG,3,3,0,1
DME,MCX,1,1,0,0
EGO,DME,3,3,0,0
OTZ,KVL,1,1,0,0
MRS,BRU,1,1,0,0
PMI,SOF,1,1,0,0
YGT,YIO,1,1,0,0
HKG,CGK,4,4,0,1
KHN,TPE,2,2,0,0
JXA,TAO,2,2,0,1
CSX,HGH,5,5,0,0
MAO,GIG,2,2,0,0
CPT,HLA,3,3,0,0
PTY,SJO,4,4,0,2
EZE,ATL,1,1,0,0
BMI,MSP,1,1,0,1
DXB,ACC,1,1,0,0
DXB,DUB,2,2,0,1
LFW,COO,2,2,0,1
MAA,AUH,2,2,0,0
ALC,NCL,3,3,0,0
BSL,NCE,1,1,0,0
ATH,ORY,2,2,0,0
BTH,SZB,2,2,0,1
YZS,YTE,1,1,0,0
ALC,EXT,1,1,0,0
BCN,TLS,2,2,0,1
HAJ,STN,1,1,0,0
LIS,STR,1,1,0,0
PRN,TXL,1,1,0,0
STR,LPA,2,2,0,0
TIV,BRU,1,1,0,0
SRY,SYZ,1,1,0,0
NGO,GMP,1,1,0,0
DEL,AUH,3,3,0,0
REU,NCL,1,1,0,0
OAK,JFK,1,1,0,0
FLL,CUN,2,2,0,0
NBO,BJM,2,2,0,1
SCL,BBA,1,1,0,1
VTE,HOE,1,1,0,0
CDG,MUC,2,2,0,0
ECN,AYT,1,1,0,0
YTZ,YOW,1,1,0,0
JNB,MPM,3,3,0,0
SYD,PKE,1,1,0,0
CMN,TIP,3,3,0,0
BRE,SKG,1,1,0,0
MAN,BRE,1,1,0,0
EIN,FEZ,1,1,0,0
HAU,PSA,1,1,0,0
TFS,BLL,1,1,0,0
BCN,WMI,1,1,0,0
SUF,STN,1,1,0,0
OPO,CRL,1,1,0,0
PMI,BLL,1,1,0,0
SYD,JNB,2,2,0,1
CPH,AES,1,1,0,0
SAN,AUS,1,1,0,0
CPH,ZRH,2,2,0,0
TYN,URC,3,3,0,1
BAV,TYN,2,2,0,1
KWL,SYX,1,1,0,0
SJE,BOG,2,2,0,1
ALA,CIT,2,2,0,0
ALA,PPK,1,1,0,0
IGU,CGH,1,1,0,0
MLE,IST,1,1,0,0
SNE,SID,1,1,0,0
GAF,GAE,1,1,0,0
BEG,OTP,2,2,0,0
IAH,TAM,1,1,0,1
SEA,PDX,2,2,0,2
MSN,DFW,2,2,0,1
CHO,ORD,2,2,0,1
KIV,TSF,1,1,0,0
AMM,HOD,1,1,0,0
RMQ,NKG,1,1,0,0
LBV,COO,3,3,0,0
CUN,OAX,1,1,0,0
VER,REX,1,1,0,0
JNU,HNH,2,2,0,0
POA,JOI,1,1,0,0
SXM,AXA,2,2,0,0
BLE,GOT,1,1,0,0
YFA,ZKE,1,1,0,0
AUH,IAD,2,2,0,1
NRT,NGO,3,3,0,0
OMA,CLT,2,2,0,2
LGA,ILM,3,3,0,3
HNL,PHX,3,3,0,0
PSP,ORD,2,2,0,0
ICN,CEB,7,7,0,0
BEN,AKF,2,2,0,0
MRA,TUN,3,3,0,0
PGD,DSM,1,1,0,0
FNA,CDG,2,2,0,1
CDG,IST,3,3,0,0
ROR,NRT,3,3,0,1
CGK,KUL,10,10,0,1
ELP,ATL,3,3,0,2
BSL,HER,2,2,0,0
PMI,BRE,3,3,0,0
BOM,HYD,5,5,0,1
BOM,ZRH,2,2,0,1
DIB,CCU,2,2,0,0
DMU,DIB,1,1,0,0
BLR,PNQ,5,5,0,2
EXT,MLA,1,1,0,0
LAP,MEX,3,3,0,1
GUM,OKJ,2,2,0,1
YVR,YYC,3,3,0,0
BRU,KGL,5,5,0,3
BDA,YYZ,2,2,0,0
RHO,VIE,3,3,0,1
TSE,VIE,2,2,0,2
SBH,SXM,3,3,0,0
BLR,KUL,3,3,0,1
SZX,KUL,1,1,0,0
MXP,BEG,3,3,0,1
FCO,ALG,2,2,0,0
FCO,VLC,3,3,0,1
CCS,BLA,4,4,0,0
CTU,KHI,1,1,0,0
HAK,FOC,5,5,0,2
ZSE,MRU,3,3,0,1
JNB,RUN,1,1,0,0
BUR,LAS,2,2,0,1
MDW,PIT,2,2,0,1
MDW,BWI,2,2,0,1
MCO,ISP,2,2,0,1
LGW,MRU,3,3,0,0
LGW,BOD,2,2,0,0
JMK,LHR,1,1,0,0
MIA,NAS,3,3,0,1
EVN,MSQ,1,1,0,0
BIO,BRU,2,2,0,0
VAR,SVO,1,1,0,0
NGB,WUH,2,2,0,0
INC,KMG,1,1,0,0
DIG,JHG,1,1,0,0
PEK,NBS,1,1,0,0
XMN,CGO,5,5,0,1
STR,TFS,2,2,0,0
TAB,BGI,1,1,0,0
HAV,PTY,2,2,0,0
BIA,NTE,3,3,0,1
AMS,MSP,2,2,0,1
FAT,SLC,1,1,0,1
BZN,SLC,1,1,0,1
RMF,CAI,1,1,0,0
DXB,DOH,4,4,0,0
CNS,GOV,2,2,0,2
AHO,FCO,1,1,0,0
HAM,NAP,2,2,0,0
BIO,LIS,4,4,0,3
BSL,SCQ,1,1,0,0
BSL,OLB,1,1,0,0
FCO,PMO,4,4,0,0
FAO,GVA,1,1,0,0
SOU,GLA,1,1,0,0
EDI,SOU,1,1,0,0
DTW,ILG,1,1,0,0
DEN,FLL,4,4,0,0
DPS,SIN,10,10,0,0
DPS,ICN,3,3,0,0
DXB,GSM,2,2,0,0
NBE,BRU,1,1,0,0
TFS,ORY,1,1,0,0
CCU,BBI,1,1,0,0
TXL,FDH,1,1,0,0
HND,ASJ,1,1,0,0
DBV,EMA,1,1,0,0
TAE,CJU,3,3,0,0
BNE,ICN,1,1,0,0
ICN,PRG,2,2,0,0
BBA,SCL,1,1,0,1
AKF,TIP,1,1,0,0
DUB,EWR,2,2,0,1
CTA,MLA,3,3,0,2
MIA,FRA,2,2,0,1
EBL,FRA,1,1,0,0
IKA,DUS,1,1,0,0
XMN,KHH,3,3,0,0
IEV,OZH,1,1,0,0
PET,RIG,1,1,0,0
GDN,OSL,2,2,0,0
GIL,ISB,1,1,0,0
KHI,DEA,1,1,0,0
BNE,BDB,2,2,0,1
SYD,CFS,3,3,0,2
BGW,DOH,1,1,0,0
ORK,EMA,1,1,0,0
TFS,NRN,1,1,0,0
BFN,CPT,2,2,0,0
TLL,ARN,2,2,0,1
KLX,ARN,2,2,0,0
BRS,JER,1,1,0,0
CGO,CAN,4,4,0,1
HOF,RUH,1,1,0,0
RUH,IST,2,2,0,0
HOU,JAN,1,1,0,0
BHM,TPA,2,2,0,1
MCO,MKE,3,3,0,1
CAI,GVA,2,2,0,1
ZRH,IAD,2,2,0,1
ASR,ADB,2,2,0,0
KIX,FOC,2,2,0,1
MRS,MIR,1,1,0,0
URT,DMK,2,2,0,0
AMS,RHO,1,1,0,0
NCE,EIN,1,1,0,0
VPE,CBT,1,1,0,0
MSN,EWR,1,1,0,1
SFO,IND,1,1,0,0
DSM,IAH,1,1,0,1
ABQ,IAH,1,1,0,0
EGE,DEN,1,1,0,1
GCC,DEN,1,1,0,1
GYD,SVX,2,2,0,0
YHR,ZTB,1,1,0,0
YHM,YQM,1,1,0,0
HAA,HFT,1,1,0,0
BUD,DTM,1,1,0,0
NAP,OTP,1,1,0,0
TAI,JED,1,1,0,0
YIH,HGH,1,1,0,0
TAM,MTY,2,2,0,0
KDO,GKK,1,1,0,0
BYN,ULN,1,1,0,0
IOS,GRU,1,1,0,0
LHR,CLT,2,2,0,0
CDG,JFK,11,11,0,5
DFW,FSM,2,2,0,1
DFW,JFK,3,3,0,1
ATL,LHR,8,8,0,6
MLU,DFW,2,2,0,1
PHL,DCA,2,2,0,0
CLT,CMH,2,2,0,2
YKS,VVO,2,2,0,0
CDG,SIN,2,2,0,0
VFA,MUB,1,1,0,0
CLY,FMM,2,2,0,0
DME,DUS,2,2,0,1
BHX,ALC,4,4,0,0
BHX,FNC,2,2,0,0
SLA,AEP,3,3,0,1
LAX,PHX,6,6,0,3
MFR,SEA,1,1,0,1
VVI,SRE,2,2,0,0
YRT,YZF,3,3,0,1
BNE,SON,2,2,0,1
TOH,SLH,1,1,0,0
AUS,ATL,7,7,0,4
SZX,HRB,3,3,0,1
SZX,DLC,3,3,0,1
KUF,ALA,1,1,0,0
SGN,ALA,1,1,0,0
KIV,BVA,1,1,0,0
ICT,MDW,2,2,0,1
TPA,PDX,1,1,0,1
PWM,BWI,1,1,0,1
LAS,DEN,5,5,0,1
LCA,LGW,7,7,0,0
KKA,SKK,2,2,0,1
MSQ,EVN,1,1,0,0
JQE,PAC,1,1,0,0
YYZ,GEO,2,2,0,0
KLO,MNL,6,6,0,0
CAN,TXN,1,1,0,0
KWE,LJG,2,2,0,0
BHY,CGO,1,1,0,0
TXN,TYN,2,2,0,1
AJU,GRU,2,2,0,0
MAO,PVH,2,2,0,0
AGA,LEJ,1,1,0,0
SJU,PTY,1,1,0,0
FCO,SPU,1,1,0,0
PRG,KSC,2,2,0,0
MSP,FWA,1,1,0,1
SXF,BRU,1,1,0,0
LPL,FAO,2,2,0,0
ATH,SXF,1,1,0,0
YZS,YCS,1,1,0,0
BRU,VLC,3,3,0,1
OVD,SVQ,2,2,0,0
ALS,DEN,3,3,0,2
UPG,SIN,3,3,0,1
KRK,STR,1,1,0,0
WAW,DUS,3,3,0,1
FAO,CGN,2,2,0,0
PRN,HAJ,1,1,0,0
HAK,SIN,3,3,0,0
LEI,MAD,2,2,0,1
IXR,PAT,1,1,0,0
BLR,LKO,1,1,0,0
FMM,NAP,1,1,0,0
KIH,THR,2,2,0,0
TBZ,MHD,3,3,0,0
HRB,IKT,1,1,0,0
CNS,OOL,1,1,0,0
NTL,OOL,1,1,0,0
WSX,LPS,1,1,0,0
ICN,REP,4,4,0,2
ICN,IAH,1,1,0,0
LSC,ANF,2,2,0,1
LIM,CUZ,5,5,0,2
PTP,ANU,2,2,0,0
STX,SXM,1,1,0,0
MAN,FRA,1,1,0,0
VBY,GSE,2,2,0,1
BEY,DOH,2,2,0,0
ARN,GOT,4,4,0,1
RAK,CPH,1,1,0,0
RAK,OSL,1,1,0,0
ALC,SVG,2,2,0,0
MCT,RUH,2,2,0,0
IST,ERZ,2,2,0,0
LHR,DOH,2,2,0,0
ABJ,CMN,1,1,0,0
CMN,DKR,1,1,0,0
CRL,PSR,1,1,0,0
MAN,BZR,1,1,0,0
LPL,SNN,1,1,0,0
BOH,FUE,1,1,0,0
BLL,ALC,2,2,0,0
GDN,MAN,1,1,0,0
GRO,TPS,1,1,0,0
CHQ,BLL,1,1,0,0
AHO,BVA,1,1,0,0
TRN,STN,1,1,0,0
FAO,BVA,1,1,0,0
OPO,NRN,1,1,0,0
LIS,MAN,2,2,0,0
PMI,STN,3,3,0,0
BHX,ARN,1,1,0,0
MAN,ARN,3,3,0,1
KBP,LED,4,4,0,0
DAC,RUH,1,1,0,0
SAN,SMF,1,1,0,0
RIB,TDD,1,1,0,0
RAK,GVA,2,2,0,0
CAN,SPN,1,1,0,0
WXN,SZX,1,1,0,0
PVA,ADZ,1,1,0,0
GRU,ASU,3,3,0,0
HKT,LED,1,1,0,0
TRN,BRU,2,2,0,1
IAD,AOO,1,1,0,1
FCO,LIS,3,3,0,2
IST,IAH,2,2,0,0
MIA,SJU,2,2,0,0
KIX,HAN,2,2,0,1
VCA,HAN,1,1,0,0
BGO,MOL,1,1,0,0
KTW,BVA,1,1,0,0
DSA,VNO,1,1,0,0
KNS,BWT,1,1,0,0
CAP,PLS,2,2,0,0
CGA,HYL,1,1,0,0
HYL,KTB,2,2,0,0
KAL,GAL,1,1,0,1
VIE,LHR,4,4,0,3
CCS,JFK,1,1,0,0
CVG,MIA,2,2,0,1
DCA,MIA,2,2,0,0
DCA,CLT,2,2,0,0
MIA,EZE,3,3,0,0
DTW,ORD,4,4,0,1
PHL,CAK,2,2,0,1
AMA,DFW,2,2,0,1
OKC,DFW,2,2,0,0
CJU,FUK,2,2,0,1
ICN,KIX,7,7,0,2
AET,FAI,1,1,0,0
JTY,ATH,2,2,0,0
FRA,LED,2,2,0,0
SVO,KZN,1,1,0,0
LYS,BHX,2,2,0,1
CDG,AUH,2,2,0,1
VIE,OLB,4,4,0,1
AMM,MUC,2,2,0,1
IXZ,DEL,1,1,0,0
YYZ,BDA,2,2,0,0
YZF,YYC,1,1,0,1
CZM,YUL,1,1,0,0
ASF,MRV,1,1,0,0
SCW,LED,2,2,0,0
FRA,BOG,2,2,0,1
IAD,SAL,2,2,0,0
SLH,SON,1,1,0,0
HKG,KUL,3,3,0,0
CTA,SVO,2,2,0,0
AUH,JNB,4,4,0,1
KHI,AUH,3,3,0,0
DEL,TPE,2,2,0,1
ARN,TMP,3,3,0,2
HGH,GYS,2,2,0,1
HRB,YNT,5,5,0,1
IAH,PEK,2,2,0,1
ALG,EBH,1,1,0,0
BEY,ALG,1,1,0,0
NCL,ORK,1,1,0,1
KZN,ALA,1,1,0,0
ETZ,LYS,1,1,0,0
NCE,RNS,1,1,0,0
BOS,CAK,2,2,0,1
STL,FLL,2,2,0,1
YYZ,LGW,1,1,0,0
LEB,HPN,1,1,0,0
HKG,CEB,3,3,0,1
CEB,LGP,1,1,0,0
TPE,RGN,1,1,0,0
FSZ,TPE,1,1,0,0
HKT,KMG,1,1,0,0
PVG,HDG,1,1,0,0
HAK,KMG,4,4,0,0
UYN,NAY,2,2,0,1
TCZ,JHG,1,1,0,0
PEK,SYX,4,4,0,1
CKG,PEK,6,6,0,1
LCA,HAJ,1,1,0,0
ZRH,ATL,1,1,0,0
TPA,LAX,1,1,0,0
LGA,BGR,1,1,0,0
SJC,MSP,1,1,0,0
SXF,CAI,1,1,0,0
SSH,JED,2,2,0,0
TLV,EWR,2,2,0,0
ABV,COO,1,1,0,1
SEN,ALC,1,1,0,0
ORY,GVA,1,1,0,0
ZRH,LGW,1,1,0,0
FLR,ZRH,2,2,0,1
DUS,EXT,1,1,0,0
ABZ,BHD,1,1,0,0
INV,LSI,1,1,0,1
LYS,AGP,2,2,0,0
BDJ,SUB,4,4,0,0
CGN,JTR,1,1,0,0
TXL,ZRH,4,4,0,2
PEK,LHW,5,5,0,1
BRU,AYT,2,2,0,0
HNL,OAK,3,3,0,1
VLC,BIO,1,1,0,1
OVB,KQT,1,1,0,0
LBA,VCE,1,1,0,0
SAV,BOS,1,1,0,0
ADL,DRW,2,2,0,0
SYD,BNK,3,3,0,1
SCL,CUN,1,1,0,0
LIM,TBP,1,1,0,0
MUC,PAD,1,1,0,1
MUC,PSA,1,1,0,0
TLL,FRA,1,1,0,0
SUF,MUC,1,1,0,1
LUX,OPO,2,2,0,1
IKA,DEL,1,1,0,0
CAG,NAP,1,1,0,0
PMO,ARN,1,1,0,0
ORY,FEZ,1,1,0,0
RAI,OXB,1,1,0,0
KGL,JUB,1,1,0,0
CRL,PMI,1,1,0,0
BOH,MLA,1,1,0,0
RZE,RYG,1,1,0,0
RAK,BCN,2,2,0,1
KRF,GEV,2,2,0,1
RIX,MAN,1,1,0,0
CEK,LBD,2,2,0,0
DLC,WUX,2,2,0,0
YTY,WUH,2,2,0,1
SLZ,FOR,3,3,0,0
BHX,AYT,3,3,0,0
KHH,HFE,1,1,0,0
VKO,YYZ,1,1,0,0
LUN,LAD,1,1,0,0
IAH,GCM,1,1,0,0
SVX,KLV,1,1,0,0
LAX,EUG,3,3,0,2
HAN,CXR,2,2,0,0
OAX,TIJ,1,1,0,0
HVB,SYD,1,1,0,1
BME,PHE,1,1,0,0
LGA,YHZ,2,2,0,2
TOS,EVE,1,1,0,0
WAW,CRL,1,1,0,0
CGP,CCU,2,2,0,0
APL,BEW,1,1,0,0
FCO,LWO,1,1,0,0
CNF,CGB,1,1,0,0
SXM,EIS,4,4,0,0
ANI,HCR,2,2,0,1
KIX,NGS,1,1,0,0
MXX,ARN,1,1,0,1
SPR,SQS,1,1,0,0
BIA,BES,1,1,0,0
GOA,NAP,1,1,0,0
YPH,YPX,1,1,0,0
WAW,LHR,5,5,0,3
MBJ,CLT,2,2,0,0
REC,MIA,3,3,0,0
SJU,JFK,5,5,0,1
BNE,CNS,8,8,0,4
PHX,BOI,3,3,0,0
DCA,MEM,3,3,0,2
RIC,BOS,4,4,0,3
DFW,GRI,2,2,0,1
AUS,MSY,2,2,0,0
FAT,DFW,2,2,0,0
ILM,LGA,3,3,0,3
ICN,UUS,3,3,0,0
BTT,FAI,1,1,0,0
TFN,AGP,3,3,0,1
SKG,NUE,2,2,0,0
ATH,KGS,2,2,0,1
LED,TFS,1,1,0,0
LED,LCA,2,2,0,0
SVO,VCE,2,2,0,1
LBD,LED,4,4,0,0
FRA,ATL,6,6,0,3
HEL,CDG,3,3,0,2
PRG,MRS,1,1,0,0
BNA,ATL,6,6,0,5
SZG,LPA,2,2,0,0
FCO,BHX,1,1,0,0
FAO,MAN,4,4,0,0
PSA,TXL,2,2,0,1
ATM,BEL,2,2,0,0
TLS,BRE,1,1,0,0
MEX,SAP,1,1,0,1
MTY,GDL,5,5,0,2
MZT,MEX,4,4,0,0
JAX,ATL,9,9,0,6
ALA,SHJ,1,1,0,0
YUL,YBC,1,1,0,1
DKR,BRU,5,5,0,3
AKL,ADL,3,3,0,1
BRW,FAI,1,1,0,0
MIA,SFO,3,3,0,1
SEA,DCA,1,1,0,0
GVA,VIE,2,2,0,2
KLO,KUL,1,1,0,0
PPT,RUR,1,1,0,0
SIN,CTU,3,3,0,1
PEK,ULN,2,2,0,0
PVG,TPE,8,8,0,0
PVG,HET,2,2,0,1
ICN,HFE,1,1,0,0
DUB,LGW,2,2,0,0
RXS,MNL,3,3,0,0
JNN,QUW,1,1,0,0
RUN,TMM,1,1,0,0
PUJ,ANU,2,2,0,1
KIN,LGW,2,2,0,1
HKG,ORD,3,3,0,1
HKT,HKG,5,5,0,0
MNL,BWN,2,2,0,0
PEK,HRB,6,6,0,1
PEK,DTW,3,3,0,2
CAN,LHW,2,2,0,0
FOC,KMG,3,3,0,1
DLC,LYA,1,1,0,0
ZAT,KMG,2,2,0,0
ICN,MDG,2,2,0,0
KIX,HRB,1,1,0,0
SYX,ZHA,1,1,0,0
DYG,CSX,2,2,0,0
POA,MVD,2,2,0,0
SEA,IAH,4,4,0,2
PRG,KBP,3,3,0,0
ATL,EWN,3,3,0,3
LGA,AUA,1,1,0,0
LGA,IND,1,1,0,0
MSP,ICT,1,1,0,1
OKC,SLC,1,1,0,1
WAW,DXB,2,2,0,1
FRA,MUC,2,2,0,1
BRS,INV,1,1,0,0
LEI,LGW,1,1,0,0
TKU,HEL,1,1,0,1
TRE,GLA,1,1,0,1
PIT,CUN,1,1,0,0
STL,MBJ,1,1,0,0
DEN,FAT,2,2,0,1
DEN,EUG,2,2,0,1
SUB,SRG,3,3,0,1
DUS,HDF,1,1,0,0
BLQ,TXL,1,1,0,0
MAD,AGP,2,2,0,1
KWI,MHD,3,3,0,0
SIN,RGN,6,6,0,0
BFS,PMI,3,3,0,0
LPA,LBA,1,1,0,0
ACE,MAN,7,7,0,1
AGP,EMA,3,3,0,0
RHO,EMA,3,3,0,0
NBO,ABJ,1,1,0,0
NBO,SEZ,1,1,0,0
PUS,HAN,2,2,0,0
KRK,MUC,2,2,0,2
ODY,VTE,1,1,0,0
FSC,ANG,1,1,0,0
DUS,MXP,3,3,0,0
GIG,JPA,3,3,0,0
ZEL,YBL,1,1,0,0
YZZ,YVR,1,1,0,0
SYD,OAG,1,1,0,0
SIN,BWN,2,2,0,0
STN,DTM,1,1,0,0
LPA,BRS,3,3,0,0
GRO,CRL,1,1,0,0
CFU,BLL,1,1,0,0
CIA,DUB,1,1,0,0
CIA,SDR,1,1,0,0
OPO,CCF,1,1,0,0
BTS,GRO,1,1,0,0
PMI,NRN,1,1,0,0
NRN,FEZ,1,1,0,0
NRN,BZR,1,1,0,0
CPH,WRO,1,1,0,0
MAA,HRI,2,2,0,1
IXA,GAU,2,2,0,0
COK,HYD,2,2,0,0
STN,MAD,1,1,0,0
JNB,JED,1,1,0,0
SAT,TPA,2,2,0,1
RDU,BNA,2,2,0,0
DEN,PIT,2,2,0,0
BWI,HOU,1,1,0,0
MSY,EYW,2,2,0,1
LPB,TDD,1,1,0,0
CGN,ADB,1,1,0,0
KGF,KZO,1,1,0,0
BKK,KHI,2,2,0,0
ADD,IST,1,1,0,0
IST,BKK,2,2,0,1
VKO,AYT,2,2,0,0
BGW,IST,1,1,0,0
RTM,RHO,1,1,0,0
HMA,DME,1,1,0,0
RGA,RGL,1,1,0,0
LIM,EWR,1,1,0,0
IAH,ORF,1,1,0,1
DEN,YUL,2,2,0,1
HRB,OVB,1,1,0,0
KBP,ATH,1,1,0,0
YYC,SFO,3,3,0,2
BVA,KTW,1,1,0,0
FOC,KUL,3,3,0,1
PEK,ERL,1,1,0,0
PCL,TPP,1,1,0,0
LIM,HUU,2,2,0,0
IPL,SAN,1,1,0,0
IST,ODS,4,4,0,0
ZGS,YIF,1,1,0,0
DSN,CKG,1,1,0,0
FIH,FBM,1,1,0,0
KIX,KOJ,1,1,0,0
BOD,MUC,1,1,0,0
QOW,ABV,1,1,0,0
WNN,SUR,1,1,0,0
RMP,FAI,1,1,0,0
LHR,RTM,2,2,0,1
MIA,BGI,2,2,0,0
DFW,LHR,6,6,0,1
DFW,LFT,2,2,0,1
JAX,ORD,3,3,0,1
CHS,DCA,2,2,0,2
CLT,SMF,2,2,0,0
FLL,PBG,2,2,0,0
ATH,CDG,3,3,0,1
ARN,SVO,2,2,0,0
SVO,OSL,2,2,0,1
SVO,MQF,1,1,0,0
CDG,NTE,2,2,0,1
LAX,CDG,4,4,0,2
ATL,BDL,7,7,0,5
FNC,LEJ,2,2,0,0
CCU,GAU,6,6,0,2
MDT,YYZ,1,1,0,1
PIT,YYZ,2,2,0,2
ZQN,AKL,2,2,0,0
LAX,PVR,4,4,0,1
OUA,BOY,1,1,0,0
MHD,THR,4,4,0,0
KUL,MAA,4,4,0,1
AUH,BOM,4,4,0,0
BBK,GBE,1,1,0,0
JIC,XIY,1,1,0,0
TKX,TKP,1,1,0,0
LHW,XIY,6,6,0,1
HGH,CTU,9,9,0,3
NKG,MFM,2,2,0,0
SFO,PEK,3,3,0,1
MRS,BJA,2,2,0,0
VCE,DUB,1,1,0,0
PUJ,MBJ,1,1,0,0
BWI,ABQ,2,2,0,1
MCO,IND,3,3,0,1
LGW,YYC,1,1,0,0
KWL,KMG,3,3,0,0
CKG,WUX,4,4,0,0
SHE,HGH,7,7,0,2
GRU,REC,4,4,0,0
LIM,PTY,1,1,0,0
DBV,FCO,1,1,0,0
DXB,LGW,2,2,0,1
ABJ,COO,3,3,0,0
MAN,SXF,1,1,0,0
LGW,INV,1,1,0,0
AGP,LPL,2,2,0,0
FCO,LYS,4,4,0,0
LPQ,VTE,2,2,0,0
ILG,DEN,1,1,0,0
KUL,CGK,10,10,0,1
LPA,BRE,2,2,0,0
SFO,LAS,4,4,0,1
HNL,MKK,2,2,0,0
NGO,TAO,2,2,0,1
SDQ,JFK,2,2,0,0
PER,CNS,1,1,0,0
DPS,PER,5,5,0,2
GOT,AMS,1,1,0,0
EOI,KOI,1,1,0,0
PPW,NRL,1,1,0,0
BTH,BKS,1,1,0,1
SUB,BPN,4,4,0,0
FRA,GOT,3,3,0,2
BOM,KUL,3,3,0,1
DWC,KUL,1,1,0,0
OLB,NAP,1,1,0,1
NAP,CAG,1,1,0,0
SVK,DGA,1,1,0,0
FLN,BSB,2,2,0,0
KUL,LHE,1,1,0,0
CGN,ESB,1,1,0,0
SYD,MNL,2,2,0,0
YQG,YTZ,1,1,0,0
CAN,DOH,1,1,0,0
BRE,NYO,1,1,0,0
BHX,GDN,1,1,0,0
PIK,MLA,1,1,0,0
STN,TRN,1,1,0,0
RYG,CRL,1,1,0,0
RYG,MLA,1,1,0,0
RYG,KUN,1,1,0,0
TFS,PIK,1,1,0,0
BOD,SVQ,1,1,0,0
CFU,CRL,1,1,0,0
CHQ,WRO,1,1,0,0
BGY,ATH,1,1,0,0
KUN,STN,1,1,0,0
NRN,PSR,1,1,0,0
CPH,LUX,2,2,0,0
DAD,REP,4,4,0,2
GCI,AMS,1,1,0,0
BWI,PVD,2,2,0,1
FNC,STR,2,2,0,0
CKG,DOH,1,1,0,0
IST,CMN,2,2,0,0
AQI,RUH,1,1,0,0
MDW,JAX,1,1,0,0
BWI,SJU,2,2,0,1
GVA,MUC,2,2,0,1
YNT,WUH,3,3,0,0
LXA,XIY,3,3,0,0
HIR,VAO,1,1,0,0
GLA,AYT,1,1,0,0
IST,CDG,3,3,0,0
IST,PRN,1,1,0,0
SAH,ADE,3,3,0,0
AMS,AJA,1,1,0,0
TLN,RTM,1,1,0,0
YEG,SFO,2,2,0,2
KJA,LBD,3,3,0,0
NMA,KJA,1,1,0,0
BJX,DFW,2,2,0,0
LIR,MIA,2,2,0,0
MIA,CLE,2,2,0,1
AZN,TAS,1,1,0,0
TRD,RVK,1,1,0,0
KTW,SVG,1,1,0,0
BUD,GSE,1,1,0,0
PUJ,LYS,1,1,0,0
HKG,JJN,2,2,0,0
AUH,GXF,1,1,0,0
TPE,PUS,2,2,0,0
GLA,BJV,2,2,0,0
TNG,BRU,2,2,0,0
HTA,UUD,1,1,0,0
BPS,VCP,1,1,0,0
WUZ,NNG,1,1,0,0
LLA,PJA,1,1,0,1
CLT,CUR,1,1,0,0
BOD,PMO,1,1,0,0
FAI,MLY,1,1,0,0
YFH,YLH,1,1,0,0
ORY,ORN,2,2,0,0
LGW,TPA,4,4,0,2
LHR,JFK,12,12,0,4
CHA,ORD,2,2,0,2
DFW,IAH,3,3,0,0
DFW,SPS,2,2,0,1
CLT,CLE,3,3,0,1
GRI,DFW,2,2,0,1
CJU,MWX,1,1,0,0
IST,BEN,3,3,0,0
HER,ATH,4,4,0,1
ATH,OSL,3,3,0,1
ARN,LED,2,2,0,0
ROV,TAS,2,2,0,0
MLE,SVO,1,1,0,0
EVN,KRR,1,1,0,0
LYS,BRU,4,4,0,1
LIN,CDG,3,3,0,1
PUJ,SDQ,2,2,0,1
BOM,RPR,3,3,0,2
MLA,NCL,2,2,0,0
SEZ,AUH,3,3,0,2
LIM,LPB,3,3,0,2
HIJ,DLC,2,2,0,1
HKN,POM,2,2,0,0
MAS,KVG,1,1,0,0
YYZ,HAV,1,1,0,0
EBB,BRU,4,4,0,3
DEN,YQR,2,2,0,2
RAR,AIT,2,2,0,1
WRE,WLG,1,1,0,1
MEL,WLG,5,5,0,2
SEA,TUS,1,1,0,0
PDX,SBA,1,1,0,1
VLI,NUS,1,1,0,0
ARN,AMS,4,4,0,1
CTU,SIN,3,3,0,1
ZHA,PEK,2,2,0,1
WUX,SYX,2,2,0,1
YCU,CAN,2,2,0,1
NAN,SYD,4,4,0,1
FRU,KRR,1,1,0,0
HAH,DZA,2,2,0,0
IND,MCI,2,2,0,1
MSY,MKE,2,2,0,1
LAS,TPA,2,2,0,1
HKG,CNS,4,4,0,3
GAM,OME,2,2,0,1
KHH,SZX,1,1,0,0
KMG,ZAT,2,2,0,0
KMG,NYT,1,1,0,0
TAO,NGO,2,2,0,1
YBP,PVG,1,1,0,0
GRU,SSA,4,4,0,0
IAD,PTY,2,2,0,0
CVG,YYZ,3,3,0,3
MYR,LGA,2,2,0,1
SLC,ABQ,1,1,0,1
MSP,OMA,1,1,0,0
MSP,BJI,1,1,0,1
DXB,MUC,3,3,0,1
BVA,RZE,1,1,0,0
LPL,BFS,1,1,0,0
EDI,LTN,1,1,0,0
LYS,AGA,1,1,0,0
BRI,FLR,2,2,0,0
TPE,DPS,3,3,0,1
CGK,SIN,10,10,0,0
PSA,CGN,1,1,0,0
FRA,AYT,4,4,0,0
HAM,MAH,1,1,0,0
AJA,LIL,2,2,0,0
BCN,TFS,3,3,0,1
PMI,OVD,2,2,0,1
PNQ,BLR,5,5,0,2
SYZ,AWZ,3,3,0,0
SYZ,MHD,3,3,0,0
NUX,OMS,1,1,0,0
BOS,PBI,1,1,0,0
HOU,BOS,2,2,0,0
MEL,HBA,4,4,0,1
AMS,OSL,3,3,0,0
OTP,AMS,2,2,0,0
PRG,ICN,2,2,0,0
GRU,SCL,3,3,0,0
CCP,SCL,3,3,0,0
DUS,MLA,2,2,0,1
EVN,BEY,1,1,0,0
EBB,MGQ,1,1,0,0
SXF,LPA,2,2,0,0
LGW,GOT,1,1,0,0
AJU,BSB,1,1,0,0
SAW,DNZ,1,1,0,0
TAG,MNL,3,3,0,0
TSN,DYG,1,1,0,0
AGA,VIL,1,1,0,0
WRO,BLQ,1,1,0,0
PUY,BVA,1,1,0,0
MAD,KRK,1,1,0,0
BZR,NRN,1,1,0,0
WMI,CRL,1,1,0,0
MUC,MAN,6,6,0,3
JNB,BEW,2,2,0,1
DXB,OVB,1,1,0,0
SVX,KBP,2,2,0,0
YUL,TUN,1,1,0,0
HIA,FOC,1,1,0,0
NYO,ALC,1,1,0,0
RUH,BAH,2,2,0,0
OAK,DEN,2,2,0,0
DAY,DEN,2,2,0,1
MDW,MHT,2,2,0,1
BLL,AAL,2,2,0,0
FOC,RMQ,1,1,0,0
AMS,FUE,1,1,0,0
AMS,SUF,1,1,0,0
EIN,MAD,1,1,0,0
VKO,KJA,1,1,0,0
GUM,CTS,2,2,0,1
PNI,TKK,1,1,0,0
MYR,EWR,1,1,0,1
ORD,GRU,1,1,0,0
ORD,CMX,1,1,0,1
EYW,FLL,2,2,0,1
DRO,DFW,2,2,0,1
CLT,AVP,2,2,0,1
KZN,TAS,1,1,0,0
HUI,SGN,2,2,0,0
CGK,SGN,1,1,0,0
TIJ,PBC,1,1,0,0
YUL,MSP,2,2,0,2
ADD,SAH,1,1,0,0
SDQ,SXM,3,3,0,0
IOS,VCP,1,1,0,0
KTM,BHR,1,1,0,0
CUN,CZM,1,1,0,0
DXB,BBO,2,2,0,0
EWR,CLT,3,3,0,1
MIA,MXP,5,5,0,3
MIA,JFK,3,3,0,0
RDU,ORD,3,3,0,0
DFW,TUS,2,2,0,0
CLT,FRA,2,2,0,0
LAS,CLT,2,2,0,0
ROA,SFB,1,1,0,0
ROV,TLV,1,1,0,0
LCY,FLR,3,3,0,1
NTE,BOD,2,2,0,1
ATL,GDL,6,6,0,5
CHO,ATL,3,3,0,3
DUS,HRG,4,4,0,0
ALC,TXL,1,1,0,0
CLY,CGN,2,2,0,0
BSL,LPA,3,3,0,0
FUE,MAN,5,5,0,0
KHH,MFM,3,3,0,1
HAN,MFM,1,1,0,0
JNB,SEZ,2,2,0,1
MTY,AGU,1,1,0,1
TIJ,PVG,1,1,0,0
FUK,KIJ,2,2,0,1
HND,CDG,3,3,0,0
PEK,PVG,6,6,0,2
CUN,YYC,3,3,0,0
LAX,MSY,9,9,0,6
SEA,YKM,1,1,0,1
PBG,BOS,2,2,0,1
LBU,KUL,2,2,0,0
KUL,KLO,1,1,0,0
FCO,REG,2,2,0,0
VIE,FCO,5,5,0,1
PMV,CCS,5,5,0,0
URC,AKU,3,3,0,0
ZHA,SWA,1,1,0,0
XMN,TNA,4,4,0,2
HGH,TPE,3,3,0,0
HET,TPE,2,2,0,0
BSK,ALG,1,1,0,0
DUB,ACE,2,2,0,0
IAD,DUB,2,2,0,1
ADB,IST,4,4,0,0
TSE,TAS,2,2,0,0
YKS,VKO,1,1,0,0
MDW,CMH,2,2,0,1
BWI,SLC,3,3,0,1
YYZ,MCO,5,5,0,2
TLA,KTS,2,2,0,1
SKG,SKU,1,1,0,0
BRU,DME,1,1,0,0
SYQ,LIR,1,1,0,0
DOH,HKG,2,2,0,0
DVO,PPS,1,1,0,0
CGB,GYN,3,3,0,0
WUH,XIY,3,3,0,0
KUL,FOC,3,3,0,1
SZX,ZYI,1,1,0,0
HRB,TPE,2,2,0,0
TFS,STR,2,2,0,0
SDQ,FRA,1,1,0,0
FPO,ATL,1,1,0,0
FLL,JFK,2,2,0,0
ATL,CCS,1,1,0,0
MSP,YYC,1,1,0,0
MSP,MKE,3,3,0,1
LAS,MCO,2,2,0,0
ABQ,SLC,1,1,0,1
LYS,LRT,1,1,0,0
KWI,HBE,6,6,0,0
BKO,LFW,1,1,0,1
KEF,LTN,1,1,0,0
HAM,BSL,3,3,0,2
LYS,NCE,2,2,0,0
MXP,SSH,2,2,0,0
BKK,VTE,4,4,0,0
KOI,INV,1,1,0,1
TXL,FLR,2,2,0,1
HAJ,BCN,3,3,0,1
CWL,BCN,2,2,0,1
VKO,NYM,1,1,0,0
STR,FNC,2,2,0,0
HNL,LNY,2,2,0,0
AGP,TLS,2,2,0,1
TBZ,THR,4,4,0,0
OKA,MMY,3,3,0,0
LBA,AGP,2,2,0,0
SJU,JAX,1,1,0,0
FLL,POS,2,2,0,0
DUD,AKL,2,2,0,0
CNF,GRU,4,4,0,1
KWI,RUH,4,4,0,0
LSC,CJC,2,2,0,1
TLV,WAW,3,3,0,0
TRN,CAG,1,1,0,0
BEY,ATH,1,1,0,0
JCB,FLN,1,1,0,0
NCE,TRD,1,1,0,0
PRG,BGO,1,1,0,0
BEY,MCT,1,1,0,0
MNL,DWC,2,2,0,0
BCI,LRE,1,1,0,1
CMN,NKC,2,2,0,0
CRL,DUB,1,1,0,0
BRS,FAO,2,2,0,0
LPL,AGP,2,2,0,0
LTN,ACE,3,3,0,0
RYG,CHQ,1,1,0,0
NYO,PSA,1,1,0,0
FUE,EDI,1,1,0,0
MJV,BOH,1,1,0,0
BGY,PSR,1,1,0,0
CPT,GRJ,1,1,0,1
KGD,KBP,2,2,0,0
OVB,FEG,1,1,0,0
CMB,LHR,1,1,0,0
LDB,CWB,3,3,0,0
ABZ,BHX,1,1,0,0
JED,AMM,4,4,0,0
CIA,MAN,1,1,0,0
IAD,JED,1,1,0,0
AMA,LAS,1,1,0,0
TPA,ZRH,1,1,0,1
CNX,MFM,1,1,0,0
UFA,IST,1,1,0,0
DME,PED,1,1,0,0
DME,SYX,1,1,0,0
EWR,ZRH,2,2,0,0
EWR,BTV,1,1,0,0
KUF,DXB,1,1,0,0
MEX,PHX,3,3,0,0
CAE,DCA,2,2,0,0
DOK,KBP,2,2,0,0
VTE,HAN,2,2,0,0
YYC,YXJ,1,1,0,0
BGO,BOO,1,1,0,0
BRI,PRG,1,1,0,0
KAW,MGZ,1,1,0,0
JSR,DAC,3,3,0,0
VPY,MPM,1,1,0,0
CMN,MPL,1,1,0,0
ENY,NAY,2,2,0,1
VCP,RAO,1,1,0,0
MII,VCP,1,1,0,0
PIZ,BRW,1,1,0,1
SCC,NUI,1,1,0,1
MUC,VOZ,1,1,0,0
LHR,KWI,3,3,0,1
MIA,CDG,8,8,0,5
DFW,MBJ,2,2,0,0
STL,MIA,2,2,0,0
PDX,SAN,3,3,0,1
PHL,JAX,2,2,0,0
EFL,ATH,2,2,0,1
AOK,KSJ,2,2,0,0
KGD,LED,1,1,0,0
SVO,REN,1,1,0,0
SVO,LAX,2,2,0,0
PRG,LYS,2,2,0,1
ATL,NAS,4,4,0,2
LEJ,HRG,1,1,0,0
VIE,HEL,2,2,0,1
VIE,ZTH,2,2,0,0
DEL,FRA,2,2,0,0
NRT,PPT,2,2,0,1
SVO,PSA,2,2,0,1
CVG,CUN,2,2,0,1
HKD,CTS,1,1,0,1
NGO,SDJ,2,2,0,0
SHJ,CCJ,3,3,0,0
ROV,SKG,1,1,0,0
EZE,VVI,2,2,0,0
SAN,ORD,4,4,0,1
VIE,SBZ,2,2,0,2
YRT,YZS,2,2,0,1
PTP,SFG,3,3,0,1
AES,AMS,2,2,0,2
NNG,WNZ,1,1,0,0
LHW,INC,1,1,0,0
TYN,KMG,4,4,0,1
CTU,NKG,5,5,0,0
HET,SHE,3,3,0,1
YIH,SZX,3,3,0,1
JDZ,XMN,2,2,0,1
WUX,CKG,4,4,0,0
FRU,ALA,2,2,0,0
GUW,ALA,2,2,0,0
HAH,RUN,1,1,0,0
YKS,UUD,1,1,0,0
MEM,BWI,2,2,0,1
STL,MSP,3,3,0,1
MKE,TPA,2,2,0,1
MCO,MDW,2,2,0,0
AMM,LHR,2,2,0,0
SYX,HKG,3,3,0,0
GYN,UDI,2,2,0,0
VTE,NNG,1,1,0,0
JHG,DLU,2,2,0,0
CKG,HFE,2,2,0,0
NDG,TAO,2,2,0,1
TYN,DAT,3,3,0,1
FOC,CAN,3,3,0,0
URC,NLT,2,2,0,0
REC,FEN,2,2,0,0
VIX,GIG,2,2,0,0
VIX,SDU,3,3,0,0
MAN,MCO,3,3,0,2
DLM,HAM,1,1,0,0
STI,PTY,1,1,0,0
CTG,ADZ,1,1,0,1
DTW,CUN,3,3,0,1
HIB,MSP,1,1,0,1
CMH,RDU,1,1,0,1
NGB,KHH,1,1,0,1
MXP,FRA,2,2,0,1
SJO,DRK,3,3,0,1
BRU,PMI,4,4,0,0
BCN,OSL,4,4,0,1
BCN,CGN,1,1,0,0
SAW,TXL,1,1,0,0
CAI,BAH,2,2,0,0
TGJ,GEA,1,1,0,0
DXB,AWZ,1,1,0,0
BOM,IKA,1,1,0,0
IKA,CGN,1,1,0,0
MHD,BEY,1,1,0,0
IIL,THR,1,1,0,0
DWC,KWI,2,2,0,0
BFS,AGP,2,2,0,0
BOS,LGB,1,1,0,0
LUN,AMS,3,3,0,2
IST,KWI,2,2,0,0
IPC,SCL,1,1,0,0
WRO,WAW,1,1,0,0
REP,PKZ,1,1,0,0
MUC,TLS,1,1,0,1
TRS,MUC,1,1,0,1
SZB,PEN,3,3,0,1
JED,DMM,2,2,0,0
PEW,CJL,1,1,0,0
DOH,ISB,1,1,0,0
CRL,FNI,1,1,0,0
EDI,RYG,1,1,0,0
RBA,BVA,1,1,0,0
LIG,STN,1,1,0,0
TSF,CTA,1,1,0,0
PMI,PIK,1,1,0,0
AES,TRD,1,1,0,0
DYU,OVB,2,2,0,0
KUL,DOH,2,2,0,0
AUH,KRT,4,4,0,2
MCI,IND,2,2,0,1
BWI,CHS,1,1,0,0
LUG,ZRH,1,1,0,1
ADB,CGN,1,1,0,0
WUX,DLC,2,2,0,0
CJC,ANF,1,1,0,0
FRE,HIR,1,1,0,0
URA,SCO,1,1,0,0
SSA,GIG,3,3,0,0
UTH,DMK,2,2,0,0
BAL,IST,1,1,0,0
GLN,LPA,1,1,0,0
RTM,AGP,1,1,0,0
EGC,RTM,1,1,0,0
DLM,AMS,1,1,0,0
LHR,VKO,2,2,0,1
DME,KGD,3,3,0,0
SVP,LAD,1,1,0,0
ROS,PDP,1,1,0,0
IAD,GCM,1,1,0,0
ORD,CAK,1,1,0,1
LLK,LED,1,1,0,0
DFW,JLN,2,2,0,1
ORD,IND,3,3,0,3
LKN,BOO,1,1,0,0
VNO,DTM,1,1,0,0
HAH,JIB,1,1,0,0
CWL,DLM,1,1,0,0
OPO,NTE,1,1,0,0
KMG,KHH,1,1,0,0
NGB,RMQ,2,2,0,0
UFA,NOJ,1,1,0,0
NYA,TJM,2,2,0,0
SRV,ANI,1,1,0,1
KGX,SHX,2,2,0,1
MAO,MIA,3,3,0,0
LAS,JFK,8,8,0,3
DOH,PHL,2,2,0,0
CID,AZA,1,1,0,0
FDF,CAY,2,2,0,0
STM,MAO,5,5,0,2
FRA,DME,3,3,0,1
MUC,MAH,1,1,0,0
BOM,MUC,2,2,0,1
BLR,GOI,6,6,0,2
BKK,SIN,10,10,0,3
CWL,MLA,1,1,0,0
MEX,SAT,4,4,0,1
AUH,NRT,2,2,0,1
CTS,KIX,4,4,0,0
ATH,EVN,1,1,0,0
SEA,STS,1,1,0,1
MHD,AWZ,3,3,0,0
FCO,GYD,2,2,0,1
CCS,MAR,5,5,0,0
MUC,PEK,2,2,0,0
WUH,SHE,3,3,0,1
KHN,PEK,4,4,0,1
LHR,DUB,3,3,0,1
THU,SVR,1,1,0,0
AUH,ALA,2,2,0,0
TLE,MOQ,1,1,0,0
LED,YKS,1,1,0,0
STL,MCI,2,2,0,1
AMS,LGW,2,2,0,0
PBI,NAS,1,1,0,0
JSH,PVK,1,1,0,0
YCO,YCB,2,2,0,0
KUL,HKG,3,3,0,0
BKK,AMS,3,3,0,0
OKA,PVG,3,3,0,1
NGB,NAY,2,2,0,1
YNJ,TAO,3,3,0,1
CAN,CGO,4,4,0,1
CSX,CAN,1,1,0,0
FOC,BKK,2,2,0,0
RHO,DUS,4,4,0,0
MGA,PTY,2,2,0,0
DBV,RJK,1,1,0,0
RJK,LHR,1,1,0,0
DTW,CRW,1,1,0,1
JFK,LIR,2,2,0,0
RST,MSP,1,1,0,1
KUL,TPE,4,4,0,0
TRV,DXB,3,3,0,0
KBP,TLL,1,1,0,0
HAM,MAN,2,2,0,0
LPL,SXF,1,1,0,0
LGW,CGN,1,1,0,0
CMN,MXP,2,2,0,0
IBZ,STN,3,3,0,0
HEL,NRK,2,2,0,1
INV,SYY,1,1,0,1
STL,DEN,4,4,0,2
HAJ,VCE,1,1,0,0
ITO,HNL,2,2,0,0
SXB,MAD,1,1,0,1
NAP,FMM,1,1,0,0
AZD,BND,1,1,0,0
CNS,SYD,4,4,0,1
BOS,FRA,2,2,0,1
LUX,RAK,1,1,0,0
ARN,LYC,2,2,0,1
DMK,UTH,2,2,0,0
TRF,AYT,1,1,0,0
TFS,SXF,3,3,0,0
NTE,DJE,3,3,0,0
COO,PNR,4,4,0,0
PNR,COO,4,4,0,0
DMM,SKT,1,1,0,0
ADB,ASR,2,2,0,0
MSY,MEM,2,2,0,1
NLA,LUN,1,1,0,0
ORY,RAK,2,2,0,0
LDY,FAO,1,1,0,0
BRI,MST,1,1,0,0
CAG,GRO,1,1,0,0
PSA,BVA,1,1,0,0
TRR,GIU,1,1,0,0
ABQ,OAK,1,1,0,0
JNZ,TAO,2,2,0,1
DLC,HRB,3,3,0,0
SCO,AKX,1,1,0,0
FOR,GRU,3,3,0,0
IST,PRG,1,1,0,0
OVB,HKT,1,1,0,0
GSP,ORD,1,1,0,1
WRL,CYS,3,3,0,2
MIA,CTG,3,3,0,1
DFW,LEX,2,2,0,1
SBA,PHX,2,2,0,2
SKD,TAS,1,1,0,0
KTW,HHN,1,1,0,0
BHX,ADB,1,1,0,0
TJM,OVB,1,1,0,0
CMB,GAN,1,1,0,0
KDO,MLE,1,1,0,0
SJK,SDU,2,2,0,0
USK,UCT,1,1,0,0
WUZ,ZUH,1,1,0,0
OUA,BKO,3,3,0,1
VNO,CDG,1,1,0,0
YBC,YWK,1,1,0,0
MAD,JFK,9,9,0,3
SAP,MIA,4,4,0,1
GDL,SJC,4,4,0,2
PIT,BOS,3,3,0,2
PDX,BOS,3,3,0,1
LAS,MFE,1,1,0,0
LAS,GJT,1,1,0,0
LJU,CDG,2,2,0,0
VVO,SVO,1,1,0,0
SVO,HRK,1,1,0,0
AGP,CGN,3,3,0,0
HER,ZRH,2,2,0,1
JTR,VIE,3,3,0,1
AGP,MAN,5,5,0,0
BRS,FRA,1,1,0,0
HUX,MEX,2,2,0,1
CUU,MEX,3,3,0,0
CUU,MTY,3,3,0,1
GDL,ONT,3,3,0,1
LMM,MZT,1,1,0,1
PAP,PTY,2,2,0,1
NGO,AXT,1,1,0,1
DAU,POM,2,2,0,0
SHJ,NJF,1,1,0,0
MCI,YYZ,1,1,0,1
BGO,RIX,2,2,0,0
RIX,TBS,2,2,0,0
HLZ,AKL,1,1,0,1
BHE,CHC,1,1,0,1
EMA,GCI,1,1,0,0
LNB,VLI,1,1,0,0
BKI,MYY,2,2,0,1
PEN,KUL,4,4,0,0
FCO,MXP,5,5,0,0
SRE,TJA,1,1,0,0
CAN,JDZ,2,2,0,1
CTU,INC,3,3,0,1
SYX,TYN,2,2,0,0
HAK,CTU,5,5,0,1
FAO,DUB,2,2,0,0
EBL,ESB,3,3,0,0
TSE,PWQ,1,1,0,0
NCE,BIQ,1,1,0,0
OAK,LAX,3,3,0,2
MCO,BUF,3,3,0,1
LIS,YUL,1,1,0,0
LHR,NBO,3,3,0,1
ZRH,LHR,4,4,0,2
KWI,CGP,1,1,0,0
KSE,EBB,1,1,0,0
SCW,SVX,1,1,0,0
WMO,GLV,2,2,0,1
SPC,TFN,2,2,0,0
WAW,SOF,2,2,0,0
KIN,FLL,3,3,0,0
CGO,PVG,3,3,0,0
PVG,SYD,4,4,0,1
TYN,CSX,3,3,0,0
TYN,TXN,2,2,0,1
CGO,DSN,2,2,0,0
POA,BSB,2,2,0,0
CGH,GIG,2,2,0,0
PBL,MAR,1,1,0,0
SDQ,HAV,1,1,0,0
SCU,YUL,1,1,0,0
SAP,ATL,1,1,0,0
MEM,IAH,2,2,0,2
ATL,MLI,3,3,0,3
HBE,JED,7,7,0,0
LUN,DXB,1,1,0,0
DXB,TPE,1,1,0,0
LFW,CKY,1,1,0,1
DLA,BZV,4,4,0,1
ADD,JIB,4,4,0,1
AMM,AUH,3,3,0,0
RAK,MXP,2,2,0,0
BSL,DRS,1,1,0,0
PSA,LTN,1,1,0,0
KUL,PEK,2,2,0,0
BCN,STR,3,3,0,1
SXF,AYT,2,2,0,0
KSF,PMI,1,1,0,0
STR,LIS,1,1,0,0
XUZ,XMN,1,1,0,0
XRY,HAJ,1,1,0,0
BIO,VLC,1,1,0,1
LBA,BUD,1,1,0,0
BOS,STT,1,1,0,0
DEN,JFK,2,2,0,0
PVG,HKT,4,4,0,1
JFK,AMS,2,2,0,0
JOG,SUB,2,2,0,1
BOM,FRA,2,2,0,1
OSL,LPA,2,2,0,0
ATH,OTP,3,3,0,0
YQB,YTZ,1,1,0,0
LLF,CSX,1,1,0,0
DOH,NJF,1,1,0,0
CRL,NDR,1,1,0,0
BRS,IBZ,1,1,0,0
TFS,VLC,1,1,0,0
GRO,PMI,1,1,0,0
KGS,BGY,1,1,0,0
CFU,EIN,1,1,0,0
CIY,DUB,1,1,0,0
CPT,MQP,1,1,0,1
PEW,AAN,1,1,0,0
TKU,ARN,2,2,0,2
CMB,PEK,1,1,0,0
BKK,CRK,1,1,0,0
MEL,MCY,3,3,0,1
JED,IAD,1,1,0,0
MCI,ABQ,1,1,0,0
EWR,HOU,1,1,0,0
BNA,GSP,1,1,0,0
BWI,ROC,2,2,0,1
ZRH,LPA,3,3,0,1
XMN,CZX,2,2,0,0
WXN,KMG,1,1,0,0
MVP,VVC,2,2,0,1
DXB,LIS,2,2,0,1
IST,DEL,2,2,0,1
OMS,DME,3,3,0,0
ROS,AEP,2,2,0,1
BRU,ORD,2,2,0,1
CLE,ERI,1,1,0,0
TPA,PNS,2,2,0,1
IAD,MBJ,1,1,0,0
PDX,EWR,1,1,0,0
FEG,LED,1,1,0,0
HRK,KBP,1,1,0,0
LZY,LXA,1,1,0,0
YYC,YUL,2,2,0,0
SVG,KTW,1,1,0,0
OTP,LTN,1,1,0,0
SKP,CRL,1,1,0,0
MLE,MAA,1,1,0,0
KOJ,NRT,1,1,0,0
VIE,BEG,2,2,0,1
NTE,PMI,1,1,0,0
YMO,YTS,1,1,0,0
YWK,YUL,1,1,0,0
YOP,YOJ,1,1,0,0
FAO,CDG,1,1,0,0
LHR,SFO,10,10,0,6
GIG,DFW,3,3,0,0
CLE,ORD,3,3,0,1
LIT,DCA,2,2,0,2
PHL,SDF,2,2,0,2
CHS,MIA,2,2,0,1
SNA,ORD,3,3,0,0
CLT,UVF,2,2,0,0
CLT,TPA,2,2,0,0
CLT,AGS,2,2,0,0
GRR,SFB,1,1,0,0
HER,VIE,4,4,0,1
SXF,SVO,1,1,0,0
AER,EVN,2,2,0,0
SVO,CDG,2,2,0,0
JFK,ATL,7,7,0,6
BOS,CDG,3,3,0,1
SAW,GYD,2,2,0,0
KVA,MUC,1,1,0,0
CUN,DUS,1,1,0,0
DEL,KUU,1,1,0,0
LBA,BJV,2,2,0,0
HND,NTQ,1,1,0,0
IAD,ATL,9,9,0,8
YYZ,YYC,2,2,0,0
VKO,RIX,2,2,0,0
CHC,OOL,3,3,0,0
EZE,FTE,2,2,0,1
YVR,PDX,4,4,0,4
SEA,LIH,1,1,0,0
SEA,GTF,1,1,0,1
ATL,SAV,6,6,0,5
LAS,SEA,4,4,0,2
CIJ,CBB,1,1,0,0
VIE,KBP,2,2,0,1
BAQ,CLO,1,1,0,0
DMK,KUL,3,3,0,0
UPG,KUL,1,1,0,0
IAH,ATL,9,9,0,8
ATL,PTY,3,3,0,2
SZX,NKG,5,5,0,0
WUH,INC,4,4,0,2
KMG,TYN,4,4,0,1
HFE,CTU,4,4,0,0
YCU,TSN,2,2,0,1
ISA,DMD,1,1,0,0
ULP,WNR,1,1,0,0
TWB,CTL,1,1,0,0
BRS,SNN,1,1,0,1
NAN,TRW,1,1,0,0
NAN,HKG,2,2,0,1
OSS,SGC,2,2,0,0
IST,ISU,2,2,0,0
ALA,KZO,1,1,0,0
TNR,RUN,2,2,0,0
MXH,HGU,2,2,0,0
DAL,STL,2,2,0,1
CMH,MDW,2,2,0,1
MAN,BLL,1,1,0,1
LGW,BCN,6,6,0,1
HAV,HOG,2,2,0,0
LGW,MSQ,1,1,0,0
MSQ,HEL,2,2,0,1
GMZ,TFN,1,1,0,1
KUL,PVG,4,4,0,1
JGD,HRB,2,2,0,0
CSX,LHW,4,4,0,0
CGO,ICN,2,2,0,0
RBR,BSB,2,2,0,0
BAQ,PTY,1,1,0,0
CLO,ADZ,2,2,0,2
CUN,FCO,2,2,0,1
MEM,MCI,1,1,0,1
SLC,EWR,1,1,0,0
IAH,MEM,2,2,0,2
DTW,SWF,1,1,0,1
MCO,BDL,4,4,0,2
MSO,SLC,1,1,0,1
TLV,SXF,3,3,0,0
TLV,FRA,2,2,0,0
DXB,IST,3,3,0,1
NRT,AUH,2,2,0,1
BFS,NCL,1,1,0,0
BRS,FNC,1,1,0,0
ALC,MAN,5,5,0,0
HKT,PEN,2,2,0,1
LEJ,CDG,1,1,0,0
BCN,OPO,5,5,0,2
BPN,MDC,2,2,0,0
MNL,BAH,2,2,0,1
FRA,KGS,2,2,0,0
BRU,LDE,1,1,0,0
IDR,RPR,1,1,0,0
JHB,BDO,1,1,0,0
LJG,NGB,1,1,0,0
KHV,HTA,1,1,0,0
OVB,OMS,1,1,0,0
OVB,SLY,1,1,0,0
JED,BOM,3,3,0,0
AMS,SVO,2,2,0,0
HKT,ICN,4,4,0,0
ICN,CGO,2,2,0,0
IKA,KWI,1,1,0,0
LAX,FRA,2,2,0,1
AGA,LUX,1,1,0,0
EVE,ALC,1,1,0,0
BOJ,HEL,1,1,0,0
SKT,RUH,1,1,0,0
RAR,MUK,1,1,0,0
FUE,BOH,1,1,0,0
AGP,DTM,1,1,0,0
SUF,HHN,1,1,0,0
AOI,STN,1,1,0,0
PDL,OPO,2,2,0,1
JNB,WVB,1,1,0,1
CPH,BGO,2,2,0,0
HAM,LGW,1,1,0,0
SAN,NRT,3,3,0,0
RUH,RAH,1,1,0,0
LAS,STL,1,1,0,0
KWL,INC,1,1,0,0
YNJ,PEK,3,3,0,1
IRA,HIR,1,1,0,0
DAC,BKK,6,6,0,0
DAC,IST,1,1,0,0
TLS,MXP,1,1,0,0
AYT,BRS,2,2,0,0
AGP,EIN,2,2,0,0
IAS,TLV,1,1,0,0
MUC,JFK,2,2,0,1
MEX,EWR,1,1,0,0
GIG,IAH,1,1,0,0
RIC,EWR,1,1,0,1
IAD,PEK,2,2,0,1
TUL,IAD,1,1,0,1
SNA,DEN,4,4,0,1
PHX,CMH,3,3,0,0
MIA,ORF,2,2,0,1
SOG,BGO,1,1,0,0
SZZ,TRF,1,1,0,0
NYO,BUD,1,1,0,0
BEW,TET,1,1,0,0
NYA,SVX,1,1,0,0
KJA,PEK,3,3,0,0
CAC,CWB,1,1,0,0
SXM,SKB,2,2,0,0
RBY,GAL,1,1,0,1
PGA,GCN,1,1,0,0
NTE,MUC,1,1,0,0
CVG,MMU,1,1,0,0
YMN,YHO,1,1,0,0
SGN,NRT,4,4,0,1
MEL,BNE,5,5,0,2
DFW,SJO,2,2,0,0
PDX,DCA,2,2,0,1
CLT,PUJ,2,2,0,0
CLT,CZM,2,2,0,0
JED,MAD,2,2,0,0
CDG,ZRH,2,2,0,0
ORY,CWL,2,2,0,1
BES,ORY,1,1,0,0
PUJ,CDG,3,3,0,1
DSM,ATL,3,3,0,2
EVV,ATL,4,4,0,3
NUE,OLB,2,2,0,1
BLR,COK,5,5,0,2
HND,OIM,1,1,0,1
PEK,KIX,2,2,0,0
KUH,HND,3,3,0,0
DPS,POM,1,1,0,0
YYZ,LAS,4,4,0,1
AKN,WSN,1,1,0,0
AEP,LUQ,1,1,0,1
SEA,BZN,1,1,0,1
SAH,AAY,2,2,0,1
ASU,LIM,1,1,0,0
EJA,BOG,1,1,0,0
TAH,IPA,1,1,0,0
KBR,SIN,1,1,0,0
KUL,BWN,3,3,0,0
XMN,CGD,1,1,0,0
PEK,WUA,3,3,0,1
YCU,KMG,2,2,0,1
LYS,BSK,1,1,0,0
TAS,TSE,2,2,0,0
NOS,DIE,1,1,0,0
SAT,PHX,4,4,0,3
STL,MKE,2,2,0,1
BMA,AAR,1,1,0,1
LHR,ZYL,1,1,0,0
LUR,OTZ,1,1,0,0
DME,BRU,1,1,0,0
SOF,FRA,3,3,0,1
TPE,YNZ,3,3,0,1
TYN,YCU,1,1,0,0
PVG,HFE,2,2,0,0
NAY,HLD,2,2,0,1
LYI,SHA,2,2,0,0
JGS,SZX,1,1,0,0
CAN,LZH,1,1,0,0
SZX,WUH,4,4,0,0
JHG,CKG,1,1,0,0
HGH,PEK,8,8,0,1
TXN,CSX,1,1,0,0
BSB,IMP,2,2,0,0
CGH,BSB,3,3,0,0
DBV,ZAG,1,1,0,0
MOL,SRP,1,1,0,0
MYR,BOS,2,2,0,1
DCA,MSP,4,4,0,2
SLC,BTM,1,1,0,1
IND,LGA,1,1,0,0
RDU,LAS,2,2,0,0
DTW,MCI,1,1,0,0
DTW,ROA,1,1,0,1
STL,JFK,1,1,0,1
ICN,SEA,4,4,0,2
MBS,DTW,1,1,0,1
SIN,TPE,7,7,0,1
BNE,LRE,2,2,0,2
VXO,AMS,1,1,0,0
AXU,ADD,1,1,0,0
AUH,CAI,2,2,0,0
STN,CAG,1,1,0,0
CGN,ZAG,1,1,0,0
CGQ,CGO,3,3,0,0
SIN,DPS,10,10,0,0
BDO,DPS,4,4,0,0
THR,KHD,1,1,0,0
RAS,THR,2,2,0,0
NQY,EXT,1,1,0,0
HND,MSJ,1,1,0,0
KQT,CIT,1,1,0,0
MAN,TLS,1,1,0,0
EDI,MAH,1,1,0,0
RHO,NCL,2,2,0,0
MCO,EWR,2,2,0,0
HTI,SYD,2,2,0,1
TTE,MDC,3,3,0,0
TRK,BPN,3,3,0,0
JED,CMB,3,3,0,1
TGD,BEG,2,2,0,0
EDI,BGO,1,1,0,0
VCE,OSL,1,1,0,0
BSB,CWB,3,3,0,0
PFB,GRU,1,1,0,0
CJL,ISB,1,1,0,0
EMA,WRO,1,1,0,0
DUB,CIY,1,1,0,0
AGP,KRK,1,1,0,0
AHO,CRL,1,1,0,0
OPO,CIA,1,1,0,0
PMI,SNN,1,1,0,0
PMI,GSE,1,1,0,0
OSL,AES,2,2,0,0
NCE,CPH,2,2,0,0
SJU,FDF,2,2,0,0
KCT,DIW,1,1,0,0
JLR,BOM,1,1,0,0
SIN,KMG,2,2,0,1
AYT,KSF,1,1,0,0
OAK,OGG,3,3,0,1
HKG,MUC,1,1,0,0
CAI,BKK,3,3,0,1
BNE,NAN,3,3,0,2
FEZ,NTE,1,1,0,0
JED,KRT,3,3,0,0
AJF,JED,1,1,0,0
ZRH,JFK,4,4,0,1
MYR,IAG,1,1,0,0
NGO,IBR,1,1,0,0
MUA,GZO,1,1,0,0
SLZ,IMP,2,2,0,0
CCS,GRU,2,2,0,0
MIR,ORY,2,2,0,0
TUN,MAD,1,1,0,0
EMA,NBE,3,3,0,0
VKO,ESB,1,1,0,0
CUU,IAH,1,1,0,1
SFO,OTH,1,1,0,1
CLE,FKL,1,1,0,1
HNL,LIH,4,4,0,2
DEN,YVR,2,2,0,1
DEN,HLN,1,1,0,1
SCE,IAD,1,1,0,1
PHL,DTW,3,3,0,0
DME,CXR,1,1,0,0
HPH,DAD,1,1,0,0
MEX,SAN,1,1,0,0
LGW,MBJ,1,1,0,0
GLA,GDN,1,1,0,0
VNO,LTN,1,1,0,0
YQT,YFH,1,1,0,0
YUY,YGW,1,1,0,0
YPH,YVP,1,1,0,0
TXL,JFK,2,2,0,1
AUA,CLT,2,2,0,0
LAX,HNL,7,7,0,1
DFW,MSN,2,2,0,1
PHL,SCE,2,2,0,1
JFK,DFW,3,3,0,0
CLT,CAK,2,2,0,0
SRQ,CLT,2,2,0,2
ICN,LHR,3,3,0,0
DOH,ICN,2,2,0,1
DSM,PGD,1,1,0,0
BIS,SFB,1,1,0,0
SFB,GSP,1,1,0,0
TLL,SVO,2,2,0,0
KRR,LED,1,1,0,0
CMN,TLS,3,3,0,0
CFE,ORY,1,1,0,0
RSW,ATL,8,8,0,5
NAS,LGI,2,2,0,0
SZG,TFS,2,2,0,0
VIE,ACE,2,2,0,0
SAW,NUE,2,2,0,0
GOI,DXB,1,1,0,0
LCA,BHX,1,1,0,0
ALC,BHX,4,4,0,0
HER,BHX,3,3,0,0
RPR,BHO,2,2,0,2
MEX,LHR,2,2,0,0
FRA,HND,2,2,0,0
PEK,NRT,6,6,0,2
SHJ,IKA,1,1,0,0
YFC,YOW,1,1,0,1
CHC,NPE,1,1,0,1
AKN,PIP,1,1,0,0
KCQ,KPV,1,1,0,0
GIG,AEP,1,1,0,0
VIE,KIV,1,1,0,1
ORY,SXM,2,2,0,1
BKI,KBR,1,1,0,0
GBE,MUB,1,1,0,0
SZX,YBP,2,2,0,0
CZX,CTU,3,3,0,1
JJN,CAN,4,4,0,2
WNR,ULP,1,1,0,0
VBV,SUV,1,1,0,1
MDW,MBJ,1,1,0,0
MDW,ATL,5,5,0,2
AMS,YYC,3,3,0,1
BGI,LGW,3,3,0,1
IKA,MSQ,1,1,0,0
SJO,DAV,1,1,0,0
BSL,BRU,3,3,0,1
HKG,HKT,5,5,0,0
XIY,CGQ,1,1,0,0
SHA,HIA,1,1,0,0
BKK,CTU,2,2,0,0
HAK,PVG,5,5,0,0
NAY,FUO,2,2,0,1
SYX,FOC,3,3,0,1
GRU,CNF,3,3,0,0
SEZ,FRA,1,1,0,0
PTY,NAS,1,1,0,0
BOS,CMH,1,1,0,0
CVG,BNA,1,1,0,1
MIA,LHR,8,8,0,2
DTW,CHS,1,1,0,1
BTV,LGA,1,1,0,0
CWA,MSP,1,1,0,1
MAD,CAI,1,1,0,0
DXB,EBL,2,2,0,0
DME,DXB,1,1,0,0
SJO,TMU,3,3,0,0
BRS,BFS,1,1,0,0
BCN,LYS,3,3,0,1
GCI,EXT,1,1,0,0
ALC,SOU,1,1,0,0
DEN,MSN,2,2,0,1
PKY,CGK,2,2,0,0
MXP,BCN,4,4,0,1
OMH,THR,2,2,0,0
DOH,KIX,3,3,0,1
DBV,NCL,1,1,0,0
KGS,MAN,1,1,0,0
ZCO,SCL,2,2,0,0
WAW,NCE,1,1,0,0
LPQ,HAN,2,2,0,0
FRA,EDI,1,1,0,0
DTM,MUC,2,2,0,0
BKK,FRA,2,2,0,0
SZG,AYT,2,2,0,0
BUD,CPH,2,2,0,0
RUH,KWI,4,4,0,0
HTY,MED,1,1,0,0
KHS,MCT,1,1,0,0
SGN,DOH,1,1,0,0
MIM,SYD,1,1,0,0
NYO,CHQ,1,1,0,0
ZAD,CRL,1,1,0,0
CCF,BOH,1,1,0,0
BGY,OPO,1,1,0,0
CIA,AGP,1,1,0,0
OPO,DUB,1,1,0,0
OPO,EBU,1,1,0,0
WMI,ALC,1,1,0,0
KWE,CAN,4,4,0,0
KRL,CTU,2,2,0,1
EAR,DEN,1,1,0,0
PEK,IKA,1,1,0,0
NCL,IBZ,2,2,0,0
RUH,TUI,1,1,0,0
PHX,SDF,1,1,0,0
IND,HOU,1,1,0,0
PHL,DEN,5,5,0,1
LAS,TUL,1,1,0,0
ZRH,LAX,2,2,0,1
LHW,CGO,4,4,0,2
CKG,PZI,1,1,0,0
MCO,ACY,1,1,0,0
ZAL,CCP,1,1,0,0
AMS,TUN,1,1,0,0
VCE,TUN,1,1,0,0
BKK,MAD,1,1,0,0
SKG,IST,1,1,0,0
PVK,LGW,2,2,0,0
FRA,ORD,2,2,0,0
JAN,ORD,1,1,0,1
ORD,TYS,3,3,0,2
ORD,CRW,1,1,0,1
TUL,IAH,1,1,0,1
POP,MIA,2,2,0,0
PVG,SGN,2,2,0,0
MZT,TIJ,1,1,0,0
RIY,CAI,1,1,0,0
MLE,DRV,1,1,0,0
BKK,ULN,1,1,0,0
ATM,STM,1,1,0,0
URS,VKO,1,1,0,0
SKB,SXM,2,2,0,0
BKO,COO,3,3,0,0
TLL,TYF,1,1,0,1
CGA,KLW,2,2,0,0
YOL,ABV,1,1,0,0
MRS,TLM,2,2,0,0
LAX,ABQ,5,5,0,4
MIA,PUJ,4,4,0,0
RIC,MIA,2,2,0,1
DFW,GSO,2,2,0,1
ORD,CLE,3,3,0,1
ISP,PHL,2,2,0,1
LED,SKG,2,2,0,0
TLV,SVO,1,1,0,0
SVO,ATH,1,1,0,0
AMS,CDG,3,3,0,1
EBB,AMS,3,3,0,2
FSC,MRS,3,3,0,1
ABE,ATL,3,3,0,2
TXL,FRA,4,4,0,1
TFS,TXL,1,1,0,0
SMI,MUC,1,1,0,0
CTA,BSL,3,3,0,1
DEL,HYD,5,5,0,2
SDJ,HIJ,2,2,0,1
HND,CTS,4,4,0,0
YLW,YVR,3,3,0,1
YOW,YQM,2,2,0,1
YQL,YYC,1,1,0,1
YVR,PEK,2,2,0,0
YYZ,STL,2,2,0,2
SEA,MFR,1,1,0,1
LIM,UIO,4,4,0,0
KBR,KUL,2,2,0,0
AMS,CPH,6,6,0,2
KWE,MIG,1,1,0,0
PEK,MIG,2,2,0,1
CTU,HGH,9,9,0,3
LGW,BHD,1,1,0,0
BUD,DUB,2,2,0,0
SVG,FAE,1,1,0,0
URC,ALA,2,2,0,0
STN,KIV,1,1,0,0
RUN,JNB,1,1,0,0
DAL,SEA,1,1,0,1
RDU,TPA,3,3,0,2
PVD,MDW,2,2,0,1
JAX,BWI,2,2,0,1
MKE,MCI,2,2,0,1
BWI,TPA,2,2,0,0
TFN,VDE,1,1,0,0
TBS,BGW,1,1,0,0
JIC,NAY,2,2,0,1
CAN,PNH,1,1,0,0
FOC,MFM,2,2,0,0
SHE,YNZ,1,1,0,0
ZUH,SWA,1,1,0,0
GRU,NVT,2,2,0,0
UDI,CNF,2,2,0,0
VIX,CGH,2,2,0,0
HOG,MBJ,1,1,0,0
ZRH,LCA,3,3,0,1
SEA,AMS,2,2,0,1
DTW,MEM,1,1,0,0
COO,ABV,1,1,0,1
ADD,NDJ,1,1,0,0
GVA,DBV,1,1,0,0
PKU,SZB,2,2,0,1
MAN,DUS,2,2,0,1
TTN,MDW,1,1,0,0
DEN,GSO,1,1,0,0
HAM,NUE,2,2,0,0
STR,HDF,1,1,0,0
PIR,DEN,3,3,0,2
BSL,RHO,1,1,0,0
YZF,YWJ,1,1,0,0
NRT,ROR,2,2,0,0
MAN,PUY,2,2,0,0
ALC,BLK,1,1,0,0
HER,EMA,1,1,0,0
FLL,ORH,1,1,0,0
TPA,BOS,1,1,0,0
MEL,DRW,3,3,0,1
AKL,ICN,1,1,0,0
ISB,KWI,1,1,0,0
BGI,SLU,1,1,0,0
HBE,BEN,1,1,0,0
SUB,KOE,3,3,0,0
FRA,BOS,2,2,0,1
GLA,EWR,2,2,0,1
KUL,JED,4,4,0,0
KUL,BTU,2,2,0,0
KUL,BNE,1,1,0,0
ZRH,CTA,3,3,0,2
AGP,VIE,2,2,0,1
DOH,PEK,1,1,0,0
CRL,MAN,1,1,0,0
EMA,LRH,1,1,0,0
STN,WMI,1,1,0,0
GDN,RYG,1,1,0,0
RAK,BGY,1,1,0,0
KGS,STN,1,1,0,0
BGY,BLL,1,1,0,0
OPO,FMM,1,1,0,0
WMI,PIK,1,1,0,0
GDX,IKT,1,1,0,0
TIR,HYD,2,2,0,0
SYD,NRT,2,2,0,0
MUC,GRU,2,2,0,1
RAE,JED,1,1,0,0
ZHA,PVG,3,3,0,1
IST,LIS,2,2,0,0
MIR,LYS,2,2,0,0
SIN,KBV,2,2,0,0
ESB,KCM,1,1,0,1
AGA,MAN,3,3,0,0
AGA,AMS,1,1,0,0
VLC,RTM,1,1,0,0
SFA,BEN,2,2,0,0
CUN,SFO,2,2,0,0
MYR,ORD,2,2,0,1
TYS,IAD,1,1,0,1
MCO,PTY,2,2,0,0
CMX,ORD,1,1,0,1
MIA,POP,2,2,0,0
LED,TAS,2,2,0,0
SGN,PXU,1,1,0,0
CUN,VER,2,2,0,0
CTU,LZY,4,4,0,1
JFK,YYC,3,3,0,1
BRI,BUD,1,1,0,0
RIY,SAH,2,2,0,0
APL,TET,1,1,0,0
HRB,HET,2,2,0,0
GAJ,NKM,1,1,0,0
LWO,GRO,1,1,0,0
JPA,VCP,1,1,0,0
UBA,VCP,1,1,0,0
DLC,CIF,1,1,0,0
NGB,SJW,1,1,0,0
GOU,NDJ,1,1,0,0
YQB,YUL,3,3,0,1
YDP,YYR,2,2,0,0
LHR,LYS,2,2,0,1
LHR,PHL,5,5,0,1
SFO,HKG,6,6,0,2
SLC,PHL,3,3,0,0
MIA,RTB,2,2,0,0
MIA,SDF,2,2,0,1
DFW,RIC,2,2,0,0
ATL,MIA,12,12,0,10
PDX,YVR,4,4,0,3
PBI,DFW,2,2,0,0
MOB,CLT,2,2,0,1
JFK,HKG,2,2,0,1
CJU,PUS,3,3,0,0
ICN,MFM,3,3,0,0
SVO,LCA,2,2,0,0
SVO,KGF,1,1,0,0
ABV,CDG,3,3,0,2
RBA,CDG,1,1,0,0
TXL,HER,3,3,0,0
GCI,JER,4,4,0,0
FUE,VIE,2,2,0,0
BOM,TRV,6,6,0,1
LGW,LCA,7,7,0,0
SAT,MEX,4,4,0,1
NRT,HIJ,2,2,0,1
YVR,YLW,3,3,0,1
YYZ,YUL,7,7,0,4
RIX,KIV,1,1,0,0
HLZ,PMR,1,1,0,1
DEN,LAX,7,7,0,3
ADE,DMM,2,2,0,1
VIE,NAP,1,1,0,1
BOG,BGA,3,3,0,1
VLI,LNB,1,1,0,0
FDF,SLU,4,4,0,1
IXE,DXB,2,2,0,0
TWU,KUL,2,2,0,0
FRW,GBE,1,1,0,0
PPT,NHV,1,1,0,0
CAI,CAN,2,2,0,1
PEK,INC,8,8,0,1
HGH,TNA,4,4,0,2
CTU,SHE,3,3,0,1
CTU,WUX,4,4,0,1
DLC,CGO,6,6,0,1
BLJ,LYS,1,1,0,0
DAL,SFO,1,1,0,1
POS,UVF,2,2,0,1
USM,HKG,2,2,0,0
EGO,KUF,1,1,0,0
MSQ,GYD,1,1,0,0
BRU,TLL,2,2,0,1
VDE,LPA,1,1,0,0
RAO,GYN,2,2,0,0
BKK,PVG,5,5,0,0
LYG,PEK,1,1,0,0
DYG,TPE,2,2,0,0
XNN,URC,2,2,0,0
PUJ,CCS,1,1,0,0
FOR,SSA,2,2,0,0
IBZ,MAN,4,4,0,0
FCO,DBV,1,1,0,0
PRG,BUD,2,2,0,0
MEX,MID,4,4,0,0
DTW,MBS,1,1,0,1
BRD,MSP,1,1,0,1
CAI,KAN,1,1,0,0
BSR,DXB,2,2,0,0
PEK,AUH,3,3,0,1
EDI,WIC,1,1,0,1
EXT,GLA,1,1,0,0
AMS,EXT,1,1,0,0
BCN,DBV,2,2,0,1
XRY,BCN,3,3,0,0
SCQ,CDG,2,2,0,1
TTN,RDU,1,1,0,0
BIA,STR,1,1,0,0
TLV,CGN,1,1,0,0
RHO,BSL,1,1,0,0
KMG,XNN,1,1,0,0
KIX,CTS,4,4,0,0
SPU,MAN,1,1,0,0
FIH,BZV,4,4,0,1
NBO,AMS,3,3,0,1
CJU,KWJ,2,2,0,0
LUX,AGA,1,1,0,0
KHI,MUX,3,3,0,0
AMS,AYT,2,2,0,0
BNE,PQQ,2,2,0,1
ISA,TSV,2,2,0,1
SYD,TMW,1,1,0,1
TXL,DOH,1,1,0,0
MIM,MYA,1,1,0,0
MUC,CMN,1,1,0,0
AMM,AMS,1,1,0,0
BRE,TLL,1,1,0,0
LTN,KUN,1,1,0,0
WRO,GRO,1,1,0,0
ALC,KUN,1,1,0,0
MLA,LTN,1,1,0,0
MLE,COK,1,1,0,0
PDL,SMA,1,1,0,0
BTH,TKG,2,2,0,0
IBZ,LPL,1,1,0,0
KRT,RUH,3,3,0,0
MHD,MED,1,1,0,0
SAN,BNA,1,1,0,0
ECP,BWI,1,1,0,0
SZX,YTY,1,1,0,0
ROS,GRU,2,2,0,0
BOD,TUN,1,1,0,0
IST,TAS,2,2,0,0
IST,MLE,1,1,0,0
IAH,IST,2,2,0,0
KSY,IST,1,1,0,0
NJF,IST,1,1,0,0
TSA,WUH,1,1,0,0
RTM,IBZ,1,1,0,0
RAI,BVC,1,1,0,0
SIP,DME,3,3,0,0
SDD,WDH,1,1,0,0
PUJ,IAD,1,1,0,0
SFO,CEC,1,1,0,1
EWR,ANU,1,1,0,0
EWR,IAD,1,1,0,0
CKB,MGW,1,1,0,1
DFW,SAF,2,2,0,1
YOW,YYT,2,2,0,1
PEM,CUZ,2,2,0,1
AMS,NDR,2,2,0,0
MAO,TBT,1,1,0,0
OME,GAM,2,2,0,1
HER,TLL,1,1,0,1
CUR,VLN,1,1,0,0
AAE,MRS,2,2,0,0
HEL,JFK,4,4,0,3
KIN,MIA,2,2,0,0
DTW,CLT,3,3,0,0
BNA,LAX,5,5,0,1
PIE,YNG,1,1,0,0
GRR,AZA,1,1,0,0
LAS,LRD,1,1,0,0
SSA,SCL,1,1,0,0
SMI,ATH,2,2,0,1
SKG,HAJ,2,2,0,0
IST,SVO,1,1,0,0
SVO,VIE,1,1,0,0
SVO,ABA,1,1,0,0
AMS,LYS,2,2,0,1
RUN,ORY,3,3,0,1
OMA,ATL,4,4,0,3
ATL,ORF,7,7,0,5
ATL,TLH,3,3,0,2
ATL,COS,3,3,0,2
MLU,ATL,3,3,0,3
CGN,ACE,1,1,0,0
DUS,KGS,3,3,0,0
LPA,NUE,2,2,0,0
LEI,PMI,1,1,0,0
HER,BSL,2,2,0,0
FCO,DUS,3,3,0,1
DEL,BHO,3,3,0,2
TRN,CTA,4,4,0,1
VRN,TIA,5,5,0,1
MEX,GUA,2,2,0,1
SHJ,ELQ,1,1,0,0
PPQ,CHC,1,1,0,1
PDX,LGB,3,3,0,2
FSP,YYT,1,1,0,0
VIE,JTR,3,3,0,1
LGW,GCI,1,1,0,0
SAL,CUN,1,1,0,0
BTU,KCH,2,2,0,0
KCH,LGK,1,1,0,0
MXP,LIS,4,4,0,1
VCE,RIX,2,2,0,0
CLJ,OTP,2,2,0,1
GYD,MXP,2,2,0,1
BLA,PZO,2,2,0,0
TSN,NGB,2,2,0,0
PEK,SZX,4,4,0,0
SZX,YCU,2,2,0,1
XMN,PEK,6,6,0,0
SGO,TWB,1,1,0,0
SNN,BOS,1,1,0,0
PWQ,TSE,1,1,0,0
BSL,CDG,3,3,0,2
KIV,STN,1,1,0,0
LAE,MAS,1,1,0,0
SAN,HOU,2,2,0,1
MDW,DEN,3,3,0,1
LHR,DEN,4,4,0,2
DAC,CGP,4,4,0,0
NAS,PBI,1,1,0,0
SKX,DME,1,1,0,0
HPN,MVY,1,1,0,0
HKG,BOM,3,3,0,0
HKG,DOH,2,2,0,0
SHA,HDG,1,1,0,0
PVG,NNG,4,4,0,0
TAO,FOC,3,3,0,1
CTU,NNY,1,1,0,0
DLC,CAN,1,1,0,0
CGB,PVH,3,3,0,0
TGU,ATL,1,1,0,0
BOS,RDU,2,2,0,0
DTW,PLN,1,1,0,1
GAU,BKK,1,1,0,0
MCT,CAI,2,2,0,0
SXF,SKG,1,1,0,0
BRS,GLA,1,1,0,0
PLW,UPG,3,3,0,0
SRG,DPS,2,2,0,1
ENE,LBJ,2,2,0,1
ZAG,CGN,1,1,0,0
IXJ,BOM,1,1,0,0
DEN,EAR,1,1,0,0
TYN,SHA,4,4,0,0
LGG,PMI,1,1,0,0
WAW,BCN,5,5,0,0
FLR,PMO,3,3,0,0
LJG,TYN,1,1,0,0
NBO,DLA,1,1,0,0
NBO,JED,2,2,0,1
ICN,MAD,1,1,0,0
AQP,JUL,2,2,0,2
WAW,TBS,1,1,0,0
HAN,VTE,2,2,0,0
VRN,TFS,1,1,0,0
FCO,OLB,1,1,0,0
UET,KHI,3,3,0,0
SAW,OMS,1,1,0,0
PLO,ADL,2,2,0,1
BGF,CMN,1,1,0,0
BOH,ALC,1,1,0,0
STN,BLQ,1,1,0,0
GRO,HHN,1,1,0,0
BVA,BLQ,1,1,0,0
BGY,SXF,1,1,0,0
PSA,BLL,1,1,0,0
KCT,CMB,1,1,0,0
SFO,ATL,11,11,0,7
AGP,GLA,3,3,0,0
BAH,MED,2,2,0,1
GEG,DEN,4,4,0,1
FLL,MKE,2,2,0,1
FLL,CMH,1,1,0,0
MIA,ZRH,2,2,0,1
CKG,CZX,2,2,0,0
KZO,KGF,1,1,0,0
THE,FOR,3,3,0,0
LIS,MPM,1,1,0,0
LGW,HRG,5,5,0,0
HYD,BKK,1,1,0,0
EBB,IST,1,1,0,0
LPA,EIN,2,2,0,0
BON,EWR,1,1,0,0
EWR,ROC,1,1,0,1
IAD,SCE,1,1,0,1
IAD,SHD,1,1,0,1
ORD,YVR,5,5,0,2
TAS,TLV,1,1,0,0
MEL,SGN,2,2,0,1
LAX,FLL,3,3,0,0
BNE,VLI,3,3,0,2
SOF,CRL,1,1,0,0
SAH,HOD,2,2,0,0
BJV,ORY,1,1,0,0
DLC,TPE,4,4,0,1
NYM,SLY,1,1,0,0
GDT,XSC,1,1,0,0
MJM,FBM,1,1,0,0
DKR,COO,2,2,0,0
CEE,LED,1,1,0,0
FPO,NAS,2,2,0,0
KRN,GEV,1,1,0,0
ORB,BLE,1,1,0,0
YGW,YKU,1,1,0,0
ALG,LYS,2,2,0,0
MIA,LAX,4,4,0,1
CLT,SJD,2,2,0,0
CLT,MDT,2,2,0,0
CLT,AUS,2,2,0,1
PUS,NRT,5,5,0,1
AZA,SGF,1,1,0,0
SVO,YKS,1,1,0,0
BGF,NSI,1,1,0,0
AJA,MRS,3,3,0,1
NCE,CLY,3,3,0,1
REP,HAN,3,3,0,1
HPN,ATL,3,3,0,3
FRA,GCI,1,1,0,0
CPH,VIE,5,5,0,4
TFS,CGN,4,4,0,0
ALC,ZRH,1,1,0,0
PMI,HAM,4,4,0,0
LTN,GIB,1,1,0,0
ATL,RDU,9,9,0,7
HND,KKJ,3,3,0,1
WWK,HGU,2,2,0,0
SHJ,KZN,1,1,0,0
KBP,SHJ,1,1,0,0
YSJ,YUL,1,1,0,1
CCJ,BOM,3,3,0,2
PEK,YNZ,2,2,0,1
CAN,JZH,2,2,0,1
CAN,GYS,2,2,0,1
XIY,INC,6,6,0,0
ISA,BQL,1,1,0,0
IOM,DUB,1,1,0,1
AGF,DCM,1,1,0,0
PEK,YKS,2,2,0,0
NRT,LHR,4,4,0,1
LPT,BKK,1,1,0,0
MVY,EWB,1,1,0,0
ANU,KIN,1,1,0,0
CAN,HKG,3,3,0,0
CEB,DPL,1,1,0,0
PEN,TPE,1,1,0,0
TYN,TAO,4,4,0,1
CGQ,XIY,1,1,0,0
CKG,NNG,4,4,0,0
URC,DYU,3,3,0,0
WXN,XIY,2,2,0,1
BSB,VCP,3,3,0,0
DTW,GRU,2,2,0,0
DTW,SAT,1,1,0,0
LIT,DTW,1,1,0,1
JFK,CLT,4,4,0,0
CAI,MAD,1,1,0,0
HRG,CAI,2,2,0,0
JED,DXB,5,5,0,1
TLL,AMS,2,2,0,1
LTN,GLA,1,1,0,0
BDS,BSL,1,1,0,0
MMX,BMA,2,2,0,1
DBV,HEL,2,2,0,0
KBR,PEN,3,3,0,1
MAN,BHD,1,1,0,0
SOU,GCI,2,2,0,0
DPS,MEL,3,3,0,0
HDF,FRA,1,1,0,0
YGH,YVQ,1,1,0,0
BCN,FLR,2,2,0,1
SVQ,LPA,4,4,0,1
FLR,CAG,2,2,0,0
SCL,MAD,2,2,0,0
RPR,HYD,1,1,0,0
AWZ,PGU,1,1,0,0
HND,NGO,1,1,0,0
KIJ,ICN,2,2,0,1
MWZ,JRO,2,2,0,1
IPC,PPT,1,1,0,0
KRK,FRA,2,2,0,1
FRA,DXB,3,3,0,1
LHR,YEG,2,2,0,1
AMM,BKK,2,2,0,1
SIN,TAS,2,2,0,1
MZV,MYY,1,1,0,1
PFB,ERM,1,1,0,0
JFK,ARN,1,1,0,1
JED,HTY,1,1,0,0
DUS,ESB,1,1,0,0
SAW,DUS,3,3,0,0
FRA,DOH,6,6,0,3
KRT,DOH,2,2,0,0
PHL,DOH,2,2,0,0
PPT,RAR,2,2,0,1
AMM,YUL,3,3,0,1
PIK,REU,1,1,0,0
EIN,FAO,2,2,0,0
DUB,TUF,1,1,0,0
CHQ,NRN,1,1,0,0
DME,STW,2,2,0,0
FLL,MCI,1,1,0,0
SJC,LAS,2,2,0,1
MCO,PHL,4,4,0,1
TNA,BKK,1,1,0,0
TVS,PVG,2,2,0,1
ACR,LCR,1,1,0,0
DIL,SIN,1,1,0,0
VCP,LIS,1,1,0,0
EWR,OPO,2,2,0,1
DJE,HAM,1,1,0,0
HAN,DMK,1,1,0,0
ADD,SSG,2,2,0,1
IAD,IST,2,2,0,1
ALA,DME,1,1,0,0
PRG,PMI,2,2,0,0
ROR,GUM,1,1,0,0
EWR,PLS,1,1,0,0
EWR,PWM,1,1,0,0
LAN,ORD,1,1,0,1
IAD,GRU,1,1,0,0
ORD,PVD,1,1,0,0
ORD,MOB,1,1,0,1
MIA,BOS,2,2,0,0
TAS,VOG,1,1,0,0
VKG,SGN,1,1,0,0
SVG,GDN,1,1,0,0
LGW,PUJ,1,1,0,0
CMN,SAW,1,1,0,0
STL,BRL,1,1,0,0
VCP,DOU,1,1,0,0
FOC,LYG,1,1,0,0
KTM,TMI,1,1,0,0
MTM,KTN,3,3,0,0
NDJ,NGE,1,1,0,0
EMK,AUK,1,1,0,1
TZA,CUK,1,1,0,0
MUC,NTE,1,1,0,0
TFS,BOD,1,1,0,0
ABV,ENU,1,1,0,0
JOS,LOS,1,1,0,0
ZPB,YXL,1,1,0,0
ZIH,PHX,2,2,0,0
PHX,ELP,3,3,0,2
MEM,ORD,4,4,0,3
PIT,LGA,3,3,0,2
MIA,POS,3,3,0,0
DFW,PTY,2,2,0,0
PHL,MSP,3,3,0,0
BTR,DFW,2,2,0,1
KHH,ICN,3,3,0,0
TIP,TUN,5,5,0,0
SCK,LAS,1,1,0,0
LAS,DLH,1,1,0,0
ATH,SKG,3,3,0,1
KSQ,LED,2,2,0,0
LCY,BES,2,2,0,1
AMM,CDG,2,2,0,0
MUC,PUJ,2,2,0,0
TXL,LHR,4,4,0,2
HEL,VIE,2,2,0,1
DEL,SXR,6,6,0,1
BJV,LBA,2,2,0,0
CTA,PSA,2,2,0,1
MAN,ABZ,2,2,0,0
MEX,ACA,4,4,0,0
NGS,ITM,2,2,0,1
SYO,HND,1,1,0,0
DOH,NRT,3,3,0,1
HIR,POM,1,1,0,0
CMU,POM,1,1,0,0
ARN,RIX,3,3,0,1
AKL,VLI,2,2,0,0
KZN,EGO,1,1,0,0
ANC,SCC,1,1,0,0
LPB,BOG,1,1,0,0
CGK,BKI,1,1,0,0
AMS,ARN,4,4,0,1
ATL,MSP,8,8,0,5
BKK,AUH,3,3,0,1
HLD,CIF,1,1,0,0
XIY,UYN,4,4,0,0
DSN,URC,1,1,0,0
CPH,FRA,4,4,0,1
SZX,KHN,5,5,0,1
HGH,BHY,2,2,0,1
KWE,CTU,6,6,0,1
DUS,DUB,2,2,0,0
UAK,GOH,1,1,0,0
AGM,KUS,1,1,0,0
TNR,MRU,2,2,0,0
ORY,LDE,1,1,0,0
HRB,YKS,1,1,0,0
CUN,BWI,1,1,0,0
ALB,MDW,2,2,0,1
ABQ,DEN,3,3,0,2
FCO,LGW,3,3,0,0
YRL,YWG,1,1,0,0
YCO,YZF,2,2,0,0
STL,CGI,1,1,0,0
PVC,BOS,1,1,0,0
TPE,PNH,2,2,0,0
SYD,NKG,2,2,0,0
NKG,CSX,6,6,0,0
PVG,KUL,4,4,0,1
PVG,ZUH,4,4,0,0
CTU,BAV,1,1,0,0
SDQ,MIA,4,4,0,1
MCZ,GRU,3,3,0,0
HAM,ACE,2,2,0,0
PTY,SCL,1,1,0,0
LIR,LAX,1,1,0,0
LAX,MCI,2,2,0,1
SLC,YVR,1,1,0,1
SEA,HNL,5,5,0,2
DIK,MSP,1,1,0,1
HYD,DXB,3,3,0,0
DOH,AUH,2,2,0,0
BRS,BJV,1,1,0,0
LGW,OLB,3,3,0,1
STN,LYS,1,1,0,0
LCA,LPL,1,1,0,0
BSL,MAN,1,1,0,0
BSL,BCN,2,2,0,1
NAP,NCE,1,1,0,0
GVA,SCQ,1,1,0,0
YZF,YCO,2,2,0,0
EXT,DUS,1,1,0,0
DUB,EXT,1,1,0,0
BIO,IBZ,3,3,0,1
LCG,LHR,2,2,0,0
LCG,SVQ,2,2,0,1
LAX,IGM,3,3,0,2
LEJ,DME,1,1,0,0
TSN,LHW,2,2,0,0
XIY,YIW,1,1,0,0
CCS,MAD,3,3,0,0
THR,BND,2,2,0,0
DXB,MHD,1,1,0,0
MHD,NSH,1,1,0,0
AOJ,HND,1,1,0,0
CWB,MGF,3,3,0,1
LED,ICN,1,1,0,0
LWO,WAW,1,1,0,0
PGK,TJQ,1,1,0,1
OUA,BRU,4,4,0,3
EWR,BCN,2,2,0,1
JHB,KUL,2,2,0,0
RIG,PET,2,2,0,1
SRA,GEL,1,1,0,0
GEV,KRF,2,2,0,1
OSL,PRG,2,2,0,0
OSL,BEG,1,1,0,0
ASW,JED,1,1,0,0
AMM,RUH,3,3,0,0
GNY,IST,2,2,0,0
TUK,SHJ,1,1,0,0
ESB,BJV,2,2,0,1
KAA,NLA,1,1,0,0
ASP,PER,1,1,0,1
WIN,LRE,1,1,0,0
CMN,IST,2,2,0,0
RAK,MUC,1,1,0,0
BOH,LPA,1,1,0,0
EIN,MLA,1,1,0,0
NYO,AGP,1,1,0,0
FUE,NRN,1,1,0,0
GRO,POZ,1,1,0,0
AGP,MRS,1,1,0,0
BZR,LTN,1,1,0,0
BVA,FAO,1,1,0,0
CIY,CRL,1,1,0,0
JNB,PNR,1,1,0,0
CPH,BIQ,1,1,0,0
ARN,RNB,1,1,0,0
LED,PEK,2,2,0,0
CDG,SFA,1,1,0,0
FRA,YOW,2,2,0,1
RUH,JFK,1,1,0,0
HRL,DAL,1,1,0,0
BNA,LAS,1,1,0,0
BWI,SDF,2,2,0,1
GVA,PRG,1,1,0,0
KWE,XMN,3,3,0,1
CTU,ZHA,2,2,0,1
CTU,AKU,2,2,0,1
ORD,DFW,4,4,0,1
EOH,NQU,1,1,0,0
OCC,UIO,2,2,0,0
TIA,IST,1,1,0,0
TXL,DME,2,2,0,0
PRG,TFS,1,1,0,0
OTP,OMR,2,2,0,1
IAH,TYR,1,1,0,1
IAD,LAS,1,1,0,0
IAD,FAY,1,1,0,1
DEN,SGU,1,1,0,1
ACV,SFO,1,1,0,1
TUS,ORD,2,2,0,0
PHL,LAS,4,4,0,0
ALA,KBP,2,2,0,0
KBP,LGW,1,1,0,0
KBP,DOK,2,2,0,0
SGN,KIX,2,2,0,1
VCA,VCS,1,1,0,1
CUN,YVR,2,2,0,0
ALF,KKN,1,1,0,0
VDS,BJF,1,1,0,0
KTW,BGO,1,1,0,0
NYO,KTW,1,1,0,0
CLJ,BGY,1,1,0,0
WUH,PUS,1,1,0,0
JXA,PEK,2,2,0,0
NTE,HER,1,1,0,0
AQA,VCP,1,1,0,0
VIX,VCP,1,1,0,0
BKY,KND,1,1,0,0
NME,TNK,1,1,0,1
ILR,ABV,1,1,0,0
YZV,YUL,2,2,0,1
LLA,UME,1,1,0,0
CDG,ORN,2,2,0,0
ISB,AUH,6,6,0,3
NRT,BKK,8,8,0,2
OAK,PDX,3,3,0,2
DCA,JAN,2,2,0,1
LIH,SJC,2,2,0,1
DFW,JAX,2,2,0,0
LGA,DTW,4,4,0,1
PHL,TLV,2,2,0,0
JFK,ZRH,4,4,0,1
LAS,MIA,2,2,0,0
JNB,SIN,4,4,0,3
DSM,LAS,2,2,0,0
LJU,BRU,2,2,0,1
LCA,SVO,2,2,0,0
KHV,HRB,2,2,0,0
SVO,JFK,2,2,0,0
OSL,CDG,3,3,0,1
ATL,CMH,8,8,0,6
VIE,SZG,3,3,0,1
PMI,SCN,1,1,0,0
TLV,BCN,4,4,0,0
MEU,BEL,1,1,0,0
MEX,PXM,3,3,0,0
MUC,HND,2,2,0,0
NRT,OKA,5,5,0,1
YOW,YFC,1,1,0,1
YUL,BOS,2,2,0,2
AEP,EQS,1,1,0,1
OMA,SEA,1,1,0,1
SJC,SEA,3,3,0,1
ROV,VIE,1,1,0,1
BOG,SJO,1,1,0,0
SIN,KCH,4,4,0,1
MAD,IBZ,5,5,0,2
TRS,NAP,1,1,0,0
SRZ,ORU,2,2,0,0
SWA,YIW,2,2,0,0
AUQ,PPT,1,1,0,0
PVG,LHR,4,4,0,1
CHG,PEK,2,2,0,1
DXB,ALG,2,2,0,0
DUB,SEN,1,1,0,1
AUA,ATL,3,3,0,1
LIT,BWI,2,2,0,1
BNA,PVD,1,1,0,0
DSM,MDW,2,2,0,1
LED,VOZ,2,2,0,0
PAC,SAX,1,1,0,0
BRU,NAP,2,2,0,0
RGN,TPE,1,1,0,0
KMG,FOC,3,3,0,1
KMG,INC,1,1,0,0
HGH,URC,1,1,0,0
DLC,TXN,1,1,0,0
CNF,IOS,1,1,0,0
FOR,BSB,3,3,0,0
GRU,NAT,3,3,0,0
CGH,CGR,2,2,0,0
AGA,MUC,1,1,0,0
CDG,IAH,3,3,0,2
SJO,LAX,1,1,0,0
ATL,FPO,1,1,0,0
MSP,FLL,1,1,0,0
MSP,XNA,1,1,0,1
MCO,MCI,2,2,0,1
CAI,BEY,2,2,0,0
JED,SSH,2,2,0,0
BKK,SYD,4,4,0,1
LFW,ADD,1,1,0,0
GLA,AGP,3,3,0,0
CFU,BRS,2,2,0,0
NAP,STN,1,1,0,0
SSH,MXP,1,1,0,0
SOU,LIG,2,2,0,1
SCQ,AGP,3,3,0,1
SIN,PLM,3,3,0,2
CGN,CAG,1,1,0,0
TXL,LIN,1,1,0,0
PUY,CGN,1,1,0,0
FCO,STR,1,1,0,0
NUE,TXL,3,3,0,0
BRU,TIV,1,1,0,0
AYT,BRU,2,2,0,0
OPO,BRU,5,5,0,1
DME,MAD,2,2,0,0
BOS,SAV,1,1,0,0
AMS,ACC,1,1,0,0
ICN,PNH,2,2,0,0
JFK,KWI,1,1,0,0
CCS,SCL,1,1,0,0
EVN,WAW,1,1,0,0
FRA,LUX,1,1,0,0
CMB,BLR,2,2,0,1
VIE,HRG,2,2,0,1
DMK,CNX,2,2,0,0
UME,ARN,2,2,0,0
ARN,VAA,4,4,0,2
MCT,IST,2,2,0,0
IAH,VCT,1,1,0,1
DXB,PRG,2,2,0,1
PER,JNB,2,2,0,1
TRS,AHO,1,1,0,0
JNB,FBM,2,2,0,1
AES,BGO,2,2,0,0
BNE,CHC,3,3,0,1
JUB,CAI,2,2,0,1
AHB,JED,2,2,0,0
ZRH,BKK,2,2,0,0
HAK,HGH,7,7,0,1
CAY,PBM,1,1,0,0
BSB,GYN,3,3,0,0
RAI,LIS,2,2,0,0
LGW,NBE,4,4,0,0
GNY,ESB,1,1,0,1
FOC,KHH,3,3,0,0
AMS,GRO,1,1,0,0
MST,HER,1,1,0,0
FAO,GRQ,1,1,0,0
AYT,EIN,1,1,0,0
SID,VXE,1,1,0,0
VPE,SVP,1,1,0,0
STT,ORD,1,1,0,0
IAH,BON,1,1,0,0
IAH,IAD,1,1,0,0
IAH,AMA,1,1,0,1
ORD,YQR,2,2,0,2
DYU,KUF,1,1,0,0
DCA,GSO,2,2,0,2
PHL,RSW,3,3,0,0
PHL,ISP,2,2,0,1
PHL,BDA,2,2,0,0
CXR,DME,1,1,0,0
ANU,YYZ,2,2,0,0
TNA,FOC,5,5,0,2
PQC,SGN,3,3,0,0
HET,CKG,1,1,0,0
FOR,VCP,1,1,0,0
THE,VCP,1,1,0,0
BPS,SSA,2,2,0,0
DLC,JNG,1,1,0,0
VAK,HPB,1,1,0,1
MVD,CWB,1,1,0,0
SJU,SBH,1,1,0,0
BCV,BZE,1,1,0,0
YVO,YHU,1,1,0,0
JRO,WIL,2,2,0,0
YNS,YKQ,1,1,0,0
LHR,ATH,5,5,0,3
DUB,ORD,7,7,0,3
PHX,SLC,4,4,0,0
CLE,DFW,3,3,0,1
DCA,MCO,3,3,0,0
FLL,PHL,3,3,0,0
DFW,TRC,2,2,0,1
DFW,ATL,10,10,0,7
SJC,PHX,3,3,0,0
ORD,LGA,5,5,0,1
MSY,DFW,6,6,0,4
CLT,CHO,2,2,0,0
BMI,DFW,2,2,0,2
ICN,CSX,4,4,0,0
SIP,SVO,1,1,0,0
OMS,AER,1,1,0,0
CEK,LED,1,1,0,0
SVO,SXF,1,1,0,0
SVO,SKG,1,1,0,0
LYS,VCE,3,3,0,1
MPL,ORY,1,1,0,0
CDG,CFE,2,2,0,1
MSP,LHR,4,4,0,2
STR,PMI,4,4,0,0
CTA,STR,5,5,0,1
VIE,MXP,5,5,0,2
DEL,BDQ,2,2,0,0
MAN,AYT,4,4,0,0
TFS,LTN,3,3,0,0
OKJ,MFM,1,1,0,0
KMQ,SDJ,2,2,0,1
ITM,KIJ,2,2,0,1
RGN,NRT,1,1,0,0
DLC,NRT,5,5,0,2
YQU,YYC,2,2,0,1
YUL,YQM,1,1,0,1
YYC,YYJ,2,2,0,1
YYT,YDF,2,2,0,1
FRA,JED,6,6,0,4
LHR,YOW,2,2,0,1
PUJ,YUL,3,3,0,0
GRU,YYZ,2,2,0,1
WLG,BHE,1,1,0,1
BRW,SCC,1,1,0,0
PDX,HNL,2,2,0,0
ANC,CDV,2,2,0,0
BOG,IAH,2,2,0,0
NAP,FCO,1,1,0,0
FLR,GVA,2,2,0,1
AUH,KHI,3,3,0,0
CGO,URC,9,9,0,1
XIY,HET,3,3,0,0
INC,LHW,1,1,0,0
SHA,TNA,3,3,0,1
YNT,CTU,3,3,0,1
PVG,FUK,3,3,0,1
WNZ,CKG,5,5,0,1
CRM,MNL,2,2,0,0
KZO,TSE,1,1,0,0
TPA,DAY,2,2,0,1
BWI,PIT,2,2,0,1
MCO,RDU,3,3,0,2
YYC,FRA,3,3,0,1
DFW,CDG,5,5,0,3
YWG,YRL,1,1,0,0
ULV,DME,1,1,0,0
KSO,ATH,1,1,0,0
IRK,STL,1,1,0,0
JUH,NAY,2,2,0,1
CAN,DAC,1,1,0,0
DUS,HER,6,6,0,0
MBJ,FRA,1,1,0,0
VVI,PTY,1,1,0,0
BTS,KSC,1,1,0,0
HGA,JIB,1,1,0,0
SEA,ICN,4,4,0,2
MSP,AMS,2,2,0,1
SAH,CAI,2,2,0,0
SIN,MEL,7,7,0,2
MEL,DXB,2,2,0,0
SXF,FCO,1,1,0,0
AMS,MXP,1,1,0,0
ALC,BFS,2,2,0,0
NTE,LGW,1,1,0,0
GVA,MAD,4,4,0,1
ACE,BCN,3,3,0,1
DEN,ALS,3,3,0,2
UPG,BPN,4,4,0,0
RLG,AYT,1,1,0,0
URC,SHA,6,6,0,0
TFS,FRA,2,2,0,0
BRU,CFU,1,1,0,0
XUZ,HKG,1,1,0,0
CGK,PEN,1,1,0,0
UUD,KHV,1,1,0,0
EMA,BUD,1,1,0,0
RIC,FLL,1,1,0,0
TSV,MEL,1,1,0,0
MRX,IFN,1,1,0,0
ICN,XMN,2,2,0,0
NGO,CJU,1,1,0,0
MAA,KWI,1,1,0,0
SCL,PUJ,1,1,0,0
MXP,WAW,1,1,0,0
CGK,UPG,4,4,0,0
JED,ATZ,1,1,0,0
SAW,KYA,2,2,0,1
HRB,JGD,2,2,0,0
UYN,KMG,1,1,0,0
DXB,ARN,2,2,0,1
BNE,LDH,1,1,0,1
DOH,HBE,1,1,0,0
TNG,AMS,2,2,0,0
TIP,CMN,3,3,0,0
CRL,MAD,1,1,0,0
CRL,REU,1,1,0,0
HHN,IBZ,1,1,0,0
TRF,ALC,2,2,0,0
TSF,BLL,1,1,0,0
PEW,MCT,2,2,0,0
LAX,PVG,7,7,0,3
FAT,DEN,2,2,0,1
ALB,LAS,1,1,0,0
ADB,VIE,1,1,0,0
KMG,WXN,1,1,0,0
JJN,HKG,2,2,0,0
APO,BOG,1,1,0,0
ACR,SVI,1,1,0,0
UUS,CTS,1,1,0,0
DJE,ORY,3,3,0,0
IST,TLS,1,1,0,0
IST,NBO,2,2,0,1
MAR,AUA,2,2,0,0
ISG,TPE,2,2,0,0
AMS,TRN,1,1,0,0
DNK,DME,2,2,0,1
SVX,HKT,1,1,0,0
SSH,SVX,1,1,0,0
FNC,PRG,1,1,0,0
YEG,IAH,2,2,0,1
PUJ,EWR,1,1,0,0
TYS,EWR,1,1,0,1
IAD,RDU,1,1,0,0
AMS,PHL,2,2,0,0
AUH,SGN,2,2,0,1
BMV,HAN,2,2,0,0
LXA,MIG,1,1,0,0
TOS,TRD,2,2,0,0
BGY,ARW,1,1,0,0
CLJ,TSF,1,1,0,0
ORY,ATH,2,2,0,0
NTE,OPO,1,1,0,0
DXB,ISU,1,1,0,0
BAV,CIF,1,1,0,0
LXR,CAI,2,2,0,0
LOS,DLA,2,2,0,0
ZIH,TLC,1,1,0,0
CUR,LSP,1,1,0,0
MGH,JNB,1,1,0,0
LED,UCT,1,1,0,0
LHR,AMS,5,5,0,2
BOS,SYR,2,2,0,1
DCA,LAS,2,2,0,0
PIT,STL,2,2,0,2
AGS,CLT,2,2,0,1
DFW,OMA,2,2,0,0
ROA,PHL,2,2,0,1
AZO,ORD,2,2,0,2
TOL,ORD,2,2,0,1
ATH,ZTH,2,2,0,0
UGC,LED,2,2,0,0
SOU,LRH,2,2,0,1
MLA,CDG,2,2,0,0
DEL,CDG,2,2,0,0
SIN,CDG,2,2,0,0
CAN,SIN,4,4,0,1
GAU,DEL,6,6,0,2
TAK,OKA,1,1,0,1
UKB,OKA,2,2,0,1
KIX,TNA,3,3,0,2
WLG,AKL,2,2,0,0
KZN,SVX,1,1,0,0
BOG,CUC,2,2,0,1
AMS,DXB,3,3,0,1
CAI,MXP,2,2,0,0
TRN,NAP,2,2,0,0
BZO,FCO,2,2,0,0
FCO,WAW,2,2,0,0
ATL,SNA,4,4,0,3
UAP,UAH,1,1,0,0
TPE,CTU,3,3,0,0
HKG,WUH,4,4,0,0
PEK,DYG,3,3,0,1
CGQ,PEK,5,5,0,1
YTY,XIY,2,2,0,1
AUH,DUB,2,2,0,1
KJA,FRU,2,2,0,0
ALA,PWQ,1,1,0,0
LHR,NAS,1,1,0,0
BKK,BRU,2,2,0,1
YRT,YEK,3,2,1,0
CEB,GES,1,1,0,0
TPE,SJW,3,3,0,0
LHW,PVG,3,3,0,0
PVG,CTU,7,7,0,1
NAY,UYN,2,2,0,1
CAN,NNY,1,1,0,0
KHN,HRB,3,3,0,1
HRB,KHN,3,3,0,1
YIW,XMN,1,1,0,0
MCP,BEL,3,3,0,0
CVG,DCA,3,3,0,2
SLC,FAT,1,1,0,1
DTW,AZO,1,1,0,0
ATL,PLS,1,1,0,0
ATL,FAR,1,1,0,1
VEL,SLC,1,1,0,1
LTN,TLV,2,2,0,0
TLV,LTN,2,2,0,0
NCE,RAK,2,2,0,0
MXP,BRI,1,1,0,0
GVA,LGW,1,1,0,0
GVA,AJA,1,1,0,0
KUA,PEN,2,2,0,1
KUL,CTU,1,1,0,0
CTU,KUL,1,1,0,0
SOW,PHX,3,3,0,2
PER,DPS,5,5,0,2
HAM,VRN,1,1,0,0
XRY,MAD,1,1,0,1
TBZ,SYZ,1,1,0,0
IKT,KYZ,1,1,0,0
OKA,KMQ,1,1,0,0
BLK,FAO,1,1,0,0
SDQ,SJU,2,2,0,0
PSE,JFK,1,1,0,0
PBI,JFK,1,1,0,0
GUM,KIX,4,4,0,1
PUS,CTS,1,1,0,0
WAW,BEG,2,2,0,0
MAD,TIP,1,1,0,0
HBE,TOB,1,1,0,0
FRA,BEY,2,2,0,0
MUC,RTM,1,1,0,1
OLB,FCO,1,1,0,0
ARN,VXO,1,1,0,0
MOL,OSL,2,2,0,0
MCT,SKT,2,2,0,0
DOH,SGN,1,1,0,0
BRU,OUD,1,1,0,0
BRS,BLQ,1,1,0,0
CPT,UTN,1,1,0,1
BBK,JNB,2,2,0,1
CMB,FRA,1,1,0,0
HOR,TER,1,1,0,0
KEF,FRA,1,1,0,0
JED,FCO,2,2,0,1
JED,TUU,1,1,0,0
AUH,RUH,3,3,0,1
FLL,ISP,1,1,0,0
TPA,MDW,2,2,0,1
AUS,HOU,1,1,0,0
ZRH,BHX,1,1,0,0
WUH,YTY,2,2,0,1
RUS,HIR,1,1,0,0
CRK,SIN,3,3,0,0
IST,KVD,1,1,0,0
LPA,VIL,1,1,0,0
KHH,XUZ,1,1,0,0
LPA,ACE,3,3,0,0
VKO,FRA,2,2,0,0
VKO,OVB,1,1,0,0
ASB,DXB,2,2,0,0
RGL,RGA,1,1,0,0
BJX,IAH,1,1,0,1
LTN,KSC,1,1,0,0
NYO,BEG,1,1,0,0
BUD,MLA,2,2,0,0
KWL,TNA,2,2,0,0
SKP,BEG,1,1,0,0
ATL,PIB,1,1,0,0
TUP,ATL,1,1,0,0
YXT,YXS,1,1,0,0
WNN,YXL,1,1,0,0
MXP,MIA,5,5,0,3
OGG,DFW,2,2,0,0
PHX,PDX,5,5,0,1
SAT,DFW,2,2,0,0
RDU,LGA,3,3,0,1
BUF,CLT,2,2,0,0
ORD,JFK,5,5,0,2
FAR,ORD,3,3,0,3
JKL,LRS,2,2,0,0
LED,ARH,2,2,0,0
LCY,DUB,2,2,0,1
CDG,TXL,3,3,0,1
CDG,FIH,1,1,0,0
CDG,NKC,1,1,0,0
ATL,SLC,6,6,0,5
LUD,OMD,1,1,0,0
DRS,TFS,1,1,0,0
TFS,MUC,4,4,0,0
AGP,HAM,4,4,0,1
KGS,HAM,2,2,0,0
ALC,LTN,2,2,0,0
GOA,TIA,2,2,0,1
PNQ,IDR,2,2,0,2
DEL,IXJ,6,6,0,2
LZC,MEX,2,2,0,0
MTY,DTW,2,2,0,1
CUZ,LIM,4,4,0,1
TPE,AKJ,3,3,0,1
CTS,GUM,2,2,0,1
HIJ,HND,2,2,0,0
MFM,KIX,2,2,0,1
BGW,SHJ,1,1,0,0
YYZ,YOW,2,2,0,0
NSN,AKL,1,1,0,1
FMA,AEP,1,1,0,1
VKO,EVN,2,2,0,0
KSM,ANC,2,2,0,1
DMM,TAI,1,1,0,0
JIB,SAH,2,2,0,0
INN,VIE,1,1,0,1
BOG,GIG,1,1,0,0
KUL,TWU,2,2,0,0
NWI,AMS,2,2,0,2
AMM,FCO,3,3,0,1
CSX,DSN,1,1,0,0
FAV,PPT,1,1,0,0
HOI,MKP,1,1,0,0
INC,PEK,7,7,0,1
HET,TNA,4,4,0,2
CNS,WEI,2,2,0,1
OGX,ELG,1,1,0,0
FNJ,PEK,2,2,0,0
MRU,PER,1,1,0,0
ANM,TNR,1,1,0,0
NER,VKO,1,1,0,0
TPA,MKE,2,2,0,1
CMH,STL,2,2,0,1
MCO,JAN,2,2,0,1
BKK,DAC,6,6,0,0
ABL,OTZ,2,2,0,1
BKC,OTZ,2,2,0,1
YXP,YFB,2,2,0,0
MFM,CRK,1,1,0,0
XMN,KMG,8,8,0,2
NKG,ZYI,1,1,0,0
CAN,ZHA,1,1,0,0
URC,IST,1,1,0,0
CWB,EZE,1,1,0,0
VCP,BSB,3,3,0,0
MUC,CHQ,1,1,0,0
LEJ,RHO,2,2,0,0
CVG,STL,1,1,0,1
MSP,SFO,5,5,0,2
EBB,DXB,1,1,0,0
IST,AUH,2,2,0,0
MAN,SSH,5,5,0,0
LGW,LIS,3,3,0,1
SSH,LGW,5,5,0,0
LAS,LHR,4,4,0,2
TPE,SIN,7,7,0,1
BDO,SUB,3,3,0,0
ERF,LGW,1,1,0,0
JMK,CGN,1,1,0,0
LHW,HFE,1,1,0,0
DEN,KEF,1,1,0,0
BKI,DPS,1,1,0,0
NRT,SYD,2,2,0,0
SHA,BFJ,1,1,0,0
KWI,AMM,3,3,0,0
SJJ,MUC,1,1,0,0
BTU,MYY,1,1,0,1
AYT,GRZ,2,2,0,0
DMK,SNO,1,1,0,0
UTH,CNX,1,1,0,0
AES,ALC,1,1,0,0
BGO,OSL,3,3,0,1
OSL,NCE,2,2,0,0
TIF,DMM,2,2,0,0
MCT,DEL,2,2,0,0
SKT,JED,1,1,0,0
CRL,BGY,1,1,0,0
SDR,STN,1,1,0,0
CTA,TSF,1,1,0,0
OPO,BVA,1,1,0,0
PMI,EIN,2,2,0,0
BFN,DUR,1,1,0,1
RUH,PEW,3,3,0,0
PVR,DEN,2,2,0,0
RUH,KHI,2,2,0,0
DAL,ELP,1,1,0,0
JAX,BNA,1,1,0,0
CMH,DEN,2,2,0,1
LAS,BDL,1,1,0,0
ABQ,LAX,5,5,0,4
PVG,AOG,2,2,0,1
GEO,MIA,1,1,0,0
LIS,ALG,2,2,0,1
PER,BKK,2,2,0,1
DME,VVO,1,1,0,0
YYZ,CLE,2,2,0,2
MGA,IAH,1,1,0,0
CVG,IAD,1,1,0,1
IAD,SAV,1,1,0,1
SKB,MIA,2,2,0,0
ELP,ORD,2,2,0,2
DFW,PHX,3,3,0,0
BDL,CLT,2,2,0,0
YHR,YNA,1,1,0,0
SKN,SVJ,1,1,0,0
CCU,CGP,2,2,0,0
YYY,YWK,1,1,0,0
POJ,PLU,1,1,0,0
YEG,YXJ,1,1,0,0
YXL,ZSJ,1,1,0,0
YQC,YWB,1,1,0,0
PHX,MRY,2,2,0,2
LAX,PPT,6,6,0,3
LGB,PHX,2,2,0,0
ORD,MBJ,3,3,0,0
ORD,TOL,2,2,0,1
LEX,ORD,3,3,0,3
ICN,TAO,6,6,0,0
GFK,SFB,1,1,0,0
MDT,PIE,1,1,0,0
LAS,MLI,1,1,0,0
ATH,JTR,2,2,0,1
KBL,DEL,5,5,0,0
PEE,SVO,1,1,0,0
SVO,IKT,1,1,0,0
AMS,KWI,3,3,0,2
BOD,CDG,2,2,0,1
MRS,BES,2,2,0,0
CDG,VCE,3,3,0,1
GDL,ATL,6,6,0,5
SFO,CDG,4,4,0,2
DAB,ATL,3,3,0,2
BOM,LKO,5,5,0,1
GOI,MAA,4,4,0,1
DEL,BOM,6,6,0,1
BJV,LGW,3,3,0,0
JUL,CUZ,2,2,0,2
MCO,MEX,3,3,0,0
KIJ,CTS,3,3,0,2
WBM,POM,1,1,0,0
DOK,SHJ,1,1,0,0
SNU,YYZ,4,4,0,1
SCL,EZE,5,5,0,1
PTP,YUL,1,1,0,0
MRY,SAN,1,1,0,1
CAI,TLV,1,1,0,0
VKO,VIE,2,2,0,1
YBK,YCS,2,2,0,1
TCO,CLO,1,1,0,0
TRN,IAS,2,2,0,0
FCO,CAI,2,2,0,0
RLK,XIY,1,1,0,0
XMH,PPT,1,1,0,0
PEK,CKG,6,6,0,1
NNG,NKG,3,3,0,0
PVG,MXP,1,1,0,0
ZHA,SZX,2,2,0,1
RKV,EGS,1,1,0,0
LHR,ABV,1,1,0,0
AXP,CRI,1,1,0,0
FPO,CMH,1,1,0,0
YCB,YZF,2,2,0,0
BOS,SLK,1,1,0,0
UDI,GYN,2,2,0,0
PVG,KHH,4,4,0,0
WUH,AQG,1,1,0,0
SHA,CSX,5,5,0,0
HRB,LDS,1,1,0,0
SJW,HRB,3,3,0,0
PAD,LPA,1,1,0,0
AGA,DUS,1,1,0,0
MUN,PMV,1,1,0,0
SLC,BWI,3,3,0,1
IAH,CVG,2,2,0,2
DXB,LCA,1,1,0,0
LIS,AMS,8,8,0,3
AUH,MEL,3,3,0,2
LGW,BRU,1,1,0,0
EDI,MAD,1,1,0,0
SVQ,BIO,2,2,0,1
PMO,BCN,2,2,0,1
BIK,UPG,2,2,0,0
CGK,DJJ,3,3,0,0
ALG,CGN,1,1,0,0
STR,BIA,1,1,0,0
VCE,HAJ,1,1,0,0
HDF,CGN,1,1,0,0
ZRH,RMF,3,3,0,1
SJO,MAD,1,1,0,0
DIU,PBD,2,2,0,2
DRW,MEL,3,3,0,1
POZ,MUC,2,2,0,1
ZRH,MUC,2,2,0,0
LUX,PMI,1,1,0,0
OSL,BIO,1,1,0,0
KBP,AMM,1,1,0,0
LDY,STN,1,1,0,0
TRF,STN,1,1,0,0
AHO,BTS,1,1,0,0
PMI,BOH,2,2,0,0
NRN,OPO,1,1,0,0
PLZ,ELS,1,1,0,1
MSP,PUJ,1,1,0,0
SFA,CDG,1,1,0,0
ELF,KRT,2,2,0,0
CEB,SUG,1,1,0,0
DTW,AMS,2,2,0,1
SHE,CTU,3,3,0,1
AGT,ASU,2,2,0,1
OUA,TUN,1,1,0,0
SIN,DMK,1,1,0,0
EIN,CPH,1,1,0,0
LOS,IAH,1,1,0,0
BNA,IAH,1,1,0,1
BTV,EWR,1,1,0,0
ANC,DEN,1,1,0,0
FKL,CLE,1,1,0,1
DFW,AGU,2,2,0,1
CDG,TAS,1,1,0,0
LCA,KBP,1,1,0,0
TIJ,SLP,1,1,0,0
YYT,YOW,2,2,0,1
LTN,VAR,1,1,0,0
BLQ,OTP,1,1,0,0
JED,TAI,1,1,0,0
ADE,JED,2,2,0,0
FLS,LST,1,1,0,0
KHN,NAY,2,2,0,1
ELD,HOT,1,1,0,0
IOM,NCL,1,1,0,0
XSC,PLS,1,1,0,0
CKG,LZH,1,1,0,0
CKG,AEB,1,1,0,0
PJA,LLA,1,1,0,1
XBE,YAX,1,1,0,0
LCA,LHR,3,3,0,1
STI,MIA,2,2,0,0
MTY,DFW,2,2,0,0
LAX,CLT,2,2,0,0
DFW,RNO,2,2,0,0
DFW,CMI,2,2,0,2
AUS,PHL,2,2,0,0
BNA,DFW,2,2,0,0
DEN,ORD,4,4,0,0
MYJ,ICN,2,2,0,1
HUS,FAI,1,1,0,0
FRA,MAD,8,8,0,4
CDG,VGO,3,3,0,2
CDG,ATH,4,4,0,2
KBL,KWI,1,1,0,0
CDG,SVO,2,2,0,0
LED,KGD,1,1,0,0
CDG,RBA,1,1,0,0
DME,GYD,2,2,0,0
LPA,BSL,3,3,0,0
MAA,HYD,5,5,0,2
GDL,FAT,3,3,0,1
PDS,MEX,2,2,0,0
GRU,MEX,2,2,0,0
SIN,HND,4,4,0,1
YLW,YYC,2,2,0,1
YQX,YYT,1,1,0,1
YXJ,YVR,2,2,0,1
ICN,YVR,3,3,0,1
RIX,LED,1,1,0,0
VNO,RIX,1,1,0,0
PDX,RNO,2,2,0,1
VIE,INN,1,1,0,1
VIE,GYD,2,2,0,1
LAX,SAL,3,3,0,1
MCO,BOG,3,3,0,0
MTV,SLH,1,1,0,0
SIN,LGK,5,5,0,2
MIA,FCO,2,2,0,1
PEK,MAD,2,2,0,0
PEK,TXN,2,2,0,1
PVG,MEL,4,4,0,1
BQL,BEU,1,1,0,0
BOJ,DUB,1,1,0,0
ATH,DUB,1,1,0,0
ALA,UKK,2,2,0,0
POM,BNE,4,4,0,2
ICT,DAL,2,2,0,1
MCO,BOS,4,3,1,0
KUF,SVX,2,2,0,0
GVA,BRU,4,4,0,1
SXM,KIN,1,1,0,0
POS,PBM,3,3,0,0
KMG,MDL,1,1,0,0
CTU,DIG,1,1,0,0
PVG,HKG,7,7,0,0
PVG,XIY,8,8,0,2
NAY,DSN,2,2,0,1
KHH,CGO,2,2,0,1
LHW,HGH,3,3,0,1
BKK,WUH,1,1,0,0
HAK,CGO,5,5,0,0
AAT,URC,2,2,0,0
CWB,GRU,3,3,0,0
GIG,REC,3,3,0,0
OVB,OSS,4,4,0,0
BNS,CCS,2,2,0,0
SVG,BLL,1,1,0,0
SLC,CDG,2,2,0,1
RDU,MEM,1,1,0,1
DEN,MEM,3,3,0,2
DXB,SFO,2,2,0,0
BKK,DXB,3,3,0,1
MBA,JRO,2,2,0,1
BKK,ADD,2,2,0,0
SXF,LIS,2,2,0,0
AMS,SEN,1,1,0,0
BIA,LGW,1,1,0,0
ORD,PUJ,2,2,0,0
CGN,KVA,1,1,0,0
BOM,SXR,2,2,0,0
HGH,JNZ,1,1,0,0
OVD,BCN,2,2,0,1
MAD,TLS,1,1,0,1
CGK,HKT,1,1,0,0
ACH,EBA,1,1,0,0
ZBR,THR,2,2,0,0
EWR,STI,1,1,0,0
AMS,BRU,1,1,0,1
ROA,ATL,4,4,0,2
MKQ,DJJ,3,3,0,0
YOW,FRA,2,2,0,1
BOS,MUC,2,2,0,1
NRT,BKI,2,2,0,0
MXP,KIV,2,2,0,0
ARN,VBY,2,2,0,0
CEI,DMK,2,2,0,0
ARN,ATH,2,2,0,0
PEW,KWI,1,1,0,0
PZH,DSK,1,1,0,0
TPE,HFE,2,2,0,0
MEL,BME,1,1,0,0
DOH,BUD,1,1,0,0
PIK,MJV,1,1,0,0
DUB,LPA,2,2,0,0
DUB,FAO,2,2,0,0
FUE,ORK,1,1,0,0
OUD,NRN,1,1,0,0
PSA,SVQ,1,1,0,0
MLA,STN,1,1,0,0
HOR,LIS,2,2,0,0
FLW,HOR,1,1,0,0
TER,PIX,1,1,0,0
SUB,JOG,2,2,0,1
STR,BCN,3,3,0,1
BRE,RIX,1,1,0,0
LPP,NRN,1,1,0,0
GRR,BWI,1,1,0,0
SNA,HOU,1,1,0,0
XNN,INC,1,1,0,0
XMN,SZX,4,4,0,1
STZ,SXO,1,1,0,0
ETR,UIO,1,1,0,0
IST,GOT,2,2,0,0
DOK,IST,3,3,0,0
ULN,FRU,1,1,0,0
RTM,VIE,1,1,0,0
MDQ,BHI,1,1,0,0
YUM,LAX,1,1,0,1
IAD,FRA,2,2,0,0
IAD,IND,1,1,0,1
UFA,DYU,1,1,0,0
DSM,DFW,2,2,0,0
NMA,OVB,1,1,0,0
HMO,TIJ,2,2,0,1
XNN,NKG,1,1,0,0
DSA,GDN,1,1,0,0
PAP,CAP,1,1,0,0
PEC,ELV,1,1,0,0
HMA,NJC,1,1,0,0
XFN,CKG,1,1,0,0
DLC,SJW,2,2,0,0
GMA,MDK,1,1,0,0
ORV,IAN,2,2,0,1
ALG,MRS,3,3,0,0
ORY,BSK,2,2,0,0
MXP,LHR,2,2,0,1
BGR,PHL,2,2,0,2
DFW,EWR,3,3,0,0
ONT,SEA,2,2,0,1
PHL,ITH,2,2,0,1
ORD,SGF,3,3,0,3
CLT,PHL,2,2,0,0
HNL,LAS,2,2,0,0
PUJ,MAD,3,3,0,0
NUE,SKG,2,2,0,0
DUS,SVO,1,1,0,0
KEJ,SVO,1,1,0,0
MAN,ATL,4,4,0,3
SOU,NCE,2,2,0,1
LCY,BVE,2,2,0,1
MRU,CDG,2,2,0,0
MRS,AJA,3,3,0,1
CDG,BHX,2,2,0,0
MEX,CDG,3,3,0,1
HAV,CDG,1,1,0,0
ATL,DTW,8,8,0,6
PPT,NOU,1,1,0,0
DXB,GOI,1,1,0,0
MEX,IAH,4,4,0,0
LAX,MZT,2,2,0,1
ATL,MTY,6,6,0,6
HKD,NGO,1,1,0,0
GKA,POM,2,2,0,0
DUB,YYZ,3,3,0,1
AKL,WHK,1,1,0,1
KFP,CDB,1,1,0,0
VIE,PRG,1,1,0,1
VIE,LIS,2,2,0,1
BOG,LIM,2,2,0,1
MVD,LIM,1,1,0,0
KUL,SRG,1,1,0,0
ATL,PBI,8,8,0,6
ATL,BUF,4,4,0,3
CCS,MUN,3,3,0,0
CAN,CTU,6,6,0,0
CKG,WUH,6,6,0,1
CTU,JZH,7,7,0,1
SYX,PEK,4,4,0,1
IST,OSS,2,2,0,0
RKV,KUS,1,1,0,0
JJU,JNN,1,1,0,0
IST,IKA,5,5,0,0
KWN,BET,2,2,0,1
ORY,AGF,1,1,0,0
IKT,TAS,1,1,0,0
EGO,KRR,1,1,0,0
HOU,CHS,2,2,0,1
TPA,RDU,3,3,0,2
MDW,CLT,2,2,0,1
DME,IJK,2,2,0,0
RDN,SIN,1,1,0,0
CMN,LPA,2,2,0,1
KIN,MBJ,2,2,0,0
HKG,WNZ,3,3,0,0
USU,MNL,2,2,0,0
KHH,WUH,2,2,0,0
TPE,TYN,1,1,0,0
NKG,INC,2,2,0,0
HFE,PVG,2,2,0,0
KHN,TYN,1,1,0,0
HRB,SJW,3,3,0,0
NAO,CAN,1,1,0,0
BSB,CGR,3,3,0,0
CGH,CWB,2,2,0,0
DUS,DLM,2,2,0,0
MIA,PTY,4,4,0,0
PUY,ZAG,1,1,0,0
MAD,TFN,5,5,0,2
PRG,VLC,2,2,0,0
SRP,SVG,1,1,0,0
ABQ,MSP,1,1,0,0
SXF,TLV,3,3,0,0
HRE,ADD,2,2,0,1
TRV,AUH,3,3,0,1
LTN,HAM,1,1,0,0
LGW,SCQ,1,1,0,0
EDI,CPH,2,2,0,0
TLV,MAN,1,1,0,0
LIS,FNC,4,4,0,2
SDU,CFB,1,1,0,0
SDR,BCN,3,3,0,1
TPA,TTN,1,1,0,0
PEK,HKT,2,2,0,0
XMN,CIH,1,1,0,0
SHE,WEF,1,1,0,0
UYN,PEK,1,1,0,0
ZRH,GRZ,1,1,0,0
HND,KMI,2,2,0,0
ALC,LBA,2,2,0,0
BOS,CLT,3,3,0,0
ZRH,ICN,1,1,0,0
ICN,CMB,1,1,0,0
EWR,TXL,2,2,0,1
LKH,MYY,1,1,0,1
TPE,LJG,1,1,0,0
OLB,BLQ,1,1,0,0
KOK,POR,1,1,0,0
AES,OSL,2,2,0,0
TRD,KRK,1,1,0,0
ARN,OAK,1,1,0,1
ALC,KSD,1,1,0,0
LAX,CPH,1,1,0,1
HBE,RUH,4,4,0,0
REN,LED,1,1,0,0
BZV,LBV,2,2,0,0
DSK,PZH,1,1,0,0
SKT,KWI,1,1,0,0
MNL,CRM,2,2,0,0
CGK,MNL,3,3,0,1
STN,HHN,1,1,0,0
STN,EIN,1,1,0,0
KRK,BLQ,1,1,0,0
MAD,RYG,1,1,0,0
PSA,BRI,1,1,0,0
CPH,LPI,1,1,0,0
ARN,SPU,2,2,0,0
LAX,DEN,7,7,0,3
AMS,SVG,2,2,0,1
DMM,IST,2,2,0,0
JED,SYZ,1,1,0,0
TPA,FNT,1,1,0,0
PHL,TPA,3,3,0,0
LAS,MCI,1,1,0,0
ADB,ARN,1,1,0,0
CKG,CTU,1,1,0,0
TBS,SCO,1,1,0,0
TUN,DUS,1,1,0,0
LBV,IST,1,1,0,0
KRT,IST,1,1,0,0
LIS,IST,2,2,0,0
IST,VAN,1,1,0,0
IST,RUH,2,2,0,0
RTM,MPL,1,1,0,0
ZRH,MIA,2,2,0,1
ORD,OGG,1,1,0,0
NSK,SVX,2,2,0,0
PIT,MIA,2,2,0,1
MIA,GNV,2,2,0,1
BTV,DCA,2,2,0,0
YXE,LAS,1,1,0,0
YYZ,AUA,2,2,0,0
GDN,BGY,1,1,0,0
KHN,XMN,3,3,0,1
TVY,RGN,1,1,0,0
NGB,HAK,2,2,0,0
SYX,CAN,3,3,0,0
TXN,XIY,1,1,0,0
TMT,STM,1,1,0,0
BET,HPB,1,1,0,1
HBE,AMM,1,1,0,0
CUK,TZA,1,1,0,0
MDL,THL,2,2,0,0
YWP,YPL,1,1,0,0
LHR,TLS,2,2,0,1
LHR,NCE,2,2,0,1
LHR,GVA,3,3,0,1
FUK,NRT,4,4,0,1
BOS,SAN,3,3,0,1
DCA,DTW,3,3,0,2
MIA,RIC,2,2,0,1
ILM,PHL,2,2,0,2
VPS,DFW,2,2,0,1
YRB,YGZ,1,1,0,0
MAD,MEX,4,4,0,1
CDG,PNR,2,2,0,0
ORY,MRS,1,1,0,0
ATL,JAX,9,9,0,6
MUC,ALC,2,2,0,0
TXL,RIX,2,2,0,1
TXL,FKB,2,2,0,1
OLB,HAM,3,3,0,0
SZG,CLY,2,2,0,0
KNU,DEL,1,1,0,0
GAU,IMF,4,4,0,2
MAN,TFS,8,8,0,0
NRT,PEK,6,6,0,2
NRT,CAN,6,6,0,3
MNL,NRT,5,5,0,0
KIX,SFO,2,2,0,1
BUA,RAB,2,2,0,0
MCT,SHJ,1,1,0,0
YYC,YQR,2,2,0,1
BRU,AUH,3,3,0,1
LIM,GIG,2,2,0,2
CCS,PZO,4,4,0,0
PPT,HUH,1,1,0,0
AUQ,NHV,1,1,0,0
PEK,FOC,5,5,0,2
SZX,ZHA,2,2,0,1
CIF,PEK,2,2,0,1
JJN,HGH,4,4,0,2
ORN,MRS,2,2,0,0
SUV,AKL,1,1,0,0
OSS,DME,5,5,0,1
TMM,TNR,1,1,0,0
EWR,BNA,3,3,0,2
MDW,BNA,2,2,0,1
MCO,ALB,2,2,0,1
YHD,YQK,1,1,0,0
KVX,LED,1,1,0,0
CKG,KHH,1,1,0,0
DEL,PVG,2,2,0,0
FOC,SHA,4,4,0,2
NGB,KHN,2,2,0,0
PVG,KOJ,2,2,0,1
NAY,SZX,2,2,0,1
CIF,NAY,2,2,0,1
YIW,CGO,1,1,0,0
HAM,KGS,2,2,0,0
IAH,SFO,2,2,0,1
PUJ,ATL,3,3,0,1
DTW,PEK,3,3,0,2
CID,DTW,1,1,0,1
ASW,CAI,2,2,0,0
TLV,GVA,3,3,0,1
LIS,FRA,4,4,0,2
BFS,CDG,1,1,0,0
BRS,TLS,2,2,0,0
NCE,BRS,1,1,0,0
BSL,EDI,1,1,0,0
LIS,BSL,1,1,0,0
KAJ,HEL,2,2,0,1
GCI,NWI,1,1,0,1
DEN,RSW,2,2,0,0
MAA,PNQ,3,3,0,0
MCK,DEN,1,1,0,0
FRA,MAH,1,1,0,0
IKA,LHR,1,1,0,0
THR,RAS,2,2,0,0
XNN,KMG,1,1,0,0
EVN,OMS,1,1,0,0
KIX,SHE,2,2,0,1
ACE,GLA,5,5,0,1
UIO,MDE,1,1,0,1
ANU,SDQ,1,1,0,0
SZG,FRA,2,2,0,2
MUR,BBN,1,1,0,1
FLN,CCM,1,1,0,0
PMI,ARN,2,2,0,0
BRU,BJV,1,1,0,0
AYT,BLL,1,1,0,0
VAS,ADB,1,1,0,0
ALC,STN,1,1,0,0
GRO,BGY,1,1,0,0
IBZ,BRS,1,1,0,0
BVA,BDS,1,1,0,0
BGY,RHO,1,1,0,0
MLA,KUN,1,1,0,0
LRH,CRL,1,1,0,0
CIY,KUN,1,1,0,0
CPH,BHX,1,1,0,0
ROV,DME,3,3,0,0
DME,EVN,1,1,0,0
EJH,JED,1,1,0,0
HOU,MEM,1,1,0,0
HOU,ECP,1,1,0,0
SAN,TUS,1,1,0,0
DEN,BOI,2,2,0,0
GVA,LED,1,1,0,0
ARN,ADB,1,1,0,0
MIG,NKG,1,1,0,0
BOG,PUU,2,2,0,1
SVX,RTW,1,1,0,0
GRU,BSB,4,4,0,0
TOE,ORY,1,1,0,0
MAN,SID,2,2,0,0
FAO,AMS,1,1,0,0
SXM,ORD,1,1,0,0
LAX,CLD,1,1,0,1
IAD,MCI,1,1,0,1
XSB,DXB,1,1,0,0
PSP,YEG,1,1,0,0
PUJ,NTE,1,1,0,0
AJU,MCZ,1,1,0,0
GRU,CGR,3,3,0,0
CYF,BET,2,2,0,1
KMS,ACC,4,4,0,0
FCO,JFK,7,7,0,3
SJO,CLT,3,3,0,0
OGG,PHX,2,2,0,0
ROC,DCA,2,2,0,2
CLT,PVD,2,2,0,0
CLT,MGM,2,2,0,2
PMI,VLC,5,5,0,2
ATH,WAW,2,2,0,0
TLS,AJA,3,3,0,1
DCA,ATL,7,7,0,4
CKY,NKC,1,1,0,0
HAJ,JER,1,1,0,0
CTA,DUS,6,6,0,2
BOM,DXB,4,4,0,0
RPR,VTZ,1,1,0,0
LCA,LTN,1,1,0,0
PMO,LIN,2,2,0,1
IXE,BLR,4,4,0,1
YUL,ATL,3,3,0,3
MEX,SFO,4,4,0,1
OKJ,HND,2,2,0,0
NGO,HKD,1,1,0,0
CPH,OSL,6,6,0,3
NBC,GYD,1,1,0,0
RDM,PDX,2,2,0,2
ADE,RIY,1,1,0,0
NNM,ARH,2,2,0,0
SJO,TGU,3,3,0,1
ULB,PBJ,1,1,0,0
KUL,KMG,2,2,0,0
LOS,DKR,1,1,0,0
BIO,FCO,1,1,0,0
LPB,UYU,1,1,0,0
SZX,NNG,5,5,0,1
WUH,CKG,6,6,0,1
XIY,YNT,2,2,0,1
TNA,PEK,2,2,0,1
TGO,PEK,3,3,0,1
RMA,BNE,2,2,0,1
ALG,ABJ,1,1,0,0
MNL,LGP,3,3,0,0
ISU,IST,2,2,0,0
BOD,NTE,2,2,0,1
BNA,TPA,2,2,0,1
MDW,STL,2,2,0,1
PUJ,YHZ,2,2,0,0
MCO,YQM,2,2,0,1
PYJ,OVB,1,1,0,0
FCO,ORD,7,7,0,3
SOF,OTP,3,3,0,0
ACK,HYA,1,1,0,1
BKK,CMB,4,4,0,1
MNL,CAN,3,3,0,1
CGY,DVO,1,1,0,0
REP,PVG,3,3,0,0
XIY,DYG,2,2,0,0
KMG,DLC,1,1,0,0
TAO,NDG,2,2,0,1
KWE,HZH,2,2,0,0
CGQ,HET,1,1,0,0
EZE,CCS,2,2,0,0
BOG,PTY,2,2,0,0
ABJ,ORY,1,1,0,0
BOS,SLC,1,1,0,0
LAX,SFO,7,7,0,2
SLC,EKO,1,1,0,0
DTW,MYR,2,2,0,1
MBS,MSP,1,1,0,1
TPE,SFO,5,5,0,1
MUC,DXB,3,3,0,1
BEY,DXB,2,2,0,0
DMM,AUH,3,3,0,1
FCO,RZE,1,1,0,0
SEN,JER,1,1,0,0
HER,LTN,1,1,0,0
PMI,MXP,1,1,0,0
TGG,SZB,3,3,0,1
YCO,YHI,1,1,0,0
CUN,STL,1,1,0,0
PHL,PUJ,3,3,0,0
TJQ,CGK,3,3,0,0
NAG,PNQ,2,2,0,0
HKG,NNG,1,1,0,0
BND,TBZ,1,1,0,0
HNA,ITM,1,1,0,1
BOS,EWR,2,2,0,0
IAD,BOS,2,2,0,0
MUC,NUE,1,1,0,1
TRN,MUC,1,1,0,1
ESB,MUC,1,1,0,0
HRI,CMB,3,3,0,1
HAD,VXO,2,2,0,1
HER,SZG,2,2,0,0
GRZ,AYT,2,2,0,0
JED,AHB,2,2,0,0
ISB,LHE,1,1,0,0
DLM,SAW,1,1,0,0
MNS,LUN,1,1,0,0
RGN,DOH,1,1,0,0
DOH,SYZ,2,2,0,0
BLL,BGY,1,1,0,0
MRS,EDI,1,1,0,0
NTE,MRS,2,2,0,0
TPS,MLA,1,1,0,0
CIA,IBZ,1,1,0,0
FMM,STN,1,1,0,0
DME,AAQ,1,1,0,0
TIM,DJJ,2,2,0,0
HKD,HND,3,3,0,0
BHH,JED,1,1,0,0
MED,DXB,3,3,0,0
ZUH,HYN,2,2,0,0
LET,LPD,1,1,0,0
OKA,YGJ,1,1,0,0
RBV,MUA,1,1,0,0
MIA,BWI,3,3,0,0
IST,JIB,1,1,0,0
VKO,MRV,1,1,0,0
FCO,EWR,2,2,0,1
SJD,EWR,1,1,0,0
ICT,LAX,1,1,0,1
IAH,SDF,1,1,0,1
SJC,IAH,1,1,0,0
DEN,LAR,1,1,0,1
DWC,GOJ,1,1,0,0
ORD,FNT,2,2,0,2
KUF,TAS,2,2,0,0
DME,KSQ,2,2,0,0
YYC,CUN,2,2,0,0
KRS,GDN,1,1,0,0
BEG,NYO,1,1,0,0
DLC,FOC,1,1,0,0
TUN,LYS,3,3,0,0
EMA,MAH,3,3,0,0
DEL,KBL,5,5,0,0
YQB,YBC,2,2,0,0
TFF,OLC,1,1,0,0
UFA,TJM,1,1,0,0
KWE,WUZ,1,1,0,0
LYA,CKG,1,1,0,0
ATC,NAS,2,2,0,0
YZV,YWK,3,3,0,1
ZEM,YNC,1,1,0,0
MCI,DCA,3,3,0,2
MIA,EYW,2,2,0,1
RDU,JFK,4,4,0,2
LRD,DFW,2,2,0,1
LGA,DCA,3,3,0,1
LEX,CLT,2,2,0,1
PVG,PUS,4,4,0,0
ICN,KMJ,2,2,0,1
ICN,TNA,6,6,0,1
SFB,GRR,1,1,0,0
SFB,FAR,1,1,0,0
AMS,CFE,3,3,0,2
AMS,TPE,2,2,0,1
ATL,MDT,3,3,0,2
BHO,BOM,3,3,0,2
KUU,DEL,1,1,0,0
BLR,CCU,5,5,0,2
VCE,TIA,3,3,0,1
MXL,HMO,1,1,0,1
NRT,EWR,2,2,0,1
DPS,KIX,2,2,0,0
YEG,YUL,2,2,0,0
YYZ,IAH,2,2,0,2
DRW,MNG,1,1,0,0
EZE,FCO,2,2,0,0
BOS,PBG,2,2,0,1
SEA,DEN,6,6,0,2
PDX,OAK,4,4,0,3
SAN,LAX,5,5,0,5
VIE,LUX,2,2,0,0
VIE,BCN,6,6,0,3
TBS,VIE,2,2,0,1
YTH,YFO,1,1,0,0
LGK,PEN,4,4,0,1
LHW,YZY,1,1,0,0
TAO,HGH,9,9,0,2
SHA,JDZ,2,2,0,1
CKG,YTY,2,2,0,1
CTU,BPX,2,2,0,1
SYX,XMN,5,5,0,2
WUA,PEK,3,3,0,1
IST,NBC,1,1,0,0
MRS,LYS,1,1,0,0
KWF,KTN,1,1,0,0
CUN,MDW,1,1,0,0
BOD,LGW,2,2,0,0
PAF,EBB,1,1,0,0
SMK,UNK,2,2,0,1
FRA,MSQ,2,2,0,1
OGS,ALB,1,1,0,0
HKG,XMN,5,5,0,0
NNG,PVG,3,3,0,0
SHA,LYI,2,2,0,0
CJU,HRB,1,1,0,0
SZX,KOW,1,1,0,0
TEN,PEK,1,1,0,0
FRU,DME,6,6,0,0
ACE,STR,2,2,0,0
MEM,SAT,1,1,0,1
SAV,DTW,1,1,0,0
PHL,JFK,1,1,0,0
SMF,MSP,1,1,0,0
MUC,TLV,3,3,0,0
JFK,DXB,2,2,0,0
ZRH,FRA,3,3,0,1
BRU,BOD,1,1,0,0
SXF,MXP,1,1,0,0
PFO,LTN,2,2,0,0
BSL,BUD,1,1,0,0
BOS,LHR,9,9,0,5
SVQ,LYS,3,3,0,0
BZN,DEN,2,2,0,0
PLW,CGK,2,2,0,0
AMQ,CGK,3,3,0,0
AGP,LYS,2,2,0,0
ADU,THR,2,2,0,0
RAS,PGU,1,1,0,0
CNS,NRT,3,3,0,2
NCL,FCO,1,1,0,0
SFO,BOS,3,3,0,0
AMS,LOS,1,1,0,0
PNK,BTH,1,1,0,0
GIG,FRA,2,2,0,1
EWR,MAN,2,2,0,1
LGW,ARN,1,1,0,0
OSL,KRK,1,1,0,0
MED,AUH,2,2,0,1
MCT,MLE,1,1,0,0
KIN,GEO,1,1,0,0
BCN,SAW,1,1,0,0
SAW,AYT,3,3,0,0
DAR,JRO,3,3,0,0
DOH,TRV,1,1,0,0
BCN,AMM,2,2,0,1
CRL,CHQ,1,1,0,0
ORK,ACE,2,2,0,0
MMX,AGP,1,1,0,0
CIA,BOD,1,1,0,0
GRU,JNB,2,2,0,0
CPH,NCL,1,1,0,1
VXO,ARN,2,2,0,1
BCN,GRU,1,1,0,0
IND,BWI,2,2,0,1
MAN,ZRH,1,1,0,0
ZRH,MXP,1,1,0,0
NNG,SGN,1,1,0,0
ISB,BKK,1,1,0,0
UTH,BKK,2,2,0,0
SZG,IST,1,1,0,0
AYT,VKO,2,2,0,0
IST,NAJ,1,1,0,0
RTM,NCE,1,1,0,0
PKC,DME,1,1,0,0
GIG,LAD,1,1,0,0
EWR,SFO,2,2,0,0
IAH,MLM,1,1,0,1
FOE,ORD,1,1,0,1
AVL,ORD,1,1,0,1
DCA,FAY,2,2,0,1
BNE,MOV,2,2,0,1
XCH,PER,1,1,0,0
TRD,KSU,1,1,0,0
SVX,NYM,1,1,0,0
NOJ,DME,1,1,0,0
CXJ,VCP,1,1,0,0
DXB,JUB,1,1,0,0
EYK,OVS,1,1,0,0
KSM,MOU,1,1,0,1
NKC,BKO,1,1,0,0
SVO,BEG,2,2,0,0
MIA,BLA,1,1,0,0
MHH,PBI,3,3,0,1
BBO,MGQ,1,1,0,0
LHR,BUD,3,3,0,2
LHR,DFW,7,7,0,2
NRT,BOS,2,2,0,0
POA,MIA,2,2,0,0
BOS,LGA,3,3,0,1
LAX,PDX,4,4,0,3
LAX,RNO,6,6,0,5
MIA,BDA,2,2,0,0
JAN,CLT,2,2,0,1
LGA,PIT,3,3,0,3
PHL,CLT,2,2,0,0
JFK,PHX,4,4,0,0
CHS,CLT,2,2,0,0
ORD,RDU,3,3,0,0
SDF,PHL,2,2,0,2
ICN,OKA,3,3,0,1
SVO,PKC,1,1,0,0
HKG,SVO,1,1,0,0
CPH,CDG,4,4,0,1
CDG,HAM,3,3,0,1
FCO,MPL,2,2,0,2
GUA,ATL,2,2,0,1
DUS,IBZ,3,3,0,0
PMI,CGN,5,5,0,0
PMI,INN,2,2,0,1
HKG,SFO,6,6,0,2
DEL,ATQ,4,4,0,1
EWR,BOM,2,2,0,0
SYD,AKL,11,11,0,5
PMO,AMS,2,2,0,0
CUU,CJS,1,1,0,1
IAD,MEX,3,3,0,0
KIX,TPE,8,8,0,0
AHB,SHJ,1,1,0,0
SHJ,YNB,1,1,0,0
SHJ,ODS,1,1,0,0
YBC,YYY,2,2,0,1
YYZ,BWI,1,1,0,1
HKG,YYZ,2,2,0,0
CHC,BHE,1,1,0,1
IVC,WLG,1,1,0,1
ANC,SNP,2,2,0,1
VIE,STR,3,3,0,2
OXB,CKY,2,2,0,0
CDG,PRG,5,5,0,1
PMO,VCE,3,3,0,1
ORU,CBB,2,2,0,0
XIY,HFE,4,4,0,0
WUH,CGQ,3,3,0,1
WUH,HET,3,3,0,0
SHA,KWE,6,6,0,0
DDG,PEK,2,2,0,1
ALG,MUW,1,1,0,0
HME,HRM,1,1,0,0
HOU,MCO,2,2,0,1
MDW,MCO,2,2,0,0
LAS,MDW,2,2,0,1
MAN,YVR,1,1,0,0
LGW,TRN,1,1,0,0
ACE,LPA,2,2,0,0
TMU,SJO,3,3,0,1
YCB,YCO,2,2,0,0
PEN,HKG,3,3,0,0
MNL,MFM,4,4,0,1
CGO,NKG,1,1,0,0
WUH,TPE,3,3,0,0
LHW,WUH,3,3,0,1
KMG,XIY,8,8,0,1
JMU,TAO,2,2,0,1
YZY,XIY,2,2,0,0
CSX,BAV,1,1,0,0
KWL,CAN,1,1,0,0
BAV,CTU,1,1,0,0
CNF,REC,2,2,0,0
CGB,GRU,4,4,0,0
CGH,CXJ,1,1,0,0
MDE,PTY,1,1,0,0
DTW,FWA,1,1,0,1
ATL,FAY,3,3,0,2
MSP,JFK,2,2,0,0
WAW,FRA,3,3,0,1
LLW,BLZ,1,1,0,0
BJR,LLI,1,1,0,0
LTN,PFO,2,2,0,0
LGW,BIA,1,1,0,0
OLB,NCE,1,1,0,0
HEL,OUL,2,2,0,0
BMA,GOT,2,2,0,1
KUL,ICN,3,3,0,0
LSI,EDI,1,1,0,1
CFN,GLA,1,1,0,1
MAH,BCN,3,3,0,1
DEN,BIS,2,2,0,1
SUB,UPG,4,4,0,0
NCU,VKO,1,1,0,0
SXF,BEY,1,1,0,0
BRU,CPH,4,4,0,2
CIH,PEK,2,2,0,0
FNC,CGN,1,1,0,0
BCN,MXP,4,4,0,1
MRS,MAD,2,2,0,1
CDG,KEF,3,3,0,1
IMF,IXA,1,1,0,0
DEL,KTM,5,5,0,0
HAN,KIX,2,2,0,1
KIX,YNT,2,2,0,1
MAN,MJV,2,2,0,0
MAN,FCO,1,1,0,0
DFW,DXB,2,2,0,0
BDL,FLL,2,2,0,0
ABQ,JFK,1,1,0,0
DOY,PVG,1,1,0,0
PMC,BBA,2,2,0,0
SLU,BGI,1,1,0,0
BRE,FRA,1,1,0,0
PRG,MUC,1,1,0,0
VNO,FRA,2,2,0,1
LIG,AVN,1,1,0,0
VIE,RMF,1,1,0,0
DMK,MAQ,1,1,0,0
OSL,AYT,1,1,0,0
TUN,NTE,2,2,0,0
IOS,BSB,1,1,0,0
DME,OSW,1,1,0,0
ARK,ZNZ,1,1,0,0
DRW,PER,2,2,0,1
MAN,WMI,1,1,0,0
DUB,EIN,1,1,0,0
TFS,BGY,1,1,0,0
MAD,CTA,1,1,0,0
VLC,STN,1,1,0,0
TPS,BVA,1,1,0,0
CAG,MRS,1,1,0,0
KUN,BRS,1,1,0,0
SVG,EDI,1,1,0,0
LED,OVB,3,3,0,0
LPL,CCF,1,1,0,0
EMA,BCN,1,1,0,0
OSR,STN,1,1,0,0
LAS,BHM,1,1,0,0
GSP,HOU,1,1,0,0
ZRH,TPA,1,1,0,1
ADB,CPH,1,1,0,0
KHN,SHA,2,2,0,0
UUS,OHH,1,1,0,0
GRU,LIS,1,1,0,0
TUN,BEG,1,1,0,0
MAD,DJE,1,1,0,0
NUE,IST,1,1,0,0
IST,BGW,1,1,0,0
AUA,LSP,1,1,0,0
MJT,AMS,1,1,0,0
SPP,LAD,1,1,0,0
TGU,IAH,1,1,0,0
TKK,PNI,1,1,0,0
SHV,IAH,1,1,0,1
TUS,IAH,1,1,0,1
DEN,DAY,2,2,0,1
SRQ,ORD,1,1,0,0
SVX,TAS,2,2,0,0
DYU,NBC,1,1,0,0
KUF,OSS,1,1,0,0
TRC,DFW,2,2,0,1
MXP,UGC,1,1,0,0
TAS,DME,1,1,0,0
YYC,YLW,2,2,0,1
BUD,WAW,2,2,0,0
TSR,TSF,1,1,0,0
CUL,LAP,1,1,0,0
YPN,YGV,1,1,0,0
IEV,KTW,1,1,0,0
CGB,LDB,1,1,0,0
MAO,VCP,1,1,0,0
GYN,SDU,1,1,0,0
TFF,ERN,1,1,0,0
CFB,VCP,1,1,0,0
DXB,ROV,1,1,0,0
CPH,SGD,1,1,0,0
SAP,BZE,1,1,0,0
TML,ACC,3,3,0,0
SAL,DFW,4,4,0,1
PAP,JFK,4,4,0,1
BAH,LHR,4,4,0,2
DXB,LHR,5,5,0,1
BOS,DFW,4,4,0,0
SEA,PHX,5,5,0,1
SHV,DFW,2,2,0,2
DTW,YUL,4,4,0,2
ONT,PHX,3,3,0,0
PHL,MIA,2,2,0,0
PHL,BDL,2,2,0,0
ORD,SDF,3,3,0,2
CLT,AVL,2,2,0,1
FLL,TYS,1,1,0,0
PIE,GRR,1,1,0,0
FAI,GAL,2,2,0,0
TFN,MAD,5,5,0,2
MXP,LED,3,3,0,0
TLS,SVQ,2,2,0,1
ORY,BOD,1,1,0,0
TXL,VIE,5,5,0,3
FKB,TXL,2,2,0,1
JNB,BOM,3,3,0,1
HKG,KIX,6,6,0,1
NCE,BHX,1,1,0,0
POM,KVG,1,1,0,0
SKT,SHJ,2,2,0,0
FLL,YUL,3,3,0,1
AUH,FRA,5,5,0,2
DNK,VIE,2,2,0,2
YGX,YTH,1,1,0,0
SLH,TOH,1,1,0,0
LOS,ACC,5,5,0,0
FCO,CPH,4,4,0,0
CIF,HET,3,3,0,0
TPE,PVG,8,8,0,0
PEK,ZYI,3,3,0,1
TYN,HRB,2,2,0,1
CGO,KMG,7,7,0,1
JER,ORK,1,1,0,1
FAE,SVG,1,1,0,0
CCC,YHZ,1,1,0,0
GOA,LGW,1,1,0,0
MNL,CEB,5,5,0,0
NKG,DYG,2,2,0,0
DAT,NAY,2,2,0,1
CAN,MNL,3,3,0,1
TYS,DTW,1,1,0,1
VKO,IEV,2,2,0,0
LGW,BLQ,1,1,0,0
LGW,VRN,4,4,0,0
INV,BRS,1,1,0,0
BOD,MXP,1,1,0,0
VCE,ORY,2,2,0,0
PMI,BSL,3,3,0,0
NRT,HEL,2,2,0,0
DME,HEL,2,2,0,0
MDW,TTN,1,1,0,0
STR,STN,1,1,0,0
AOI,DUS,1,1,0,0
AMD,JAI,1,1,0,0
XBJ,MHD,1,1,0,0
GLA,FUE,2,2,0,0
JFK,SMF,1,1,0,0
NTL,MEL,2,2,0,1
BLZ,NBO,1,1,0,0
NBO,BLZ,1,1,0,0
SRG,CGK,3,3,0,0
FRA,EWR,2,2,0,0
DUS,GOT,1,1,0,1
IKA,ALA,1,1,0,0
KUL,USM,2,2,0,1
DME,TIV,5,5,0,1
OSL,HAU,2,2,0,0
RYG,ALC,2,2,0,0
AXD,ATH,2,2,0,1
AYT,AMS,2,2,0,0
TSN,HGH,5,5,0,1
DXB,WAW,2,2,0,1
WGA,SYD,2,2,0,1
BME,BNE,1,1,0,0
ESB,DOH,1,1,0,0
DOH,GRU,1,1,0,0
LBC,PSA,1,1,0,0
DUB,SDR,1,1,0,0
NOC,LPL,1,1,0,0
RZE,DUB,1,1,0,0
ALC,NOC,1,1,0,0
XRY,HHN,1,1,0,0
BVA,PUY,1,1,0,0
BGY,ZAZ,1,1,0,0
OPO,LIS,5,5,0,2
FMM,AGP,1,1,0,0
IST,AAL,2,2,0,0
SIN,DVO,2,2,0,1
EDI,SEN,1,1,0,0
DAD,SGN,3,3,0,0
DMM,ELQ,1,1,0,0
BUF,PHX,1,1,0,0
ABQ,MCI,2,2,0,1
ZRH,OTP,1,1,0,1
HYN,PEK,2,2,0,1
YIN,CTU,2,2,0,1
MYR,BWI,1,1,0,0
LIM,IGU,2,2,0,1
POA,LIS,1,1,0,0
NCL,SSH,1,1,0,0
ADB,ESB,2,2,0,1
KBP,SAW,2,2,0,0
DME,KGF,1,1,0,0
HUX,IAH,1,1,0,1
FPO,FLL,3,3,0,1
IAH,SJD,1,1,0,0
DEN,MSO,1,1,0,1
ORD,CID,3,3,0,3
CGN,KTW,1,1,0,0
XMN,ICN,2,2,0,0
RMQ,CAN,1,1,0,0
BET,KWN,2,2,0,1
NUL,GAL,1,1,0,1
TFS,NTE,1,1,0,0
GOA,OLB,1,1,0,0
MEI,ATL,1,1,0,0
TLM,MRS,2,2,0,0
RTB,MIA,2,2,0,0
AUH,DUS,3,3,0,1
CCS,MIA,3,3,0,0
PHX,PVR,2,2,0,0
DFW,MHK,2,2,0,1
CLL,DFW,2,2,0,1
SJC,HNL,2,2,0,1
DEN,PHL,4,4,0,0
ORD,ICT,3,3,0,3
ART,ORD,2,2,0,1
KPO,CJU,1,1,0,0
ICN,YGJ,2,2,0,1
TIP,CAI,3,3,0,0
LAS,FSD,1,1,0,0
ATH,MUC,3,3,0,0
ATL,MOB,3,3,0,2
IKA,GYD,2,2,0,0
STR,SAW,3,3,0,0
HAJ,IBZ,1,1,0,0
SAW,STR,3,3,0,0
YVR,YOW,1,1,0,0
YYG,YHZ,1,1,0,0
AKL,BHE,1,1,0,1
DUT,KQA,1,1,0,0
VIE,TIA,1,1,0,1
HAV,BOG,3,3,0,1
BOG,MTR,2,2,0,1
KUL,SGN,3,3,0,0
BRE,AMS,2,2,0,2
GBE,LUN,1,1,0,0
SWA,CGO,1,1,0,0
LZO,NNG,1,1,0,0
FUG,WNZ,1,1,0,0
UAH,UAP,1,1,0,0
IST,CAN,2,2,0,0
NKG,HAK,5,5,0,0
CZL,ORN,1,1,0,0
DUB,AMS,1,1,0,0
WMN,TNR,1,1,0,0
HKG,BKK,12,12,0,3
LIL,NTE,1,1,0,0
MCI,LAS,2,2,0,1
AUS,MDW,2,2,0,1
ISP,MCO,2,2,0,1
GLA,LHR,3,3,0,2
BLL,OSL,3,3,0,1
WDH,JNB,5,5,0,2
MSQ,BCN,1,1,0,0
YFB,YCY,2,2,0,0
KMG,RGN,2,2,0,0
KMG,LXA,1,1,0,0
DSN,NAY,2,2,0,1
CAN,BFJ,1,1,0,0
TAO,CSX,4,4,0,0
DLC,SZX,3,3,0,1
SJW,HGH,7,7,0,2
BSB,RBR,2,2,0,0
CGH,CGB,2,2,0,0
LPA,SXF,2,2,0,0
CUN,PTY,2,2,0,1
SLC,BOS,1,1,0,0
JAC,SLC,1,1,0,1
RAP,MSP,1,1,0,1
HKG,BLR,2,2,0,0
TIP,DXB,1,1,0,0
NCE,DXB,1,1,0,0
DAR,LLW,1,1,0,0
LGW,CTA,6,6,0,0
HEL,KIX,2,2,0,1
LIS,HEL,2,2,0,1
BHX,NOC,1,1,0,0
BHX,WAT,1,1,0,0
FEZ,BCN,3,3,0,1
AGP,AMS,3,3,0,1
PIR,ATY,2,2,0,1
GSM,SYZ,2,2,0,0
DUS,BIA,1,1,0,0
RJK,CGN,1,1,0,0
ORY,LPY,1,1,0,0
HKG,XUZ,1,1,0,0
IBZ,ORY,3,3,0,1
FCO,ALC,2,2,0,0
PEN,CGK,1,1,0,0
RAS,AWZ,1,1,0,0
KWI,IFN,1,1,0,0
DME,OMS,3,3,0,0
NGO,TPE,3,3,0,0
MAN,BCN,3,3,0,0
BOS,SDQ,1,1,0,0
BUR,JFK,1,1,0,0
NBO,MBA,4,4,0,0
BGI,GND,1,1,0,0
MUC,BLQ,1,1,0,0
BKI,TPE,2,2,0,0
KOA,JHM,1,1,0,0
RUH,BEY,2,2,0,0
ARN,DBV,2,2,0,0
GIZ,JED,2,2,0,0
ATZ,RUH,1,1,0,0
DOH,ATH,2,2,0,0
CMN,RAI,1,1,0,0
HHN,MPL,1,1,0,0
RYG,STN,1,1,0,0
GRO,EMA,1,1,0,0
BOD,OPO,1,1,0,0
BGO,AES,2,2,0,0
PZU,KRT,3,3,0,0
LIT,PHX,1,1,0,0
ZRH,PRG,3,3,0,0
LED,ZRH,1,1,0,0
RMQ,TNA,1,1,0,0
YGJ,HND,2,2,0,0
SIN,COK,3,3,0,1
TLS,IST,1,1,0,0
NSI,DLA,7,7,0,3
AMS,SKG,1,1,0,0
PUJ,LED,1,1,0,0
SFO,OGG,1,1,0,0
IAH,PDX,1,1,0,0
IAH,OKC,1,1,0,0
TJU,LED,1,1,0,0
SXM,CLT,2,2,0,0
PHX,YYC,3,3,0,0
DFW,LBB,2,2,0,0
CHO,PHL,2,2,0,1
SGN,VDH,1,1,0,0
TBB,SGN,1,1,0,1
PEK,LGW,2,2,0,0
BEG,TRF,1,1,0,0
KUL,CEB,1,1,0,0
LIM,PIU,2,2,0,1
YIF,ZGS,1,1,0,0
KUF,ROV,1,1,0,0
BCV,TZA,1,1,0,0
NTE,VCE,2,2,0,0
LOS,CBQ,1,1,0,0
JED,NDJ,1,1,0,0
YWB,YQC,1,1,0,0
ORY,AAE,2,2,0,0
LAX,TUS,5,5,0,3
MIA,YYZ,4,4,0,1
JAN,DCA,2,2,0,1
PHL,ORD,3,3,0,0
GRK,DFW,2,2,0,1
ORD,ALO,2,2,0,1
YNT,ICN,5,5,0,1
ICN,FUK,7,7,0,3
ABE,SFB,1,1,0,0
SCQ,LPA,3,3,0,1
LHR,SVO,1,1,0,0
MLA,SVO,2,2,0,0
LED,MUC,2,2,0,0
LHR,DEL,5,5,0,1
CJB,CCJ,1,1,0,0
LGW,PMO,3,3,0,0
TIJ,NRT,2,2,0,1
KIX,DPS,2,2,0,0
YYC,YVR,3,3,0,0
CHC,DUD,1,1,0,1
LAX,AKL,3,3,0,2
SEA,LGB,3,3,0,2
MSY,SLC,2,2,0,1
VIE,LED,3,3,0,2
SDQ,BOG,1,1,0,0
MIA,BAQ,3,3,0,1
BND,MHD,2,2,0,0
KCH,BTU,2,2,0,0
CPT,AMS,2,2,0,1
TGO,TNA,1,1,0,0
HUH,RFP,1,1,0,0
PEK,CIF,2,2,0,1
CAN,LZO,2,2,0,1
KWL,SZX,3,3,0,1
SZX,TAO,4,4,0,1
NGB,KWL,4,4,0,1
YNT,PEK,4,4,0,1
CTU,FOC,4,4,0,2
PVG,HEL,2,2,0,0
SFO,PVG,4,4,0,1
SYD,TWB,1,1,0,0
YUL,ALG,1,1,0,0
IST,LTN,1,1,0,0
KIV,LCA,1,1,0,0
KIV,VCE,2,2,0,0
RNS,TLS,1,1,0,0
CNX,SIN,4,4,0,2
YYB,YSB,1,1,0,0
YIO,YGT,1,1,0,0
HKG,SHA,5,5,0,0
NKG,TGO,1,1,0,0
PEK,HAN,2,2,0,1
KMG,ZUH,1,1,0,0
HAV,CCS,2,2,0,0
NRT,MSP,1,1,0,0
MEM,RDU,1,1,0,1
CVG,RSW,1,1,0,0
SLC,ONT,1,1,0,0
SLC,COS,1,1,0,1
DTW,CLE,1,1,0,1
DTW,SLC,1,1,0,0
MSO,MSP,1,1,0,0
SSH,CAI,2,2,0,0
AUH,LOS,1,1,0,0
BKK,LPQ,4,4,0,2
CDG,LTN,1,1,0,0
WIL,KTL,1,1,0,0
GVA,VLC,1,1,0,0
GLA,LBA,1,1,0,1
BCN,CMN,4,4,0,1
NAP,BCN,2,2,0,1
DJB,CGK,4,4,0,0
SYZ,SXI,1,1,0,0
KMQ,NRT,2,2,0,1
NJC,OVB,3,3,0,0
GUM,ICN,3,3,0,0
NCL,BJV,1,1,0,0
SFO,LGB,1,1,0,0
PVG,XFN,1,1,0,0
SRG,BTH,1,1,0,0
VRN,KIV,2,2,0,0
RUH,LXR,1,1,0,0
GRU,FOR,3,3,0,0
CFU,ATH,2,2,0,1
CMN,NTE,1,1,0,0
BKK,AMM,2,2,0,1
CRL,MPL,1,1,0,0
GRO,AHO,1,1,0,0
BUD,BRS,1,1,0,0
BRI,DUB,1,1,0,0
BLL,CPH,1,1,0,1
ARN,BRU,1,1,0,0
ANU,NEV,1,1,0,0
HOU,CRP,2,2,0,1
RUH,BHH,1,1,0,0
BUR,SJC,1,1,0,0
AUS,PHX,3,3,0,0
CTU,UYN,2,2,0,1
WUX,PEK,3,3,0,0
OPO,EWR,2,2,0,1
MKY,MEL,1,1,0,0
MBA,IST,1,1,0,0
IST,NCE,1,1,0,0
IST,SKG,1,1,0,0
AMS,NAP,1,1,0,0
PRG,WAW,3,3,0,0
IAD,BUF,1,1,0,1
LAS,EWR,1,1,0,0
YUL,DFW,3,3,0,1
DCA,DSM,2,2,0,2
BFL,PHX,2,2,0,2
RSW,PHL,3,3,0,0
YYC,YCD,1,1,0,0
DAD,HAN,3,3,0,0
TJM,NYM,1,1,0,0
KBP,SIP,1,1,0,0
NSK,KUF,1,1,0,0
HLD,COQ,1,1,0,0
DWC,CGP,1,1,0,0
SVX,EYK,1,1,0,0
ZYI,KMG,1,1,0,0
DNK,KBP,2,2,0,1
JKR,KTM,1,1,0,0
BRW,ATK,1,1,0,1
NUI,BRW,1,1,0,1
BRN,AMS,1,1,0,0
TLL,HER,1,1,0,1
ZRJ,MSA,1,1,0,0
HKG,LAX,2,2,0,1
LAX,MEL,4,4,0,2
DFW,BJX,2,2,0,0
DFW,LCH,2,2,0,1
PDX,LAX,4,4,0,3
PHL,SJU,2,2,0,0
CLT,TYS,2,2,0,0
TOY,ICN,2,2,0,1
TFS,SCQ,2,2,0,0
MRS,ATH,3,3,0,1
IST,ATH,3,3,0,0
LED,KLV,2,2,0,1
SVO,ASF,1,1,0,0
EWR,ATL,7,7,0,6
VIE,JMK,2,2,0,0
FNC,DUS,2,2,0,0
NBE,CGN,1,1,0,0
GAU,CCU,6,6,0,2
BEL,ATM,2,2,0,0
CUN,MCO,3,3,0,1
WKJ,CTS,1,1,0,0
YEG,YYZ,2,2,0,0
YEG,ORD,2,2,0,2
BME,KNX,2,2,0,1
AEP,MDZ,2,2,0,0
IGR,SLA,1,1,0,1
LIM,EZE,3,3,0,0
ANC,CDB,2,2,0,1
INN,FRA,2,2,0,2
TOS,MMK,1,1,0,1
KUL,COK,3,3,0,0
CTA,MXP,3,3,0,1
FCO,GOA,1,1,0,0
TSN,FUG,1,1,0,0
PEK,VIE,2,2,0,1
TSN,HKG,3,3,0,0
NTG,TSN,2,2,0,0
FLR,MUC,2,2,0,0
DUB,LIS,2,2,0,0
DUB,ATH,1,1,0,0
NAN,SUV,1,1,0,1
BXU,MNL,3,3,0,0
BSO,MNL,2,2,0,0
SAT,DAL,2,2,0,1
RNO,MDW,2,2,0,1
YHZ,MCO,2,2,0,1
LHR,MAD,2,2,0,0
PLZ,JNB,3,3,0,1
UNK,OME,1,1,0,0
PRG,MSQ,2,2,0,1
NEV,SJU,3,3,0,0
YKS,IKT,3,3,0,0
CEB,DVO,3,3,0,1
DLA,SSG,5,5,0,2
JHG,DIG,1,1,0,0
SHA,SYX,3,3,0,0
SYD,CAN,1,1,0,0
PTY,IQT,1,1,0,0
FRA,ZAD,2,2,0,1
PRG,FRA,4,4,0,1
HND,LAX,3,3,0,1
MEM,LAX,1,1,0,0
CVG,RIC,1,1,0,0
MIA,SDQ,4,4,0,1
ATL,ZRH,1,1,0,0
LGA,GSP,1,1,0,1
SAN,MSP,3,3,0,1
ITH,DTW,1,1,0,1
ABZ,SYY,1,1,0,0
DXB,BKK,3,3,0,1
TLL,SPU,1,1,0,0
FRA,DUS,2,2,0,1
LTN,VCE,1,1,0,0
YYZ,JFK,6,6,0,3
FLR,CPH,2,2,0,1
CGN,XRY,1,1,0,0
AIA,CDR,3,3,0,2
MAD,ARN,2,2,0,1
MAD,ALC,1,1,0,1
HYD,KUL,2,2,0,1
KUL,HYD,2,2,0,1
GLA,FAO,3,3,0,0
BOS,IAD,2,2,0,0
LOP,PER,1,1,0,0
VCE,AMS,3,3,0,1
PEK,GMP,4,4,0,0
LIM,IQT,2,2,0,0
FRA,KRK,2,2,0,1
ANU,DOM,1,1,0,0
KOI,PPW,1,1,0,0
GOJ,FRA,1,1,0,0
JUB,EBB,2,2,0,0
HRG,SZG,1,1,0,0
SJJ,SAW,2,2,0,0
MZH,SAW,1,1,0,0
SNP,ANC,2,2,0,1
LHR,MNL,1,1,0,0
BME,SYD,1,1,0,0
LDH,PQQ,1,1,0,1
KRK,CRL,1,1,0,0
GRO,CGN,1,1,0,0
VLC,SCQ,1,1,0,0
SVQ,BOD,1,1,0,0
TPS,AOI,1,1,0,0
LIS,PXO,3,3,0,1
DUR,ELS,1,1,0,1
JNB,BFN,1,1,0,1
KRS,OSL,2,2,0,0
ARN,SVG,1,1,0,1
DMM,BHH,1,1,0,0
RUH,DWD,1,1,0,0
FNT,LAS,1,1,0,0
YNT,CGQ,3,3,0,0
YBP,PEK,2,2,0,1
JJN,CTU,1,1,0,0
TUN,BKO,1,1,0,0
IST,KZR,1,1,0,0
TPE,CJU,1,1,0,0
RTM,AYT,1,1,0,0
RTM,SAW,1,1,0,0
ALA,VKO,1,1,0,0
DYU,SVX,3,3,0,0
NAS,CLT,2,2,0,0
OVB,KBP,1,1,0,0
MDW,ZCL,1,1,0,0
KIV,CIA,1,1,0,0
DAC,SPD,1,1,0,0
HEA,ISB,1,1,0,0
KJA,DXB,1,1,0,0
SDU,CWB,1,1,0,0
SJK,PLU,1,1,0,0
TIF,DXB,1,1,0,0
EYK,SVX,1,1,0,0
CTU,SJW,3,3,0,0
RAO,SDU,1,1,0,0
OME,TLA,2,2,0,1
YAX,XBE,1,1,0,0
YMT,YKQ,1,1,0,0
PHL,CUN,3,3,0,0
ISP,DCA,2,2,0,2
SHE,PUS,2,2,0,0
FLL,GSP,1,1,0,0
DLH,AZA,1,1,0,0
AGP,TFN,3,3,0,1
LED,DUS,3,3,0,0
LED,LBD,4,4,0,0
MRS,ORY,2,2,0,0
CDG,STR,2,2,0,1
CDG,DTW,3,3,0,1
TXL,VCE,2,2,0,1
HEL,MUC,4,4,0,2
KIX,HKG,6,6,0,1
LBA,HER,2,2,0,0
BLR,IDR,2,2,0,2
MLA,TIP,3,3,0,0
PBC,MTY,1,1,0,1
BOM,NRT,2,2,0,1
MAG,MAS,1,1,0,0
YXE,YWG,2,2,0,1
AEP,RGL,2,2,0,1
NQN,CRD,2,2,0,0
JIB,TAI,1,1,0,0
SPU,VIE,2,2,0,1
VLI,CCV,1,1,0,0
DMM,IXE,1,1,0,0
KUL,KBV,2,2,0,0
KUL,LOP,1,1,0,0
ASU,VVI,2,2,0,0
CCS,AUA,6,6,0,0
HAK,ZUH,3,3,0,0
PEK,ZUH,3,3,0,1
TSN,HRB,8,8,0,1
HRB,CAN,3,3,0,1
OUA,ALG,1,1,0,0
JSU,SFJ,1,1,0,0
TSE,GUW,2,2,0,0
MJN,TNR,1,1,0,0
BIA,LIL,2,2,0,0
MRS,TLS,1,1,0,0
MAG,LAE,1,1,0,0
ABQ,PDX,2,2,0,1
LHR,LED,1,1,0,0
EUN,LPA,2,2,0,1
JFK,YVR,1,1,0,0
SIN,BNE,9,9,0,4
CGK,FOC,2,2,0,1
SSA,REC,4,4,0,0
MUC,XRY,2,2,0,0
WAW,PRG,3,3,0,0
FRA,JFK,8,8,0,4
ATL,SYR,4,4,0,2
GRR,LGA,1,1,0,1
SYR,JFK,2,2,0,0
FOC,HKG,4,4,0,0
ADD,HKG,1,1,0,0
MXP,LCA,1,1,0,0
TLV,LGW,1,1,0,0
TXL,HEL,3,3,0,0
HEL,AGP,2,2,0,0
HEL,NCE,2,2,0,0
CYS,DEN,3,3,0,2
IGM,PGA,3,3,0,2
CGK,TJQ,3,3,0,0
PNK,CGK,3,3,0,0
HAM,PRN,1,1,0,0
HGH,WEF,1,1,0,0
BQS,HTA,1,1,0,0
MEL,HTI,2,2,0,0
BNK,SYD,3,3,0,1
KBL,DXB,5,5,0,0
KWI,CMB,3,3,0,1
MUC,WAW,2,2,0,0
KRK,WAW,1,1,0,0
AXA,STT,1,1,0,0
FRA,BSL,3,3,0,1
LUX,NCE,1,1,0,0
BLQ,CTA,4,4,0,0
KRT,ASM,1,1,0,0
LGW,AES,1,1,0,0
AES,LGW,1,1,0,0
OSL,BOJ,1,1,0,0
TRD,ALC,2,2,0,0
MED,AMM,2,2,0,0
YZT,YVR,1,1,0,0
OSL,CPH,3,3,0,0
LHE,BCN,1,1,0,0
LCA,AMM,1,1,0,0
BRE,CFU,1,1,0,0
HHN,TFS,1,1,0,0
STN,PGF,1,1,0,0
WRO,CIA,1,1,0,0
TFS,BLQ,1,1,0,0
LDE,STN,1,1,0,0
BGY,LBC,1,1,0,0
BLQ,DUB,2,2,0,0
LIS,PDL,2,2,0,0
DUR,LUN,1,1,0,1
BKO,ADD,2,2,0,1
ZRH,OSL,2,2,0,0
DME,PFO,2,2,0,0
CMH,LAS,1,1,0,0
HAJ,ADB,1,1,0,0
TYN,TVS,1,1,0,0
HRB,INC,1,1,0,0
LYI,CAN,2,2,0,0
KRR,SCO,1,1,0,0
SCO,EVN,1,1,0,0
DMK,SGN,1,1,0,0
DUS,IST,1,1,0,0
ESB,AJI,1,1,0,1
EFL,AMS,1,1,0,0
AEP,ROS,2,2,0,1
AUS,SFO,3,3,0,0
AOO,IAD,1,1,0,1
IAD,CLE,1,1,0,0
PFO,KRR,1,1,0,0
DME,NCU,2,2,0,0
SYR,BOS,2,2,0,1
ORD,FLL,4,4,0,0
VIE,ODS,2,2,0,1
LMM,GDL,1,1,0,0
TGZ,MEX,3,3,0,0
KSU,TRD,1,1,0,0
AUH,ADE,1,1,0,0
LGW,CMN,2,2,0,0
CTU,NAY,2,2,0,1
SJW,ZQZ,2,2,0,0
HER,VNO,1,1,0,1
LIS,LHR,6,6,0,4
DCA,RSW,4,4,0,3
FLL,PAP,4,4,0,0
MIA,CVG,2,2,0,1
LIH,LAX,5,5,0,1
GRB,ORD,3,3,0,3
PHL,DUB,2,2,0,0
JFK,GRU,5,5,0,0
MSP,MIA,3,3,0,0
CLT,XNA,2,2,0,0
MCO,DFW,3,3,0,0
CPR,LAS,1,1,0,0
TFN,SVQ,3,3,0,1
DUS,SKG,4,4,0,1
STR,SKG,4,4,0,1
SKG,MUC,4,4,0,2
MXP,ATH,3,3,0,1
LED,RHO,3,3,0,0
MQF,SVO,1,1,0,0
BHX,LYS,2,2,0,1
CDG,BKK,3,3,0,1
LAS,ATL,7,7,0,4
NAN,NOU,1,1,0,0
VIE,TFS,3,3,0,1
VIE,PMI,3,3,0,1
MEL,DEL,1,1,0,0
MRS,MLA,2,2,0,0
NRT,SGN,4,4,0,1
KOJ,OKA,1,1,0,0
PVR,YYC,2,2,0,0
RIX,NCE,1,1,0,0
PMR,AKL,1,1,0,1
PHX,SEA,4,4,0,0
SEA,ALW,1,1,0,1
PDX,SMF,2,2,0,1
LWS,SEA,1,1,0,1
VIE,BSL,2,2,0,2
VLI,IPA,1,1,0,0
BRU,LIN,4,4,0,2
FCO,ZRH,3,3,0,1
KHN,WNZ,1,1,0,0
GVA,PEK,1,1,0,0
PEK,YNJ,3,3,0,1
CGO,DLC,6,6,0,1
CTU,SHA,7,7,0,1
PPS,MNL,5,5,0,0
TMM,ANM,1,1,0,0
PTU,BET,1,1,0,0
GLA,LGW,2,2,0,0
STT,STX,2,2,0,0
KMG,HKG,4,4,0,0
RMQ,KIX,1,1,0,0
HKG,PEK,6,6,0,0
CSX,URC,2,2,0,0
KMG,DLU,3,3,0,0
SHE,YIW,1,1,0,0
XNN,CKG,7,7,0,1
AJU,GIG,1,1,0,0
GRU,AEP,3,3,0,0
UIO,PTY,1,1,0,0
SKP,ZAG,1,1,0,0
SKG,LCA,2,2,0,0
SRP,OSL,1,1,0,0
RDU,DTW,1,1,0,0
PVD,DTW,1,1,0,0
ANC,SLC,1,1,0,0
JFK,ROC,2,2,0,0
JFK,CHS,2,2,0,0
CAI,MED,2,2,0,0
TLV,LAX,1,1,0,0
DXB,GLA,2,2,0,1
DXB,DAR,1,1,0,0
MQX,SHC,1,1,0,0
SIN,ADL,3,3,0,1
YYZ,BRU,2,2,0,0
AUH,PEK,5,5,0,3
NCE,LIS,3,3,0,1
ORY,PSA,2,2,0,0
KLX,LGW,1,1,0,0
HEL,OSL,3,3,0,1
BHD,SOU,1,1,0,0
EDI,LSI,1,1,0,1
CLE,TTN,1,1,0,0
BIK,DJJ,2,2,0,0
BEJ,BPN,3,3,0,1
TSN,CIH,1,1,0,0
SZX,XFN,3,3,0,1
JNZ,HGH,1,1,0,0
LHR,LCG,2,2,0,0
BCN,AGP,3,3,0,1
IKA,EVN,1,1,0,0
PUS,NGO,2,2,0,1
BTV,JFK,1,1,0,0
ICN,VIE,1,1,0,0
CUK,SPR,2,2,0,0
KRK,CPH,1,1,0,0
VNO,OSL,1,1,0,0
JDO,BSB,1,1,0,0
SHJ,DEA,1,1,0,0
TUK,MCT,1,1,0,0
JNB,DOH,1,1,0,0
GSE,MLA,1,1,0,0
ACE,LTN,3,3,0,0
GRO,FMO,1,1,0,0
AGP,ORK,2,2,0,0
PSA,GSE,1,1,0,0
MLA,LBA,1,1,0,0
FBM,JNB,2,2,0,1
TJU,DME,3,3,0,0
CMB,GIU,1,1,0,0
SIN,PKU,3,3,0,2
PBH,KTM,1,1,0,0
TPA,ISP,2,2,0,1
JAX,MDW,1,1,0,0
RNO,PDX,2,2,0,1
WAW,ZRH,2,2,0,0
ZRH,PEK,1,1,0,0
DTM,ADB,1,1,0,0
CGH,RAO,1,1,0,0
BFS,LCA,1,1,0,0
LHE,BKK,1,1,0,0
CTS,BKK,1,1,0,0
IST,ASB,2,2,0,0
SAW,CDG,1,1,0,0
TSA,HFE,1,1,0,0
PSA,AMS,1,1,0,0
LED,VKO,2,2,0,0
MUC,OTP,2,2,0,0
CDG,OTP,2,2,0,0
YYZ,BDL,2,2,0,2
IAH,BTR,1,1,0,1
MCO,MHH,2,2,0,1
GSP,IAH,1,1,0,1
AGS,DCA,2,2,0,2
CLT,BUF,2,2,0,0
SDF,DFW,2,2,0,0
LED,AZN,1,1,0,0
HAN,PQC,1,1,0,0
SGN,UIH,2,2,0,0
ZTB,ZLT,1,1,0,0
YYZ,YMM,2,2,0,0
BOO,LKN,1,1,0,0
HFT,ALF,1,1,0,0
JED,ADE,2,2,0,0
BOH,TFS,2,2,0,0
ORY,BUD,1,1,0,0
SJU,AZS,1,1,0,0
ATH,JSH,1,1,0,0
BLA,PMV,1,1,0,0
FLL,TCB,2,2,0,1
KAD,LOS,1,1,0,0
YAT,ZKE,1,1,0,0
UKA,WIL,3,3,0,0
YUL,LGA,6,6,0,3
LRM,MIA,2,2,0,1
SAL,MIA,4,4,0,1
DCA,BTV,2,2,0,0
DFW,ONT,2,2,0,0
DFW,OKC,2,2,0,0
AUS,LHR,4,4,0,0
COU,DFW,2,2,0,1
BHM,DCA,2,2,0,0
FNT,ORD,2,2,0,2
CJU,ICN,2,2,0,0
ICN,CGQ,2,2,0,0
PGD,TYS,1,1,0,0
UUS,KHV,2,2,0,0
LED,KBP,4,4,0,0
AMS,HRE,3,3,0,2
MAD,ORY,3,3,0,1
FCO,NCE,3,3,0,1
SAN,ATL,8,8,0,6
LRH,SOU,2,2,0,1
CGN,NBE,1,1,0,0
LEJ,ACE,2,2,0,0
ACE,MUC,2,2,0,0
GOI,BLR,6,6,0,2
CJB,MAA,4,4,0,2
ATL,SJD,4,4,0,3
CTS,FKS,2,2,0,1
KOJ,NGO,2,2,0,0
HND,SHB,1,1,0,0
CEB,POM,1,1,0,0
YDF,YYR,2,2,0,1
MSY,IAH,4,4,0,3
SVX,NUX,2,2,0,0
YUT,YZS,1,1,0,0
SWJ,VLI,1,1,0,0
KSH,MHD,2,2,0,0
AHO,TRN,1,1,0,0
LIN,AMS,3,3,0,1
FCO,LOS,1,1,0,0
FCO,PSA,1,1,0,0
FCO,LED,3,3,0,0
KWI,FCO,2,2,0,1
SZX,BKK,2,2,0,1
SZX,GYS,2,2,0,0
SHA,PEK,7,7,0,1
YNT,HRB,5,5,0,1
HRB,TNA,7,7,0,2
ZHA,CTU,2,2,0,1
ALA,PEK,2,2,0,0
DIE,RUN,1,1,0,0
FSC,NTE,2,2,0,0
LAE,POM,2,2,0,0
PHX,SJC,4,4,0,1
LAX,PWM,1,1,0,1
LHR,JTR,1,1,0,0
NAS,RSD,2,2,0,0
CRI,NAS,1,1,0,0
BRU,TLV,2,2,0,0
RGN,NNG,1,1,0,0
CGK,PVG,2,2,0,0
PVG,LYI,1,1,0,0
CSX,TNA,4,4,0,1
WUH,DLC,4,4,0,0
XMN,SIN,4,4,0,1
CKG,YIH,3,3,0,1
FRA,MBJ,1,1,0,0
DTW,HPN,1,1,0,1
DTW,BHM,1,1,0,1
MSP,FNT,1,1,0,1
AUH,MAN,1,1,0,0
HAM,EDI,1,1,0,0
BFS,AMS,1,1,0,0
JER,NCL,1,1,0,0
DBV,STN,1,1,0,0
BUD,BSL,1,1,0,0
GLA,BEB,1,1,0,1
ALC,AMS,3,3,0,1
PMO,FLR,3,3,0,0
PUJ,STL,1,1,0,0
TYN,SZX,4,4,0,0
LEJ,BCN,2,2,0,1
BIO,VGO,1,1,0,1
MAD,MAH,1,1,0,1
CLO,BOG,6,6,0,4
BMY,GEA,1,1,0,0
FUK,PVG,3,3,0,1
TRD,AMS,2,2,0,2
KCH,MYY,3,3,0,1
NBO,KGL,4,4,0,2
AEP,BHI,2,2,0,1
PIU,LIM,2,2,0,1
TIA,MUC,1,1,0,1
XRY,LUX,1,1,0,0
BKI,PPS,1,1,0,0
BKI,LBU,1,1,0,0
MZV,KCH,2,2,0,1
TRD,AYT,1,1,0,0
PNZ,BSB,1,1,0,0
YPW,YVR,1,1,0,0
MAD,SAW,1,1,0,0
AYT,ADB,2,2,0,0
TVF,GFK,1,1,0,0
CNS,HTI,1,1,0,1
MQL,MEL,3,3,0,2
GFF,SYD,1,1,0,0
CRL,BCN,1,1,0,0
BRE,FUE,2,2,0,0
EDI,GSE,1,1,0,0
STN,TLL,1,1,0,0
DUB,RYG,1,1,0,0
GDN,EDI,1,1,0,0
IBZ,EMA,3,3,0,0
CHQ,HHN,1,1,0,0
TPS,FMM,1,1,0,0
MLA,EIN,1,1,0,0
VVO,OVB,2,2,0,0
SJZ,TER,1,1,0,0
BOI,OAK,1,1,0,0
CKG,ZHA,1,1,0,0
CTU,LUM,1,1,0,0
AYT,BHX,3,3,0,0
EZS,IST,2,2,0,0
MSR,IST,1,1,0,0
EIN,GRQ,1,1,0,0
CDG,RAI,1,1,0,0
OTP,BEG,2,2,0,0
SAP,IAH,1,1,0,0
SAL,IAH,3,3,0,0
CLE,EWR,1,1,0,0
LFT,IAH,1,1,0,1
IAH,MOB,1,1,0,1
ORF,IAD,1,1,0,1
IAD,SFO,2,2,0,0
RNO,SFO,1,1,0,1
DCA,BHM,2,2,0,1
MIA,SAN,2,2,0,0
SWF,PHL,2,2,0,1
VDS,VAW,1,1,0,0
CRL,LJU,1,1,0,0
ORY,HER,1,1,0,0
YZV,YPN,1,1,0,0
PNH,PVG,1,1,0,0
CGB,VCP,1,1,0,0
UDI,VCP,1,1,0,0
DXB,YNB,1,1,0,0
LZO,KWE,1,1,0,0
BUX,IRP,1,1,0,0
TAM,MEX,2,2,0,1
ISU,ARN,2,2,0,1
YYY,YVB,1,1,0,0
YYC,DFW,4,4,0,1
HKG,EWR,3,3,0,1
LAX,XNA,2,2,0,2
SEA,MCI,2,2,0,1
LGA,CLT,3,3,0,0
SAN,PHL,2,2,0,0
LAS,DFW,3,3,0,0
MAD,VVI,2,2,0,0
ATH,KVA,2,2,0,1
CDG,CCS,1,1,0,0
ATL,BOS,8,8,0,5
ATL,GRR,3,3,0,2
ATL,RSW,8,8,0,5
KGS,TXL,1,1,0,0
BOM,BLR,6,6,0,1
LAX,ZLO,2,2,0,1
UKB,HND,2,2,0,0
KIX,PVG,7,7,0,0
LAS,YUL,2,2,0,0
VIE,IKA,2,2,0,1
SBZ,VIE,2,2,0,2
GCI,EMA,1,1,0,0
BOG,CZU,2,2,0,1
TAH,FTA,1,1,0,0
SON,NUS,1,1,0,0
IPA,DLY,1,1,0,0
SGN,KUL,3,3,0,0
KUL,VTE,1,1,0,0
GOA,FCO,1,1,0,0
BLQ,AMS,3,3,0,2
RUH,MXP,2,2,0,1
VLN,MAR,2,2,0,0
JNB,FRW,1,1,0,0
PEK,FUG,2,2,0,1
TSN,CGO,4,4,0,1
SZX,HYN,2,2,0,0
KMG,CKG,9,9,0,0
PVG,CAN,6,6,0,1
SJW,CKG,4,4,0,1
DMD,ISA,1,1,0,0
ORN,HME,1,1,0,0
ORK,BCN,1,1,0,0
AGF,ORY,1,1,0,0
SXB,MPL,2,2,0,0
HOU,RDU,2,2,0,1
BWI,PHX,4,4,0,1
BWI,AUS,2,2,0,1
ANU,SKB,3,3,0,1
FCO,LRM,2,2,0,0
KUF,MSQ,1,1,0,0
TPE,NKG,3,3,0,2
MLE,CMB,10,10,0,3
XMN,PVG,4,4,0,0
PVG,XNN,1,1,0,0
DYG,NKG,2,2,0,0
YNZ,XIY,1,1,0,0
NAO,KMG,1,1,0,0
FUK,SHE,1,1,0,0
SYX,SZX,4,4,0,1
BSB,SLZ,2,2,0,0
SJO,SAP,2,2,0,0
YUL,HOG,3,3,0,0
PRG,TXL,2,2,0,0
DTW,ELM,1,1,0,1
LGA,IAH,2,2,0,1
LXR,CDG,1,1,0,0
SIN,DXB,5,5,0,3
FRA,LYS,3,3,0,2
ADD,JUB,2,2,0,1
CKY,BKO,2,2,0,1
KEF,MAN,2,2,0,0
SXF,LTN,1,1,0,0
BRS,KEF,1,1,0,0
FUE,BSL,2,2,0,0
BSL,MAD,1,1,0,0
RHO,LGW,3,3,0,0
GLA,MAN,1,1,0,0
AAL,BCN,2,2,0,1
ALC,IBZ,2,2,0,1
FLR,ORY,2,2,0,1
UPG,JOG,2,2,0,0
BRE,ACE,1,1,0,0
CFU,STR,2,2,0,0
XFN,SZX,3,3,0,1
WEF,DLC,1,1,0,0
DME,BCN,3,3,0,1
KQT,DMB,1,1,0,0
NCL,MAH,1,1,0,0
BOS,PIT,3,3,0,2
EWR,MCO,2,2,0,0
FLL,EWR,2,2,0,0
AMS,SIN,2,2,0,0
AMS,KIX,1,1,0,0
HGH,CJJ,2,2,0,1
BSL,HAM,3,3,0,2
EWR,MAD,2,2,0,1
DMM,CMB,3,3,0,2
SDK,TWU,1,1,0,1
OSL,FAO,1,1,0,0
TRF,LPA,1,1,0,0
UET,LHE,3,3,0,0
VAN,ADA,1,1,0,0
NLA,SLI,1,1,0,0
EMD,BNE,2,2,0,1
LTN,AHO,1,1,0,0
STN,TRS,1,1,0,0
GRO,BDS,1,1,0,0
BGY,CTA,1,1,0,0
CPH,HAU,2,2,0,1
OSL,GZP,1,1,0,0
ASB,DME,2,2,0,0
MNL,SIN,5,5,0,0
ORD,SJU,4,4,0,0
RYG,SXF,1,1,0,0
MCO,FLL,3,3,0,1
SIN,SUB,7,7,0,0
GZO,CHY,1,1,0,0
OIA,CKS,1,1,0,0
HAV,UIO,1,1,0,0
ORY,TUN,2,2,0,0
IGD,ESB,1,1,0,1
RAI,SID,1,1,0,0
PHX,IAD,1,1,0,0
IAH,BRO,1,1,0,1
DEN,COS,1,1,0,1
BTR,IAH,1,1,0,1
GSO,IAD,1,1,0,1
FJR,AZI,1,1,0,0
YYC,SAN,2,2,0,0
ANX,BOO,1,1,0,0
OTP,PSA,1,1,0,0
CDG,POP,1,1,0,0
JJN,NKG,3,3,0,1
ASM,SAH,1,1,0,0
LIL,OUD,1,1,0,0
VTE,ICN,2,2,0,0
GYN,VCP,1,1,0,0
DXB,PZU,1,1,0,0
KLG,BET,1,1,0,1
MHG,TXL,1,1,0,0
CCS,MRD,2,2,0,0
YPH,YUD,1,1,0,0
BSA,GLK,2,2,0,0
MYD,WIL,2,2,0,0
AUH,CMB,5,5,0,3
SXM,JFK,4,4,0,0
MIA,CLT,2,2,0,0
DFW,CAE,2,2,0,1
CLT,BHM,2,2,0,0
AKL,NRT,3,3,0,1
BEN,CMN,2,2,0,0
MYR,YNG,1,1,0,0
OKC,SFB,1,1,0,0
MAD,LGW,2,2,0,0
HER,SKG,2,2,0,0
RHO,HER,2,2,0,0
VVO,PUS,1,1,0,0
DAR,AMS,3,3,0,2
ORY,PTP,3,3,0,0
BAH,AUH,8,8,0,4
PEK,CDG,4,4,0,1
NCE,DUS,2,2,0,0
AGP,BHX,2,2,0,0
LHR,MLA,1,1,0,0
STM,ORX,1,1,0,0
SAP,MEX,1,1,0,1
MEX,REX,3,3,0,0
YUL,YTZ,2,2,0,1
YUL,ZRH,2,2,0,0
YYZ,CDG,6,6,0,3
YYZ,BGI,2,2,0,0
MUC,YVR,2,2,0,1
ZRH,RIX,1,1,0,0
OTZ,ANC,1,1,0,0
ANC,FAI,2,2,0,0
AHB,ADE,1,1,0,0
ADE,GXF,1,1,0,0
VTE,KUL,1,1,0,0
KUL,AOR,2,2,0,0
PEN,MYY,1,1,0,0
FCO,SOF,3,3,0,0
FCO,AOI,1,1,0,0
OTP,BAY,2,2,0,1
PPT,RVV,1,1,0,0
PEK,DAT,2,2,0,1
CAN,HYN,3,3,0,1
XMN,CTU,6,6,0,2
NKG,CAN,6,6,0,0
CTU,WUH,7,7,0,0
YBP,SZX,2,2,0,0
ONG,DMD,1,1,0,0
ALG,INZ,1,1,0,0
HAM,DUB,1,1,0,0
KRR,NUX,1,1,0,0
PNP,GUR,1,1,0,0
BWI,FLL,3,3,0,0
YUL,BCN,1,1,0,0
ZYL,DAC,4,4,0,0
YYU,YQT,1,1,0,0
SJU,STX,3,3,0,0
LJG,TCZ,1,1,0,0
KWL,WUH,1,1,0,0
VIX,SSA,2,2,0,0
FRA,NBO,1,1,0,0
HRG,FRA,1,1,0,0
PYH,CCS,1,1,0,0
ORY,ABJ,1,1,0,0
CVG,LAS,1,1,0,0
ATL,BON,1,1,0,0
GRR,DTW,1,1,0,0
LGA,SYR,1,1,0,0
MCO,DTW,2,2,0,0
HBE,IST,2,2,0,1
DME,CAI,1,1,0,0
DXB,DUR,2,2,0,1
CTU,BHY,1,1,0,0
BFS,BRS,1,1,0,0
PMI,NCL,4,4,0,0
KOK,HEL,2,2,0,1
PUS,KUL,1,1,0,0
MEL,KUL,4,4,0,1
IBZ,ALC,2,2,0,1
FUE,BRE,2,2,0,0
DUS,LEJ,1,1,0,0
STR,BIO,1,1,0,0
CAN,NGB,3,3,0,0
HAJ,CFU,1,1,0,0
SXR,IXJ,4,4,0,0
AWZ,DXB,1,1,0,0
UUD,IKT,1,1,0,0
NRT,DME,2,2,0,1
NGO,HEL,2,2,0,1
EMA,BJV,1,1,0,0
TLS,MAN,1,1,0,0
BOS,RSW,1,1,0,0
HOU,JFK,1,1,0,0
APL,POL,2,2,0,0
NBO,NLA,2,2,0,1
ICN,KMG,2,2,0,0
IGU,LIM,2,2,0,1
TIP,QUB,1,1,0,0
NDY,SOY,1,1,0,0
SUB,AMQ,2,2,0,0
DAC,CMB,2,2,0,1
HKG,RMQ,3,3,0,0
NMA,DME,2,2,0,0
BGO,ORY,1,1,0,0
ARN,NCE,2,2,0,0
ODS,IST,3,3,0,0
PEW,DOH,2,2,0,0
DRW,MNL,1,1,0,0
OOL,ISA,2,2,0,1
MQL,ADL,1,1,0,0
CRL,TSF,1,1,0,0
LEJ,STN,1,1,0,0
NCL,GRO,1,1,0,0
STN,RDZ,1,1,0,0
STN,BDS,1,1,0,0
DUB,MJV,1,1,0,0
POZ,RYG,1,1,0,0
GRO,STN,1,1,0,0
AGP,FKB,1,1,0,0
CFU,LBA,1,1,0,0
TSF,CHQ,1,1,0,0
FAO,BRE,1,1,0,0
FKB,BRI,1,1,0,0
TLL,CPH,2,2,0,1
BSL,MUC,3,3,0,2
EWR,OSL,2,2,0,0
HYD,IXM,1,1,0,0
PIT,BNA,1,1,0,0
NNG,XMN,6,6,0,3
HRB,WNZ,1,1,0,0
VVC,PCR,1,1,0,0
CPO,LSC,1,1,0,0
CUE,UIO,2,2,0,0
KBV,SIN,2,2,0,0
AAL,IST,1,1,0,0
MAD,IST,1,1,0,0
ESB,AYT,1,1,0,1
IST,HBE,2,2,0,1
VKO,KSN,1,1,0,0
LAD,LUO,1,1,0,0
LAD,HRE,1,1,0,0
SFO,YYC,3,3,0,2
TAS,ATQ,1,1,0,0
TIJ,CUU,1,1,0,0
CGN,GDN,1,1,0,0
HAU,GDN,1,1,0,0
BUD,VKO,1,1,0,0
CGQ,SJW,1,1,0,0
KTG,PKN,1,1,0,0
KRR,DYU,2,2,0,0
JNU,PEC,1,1,0,0
FVM,MLE,1,1,0,0
TFF,IRZ,1,1,0,0
IEV,DWC,1,1,0,0
DLC,FUG,1,1,0,0
SSA,VDC,3,3,0,0
YBX,YAY,1,1,0,0
LHR,YYC,6,6,0,4
SOF,LHR,3,3,0,1
PMC,PUQ,3,3,0,1
FDF,MIA,2,2,0,0
SLC,LAX,7,7,0,4
ORD,PBI,2,2,0,0
VIE,HER,4,4,0,1
ATH,MAD,2,2,0,1
ATH,JMK,2,2,0,1
PRG,SVO,2,2,0,0
LED,PEE,1,1,0,0
CDG,PVG,3,3,0,0
LIL,NCE,2,2,0,0
DUS,SMI,1,1,0,0
GWT,STR,1,1,0,0
IBZ,TXL,2,2,0,0
CMB,MAA,4,4,0,1
SFO,ICN,7,7,0,2
MEX,ZCL,2,2,0,1
SEA,ATL,6,6,0,4
BKK,BOM,5,5,0,0
ATZ,SHJ,1,1,0,0
WAW,YYZ,2,2,0,0
BJM,NBO,6,6,0,4
SCL,YYZ,1,1,0,0
USH,AEP,2,2,0,1
VVI,TJA,2,2,0,0
VIE,IAD,2,2,0,2
YQD,YWG,2,2,0,0
LIM,MEX,3,3,0,1
SON,MWF,1,1,0,0
CCJ,COK,2,2,0,0
JHB,SBW,1,1,0,0
CWL,AMS,2,2,0,2
FCO,LIN,2,2,0,0
OMR,OTP,2,2,0,1
TGD,FCO,2,2,0,0
NNG,XIY,5,5,0,1
HFE,SWA,1,1,0,0
MEL,PVG,4,4,0,1
SZX,SHA,7,7,0,1
XMN,YTY,2,2,0,1
HGH,LJG,5,5,0,2
KWE,PEK,4,4,0,1
CNS,IRG,1,1,0,0
ORN,CDG,2,2,0,0
FRA,VRN,2,2,0,1
AGP,BHD,1,1,0,0
HKG,NAN,2,2,0,1
JNB,MRU,3,3,0,1
SFB,MIA,1,1,0,0
MBJ,MCO,2,2,0,0
DAL,AMA,2,2,0,1
LGW,RAK,5,5,0,0
EDI,LGW,2,2,0,0
TIA,BGY,1,1,0,0
KMG,KTM,1,1,0,0
TAO,DQA,2,2,0,0
WNZ,PVG,3,3,0,1
YNZ,HKG,1,1,0,0
DAX,PVG,1,1,0,0
YIW,SHE,1,1,0,0
SDQ,GRU,2,2,0,1
SAV,LGA,1,1,0,1
TPE,SUB,1,1,0,0
LAD,DXB,2,2,0,0
DXB,DEL,5,5,0,0
NRT,DXB,2,2,0,1
BRU,WRO,1,1,0,0
SPU,LGW,3,3,0,0
NCE,LPL,1,1,0,0
LBF,DEN,1,1,0,0
HAV,LIM,2,2,0,2
CSX,CKG,6,6,0,0
SZX,URC,1,1,0,0
DMM,TRV,1,1,0,0
MAN,FAO,4,4,0,0
JFK,LGB,1,1,0,0
HKT,SYD,1,1,0,0
SYD,BNE,5,5,0,2
KIX,PUS,5,5,0,2
SFA,MRA,2,2,0,0
TNJ,CGK,3,3,0,0
KAZ,MDC,1,1,0,1
XRY,AGP,1,1,0,0
SHE,TPE,4,4,0,2
DUS,TGD,1,1,0,0
CPH,LIS,3,3,0,1
HPH,SGN,3,3,0,0
BJV,SAW,2,2,0,0
NNG,TSA,1,1,0,0
DOH,ATQ,1,1,0,0
CRL,BOD,1,1,0,0
HHN,SKG,1,1,0,0
LGW,ORK,1,1,0,0
RBA,CRL,1,1,0,0
NRN,AGP,1,1,0,0
UGC,DME,2,2,0,0
NRT,CGK,3,3,0,0
CKG,MFM,2,2,0,0
MAD,KBP,2,2,0,1
EDI,AGP,2,2,0,0
AUS,EWR,2,2,0,0
GRR,TPA,1,1,0,0
CBB,TDD,1,1,0,0
CGH,VIX,2,2,0,0
LIS,PRG,1,1,0,0
ORY,DJE,3,3,0,0
KAN,NDJ,1,1,0,0
IST,NSI,1,1,0,0
GAF,TOE,1,1,0,0
REL,BHI,1,1,0,0
MIA,LAS,2,2,0,0
DBQ,ORD,2,2,0,2
KBP,EVN,1,1,0,0
YZV,ZGS,1,1,0,0
LAS,YYJ,1,1,0,0
AGP,BUD,1,1,0,0
MCI,SLN,1,1,0,0
GKK,MLE,1,1,0,0
IEV,CGN,1,1,0,0
ANI,RSH,1,1,0,1
WWT,BET,2,2,0,1
AJA,SXB,1,1,0,0
MCO,MCN,1,1,0,0
YGL,YUL,1,1,0,0
BNE,PER,4,4,0,2
SYD,HNL,5,5,0,2
DCA,BUF,2,2,0,2
ACT,DFW,2,2,0,1
COU,ORD,2,2,0,2
HNL,NGO,3,3,0,0
ONT,PDX,2,2,0,2
JFK,BNA,3,3,0,2
BTR,CLT,2,2,0,0
LAS,RNO,3,3,0,1
SFB,PSM,1,1,0,0
MSO,LAS,1,1,0,0
MAD,SSA,1,1,0,0
PMI,ZAZ,1,1,0,0
PHL,ATH,3,3,0,1
ATH,LHR,4,4,0,2
ATH,JIK,2,2,0,0
JED,KWI,5,5,0,0
ZAG,SVO,1,1,0,0
BCN,LED,3,3,0,1
KHV,OVB,3,3,0,0
BNX,SJJ,1,1,0,0
LCY,NTE,2,2,0,1
NTE,DUS,2,2,0,1
FLR,LCY,3,3,0,1
TLV,NCE,2,2,0,0
RIC,ATL,7,7,0,5
CPH,PMI,3,3,0,0
TLV,DUS,1,1,0,0
HYD,MCT,2,2,0,0
KWI,AMD,1,1,0,0
DEL,IXD,1,1,0,0
ICN,SFO,7,7,0,2
NAP,LTN,1,1,0,0
TLV,AMS,4,4,0,0
ITB,STM,2,2,0,0
TIJ,BJX,2,2,0,0
HND,TSA,4,4,0,0
POM,CNS,2,2,0,1
SHJ,BEY,1,1,0,0
YMM,YEG,3,3,0,1
AMS,RIX,2,2,0,1
AEP,CWB,1,1,0,1
PRG,VIE,1,1,0,1
SZG,CGN,2,2,0,1
KIH,SYZ,4,4,0,0
ABZ,CDG,3,3,0,2
CDG,PUF,2,2,0,1
VVI,ASU,2,2,0,0
ZYI,HAK,1,1,0,0
TSA,TSN,3,3,0,0
TPE,CKG,2,2,0,0
WNZ,KMG,3,3,0,1
BHX,DUB,2,2,0,0
OOK,TNK,2,2,0,1
NTE,FSC,2,2,0,0
BUF,MDW,2,2,0,1
BWI,ALB,2,2,0,1
DME,MJZ,1,1,0,0
SXF,KEF,2,2,0,1
DME,FCO,2,2,0,0
MNL,CYZ,1,1,0,0
CEB,TAC,1,1,0,0
KHN,KHH,2,2,0,0
WUH,PVG,5,5,0,1
HFE,TXN,1,1,0,0
NKG,URC,1,1,0,0
FRA,CUN,1,1,0,0
LGG,AJA,2,2,0,1
SCU,HAV,1,1,0,0
HAV,PMV,1,1,0,0
JIB,DXB,4,4,0,0
JFK,RIC,1,1,0,0
JFK,IAD,3,3,0,1
RDM,SLC,1,1,0,1
DXB,BLR,1,1,0,0
CTU,JNG,1,1,0,0
SXF,PSA,1,1,0,0
HAM,NCE,2,2,0,0
NTE,NCE,2,2,0,0
GVA,SXF,1,1,0,0
GVA,ALC,1,1,0,0
YHY,YZF,1,1,0,0
BEB,GLA,1,1,0,1
BCN,HAJ,3,3,0,1
NUX,UFA,2,2,0,0
CGN,CTA,1,1,0,0
HNL,JFK,1,1,0,0
ALC,DME,4,4,0,1
BCN,RGS,1,1,0,1
IST,AMS,2,2,0,0
SCL,PUQ,1,1,0,0
JOG,BPN,4,4,0,0
DUS,NRT,2,2,0,1
SSG,ABV,1,1,0,0
DJE,LUX,1,1,0,0
HNL,JHM,1,1,0,0
CDG,TGD,1,1,0,0
DMK,NST,2,2,0,0
CPH,AAL,2,2,0,0
TRF,AGP,2,2,0,0
ALC,BGO,2,2,0,0
GRU,JDO,1,1,0,0
ALA,SAW,1,1,0,0
SHJ,DOH,2,2,0,0
DOH,MHD,1,1,0,0
IST,KGL,2,2,0,0
LPL,KRK,2,2,0,0
LTN,RZE,1,1,0,0
EMA,FUE,2,2,0,0
NYO,STN,1,1,0,0
RJK,NYO,1,1,0,0
SCQ,BGY,1,1,0,0
NCE,SNN,1,1,0,0
BLQ,TFS,1,1,0,0
TSF,DUB,1,1,0,0
DUR,JNB,4,4,0,1
CMB,SEZ,2,2,0,1
OAK,SNA,2,2,0,1
ABQ,SEA,1,1,0,0
LTX,GYE,1,1,0,0
PET,POA,3,3,0,1
PDL,LIS,2,2,0,0
NBE,MAN,4,4,0,0
SIN,LJG,1,1,0,0
IST,STR,1,1,0,0
IST,SVX,1,1,0,0
BGW,ESB,1,1,0,0
TPE,REP,1,1,0,0
HER,GRQ,1,1,0,0
TLV,VKO,1,1,0,0
YEG,EWR,2,2,0,1
SFO,KOA,1,1,0,0
IAH,PTY,2,2,0,1
ROC,EWR,1,1,0,1
DEN,GJT,1,1,0,0
LBD,KZN,2,2,0,0
MCI,CLT,2,2,0,0
YQG,YYC,1,1,0,0
BEG,MLH,1,1,0,0
HOD,JED,1,1,0,0
KCZ,NKM,1,1,0,0
CGB,JPR,2,2,0,0
RIX,HER,1,1,0,0
VCE,OLB,1,1,0,0
YBG,YQB,1,1,0,0
YVP,YKL,1,1,0,0
XBE,YXL,1,1,0,0
CDG,FAO,1,1,0,0
YUL,LHR,6,6,0,4
IST,LHR,3,3,0,1
SJU,MIA,2,2,0,0
BLR,LHR,2,2,0,1
PER,MEL,5,5,0,2
MIA,ELH,2,2,0,1
MIA,MDE,5,5,0,2
BNA,JFK,3,3,0,3
PHL,ALB,2,2,0,1
BHM,CLT,2,2,0,0
ORD,MSN,3,3,0,3
HVN,PHL,2,2,0,1
FAY,CLT,2,2,0,0
KMJ,ICN,2,2,0,1
LAS,RFD,1,1,0,0
CID,LAS,1,1,0,0
ATH,IEV,1,1,0,0
HRB,KHV,2,2,0,0
LYS,GOT,2,2,0,1
CDG,BLL,2,2,0,1
ATL,STL,8,8,0,5
MPA,ERS,1,1,0,0
NAS,ZSA,2,2,0,0
GYD,TLV,1,1,0,0
CUR,DUS,1,1,0,0
LTN,PMI,3,3,0,0
CTA,CDG,3,3,0,1
MAA,CJB,4,4,0,2
CTA,BRU,2,2,0,1
NRT,MFM,2,2,0,1
MFM,NRT,2,2,0,1
ATL,SEA,6,6,0,4
YSJ,YHZ,1,1,0,0
YVO,YUY,2,2,0,1
YXE,YYZ,2,2,0,0
FRA,LCA,3,3,0,1
MUC,YUL,2,2,0,1
PDX,PSC,1,1,0,1
BLI,SEA,1,1,0,1
ADE,AHB,1,1,0,0
YRT,YTH,1,1,0,0
ADZ,BOG,3,3,0,2
FNA,ROB,7,7,0,2
WUH,KWE,5,5,0,1
CGD,XIY,1,1,0,0
PEK,MXP,1,1,0,0
XIY,NNG,5,5,0,1
TNA,HGH,4,4,0,2
VCE,MUC,2,2,0,1
CPH,FAE,1,1,0,0
OSS,FRU,3,3,0,0
AYT,IST,3,3,0,0
IKT,DYU,2,2,0,0
RDU,BWI,3,3,0,1
CAK,BOS,2,2,0,1
LGW,SZG,2,2,0,1
CGP,AUH,1,1,0,0
BOS,RUT,1,1,0,0
MNL,PAG,1,1,0,0
KOW,SHA,1,1,0,0
JNZ,PVG,2,2,0,1
NGB,HRB,2,2,0,0
LAX,CAN,2,2,0,1
HET,URC,1,1,0,0
CGD,SZX,1,1,0,0
NNY,SHA,1,1,0,0
ACX,CAN,1,1,0,0
SVX,FRU,4,4,0,0
HRG,DUS,4,4,0,0
EZE,PTY,1,1,0,0
SPU,PRG,2,2,0,0
ACC,JFK,1,1,0,0
ATL,GNV,4,4,0,3
HNL,FUK,2,2,0,0
MSP,BMI,1,1,0,1
MBS,ATL,2,2,0,1
SSH,HBE,2,2,0,0
DXB,DKR,1,1,0,0
LBV,PNR,3,3,0,1
SYD,AUH,3,3,0,1
LGW,RHO,3,3,0,0
NCL,BCN,1,1,0,0
FAO,BFS,2,2,0,0
OVD,CDG,2,2,0,1
RSW,TTN,1,1,0,0
HAD,BMA,2,2,0,1
DEN,DDC,1,1,0,0
DLC,NGB,4,4,0,0
PUQ,PMC,3,3,0,1
AZD,THR,2,2,0,0
SYZ,LRR,1,1,0,0
NZH,OVB,1,1,0,0
PUJ,BOS,1,1,0,0
FLL,BDL,2,2,0,0
JNB,AMS,1,1,0,0
CGO,RMQ,1,1,0,0
XAP,CWB,1,1,0,0
EBB,ASM,1,1,0,0
SNO,DMK,1,1,0,0
JED,AUH,3,3,0,1
IST,GNY,2,2,0,0
PNR,DLA,1,1,0,0
PEW,KBL,1,1,0,0
SAW,BEG,2,2,0,0
MNL,YVR,1,1,0,0
YNT,DLC,1,1,0,0
DBO,SYD,2,2,0,1
CMN,LBV,1,1,0,0
TMP,BUD,1,1,0,0
MST,TPS,1,1,0,0
PFO,KUN,1,1,0,0
GRO,DTM,1,1,0,0
REU,PMI,1,1,0,0
FNI,LPL,1,1,0,0
FAO,MST,1,1,0,0
APL,JNB,2,2,0,1
BOJ,DME,1,1,0,0
NYM,DME,2,2,0,0
JNB,BLZ,2,2,0,0
CMB,DME,1,1,0,0
BNA,EWR,2,2,0,1
LNZ,AYT,1,1,0,0
ADB,HAJ,1,1,0,0
TYN,DSN,2,2,0,1
HAK,NGB,2,2,0,0
HKG,NGB,4,4,0,1
TPE,WUX,4,4,0,2
PPK,TSE,1,1,0,0
BEY,TUN,2,2,0,1
FRA,SAW,2,2,0,0
MZG,KHH,1,1,0,0
TSE,DME,1,1,0,0
VPE,LAD,1,1,0,0
LCA,OTP,3,3,0,0
YYZ,MSY,2,2,0,2
SFO,ABQ,1,1,0,1
BHM,DEN,1,1,0,1
ORD,SAT,3,3,0,3
MCO,RSW,2,2,0,1
MLI,DEN,1,1,0,1
OTH,SFO,1,1,0,1
DXB,KRR,2,2,0,0
FRA,SIN,3,3,0,0
ORD,GRR,3,3,0,2
TAS,FRU,2,2,0,0
HFT,HAA,1,1,0,0
ADB,MAN,1,1,0,0
TET,JNB,2,2,0,1
BDJ,PKN,1,1,0,0
FIH,MJM,1,1,0,0
BRM,CUR,1,1,0,0
CUR,CCS,2,2,0,0
ATL,LWB,1,1,0,0
YVR,PHX,2,2,0,0
PHX,ONT,4,4,0,1
LAX,DCA,4,4,0,1
DCA,AGS,2,2,0,2
PNS,DFW,2,2,0,0
DFW,BOG,3,3,0,1
GMP,KIX,5,5,0,1
PIE,LEX,1,1,0,0
DSM,PIE,1,1,0,0
RFD,LAS,1,1,0,0
SFB,LCK,1,1,0,0
ATH,VIE,2,2,0,1
LOS,CDG,1,1,0,0
CDG,LIN,3,3,0,1
ATL,PDX,5,5,0,3
DEN,ATL,11,11,0,7
XNA,ATL,5,5,0,3
TXL,LPA,1,1,0,0
TXL,TFS,1,1,0,0
HRG,CGN,1,1,0,0
BOM,GWL,1,1,0,0
UDR,BOM,3,3,0,2
CCU,DEL,6,6,0,2
PPT,NRT,2,2,0,1
SHJ,ALA,1,1,0,0
NAP,FRA,2,2,0,1
ANC,UNK,3,3,0,1
BOG,VUP,2,2,0,1
MXP,CAI,2,2,0,0
PEK,REP,1,1,0,0
NGO,PEK,3,3,0,1
JNN,LLU,1,1,0,0
LCA,KRR,1,1,0,0
MCI,BWI,2,2,0,1
MKE,MSP,3,3,0,1
DEN,IND,4,4,0,2
HEL,LHR,4,4,0,2
LGW,CUN,5,5,0,1
LHR,BAH,4,4,0,2
GIB,LHR,2,2,0,1
OTZ,ABL,2,2,0,1
KBP,MSQ,2,2,0,0
EWB,MVY,1,1,0,0
HKG,PVG,7,7,0,0
KHH,CKG,1,1,0,0
TAK,TPE,1,1,0,0
KMG,JHG,10,10,0,1
KMG,KHN,4,4,0,0
HGH,HKT,1,1,0,0
KWE,KHN,3,3,0,1
PVG,CGO,3,3,0,0
CAN,MLE,1,1,0,0
WUH,FOC,3,3,0,0
BSB,SSA,3,3,0,0
SGC,FRU,2,2,0,0
MAO,PMV,1,1,0,0
ASU,PTY,1,1,0,0
CLO,PTY,1,1,0,0
BEY,LCA,2,2,0,0
BOS,MYR,2,2,0,1
CVG,LGA,1,1,0,0
RIC,CVG,1,1,0,0
DTW,IAD,2,2,0,1
JFK,NRT,5,5,0,1
WAW,SPU,1,1,0,0
SXF,LGW,1,1,0,0
SVQ,LGW,2,2,0,0
NRK,HEL,2,2,0,1
BTJ,PEN,2,2,0,1
DTM,BCN,2,2,0,0
IBZ,BCN,3,3,0,1
DCA,DEN,2,2,0,0
UPG,AMQ,3,3,0,0
CGK,MEL,1,1,0,0
BMA,RNB,2,2,0,1
TVS,CAN,1,1,0,0
HER,HAJ,3,3,0,0
CFU,BRU,1,1,0,0
IBZ,BIO,2,2,0,1
AGP,SCQ,3,3,0,1
KOJ,HND,3,3,0,0
MSJ,ITM,1,1,0,1
NBO,FBM,2,2,0,1
SNN,EWR,2,2,0,1
KUL,MRU,2,2,0,1
OSL,CHQ,2,2,0,0
JFK,LHE,1,1,0,0
ATH,SAW,1,1,0,0
CSX,ZHA,1,1,0,0
JMU,HRB,1,1,0,0
LDH,SYD,1,1,0,1
DOH,CRK,1,1,0,0
KGL,MBA,1,1,0,0
DUB,EMA,1,1,0,0
RYG,POZ,1,1,0,0
GRO,KRK,1,1,0,0
AGP,HHN,1,1,0,0
SVQ,BVA,1,1,0,0
CCF,LPL,1,1,0,0
BVA,ALC,1,1,0,0
PMO,MAD,1,1,0,0
TSF,BRI,1,1,0,0
FMM,GRO,1,1,0,0
WVB,JNB,1,1,0,1
HAM,ADB,2,2,0,0
DFW,LAS,3,3,0,0
IST,GOA,1,1,0,0
LED,IST,2,2,0,0
RAI,TMS,1,1,0,0
PVR,ORD,4,4,0,1
TCB,FLL,2,2,0,1
CLE,MCO,1,1,0,0
IAH,FRA,2,2,0,0
IND,CLE,1,1,0,1
TUS,SFO,1,1,0,1
CWB,POA,5,5,0,0
PER,AKL,3,3,0,2
VPS,DCA,2,2,0,1
GYD,KBP,3,3,0,0
SKN,TOS,1,1,0,0
HNS,SGY,2,2,0,0
DME,VOZ,2,2,0,0
SCL,MVD,2,2,0,0
YBL,YVR,2,2,0,0
YHP,YNO,1,1,0,0
YYZ,ORD,6,6,0,2
LHR,HAJ,3,3,0,2
BOS,BUF,3,3,0,2
PHX,FLL,4,4,0,1
RDU,MIA,2,2,0,0
BNA,PHL,3,3,0,0
ORD,EWR,3,3,0,1
YNG,PGD,1,1,0,0
PGD,LEX,1,1,0,0
FRA,SKG,3,3,0,2
ATH,BCN,4,4,0,2
BUD,SVO,1,1,0,0
IST,ROV,2,2,0,0
SGC,SVO,1,1,0,0
SOU,BES,2,2,0,1
CDG,TLS,8,8,0,6
PNS,ATL,5,5,0,4
ATL,MAN,4,4,0,3
ATL,ABQ,5,5,0,4
KOZ,ORI,1,1,0,0
DUS,PMI,5,5,0,0
CCJ,DXB,3,3,0,0
BHU,BOM,2,2,0,2
NGS,FUJ,2,2,0,1
AXT,ITM,2,2,0,2
HND,TTJ,1,1,0,0
HAS,SHJ,1,1,0,0
YUL,DEN,2,2,0,1
YWG,YOW,2,2,0,1
KVC,CDB,1,1,0,0
REL,AEP,1,1,0,0
IAD,VIE,2,2,0,2
JGD,HLD,1,1,0,0
TSN,ICN,4,4,0,0
TSN,NTG,2,2,0,0
TYN,DLC,4,4,0,1
CTU,YNT,3,3,0,1
CTU,HET,3,3,0,1
JGS,PEK,2,2,0,1
NTN,ONG,1,1,0,0
ORY,QSF,2,2,0,0
SVU,TVU,1,1,0,1
GOH,JHS,1,1,0,0
ALA,LED,2,2,0,0
GYE,UIO,5,5,0,2
CFE,NCE,1,1,0,0
SXB,LYS,1,1,0,0
BNA,HOU,2,2,0,1
CMH,RNO,1,1,0,1
YGT,YUX,2,2,0,0
HYA,BOS,1,1,0,0
FUK,HKG,3,3,0,0
DOH,GVA,2,2,0,0
MNL,ZAM,3,3,0,0
SZX,JGS,1,1,0,0
FOC,NNG,4,4,0,1
SHE,CKG,1,1,0,0
ASU,GRU,3,3,0,0
TGU,SJO,3,3,0,1
DTW,STL,2,2,0,0
HKG,BWN,2,2,0,1
PBH,DAC,1,1,0,0
ACC,CAI,1,1,0,0
CAI,DOH,2,2,0,0
DAR,HRE,1,1,0,0
LLW,DAR,1,1,0,0
ADD,ABV,1,1,0,0
BEG,ARN,3,3,0,0
LUX,MXP,3,3,0,1
JTR,MAN,1,1,0,0
GLA,TRE,1,1,0,1
AMS,BHX,2,2,0,0
OPO,BCN,5,5,0,2
DBV,TXL,2,2,0,0
TRD,KEF,1,1,0,0
IKA,ESB,2,2,0,0
YIH,KMG,1,1,0,0
KIX,CJU,2,2,0,1
CCU,VNS,2,2,0,2
GLA,FCO,1,1,0,0
LPI,AMS,1,1,0,1
KIH,AUH,1,1,0,0
CJU,KUV,2,2,0,0
BTH,DPS,1,1,0,0
FRA,VNO,2,2,0,1
NUE,MUC,1,1,0,1
LJU,MUC,2,2,0,1
MCO,FRA,2,2,0,1
LYC,AJR,2,2,0,1
FOR,GIG,3,3,0,0
RYK,AUH,1,1,0,0
ISB,CJL,1,1,0,0
TZX,SAW,2,2,0,1
SAW,ESB,2,2,0,0
NBO,JRO,2,2,0,0
IST,DOH,2,2,0,0
CMN,FEZ,1,1,0,0
CRL,GRO,1,1,0,0
BRE,TSF,1,1,0,0
BHX,KTW,1,1,0,0
STN,RZE,1,1,0,0
TFS,HHN,1,1,0,0
PUY,HHN,1,1,0,0
TSF,EMA,1,1,0,0
LIS,ARN,2,2,0,1
JNB,HDS,1,1,0,1
ARN,ORD,1,1,0,0
SJU,PUJ,2,2,0,0
SIN,RUH,2,2,0,0
JRO,ADD,2,2,0,1
MAA,RUH,1,1,0,0
CLT,MDW,2,2,0,1
CTU,TSA,1,1,0,0
FLL,STT,1,1,0,0
LET,TCD,1,1,0,0
YGJ,NRT,1,1,0,0
MRV,SCO,1,1,0,0
JED,IST,3,3,0,0
PMO,CTA,1,1,0,0
VKO,DLM,1,1,0,0
LAX,VKO,1,1,0,0
DME,UFA,4,4,0,0
EWR,SDQ,1,1,0,0
IAH,MGA,1,1,0,0
ORD,NAS,1,1,0,1
COD,DEN,1,1,0,1
KZN,LBD,2,2,0,0
VTE,VII,1,1,0,0
VER,CUN,2,2,0,0
SYD,ABX,3,3,0,2
CUN,GDL,2,2,0,0
CUN,TRC,1,1,0,0
GAN,KDM,1,1,0,0
HVD,ULN,1,1,0,0
SJP,VCP,1,1,0,0
IZA,CNF,1,1,0,0
SDQ,KIN,1,1,0,0
BOD,FSC,1,1,0,0
PMO,SXB,1,1,0,0
PMI,NTE,1,1,0,0
KTN,KPB,1,1,0,0
DZA,NOS,1,1,0,0
LUK,MMU,1,1,0,1
ELP,DFW,2,2,0,0
SEA,ORD,4,4,0,0
LIT,LGA,2,2,0,1
DFW,ABI,2,2,0,1
RSU,GMP,2,2,0,0
ICN,SYD,4,4,0,2
BIO,LPA,3,3,0,1
TAS,AER,2,2,0,0
MAN,NTE,2,2,0,1
GOT,CDG,2,2,0,1
MRU,RUN,4,4,0,1
CDG,HEL,3,3,0,2
ORY,MAD,3,3,0,1
MXP,MRS,4,4,0,1
TRN,CDG,2,2,0,1
ATL,OMA,4,4,0,3
CPH,DUS,4,4,0,2
BSL,CTA,3,3,0,1
BOM,IXE,5,5,0,1
GWL,BOM,1,1,0,0
COK,BLR,5,5,0,2
TIA,PSA,3,3,0,1
IXZ,MAA,5,5,0,1
MEX,CLQ,2,2,0,0
OKA,ISG,4,4,0,0
YUL,PUJ,3,3,0,0
SNU,YHZ,1,1,0,0
SYR,YYZ,1,1,0,1
LAS,YYZ,4,4,0,1
TBU,AKL,2,2,0,1
KZN,CEK,1,1,0,0
SCC,ANC,1,1,0,0
WRG,KTN,1,1,0,0
BKI,JHB,1,1,0,0
PEN,BKI,1,1,0,0
KWE,KWL,2,2,0,0
TYN,NKG,3,3,0,1
NNG,SZX,5,5,0,1
SZX,SYX,4,4,0,1
LHW,CTU,4,4,0,1
CTU,KMG,9,9,0,1
CTU,YCU,2,2,0,1
KIX,HGH,2,2,0,1
TGR,ALG,1,1,0,0
DUB,MRS,1,1,0,0
GZT,IST,3,3,0,0
DCM,AJA,1,1,0,0
NCE,CFR,1,1,0,0
TPA,HOU,2,2,0,1
DEN,MCI,4,4,0,1
SNA,MEX,2,2,0,0
GSP,MDW,2,2,0,1
BRU,FIH,1,1,0,0
POS,SLU,2,2,0,0
SGN,HKG,4,4,0,0
DVO,ZAM,1,1,0,0
SSG,BSG,1,1,0,0
KMQ,PVG,2,2,0,1
MEL,SIN,7,7,0,2
TYN,CAN,3,3,0,0
PVG,WUH,5,5,0,1
CAN,REP,2,2,0,0
CGO,ZUH,2,2,0,0
LEJ,PMI,2,2,0,0
RJK,SPU,1,1,0,0
LCA,MUC,2,2,0,0
LED,PRG,2,2,0,0
LOS,ATL,1,1,0,0
DMM,KWI,6,6,0,3
OMA,MCO,1,1,0,1
MEM,MSP,1,1,0,0
LAX,FCO,2,2,0,1
GRB,MSP,1,1,0,1
ATL,ABY,4,4,0,4
IAD,ICN,2,2,0,1
PDX,DTW,2,2,0,1
CAI,BGW,1,1,0,0
SGN,DXB,1,1,0,0
LGW,INN,1,1,0,0
MAD,CDG,3,3,0,0
LIS,SXF,2,2,0,0
LIS,LGW,3,3,0,1
BMA,HEL,2,2,0,2
ALC,BCN,2,2,0,1
MRS,PMI,3,3,0,0
PMI,BRU,4,4,0,0
DEN,STL,3,3,0,1
DPS,JOG,3,3,0,0
DME,BUS,2,2,0,0
LHR,NCL,3,3,0,2
VGO,BCN,2,2,0,1
JNB,NLA,2,2,0,0
IZO,HND,1,1,0,0
HND,AOJ,1,1,0,0
NJF,KWI,2,2,0,0
CHS,BOS,2,2,0,1
CAN,VTE,1,1,0,0
LAQ,TIP,1,1,0,0
AJA,LUX,1,1,0,0
SZG,HRG,1,1,0,0
PMI,HEL,1,1,0,0
FEZ,CMN,1,1,0,0
BWN,JED,1,1,0,0
EIN,STN,1,1,0,0
BVA,MAN,1,1,0,0
SXB,OPO,1,1,0,0
SKG,PFO,1,1,0,0
CPH,GZP,1,1,0,0
SIN,CPH,2,2,0,1
DAC,SIN,4,4,0,0
SAW,TLV,2,2,0,0
AHB,MED,1,1,0,0
MDW,SAT,2,2,0,1
DME,ZRH,1,1,0,0
ASF,SCO,1,1,0,0
UIO,TUA,1,1,0,0
REC,FOR,3,3,0,0
TUN,ZRH,1,1,0,0
IST,WAW,2,2,0,0
PVG,TSA,3,3,0,0
DLM,DME,1,1,0,0
IAH,YYZ,2,2,0,2
SVX,DWC,2,2,0,0
LFT,DFW,2,2,0,1
TMJ,DME,1,1,0,0
YNP,YDP,2,2,0,0
SOF,HHN,1,1,0,0
BUD,BCN,2,2,0,0
VKO,BUD,1,1,0,0
LWO,BGY,1,1,0,0
SDU,POA,1,1,0,0
WUZ,KWE,1,1,0,0
KND,BKY,1,1,0,0
YUL,YZV,2,2,0,1
PVR,PHX,2,2,0,0
SCL,DFW,3,3,0,1
SJC,DFW,2,2,0,0
BDL,PHL,2,2,0,0
CLT,HPN,2,2,0,1
CLT,SBY,2,2,0,1
FLO,CLT,2,2,0,1
HTS,CLT,2,2,0,1
PIA,AZA,1,1,0,0
PVU,LAX,1,1,0,0
HBE,ATH,2,2,0,0
ZRH,BNX,1,1,0,0
LYS,MLA,2,2,0,0
DJE,NUE,1,1,0,0
MAD,DUS,3,3,0,1
VIE,NUE,1,1,0,0
BHX,HER,1,1,0,0
CDG,NRT,3,3,0,0
ICN,NGO,6,6,0,3
GUR,POM,2,2,0,0
YCG,YYC,1,1,0,1
ABJ,OUA,7,7,0,3
MUC,RIX,2,2,0,1
POA,AEP,1,1,0,0
PDX,GEG,1,1,0,1
SAL,SAP,1,1,0,0
MHD,SRY,2,2,0,0
IBZ,MAD,5,5,0,2
JNB,HRE,3,3,0,1
TSN,CGQ,2,2,0,0
XIY,LZO,1,1,0,0
XIY,FUG,1,1,0,0
XMN,JUZ,2,2,0,1
TAO,CGQ,5,5,0,1
BHD,PMI,1,1,0,0
HKG,ALA,1,1,0,0
LAI,ORY,1,1,0,0
SAN,BWI,2,2,0,1
RSW,BWI,2,2,0,0
BWI,FNT,2,2,0,1
YUL,PVR,1,1,0,1
LHR,LOS,3,3,0,1
MLA,LGW,4,4,0,0
YGT,YFB,2,2,0,0
OVB,BTK,1,1,0,0
FCO,HKG,1,1,0,0
CCU,HKG,2,2,0,0
SIN,CMB,5,5,0,2
KMG,DAC,1,1,0,0
XMN,NAY,2,2,0,1
XIC,KMG,1,1,0,0
CIF,NKG,1,1,0,0
URC,NKG,1,1,0,0
DLC,TNA,6,6,0,1
BKK,NBO,3,3,0,1
ZUH,MXZ,1,1,0,0
GRU,CWB,4,4,0,1
DJE,FRA,2,2,0,0
FUE,STR,2,2,0,0
MUC,FRA,3,3,0,1
PRG,BTS,2,2,0,0
CLJ,PRG,2,2,0,0
SLC,HNL,1,1,0,0
MSP,DIK,1,1,0,1
SVG,NCL,3,3,0,1
CAI,AHB,3,3,0,0
NIM,ADD,1,1,0,0
KGL,ADD,2,2,0,1
CGK,HKG,4,4,0,1
CDG,BRI,1,1,0,0
CTA,GVA,2,2,0,0
PMI,EDI,4,4,0,0
DEN,MKE,4,4,0,2
ATY,PIR,2,2,0,1
CGK,BTJ,2,2,0,0
SIN,LOP,3,3,0,2
AWZ,KWI,2,2,0,0
SYZ,BND,2,2,0,0
LJG,CGO,1,1,0,0
ADD,KWI,2,2,0,0
IQT,TPP,2,2,0,1
EBB,JUB,1,1,0,0
ARN,LAX,1,1,0,1
SAW,LWO,1,1,0,0
SYX,NGB,2,2,0,0
MEL,MQL,3,3,0,2
CMN,BJL,1,1,0,0
CMN,CKY,1,1,0,0
BRE,FAO,1,1,0,0
RAK,PSA,1,1,0,0
BDS,TRN,1,1,0,0
TPS,PEG,1,1,0,0
BLQ,STN,1,1,0,0
TSF,BVA,1,1,0,0
CPT,WVB,1,1,0,1
BGO,ARN,2,2,0,0
VGA,HYD,2,2,0,0
TER,SJZ,1,1,0,0
KWL,NNG,2,2,0,1
HBE,MRA,1,1,0,0
MCO,ROC,1,1,0,0
RAK,ZRH,1,1,0,1
CTU,SWA,3,3,0,1
TME,RVE,1,1,0,0
IST,KAN,1,1,0,0
IST,AMM,2,2,0,0
IST,DOK,3,3,0,0
DME,VRA,1,1,0,0
IAH,PBI,1,1,0,0
ORF,ORD,1,1,0,1
IAD,CHS,1,1,0,1
IAD,COS,1,1,0,1
ALB,ORD,1,1,0,0
ACV,SMF,1,1,0,1
YKF,ORD,2,2,0,2
DCA,CRW,2,2,0,2
MIA,GCM,3,3,0,0
CMI,ORD,2,2,0,1
WNZ,DAD,1,1,0,0
YUL,YVR,2,2,0,0
ALF,SOJ,1,1,0,0
KRR,KJA,1,1,0,0
DRV,MLE,1,1,0,0
VCP,PPB,1,1,0,0
LDB,CGB,1,1,0,0
TUU,DXB,1,1,0,0
SCW,UCT,1,1,0,0
HIA,CKG,1,1,0,0
OME,SVA,2,2,0,1
KIX,SDJ,1,1,0,0
CEE,DME,1,1,0,0
LHR,WAW,5,5,0,3
PHX,SJD,2,2,0,0
MIA,DUS,2,2,0,1
DTW,DCA,3,3,0,2
DFW,AUS,3,3,0,1
DSM,DCA,2,2,0,2
ORD,EVV,2,2,0,2
MSY,CLT,2,2,0,1
OKC,ORD,3,3,0,2
MYR,ABE,1,1,0,0
COS,LAS,1,1,0,0
LJU,WAW,2,2,0,0
ATH,CAI,2,2,0,0
ROV,SIP,1,1,0,0
OVB,SVO,1,1,0,0
FSC,NCE,3,3,0,2
LYS,ORY,1,1,0,0
TXL,DUS,3,3,0,0
LPA,HAM,3,3,0,0
HER,DUS,6,6,0,0
CCU,IMF,2,2,0,0
COK,TRV,3,3,0,0
MAA,IXZ,5,5,0,1
SSH,BHX,4,4,0,0
MEX,MCO,3,3,0,0
NRT,TAO,3,3,0,2
NRT,POM,1,1,0,0
NBO,SHJ,1,1,0,0
YTS,YYZ,1,1,0,1
YUL,YYT,1,1,0,0
YYF,YVR,1,1,0,1
TUO,AKL,1,1,0,1
KZN,DME,4,4,0,0
SCL,AEP,2,2,0,0
GOJ,EVN,2,2,0,0
MCO,SEA,2,2,0,1
SAL,IAD,2,2,0,0
MTV,TOH,1,1,0,0
BOM,DOH,3,3,0,0
ATH,VCE,2,2,0,1
SHE,TSN,1,1,0,0
UAH,AUQ,1,1,0,0
PEK,JDZ,2,2,0,1
CGQ,INC,2,2,0,1
BUC,ONG,1,1,0,0
AAE,ORN,1,1,0,0
AUR,ORY,1,1,0,0
OMA,STL,2,2,0,1
ATL,MKE,6,6,0,4
BDL,BWI,2,2,0,1
HND,LHR,4,4,0,0
LPA,RAI,1,1,0,1
ROR,TPE,2,2,0,0
XIY,LJG,5,5,0,0
SHA,URC,6,6,0,0
DIG,CTU,1,1,0,0
GRU,IGU,2,2,0,0
LPA,LEJ,1,1,0,0
ANU,FRA,1,1,0,0
DTW,TPA,2,2,0,0
DTW,SYR,1,1,0,0
ATL,STT,2,2,0,1
MSP,FSD,1,1,0,0
MSP,SDF,1,1,0,0
ABZ,NCL,1,1,0,0
LYS,DXB,1,1,0,0
IKA,DXB,4,4,0,0
OSL,TLL,3,3,0,1
KUL,AUH,3,3,0,0
DME,AUH,2,2,0,1
JER,EDI,1,1,0,0
BCN,MUC,3,3,0,1
FDH,CGN,1,1,0,0
PNQ,MAA,3,3,0,0
LPA,BRU,1,1,0,0
DBV,LIL,1,1,0,0
KOA,OGG,2,2,0,0
PMI,GRX,3,3,0,1
FRA,KEF,1,1,0,0
IKA,ISU,1,1,0,0
TJU,SVX,2,2,0,0
ISG,OKA,4,4,0,0
PVG,TGO,1,1,0,0
YYT,YHZ,4,4,0,1
SXM,CUR,2,2,0,0
SGN,ICN,3,3,0,0
SCL,MIA,3,3,0,0
DUS,HAM,2,2,0,0
RMQ,KNH,1,1,0,0
HGH,KHH,2,2,0,1
DUB,CPH,3,3,0,0
MCT,BEY,1,1,0,0
MCT,KUL,2,2,0,0
MCT,IKA,1,1,0,0
JAI,MCT,1,1,0,0
TUK,GWD,1,1,0,0
ADB,STN,1,1,0,0
BNE,CTL,1,1,0,1
MEL,PER,5,5,0,2
AMM,GVA,1,1,0,0
STN,MRS,1,1,0,0
EIN,TSF,1,1,0,0
POZ,LPL,1,1,0,0
VLC,BVA,1,1,0,0
TUF,RAK,1,1,0,0
AHO,LTN,1,1,0,0
TSF,MLA,1,1,0,0
TRS,BVA,1,1,0,0
FAO,PIK,1,1,0,0
GRJ,DUR,1,1,0,1
BGO,ALC,2,2,0,0
OSL,BGO,2,2,0,0
GOJ,DME,2,2,0,0
COK,PNQ,1,1,0,0
SMS,TNR,1,1,0,0
HOU,DCA,1,1,0,0
NRT,ZRH,2,2,0,1
ADB,AYT,2,2,0,0
TSE,DMB,1,1,0,0
TMS,LIS,1,1,0,0
KIV,IST,2,2,0,0
AMS,BJV,1,1,0,0
DME,DNK,2,2,0,1
OPO,LAD,1,1,0,0
BUF,CLE,1,1,0,0
ORD,OMA,3,3,0,1
BZN,ORD,1,1,0,1
CUN,TIJ,1,1,0,0
YHZ,YHM,1,1,0,0
HVG,MEH,1,1,0,0
PFO,STN,2,2,0,0
MPL,CMN,1,1,0,0
GLO,IOM,1,1,0,0
CGB,MGF,1,1,0,0
VCP,BPS,1,1,0,0
OOK,MYU,1,1,0,1
BRN,IBZ,1,1,0,0
PLJ,BZE,1,1,0,0
NTE,NAP,1,1,0,0
VCE,BOD,1,1,0,0
ABV,ACC,1,1,0,0
MGQ,GLK,1,1,0,0
MCG,TCT,1,1,0,0
YPX,YPH,1,1,0,0
KAE,JNU,1,1,0,0
CZL,ORY,2,2,0,0
CUN,ORD,3,3,0,0
PTY,MIA,5,5,0,1
OAK,LIH,2,2,0,1
PIT,PHL,2,2,0,0
DFW,MZT,2,2,0,2
DFW,TYS,2,2,0,1
TYS,CLT,2,2,0,1
TLH,DFW,2,2,0,1
PIE,TOL,1,1,0,0
TOL,PGD,1,1,0,0
ATH,PRG,1,1,0,0
ROV,SVO,1,1,0,0
AMS,NTE,2,2,0,1
TLS,MLA,1,1,0,0
ATL,FRA,5,5,0,3
FUT,WLS,1,1,0,0
WDH,FRA,1,1,0,0
LPA,ZRH,3,3,0,1
MAD,TXL,2,2,0,0
VRA,DUS,1,1,0,0
IXL,SXR,1,1,0,0
PMI,EMA,5,5,0,0
TOY,CTS,2,2,0,1
YVR,YYD,2,2,0,1
YYZ,GGT,1,1,0,0
TSV,DRW,2,2,0,1
WLG,IVC,1,1,0,1
ATL,BHM,6,6,0,5
OUA,COO,1,1,0,0
KUL,BPN,1,1,0,0
BPN,KUL,1,1,0,0
ATL,FLL,8,8,0,4
NRT,XMN,3,3,0,2
PEK,MDG,4,4,0,1
PVG,WNZ,3,3,0,1
SHE,TYN,4,4,0,1
JDZ,CAN,2,2,0,1
JJN,HSN,4,4,0,2
YIW,PEK,3,3,0,1
ALG,CMN,2,2,0,0
SVO,ALG,1,1,0,0
DUB,NCL,2,2,0,1
FCO,DUB,1,1,0,0
CGY,MNL,3,3,0,0
JAV,SFJ,1,1,0,0
ADB,ECN,2,2,0,0
LYS,CFR,1,1,0,0
LIL,BOD,2,2,0,0
MDW,ABQ,2,2,0,1
CHS,MDW,2,2,0,1
EWR,ORY,3,3,0,3
JFK,HEL,4,4,0,3
SHG,OBU,2,2,0,1
YYH,YCB,1,1,0,0
CEB,ZAM,1,1,0,0
CGB,OPS,2,2,0,0
WUH,LHW,3,3,0,1
NGQ,KHG,1,1,0,0
PEK,ICN,4,4,0,0
KWL,TPE,2,2,0,0
PAD,ACE,1,1,0,0
AGA,FRA,1,1,0,0
XRY,MUC,2,2,0,0
UVF,BGI,1,1,0,1
BOG,CCS,4,4,0,1
PTY,MAR,1,1,0,0
DTW,CWA,1,1,0,1
IAD,AMS,4,4,0,2
CAI,CMN,2,2,0,0
ZRH,CAI,2,2,0,1
PEK,TLV,2,2,0,1
DAC,DXB,3,3,0,0
JHG,CTU,2,2,0,0
LGW,PMI,6,6,0,0
GVA,BIA,1,1,0,0
SIN,SZB,2,2,0,1
LAU,MYD,3,3,0,0
HGH,KUL,1,1,0,0
BCN,NUE,2,2,0,1
DJJ,CGK,2,2,0,0
DPS,SRG,2,2,0,1
HAM,TLS,2,2,0,0
DUS,LYS,1,1,0,0
BMA,KLR,2,2,0,2
SRY,BND,1,1,0,0
MAN,REU,3,3,0,0
LCA,MAN,5,5,0,0
MUC,TRN,1,1,0,1
TGD,VIE,2,2,0,1
LED,ASF,1,1,0,0
DMK,UBP,2,2,0,0
CGN,OSL,1,1,0,0
ISB,JED,4,4,0,0
YVR,YPW,1,1,0,0
TIA,SAW,1,1,0,0
SAW,EBU,1,1,0,0
CNS,HID,1,1,0,1
BUD,DOH,1,1,0,0
BWN,DWC,1,1,0,0
DMM,AMM,1,1,0,0
CRL,TPS,1,1,0,0
HHN,RIX,1,1,0,0
DUB,BGY,1,1,0,0
BLL,MLA,1,1,0,0
FEZ,BVA,1,1,0,0
VLC,CIA,1,1,0,0
SUF,TSF,1,1,0,0
FCO,OSL,2,2,0,0
LCY,JER,1,1,0,0
EWR,BOS,2,2,0,0
TGD,ZRH,1,1,0,0
JED,LAX,1,1,0,0
EAM,JED,1,1,0,0
FLL,PIT,1,1,0,0
PNS,HOU,1,1,0,0
ABQ,LAS,2,2,0,1
BKG,HOU,1,1,0,0
IRA,RNA,1,1,0,0
GRU,RAO,3,3,0,0
TRZ,SIN,2,2,0,0
ESB,ADF,1,1,0,1
OVB,VKO,1,1,0,0
FRA,ASB,1,1,0,0
OSL,EWR,2,2,0,0
DCA,SFO,2,2,0,0
RAP,DFW,2,2,0,2
DXB,TAS,1,1,0,0
BGO,KSU,1,1,0,0
GDN,FCO,1,1,0,0
FCO,VNO,1,1,0,0
BKK,FOC,2,2,0,0
ADE,AUH,1,1,0,0
EXT,FAO,2,2,0,0
LPA,LTN,2,2,0,0
SXB,RAK,1,1,0,0
NAY,LYG,2,2,0,1
DXB,MUX,2,2,0,0
GOJ,SVX,1,1,0,0
ATZ,CAI,2,2,0,0
KOT,WBB,1,1,0,1
SJD,TLC,1,1,0,0
RTB,LCE,1,1,0,0
CAB,LAD,2,2,0,0
YDQ,YYE,1,1,0,0
LHR,MRS,2,2,0,1
SLC,DFW,3,3,0,0
LGA,MIA,3,3,0,0
CID,DFW,2,2,0,2
ROA,PIE,1,1,0,0
DTW,ATL,8,8,0,6
GYD,SCO,2,2,0,0
IBZ,PMI,2,2,0,1
NBE,LGW,4,4,0,0
CDG,MEX,3,3,0,1
TPQ,MEX,2,2,0,0
GDL,TIJ,3,3,0,0
MEX,VER,3,3,0,0
NRT,GUM,4,4,0,1
UNG,POM,2,2,0,0
YMM,YYC,2,2,0,1
YUY,YVO,2,2,0,1
PER,GET,3,3,0,1
VDM,REL,1,1,0,1
OAK,KOA,2,2,0,1
OAK,SEA,3,3,0,1
SEA,BOS,3,3,0,1
ABJ,BOY,1,1,0,0
ARH,NNM,2,2,0,0
VLI,SWJ,1,1,0,0
MCT,IXE,1,1,0,0
HEL,AMS,3,3,0,1
CDG,BOD,2,2,0,1
FCO,LAX,2,2,0,1
KWL,CGO,6,6,0,1
HKG,HGH,7,7,0,2
JZH,CKG,3,3,0,1
TLV,MRV,1,1,0,0
DEN,TUS,3,3,0,2
SIN,HKT,6,6,0,2
NAP,BRU,2,2,0,0
BOS,ACK,1,1,0,0
KMG,DSN,1,1,0,0
CNX,PVG,3,3,0,0
SJW,HET,2,2,0,0
MFM,JJN,2,2,0,0
LHW,CSX,4,4,0,0
DLC,KHN,1,1,0,0
CZX,SHE,3,3,0,1
BVB,MAO,3,3,0,0
HAM,LPA,3,3,0,0
MAN,CUN,4,4,0,1
ACE,PAD,1,1,0,0
SDQ,SCU,1,1,0,0
DTW,PBI,1,1,0,0
MSP,HLN,1,1,0,1
LHR,LXR,1,1,0,0
TLV,VCE,1,1,0,0
ADD,MPM,1,1,0,0
LYS,FRA,2,2,0,1
KRK,GDN,1,1,0,0
SXF,VCE,1,1,0,0
LGW,KGS,2,2,0,0
BIO,MAN,1,1,0,0
GOT,HEL,1,1,0,0
GZP,HEL,1,1,0,0
ADL,KUL,2,2,0,0
EXT,DUB,1,1,0,0
BCN,BGO,3,3,0,1
BCN,TNG,4,4,0,1
UCT,VKO,1,1,0,0
HAM,VCE,2,2,0,0
CSX,XUZ,1,1,0,0
JAX,JFK,2,2,0,1
BWI,BOS,3,3,0,1
PWM,JFK,1,1,0,0
KRS,AMS,2,2,0,2
IQT,LIM,2,2,0,1
WAW,VIE,2,2,0,1
NBX,KNG,1,1,0,1
PRN,FRA,2,2,0,1
EWR,STR,2,2,0,1
LUX,HER,1,1,0,0
BKI,PVG,2,2,0,0
GOT,BMA,2,2,0,1
LGW,TRF,1,1,0,0
CPH,LHE,1,1,0,0
ESB,ECN,2,2,0,0
SAW,GZP,1,1,0,0
YTZ,MYR,1,1,0,0
ADL,PLO,2,2,0,1
HHN,STN,1,1,0,0
STN,SKG,1,1,0,0
RYG,SKG,1,1,0,0
LPA,LPL,1,1,0,0
ACE,NOC,1,1,0,0
IBZ,BHX,1,1,0,0
CIA,HHN,1,1,0,0
OPO,BOD,1,1,0,0
GRJ,CPT,1,1,0,1
KEF,OSL,3,3,0,0
REP,DAD,4,4,0,2
JER,GVA,1,1,0,0
DXB,PVG,1,1,0,0
EDI,BRS,1,1,0,0
JED,TBZ,1,1,0,0
DEN,EWR,2,2,0,0
ADB,LYS,1,1,0,0
NTG,SHE,2,2,0,1
ORD,IAH,4,4,0,1
IMP,BSS,1,1,0,0
IST,YNB,1,1,0,0
AUH,IST,2,2,0,0
FCO,RTM,1,1,0,0
VKO,GUW,1,1,0,0
CBT,VPE,1,1,0,0
VSA,IAH,1,1,0,1
MAJ,KWA,1,1,0,0
NRT,SFO,2,2,0,0
ICT,DEN,1,1,0,0
EWR,LIM,1,1,0,0
EWR,BQN,1,1,0,0
DEN,SAF,1,1,0,1
BDL,IAD,1,1,0,0
DCA,LGA,3,3,0,1
PHL,SEA,3,3,0,0
PHL,DFW,3,3,0,0
LBB,DFW,2,2,0,0
ADL,DPS,2,2,0,0
HFT,HVG,1,1,0,0
SKP,BGY,1,1,0,0
EBL,BEY,2,2,0,0
NTE,MLA,1,1,0,0
CSX,RMQ,1,1,0,0
PMI,NDR,1,1,0,0
JIC,JGN,2,2,0,1
KJA,NSK,1,1,0,0
MEA,VCP,1,1,0,0
KGX,ANV,1,1,0,1
CNX,ICN,3,3,0,0
LCA,BEG,2,2,0,0
BEG,SKP,1,1,0,0
YVR,LHR,6,6,0,4
TSV,BNE,4,4,0,2
PHX,OAK,4,4,0,1
IAH,LAX,5,5,0,2
MIA,MEX,7,7,0,2
PVD,DCA,2,2,0,2
DFW,EVV,2,2,0,2
PDX,DFW,4,4,0,0
PHL,ZRH,2,2,0,0
ICN,CKG,2,2,0,0
AZA,SBN,1,1,0,0
FYU,FAI,3,3,0,1
LJU,AMS,1,1,0,0
FRA,DTW,5,5,0,3
MLA,ORY,3,3,0,0
KUL,AMS,3,3,0,1
LED,KVD,1,1,0,0
HAM,DUS,2,2,0,0
BUD,TXL,1,1,0,0
FRA,BLR,2,2,0,1
DEL,ZRH,2,2,0,1
LGW,TFS,8,8,0,1
MFM,KHH,3,3,0,1
SHJ,HMB,1,1,0,0
SKG,DOK,1,1,0,0
UUA,LED,1,1,0,0
SZG,VIE,3,3,0,1
AYT,VIE,4,4,0,1
SXM,SBH,3,3,0,0
AOI,FCO,1,1,0,1
GBE,FRW,1,1,0,0
RGI,TIH,1,1,0,0
PPT,TKX,1,1,0,0
FOC,JDZ,2,2,0,0
MUC,FLR,2,2,0,0
EGS,RKV,1,1,0,0
OMS,TSE,1,1,0,0
BKK,MAA,2,2,0,0
HGU,GKA,1,1,0,0
DAL,SLC,1,1,0,1
RHO,JKH,1,1,0,0
HKG,SGN,4,4,0,0
KIN,GCM,1,1,0,0
UBA,UDI,1,1,0,0
HIJ,PVG,2,2,0,1
TYN,HGH,5,5,0,1
SHA,LJG,1,1,0,0
SJW,NKG,2,2,0,0
MIG,PVG,2,2,0,1
WXN,PVG,2,2,0,1
NKG,KWE,4,4,0,1
BHY,CKG,2,2,0,0
XFN,CAN,1,1,0,0
PPB,CGH,1,1,0,0
SJU,FRA,1,1,0,0
ATL,BDA,1,1,0,0
JAX,BOS,2,2,0,1
CAI,LOS,1,1,0,0
JED,HBE,7,7,0,0
WAW,TLV,3,3,0,0
HKT,DXB,1,1,0,0
ADD,PEK,2,2,0,0
JUB,ADD,2,2,0,1
DAR,ADD,1,1,0,0
LUZ,GDN,1,1,0,0
GLA,CDG,1,1,0,0
MPL,LGW,1,1,0,0
HEL,JYV,2,2,0,0
BHD,EXT,1,1,0,0
NCE,SOU,2,2,0,1
BRU,IBZ,3,3,0,0
CGN,FDH,1,1,0,0
CGN,HER,2,2,0,0
BIA,TXL,1,1,0,0
BOM,AMD,6,6,0,1
SGN,FUK,2,2,0,1
NCL,LPA,1,1,0,0
SJU,SXM,3,3,0,0
SWF,MCO,1,1,0,0
AKL,SCL,2,2,0,1
ZAL,SCL,1,1,0,0
JOG,PKU,2,2,0,0
KIV,MUC,1,1,0,1
LUX,FRA,1,1,0,0
TFS,MXP,1,1,0,0
EBB,DAR,2,2,0,0
OSL,CGN,1,1,0,0
AGP,TRF,2,2,0,0
MED,MCT,1,1,0,0
MCT,BLR,1,1,0,0
KGI,ADL,1,1,0,1
BKK,DOH,1,1,0,0
GLN,TTA,1,1,0,0
LPL,WRO,1,1,0,0
LPL,LPA,1,1,0,0
SNN,LPL,1,1,0,0
SFT,GRO,1,1,0,0
GRO,TMP,1,1,0,0
VLC,NRN,1,1,0,0
BIQ,DUB,1,1,0,0
MRS,NDR,1,1,0,0
PHW,JNB,1,1,0,1
PTG,JNB,1,1,0,1
ZRH,JNB,2,2,0,1
HAN,SIN,4,4,0,0
SZX,SIN,5,5,0,1
UPG,TIM,1,1,0,0
SVG,ALC,2,2,0,0
PUY,STN,1,1,0,0
DMM,AHB,1,1,0,0
JED,WAE,1,1,0,0
FLL,IND,1,1,0,0
BWI,LIT,1,1,0,0
ZUH,WNZ,2,2,0,1
CGO,HRB,7,7,0,1
NTG,CKG,2,2,0,0
CGR,CGH,2,2,0,0
DLM,LGW,5,5,0,0
IST,IFN,1,1,0,0
IST,NJF,1,1,0,0
MEL,BKK,3,3,0,1
VOL,AMS,1,1,0,0
VKO,SEZ,1,1,0,0
GRU,LAD,1,1,0,0
EWR,PUJ,1,1,0,0
PIT,IAD,1,1,0,1
IAD,OMA,1,1,0,1
RIC,CLT,2,2,0,0
CLT,CVG,3,3,0,1
NVI,TAS,1,1,0,0
LXA,LHW,1,1,0,0
PER,XCH,1,1,0,0
TRD,BNN,1,1,0,0
PRG,TSF,1,1,0,0
RIX,TRF,1,1,0,0
LYS,OUD,1,1,0,0
AMQ,SXK,1,1,0,0
LAP,CUL,1,1,0,0
VCP,MCZ,1,1,0,0
OVB,SGC,1,1,0,0
LCE,SAP,1,1,0,0
SQS,SPR,1,1,0,0
BRU,LHR,3,3,0,1
LHR,MAA,2,2,0,1
PSA,LHR,2,2,0,1
KWI,LHR,3,3,0,1
BOG,MIA,5,5,0,2
VVI,MIA,2,2,0,0
AUA,MIA,5,5,0,0
LAX,YYZ,5,5,0,2
ORF,DCA,2,2,0,0
ROC,BOS,2,2,0,2
TUS,LAX,6,6,0,4
DFW,PIA,2,2,0,2
PHL,VCE,2,2,0,0
PHL,PDX,2,2,0,0
JFK,FCO,7,7,0,3
ORD,ABQ,3,3,0,3
CLT,DAY,2,2,0,0
AGP,CDG,3,3,0,1
SVO,HER,1,1,0,0
SOU,ORY,2,2,0,1
LUN,LLW,5,5,0,2
NBE,TXL,1,1,0,0
VCE,PMO,3,3,0,1
BKK,MFM,2,2,0,0
CVM,MEX,2,2,0,0
PXM,MEX,3,3,0,0
ATL,CLE,5,5,0,4
ATL,DCA,7,7,0,4
YYZ,GND,2,2,0,0
LHR,YYT,2,2,0,1
PRG,RIX,2,2,0,0
DOK,SKG,1,1,0,0
HNL,AKL,4,4,0,2
EZE,MDZ,1,1,0,1
LAX,ZIH,2,2,0,1
BOI,SJC,1,1,0,1
PDX,MSO,1,1,0,1
TAI,JIB,1,1,0,0
GXF,SAH,2,2,0,0
RTB,SAL,1,1,0,0
AMS,CPT,2,2,0,1
SUF,LIN,1,1,0,0
MEX,JFK,4,4,0,1
ATH,FCO,4,4,0,1
BUQ,HRE,1,1,0,0
PEK,TPE,4,4,0,0
PEK,XIL,2,2,0,1
SZX,JJN,4,4,0,1
CKG,TPE,2,2,0,0
DWC,MNL,2,2,0,0
DIE,TNR,1,1,0,0
DAL,MSY,2,2,0,1
STL,DAL,2,2,0,1
LGA,CAK,2,2,0,0
SOF,AGP,1,1,0,0
MNL,XMN,3,3,0,0
PVG,CTS,2,2,0,1
PVG,TSN,3,3,0,0
CSX,CZX,1,1,0,0
FOC,TAO,3,3,0,1
MXZ,ZUH,1,1,0,0
AJU,SSA,4,4,0,0
ANR,LCY,2,2,0,1
PTY,VLN,1,1,0,0
EWR,PTY,2,2,0,1
DUS,PRG,3,3,0,0
PRG,RHO,2,2,0,0
SAV,JFK,2,2,0,0
SAT,MTY,3,3,0,2
KBP,IST,4,4,0,0
SVO,TLL,2,2,0,0
LFW,ACC,2,2,0,1
SXF,EDI,1,1,0,0
LTN,DTM,1,1,0,0
STN,PMI,4,4,0,0
ZAG,LGW,1,1,0,0
LYS,RAK,3,3,0,0
CPH,TXL,5,5,0,2
PEN,USM,2,2,0,1
KUL,KIX,3,3,0,1
BCN,PSA,2,2,0,1
CDG,SCQ,2,2,0,1
FCO,ORY,3,3,0,0
TTN,MCO,1,1,0,0
HAM,BHX,1,1,0,0
FRA,DLM,2,2,0,0
MEE,GEA,1,1,0,0
BOM,IXJ,1,1,0,0
KWI,BOM,2,2,0,0
NCL,DLM,4,4,0,0
PBI,BDL,1,1,0,0
ZQN,SYD,3,3,0,1
HAN,LPQ,2,2,0,0
BBN,MUR,1,1,0,1
CPH,CTA,1,1,0,0
OSL,LYR,2,2,0,0
OSL,KBP,1,1,0,0
ARN,JFK,1,1,0,1
BKK,ARN,3,3,0,1
NBE,FRA,2,2,0,0
LRS,JKL,2,2,0,0
MLE,MCT,1,1,0,0
ANI,MCG,2,2,0,0
AKL,NAN,3,3,0,1
WAW,DOH,1,1,0,0
MXP,DOH,1,1,0,0
SSG,LBV,2,2,0,0
LAD,CMN,1,1,0,0
CRL,FSC,1,1,0,0
MAN,VLC,1,1,0,0
PIK,WRO,1,1,0,0
STN,TRF,1,1,0,0
NOC,ACE,1,1,0,0
NYO,ZAD,1,1,0,0
RHO,STN,2,2,0,0
SKG,FKB,1,1,0,0
RIX,BGY,1,1,0,0
AOI,NRN,1,1,0,0
AGP,LIS,2,2,0,2
CPH,EWR,1,1,0,0
TRD,SVG,1,1,0,0
DME,KJA,2,2,0,0
DME,UGC,2,2,0,0
BSL,ZQW,1,1,0,0
KOI,NDY,1,1,0,0
ISB,LBA,1,1,0,0
MED,TUU,1,1,0,0
PHX,DEN,7,7,0,1
CGO,CGQ,3,3,0,0
MIG,LJG,1,1,0,0
SCL,LSC,2,2,0,1
TRN,AMS,1,1,0,0
DLM,RTM,1,1,0,0
RGL,USH,1,1,0,0
BZE,IAH,1,1,0,0
IAH,LCH,1,1,0,1
IAH,DCA,1,1,0,0
IAD,PWM,1,1,0,1
ORD,SPI,1,1,0,1
SVX,DYU,3,3,0,0
KUF,DWC,3,3,0,0
GLA,PHL,2,2,0,0
MDT,CLT,2,2,0,0
PHL,PWM,2,2,0,0
LHW,LXA,1,1,0,0
XSB,AZI,1,1,0,0
BJF,BVG,1,1,0,0
ORY,CTA,1,1,0,0
PNZ,CNF,1,1,0,0
BEG,BNX,1,1,0,0
SMI,SKG,1,1,0,0
YUL,YUY,2,2,0,1
ADE,BBO,1,1,0,0
OTP,LHR,3,3,0,1
PBC,DFW,2,2,0,1
SJO,JFK,3,3,0,1
LAX,MFR,3,3,0,2
JFK,BOS,4,4,0,0
TAS,ICN,3,3,0,0
DXB,TIP,1,1,0,0
MAD,AMS,3,3,0,0
SKG,SVO,1,1,0,0
PEE,LED,1,1,0,0
LYS,BLQ,2,2,0,1
CDG,FRA,2,2,0,0
DOL,LCY,2,2,0,1
CVG,CDG,2,2,0,1
NAS,GHB,2,2,0,0
HEL,HAM,2,2,0,1
ZTH,VIE,2,2,0,0
AYT,DRS,2,2,0,0
SHJ,MAA,2,2,0,0
HFA,ETH,1,1,0,0
DLC,TSN,8,8,0,1
PVG,KIX,7,7,0,0
IGG,AKN,1,1,0,0
SEA,OGG,2,2,0,0
SEA,FAT,1,1,0,0
STS,PDX,1,1,0,1
SAL,LAX,3,3,0,1
DUS,CTA,6,6,0,2
SRZ,BYC,2,2,0,0
KHN,NNG,3,3,0,0
HGH,WUH,5,5,0,0
CGK,XMN,3,3,0,0
ICN,HGH,2,2,0,0
SMS,RUN,1,1,0,0
DAU,LAE,1,1,0,0
OAK,CMH,1,1,0,1
NCE,LGW,4,4,0,0
YAM,YQT,1,1,0,0
LED,VOG,1,1,0,0
IAN,OTZ,2,2,0,1
MVY,HPN,1,1,0,0
VRC,MNL,1,1,0,0
NAY,ACX,2,2,0,1
AQG,SHA,1,1,0,0
NKG,JJN,3,3,0,1
HJJ,CAN,1,1,0,0
PVH,RBR,2,2,0,0
SXF,LCA,1,1,0,0
PTY,LIR,1,1,0,0
GRU,PTY,1,1,0,0
LGW,SPU,3,3,0,0
MCI,DTW,1,1,0,0
LAX,SLC,5,5,0,2
ATL,AZO,2,2,0,1
ATL,FWA,4,4,0,3
EUG,SLC,1,1,0,1
EBB,CAI,1,1,0,0
WNZ,CTU,4,4,0,1
FCO,OTP,3,3,0,1
OPO,AMS,3,3,0,1
SXF,MAN,1,1,0,0
BRS,EDI,1,1,0,0
CPH,MAN,3,3,0,1
MXP,LTN,1,1,0,0
YEK,YRT,2,2,0,0
EDI,JER,1,1,0,0
BCN,AMS,5,5,0,1
CYS,WRL,3,3,0,2
MUC,ISU,1,1,0,0
TXL,AOI,1,1,0,0
BOM,GOI,6,6,0,1
AMS,SXM,1,1,0,0
GRU,MVD,5,5,0,1
PPW,WRY,1,1,0,0
MDC,GTO,1,1,0,1
FRA,BIO,1,1,0,0
FRA,MEX,1,1,0,0
HAM,WAW,2,2,0,1
MUC,KBP,2,2,0,0
HAJ,BRU,3,3,0,3
GOA,MUC,1,1,0,0
MYY,LWY,1,1,0,1
BEY,MED,2,2,0,0
HEL,ATH,1,1,0,0
TRF,NCE,1,1,0,0
DMM,MED,2,2,0,0
BSB,PNZ,1,1,0,0
IST,MLX,2,2,0,0
LHE,ISB,1,1,0,0
SAW,ERC,1,1,0,0
KWL,TSN,1,1,0,0
TUN,AMM,1,1,0,0
STN,HAU,1,1,0,0
STN,MMX,1,1,0,0
AGP,BLQ,1,1,0,0
AHO,TSF,1,1,0,0
MLA,TRN,1,1,0,0
KUN,EDI,1,1,0,0
NRN,FUE,1,1,0,0
WMI,STN,1,1,0,0
PEE,DME,2,2,0,0
HBX,BOM,1,1,0,0
MDW,BDL,2,2,0,1
FRA,OSL,3,3,0,1
CGN,HDF,1,1,0,0
BOM,RUH,3,3,0,0
ULH,RUH,1,1,0,0
BWI,MSY,2,2,0,1
HMI,PEK,2,2,0,1
SDU,IOS,1,1,0,0
BUS,IST,1,1,0,0
EIN,TXL,1,1,0,0
DME,PUJ,1,1,0,0
DME,GDX,1,1,0,0
MLA,TUN,1,1,0,0
CLE,FNT,1,1,0,0
ORD,HNL,1,1,0,0
CLT,PIT,2,2,0,0
HAN,UIH,1,1,0,0
SGN,DLI,2,2,0,0
UPN,TIJ,1,1,0,0
BNN,TRD,1,1,0,0
BOO,NVK,1,1,0,0
KKN,ALF,1,1,0,0
LTN,OTP,1,1,0,0
WAW,GSE,1,1,0,0
DSA,POZ,1,1,0,0
FOC,TYN,1,1,0,0
NKM,KMJ,1,1,0,0
FMM,IEV,1,1,0,0
VDC,PLU,1,1,0,1
NCE,MCM,1,1,0,0
SIN,NKG,1,1,0,0
EVG,ARN,1,1,0,1
BIA,BOD,1,1,0,0
PNS,TPA,2,2,0,1
LLA,SDL,1,1,0,0
YAC,ZRJ,1,1,0,0
LHR,BSL,3,3,0,2
CDG,LHR,3,3,0,1
UVF,CLT,2,2,0,0
DCA,CAK,2,2,0,1
DFW,LAX,6,6,0,3
IAD,CLT,3,3,0,1
PHL,ART,2,2,0,2
CLT,VPS,2,2,0,0
RST,ORD,2,2,0,2
SPN,ICN,1,1,0,0
CJU,CJJ,4,4,0,0
AZA,OAK,1,1,0,0
BTT,AKP,2,2,0,0
SKP,LJU,1,1,0,0
ATH,DME,2,2,0,0
UUD,SVO,1,1,0,0
LED,KGF,1,1,0,0
SVO,SGN,1,1,0,0
GLA,CWL,2,2,0,1
RTM,LCY,4,4,0,2
PIS,LRH,2,2,0,1
CDG,LAD,1,1,0,0
FDF,ORY,3,3,0,0
GYD,CDG,2,2,0,1
GYD,DME,2,2,0,0
CFU,TXL,1,1,0,0
MUC,DEL,2,2,0,1
BOM,RAJ,3,3,0,2
VCE,MAN,4,4,0,0
QRO,MTY,2,2,0,1
ICN,MYJ,2,2,0,1
YOW,DCA,1,1,0,1
YYC,EWR,1,1,0,0
BOS,YUL,2,2,0,2
VIE,RIX,2,2,0,1
GOV,GTE,1,1,0,0
MAD,CLO,1,1,0,0
AUC,BOG,2,2,0,1
KUL,PDG,1,1,0,0
TSN,DSN,1,1,0,0
NNG,CSX,4,4,0,0
TXN,TSN,1,1,0,0
PPT,MOZ,1,1,0,0
LHR,PEK,3,3,0,1
PEK,KHN,4,4,0,1
PEK,DAX,2,2,0,1
CKG,URC,6,6,0,1
URC,CGO,9,9,0,1
PVG,JJN,2,2,0,0
HAK,TSN,2,2,0,1
HAK,SZX,4,4,0,1
PZI,CTU,3,3,0,1
YIC,SZX,2,2,0,1
DUB,CFU,1,1,0,0
KRR,FRU,1,1,0,0
AKK,ADQ,1,1,0,0
SLP,MFE,1,1,0,0
SJU,ONT,1,1,0,1
CGP,MCT,3,3,0,0
TIA,FCO,2,2,0,0
HAV,SCU,2,2,0,0
BRU,SVQ,1,1,0,0
KBP,BRU,2,2,0,1
MNL,RXS,3,3,0,0
TPE,PEN,1,1,0,0
SGN,TPE,3,3,0,0
CJU,WNZ,1,1,0,0
SIN,SYD,9,9,0,3
KMG,SHA,5,5,0,0
CAN,RGN,2,2,0,0
CAN,HRB,3,3,0,1
SHE,KIX,2,2,0,1
IMP,SLZ,2,2,0,0
TFS,HAM,3,3,0,0
VRA,FRA,1,1,0,0
PTY,CCS,3,3,0,0
CPH,ZAG,3,3,0,1
SLC,PIH,1,1,0,1
ATL,PVR,2,2,0,1
LGA,MCI,1,1,0,1
MSP,IMT,1,1,0,1
BIL,MSP,1,1,0,0
HBE,MED,2,2,0,0
TLL,NCE,1,1,0,0
CKY,LFW,1,1,0,1
GDN,KRK,1,1,0,0
MAN,KEF,2,2,0,0
EDI,BFS,1,1,0,0
EDI,MXP,1,1,0,0
LIS,BIO,3,3,0,2
BHD,NCL,1,1,0,0
LOP,BMU,1,1,0,0
NAG,DEL,2,2,0,0
SVC,PHX,1,1,0,0
FOC,HAK,5,5,0,2
WEF,PVG,1,1,0,0
HAJ,LPA,1,1,0,0
ILD,PMI,1,1,0,1
SYZ,KER,1,1,0,0
DYU,IKA,2,2,0,0
KJA,IKT,2,2,0,0
BOS,MSY,2,2,0,1
SYR,MCO,1,1,0,0
NTE,AMS,2,2,0,1
DUS,BUD,1,1,0,0
MRS,MUC,1,1,0,1
GRJ,JNB,3,3,0,0
DOH,YUL,1,1,0,0
VIL,AGA,1,1,0,0
CGN,AGP,3,3,0,0
EDI,BLQ,1,1,0,0
LPA,BGY,1,1,0,0
GRO,GRQ,1,1,0,0
KGS,KRK,1,1,0,0
CHQ,KTW,1,1,0,0
TPS,GOA,1,1,0,0
BLQ,NRN,1,1,0,0
FKB,LPA,1,1,0,0
ABZ,BGO,2,2,0,1
GOT,CPH,1,1,0,0
DME,VLC,1,1,0,0
OVB,EVN,1,1,0,0
MGA,ATL,1,1,0,0
TUL,STL,1,1,0,0
HFE,YNT,1,1,0,0
XUZ,CTU,1,1,0,0
LYI,XIY,1,1,0,0
GXH,LXA,1,1,0,0
SZX,WUX,4,4,0,0
CTU,DCY,4,4,0,1
POS,CUR,3,3,0,0
HIR,RNA,1,1,0,0
BLQ,TUN,1,1,0,0
EMA,DLM,3,3,0,0
IST,VLC,1,1,0,0
FCO,VKO,1,1,0,0
LED,MSQ,3,3,0,2
YOW,EWR,1,1,0,1
SFO,COS,1,1,0,1
ORD,PVR,4,4,0,1
TYR,IAH,1,1,0,1
MRV,DYU,1,1,0,0
PHX,DCA,2,2,0,0
LAX,SAF,3,3,0,3
TMJ,TAS,1,1,0,0
RGN,SGN,1,1,0,0
TIJ,TGZ,1,1,0,0
YQM,YYZ,2,2,0,1
MJF,MQN,1,1,0,0
KJA,SVX,2,2,0,0
ISB,KBL,2,2,0,0
ULN,ULZ,1,1,0,0
ODS,DWC,1,1,0,0
VKO,VOZ,1,1,0,0
CUR,MAR,1,1,0,0
NTE,PRG,1,1,0,0
IBA,ABV,1,1,0,0
MRS,CZL,2,2,0,0
LHR,YVR,6,6,0,4
MAD,MIA,5,5,0,1
CCS,DFW,1,1,0,0
LGB,PDX,3,3,0,2
DEN,MIA,3,3,0,0
ORD,TPA,4,4,0,0
FSD,ORD,3,3,0,2
FUK,CJU,2,2,0,1
OAK,BLI,1,1,0,0
CID,PIE,1,1,0,0
AGP,SVO,2,2,0,1
SVO,SGC,1,1,0,0
ORY,CLY,2,2,0,0
DXB,CDG,3,3,0,1
MCI,ATL,8,8,0,5
EZE,MVD,4,4,0,2
TXL,BRI,2,2,0,1
MEX,TIJ,4,4,0,1
SFO,SJD,4,4,0,1
NRT,YYC,2,2,0,1
EWR,NRT,2,2,0,1
YYZ,PIT,2,2,0,2
YYZ,CMH,2,2,0,2
DLA,FIH,4,4,0,3
NLK,BNE,1,1,0,0
PDX,LAS,3,3,0,0
AAY,SAH,1,1,0,0
ARH,MMK,1,1,0,1
SJO,BOG,1,1,0,0
SIN,MYY,1,1,0,0
CSX,TSN,5,5,0,1
NNG,KHN,3,3,0,0
XIY,YIH,1,1,0,0
HGH,DSN,1,1,0,0
INC,TYN,2,2,0,0
CIF,SHE,1,1,0,0
RLK,HET,1,1,0,0
XMH,AHE,1,1,0,0
HGH,CKG,6,6,0,2
JDZ,SHA,2,2,0,1
KTN,KWF,1,1,0,0
ULK,YKS,3,3,0,0
MBJ,YUL,2,2,0,1
YSB,YAM,1,1,0,0
CEB,CRK,1,1,0,0
SYD,TPE,1,1,0,0
HRB,ICN,2,2,0,0
XRY,DUS,2,2,0,0
SJC,SLC,1,1,0,0
MSP,ROC,1,1,0,1
SGU,SLC,1,1,0,1
AMM,CAI,3,3,0,0
CPT,DXB,2,2,0,1
SJO,LIR,2,2,0,1
NCL,AMS,2,2,0,0
CDG,TFS,1,1,0,0
VCE,SEN,1,1,0,0
PEN,KBR,3,3,0,1
SIN,KUA,2,2,0,1
EXT,ALC,1,1,0,0
PTY,MAD,1,1,0,0
THR,IFN,2,2,0,0
SHA,YIC,1,1,0,0
DFW,NRT,4,4,0,1
PFO,EMA,3,3,0,0
JUH,CTU,1,1,0,0
NBO,DZA,3,3,0,2
AKL,KUL,1,1,0,0
MHQ,ARN,1,1,0,0
MOL,ALC,1,1,0,0
KWI,MED,2,2,0,0
MCT,SLL,1,1,0,0
ICN,DOH,2,2,0,1
BOD,RAK,2,2,0,0
ORY,OZZ,1,1,0,0
CRL,PEG,1,1,0,0
DUB,CCF,1,1,0,0
BVA,ZAZ,1,1,0,0
TRN,CRL,1,1,0,0
CIA,EIN,1,1,0,0
CIA,FMM,1,1,0,0
OPO,PMI,1,1,0,0
LIS,OPO,4,4,0,2
PMI,LBC,1,1,0,0
TBS,DME,1,1,0,0
DME,KUF,3,3,0,0
DME,TOF,2,2,0,0
BLR,CMB,2,2,0,1
MLE,SIN,2,2,0,0
SHJ,AUH,1,1,0,0
EAM,DMM,1,1,0,0
HOU,SAT,2,1,1,0
HOU,SAN,1,1,0,0
AUS,SAN,1,1,0,0
TNA,KHN,3,3,0,1
WUS,TAO,2,2,0,1
HRB,SZX,3,3,0,1
WUX,WUH,2,2,0,1
WUH,SIN,3,3,0,1
IST,AGP,1,1,0,0
CIT,VKO,1,1,0,0
TXL,PRG,2,2,0,0
OGG,SFO,1,1,0,0
EWR,DFW,3,3,0,0
EWR,LAS,1,1,0,0
QRO,CUN,1,1,0,0
GDN,DSA,1,1,0,0
HOD,AMM,1,1,0,0
VLN,PMV,2,2,0,0
SHE,CJJ,1,1,0,0
NOJ,SLY,1,1,0,0
TLV,LWO,1,1,0,0
LWO,TSF,1,1,0,0
STM,BEL,3,3,0,0
GOJ,VKO,1,1,0,0
URJ,TJM,1,1,0,0
KTM,BDP,1,1,0,0
DOM,STT,1,1,0,0
FKI,FIH,1,1,0,0
YHO,YNP,2,2,0,0
MAN,JFK,6,6,0,3
IAH,CLT,3,3,0,1
JAX,CLT,2,2,0,0
PHL,PHX,4,4,0,1
JFK,SEA,5,5,0,1
JFK,LAS,8,8,0,3
TOL,PIE,1,1,0,0
LJU,SJJ,1,1,0,0
ATH,AUH,2,2,0,0
ATH,JKL,2,2,0,0
SVO,KJA,1,1,0,0
KZN,SVO,1,1,0,0
ULN,SVO,2,2,0,0
TJM,SVO,1,1,0,0
NCE,ORY,2,2,0,0
GIG,CWB,4,4,0,2
ATL,MSY,9,9,0,6
DUS,FLR,3,3,0,2
NUE,HRG,1,1,0,0
COK,MAA,5,5,0,2
MAA,TRV,4,4,0,0
RGN,CCU,1,1,0,0
MLA,GVA,1,1,0,0
MFM,TYN,2,2,0,0
PAZ,MEX,2,2,0,1
REX,MEX,3,3,0,0
PUS,OKA,2,2,0,1
OKA,NRT,5,5,0,1
COK,SHJ,4,4,0,0
YYZ,POP,2,2,0,0
BCN,RIX,1,1,0,0
LAX,ATL,9,9,0,6
ANC,ORD,2,2,0,0
STN,JER,1,1,0,0
EYP,BOG,2,2,0,1
AMS,BLQ,3,3,0,2
TBS,FCO,1,1,0,0
PEK,MWX,2,2,0,1
YNT,XIY,2,2,0,1
CTU,SZX,7,7,0,0
GVA,ALG,1,1,0,0
QSF,ORY,2,2,0,0
ANM,TMM,1,1,0,0
TLS,MRS,1,1,0,0
SEA,SAN,4,4,0,3
SEA,MDW,2,2,0,1
MIA,MSY,5,5,0,4
OME,SHH,2,2,0,1
BRU,BLQ,1,1,0,0
FNC,PDL,3,3,0,2
YBK,YXN,1,1,0,1
YYH,YHK,2,2,0,0
VDC,GRU,1,1,0,0
BSG,SSG,1,1,0,0
SIN,KHH,1,1,0,0
CGO,INC,3,3,0,0
SHA,KHN,2,2,0,0
PVG,NGS,2,2,0,1
NAY,BFJ,2,2,0,1
PEK,TEN,1,1,0,0
CAN,DIG,1,1,0,0
KMG,HFE,4,4,0,0
URC,BAV,1,1,0,0
BSB,CGB,4,4,0,0
MSP,TVC,1,1,0,1
TUN,DXB,2,2,0,0
DKR,DXB,1,1,0,0
DXB,LHE,3,3,0,0
TLL,LED,1,1,0,0
HRE,LLW,1,1,0,0
AUH,GRU,1,1,0,0
LPL,FUE,2,2,0,0
NCE,SXF,1,1,0,0
SKG,CGN,1,1,0,0
BMA,AGH,2,2,0,1
MAD,TFS,2,2,0,1
MHD,BUZ,1,1,0,0
FUK,SGN,2,2,0,1
ATZ,KWI,1,1,0,0
BNE,HBA,2,2,0,1
MVD,GRU,5,5,0,1
PKZ,ZVK,1,1,0,0
VTE,ZVK,1,1,0,0
NKG,FRA,2,2,0,1
ACC,BEY,1,1,0,0
BEY,RUH,2,2,0,0
BGO,KEF,1,1,0,0
CHQ,CPH,1,1,0,0
RUH,AMM,3,3,0,0
TZX,AER,1,1,0,0
PHE,BME,3,3,0,1
LEI,EMA,1,1,0,0
CFU,CIA,1,1,0,0
CHQ,TSF,1,1,0,0
BUD,MAD,2,2,0,0
BUD,TSF,1,1,0,0
CTA,MAD,1,1,0,0
PMI,BGY,1,1,0,0
PDL,ARN,1,1,0,0
UTN,JNB,1,1,0,1
YKS,OVB,2,2,0,1
HBX,BLR,1,1,0,0
RIA,POA,2,2,0,0
HOU,AUS,2,2,0,1
CZX,ZUH,1,1,0,0
DGO,IAH,1,1,0,1
CUN,IAH,2,2,0,0
SJU,IAD,1,1,0,0
DEL,EWR,1,1,0,0
EWR,ITH,1,1,0,1
IAD,PIT,1,1,0,1
IAD,ORD,1,1,0,0
ROA,ORD,1,1,0,1
MIA,FDF,2,2,0,0
TLV,TAS,1,1,0,0
DME,BHK,3,3,0,0
MXL,MEX,2,2,0,0
SLY,DME,1,1,0,0
NAY,HLH,2,2,0,1
REP,KOS,1,1,0,0
VCP,JDO,1,1,0,0
CKG,HIA,1,1,0,0
BUX,GOM,1,1,0,0
BET,TLT,1,1,0,1
FLR,NTE,1,1,0,0
FLL,GGT,2,2,0,1
YQQ,YBL,2,2,0,0
GVA,LHR,3,3,0,1
SYD,MEL,7,7,0,1
BOS,ORD,5,5,0,0
SFO,PDX,4,4,0,1
STL,PHL,4,4,0,2
ORD,SUX,2,2,0,1
SDF,DCA,2,2,0,1
CHO,CLT,2,2,0,0
SFB,GSO,1,1,0,0
LGW,MAD,2,2,0,0
GRU,MAD,5,5,0,1
KHV,IKT,1,1,0,0
SVO,GDZ,1,1,0,0
HAM,CDG,3,3,0,1
CDG,TBS,2,2,0,1
ATL,DUB,3,3,0,2
FRA,VIE,5,5,0,3
TFS,BSL,3,3,0,0
VIE,PVK,2,2,0,0
TRV,MLE,2,2,0,0
LGW,NCE,4,4,0,0
TRZ,MAA,3,3,0,2
STM,MEU,1,1,0,0
MEX,MLM,2,2,0,1
HND,KIX,3,3,0,0
SHJ,CIT,1,1,0,0
IGR,EZE,1,1,0,0
PDX,OGG,1,1,0,0
YZF,YEG,6,6,0,3
BOG,MZL,1,1,0,0
XIY,KMG,8,8,0,1
HFE,FOC,3,3,0,0
SWA,CTU,3,3,0,1
XTG,CMA,1,1,0,0
IST,ALA,2,2,0,0
KPN,CYF,2,2,0,1
PGF,ORY,1,1,0,0
BQS,YKS,1,1,0,0
MAN,GOT,1,1,0,1
LHR,OTP,3,3,0,1
BCN,BRU,5,5,0,1
SGN,KHH,3,3,0,1
KMG,HGH,8,8,0,2
DLC,CZX,1,1,0,0
NAY,NZH,2,2,0,1
PEK,YIW,3,3,0,1
HRB,CGO,7,7,0,1
DLC,HET,1,1,0,0
WNZ,CGO,2,2,0,0
CGB,CGH,2,2,0,0
PZO,GEO,1,1,0,0
BIA,LYS,3,3,0,1
HAV,SNU,1,1,0,0
NRT,SEA,3,3,0,1
DTW,TYS,1,1,0,1
TPA,DTW,2,2,0,0
OKC,DTW,1,1,0,1
CAI,DME,1,1,0,0
OTP,FRA,3,3,0,1
MLE,AUH,2,2,0,1
SAH,AUH,1,1,0,0
IAD,LHR,8,8,0,4
WIC,EDI,1,1,0,1
AMS,AGP,3,3,0,1
BAH,KRT,1,1,0,0
ADB,CDG,2,2,0,0
CWL,AGP,3,3,0,1
IBZ,AMS,3,3,0,1
CTS,ITM,3,3,0,0
SUB,CGK,6,6,0,0
SYZ,TBZ,1,1,0,0
LJG,HFE,1,1,0,0
SMF,JFK,1,1,0,0
SIN,AKL,3,3,0,0
PER,ADL,3,3,0,1
ATL,CAE,4,4,0,3
CLM,BFI,1,1,0,0
NBO,ACC,1,1,0,0
RUH,ICN,1,1,0,0
KMG,ICN,2,2,0,0
AMM,TIP,3,3,0,0
SOQ,FKQ,1,1,0,1
AYT,LUX,1,1,0,0
BEY,AUH,2,2,0,0
CPH,AGP,4,4,0,1
ALF,OSL,2,2,0,0
KRK,OSL,1,1,0,0
HTY,RUH,1,1,0,0
LHE,KUL,1,1,0,0
SAW,ATH,1,1,0,0
AUH,MNL,2,2,0,0
SLI,NLA,1,1,0,0
YUL,AMM,3,3,0,1
KGL,DXB,1,1,0,0
STN,TSF,1,1,0,0
STN,LIS,1,1,0,0
REU,PIK,1,1,0,0
PMF,CAG,1,1,0,0
LRH,OPO,1,1,0,0
JNB,ZRH,2,2,0,1
MUX,KHI,3,3,0,0
TKU,CPH,1,1,0,0
RIX,ARN,3,3,0,1
STW,DME,2,2,0,0
OVB,ALA,1,1,0,0
AMD,MCT,1,1,0,0
CLY,LUX,1,1,0,0
COK,RUH,1,1,0,0
CCJ,RUH,2,2,0,0
LAS,LAX,9,9,0,1
ADB,ZRH,1,1,0,0
TUN,MED,1,1,0,0
ABJ,IST,1,1,0,0
IST,MXP,1,1,0,0
PVK,AMS,1,1,0,0
INN,EIN,1,1,0,0
SFA,TUN,1,1,0,0
YVR,IAH,1,1,0,0
FRA,SEA,3,3,0,1
EWR,MBJ,1,1,0,0
EWR,MEX,1,1,0,0
MIA,IAD,3,3,0,0
DEN,DCA,2,2,0,0
MOB,ORD,1,1,0,1
COS,DEN,1,1,0,1
OKC,IAH,1,1,0,0
BUD,KRR,1,1,0,0
SJU,PHL,2,2,0,0
GNV,MIA,2,2,0,1
SKD,KZN,1,1,0,0
KBP,IFO,2,2,0,1
KHH,HAN,2,2,0,0
MEX,MXL,2,2,0,0
TIJ,MZT,1,1,0,0
SDN,OSL,1,1,0,0
BVA,OTP,1,1,0,0
SKP,HHN,1,1,0,0
VNO,FCO,1,1,0,0
KUT,KTW,1,1,0,0
BVC,MAN,2,2,0,0
ORY,PRG,1,1,0,0
CNX,PYY,1,1,0,0
XIC,CKG,1,1,0,0
BEG,BRU,1,1,0,0
BCV,SQS,1,1,0,0
BOD,VCE,1,1,0,0
FLL,ELH,2,2,0,1
XGR,YVP,1,1,0,0
BUR,SEA,2,2,0,1
DFW,ZCL,2,2,0,2
PDX,CLT,2,2,0,0
JFK,AMM,3,3,0,1
DOH,BAH,12,12,0,5
PUS,SHE,2,2,0,0
SFB,CVG,1,1,0,0
SFB,TYS,1,1,0,0
CDG,SKG,1,1,0,0
HAM,SVO,1,1,0,0
LED,SVX,2,2,0,0
LHR,MSP,4,4,0,2
ATL,LEX,4,4,0,2
FNT,ATL,3,3,0,2
DUS,GWT,1,1,0,0
DFW,FRA,9,9,0,5
RIX,DUS,2,2,0,1
PMI,AGP,4,4,0,0
IXB,DEL,6,6,0,1
SDV,ETH,2,2,0,0
TXL,PSA,2,2,0,1
BOM,BHO,3,3,0,2
NRT,DOH,3,3,0,1
CGK,KIX,2,2,0,0
DLC,HIJ,2,2,0,1
YVR,YYJ,3,3,0,1
YYT,YQX,1,1,0,1
YYZ,BOS,2,2,0,1
IAH,MSY,4,4,0,3
SVG,RIX,1,1,0,0
KGD,RIX,1,1,0,0
DME,UUA,1,1,0,0
EZE,CUN,1,1,0,0
HGH,TSN,5,5,0,1
HTN,URC,6,6,0,2
XMN,JIU,2,2,0,1
KWE,CGO,7,7,0,1
INC,URC,4,4,0,1
TNA,CSX,4,4,0,1
CNS,AUU,1,1,0,0
ALA,GUW,2,2,0,0
PKA,BET,1,1,0,0
YKS,HRB,1,1,0,0
LAE,MAG,1,1,0,0
MKE,SEA,2,2,0,1
MDW,PHL,2,2,0,1
DEN,BNA,4,4,0,2
MCO,SDF,3,3,0,2
KVL,OTZ,2,2,0,1
MSQ,BUS,1,1,0,0
BLQ,BRU,1,1,0,0
SOF,BOJ,1,1,0,0
YCS,YRT,3,3,0,1
MNL,HKG,4,4,0,0
TSN,NGO,2,2,0,1
UYN,XIY,4,4,0,0
ZAT,CKG,1,1,0,0
NDG,NAY,2,2,0,1
SWA,SYX,1,1,0,0
YTY,CSX,1,1,0,0
DJE,LEJ,1,1,0,0
LPA,FRA,2,2,0,0
MBA,ZNZ,2,2,0,0
ORY,AJA,2,2,0,0
HAV,SDQ,1,1,0,0
NAS,DTW,1,1,0,0
SLC,JAC,1,1,0,1
DTW,BGR,1,1,0,1
DTW,BDL,1,1,0,0
ATL,ICN,2,2,0,1
MSP,BNA,1,1,0,1
CAI,ALG,2,2,0,0
IAD,DXB,3,3,0,0
EDI,DLM,1,1,0,0
RAK,BRS,1,1,0,0
AGP,BSL,1,1,0,0
BCN,ZRH,3,3,0,1
DUS,BIO,1,1,0,0
BRI,CGN,1,1,0,0
KLR,BMA,2,2,0,2
BAH,CDG,1,1,0,0
HFE,HRB,2,2,0,0
BRU,ZTH,1,1,0,0
BUZ,SYZ,1,1,0,0
MHD,IFN,3,3,0,0
AMS,ICN,2,2,0,0
ICN,NBO,2,2,0,1
NBO,FIH,2,2,0,1
MLG,DPS,1,1,0,1
EWR,FRA,2,2,0,0
BKM,LWY,1,1,0,1
JED,BEY,2,2,0,0
SPR,CUK,2,2,0,0
TGD,FRA,1,1,0,0
ADE,ASM,1,1,0,0
GIG,SSA,3,3,0,0
MCT,MUC,1,1,0,0
KHI,ISB,3,3,0,0
AMS,ADB,3,3,0,0
DOH,FCO,1,1,0,0
BJL,RAI,1,1,0,0
STN,PFO,2,2,0,0
FEZ,PSA,1,1,0,0
OUD,BVA,1,1,0,0
AHO,GRO,1,1,0,0
ARN,OUL,1,1,0,1
DME,LIS,2,2,0,1
BOM,STV,1,1,0,0
CGK,SRG,3,3,0,0
BTH,DJB,2,2,0,0
TPE,SZX,4,4,0,1
TLS,MUC,1,1,0,1
AHB,RUH,2,2,0,0
CMH,TPA,2,2,0,1
MUC,GVA,2,2,0,1
MUC,ADB,2,2,0,0
RSW,DTW,2,2,0,0
DJE,BSL,1,1,0,0
SIN,NGB,1,1,0,0
MEL,ASP,2,2,0,0
LYS,LEH,1,1,0,0
SVX,BKK,1,1,0,0
MEG,VHC,1,1,0,0
LUO,LAD,1,1,0,0
SFO,SNA,2,2,0,0
EWR,FCO,2,2,0,1
IAD,AUS,1,1,0,0
DFW,COU,2,2,0,1
CMI,DFW,2,2,0,2
NMA,LED,2,2,0,0
HAV,LGW,1,1,0,0
YDP,YNP,2,2,0,0
KTG,PNK,1,1,0,0
SBH,PTP,2,2,0,1
MCZ,REC,1,1,0,0
LEC,SSA,1,1,0,0
AHB,DXB,1,1,0,0
JIQ,CKG,1,1,0,0
WNZ,SJW,1,1,0,0
CZM,CUN,1,1,0,0
MYU,BET,1,1,0,1
HKG,JFK,2,2,0,1
PHX,SBP,2,2,0,2
DFW,ORF,2,2,0,0
DFW,MFE,2,2,0,0
ORD,TVC,3,3,0,3
JLN,DFW,2,2,0,1
KMI,ICN,2,2,0,1
TIA,LJU,1,1,0,0
ATH,JKH,2,2,0,1
DUS,ATL,3,3,0,2
CLY,MRS,3,3,0,1
ATL,LAX,10,10,0,7
ATL,MYR,4,4,0,3
DUS,POP,1,1,0,0
LKO,DEL,6,6,0,2
LBA,TFS,4,4,0,0
HRG,MAN,4,4,0,0
BOM,PNQ,2,2,0,1
MID,MEX,4,4,0,0
RDU,CUN,2,2,0,1
CTS,PEK,2,2,0,1
POM,DPS,1,1,0,0
RAB,CNS,1,1,0,0
SHJ,BSR,1,1,0,0
MXP,RIX,2,2,0,1
ROS,EZE,1,1,0,1
SEA,RDM,1,1,0,1
GTF,SEA,1,1,0,1
SJJ,VIE,1,1,0,1
SOF,FCO,3,3,0,0
BUD,FCO,3,3,0,1
DEL,PEK,1,1,0,0
TSN,TAO,3,3,0,1
KMG,PEK,6,6,0,1
TNA,SZX,4,4,0,1
BNE,RMA,2,2,0,1
BIO,DUB,1,1,0,0
BGO,FAE,1,1,0,0
JEG,JHS,1,1,0,0
TSE,AUH,2,2,0,0
KIV,MXP,2,2,0,0
CAK,MCO,2,2,0,1
YUL,NCE,1,1,0,0
LAS,LGW,5,5,0,2
SHH,OME,2,2,0,1
STX,SJU,3,3,0,0
BOM,HKG,3,3,0,0
PEK,NGB,5,5,0,1
XMN,HGH,5,5,0,2
SHA,NAY,2,2,0,1
PER,CAN,1,1,0,0
XMN,BKK,3,3,0,0
FOC,CZX,2,2,0,1
HRB,CSX,1,1,0,0
SWA,KWL,1,1,0,0
ZHA,SYX,1,1,0,0
OHE,HRB,1,1,0,0
MCO,SDQ,3,3,0,1
JDO,REC,1,1,0,0
LPA,STR,2,2,0,0
STD,PMV,1,1,0,0
SXM,ATL,1,1,0,0
CLE,JFK,3,3,0,2
AUS,MSP,1,1,0,0
MUC,LGW,1,1,0,0
LTN,CTA,1,1,0,0
EDI,GVA,1,1,0,0
LIS,NCE,2,2,0,1
PMI,GVA,2,2,0,0
BRU,HEL,1,1,0,0
HEL,NGO,2,2,0,1
BCN,SVQ,3,3,0,1
LOP,UPG,1,1,0,0
CGN,DRS,1,1,0,0
BAH,MNL,2,2,0,1
FRA,BVC,1,1,0,0
GOT,BCN,3,3,0,1
MAD,CPH,3,3,0,1
MAD,EAS,1,1,0,1
KEF,JFK,1,1,0,0
GRZ,ZRH,1,1,0,0
THR,GSM,1,1,0,0
SIN,DEL,4,4,0,0
ATL,SJC,3,3,0,2
FRA,KTW,2,2,0,2
BUD,LGW,2,2,0,0
MED,HTY,1,1,0,0
MED,KHI,1,1,0,0
MCT,GWD,1,1,0,0
MRS,RAK,3,3,0,0
BWN,SUB,2,2,0,1
KRK,GRO,1,1,0,0
ZAZ,ACE,1,1,0,0
BVA,TPS,1,1,0,0
TPS,EIN,1,1,0,0
BTS,LPL,1,1,0,0
MQP,LVI,1,1,0,1
ARN,BLL,1,1,0,0
MXP,NAP,1,1,0,0
RUH,SAH,2,2,0,0
SAT,HRL,1,1,0,0
MDW,SMF,2,2,0,1
RSW,BDL,1,1,0,0
LAS,SFO,4,4,0,1
LYS,ADB,1,1,0,0
ADB,HAM,2,2,0,0
GYS,HGH,2,2,0,1
KGE,MUA,1,1,0,0
TUN,ORN,1,1,0,0
DMK,MFM,1,1,0,0
HGH,CNX,1,1,0,0
BKK,AKL,2,2,0,1
HTY,ESB,1,1,0,1
EVN,VKO,2,2,0,0
SSH,SVO,1,1,0,0
PNI,KWA,1,1,0,0
IAH,TPA,1,1,0,0
IAH,AUS,1,1,0,0
PBI,CLE,1,1,0,1
DEN,BFL,1,1,0,1
ORD,PHX,3,3,0,0
PSP,LAS,1,1,0,1
GSP,EWR,1,1,0,1
RDD,SFO,1,1,0,1
YEG,LAX,3,3,0,1
BUD,CRL,2,2,0,0
LPA,CDG,1,1,0,0
ORY,DBV,1,1,0,0
VCP,LDB,1,1,0,0
SHE,NKG,6,6,0,1
SJW,XMN,1,1,0,0
HME,LGW,1,1,0,1
SGD,CPH,1,1,0,0
ACK,HPN,1,1,0,0
SAP,GUA,4,4,0,0
LHR,LAS,4,4,0,2
DFW,CLE,3,3,0,1
HNL,KIX,4,4,0,0
SAN,SEA,3,3,0,2
PHL,CAE,2,2,0,2
ORD,DBQ,2,2,0,2
CLT,SXM,2,2,0,0
MFE,LAS,1,1,0,0
BCN,OTP,5,5,0,2
JSH,KSJ,2,2,0,0
LED,NVI,2,2,0,0
SVO,PVG,2,2,0,0
AMS,JRO,3,3,0,2
EGC,SOU,2,2,0,1
CDG,HAJ,2,2,0,1
SRQ,ATL,5,5,0,4
RSD,NAS,2,2,0,0
KBP,GYD,3,3,0,0
LCY,FRA,3,3,0,3
IBZ,MUC,2,2,0,0
VIE,MLA,4,4,0,1
ZRH,HER,2,2,0,1
AYT,LEJ,4,4,0,0
BOM,JAI,5,5,0,1
PMO,LGW,3,3,0,0
IDR,BLR,2,2,0,2
RPR,BOM,2,2,0,2
CEN,HMO,1,1,0,1
CLQ,MEX,2,2,0,0
BOG,MEX,4,4,0,1
AXT,NGO,1,1,0,1
SDJ,GUM,2,2,0,1
DLC,FUK,2,2,0,1
GUR,MIS,2,2,0,0
YYZ,ATL,6,6,0,5
YZP,YVR,1,1,0,1
CPH,RIX,3,3,0,1
PDX,BLI,1,1,0,1
VIE,KRR,1,1,0,1
GPI,CLO,2,2,0,1
IBE,BOG,2,2,0,1
EOH,UIB,2,2,0,1
BCN,LIN,1,1,0,0
CDG,PUJ,4,4,0,2
STD,CCS,3,3,0,0
TYN,KWE,1,1,0,0
CSX,LYI,1,1,0,0
CGO,KWL,6,6,0,1
PEK,KWE,4,4,0,1
YNT,PVG,3,3,0,1
CKG,XMN,5,5,0,2
INC,TNA,2,2,0,1
LYS,QSF,2,2,0,0
DUB,MAD,3,3,0,1
MNL,BSO,2,2,0,0
RGN,MDL,2,2,0,0
BOD,LYS,2,2,0,0
LAS,SMF,2,2,0,1
DAC,KTM,4,4,0,0
NAS,MCO,2,2,0,0
DME,EGO,3,3,0,0
MSQ,RIX,2,2,0,0
JIK,LXS,1,1,0,0
BRU,ATH,3,3,0,1
DEL,BRU,3,3,0,2
GCM,JFK,2,2,0,0
CEB,ILO,1,1,0,0
SZX,XIY,5,5,0,1
CTU,TXN,2,2,0,1
CJJ,HGH,2,2,0,1
CAN,ZYI,1,1,0,0
PVG,CGQ,5,5,0,0
SVX,OSS,3,3,0,0
FRA,PMI,4,4,0,0
SAL,ATL,1,1,0,0
SFO,HNL,5,5,0,2
MEM,DTW,1,1,0,1
HOU,ATL,6,6,0,3
PDX,MSP,1,1,0,0
MSP,SBN,1,1,0,1
LWS,SLC,1,1,0,1
CAI,FRA,2,2,0,0
HRG,IST,2,2,0,0
LCA,CAI,2,2,0,1
DXB,KWI,4,4,0,0
STN,RAK,2,2,0,0
RHO,LPL,2,2,0,0
FAO,LTN,3,3,0,0
GVA,CTA,2,2,0,0
JER,BHX,1,1,0,0
GLA,EMA,1,1,0,0
EXT,MAN,1,1,0,0
AMS,ALC,3,3,0,1
UPG,SOQ,2,2,0,0
GTO,UPG,3,3,0,0
DPS,BNE,3,3,0,0
RLG,PMI,1,1,0,0
HAM,OLB,3,3,0,0
HAJ,MXP,1,1,0,0
ZAG,STR,1,1,0,0
VXO,BMA,2,2,0,1
ADD,BAH,1,1,0,0
CGO,HET,3,3,0,0
BKK,NNG,2,2,0,0
EAS,BCN,2,2,0,1
KMQ,FUK,2,2,0,0
NAG,IDR,1,1,0,0
SYZ,BDH,1,1,0,0
FUK,CTS,3,3,0,0
TFS,GLA,4,4,0,0
BDL,TPA,2,2,0,0
ACC,AMS,1,1,0,0
CAI,AMS,2,2,0,0
PTY,AMS,2,2,0,1
CGK,KDI,1,1,0,0
HAM,SCN,2,2,0,1
HNL,OGG,5,5,0,2
HER,GRZ,2,2,0,0
OSL,PUY,1,1,0,0
MNL,TUG,3,3,0,0
YUL,YHZ,2,2,0,0
MPM,JNB,3,3,0,0
MEL,KNS,1,1,0,0
ATH,AMM,1,1,0,0
BRU,TSF,1,1,0,0
BHX,AGP,2,2,0,0
LGW,SNN,1,1,0,0
RAK,GRO,1,1,0,0
RAK,TUF,1,1,0,0
VLC,CRL,1,1,0,0
CHQ,BOH,1,1,0,0
TRS,BRI,1,1,0,0
BZG,BHX,1,1,0,0
DCA,LAN,1,1,0,0
PKU,SIN,3,3,0,2
DXB,NCL,2,2,0,1
GOP,DEL,2,2,0,2
EOH,MTR,1,1,0,1
BGO,CPH,2,2,0,0
BAH,DMM,2,2,0,1
RAS,MED,1,1,0,0
SZX,DAX,2,2,0,1
LJG,JHG,5,5,0,1
XNN,WUH,2,2,0,1
BOG,TME,1,1,0,0
NCL,TFS,4,4,0,0
MXP,BKK,1,1,0,0
KKC,DMK,1,1,0,0
IST,MSQ,2,2,0,0
VXE,SID,1,1,0,0
DME,ROV,3,3,0,0
GCM,IAH,1,1,0,0
IAD,TPA,2,2,0,1
IAD,ALB,1,1,0,1
IAD,GSP,1,1,0,1
HNL,IAD,1,1,0,0
ALB,CLE,1,1,0,1
IDA,DEN,1,1,0,1
CUN,CLT,2,2,0,0
SAW,KBP,2,2,0,0
CLQ,TIJ,1,1,0,0
MOL,BGO,1,1,0,0
BUD,LCA,1,1,0,0
OTP,VLC,1,1,0,0
DYU,SGC,1,1,0,0
VNX,INH,1,1,0,0
SLZ,CNF,1,1,0,0
OME,KTS,1,1,0,1
CLO,MIA,5,5,0,2
GEG,PHX,3,3,0,0
DFW,COS,2,2,0,0
PHL,PIT,2,2,0,0
PHL,MKE,2,2,0,2
JFK,BDA,4,4,0,0
ORD,SFO,5,5,0,1
MAD,CUN,4,4,0,0
ATH,JTY,2,2,0,0
VIE,SVO,1,1,0,0
SVO,CMN,2,2,0,0
PVG,SVO,2,2,0,0
JER,CWL,3,3,0,1
SVG,CDG,2,2,0,1
ROC,ATL,4,4,0,3
RIX,GYD,2,2,0,0
RIX,HAM,2,2,0,1
DEL,AMD,6,6,0,2
PMO,TXL,2,2,0,1
HYD,MAA,5,5,0,2
SJD,SFO,4,4,0,1
SLC,PVR,2,2,0,2
CGK,NRT,3,3,0,0
YHZ,LHR,2,2,0,1
YUL,FDF,1,1,0,0
DRW,BME,2,2,0,1
CHC,MEL,3,3,0,0
DME,TGK,1,1,0,0
MDE,MAD,1,1,0,0
MHD,SYZ,3,3,0,0
LIN,SUF,1,1,0,0
CGO,NNG,4,4,0,0
KHN,CTU,4,4,0,0
HGH,JJN,4,4,0,2
KWE,SZX,5,5,0,0
YTY,XMN,2,2,0,1
WMN,ANM,1,1,0,0
NOS,RUN,1,1,0,0
BNE,POM,4,4,0,2
HEL,MAN,3,3,0,3
LHR,FAO,1,1,0,0
DUR,CPT,4,4,0,1
MRU,LGW,2,2,0,0
AGP,SOF,1,1,0,0
HKG,MNL,4,4,0,0
HKG,CCU,2,2,0,0
USU,CEB,1,1,0,0
CTU,HFE,5,5,0,1
SYX,PVG,5,5,0,0
BAV,NAY,2,2,0,1
LYI,NAY,2,2,0,1
DEL,CAN,1,1,0,0
TAO,TXN,1,1,0,0
YNT,CSX,1,1,0,0
GLA,CUN,2,2,0,1
TPA,PTY,1,1,0,0
BOS,JAX,2,2,0,1
PHX,JFK,4,4,0,0
MEM,DFW,3,3,0,1
ATL,EZE,1,1,0,0
LGA,MHT,1,1,0,0
CAI,DAR,1,1,0,0
MXP,TLV,3,3,0,1
BEG,LHR,2,2,0,0
AUH,DMM,3,3,0,1
FCO,NTE,4,4,0,1
GVA,IBZ,1,1,0,0
COQ,ULN,2,2,0,0
MBA,HAH,1,1,0,0
SYY,EDI,1,1,0,1
DRS,BCN,2,2,0,1
CGK,BWN,2,2,0,1
HAM,RJK,1,1,0,0
STR,BRU,1,1,0,0
PEK,XNN,5,5,0,1
TNA,SYX,2,2,0,0
MAD,SPC,1,1,0,1
FLR,BCN,2,2,0,1
SRY,MHD,2,2,0,0
COK,MCT,3,3,0,0
BNE,NTL,3,3,0,2
ADL,BNE,5,5,0,2
UPG,TRK,1,1,0,0
CMB,TRZ,2,2,0,0
AJA,AVN,1,1,0,0
MGQ,EBB,1,1,0,0
OSL,FCO,2,2,0,0
CMN,JED,3,3,0,0
ATH,MJT,2,2,0,1
STN,SAW,1,1,0,0
ARN,DOH,1,1,0,0
EUN,CMN,1,1,0,0
STN,EGC,1,1,0,0
TFS,DUB,2,2,0,0
VLC,MAN,1,1,0,0
CIA,RAK,1,1,0,0
LIS,MRS,2,2,0,1
BTS,LTN,1,1,0,0
FKB,CIA,1,1,0,0
KHI,DXB,4,4,0,0
OVB,HKG,1,1,0,1
GRW,TER,1,1,0,0
PGK,PLM,1,1,0,0
CAN,AQG,1,1,0,0
NBE,DUS,3,3,0,0
GSE,PSA,1,1,0,0
LKO,RUH,1,1,0,0
OAK,MDW,2,2,0,1
SJC,BUR,1,1,0,0
SCO,URA,1,1,0,0
LIS,CCS,1,1,0,0
DPS,BKK,1,1,0,0
CUR,AUA,3,3,0,0
MLA,NBE,1,1,0,0
VNO,DME,1,1,0,0
SFO,AKL,3,3,0,2
LAX,ITO,1,1,0,0
IAH,COS,1,1,0,1
SCE,ORD,1,1,0,1
LLK,DME,1,1,0,0
PHL,AMS,2,2,0,0
PHL,SBY,2,2,0,1
ORD,PSP,2,2,0,0
DAD,HPH,1,1,0,0
MID,GDL,2,2,0,0
CDG,BVC,1,1,0,0
JED,GXF,1,1,0,0
SZX,RMQ,1,1,0,0
BEW,MPM,1,1,0,0
MCI,HRO,1,1,0,0
SDQ,PTP,3,3,0,0
DWC,KTM,1,1,0,0
NUX,OVB,1,1,0,0
ANI,SHX,1,1,0,1
RSH,BET,1,1,0,1
CKG,BKK,2,2,0,0
BRU,BEG,1,1,0,0
MAN,ORD,5,5,0,3
DUB,LHR,3,3,0,1
LAX,IAD,4,4,0,0
CLE,CLT,3,3,0,1
SAV,PHL,2,2,0,2
DFW,SFO,5,5,0,1
BDL,LAX,3,3,0,1
BKI,ICN,4,4,0,1
PIE,RFD,1,1,0,0
DSM,SFB,1,1,0,0
SFB,DSM,1,1,0,0
SVO,GYD,2,2,0,0
DMM,AMS,3,3,0,2
ATL,AVP,3,3,0,3
WDH,VFA,1,1,0,0
TXL,ORD,2,2,0,1
GRZ,TFS,2,2,0,0
ZRH,MAD,3,3,0,1
PMI,XRY,1,1,0,0
CMB,BOM,4,4,0,2
NWI,MLA,1,1,0,0
CUL,MTY,4,4,0,1
MTY,CUU,4,4,0,1
TRC,MEX,3,3,0,0
VSA,VER,2,2,0,0
SFO,MLM,1,1,0,0
NRT,IST,2,2,0,1
YVR,YZP,1,1,0,1
AEP,RHD,1,1,0,1
VIE,DNK,2,2,0,2
CLO,LIM,1,1,0,0
FLL,BOG,4,4,0,0
KUL,HKT,5,5,0,2
HAM,AMS,5,5,0,2
HAK,KWE,3,3,0,0
HUH,MOZ,1,1,0,0
PEK,IST,2,2,0,0
PEK,CGQ,5,5,0,1
PEK,XFN,2,2,0,1
HFE,XMN,7,7,0,1
CTU,WNZ,4,4,0,1
UAK,SFJ,1,1,0,0
MDL,MYT,2,2,0,0
MCO,MBJ,2,2,0,0
MAN,YYZ,1,1,0,0
UVF,POS,2,2,0,1
MSQ,IST,2,2,0,0
HKG,SYD,3,3,0,1
HKG,NGO,3,3,0,1
KMG,NNG,6,6,0,1
NKG,YCU,1,1,0,0
DLC,KMG,1,1,0,0
PVG,YCU,2,2,0,1
LJG,SHA,1,1,0,0
CAN,YTY,1,1,0,0
CSX,MIG,2,2,0,1
HRB,PVG,5,5,0,0
CGQ,NGB,2,2,0,1
GIG,VCP,3,3,0,0
SDU,CGH,4,4,0,0
CGH,CLV,1,1,0,0
SSA,BPS,2,2,0,0
SPC,FRA,1,1,0,0
LAX,CVG,1,1,0,0
EWR,CDG,4,4,0,2
NGO,HNL,3,3,0,0
DPS,HKG,5,5,0,0
TPE,HKG,6,6,0,1
ACC,FNA,3,3,0,1
EDI,MUC,1,1,0,0
MXP,RAK,2,2,0,0
PMI,SXF,2,2,0,0
HEL,XIY,1,1,0,0
JYV,KEM,1,1,0,0
PEN,HKT,2,2,0,1
PNL,TPS,1,1,0,0
TTN,RSW,1,1,0,0
PSP,DEN,2,2,0,0
CEG,TLS,1,1,0,0
ARN,ISU,2,2,0,1
DEL,GOI,3,3,0,0
HRB,HFE,2,2,0,0
YVR,YPR,2,2,0,1
MAD,LAD,1,1,0,0
ORY,AGP,3,3,0,1
KEF,LHR,1,1,0,0
AMD,GOI,1,1,0,0
IFN,SYZ,1,1,0,0
EWR,RSW,2,2,0,0
JFK,JNB,4,4,0,1
SRQ,JFK,1,1,0,0
CNS,KIX,3,3,0,2
SYD,HTI,2,2,0,1
SVO,ICN,2,2,0,0
ICN,ULN,2,2,0,0
PUU,BOG,2,2,0,1
FRA,ATH,2,2,0,0
USM,KUL,2,2,0,1
SVK,INB,1,1,0,0
REC,GRU,4,4,0,0
LBA,ISB,1,1,0,0
TUK,DBA,1,1,0,0
ESB,CGN,1,1,0,0
VAS,SAW,2,2,0,1
GNY,SAW,1,1,0,0
DOH,AMM,2,2,0,0
CMN,BKO,1,1,0,0
EUN,AGA,1,1,0,0
SSH,AMM,1,1,0,0
CRL,SKG,1,1,0,0
HHN,REU,1,1,0,0
BHX,FUE,5,5,0,0
STN,LEJ,1,1,0,0
FUE,STN,2,2,0,0
ZAD,DUB,1,1,0,0
PSA,BUD,1,1,0,0
BFN,JNB,1,1,0,1
CPH,IST,2,2,0,0
CHQ,OSL,2,2,0,0
IXC,SXR,1,1,0,0
CIA,CIY,1,1,0,0
PIT,DEN,2,2,0,0
CAK,DEN,1,1,0,0
SHE,XUZ,1,1,0,0
MYR,LBE,1,1,0,0
GRU,THE,2,2,0,0
CGH,IGU,1,1,0,0
WAW,LIS,2,2,0,1
LIS,TMS,2,2,0,2
LIS,KBP,2,2,0,1
EWR,GSP,1,1,0,1
IAH,PVR,1,1,0,0
IAH,LEX,1,1,0,1
SGF,DEN,1,1,0,1
PHL,GSP,2,2,0,2
VOG,UGC,1,1,0,0
HAN,DAD,3,3,0,0
LAP,GDL,3,3,0,1
TSV,SYD,2,2,0,1
TOS,HAA,1,1,0,0
MQN,BOO,1,1,0,0
TRD,GDN,1,1,0,0
PSA,OTP,1,1,0,0
GXF,AUH,1,1,0,0
INH,MPM,1,1,0,0
NOJ,SVX,1,1,0,0
OAX,CUN,1,1,0,0
NAY,XIL,2,2,0,1
HAQ,DRV,1,1,0,0
CSX,HYN,2,2,0,1
MAO,TFF,1,1,0,0
NJC,HMA,1,1,0,0
LED,VNO,1,1,0,0
BOD,TFS,1,1,0,0
AJA,MPL,1,1,0,0
YKQ,YVO,1,1,0,0
YTQ,YVP,1,1,0,0
KEW,YRL,1,1,0,0
LHR,CDG,3,3,0,1
LIR,CLT,2,2,0,0
PHX,LAX,6,6,0,3
LAX,RDM,2,2,0,2
MIA,TXL,2,2,0,1
BWI,PHL,2,2,0,0
CLT,MOB,2,2,0,0
ZRH,LJU,2,2,0,1
MAD,VLC,3,3,0,3
ATH,MLO,2,2,0,0
LED,DME,5,5,0,0
ROV,EVN,1,1,0,0
CLY,ORY,2,2,0,0
MBJ,ATL,4,4,0,2
HNL,LAX,9,9,0,3
BQK,ATL,3,3,0,3
DUS,SAW,3,3,0,0
VIE,DUS,3,3,0,1
DED,DEL,4,4,0,1
IXL,DEL,4,4,0,1
MAN,LPA,6,6,0,0
PVG,MFM,6,6,0,1
ATL,XNA,5,5,0,3
SHJ,KRT,1,1,0,0
ZSA,PLS,1,1,0,0
SDE,AEP,1,1,0,0
REL,EZE,1,1,0,0
CNF,AEP,1,1,0,1
KOA,SEA,1,1,0,0
BOG,PEI,3,3,0,1
BRI,TRN,2,2,0,0
LPB,CBB,2,2,0,0
DSN,XIY,3,3,0,0
ZYI,XIY,1,1,0,0
UAH,NHV,1,1,0,0
URC,KHG,9,9,0,1
YNZ,PEK,2,2,0,1
ADA,ECN,2,2,0,0
BIQ,LYS,1,1,0,0
LYS,NTE,2,2,0,0
SEA,MKE,2,2,0,1
PEK,LHR,3,3,0,1
YEV,YVQ,2,2,0,0
IKT,ODO,2,2,0,0
NRT,HKG,5,5,0,1
KHV,HKG,2,2,0,0
YCU,NKG,1,1,0,0
DME,OSS,5,5,0,1
BAQ,ADZ,1,1,0,1
PRN,ZAG,1,1,0,0
HAV,CUN,3,3,0,0
DFW,LGA,4,4,0,0
MSP,HIB,1,1,0,1
SOU,LBA,1,1,0,0
DXB,YYZ,1,1,0,0
LFW,LBV,1,1,0,1
BFS,LGW,1,1,0,0
LGW,FUE,5,5,0,0
LGW,BRI,2,2,0,0
NAP,HAM,2,2,0,0
NAP,VCE,2,2,0,0
PRG,AMS,4,4,0,1
ULN,MXV,2,2,0,0
LEJ,ZRH,1,1,0,0
LGW,FLR,2,2,0,0
DEN,CYS,3,3,0,2
LBL,DDC,3,3,0,2
PMI,OST,1,1,0,0
LNY,HNL,2,2,0,0
BRU,ALC,4,4,0,1
TFN,SCQ,1,1,0,1
BCN,MAD,3,3,0,0
GAU,BLR,1,1,0,0
ZRH,EBA,1,1,0,0
ZBR,ZAH,1,1,0,0
KWI,SAW,4,4,0,0
LBA,DUS,1,1,0,0
NCL,VCE,1,1,0,0
PFO,GLA,1,1,0,0
VIE,MAN,1,1,0,0
JFK,BGI,1,1,0,0
TXL,AMS,2,2,0,1
HAV,AMS,1,1,0,0
CJU,WJU,1,1,0,0
COR,AEP,2,2,0,1
VTE,ODY,1,1,0,0
ANU,SLU,1,1,0,0
FRA,IAD,2,2,0,0
HAJ,MUC,1,1,0,0
CAI,MUC,2,2,0,1
PER,BKI,1,1,0,0
INU,BNE,1,1,0,0
IST,EZS,2,2,0,0
BEG,SAW,2,2,0,0
LBA,MLA,1,1,0,0
EMA,PMI,5,5,0,0
EDI,GDN,1,1,0,0
DUB,BZG,1,1,0,0
BLL,FAO,1,1,0,0
HAU,ZAD,1,1,0,0
POZ,GRO,1,1,0,0
NYO,BGY,1,1,0,0
REU,BHX,1,1,0,0
SDR,EDI,1,1,0,0
BZR,BRE,1,1,0,0
BGY,AGP,1,1,0,0
TGD,CRL,1,1,0,0
CPH,TKU,1,1,0,0
LCA,DME,1,1,0,0
MSP,DCA,4,4,0,2
ALF,TOS,3,3,0,0
CPH,AYT,1,1,0,0
RUH,GVA,1,1,0,0
RNO,SAN,1,1,0,0
NCL,ACE,4,4,0,0
URT,BKK,1,1,0,0
DMK,MDL,1,1,0,0
IST,TIF,1,1,0,0
RTM,TLN,1,1,0,0
BRU,MAN,2,2,0,1
BOS,YHZ,2,2,0,2
CLE,DAY,1,1,0,1
IAH,VPS,1,1,0,1
BKW,IAD,1,1,0,1
CMH,CLT,2,2,0,1
CLT,BNA,2,2,0,0
MDW,BJX,1,1,0,0
LXA,NGQ,1,1,0,0
KGI,MEL,1,1,0,1
YEG,YHM,1,1,0,0
MJF,BOO,1,1,0,0
URC,SJW,2,2,0,0
NJC,LBD,1,1,0,0
LBD,NJC,1,1,0,0
MTY,VSA,1,1,0,0
BEL,CNF,1,1,0,0
TSH,FIH,1,1,0,0
ELH,FLL,2,2,0,1
UAS,NYK,2,2,0,0
MCI,DFW,2,2,0,0
PHX,ZIH,2,2,0,0
JNU,KTN,3,3,0,2
DCA,DFW,2,2,0,0
PIT,LAX,4,4,0,1
MIA,AUA,5,5,0,0
ALB,PHL,2,2,0,1
CLT,OAJ,2,2,0,0
FWA,ORD,3,3,0,3
GSP,SFB,1,1,0,0
RAP,LAS,1,1,0,0
XNA,SFB,1,1,0,0
BRU,MAD,5,5,0,0
MXP,SVO,2,2,0,0
LIN,LCY,2,2,0,1
SYD,NOU,2,2,0,0
WDH,MUB,1,1,0,0
HAM,MUC,2,2,0,0
DUS,PVK,1,1,0,0
CDG,DEL,2,2,0,0
MAH,LBA,2,2,0,0
MLA,CTA,3,3,0,2
NLD,MEX,1,1,0,1
CTS,HND,4,4,0,0
KIX,HND,3,3,0,0
YEG,YZF,5,5,0,2
YQR,YVR,2,2,0,1
YYC,YQL,1,1,0,1
AUH,YYZ,2,2,0,0
AUA,YYZ,2,2,0,0
RIX,BLL,1,1,0,0
MSP,SAN,3,3,0,1
LWO,VIE,2,2,0,2
ATL,VPS,4,4,0,3
URC,HTN,6,6,0,2
MFM,SHE,2,2,0,0
SGN,PEK,1,1,0,0
XIY,YTY,2,2,0,1
TLM,ALG,1,1,0,0
DUB,VIE,1,1,0,0
FUE,DUB,2,2,0,0
TMM,RUN,2,2,0,0
TMM,SMS,1,1,0,0
SJD,SNA,1,1,0,0
PIT,TPA,2,2,0,0
DUR,PLZ,2,2,0,2
LVI,JNB,2,2,0,1
HKG,FUK,3,3,0,0
HKG,CRK,3,3,0,0
TPE,INC,2,2,0,0
XIY,FOC,5,5,0,1
CTU,BKK,2,2,0,0
TPE,DYG,2,2,0,0
CJU,DLC,1,1,0,0
XUZ,CAN,1,1,0,0
CGQ,TYN,1,1,0,0
MAO,GRU,4,4,0,2
TFS,DUS,3,3,0,0
TXL,SPU,2,2,0,0
ZAG,AMS,1,1,0,0
FCO,PRG,7,7,0,1
DCA,MSN,1,1,0,1
LGA,ORD,5,5,0,1
LAS,MAN,4,4,0,2
DXB,ADL,2,2,0,1
GDE,JIJ,1,1,0,0
BRU,GDN,1,1,0,0
HEL,TLL,1,1,0,1
HEL,GVA,1,1,0,1
STR,GVA,1,1,0,0
BCN,RAK,2,2,0,1
LIR,DEN,1,1,0,0
MDW,ILG,1,1,0,0
SXI,SYZ,1,1,0,0
FNC,BRE,1,1,0,0
AKU,URC,4,4,0,1
COO,ACC,1,1,0,0
OGG,LIH,1,1,0,0
ZRH,SZG,1,1,0,0
BXR,THR,1,1,0,0
BJB,THR,1,1,0,0
SZX,LJG,1,1,0,0
OMS,DYU,1,1,0,0
DYU,OMS,1,1,0,0
ODO,IKT,2,2,0,0
PBI,BOS,1,1,0,0
JFK,OAK,1,1,0,0
PER,BNE,4,4,0,2
HAK,SHA,1,1,0,0
ABV,PHC,4,4,0,2
SCL,AKL,2,2,0,1
BOG,GRU,3,3,0,1
WAW,TLL,1,1,0,0
FRA,MAA,2,2,0,1
SCN,TXL,4,4,0,2
STR,EWR,2,2,0,1
BGO,FRA,2,2,0,2
LIS,MUC,2,2,0,0
CMB,TRV,2,2,0,1
MUE,OGG,1,1,0,0
BEY,BRU,1,1,0,0
JPA,GIG,3,3,0,0
SSA,CGH,3,3,0,0
DOH,MNL,2,2,0,0
OTP,DOH,1,1,0,0
HHN,PDV,1,1,0,0
KRK,EMA,1,1,0,0
AGA,MRS,1,1,0,0
CAG,BVA,1,1,0,0
BGY,CAG,1,1,0,0
ALC,TRD,2,2,0,0
PLQ,CPH,1,1,0,0
KUF,DME,3,3,0,0
BRU,CAI,2,2,0,1
PUJ,EZE,1,1,0,0
BNA,DEN,3,3,0,1
LAS,LBB,1,1,0,0
VIE,ADB,1,1,0,0
PEK,YIC,2,2,0,1
CCP,ZCO,1,1,0,0
GRU,GYN,3,3,0,0
SMA,PDL,3,3,0,1
PIX,TER,3,3,0,1
DUS,TUN,1,1,0,0
HDY,SIN,1,1,0,0
KUF,VKO,1,1,0,0
CRD,NQN,2,2,0,0
AKL,LAX,2,2,0,1
IAH,LGA,2,2,0,1
BFL,IAH,1,1,0,1
DWC,CEK,1,1,0,0
PHL,FCO,2,2,0,0
ODS,TLV,1,1,0,0
GDN,TKU,1,1,0,0
DZA,RUN,2,2,0,0
KHN,HET,1,1,0,0
RMQ,SZX,1,1,0,0
LOS,SSG,1,1,0,0
GRO,LWO,1,1,0,0
PLS,POP,1,1,0,0
KIN,PLS,1,1,0,0
HMA,TJM,1,1,0,0
DLC,HDG,1,1,0,0
TZA,SQS,1,1,0,0
YBC,YQB,2,2,0,0
YDQ,YVR,1,1,0,0
YYD,YXS,1,1,0,0
HEH,RGN,3,3,0,0
YNO,YRL,1,1,0,0
XKS,YXL,1,1,0,0
YPM,YRL,1,1,0,0
DUS,AUH,3,3,0,1
PHX,DSM,2,2,0,0
IND,ORD,3,3,0,3
DFW,MCI,2,2,0,0
DFW,FSD,2,2,0,2
PHL,MCI,2,2,0,2
ICN,NRT,10,10,0,1
EZE,MIA,3,3,0,0
FWA,SFB,1,1,0,0
ARN,SKG,2,2,0,1
SVO,PEE,1,1,0,0
SVO,NOZ,1,1,0,0
CDG,LYS,5,5,0,4
NTE,LCY,2,2,0,1
BLQ,CDG,3,3,0,1
CAY,ORY,3,3,0,1
LIM,CDG,2,2,0,1
MVD,EZE,4,4,0,2
LGI,NAS,2,2,0,0
AGP,STR,2,2,0,0
BRI,TXL,2,2,0,1
PNQ,GOI,2,2,0,0
MFM,PEK,2,2,0,0
YYC,NRT,2,2,0,1
KCZ,ITM,1,1,0,1
YYZ,IND,1,1,0,1
ORD,YQB,2,2,0,2
RIX,TLV,1,1,0,0
SEA,JNU,1,1,0,0
YTH,YYQ,2,2,0,1
THR,MHD,4,4,0,0
CMN,FCO,2,2,0,0
HAK,LZO,1,1,0,0
AQG,PEK,1,1,0,0
NHV,UAP,1,1,0,0
RGN,KMG,2,2,0,0
YNT,SZX,2,2,0,1
NTG,XMN,2,2,0,1
ULP,CTL,1,1,0,0
DUB,BUD,2,2,0,0
MPL,LYS,1,1,0,0
DAL,MAF,2,2,0,1
BCN,YUL,1,1,0,0
LHR,BEY,3,3,0,1
BRU,OTP,2,2,0,1
FUE,LPA,2,2,0,0
DOH,MAD,3,3,0,0
GCM,LCE,2,2,0,0
GES,ILO,1,1,0,0
KHH,KHN,2,2,0,0
SZX,NAY,2,2,0,1
PVG,MNL,4,4,0,0
TNA,HKG,1,1,0,0
FSZ,PVG,2,2,0,1
TCZ,LJG,1,1,0,0
CAN,DXB,2,2,0,0
SZX,NGB,4,4,0,0
WUH,BKK,1,1,0,0
GIG,GRU,5,5,0,0
CYO,HAV,1,1,0,0
SVO,MIA,2,2,0,0
MCI,MEM,1,1,0,0
PHL,RDU,3,3,0,1
CHS,DTW,1,1,0,0
BUF,JFK,2,2,0,1
MSP,LEX,1,1,0,1
CLT,JFK,4,4,0,1
NGO,MNL,3,3,0,0
FNT,MSP,1,1,0,1
RMQ,MFM,2,2,0,0
TXN,TPE,1,1,0,0
CAI,SXF,1,1,0,0
BRS,SXF,1,1,0,0
STN,PRG,2,2,0,0
NCE,EDI,1,1,0,0
CDG,LPL,1,1,0,0
ORY,VCE,2,2,0,0
PMI,EXT,3,3,0,0
LBL,DEN,3,3,0,2
BOM,SIN,3,3,0,0
CCU,IXB,6,6,0,1
ORY,BLQ,2,2,0,0
NRT,KMQ,2,2,0,1
KTM,BOM,1,1,0,0
BOS,TPA,1,1,0,0
OOL,CNS,1,1,0,0
CNS,MEL,4,4,0,1
MUC,BIO,1,1,0,0
TIV,BEG,2,2,0,0
ERM,PFB,1,1,0,0
OSL,PMI,2,2,0,0
PRG,OSL,2,2,0,0
ATH,LRS,2,2,0,0
BMV,SGN,3,3,0,0
ADB,BSL,2,2,0,0
YOW,YTZ,1,1,0,0
SLL,DOH,1,1,0,0
PER,DOH,1,1,0,0
CGN,FAO,2,2,0,0
STN,SXB,1,1,0,0
STN,GOA,1,1,0,0
NYO,PFO,1,1,0,0
RAK,DUB,1,1,0,0
MAD,OPO,6,6,0,4
BVA,NDR,1,1,0,0
BGY,WRO,1,1,0,0
WMI,CIA,1,1,0,0
DME,HTA,2,2,0,1
ZRH,HAV,1,1,0,1
LHW,KWE,1,1,0,0
UIO,HAV,1,1,0,0
LIS,BVC,2,2,0,0
BKK,UTH,2,2,0,0
IST,BUS,1,1,0,0
BKK,SGN,4,4,0,0
BOS,RAI,1,1,0,0
MXP,EWR,2,2,0,1
SFO,OKC,1,1,0,1
EWR,SJD,1,1,0,0
MBS,ORD,1,1,0,1
VTE,PNH,2,2,0,1
YMM,YYZ,2,2,0,0
GDN,NYO,1,1,0,0
SOF,DTM,1,1,0,0
YIH,KWE,1,1,0,0
IQT,PCL,2,2,0,0
DYU,KRR,2,2,0,0
SDU,CAW,1,1,0,0
NGO,KOJ,2,2,0,0
UKS,DME,1,1,0,1
TUP,GLH,1,1,0,0
YJT,YDF,1,1,0,0
YGW,YUY,1,1,0,0
CZL,MLH,2,2,0,0
OPO,ORY,5,5,0,1
LHR,HEL,4,4,0,2
LAX,BOS,7,7,0,1
FLL,DFW,3,3,0,0
DFW,PSP,2,2,0,0
MKE,DFW,2,2,0,0
SJC,LAX,9,9,0,6
ROA,LGA,2,2,0,2
MMH,LAX,2,2,0,2
CAI,TIP,3,3,0,0
LAS,MOT,1,1,0,0
BZN,LAS,1,1,0,0
CID,SFB,1,1,0,0
KHV,KJA,2,2,0,0
SKD,LED,2,2,0,0
VKO,LED,2,2,0,0
LCY,ORY,2,2,0,0
CDG,YYZ,6,6,0,3
JFK,NCE,2,2,0,1
LEJ,FNC,2,2,0,0
FLR,STR,2,2,0,1
MFM,NGB,2,2,0,0
OKA,KOJ,1,1,0,0
YUL,YOW,1,1,0,0
CDG,YUL,6,6,0,3
DTW,YYZ,4,4,0,4
MSP,YYZ,4,4,0,4
LAS,BLI,2,2,0,0
DKR,BKO,5,5,0,1
VIE,GRZ,1,1,0,1
TGH,VLI,1,1,0,0
TSN,CIF,2,2,0,0
CSX,SWA,2,2,0,0
INC,DSN,1,1,0,0
TXN,HAK,1,1,0,0
PEK,HEL,2,2,0,0
PEK,CAI,2,2,0,1
KMG,TSN,3,3,0,1
TNA,CTU,7,7,0,1
KUS,RKV,1,1,0,0
ALA,KUF,1,1,0,0
RRG,MRU,1,1,0,0
TAS,IKT,1,1,0,0
PUJ,AMS,1,1,0,0
DAC,KUL,5,5,0,0
BRU,BCN,5,5,0,1
FLL,MBJ,3,3,0,0
MLE,HKG,2,2,0,0
ILO,CEB,1,1,0,0
NKG,SZX,5,5,0,0
MFM,FOC,2,2,0,0
CKG,CGO,6,6,0,1
CGQ,TNA,5,5,0,1
DIG,KMG,3,3,0,0
JJN,MFM,2,2,0,0
YTY,CAN,1,1,0,0
SLZ,GRU,2,2,0,0
MUC,AGA,1,1,0,0
PTY,CUR,1,1,0,0
CVG,MSN,1,1,0,1
DTW,FRA,5,5,0,3
DTW,BOS,2,2,0,0
ATL,TPA,7,7,0,4
FSD,MSP,1,1,0,0
PIH,SLC,1,1,0,1
TLV,BUD,2,2,0,0
TNO,SJO,3,3,0,1
DUS,LGW,1,1,0,0
SEN,FAO,1,1,0,0
HEL,BMA,2,2,0,2
YFB,YUX,2,2,0,0
CDG,LEJ,1,1,0,0
TFS,BCN,3,3,0,1
ARN,CGN,1,1,0,0
DEN,FMN,3,3,0,2
KWL,TYN,2,2,0,0
LHW,TSN,2,2,0,0
PPT,HNL,1,1,0,0
BRS,ZRH,1,1,0,0
KWI,SYZ,2,2,0,0
BOS,PUJ,1,1,0,0
TPA,EWR,2,2,0,0
FRA,BGO,2,2,0,2
PVG,MUC,2,2,0,1
TRD,DBV,1,1,0,0
RUH,DXB,4,4,0,1
CGH,FLN,3,3,0,0
KGS,RHO,2,2,0,0
KVA,ATH,2,2,0,1
AYT,GVA,1,1,0,0
YTZ,YQB,1,1,0,0
MOV,TSV,1,1,0,1
AMM,ISU,1,1,0,0
HHN,PUY,1,1,0,0
LBA,CFU,1,1,0,0
STN,NYO,1,1,0,0
NOC,TFS,1,1,0,0
RYG,KGS,1,1,0,0
ALC,VST,1,1,0,0
BOD,EDI,1,1,0,0
MRS,LIS,2,2,0,1
TPS,HHN,1,1,0,0
BGY,FEZ,1,1,0,0
MLA,BRS,2,2,0,0
AAL,ARN,1,1,0,0
ARN,OSD,1,1,0,0
KHV,NRT,2,2,0,1
PEG,STN,1,1,0,0
ARN,EWR,2,2,0,0
BOM,DMM,2,2,0,0
MDW,TUL,2,2,0,1
TJA,BYC,2,2,0,0
ZRH,FUE,2,2,0,1
WXN,CTU,1,1,0,0
FLL,MYR,1,1,0,0
TUN,DKR,1,1,0,0
SIN,KLO,2,2,0,0
CNX,HGH,1,1,0,0
LGW,PVK,2,2,0,0
MEX,DEN,2,2,0,0
STT,IAD,1,1,0,0
SFO,FAT,1,1,0,1
ORD,PIT,3,3,0,1
GDL,CJS,2,2,0,0
SJD,GDL,3,3,0,0
BRI,OTP,1,1,0,0
DLC,XMN,1,1,0,0
SJW,SHE,3,3,0,0
NUX,DME,3,3,0,0
KUF,GOJ,1,1,0,0
KMG,MIG,2,2,0,0
DGA,TZA,1,1,0,0
MAN,HEL,3,3,0,3
NRT,SIN,8,8,0,1
DCA,PVD,2,2,0,2
MIA,CWB,2,2,0,0
IND,CLT,2,2,0,0
DFW,ICT,2,2,0,0
DFW,RAP,2,2,0,2
PHL,AVP,2,2,0,1
JFK,LAX,8,8,0,1
VPS,CLT,2,2,0,1
BDA,MIA,2,2,0,0
WAW,ATH,2,2,0,0
CDG,OUA,1,1,0,0
MSP,LAX,7,7,0,4
TXL,CFU,1,1,0,0
OLB,VIE,4,4,0,1
VIE,ZRH,6,6,0,2
PMI,GRZ,2,2,0,1
IXB,CCU,6,6,0,1
BLR,DEL,6,6,0,1
FUK,FUJ,2,2,0,1
NGO,MYJ,1,1,0,1
YUL,IAH,2,2,0,2
YYZ,YFC,1,1,0,1
RIX,BGO,2,2,0,0
AEP,FMA,1,1,0,1
SFO,JFK,7,7,0,1
ATL,JAN,5,5,0,4
SNA,DFW,3,3,0,1
LUX,VIE,2,2,0,0
VIE,IAS,2,2,0,2
VIE,AYT,4,4,0,1
VIE,DXB,2,2,0,1
VLI,LNE,1,1,0,0
SUF,FCO,2,2,0,0
LIN,OTP,2,2,0,1
KHN,SJW,1,1,0,0
DUS,PEK,2,2,0,1
PEK,MUC,2,2,0,0
PEK,KWL,5,5,0,1
SZX,CKG,6,6,0,0
TAO,CKG,3,3,0,1
GYS,SZX,2,2,0,0
AZR,INZ,1,1,0,0
TNR,TLE,1,1,0,0
BET,WNA,1,1,0,0
SLC,SEA,4,4,0,1
CUN,YHZ,2,2,0,0
ANU,TAB,2,2,0,1
SVX,URJ,1,1,0,0
MSQ,VIE,2,2,0,2
OSL,BRU,2,2,0,0
HKG,DAC,3,3,0,0
CAN,WUX,4,4,0,0
KMG,HKT,1,1,0,0
CNX,KMG,1,1,0,0
NAY,CTU,2,2,0,1
WUX,TAO,1,1,0,0
CAN,TPE,4,4,0,0
NNG,FOC,4,4,0,1
FOC,CSX,6,6,0,1
CTU,CGO,5,5,0,2
DLC,WUH,4,4,0,0
SHE,TNA,5,5,0,2
BSB,GRU,4,4,0,0
SSA,FOR,2,2,0,0
HAV,GAO,1,1,0,0
PRG,KUF,1,1,0,0
IND,LAX,4,4,0,1
DTW,DAY,1,1,0,0
LGA,CHS,1,1,0,0
ORD,YYC,5,5,0,2
MSP,BHM,1,1,0,1
TLV,JNB,1,1,0,0
BHX,DXB,2,2,0,1
GVA,DXB,2,2,0,1
DXB,HND,2,2,0,1
ATH,DXB,1,1,0,0
LTN,AMS,1,1,0,0
BGO,BCN,3,3,0,1
RSW,ILG,1,1,0,0
BNE,DPS,3,3,0,0
ATH,CGN,1,1,0,0
CCU,AMD,2,2,0,0
IFN,BND,2,2,0,0
KWI,LFM,1,1,0,0
PGU,THR,1,1,0,0
BLK,DLM,1,1,0,0
BFJ,KMG,1,1,0,0
PUS,PEK,4,4,0,1
WAW,SZZ,1,1,0,0
ZVK,BKK,1,1,0,0
MUC,MXP,1,1,0,0
MUC,PRG,1,1,0,0
LUX,CLY,1,1,0,0
DMK,LOE,1,1,0,0
BOO,OSL,2,2,0,0
GES,MNL,3,3,0,1
MDL,BKK,3,3,0,2
CMN,BLQ,2,2,0,0
DXB,MBA,1,1,0,0
CRL,PFO,1,1,0,0
CRL,ALC,1,1,0,0
CRL,BDS,1,1,0,0
LDY,PIK,1,1,0,0
LTN,MJV,1,1,0,0
VLC,BRI,1,1,0,0
CAG,CRL,1,1,0,0
VLC,LIS,3,3,0,3
MXP,OSL,2,2,0,0
CGK,CMB,2,2,0,1
FLW,CVU,1,1,0,0
RUH,TIF,2,2,0,0
JED,SIN,1,1,0,0
DAL,BKG,1,1,0,0
PIT,RSW,1,1,0,0
STL,BOS,1,1,0,0
ZRH,TLV,2,2,0,0
ZRH,EWR,2,2,0,0
FUK,IBR,1,1,0,0
LEJ,IST,1,1,0,0
IST,KIV,2,2,0,0
KOV,DME,1,1,0,0
SLP,IAH,1,1,0,1
GUM,MNL,2,2,0,0
SFO,RDU,1,1,0,0
EWR,GRR,1,1,0,1
MDT,IAD,1,1,0,1
IAH,SJO,1,1,0,0
SNA,EWR,1,1,0,0
CMH,ORD,3,3,0,1
ATH,KBP,1,1,0,0
CUN,TLC,2,2,0,0
RVT,PER,2,2,0,1
KTW,TRF,1,1,0,0
TNA,URC,4,4,0,1
LCA,GLA,1,1,0,0
PUJ,LGW,1,1,0,0
CNX,PHS,1,1,0,0
PLU,MOC,1,1,0,0
TGI,LIM,1,1,0,0
CZM,MEX,1,1,0,0
OOL,SIN,1,1,0,0
SBH,SJU,1,1,0,0
ATL,TUP,1,1,0,0
YKG,YVP,1,1,0,0
WBQ,SVS,1,1,0,0
ALG,CDG,5,5,0,2
LHR,SVG,3,3,0,1
MDE,MIA,5,5,0,2
LIM,MIA,5,5,0,1
BOS,CUN,5,5,0,1
MIA,CNF,3,3,0,0
DFW,BRO,2,2,0,2
HNL,NRT,7,7,0,1
DEN,DFW,5,5,0,0
PHL,YOW,2,2,0,2
JFK,CLE,3,3,0,2
CHO,LGA,3,3,0,3
BEN,CAI,3,3,0,0
SHV,LAS,1,1,0,0
FAI,KBC,1,1,0,0
LED,TSE,2,2,0,0
AAQ,LED,1,1,0,0
PIA,ATL,3,3,0,3
GYD,DXB,2,2,0,0
TXL,ARN,5,5,0,2
CCJ,SHJ,3,3,0,0
TFS,LBA,4,4,0,0
GIB,MAN,1,1,0,0
PAT,CCU,4,4,0,2
MLA,SAW,2,2,0,1
SAW,MLA,2,2,0,1
MFM,BKK,2,2,0,0
HMO,MXL,1,1,0,1
NRT,RGN,1,1,0,0
HND,KMJ,2,2,0,0
KIX,OKA,4,4,0,0
POM,HKG,1,1,0,0
DAC,SHJ,1,1,0,0
YYZ,YSB,1,1,0,1
ABJ,BRU,4,3,1,2
KBP,RIX,2,2,0,1
GDL,SFO,3,3,0,1
AEP,PSS,1,1,0,0
EVN,KUF,2,2,0,0
SEA,AUS,1,1,0,0
ANC,ADQ,2,2,0,0
SBA,PDX,1,1,0,1
YUT,YRT,1,1,0,0
MTV,ZGU,1,1,0,0
IPA,VLI,1,1,0,0
LIN,ORY,3,3,0,1
HAK,TXN,1,1,0,0
TAO,XIY,7,7,0,1
HET,PEK,4,4,0,1
CFK,MRS,1,1,0,0
TLM,LYS,1,1,0,0
THL,RGN,1,1,0,0
VCE,KIV,2,2,0,0
VRA,CUN,1,1,0,0
SAN,DEN,4,4,0,1
MDW,DSM,2,2,0,1
GLA,YYZ,1,1,0,0
LHR,LCA,3,3,0,1
BDA,LGW,2,2,0,1
BRU,ABJ,3,3,0,2
BRU,TXL,3,3,0,1
PVG,YNT,3,3,0,1
PVG,KIJ,2,2,0,1
TAS,URC,2,2,0,0
KMG,KWL,3,3,0,0
NNY,CAN,1,1,0,0
CNF,VCP,2,2,0,0
PEI,ADZ,1,1,0,1
SVG,SRP,1,1,0,0
LAX,HND,3,3,0,1
CLE,MSP,2,2,0,1
DTW,MQT,1,1,0,1
ATL,SDF,6,6,0,3
SXF,BCN,2,2,0,0
STN,CPH,1,1,0,0
IBZ,MXP,1,1,0,0
JMK,LGW,2,2,0,0
MXP,CPH,2,2,0,0
HEL,PVG,2,2,0,0
BCN,HEL,4,4,0,1
GVA,LUG,1,1,0,0
BJL,BCN,3,3,0,1
NTE,SVQ,3,3,0,0
MDC,TTE,3,3,0,0
SOQ,UPG,2,2,0,0
CGK,SYD,3,3,0,0
BUS,TBS,1,1,0,0
BLQ,BCN,3,3,0,1
VCE,MAD,1,1,0,0
DXB,LRR,1,1,0,0
GLA,DLM,3,3,0,0
TPA,HPN,1,1,0,0
NLA,NBO,2,2,0,1
HRE,NBO,3,3,0,2
ATL,HOU,6,6,0,3
SVD,SLU,1,1,0,0
UPG,PLW,3,3,0,0
UPG,MJU,1,1,0,1
FRA,DRS,1,1,0,0
MUC,IAD,2,2,0,0
BIO,FRA,1,1,0,0
NRT,KIX,4,4,0,1
DEN,FRA,2,2,0,1
KCH,PNK,1,1,0,1
BKK,PEN,2,2,0,1
JHM,HNL,1,1,0,0
ARN,BEG,3,3,0,0
ORY,ARN,1,1,0,0
SYD,DXB,2,2,0,0
DXB,BWN,1,1,0,0
LPL,SZZ,1,1,0,0
FUE,BGY,1,1,0,0
LPA,EMA,4,4,0,0
PFO,CHQ,1,1,0,0
BGY,NRN,1,1,0,0
TSF,AGP,1,1,0,0
CPH,OTP,1,1,0,0
BGO,MAN,1,1,0,0
BHY,CTU,1,1,0,0
KTA,PER,2,2,0,1
ZRH,YYZ,2,2,0,1
SHE,SZX,3,3,0,1
ZUH,NNG,3,3,0,0
OAK,ORD,1,1,0,0
BBA,PMC,2,2,0,0
BEL,CAY,1,1,0,0
GRU,AGT,2,2,0,1
OTP,LIS,1,1,0,0
HAM,NBE,1,1,0,0
NCE,DJE,1,1,0,0
CKZ,ESB,1,1,0,1
AMS,KGS,1,1,0,0
AVP,ORD,1,1,0,1
KRR,TAS,3,3,0,0
KBP,VNO,1,1,0,0
PXU,DAD,1,1,0,0
TIJ,TPQ,1,1,0,0
TLC,CUN,2,2,0,0
YYZ,YLW,1,1,0,0
BGO,BNN,1,1,0,0
BVG,VDS,1,1,0,0
KTW,CIA,1,1,0,0
CSX,TYN,3,3,0,0
TVY,MGZ,1,1,0,0
LEI,MAN,2,2,0,0
CMN,BGY,1,1,0,0
KTW,IEV,1,1,0,0
IEV,TSF,1,1,0,0
SCW,NNM,1,1,0,0
BZV,FIH,3,3,0,1
FKI,GOM,1,1,0,0
DUS,ORD,8,8,0,4
LHR,PRG,2,2,0,1
LHR,AUH,4,4,0,2
PER,SYD,5,5,0,2
DFW,ICN,4,4,0,1
DFW,GSP,2,2,0,1
DFW,HSV,2,2,0,0
SGF,DFW,2,2,0,2
IST,MUC,4,4,0,1
GMP,SHA,4,4,0,0
ICN,HAN,3,3,0,0
LAS,SCK,1,1,0,0
LIM,MAD,3,3,0,1
DXB,KDH,1,1,0,0
ROB,FNA,6,6,0,1
CDG,BEG,2,2,0,1
ATL,ROA,4,4,0,2
LPA,VIE,3,3,0,1
HRG,DRS,1,1,0,0
BHX,LCA,3,3,0,0
BHX,SSH,3,3,0,0
PPT,LAX,6,6,0,3
MFM,DAD,1,1,0,0
MEX,CUU,3,3,0,0
ATL,EWR,7,7,0,6
TTJ,HND,1,1,0,0
IAD,NRT,2,2,0,0
YUL,CCC,3,3,0,1
AKL,SFO,2,2,0,1
CHC,HLZ,1,1,0,1
AEP,ASU,1,1,0,0
SLC,SAN,2,2,0,1
LIS,VIE,2,2,0,1
BOG,SMR,3,3,0,1
TOH,MTV,1,1,0,0
FCO,OPO,2,2,0,1
SRZ,TDD,2,2,0,0
SYX,ZYI,1,1,0,0
CGO,MIG,2,2,0,1
ELU,ALG,1,1,0,0
EDI,SNN,1,1,0,1
DUB,PUY,1,1,0,0
SXB,LIL,1,1,0,0
LAE,RAB,1,1,0,0
YHD,YXL,1,1,0,0
NUX,SVX,2,2,0,0
BRU,DEL,2,2,0,1
RKD,BOS,1,1,0,0
OLF,BIL,1,1,0,0
SIN,BKK,9,9,0,2
XMN,HKG,5,5,0,0
RAO,GRU,3,3,0,0
TPE,HIJ,1,1,0,0
KMG,LJG,6,6,0,1
NGB,CSX,5,5,0,0
NKG,SYX,3,3,0,0
XFN,XMN,1,1,0,0
LSP,CCS,2,2,0,0
CPH,PRG,4,4,0,0
DTW,SCE,1,1,0,1
TPA,MSP,1,1,0,0
JFK,AUA,2,2,0,0
JFK,SAT,1,1,0,0
SMF,GDL,3,3,0,1
SDF,MCO,3,3,0,2
ADD,KGL,2,2,0,1
MXP,LUZ,1,1,0,0
WJR,MGQ,1,1,0,0
STR,BHX,1,1,0,0
BCN,LUX,3,3,0,1
PUJ,ORD,2,2,0,0
LEJ,DUS,1,1,0,0
HDF,DTM,1,1,0,0
BCN,OVD,2,2,0,1
IKA,FRA,2,2,0,0
BUZ,MHD,1,1,0,0
KMG,KOW,1,1,0,0
KOW,KMG,1,1,0,0
HND,SFO,2,2,0,0
LBA,DBV,1,1,0,0
LBA,CDG,1,1,0,0
NCL,REU,1,1,0,0
BNE,MKY,3,3,0,1
SGN,PKZ,1,1,0,0
TIP,SRX,1,1,0,0
BKS,BTH,1,1,0,1
SRG,BPN,1,1,0,0
FRA,TLS,2,2,0,1
TRN,FRA,1,1,0,0
EWR,GLA,2,2,0,1
LBU,BKI,1,1,0,0
HGH,RMQ,2,2,0,0
BHK,DME,3,3,0,0
SAW,MUC,3,3,0,0
DAR,EBB,2,2,0,0
DOH,IKA,1,1,0,0
KRK,BGY,1,1,0,0
SKG,BRE,1,1,0,0
PMI,CRL,1,1,0,0
LVI,MQP,1,1,0,1
TIV,DME,5,5,0,1
ATQ,BOM,1,1,0,0
PLM,CGK,4,4,0,0
DPS,DIL,1,1,0,0
JED,DWD,1,1,0,0
CMH,FLL,1,1,0,0
SIN,BLR,3,3,0,0
IRA,NNB,1,1,0,0
DLM,BRS,3,3,0,0
BKK,UBP,1,1,0,0
HKT,UTH,1,1,0,0
SVX,IST,1,1,0,0
VKO,CUN,1,1,0,0
IAH,SAV,1,1,0,1
LIH,SFO,1,1,0,0
TPA,TLH,2,2,0,1
IAD,CHO,1,1,0,1
CMH,IAD,1,1,0,1
SMF,IAD,1,1,0,0
YYC,JFK,3,3,0,1
LAS,YXE,1,1,0,0
XMN,DLC,1,1,0,0
BKO,LOS,1,1,0,0
MRV,SVX,3,3,0,0
BNC,BUX,1,1,0,0
YQZ,YVR,2,2,0,1
YRL,YPM,1,1,0,0
EXI,JNU,1,1,0,0
GCM,CLT,2,2,0,0
DCA,SAV,2,2,0,1
MIA,PHX,2,2,0,0
ORD,SJD,4,4,0,0
VQS,SJU,5,5,0,0
DEL,ICN,2,2,0,1
PIE,SBN,1,1,0,0
SFB,LAN,1,1,0,0
MAD,MVD,1,1,0,0
LED,KZN,3,3,0,0
TAS,SVO,2,2,0,0
SVO,BCN,2,2,0,0
HKG,CDG,3,3,0,1
DXB,GYD,2,2,0,0
DUS,ACE,2,2,0,0
SZG,HAM,2,2,0,1
IMF,GAU,4,4,0,2
VNS,AGR,1,1,0,0
JDH,BOM,3,3,0,1
MAA,MRU,2,2,0,1
SPU,BHX,1,1,0,0
BCN,LGW,6,6,0,1
TBS,TLV,3,3,0,0
TRN,SUF,2,2,0,0
MEX,SJD,3,3,0,0
EZE,MEX,1,1,0,0
PVG,NGO,5,5,0,0
RIX,VIE,2,2,0,1
KCG,KCL,1,1,0,0
BKK,VIE,3,3,0,1
EWR,BOG,2,2,0,0
AMS,HAJ,2,2,0,2
NAP,TRN,2,2,0,0
BLA,CCS,4,4,0,0
XIY,TNA,7,7,0,1
FOC,CTU,4,4,0,2
TAO,WUH,6,6,0,1
HRB,XIY,5,5,0,1
HET,CAN,4,4,0,0
NAN,APW,1,1,0,0
LHR,TSE,1,1,0,0
TSE,ALA,5,5,0,1
RDU,MCO,3,3,0,2
MDW,ONT,2,2,0,1
MSP,STL,3,3,0,1
DME,KRR,4,4,0,0
LHR,DME,1,1,0,0
BRI,LGW,2,2,0,0
MYG,NAS,1,1,0,0
RGN,BKK,4,4,0,0
SIN,CNX,4,4,0,2
HAJ,MSQ,1,1,0,0
TTQ,SJO,1,1,0,0
BGI,POS,1,1,0,0
SLU,POS,2,2,0,0
YVR,JFK,1,1,0,0
LHR,HKG,3,3,0,0
GCM,KIN,1,1,0,0
MNL,BKI,2,2,0,0
KIX,JFK,1,1,0,0
CSX,ICN,4,4,0,0
IQN,NAY,2,2,0,1
LDS,DLC,1,1,0,0
SDQ,MCO,3,3,0,1
POA,EZE,1,1,0,0
CCS,HAV,2,2,0,0
MAR,PTY,1,1,0,0
BWK,ZAG,1,1,0,0
AMS,LAX,2,2,0,1
DTW,PIA,1,1,0,1
ATL,SMF,4,4,0,3
BNA,DTW,2,2,0,0
MSP,YEG,1,1,0,1
SRQ,LGA,2,2,0,0
TLV,BKK,2,2,0,0
DME,TLV,2,2,0,0
LFW,BKO,1,1,0,1
OPO,LYS,2,2,0,0
MEA,SDU,2,2,0,0
TRN,ZRH,1,1,0,0
MLG,CGK,2,2,0,0
DUS,FUE,3,3,0,0
PPG,HNL,1,1,0,0
TXL,MAD,2,2,0,0
OVD,PMI,2,2,0,1
DEL,DIB,1,1,0,0
KIX,CAN,2,2,0,1
COK,DMM,2,2,0,0
AMS,LBA,3,3,0,2
VCE,NCL,1,1,0,0
BJV,EMA,1,1,0,0
JFK,BQN,1,1,0,0
TRN,FCO,3,3,0,1
GYE,EZE,1,1,0,1
HAM,EWR,2,2,0,1
BUD,DUS,1,1,0,0
ZRH,NUE,2,2,0,1
STR,FLR,2,2,0,1
BEY,EVN,1,1,0,0
POA,PFB,2,2,0,0
YEG,YHY,1,1,0,0
JFK,OSL,1,1,0,1
MHD,UET,1,1,0,0
ECN,ESB,2,2,0,0
KLO,TPE,2,2,0,0
DOH,MUC,2,2,0,0
RAK,ORY,2,2,0,0
NDR,FRA,1,1,0,0
AMS,AMM,1,1,0,0
CRL,VLC,1,1,0,0
TMP,GRO,1,1,0,0
STN,BCN,1,1,0,0
STN,SZG,1,1,0,0
RYG,PMI,1,1,0,0
REU,MAN,3,3,0,0
BOD,CIA,1,1,0,0
SKG,CIA,1,1,0,0
BRI,CIA,1,1,0,0
CPH,BLL,1,1,0,1
STX,STT,2,2,0,0
FBM,NLA,3,3,0,1
BGO,JFK,1,1,0,1
MED,ELQ,1,1,0,0
PHX,GEG,3,3,0,0
HOU,TPA,2,2,0,1
PIT,FLL,1,1,0,0
WUS,XIY,1,1,0,0
HKT,CTU,1,1,0,0
PUJ,FLL,2,2,0,0
UIB,CLO,1,1,0,0
RNL,HIR,1,1,0,0
OPO,PDL,2,2,0,1
BRU,MIR,1,1,0,0
LOS,IST,1,1,0,0
ERC,ESB,1,1,0,1
VNO,IST,1,1,0,0
LED,PED,1,1,0,0
CRD,RGL,1,1,0,0
EWR,ALB,1,1,0,1
STX,MIA,2,2,0,0
CLT,TRI,2,2,0,0
ITH,PHL,2,2,0,1
HHH,DCA,2,2,0,1
CJS,GDL,2,2,0,0
SVG,KRS,1,1,0,0
YIE,HET,1,1,0,0
RAK,LIL,1,1,0,0
HMA,LBD,1,1,0,0
CAN,NAY,2,2,0,1
TUU,CAI,3,3,0,0
JUB,DXB,1,1,0,0
DME,UKS,1,1,0,1
SXM,EUX,1,1,0,0
WJR,NBO,2,2,0,0
YYZ,MIA,4,4,0,1
CDG,PHL,4,4,0,1
PHX,MIA,2,2,0,0
MIA,PTP,2,2,0,0
DFW,LIR,2,2,0,0
PHL,PVD,2,2,0,0
ICN,CJU,2,2,0,0
ICN,DLC,4,4,0,1
ELM,PIE,1,1,0,0
AZA,FWA,1,1,0,0
EZE,MAD,3,3,0,0
AMS,SXB,3,3,0,1
ORY,LCY,2,2,0,0
ATL,SHV,3,3,0,3
TXL,AYT,3,3,0,0
HRG,TXL,1,1,0,0
HER,NUE,2,2,0,0
RUH,BOM,3,3,0,0
MAN,PFO,7,7,0,0
LTN,ALC,2,2,0,0
CUL,HMO,2,2,0,1
MEX,LAP,3,3,0,1
MEX,DTW,2,2,0,1
LAS,MEX,3,3,0,0
CTS,TPE,4,4,0,1
YEG,YVR,3,3,0,1
YYZ,ZRH,2,2,0,1
DLA,BRU,5,5,0,4
JED,FRA,6,6,0,4
FDF,YUL,1,1,0,0
TAS,RIX,2,2,0,1
DME,NBC,1,1,0,0
RGL,AEP,2,2,0,1
LPB,SRE,2,2,0,0
VIE,GVA,2,2,0,2
KWI,CCJ,1,1,0,0
CCU,KUL,1,1,0,0
KUL,TRZ,2,2,0,0
TSN,SHA,7,7,0,1
PEK,CAN,4,4,0,1
CGQ,CAN,3,3,0,1
WUX,CAN,4,4,0,0
ALG,BOD,1,1,0,0
ALG,PMI,1,1,0,0
JEG,JAV,1,1,0,0
ALA,SCO,2,2,0,0
KBP,ALA,2,2,0,0
AMA,MDW,1,1,0,1
AGP,YUL,1,1,0,0
CYO,MXP,1,1,0,0
HKG,HAN,4,4,0,0
HKG,NKG,6,6,0,1
HKG,SUB,1,1,0,0
CGK,TPE,3,3,0,0
OKJ,PVG,2,2,0,1
INC,XIY,6,6,0,0
YIH,SHA,2,2,0,1
PEK,DQA,3,3,0,1
WUH,ZUH,1,1,0,0
SDU,CNF,3,3,0,0
RHO,HAJ,2,2,0,0
BJX,LAX,2,2,0,1
INL,BRD,1,1,0,1
SLC,CDC,1,1,0,1
LAN,MSP,2,2,0,1
CAE,LGA,1,1,0,1
DTW,LAX,3,3,0,1
ATL,DAL,4,4,0,4
BDA,BOS,1,1,0,0
CAI,AUH,2,2,0,0
LZH,XMN,1,1,0,0
AUH,CTU,3,3,0,1
NCE,LIL,2,2,0,0
YVP,YUL,1,1,0,0
AGP,CPH,4,4,0,1
CLT,TTN,1,1,0,0
LHE,BAH,2,2,0,0
FRA,FAO,3,3,0,1
HER,CGN,2,2,0,0
PMI,FRA,4,4,0,0
DKR,ABJ,3,3,0,0
ALC,CWL,3,3,0,1
VLC,LPA,2,2,0,1
FLR,MAD,2,2,0,1
KWI,DWC,2,2,0,0
ORH,MCO,1,1,0,0
BEN,TUN,3,3,0,0
RTM,MUC,1,1,0,1
EWR,BFS,2,2,0,1
BDU,OSL,1,1,0,0
FAO,ARN,1,1,0,0
PMI,TRF,1,1,0,0
JED,LXR,2,2,0,0
MCZ,BSB,3,3,0,0
REC,SSA,4,4,0,0
SSA,IOS,3,3,0,0
VII,BMV,1,1,0,0
YKT,ZEL,1,1,0,0
MYA,SYD,1,1,0,0
JNB,KGL,2,2,0,0
EDI,CIA,1,1,0,0
STN,BSL,1,1,0,0
DUB,ALC,2,2,0,0
NYO,MLA,1,1,0,0
TFS,NOC,1,1,0,0
RAK,LTN,1,1,0,0
GRO,WRO,1,1,0,0
MRS,CRL,1,1,0,0
RHO,KUN,1,1,0,0
EDI,OSL,2,2,0,0
OSL,BKK,3,3,0,1
YYZ,DXB,1,1,0,0
ANU,SJU,1,1,0,0
ADB,DTM,1,1,0,0
SYX,WUX,2,2,0,1
ALA,DMB,1,1,0,0
AJU,REC,2,2,0,0
VXE,LIS,2,2,0,0
PGX,EGC,1,1,0,0
LEI,AMS,1,1,0,0
MRV,VKO,1,1,0,0
KJA,VKO,1,1,0,0
EWR,SNA,1,1,0,0
IAH,IND,1,1,0,0
CEK,DWC,1,1,0,0
DME,OVB,3,3,0,0
DFW,LRD,2,2,0,2
LGA,LIT,2,2,0,1
CLT,LAS,2,2,0,0
BJX,CUN,1,1,0,0
YHZ,MBJ,1,1,0,0
MOL,KSU,1,1,0,0
TZL,MMX,1,1,0,0
POZ,BCN,1,1,0,0
BGY,CLJ,1,1,0,0
CUN,TAM,1,1,0,0
BEL,IMP,1,1,0,0
CNF,SLZ,1,1,0,0
IPN,PLU,1,1,0,0
CKS,CNF,1,1,0,0
HIA,SZX,1,1,0,0
HYL,CGA,1,1,0,0
GCW,BLD,1,1,0,0
NKC,DKR,3,3,0,0
BRN,BCN,1,1,0,0
KTN,KLW,1,1,0,0
YYR,ZUM,1,1,0,0
WIL,UAS,2,2,0,0
PUJ,CLT,2,2,0,0
PVR,DFW,2,2,0,0
ANU,MIA,2,2,0,0
LAX,PBI,2,2,0,1
RIC,LGA,3,3,0,1
PHL,SWF,2,2,0,1
JFK,EZE,3,3,0,1
ORD,RST,2,2,0,2
CLT,CAE,2,2,0,1
LAS,YVR,4,4,0,1
TVC,ORD,3,3,0,3
ICN,SZX,3,3,0,0
SKG,STR,4,4,0,1
LCY,DOL,2,2,0,1
ORY,FDF,3,3,0,0
KBV,BKK,8,8,0,6
GSO,ATL,5,5,0,3
NOU,AKL,2,2,0,0
OTP,TXL,2,2,0,1
MAA,BOM,7,7,0,1
ALC,LGW,6,6,0,1
ZRH,NRT,2,2,0,1
RIX,SVG,1,1,0,0
VLI,AKL,2,2,0,0
EGO,KZN,1,1,0,0
PDX,SLC,3,3,0,1
OUA,DKR,1,1,0,0
SAL,PTY,2,2,0,0
SMR,MDE,1,1,0,0
LPB,RBQ,1,1,0,0
TAE,PEK,1,1,0,0
MFM,PVG,6,6,0,1
PEK,KMG,6,6,0,1
CAN,YBP,2,2,0,1
KMG,PVG,7,7,0,1
XMN,WUS,3,3,0,1
XNN,CGO,5,5,0,2
WUX,CTU,4,4,0,1
ALG,BKO,1,1,0,0
KIV,DUB,1,1,0,0
JAL,MEX,2,2,0,0
HOU,PVD,1,1,0,1
TPA,STL,2,2,0,1
MSY,FLL,2,2,0,1
MCO,HOU,2,1,1,0
SNU,CCC,1,1,0,0
UNK,SMK,2,2,0,1
IKT,ULK,3,3,0,0
RUH,HKG,1,1,0,0
HKG,HAK,4,4,0,1
HAV,GCM,1,1,0,0
HKG,HFE,1,1,0,0
LYI,PEK,1,1,0,0
XMN,NGB,3,3,0,1
NVT,CGH,2,2,0,0
HAJ,ACE,2,2,0,0
AYT,MUC,4,4,0,0
DBV,FRA,2,2,0,1
ATL,SAP,1,1,0,0
MSP,ALB,1,1,0,1
BGM,DTW,1,1,0,1
GIG,DXB,1,1,0,0
JIJ,ADD,1,1,0,0
LPL,JER,1,1,0,0
ORY,NCE,2,2,0,0
HER,SXF,2,2,0,0
HUY,JER,1,1,0,0
GLA,BHD,1,1,0,0
GLA,KOI,1,1,0,1
BRR,GLA,1,1,0,1
BIO,TXL,2,2,0,1
PUJ,PHL,3,3,0,0
DEN,MDT,1,1,0,0
DJJ,MKQ,3,3,0,0
RAK,CGN,1,1,0,0
LPA,ALC,1,1,0,1
BDQ,DEL,2,2,0,0
VTZ,HYD,3,3,0,0
JAI,AMD,1,1,0,0
GBT,THR,2,2,0,0
BFS,REU,1,1,0,0
MAN,JER,2,2,0,0
IBZ,GLA,1,1,0,0
PSE,MCO,1,1,0,0
SZX,BHY,1,1,0,0
LOS,AMS,1,1,0,0
PUS,FUK,3,3,0,0
LCA,WAW,1,1,0,0
ZRH,WAW,2,2,0,0
DPS,MOF,1,1,0,1
RGN,PNH,1,1,0,0
KSD,ARN,1,1,0,0
BGO,PMI,1,1,0,0
OSL,AJA,1,1,0,0
OSL,PSA,1,1,0,0
KRK,BGO,1,1,0,0
ATH,AXD,2,2,0,1
MCT,CMB,3,3,0,1
ISB,CPH,1,1,0,0
ANC,MCG,2,2,0,0
YTZ,MDW,1,1,0,0
CNS,AYQ,1,1,0,1
HYD,DOH,1,1,0,0
EIN,AGP,2,2,0,0
BCN,BGY,1,1,0,0
CCF,EMA,1,1,0,0
MRS,AGP,1,1,0,0
TSF,EIN,1,1,0,0
RIX,HHN,1,1,0,0
PRN,CPH,1,1,0,0
DME,PWQ,1,1,0,0
LZH,CSX,1,1,0,0
IST,MED,2,2,0,0
SAT,BNA,1,1,0,0
DEN,TUL,2,2,0,1
ZRH,AMS,2,2,0,0
SAW,ADB,3,3,0,0
CTU,JIQ,1,1,0,0
IAH,ORD,4,4,0,1
CUE,GYE,1,1,0,0
MAO,BVB,3,3,0,0
BIO,SCQ,2,2,0,1
SCQ,BIO,2,2,0,1
RTM,EIN,1,1,0,0
GVA,OTP,2,2,0,0
YYZ,SFO,2,2,0,1
PVR,IAH,1,1,0,0
OGG,ORD,1,1,0,0
SFO,FLL,3,3,0,0
EWR,GCM,1,1,0,0
IAH,UIO,1,1,0,0
IAH,OMA,1,1,0,1
IAH,CAE,1,1,0,1
HSV,IAH,1,1,0,1
MIA,IND,2,2,0,1
OVB,NMA,1,1,0,0
MDW,MLM,1,1,0,0
YEG,CUN,1,1,0,0
SJD,YVR,1,1,0,0
BOO,SVJ,1,1,0,0
RVK,TRD,1,1,0,0
SVG,VNO,1,1,0,0
CTA,BUD,1,1,0,0
VNO,TLV,1,1,0,0
MTY,OAX,1,1,0,0
CNF,IZA,1,1,0,0
MOU,KSM,1,1,0,1
LOS,QOW,1,1,0,0
KLG,RSH,2,2,0,1
LHR,FRA,4,4,0,2
LHR,GLA,3,3,0,2
UIO,GYE,8,8,0,2
STT,PHL,2,2,0,0
LAX,MMH,2,2,0,2
DFW,SNA,3,3,0,1
DFW,GPT,2,2,0,1
CLT,DSM,2,2,0,2
CJU,GMP,6,6,0,0
SWF,PIE,1,1,0,0
FWA,MYR,1,1,0,0
IDA,AZA,1,1,0,0
PGD,SGF,1,1,0,0
SCQ,IBZ,1,1,0,0
OTP,MAD,3,3,0,1
MUC,HER,5,5,0,1
CDG,AMS,3,3,0,1
FCO,ATL,5,5,0,4
DUS,JER,1,1,0,0
MUC,CAG,3,3,0,1
FUE,LEJ,2,2,0,0
BOM,BKK,5,5,0,0
BOM,VTZ,2,2,0,1
MAD,BRU,5,5,0,0
GDL,CUL,2,2,0,1
NRT,IAD,2,2,0,0
ISG,HND,2,2,0,0
MMY,OKA,3,3,0,0
POM,HGU,2,2,0,0
ORD,YXU,2,2,0,2
PLQ,RIX,1,1,0,0
BQB,PER,2,2,0,1
PDX,ORD,4,4,0,0
GRU,VVI,2,2,0,0
LNZ,DUS,2,2,0,2
MOZ,PPT,1,1,0,0
SIN,SZX,5,5,0,1
XMN,NKG,9,9,0,1
JNS,UAK,1,1,0,0
KHV,OHH,1,1,0,0
SCY,GYE,4,4,0,1
ZAG,BRU,2,2,0,1
BCN,SOF,2,2,0,0
HKG,MEL,3,3,0,0
BSB,BRA,3,3,0,0
HKG,LJG,1,1,0,0
KMG,LLF,1,1,0,0
TXN,CKG,2,2,0,1
FOC,HGH,2,2,0,1
HGH,NNG,4,4,0,1
BSB,POA,2,2,0,0
TLV,JFK,2,2,0,0
ICT,MSP,1,1,0,1
EWR,CVG,2,2,0,2
ATL,PWM,3,3,0,2
FAR,SLC,1,1,0,1
CAI,AMM,3,3,0,0
CPH,ARN,3,3,0,0
LGW,SXF,1,1,0,0
BSL,RAK,1,1,0,0
BCN,IBZ,3,3,0,1
UPG,MDC,2,2,0,0
KDI,UPG,3,3,0,0
CGN,RJK,1,1,0,0
KVA,CGN,1,1,0,0
HAK,TYN,1,1,0,0
BCN,FEZ,3,3,0,1
THR,RZR,1,1,0,0
GBT,MHD,1,1,0,0
KUL,NRT,3,3,0,0
TFS,BLK,1,1,0,0
JFK,PWM,1,1,0,0
NBO,BZV,2,2,0,1
PUS,REP,2,2,0,0
KWI,ADD,3,3,0,1
TPP,IQT,2,2,0,1
MUC,SBZ,2,2,0,1
CAG,MUC,3,3,0,1
BKK,MUC,2,2,0,1
KTM,HKG,1,1,0,0
YXC,YLW,1,1,0,0
DBA,KHI,1,1,0,0
ADA,ADB,2,2,0,0
SAW,KRR,1,1,0,0
MNL,DOH,2,2,0,0
KTA,BNE,1,1,0,0
HBE,DOH,1,1,0,0
DOH,MXP,1,1,0,0
KGL,JNB,2,2,0,0
CRL,CFU,1,1,0,0
STN,BLL,1,1,0,0
DUB,MLA,1,1,0,0
KIR,FAO,1,1,0,0
MAH,VLC,2,2,0,1
CHQ,EMA,1,1,0,0
CIA,MAD,1,1,0,0
NRN,SKG,1,1,0,0
HYD,TIR,2,2,0,0
CGK,PDG,4,4,0,0
OMA,MDW,2,2,0,1
SFO,MDW,2,2,0,1
ONT,MDW,1,1,0,0
IAD,GVA,2,2,0,1
CTU,LJG,5,5,0,1
CDJ,CMP,1,1,0,0
DME,DLM,1,1,0,0
LAD,BZV,1,1,0,0
CBT,LAD,1,1,0,0
BUD,OTP,1,1,0,0
SFO,YVR,3,3,0,0
SFO,PSC,1,1,0,1
LAX,EWR,2,2,0,0
CLE,RSW,1,1,0,0
DCA,CLE,1,1,0,1
MSY,CLE,1,1,0,1
ROA,IAD,1,1,0,1
LIT,CLT,2,2,0,1
AVP,PHL,2,2,0,1
TAS,KBP,1,1,0,0
LXA,XNN,2,2,0,0
SYD,HVB,1,1,0,1
YYZ,YEG,2,2,0,0
KOA,YVR,1,1,0,0
MJF,SSJ,1,1,0,0
XIY,PUS,1,1,0,0
MAN,LEI,2,2,0,0
CWL,LCA,1,1,0,0
LIL,RAK,1,1,0,0
HER,LYS,1,1,0,0
TQL,SLY,1,1,0,0
PLS,CAP,2,2,0,0
BEL,CKS,1,1,0,0
DXB,TBS,1,1,0,0
DWC,CMB,1,1,0,0
KAL,NUL,1,1,0,1
NDB,NKC,1,1,0,0
BLA,VLN,2,2,0,0
YLL,YYC,1,1,0,0
TLJ,MCG,1,1,0,0
YUL,PHL,2,2,0,2
MGA,MIA,3,3,0,0
SCL,PMC,3,3,0,1
FDF,SJU,2,2,0,1
KOA,SJC,2,2,0,1
DCA,MYR,2,2,0,2
IAH,DOH,3,3,0,0
DFW,BNE,2,2,0,1
DSM,CLT,2,2,0,2
FAY,DCA,2,2,0,2
PUS,TAO,5,5,0,3
GMP,HND,4,4,0,0
AZA,PSC,1,1,0,0
PMI,ORY,4,4,0,2
HER,BRU,3,3,0,1
DME,HER,3,3,0,0
KHV,SVO,1,1,0,0
SVO,STW,1,1,0,0
KTT,HEL,2,2,0,1
CDG,SLC,2,2,0,1
ORY,RUN,3,3,0,1
MCO,ATL,8,8,0,5
IBZ,BSL,1,1,0,0
LKO,BOM,5,5,0,1
HER,LGW,3,3,0,0
EWR,YEG,2,2,0,1
ORD,YUL,6,6,0,4
MSY,IAD,3,3,0,2
SEA,BOI,1,1,0,1
BZN,SEA,1,1,0,1
BOG,PUJ,2,2,0,0
JFK,SAL,3,3,0,1
DXB,IXE,2,2,0,0
CPT,MUB,1,1,0,0
TSN,TYN,1,1,0,0
DUB,HAM,1,1,0,0
TVU,SUV,1,1,0,1
CPH,SFJ,1,1,0,0
ALA,SGN,1,1,0,0
MRS,TNR,1,1,0,0
OMA,SAN,1,1,0,1
MKE,LAX,2,2,0,1
BHM,BWI,2,2,0,1
BOS,MAD,4,4,0,1
LPA,DKR,2,2,0,0
YRT,YCS,3,3,0,1
TPE,KMI,1,1,0,0
SHA,TSA,6,6,0,0
LYG,SHA,2,2,0,1
PEK,CIH,2,2,0,0
SZX,CTU,7,7,0,0
CKG,YCU,1,1,0,0
SHE,XMN,3,3,0,1
BSB,FOR,3,3,0,0
BSB,THE,2,2,0,0
LCY,DRS,2,2,0,1
MCO,MAN,3,3,0,2
POS,PMV,1,1,0,0
PTY,COR,1,1,0,0
DTW,PVD,1,1,0,0
DTW,DFW,4,4,0,0
SAN,DTW,2,2,0,1
BUD,TLV,2,2,0,0
PMZ,SJO,3,3,0,1
BRS,LIS,1,1,0,0
LGW,CHQ,2,2,0,0
GVA,LTN,1,1,0,0
LHR,PHX,4,4,0,2
SOU,MAN,1,1,0,0
SKP,SXF,1,1,0,0
BRI,STR,1,1,0,0
STR,CFU,2,2,0,0
ACC,MAD,1,1,0,0
NKC,LPA,1,1,0,0
MXP,MAD,3,3,0,0
BBI,VTZ,1,1,0,0
SVO,IKA,2,2,0,0
OKJ,OKA,1,1,0,0
NCL,RHO,2,2,0,0
GLA,ALC,3,3,0,0
LRM,JFK,1,1,0,0
PHL,BOS,3,3,0,0
MCO,SJU,4,4,0,1
SHA,INC,1,1,0,0
AUH,KIH,1,1,0,0
PTP,DOM,3,3,0,0
FRA,DEN,2,2,0,1
VHM,ARN,2,2,0,1
OUL,ALC,1,1,0,0
DBV,BGO,1,1,0,0
ZAG,CPH,3,3,0,1
RUH,HTY,1,1,0,0
LHE,LHR,1,1,0,0
LHE,DEL,1,1,0,0
DXB,SYD,2,2,0,0
PIK,TFS,1,1,0,0
TFS,BOH,2,2,0,0
AGP,BLL,1,1,0,0
CFU,EMA,1,1,0,0
RIX,STN,1,1,0,0
NRN,ACE,1,1,0,0
CGK,PGK,4,4,0,0
CFU,DUS,2,2,0,0
SAN,STL,1,1,0,0
CGQ,TAO,5,5,0,1
LZO,CAN,2,2,0,1
UKB,NGS,1,1,0,0
TUN,NKC,1,1,0,0
BKK,FCO,1,1,0,0
DMK,SIN,1,1,0,0
IST,IGD,1,1,0,0
KBL,IST,1,1,0,0
RIX,VKO,2,2,0,0
CUN,CLE,2,2,0,0
GUM,CNS,1,1,0,0
CLE,DUJ,1,1,0,1
FLL,GHB,2,2,0,1
ORD,LAN,1,1,0,1
SGN,NGO,1,1,0,0
BOJ,LTN,1,1,0,0
CAI,TAI,1,1,0,0
HGH,TGO,1,1,0,0
DYU,DME,2,2,0,0
IOM,BLK,1,1,0,0
NKM,KCZ,1,1,0,0
NKM,HNA,1,1,0,0
TSF,LWO,1,1,0,0
FEN,REC,2,2,0,0
VCP,SDU,1,1,0,0
SSA,PAV,1,1,0,0
SVX,IJK,1,1,0,0
YEV,YUB,1,1,0,0
YZV,YYY,2,2,0,0
DUB,CLT,2,2,0,0
LAX,SAN,5,5,0,5
PHF,CLT,2,2,0,1
MAF,DFW,2,2,0,1
TYS,PHL,2,2,0,1
JFK,STT,3,3,0,0
MWX,CJU,1,1,0,0
SFB,HTS,1,1,0,0
SVQ,PMI,5,5,0,0
RHO,KGS,2,2,0,0
CDG,PTY,1,1,0,0
TXL,FUE,1,1,0,0
CLY,DUS,1,1,0,0
BOM,CAI,2,2,0,1
LGW,MAH,3,3,0,0
DGO,MEX,2,2,0,1
MEX,TAM,2,2,0,1
REX,PAZ,2,2,0,0
IND,CUN,2,2,0,1
CTS,FUK,3,3,0,0
NGS,TSJ,2,2,0,1
SIN,FUK,2,2,0,1
KIX,CGK,2,2,0,0
PDX,YYC,2,2,0,2
KNX,PER,4,4,0,2
BHI,AEP,2,2,0,1
EZE,REL,1,1,0,0
BOI,SEA,1,1,0,1
USK,ARH,1,1,0,1
KUL,NNG,1,1,0,0
XIY,NAO,1,1,0,0
CAN,YCU,2,2,0,1
TAO,TYN,4,4,0,1
KWE,ZUH,3,3,0,1
AMM,ALG,2,2,0,0
LHR,SNN,1,1,0,0
ORK,BHX,1,1,0,1
SVR,THU,1,1,0,0
LHR,ALA,2,2,0,0
ALA,HKG,1,1,0,0
KTN,MTM,3,3,0,0
DAL,HOU,2,2,0,0
YYZ,GLA,1,1,0,0
LGW,FCO,3,3,0,0
TXL,BRU,3,3,0,1
PRG,BRU,4,4,0,1
LHW,CAN,2,2,0,0
XIY,JZH,1,1,0,0
YNT,KIX,2,2,0,1
PVG,FRA,3,3,0,0
PVG,NKG,1,1,0,0
HKG,SHE,1,1,0,0
KWL,SHE,1,1,0,0
CGH,PPB,1,1,0,0
PTY,GUA,1,1,0,0
PTY,MDE,1,1,0,0
LAS,PTY,2,2,0,1
DZA,TNR,3,3,0,1
AMS,BOS,2,2,0,1
DTW,RIC,1,1,0,0
CMH,MSP,1,1,0,1
MSP,PSP,2,2,0,0
MSP,CID,1,1,0,1
MSP,MBS,1,1,0,1
DOH,MCT,5,5,0,2
ABJ,ACC,7,7,0,0
KWI,SSH,1,1,0,0
EBL,CAI,1,1,0,0
LCA,DXB,1,1,0,0
DXB,HYD,3,3,0,0
DXB,AMM,4,4,0,1
BLZ,ADD,1,1,0,0
JAI,AUH,1,1,0,0
LPL,RHO,2,2,0,0
GLA,AMS,3,3,0,1
NCE,BOD,2,2,0,0
NAP,GVA,1,1,0,0
PEN,KUA,2,2,0,1
BCN,MAH,3,3,0,1
NTE,AGP,2,2,0,1
MRS,AGB,1,1,0,0
STR,CTA,5,5,0,1
MPL,DUS,1,1,0,0
BAH,SKT,1,1,0,0
HFE,TYN,3,3,0,1
STR,XRY,2,2,0,0
MAD,LIN,1,1,0,0
ZBR,MHD,1,1,0,0
OVB,NJC,3,3,0,0
NRT,FRA,1,1,0,0
BOS,AUS,1,1,0,0
AMS,HEL,4,4,0,2
ICN,RUH,1,1,0,0
LHE,KWI,3,3,0,0
WAW,KBP,2,2,0,0
TUN,SRX,1,1,0,0
FRA,FMO,1,1,0,1
RIG,POA,1,1,0,0
OSL,EVE,2,2,0,0
ARN,CTA,1,1,0,0
MLX,IST,2,2,0,0
HNL,MNL,1,1,0,0
DOH,LXR,1,1,0,0
NUE,AGP,1,1,0,0
PIK,LDY,1,1,0,0
STN,MLA,1,1,0,0
RZE,EMA,1,1,0,0
BCN,TSF,1,1,0,0
GRO,TLL,1,1,0,0
BVA,BZR,1,1,0,0
GPA,PFO,1,1,0,0
TPS,CIA,1,1,0,0
CAG,TPS,1,1,0,0
CMB,HRI,2,2,0,1
KUL,MED,1,1,0,0
SJC,AUS,1,1,0,0
DEN,IAD,2,2,0,0
MSY,DAL,2,2,0,1
TNA,WUS,1,1,0,0
DKR,LIS,1,1,0,0
ORY,PGX,1,1,0,0
MAD,VKO,1,1,0,0
GUW,VKO,1,1,0,0
STT,EWR,1,1,0,0
EWR,YYT,1,1,0,0
EWR,GSO,1,1,0,1
PBI,MHH,3,3,0,1
XNA,IAH,1,1,0,1
DFW,YYC,4,4,0,1
OAJ,CLT,2,2,0,0
AGU,TIJ,1,1,0,0
AZI,XSB,1,1,0,0
DEB,LTN,1,1,0,0
FUE,LTN,2,2,0,0
MZT,MTY,1,1,0,0
MEM,HOT,1,1,0,0
LCA,IEV,1,1,0,0
FOR,JPA,1,1,0,0
BVH,CGB,1,1,0,0
NRT,OIT,1,1,0,0
SXP,AUK,1,1,0,1
JAX,MHH,2,2,0,1
ABV,KAN,1,1,0,0
YKU,YNC,1,1,0,0
LHR,IAH,6,6,0,3
OAK,HNL,3,3,0,1
IAH,LHR,6,6,0,3
RDU,DFW,2,2,0,0
DFW,SJU,2,2,0,0
BNA,ORD,3,3,0,2
DSM,ORD,3,3,0,1
SAN,YYC,2,2,0,0
ORD,AMM,3,3,0,1
GSO,MIA,2,2,0,1
SDF,LGA,3,3,0,1
SFB,LEX,1,1,0,0
TGD,LJU,2,2,0,0
SVO,LJU,2,2,0,0
ORY,PMI,4,4,0,2
SVO,EVN,1,1,0,0
CDG,MRU,2,2,0,0
BUD,CDG,2,2,0,0
ATL,SAN,8,8,0,6
ATL,PIA,3,3,0,3
NUE,LPA,1,1,0,0
LEJ,AYT,4,4,0,0
LGW,PFO,5,5,0,0
CCU,IXS,3,3,0,2
MEX,YUL,1,1,0,0
YVR,HND,2,2,0,0
ISG,MMY,1,1,0,0
DLC,PEK,6,6,0,1
TNA,KIX,3,3,0,2
YYZ,TPA,2,2,0,0
LAS,PDX,3,3,0,0
VIE,CLJ,2,2,0,1
BOG,SJE,2,2,0,1
JFK,SAP,1,1,0,0
LNE,LOD,1,1,0,0
SYZ,THR,3,3,0,0
AMS,TXL,2,2,0,1
LGW,PEK,2,2,0,0
CTU,SYX,5,5,0,1
ORN,CMN,1,1,0,0
ORK,FAO,2,2,0,0
RKV,IFJ,1,1,0,0
GOH,JAV,1,1,0,0
JAV,JUV,1,1,0,0
ECN,ADA,2,2,0,0
DIE,DZA,1,1,0,0
BET,GNU,1,1,0,0
MEX,MFE,1,1,0,0
TPA,ALB,2,2,0,1
MDW,AUS,2,2,0,1
LHR,LAD,1,1,0,0
DEN,LHR,4,4,0,2
KUF,EGO,1,1,0,0
OTZ,ORV,2,2,0,1
DAV,PAC,1,1,0,0
HKG,CGO,3,3,0,0
PVG,DPS,1,1,0,0
ZYI,NKG,1,1,0,0
CAN,FUK,1,1,0,0
XMN,AMS,2,2,0,1
HET,CSX,3,3,0,0
CGR,GRU,3,3,0,0
PMI,HAJ,4,4,0,0
PUJ,BOG,2,2,0,0
PTY,SJU,1,1,0,0
HAV,CMW,1,1,0,0
OMA,SLC,1,1,0,1
SFO,MSP,3,3,0,0
MEM,IND,1,1,0,1
NCE,TLL,1,1,0,0
NDJ,NIM,1,1,0,1
LGW,LIN,1,1,0,0
STN,BFS,1,1,0,0
DBV,EDI,2,2,0,0
BCN,GVA,2,2,0,0
ATH,MXP,3,3,0,1
DUS,BHX,2,2,0,1
ERF,PMI,1,1,0,0
SPU,CGN,1,1,0,0
THR,AZD,2,2,0,0
BND,AZD,1,1,0,0
AGP,NCL,3,3,0,0
OOL,NRT,3,3,0,2
MCY,SYD,2,2,0,1
KWI,BKK,1,1,0,0
TCQ,LIM,1,1,0,1
SXM,DOM,5,5,0,0
SXM,STT,2,2,0,0
DJB,BTH,2,2,0,0
MUC,JNB,3,3,0,1
BSL,FRA,3,3,0,1
LGL,MUR,1,1,0,1
SKD,DME,2,2,0,0
KSQ,DME,2,2,0,0
POR,KOK,1,1,0,0
OSL,VXO,1,1,0,0
AAL,AGP,1,1,0,0
REN,DYU,2,2,0,0
PZH,UET,1,1,0,0
EBU,SAW,1,1,0,0
HTY,ADB,1,1,0,0
DOH,WAW,1,1,0,0
BNK,NTL,1,1,0,0
AUH,CMN,3,3,0,2
CRL,BUD,2,2,0,0
CRL,OPO,1,1,0,0
PIK,CIA,1,1,0,0
STN,LUZ,1,1,0,0
EIN,GRO,1,1,0,0
NYO,CIA,1,1,0,0
JNB,LBV,1,1,0,0
HOR,FLW,1,1,0,0
CGK,MDC,3,3,0,0
AQI,JED,1,1,0,0
LHE,RUH,3,3,0,0
OMA,PHX,3,3,0,0
ABQ,MDW,2,2,0,1
VLC,ZRH,1,1,0,0
DMK,SZX,1,1,0,0
CNX,HDY,1,1,0,0
IST,KSH,1,1,0,0
MXP,TLS,1,1,0,0
GNV,MCO,2,2,0,1
CLE,TPA,1,1,0,0
EWR,POP,1,1,0,0
FLL,CLE,1,1,0,0
IAH,ACY,1,1,0,1
ORD,AVL,1,1,0,1
EUG,DEN,2,2,0,1
MRV,DWC,1,1,0,0
CHA,DFW,2,2,0,1
LAX,UPN,1,1,0,0
UVF,ANU,1,1,0,0
SNW,RGN,1,1,0,0
ERL,PEK,1,1,0,0
POA,MGF,1,1,0,0
YLH,YFH,1,1,0,0
ORY,BJA,2,2,0,0
YHZ,DCA,2,2,0,2
LHR,SOF,3,3,0,1
AUH,ORD,2,2,0,1
SYD,CNS,5,5,0,2
OGG,LAX,7,7,0,2
SFO,LAX,7,7,0,2
LAX,SJC,6,6,0,3
DFW,YUL,3,3,0,1
DFW,MOB,2,2,0,1
MQT,ORD,2,2,0,2
SAN,CLT,2,2,0,0
CHS,DFW,2,2,0,2
HKG,DEL,5,5,0,1
ICN,IST,3,3,0,0
SFB,OWB,1,1,0,0
AZA,ICT,1,1,0,0
SVO,NCE,1,1,0,0
ATL,GPT,4,4,0,3
DUS,PUJ,1,1,0,0
PMI,TXL,2,2,0,0
MCT,HYD,2,2,0,0
MAA,CMB,4,4,0,1
CCU,IXR,3,3,0,2
GAU,DIB,2,2,0,2
FUJ,FUK,2,2,0,0
AMD,SHJ,1,1,0,0
YOW,YYC,2,2,0,0
YYZ,MUC,2,2,0,1
YYZ,VRA,3,3,0,1
BRU,DKR,5,5,0,3
WLG,BNE,2,2,0,1
BET,EMK,1,1,0,0
AEP,FLN,1,1,0,0
KRK,VIE,2,2,0,2
VIE,DBV,2,2,0,2
VIE,SPU,2,2,0,1
GYE,CLO,2,2,0,1
KUL,PNH,2,2,0,0
KUL,BKI,3,3,0,0
CGN,AMS,2,2,0,2
VCE,LIS,2,2,0,1
BOB,HUH,1,1,0,0
PEK,CJJ,2,2,0,1
NNG,PEK,4,4,0,0
CTU,KWE,6,6,0,1
PVG,KMG,6,6,0,1
CNX,PEK,1,1,0,0
TWB,SYD,1,1,0,0
DUB,PRG,2,2,0,0
JAV,JEG,1,1,0,0
MSY,MCO,2,2,0,1
SNA,SJD,1,1,0,0
YYZ,VCE,1,1,0,0
ILO,DVO,1,1,0,0
KWL,ICN,2,2,0,0
KHN,WUH,1,1,0,0
SYX,KMG,3,3,0,0
NAY,KHN,2,2,0,1
WUX,XMN,3,3,0,1
HGH,CGQ,3,3,0,1
POA,FLN,2,2,0,0
KGS,SXF,1,1,0,0
REC,FRA,1,1,0,0
MAR,PBL,1,1,0,0
KSC,PRG,2,2,0,0
IAH,AMS,4,4,0,2
SAN,SLC,2,2,0,1
ATW,ATL,3,3,0,3
HKG,OKA,3,3,0,0
LHR,CAI,2,2,0,0
DXB,HAM,2,2,0,1
DXB,KIX,2,2,0,1
LGW,MJV,1,1,0,0
PMI,GLA,4,4,0,0
PKU,CGK,6,6,0,0
DPS,TMC,2,2,0,1
IXR,BOM,2,2,0,0
GSE,VBY,2,2,0,1
FNC,FRA,2,2,0,0
FUK,KMI,2,2,0,1
DPS,BKI,1,1,0,0
BND,THR,2,2,0,0
MHD,KDH,1,1,0,0
LGB,BOS,1,1,0,0
RSW,BOS,1,1,0,0
ATL,LFT,3,3,0,3
ATL,CHO,3,3,0,3
LUN,NBO,4,4,0,2
FRA,GWT,1,1,0,1
TXL,ZAG,2,2,0,1
PNK,KCH,1,1,0,1
OSD,BMA,1,1,0,0
LGW,NAP,4,4,0,0
FUE,FCO,1,1,0,0
POA,SRA,1,1,0,0
OSL,LED,1,1,0,0
BSB,JDO,1,1,0,0
DLA,PNR,1,1,0,0
DOH,CCU,1,1,0,0
RHO,BGY,1,1,0,0
GOA,TPS,1,1,0,0
CPH,VNO,2,2,0,1
OSL,ALC,2,2,0,0
HOR,PDL,1,1,0,0
BOS,BNA,1,1,0,0
TPA,MEM,1,1,0,0
CKG,DYG,2,2,0,0
MIG,SYX,1,1,0,0
DMK,NAW,1,1,0,0
ESB,ADB,2,2,0,1
BZV,LAD,1,1,0,0
IAH,RTB,1,1,0,0
SEA,FRA,3,3,0,1
IND,SFO,1,1,0,0
LAS,CLE,2,2,0,0
FCO,CLT,2,2,0,0
MEM,CLT,2,2,0,0
CLT,ANU,2,2,0,0
CLT,AUA,2,2,0,0
ZCL,LAX,1,1,0,0
ALH,BQB,1,1,0,0
ANX,EVE,1,1,0,0
BVA,POZ,1,1,0,0
YIH,CKG,3,3,0,1
UEL,MPM,1,1,0,0
TJM,HMA,1,1,0,0
OME,SKK,1,1,0,1
BOD,BIA,1,1,0,0
PMO,BOD,1,1,0,0
SVS,FAI,1,1,0,0
RIC,ORD,3,3,0,1
ORD,SJC,2,2,0,0
EZE,DFW,2,2,0,1
RDM,LAX,2,2,0,2
PUS,PVG,4,4,0,0
GDX,KHV,3,3,0,0
SVO,HAV,2,2,0,1
KGL,BJM,7,7,0,3
MEM,ATL,7,7,0,6
NUE,SAW,2,2,0,0
TXL,CTA,6,6,0,2
BHX,BJV,2,2,0,0
BLR,CJB,2,2,0,2
SLC,SJD,2,2,0,2
HIJ,NRT,2,2,0,1
SDJ,ITM,3,3,0,1
POM,RAB,2,2,0,0
IAD,MSY,3,3,0,2
RIX,VCE,2,2,0,0
WLG,MEL,5,5,0,2
WLG,SYD,5,5,0,2
OGG,SJC,3,3,0,1
PDX,RDM,2,2,0,2
YKM,SEA,1,1,0,1
RIY,SHJ,1,1,0,0
VIE,LWO,2,2,0,2
BOG,FRA,2,2,0,1
LIM,CLO,1,1,0,0
IAS,FCO,2,2,0,1
HRE,VFA,1,1,0,0
TYN,CIH,3,3,0,0
BHY,LYA,1,1,0,0
TEN,KWE,1,1,0,0
PEK,OKA,2,2,0,1
PEK,BAV,3,3,0,1
CAN,NKG,6,6,0,0
ORD,PEK,5,5,0,1
DQA,PEK,3,3,0,1
DJG,OGX,1,1,0,0
DUB,MUC,2,2,0,0
GOH,RKV,1,1,0,0
SMS,TMM,1,1,0,0
KIV,LIS,1,1,0,0
RUN,NOS,1,1,0,0
KHV,BQS,1,1,0,0
HGU,TBG,1,1,0,0
YQM,MCO,2,2,0,1
LIS,YYZ,3,3,0,1
STL,MWA,1,1,0,0
HKG,BKI,5,5,0,0
ORD,GCM,1,1,0,0
DPL,CEB,1,1,0,0
XIY,WNZ,5,5,0,1
LYI,HGH,1,1,0,0
HAK,CSX,4,4,0,0
HET,XIL,3,3,0,0
BEL,GRU,2,2,0,0
PMV,MAO,1,1,0,0
KBP,PRG,3,3,0,0
YEG,MSP,1,1,0,1
ATL,BOG,1,1,0,0
CPH,DXB,2,2,0,1
GMB,ASO,1,1,0,0
JER,LPL,1,1,0,0
ABZ,LTN,1,1,0,0
LSI,KOI,1,1,0,1
CMN,BCN,4,4,0,1
ORY,BCN,2,2,0,1
PLM,SIN,3,3,0,2
PGK,CGK,4,4,0,0
ZQW,AYT,1,1,0,0
ALG,MAD,2,2,0,0
CMN,MAD,2,2,0,0
BBI,BLR,1,1,0,0
CCU,DIB,2,2,0,0
DXB,BND,2,2,0,0
EMA,CDG,1,1,0,0
MAH,EDI,1,1,0,0
LGB,SFO,1,1,0,0
MRS,AMS,2,2,0,1
WJU,CJU,1,1,0,0
SCL,ANF,4,4,0,1
WAW,KRK,1,1,0,0
FRA,MPL,1,1,0,0
MUC,TIA,1,1,0,1
NCE,LUX,1,1,0,0
TAS,SIN,2,2,0,1
KIX,KUL,3,3,0,1
CDG,OLB,1,1,0,0
LPA,BGO,1,1,0,0
JDO,GRU,1,1,0,0
YTZ,YQG,1,1,0,0
GLT,ROK,1,1,0,1
KGL,BZV,1,1,0,0
EMA,IBZ,3,3,0,0
STN,CIY,1,1,0,0
NOC,AGP,1,1,0,0
SNN,FUE,1,1,0,0
MAD,BUD,2,2,0,0
FAO,LIS,4,4,0,2
NRN,GRO,1,1,0,0
SVQ,LIS,3,3,0,3
JNB,DAR,1,1,0,0
UFA,DME,4,4,0,0
CDG,CMB,1,1,0,0
DEL,JLR,2,2,0,0
IST,SIN,3,3,0,1
IST,ADB,4,4,0,0
SRG,SUB,3,3,0,1
DAL,HRL,1,1,0,0
CIJ,TDD,1,1,0,0
HYN,CSX,2,2,0,1
BOG,BUN,2,2,0,1
HIR,SCZ,1,1,0,0
ORY,MIR,2,2,0,0
PPP,SYD,1,1,0,0
UTH,HKT,1,1,0,0
BHX,IST,1,1,0,0
IST,MZR,1,1,0,0
GLA,PMI,4,4,0,0
CKG,TSA,2,2,0,0
DME,KHV,1,1,0,0
AGU,IAH,1,1,0,1
DCA,IAH,1,1,0,0
SAV,EWR,1,1,0,1
DEN,EGE,1,1,0,1
BHM,IAH,1,1,0,1
SVX,KJA,2,2,0,0
DYU,MRV,1,1,0,0
VNO,KBP,1,1,0,0
CBR,BNE,3,3,0,2
POS,YYZ,2,2,0,0
TRD,SSJ,1,1,0,0
LTN,LUZ,1,1,0,0
CMN,CUF,1,1,0,0
NGS,IKI,2,2,0,1
KMJ,NKM,1,1,0,0
CNF,UBA,1,1,0,0
CSK,DKR,1,1,0,0
FNA,ABJ,1,1,0,0
YWL,YVR,3,3,0,0
FAI,TAL,2,2,0,0
YMN,YSO,2,2,0,0
YYC,PHX,3,3,0,0
MIA,TGU,2,2,0,0
TPA,PHX,4,4,0,1
PHL,SLC,3,3,0,0
ORD,MSY,13,13,0,12
AUH,ICN,3,3,0,1
CDG,ABJ,2,2,0,1
MXP,NTE,3,3,0,1
ATL,MLU,3,3,0,3
WDH,LUD,1,1,0,0
MUC,AUH,3,3,0,1
STR,HAJ,2,2,0,0
TXL,LED,1,1,0,0
PVG,DEL,2,2,0,0
LGW,ALC,6,6,0,1
PSA,CTA,2,2,0,1
TLC,MTY,2,2,0,1
TAP,MEX,1,1,0,0
CUN,MSP,3,3,0,1
ATL,BWI,7,7,0,4
GUM,NRT,4,4,0,1
FUK,NGO,3,3,0,0
OKJ,GUM,2,2,0,1
MYJ,HND,2,2,0,0
SDJ,KMQ,2,2,0,1
PVG,CKG,7,7,0,1
NGO,HKG,3,3,0,1
SIN,POM,1,1,0,0
RAB,POM,2,2,0,0
YYZ,YQY,1,1,0,1
YYZ,IST,2,2,0,0
VLC,FRA,2,2,0,1
AUH,BRU,3,3,0,1
CHC,AKL,2,2,0,0
NSN,PMR,1,1,0,1
WLG,NSN,1,1,0,1
LAX,MEX,7,7,0,2
TUC,AEP,2,2,0,1
NQN,MDZ,2,2,0,0
XIY,RLK,1,1,0,0
SWA,HGH,2,2,0,0
CIF,HLD,1,1,0,0
PEK,HND,4,4,0,1
PEK,SFO,3,3,0,1
CGO,HAK,5,5,0,0
WUH,XNN,2,2,0,1
HET,HGH,4,4,0,2
JDZ,SZX,2,2,0,1
JIU,PEK,2,2,0,1
ABZ,DUB,1,1,0,1
DUB,HAJ,1,1,0,0
MIA,AMS,1,1,0,0
BOI,DEN,3,3,0,1
ELP,PHL,1,1,0,1
HRL,MAF,1,1,0,1
MAF,DAL,2,2,0,1
YYZ,LIS,3,3,0,1
ATH,KSO,1,1,0,0
POS,FLL,2,2,0,0
ZAM,DVO,1,1,0,0
LAX,TPE,4,4,0,1
WUH,WNZ,4,4,0,0
NAY,DAT,2,2,0,1
CAN,PER,1,1,0,0
LYG,HSN,1,1,0,0
WNH,KMG,2,2,0,0
NBS,PEK,1,1,0,0
BEL,MCP,3,3,0,0
AYT,STR,4,4,0,0
DLM,SXF,1,1,0,0
MUC,SPU,2,2,0,1
CMW,HAV,1,1,0,0
OMA,DCA,3,3,0,3
CVG,GRR,1,1,0,0
PBH,IXB,1,1,0,0
IST,SSH,2,2,0,0
JNB,DXB,2,2,0,1
DXB,KUL,3,3,0,1
BEG,AMS,2,2,0,0
BRS,MAD,1,1,0,0
BRS,BOD,1,1,0,0
LIS,GVA,4,4,0,1
BCN,GOA,2,2,0,1
DEN,AIA,3,3,0,2
GSO,DEN,1,1,0,0
BAH,ADD,1,1,0,0
JTR,BRU,1,1,0,0
SMF,HNL,1,1,0,0
BND,SYZ,2,2,0,0
HND,SIN,4,4,0,1
SVX,KQT,1,1,0,0
SJO,FLL,2,2,0,0
SHA,LCX,1,1,0,0
POL,NBO,2,2,0,0
SEZ,NBO,1,1,0,0
RZE,WAW,1,1,0,1
SOQ,MDC,1,1,0,1
FRA,BRE,1,1,0,0
BCN,EWR,2,2,0,1
GOT,BRU,2,2,0,1
TSA,MZG,2,2,0,0
FCO,FUE,1,1,0,0
BEY,KAN,1,1,0,0
ARN,JKG,1,1,0,0
OSL,GDN,2,2,0,0
NCE,ARN,2,2,0,0
JBQ,PAP,2,2,0,0
BJL,CMN,1,1,0,0
BRE,EDI,1,1,0,0
LPL,IBZ,1,1,0,0
STN,OSI,1,1,0,0
RYG,GDN,1,1,0,0
GRO,MAN,1,1,0,0
CHQ,MRS,1,1,0,0
SKG,STN,1,1,0,0
PMF,AHO,1,1,0,0
BTS,DUB,1,1,0,0
LIS,PIX,2,2,0,1
KSU,OSL,1,1,0,0
ARN,TLL,2,2,0,1
MLE,HRI,2,2,0,1
GVA,RUH,1,1,0,0
MDW,SAN,2,2,0,1
DEN,GRR,2,2,0,1
OKC,PHX,1,1,0,0
ECP,HOU,1,1,0,0
RTW,SVX,1,1,0,0
LIS,LAD,2,2,0,0
HKG,IST,1,1,0,0
IEV,VKO,2,2,0,0
VKO,AGP,1,1,0,0
DGO,LAX,1,1,0,1
GUM,YAP,1,1,0,0
OKC,SFO,1,1,0,1
FCO,SVX,1,1,0,0
IST,LAX,2,2,0,1
TAS,BKK,1,1,0,0
EVN,KBP,1,1,0,0
CJS,MEX,3,3,0,0
TIJ,LAP,1,1,0,0
YQQ,YYC,1,1,0,0
YVR,SJD,1,1,0,0
YYJ,YLW,1,1,0,0
NNG,HGH,4,4,0,1
SLY,TJM,1,1,0,0
BHV,KHI,2,2,0,0
VNO,IEV,1,1,0,0
PNH,REP,1,1,0,0
OTZ,DRG,2,2,0,1
PDP,AEP,2,2,0,1
LHR,AGP,2,2,0,1
MXP,JFK,10,10,0,4
CUN,MIA,3,3,0,0
ANU,CLT,2,2,0,0
DCA,ALB,2,2,0,1
MIA,RDU,2,2,0,0
ROW,DFW,2,2,0,1
SNA,SEA,2,2,0,1
TIP,HBE,2,2,0,0
OSL,AAL,4,4,0,1
CDG,VLC,2,2,0,1
MRV,LED,1,1,0,0
SVO,MXP,2,2,0,0
BRU,JFK,6,6,0,4
AMS,MRS,2,2,0,1
MRS,CLY,3,3,0,1
CDG,VIE,4,4,0,2
CDG,HAN,3,3,0,2
IAD,CDG,5,5,0,2
MUC,OLB,3,3,0,2
CFU,VIE,2,2,0,0
RIX,TXL,2,2,0,1
LEI,BHX,1,1,0,0
MEX,AGU,2,2,0,1
SHJ,DAC,1,1,0,0
YQB,YGP,1,1,0,1
CPH,AMS,6,6,0,2
SFO,YUL,2,2,0,1
LAX,YLW,2,2,0,2
TRG,WLG,1,1,0,1
ORD,SEA,4,4,0,0
DNR,GCI,1,1,0,0
SHJ,PNQ,2,2,0,0
DKR,OXB,2,2,0,0
TJA,SRE,1,1,0,0
GBE,CPT,1,1,0,0
NKG,SWA,2,2,0,0
HFE,XIY,4,4,0,0
TSA,SHA,6,6,0,0
PEK,SIN,2,2,0,0
CTU,NNG,3,3,0,0
HYN,SZX,2,2,0,0
YCU,HGH,2,2,0,1
TMR,INZ,1,1,0,0
SUG,MNL,2,2,0,0
SHE,FNJ,1,1,0,0
DZN,TSE,1,1,0,0
SXB,BOD,2,2,0,0
PNP,LAE,1,1,0,0
PHX,HOU,2,2,0,1
YUL,FLL,3,3,0,1
UTP,USM,1,1,0,0
MSQ,KGD,1,1,0,0
MWA,STL,1,1,0,0
HKG,KHH,3,3,0,0
LHW,NKG,1,1,0,0
NKG,ICN,2,2,0,0
TGO,HRB,2,2,0,0
WUA,NAY,2,2,0,1
SZX,SJW,4,4,0,0
SZX,MXZ,1,1,0,0
CGO,SHA,3,3,0,0
CKG,HAK,5,5,0,0
BKK,SWA,1,1,0,0
TXN,SZX,1,1,0,0
NAT,GRU,3,3,0,0
FRA,MRU,1,1,0,0
STR,KGS,2,2,0,0
KGS,FRA,2,2,0,0
PTY,PUJ,1,1,0,0
SVX,PRG,2,2,0,0
STL,CVG,1,1,0,0
JFK,STL,1,1,0,0
CNX,HKG,4,4,0,0
DXB,ISB,3,3,0,0
ICN,DXB,2,2,0,0
FRA,BRU,3,3,0,2
MJV,BRS,1,1,0,0
AMS,EMA,1,1,0,0
CGK,BKS,4,4,0,0
ISU,DUS,1,1,0,0
HAM,BGO,1,1,0,0
CWL,DUS,1,1,0,0
CAN,SYX,3,3,0,0
CGO,KRL,1,1,0,0
GRX,PMI,3,3,0,1
SEA,KEF,1,1,0,0
ZAH,THR,2,2,0,0
ADU,MHD,1,1,0,0
FLL,SJU,4,4,0,1
JIB,NBO,2,2,0,1
CTS,PUS,1,1,0,0
MUC,WRO,2,2,0,2
WAW,IST,2,2,0,0
DMM,FRA,1,1,0,1
DUB,LUX,1,1,0,0
PLJ,INB,1,1,0,0
EBB,JRO,2,2,0,0
HAM,BCN,4,4,0,1
DJE,MRS,2,2,0,0
YNB,DMM,1,1,0,0
SGN,VII,3,3,0,0
LHE,UET,3,3,0,0
TUK,KHI,1,1,0,0
YQT,YTZ,1,1,0,0
CNS,ASP,1,1,0,1
PIK,LPA,1,1,0,0
STN,GDN,1,1,0,0
DUB,OTP,2,2,0,0
LPA,PIK,1,1,0,0
CCF,CRL,1,1,0,0
BUD,STN,1,1,0,0
CIA,PIK,1,1,0,0
PSA,CAG,1,1,0,0
PMI,HHN,1,1,0,0
CPT,MPM,1,1,0,1
ARN,BHX,1,1,0,0
NRT,KHV,2,2,0,1
SJU,LRM,1,1,0,0
BLR,VGA,1,1,0,0
YMM,YPY,1,1,0,0
SAW,BEY,1,1,0,0
OSL,ALF,2,2,0,0
JED,MAN,2,2,0,0
GEG,BOI,1,1,0,0
ELP,SAT,2,2,0,1
SAN,ABQ,1,1,0,0
LED,GVA,1,1,0,0
CKS,MAB,2,2,0,0
TSE,SCO,2,2,0,0
BWN,BKK,2,2,0,1
CLE,SDF,1,1,0,1
IAD,SMF,1,1,0,0
YSO,YMN,2,2,0,0
BOO,EVE,1,1,0,0
RVK,MQN,1,1,0,0
LJU,CRL,1,1,0,0
POP,CDG,1,1,0,0
AUH,RIY,1,1,0,0
HFE,SHE,1,1,0,0
JPA,SSA,1,1,0,0
JOI,VCP,1,1,0,0
VCP,CLV,1,1,0,0
PVG,CNX,3,3,0,0
KTS,WAA,2,2,0,1
NBO,EBB,3,3,0,0
KIF,WNN,1,1,0,0
ZUM,YWK,1,1,0,0
SJD,LAX,5,5,0,0
MIA,CUN,3,3,0,0
MIA,CUR,4,4,0,1
JAX,DCA,2,2,0,2
DRO,PHX,2,2,0,2
CMH,LGA,3,3,0,1
LPA,SCQ,3,3,0,1
SVO,UUS,1,1,0,0
CDG,ZAG,2,2,0,0
STL,ATL,8,8,0,5
DUS,MIA,2,2,0,1
HER,HAM,4,4,0,0
PMI,VIE,3,3,0,1
TIA,BLQ,4,4,0,1
BEN,MLA,1,1,0,0
MEX,PAZ,2,2,0,1
TPE,HKD,3,3,0,1
YXT,YVR,3,3,0,1
YYJ,YYC,2,2,0,1
YYT,YYZ,2,2,0,0
MCO,YYZ,5,5,0,2
AES,RIX,1,1,0,0
DRW,GOV,3,3,0,2
ANC,ENA,3,3,0,1
HAM,KLU,2,2,0,1
VIE,TSE,2,2,0,2
AMS,BLL,2,2,0,1
OTP,KIV,3,3,0,0
XIY,KWL,7,7,0,1
SYX,NNG,4,4,0,1
LIN,FRA,4,4,0,2
FRU,OSS,3,3,0,0
YKS,IKS,2,2,0,0
BOD,YUL,1,1,0,0
BRU,BMA,2,2,0,1
MAD,DOH,3,3,0,0
WUH,KMG,8,8,0,1
LYG,DLC,2,2,0,0
INC,NKG,2,2,0,0
BAV,CSX,1,1,0,0
YIW,URC,1,1,0,0
BEL,MAB,4,4,0,0
FRA,FUE,2,2,0,0
FRA,MBA,1,1,0,0
DUS,DBV,3,3,0,1
YYC,AMS,3,3,0,1
IAH,DTW,3,3,0,0
RDU,BDL,1,1,0,1
RDU,MSP,1,1,0,0
TPA,CMH,3,3,0,2
FWA,DTW,1,1,0,1
HKG,TSN,3,3,0,0
MNL,DXB,3,3,0,1
VCE,SXF,1,1,0,0
CGK,PLM,4,4,0,0
SIN,MDC,3,3,0,2
XIY,WUH,3,3,0,0
AGP,LIL,1,1,0,0
AMM,MAD,2,2,0,1
PMI,MRS,3,3,0,0
TOU,GEA,1,1,0,0
UPG,SUB,4,4,0,0
BDH,DXB,1,1,0,0
MCT,ZBR,1,1,0,0
MHD,ACZ,1,1,0,0
KMG,LUM,3,3,0,0
CTS,AXT,2,2,0,2
ACE,NCL,4,4,0,0
NBO,DXB,4,4,0,2
ZNZ,DAR,3,3,0,1
EDI,FRA,1,1,0,0
LUX,ARN,1,1,0,0
HDY,DMK,2,2,0,0
LCA,OSL,1,1,0,0
CXR,SGN,3,3,0,0
MCG,ANC,2,2,0,0
GVA,AMM,1,1,0,0
KGL,DAR,1,1,0,0
STN,RIX,1,1,0,0
AGP,STN,2,2,0,0
PMI,BRS,4,4,0,0
CDG,OSL,3,3,0,1
DME,UUD,2,2,0,0
CGK,DPS,7,7,0,0
SHJ,ISB,1,1,0,0
DUB,LEI,1,1,0,0
OAK,PHX,3,3,0,0
LAS,OMA,1,1,0,0
ZRH,LYS,1,1,0,0
HEL,ADB,1,1,0,0
LCG,LIS,1,1,0,1
EGC,PGX,1,1,0,0
BKK,KJA,1,1,0,0
TGM,OTP,2,2,0,1
YUL,EWR,2,2,0,2
BOS,CLE,1,1,0,0
IAH,SLW,1,1,0,1
PNS,MCO,2,2,0,1
AOO,JST,1,1,0,1
DEN,DSM,2,2,0,0
CMH,CLE,1,1,0,1
JFK,ICN,4,4,0,1
CKB,IAD,1,1,0,1
RKS,DEN,1,1,0,1
YKF,YYC,1,1,0,0
TSR,BVA,1,1,0,0
ACE,STN,3,3,0,0
DOM,SXM,4,4,0,0
ZGS,YNA,2,2,0,0
CGR,CMG,1,1,0,0
DWC,KBL,1,1,0,0
DWC,MCT,1,1,0,0
KTM,JKR,1,1,0,0
VIJ,STT,1,1,0,0
GOT,EBL,1,1,0,1
PBZ,JNB,1,1,0,0
AGP,BOD,1,1,0,0
LIL,AJA,2,2,0,0
NTE,TFS,1,1,0,0
YXL,YAX,1,1,0,0
YNC,ZEM,1,1,0,0
MSA,YXL,1,1,0,0
LHR,BHD,4,4,0,2
LHR,BLR,2,2,0,1
LIS,PHL,3,3,0,1
PVR,SAN,3,3,0,2
CHC,SYD,7,7,0,3
AUH,JFK,2,2,0,1
LIM,DFW,3,3,0,1
PHX,HNL,3,3,0,0
MIA,DFW,2,2,0,0
SEA,DFW,3,3,0,0
PHL,SAV,2,2,0,2
JFK,BWI,3,3,0,2
CLT,MKE,2,2,0,1
MNL,PUS,3,3,0,0
SVX,KRR,2,2,0,0
CAN,URC,3,3,0,1
ORY,MLA,3,3,0,0
OTP,CDG,2,2,0,0
CAN,CKG,8,8,0,2
FUE,MUC,3,3,0,0
TFS,DRS,1,1,0,0
AMD,HYD,3,3,0,0
DEL,IST,2,2,0,1
BHX,MAH,1,1,0,0
YOW,YHZ,3,3,0,0
YWL,YQZ,2,2,0,1
DRW,ISA,2,2,0,1
CNS,AKL,3,3,0,2
BLI,PDX,1,1,0,1
FAI,SCC,2,2,0,0
EAT,SEA,1,1,0,1
SKG,VIE,3,3,0,1
VNO,VIE,1,1,0,1
VLI,VLS,1,1,0,0
LNE,SON,1,1,0,0
KUL,JOG,1,1,0,0
AMS,AAL,2,2,0,2
BRI,TIA,1,1,0,0
HEL,PEK,2,2,0,0
CTU,ICN,3,3,0,1
EWR,PEK,2,2,0,1
NTG,SZX,2,2,0,1
ZUH,KWE,3,3,0,1
HRM,HME,1,1,0,0
BRI,MUC,2,2,0,1
GUW,SCO,2,2,0,0
NOS,TNR,1,1,0,0
KIV,VRN,2,2,0,0
TLS,NTE,2,2,0,0
BQS,KHV,1,1,0,0
LGW,UVF,3,3,0,1
LCY,ZRH,3,3,0,3
JED,DAC,3,3,0,0
ZTH,KIT,1,1,0,0
TLV,SOF,2,2,0,0
BIL,GDV,1,1,0,0
LHR,PVG,4,4,0,1
REP,KMG,1,1,0,0
PVG,YBP,1,1,0,0
CAN,DLC,1,1,0,0
XMN,XIY,7,7,0,2
DPS,SZX,1,1,0,0
CUC,PTY,1,1,0,1
MDE,CCS,1,1,0,1
ROB,ACC,4,4,0,0
CVG,PIT,1,1,0,0
TUS,MSP,1,1,0,0
SBN,MSP,1,1,0,1
ECP,ATL,3,3,0,2
LYG,CTU,1,1,0,0
FRA,LIS,5,5,0,3
ADD,JNB,2,2,0,1
GLF,SJO,2,2,0,1
LUZ,MXP,1,1,0,0
FLR,VIE,5,5,0,3
OOL,KUL,1,1,0,0
BCN,LCG,2,2,0,0
UPG,CGK,4,4,0,0
ZAD,DUS,1,1,0,0
ZQW,FUE,1,1,0,0
MAD,FRA,8,8,0,4
PDG,BTH,2,2,0,0
FRA,CCS,1,1,0,0
KCH,TGC,1,1,0,1
DMK,RGN,2,2,0,0
BGO,PRG,1,1,0,0
LED,NBE,2,2,0,0
TIF,KWI,1,1,0,0
ADB,ADA,2,2,0,0
BNE,HKG,3,3,0,0
BNE,GLT,2,2,0,1
JCK,ISA,1,1,0,0
LBC,PMI,1,1,0,0
STN,TFS,3,3,0,0
ACE,SVQ,1,1,0,0
FEZ,MRS,1,1,0,0
RAK,XCR,1,1,0,0
MJV,BHX,1,1,0,0
SCQ,STN,1,1,0,0
ZAZ,CRL,1,1,0,0
CFU,NRN,1,1,0,0
RHO,RYG,1,1,0,0
BUD,CIA,1,1,0,0
TSF,NYO,1,1,0,0
PEG,TPS,1,1,0,0
MQP,JNB,1,1,0,1
AES,CPH,1,1,0,0
CCJ,BLR,1,1,0,0
GAU,IXB,2,2,0,0
HAM,ALC,2,2,0,0
YNT,HFE,1,1,0,0
MAN,HRG,4,4,0,0
DME,KOV,1,1,0,0
BFL,SFO,1,1,0,1
HNL,GUM,1,1,0,0
RMI,DME,2,2,0,0
LBD,KUF,1,1,0,0
DCA,NAS,2,2,0,0
DFW,BZE,2,2,0,0
TIJ,CJS,2,2,0,1
TPA,YYZ,2,2,0,0
NYO,SKP,1,1,0,0
PRG,BRI,1,1,0,0
BEG,MMX,1,1,0,0
NDR,PMI,1,1,0,0
KOJ,FSZ,1,1,0,0
TFF,MAO,1,1,0,0
HKT,CKG,2,2,0,0
CUR,PBM,1,1,0,0
CUK,BCV,1,1,0,0
KVK,DME,1,1,0,0
YAY,YYR,1,1,0,0
YWK,YCL,1,1,0,0
YXL,YER,1,1,0,0
AGU,DFW,2,2,0,2
NRT,KUL,3,3,0,0
EWR,MIA,3,3,0,0
DCA,PWM,2,2,0,2
MIA,MVD,2,2,0,0
DFW,FAR,2,2,0,2
DFW,SPI,2,2,0,1
DEN,PHX,7,7,0,1
PHL,GCM,2,2,0,0
LRD,LAS,1,1,0,0
HTS,MYR,1,1,0,0
BTT,AET,1,1,0,0
FRA,LJU,2,2,0,1
MUC,LJU,2,2,0,1
GDZ,SVO,1,1,0,0
MUC,ATL,3,3,0,2
TLS,CMN,3,3,0,0
TYS,ATL,6,6,0,4
ATL,ELP,4,4,0,3
ATL,MDW,5,5,0,2
DOH,AMS,3,3,0,2
IST,GYD,2,2,0,0
MUC,FAO,4,4,0,1
AJL,CCU,3,3,0,2
DEL,ADD,2,2,0,1
LPA,MAN,6,6,0,0
NRT,SHE,4,4,0,2
YSJ,YYZ,1,1,0,1
YXC,YVR,2,2,0,1
DRW,DIL,2,2,0,1
FCO,EZE,2,2,0,0
LAX,FAT,4,4,0,4
FAT,SEA,1,1,0,0
PTY,SAL,2,2,0,0
GIG,LIM,2,2,0,2
BOG,PDA,2,2,0,1
MDE,LIM,1,1,0,0
SHJ,IXE,1,1,0,0
CCJ,DMM,2,2,0,0
TPE,BKI,2,2,0,0
TUN,FCO,2,2,0,0
XIY,CSX,7,7,0,0
BOB,RGI,1,1,0,0
LHW,URC,9,9,0,2
NKG,YNT,3,3,0,1
CGQ,NKG,5,5,0,0
CGQ,YNT,3,3,0,0
CPT,DUR,4,4,0,1
SKG,LGW,2,2,0,0
MUC,BRU,2,2,0,1
XIY,LHW,6,6,0,1
SHA,BAV,2,2,0,1
CZX,CKG,2,2,0,0
SWA,PEK,3,3,0,1
HOG,FRA,1,1,0,0
LGA,MCO,2,2,0,0
MCO,HPN,2,2,0,1
CSG,ATL,3,3,0,3
DXB,GVA,2,2,0,1
ADD,HRE,4,4,0,3
NSI,LBV,1,1,0,1
AMS,OPO,4,4,0,3
FCO,AHO,1,1,0,0
MAD,LTN,1,1,0,0
AYT,LGW,5,5,0,0
TXL,SZG,2,2,0,1
HEL,HKG,1,1,0,0
BCN,BOD,2,2,0,1
LIS,BCN,4,4,0,2
SIN,BPN,3,3,0,1
CGN,MXP,1,1,0,0
LIS,CGN,1,1,0,0
FDH,TXL,1,1,0,0
BUZ,DXB,1,1,0,0
KMG,YIC,1,1,0,0
BOM,UDR,3,3,0,2
TAO,SHA,6,6,0,1
LVI,HRE,3,3,0,2
SAH,KWI,2,2,0,0
FRA,OPO,2,2,0,1
BRE,MUC,1,1,0,0
OTP,DUS,1,1,0,1
SIN,FRA,3,3,0,0
KRK,ARN,1,1,0,0
FAO,CPH,1,1,0,0
GRU,FLN,3,3,0,0
DOH,TXL,1,1,0,0
MGB,ADL,1,1,0,0
LBA,ALC,2,2,0,0
ALC,MST,1,1,0,0
IBZ,BOH,1,1,0,0
REU,BRS,2,2,0,0
CHQ,LBA,1,1,0,0
DEL,STV,2,2,0,0
CMN,RUH,1,1,0,0
HOU,PHX,2,2,0,1
BUR,DEN,2,2,0,1
SMF,DEN,3,3,0,1
LAS,SAT,2,2,0,1
ECP,STL,1,1,0,0
SPN,CAN,1,1,0,0
WNZ,KWE,3,3,0,1
GRU,OPO,1,1,0,0
IST,BIO,1,1,0,0
BSR,IST,1,1,0,0
VKO,LAX,1,1,0,0
RGL,CRD,1,1,0,0
GRU,IAH,1,1,0,0
TPA,PBI,2,2,0,1
TYS,DEN,2,2,0,1
DEN,XNA,1,1,0,1
ORD,SCE,1,1,0,1
CLT,ILM,2,2,0,0
MPM,VNX,1,1,0,0
PKN,BDJ,1,1,0,0
MTY,MZT,1,1,0,0
GAN,MLE,1,1,0,0
POA,LDB,1,1,0,0
SHE,LYA,1,1,0,0
URE,TLL,1,1,0,1
KUL,CGP,1,1,0,0
ENU,LOS,1,1,0,0
LOS,QUO,1,1,0,0
YXS,YYE,1,1,0,0
YVR,ORD,5,5,0,2
CUN,PHL,3,3,0,0
LAX,GDL,7,7,0,2
DCA,CVG,3,3,0,2
MSP,PHL,3,3,0,0
CLT,MSY,2,2,0,1
TIP,FCO,2,2,0,0
LJU,TGD,2,2,0,0
JIK,ATH,2,2,0,0
LIN,NAP,4,4,0,2
LED,SVO,1,1,0,0
KRR,SVO,1,1,0,0
DUB,ATL,3,3,0,2
AEX,ATL,3,3,0,3
ERS,OND,1,1,0,0
MUC,FNC,2,2,0,0
IDR,DEL,5,5,0,1
HKG,SIN,8,8,0,1
DEL,IXR,5,5,0,2
IXZ,CCU,5,5,0,2
BRE,TLS,1,1,0,0
HND,OIT,2,2,0,0
YVR,YXC,2,2,0,1
EWR,YUL,2,2,0,2
DEN,MSY,5,5,0,2
TIU,WLG,1,1,0,1
SYD,CHC,7,7,0,3
HNL,SJC,2,2,0,1
YXN,YRT,3,3,0,1
SAL,UIO,1,1,0,0
BOG,EWR,2,2,0,0
PPN,BOG,1,1,0,0
CDG,FCO,3,3,0,0
NKG,TAO,3,3,0,1
AMS,DUB,1,1,0,0
BJV,IST,3,3,0,0
MSY,BWI,2,2,0,1
LAD,LHR,2,2,0,1
RMF,ZRH,3,3,0,1
LGW,KEF,3,3,0,1
IJK,DME,2,2,0,0
LOS,FRA,3,3,0,2
YRT,YBK,3,3,0,1
ALB,MSS,1,1,0,0
LGW,POS,1,1,0,0
SUG,CEB,1,1,0,0
TAO,JMU,2,2,0,1
SHA,HET,2,2,0,0
WNZ,CJU,1,1,0,0
KMG,HAK,4,4,0,0
NNY,CTU,1,1,0,0
POP,FRA,1,1,0,0
PEI,BOG,3,3,0,1
IST,ZAG,2,2,0,0
RTB,ATL,1,1,0,0
MKE,LGA,2,2,0,0
SYR,LGA,1,1,0,0
BDA,ATL,1,1,0,0
HKG,CKG,5,5,0,1
VCE,TLV,1,1,0,0
OSL,ARN,3,3,0,0
LTN,PSA,1,1,0,0
LGW,HAM,1,1,0,0
RAK,BSL,1,1,0,0
NCE,NCL,1,1,0,0
PRG,FCO,7,7,0,1
GVA,SPU,1,1,0,0
ADB,LGW,2,2,0,0
ATH,MAN,3,3,0,1
DME,LGW,2,2,0,0
LUG,GVA,1,1,0,0
BHX,IOM,1,1,0,0
GLA,EXT,1,1,0,0
NWI,MAN,1,1,0,1
DEL,SIN,4,4,0,0
HAJ,NAP,1,1,0,0
LIL,CFU,1,1,0,0
CTU,TSN,6,6,0,1
OKA,UEO,1,1,0,0
MAN,NCE,1,1,0,0
HPN,FLL,1,1,0,0
ICN,KUL,3,3,0,0
BDJ,KBU,1,1,0,1
DRS,FRA,1,1,0,0
FRA,CMN,2,2,0,0
FRA,NCE,1,1,0,0
HAJ,FRA,1,1,0,0
EWR,SNN,2,2,0,1
MYY,MZV,1,1,0,1
GVA,BEY,1,1,0,0
BEY,DMM,1,1,0,0
HKG,KTM,1,1,0,0
SPU,CPH,2,2,0,0
IST,DIY,2,2,0,0
LED,REN,1,1,0,0
ISB,YYZ,1,1,0,0
ISB,UET,3,3,0,0
SAW,VAS,2,2,0,1
CRL,VNO,1,1,0,0
BOH,ACE,1,1,0,0
ACE,SDR,1,1,0,0
TSF,BDS,1,1,0,0
CIA,BCN,1,1,0,0
PSA,TFS,1,1,0,0
EWR,ARN,2,2,0,0
OVB,NSK,3,3,0,0
SHE,JNG,1,1,0,0
AUH,TRV,3,3,0,1
AHB,TIF,1,1,0,0
RUH,CMN,1,1,0,0
OAK,BOI,1,1,0,0
CMH,PHX,3,3,0,0
LAS,PIT,1,1,0,0
LAS,FNT,1,1,0,0
ZRH,AGP,1,1,0,0
ZRH,LAS,1,1,0,0
HAV,ZRH,1,1,0,1
TNA,TPE,2,2,0,0
IAH,MCO,2,2,0,0
OPO,YYZ,2,2,0,1
IST,BOM,2,2,0,1
IST,OVB,1,1,0,0
ELQ,IST,1,1,0,0
NAP,AMS,1,1,0,0
UUS,DME,1,1,0,0
SFO,PSP,4,4,0,3
SAT,SFO,1,1,0,1
ORD,SYR,3,3,0,2
JFK,GIG,3,3,0,0
CLT,LIR,2,2,0,0
CLT,LAX,2,2,0,0
KBP,LWO,1,1,0,0
MQN,TRD,1,1,0,0
RET,LKN,1,1,0,0
WAW,DSA,1,1,0,0
MXP,BUD,1,1,0,0
YNZ,XMN,2,2,0,1
JED,SAH,2,2,0,0
SGN,CXR,3,3,0,0
NYM,UFA,1,1,0,0
DNK,EVN,1,1,0,1
ZRH,FMO,1,1,0,0
PAP,SXM,1,1,0,0
BZE,BCV,1,1,0,0
JTR,VCE,1,1,0,0
YHU,YVO,1,1,0,0
YXL,YAC,1,1,0,0
BBO,SHJ,1,1,0,0
WIL,JRO,2,2,0,0
ORY,OPO,5,5,0,1
PVG,LAX,6,6,0,3
ROC,PHL,2,2,0,1
JFK,DUB,9,9,0,4
TUL,ORD,3,3,0,1
CAK,DCA,2,2,0,2
PSM,SFB,1,1,0,0
LLW,NBO,3,3,0,2
CDG,LFW,1,1,0,0
CDG,SCL,2,2,0,1
CDG,EWR,4,4,0,2
ATL,GRK,3,3,0,3
ATL,OAJ,3,3,0,3
GYD,LHR,2,2,0,0
SHL,CCU,1,1,0,0
LGW,SSH,5,5,0,0
TXL,PMO,2,2,0,1
MLA,HAM,1,1,0,0
ABZ,OSL,2,2,0,0
CUU,HMO,1,1,0,1
PIT,ATL,7,7,0,5
HND,MUC,2,2,0,0
SHJ,BGW,1,1,0,0
YOW,LGA,2,2,0,2
YVR,HKG,2,2,0,0
YXY,YVR,2,2,0,0
YYC,SJD,2,2,0,0
YYZ,BNA,1,1,0,1
GYD,RIX,2,2,0,0
SMF,PSP,1,1,0,1
DUS,LNZ,2,2,0,2
LIM,CCS,2,2,0,1
WUH,HGH,5,5,0,0
CNS,EDR,1,1,0,0
BLJ,ORY,1,1,0,0
FAO,ORK,2,2,0,0
DZA,DIE,1,1,0,0
MRV,TLV,1,1,0,0
ELP,LAX,5,5,0,4
MKE,MCO,3,3,0,1
LOS,LHR,3,3,0,1
DAC,MCT,2,2,0,0
YQT,YTS,1,1,0,0
LRM,FCO,2,2,0,0
MSQ,AMS,1,1,0,0
BRU,IAD,3,3,0,1
TFS,VDE,1,1,0,0
MNL,DVO,3,3,0,0
FRA,PVG,3,3,0,0
XIY,SJW,4,4,0,1
KHN,KOW,2,2,0,0
PVG,BKK,5,5,0,0
YNT,SHE,1,1,0,0
FOR,NAT,3,3,0,0
SSA,CNF,3,3,0,0
MUC,LPA,4,4,0,0
RHO,FRA,2,2,0,0
PTY,SXM,1,1,0,0
OTP,LCA,3,3,0,0
DTW,RSW,2,2,0,0
JFK,PLS,2,2,0,0
MSP,BZN,1,1,0,0
EYW,LGA,1,1,0,0
BZN,MSP,1,1,0,0
BOS,DXB,2,2,0,0
LPL,NAP,1,1,0,0
IBZ,LTN,2,2,0,0
AJA,BSL,1,1,0,0
LYS,MAD,2,2,0,1
HEL,SVL,2,2,0,1
ORY,VLC,2,2,0,1
CAG,FLR,2,2,0,0
TMC,DPS,2,2,0,1
CGN,DBV,1,1,0,0
STR,LEJ,1,1,0,0
HAJ,FCO,1,1,0,0
TPE,CAN,4,4,0,0
XMN,KHN,3,3,0,1
NZH,PEK,1,1,0,0
FAO,AGP,1,1,0,0
MAD,ALG,2,2,0,0
BLL,KEF,1,1,0,0
YKS,GDX,1,1,0,0
IKT,HTA,2,2,0,0
BUD,EMA,1,1,0,0
ICN,NAN,1,1,0,0
HBE,TIP,2,2,0,0
LOP,DPS,2,2,0,1
CMB,KWI,3,3,0,1
HAN,RMQ,1,1,0,0
MXP,TXL,2,2,0,1
DGA,PLJ,2,2,0,0
ARN,LLA,2,2,0,0
LPA,TRF,1,1,0,0
POA,GRU,4,4,0,0
TSV,MOV,1,1,0,1
AYQ,CNS,1,1,0,1
AMM,ORD,3,3,0,1
AMM,EBL,3,3,0,0
NOC,ALC,1,1,0,0
TFS,OPO,1,1,0,0
IBZ,MRS,1,1,0,0
SVQ,SDR,1,1,0,0
PSR,GRO,1,1,0,0
BLQ,BVA,1,1,0,0
CIA,KRK,1,1,0,0
ABA,DME,1,1,0,0
DME,NYM,2,2,0,0
ACE,HHN,1,1,0,0
TUU,MED,1,1,0,0
FLL,JAX,1,1,0,0
ROC,BWI,1,1,0,0
MDW,SFO,2,2,0,1
SJC,MDW,1,1,0,0
RMQ,TAO,1,1,0,0
GIG,BSB,3,3,0,0
UDI,BSB,2,2,0,0
BRS,NBE,2,2,0,0
JNB,BKK,2,2,0,1
RTM,IST,1,1,0,0
DME,DOK,1,1,0,0
VIE,ORD,2,2,0,2
SJO,EWR,1,1,0,0
STL,SFO,1,1,0,0
ORD,XNA,3,3,0,2
DYU,CEK,2,2,0,0
TAS,KJA,2,2,0,0
DLA,COO,4,4,0,0
YYZ,SXM,1,1,0,0
DTM,SKP,1,1,0,0
EIN,RIX,1,1,0,0
KTW,TLV,1,1,0,0
BVA,TGM,1,1,0,0
JNU,SGY,2,2,0,0
COQ,HLD,1,1,0,0
VCP,MII,1,1,0,0
BET,CYF,1,1,0,1
CBQ,ABV,1,1,0,0
NBO,MGQ,3,3,0,0
YER,YTL,1,1,0,0
MLH,ALG,1,1,0,0
PTY,DFW,2,2,0,1
NRT,LAX,8,8,0,1
SJU,DOM,4,4,0,0
DFW,CVG,3,3,0,2
JFK,RDU,4,4,0,1
JFK,MCO,4,4,0,1
CLT,RDU,2,2,0,0
VLC,MAD,3,3,0,3
PKC,KHV,2,2,0,0
LCY,ANR,2,2,0,1
SSG,DLA,5,5,0,2
CDG,EXT,2,2,0,1
CDG,JNB,2,2,0,1
RNS,EXT,2,2,0,1
FDF,SDQ,2,2,0,0
ILM,ATL,4,4,0,3
NOU,SYD,2,2,0,0
CGN,AYT,5,5,0,0
CCU,IXZ,5,5,0,2
DEL,MRU,2,2,0,1
LIN,CTA,3,3,0,1
GVA,MLA,1,1,0,0
MSP,ATL,7,7,0,4
SHB,HND,1,1,0,0
KMI,OKA,1,1,0,1
BKK,NGO,2,2,0,1
HMB,SHJ,1,1,0,0
YQB,ORD,2,2,0,2
MUC,SOF,2,2,0,1
ORD,YOW,2,2,0,2
RAR,AKL,3,3,0,2
COR,SLA,1,1,0,1
UIB,EOH,2,2,0,1
BJL,FNA,2,2,0,0
AMS,VCE,3,3,0,1
LIS,BLQ,3,3,0,2
SWA,NGB,2,2,0,0
RAR,PPT,2,2,0,1
PEK,YNT,4,4,0,1
KMG,WUH,8,8,0,1
TNA,LHW,4,4,0,1
LYI,SHE,2,2,0,0
MUW,ALG,1,1,0,0
LYS,AAE,1,1,0,0
BRS,DUB,2,2,0,1
MXP,DUB,1,1,0,0
SUV,VBV,1,1,0,1
PVG,MLE,1,1,0,0
ETZ,NCE,1,1,0,0
BES,LYS,2,2,0,0
HOU,HRL,2,2,0,1
DEN,OKC,4,4,0,2
SKK,OME,2,2,0,1
TNO,LIR,1,1,0,0
SZX,KHH,1,1,0,0
KMG,BSD,2,2,0,1
XUZ,SHA,1,1,0,0
CAN,DAD,2,2,0,0
CAN,XUZ,1,1,0,0
NBS,CGQ,1,1,0,0
ZYI,CAN,1,1,0,0
JNB,ELS,2,2,0,0
SXF,PMI,2,2,0,0
HAM,DLM,1,1,0,0
MGA,SJO,4,4,0,2
FRU,KZN,1,1,0,0
PRG,HAM,3,3,0,0
SLC,SJC,1,1,0,0
ATL,MGA,1,1,0,0
ATL,UIO,1,1,0,0
JFK,MSP,2,2,0,0
TPE,HET,2,2,0,0
CAI,MAN,1,1,0,0
CTU,CAN,6,6,0,0
AMS,BEG,2,2,0,0
AGP,SEN,1,1,0,0
HEL,NRT,2,2,0,0
BHD,BHX,1,1,0,0
CWL,JER,3,3,0,1
BCN,WAW,5,5,0,0
BCN,ARN,4,4,0,1
SVQ,BCN,3,3,0,1
CGN,BIA,1,1,0,0
EDI,CGN,1,1,0,0
CDG,BAH,1,1,0,0
BAH,NJF,1,1,0,0
PEK,BRU,2,2,0,1
SYX,CGO,5,5,0,0
HAJ,XRY,1,1,0,0
YEV,YGH,1,1,0,0
ALC,BIO,2,2,0,1
LIF,TGJ,1,1,0,0
IDR,NAG,1,1,0,0
THR,ZBR,1,1,0,0
BND,KIH,3,3,0,0
BNE,TSV,4,4,0,2
MEL,NRT,1,1,0,0
AMS,IAD,4,4,0,2
CRD,AEP,2,2,0,1
CDG,WAW,2,2,0,0
KDI,CGK,1,1,0,0
FRA,PEK,2,2,0,0
OLB,FRA,1,1,0,1
DOH,FRA,6,6,0,3
BES,BOD,1,1,0,0
TST,DMK,2,2,0,0
TKU,ALC,1,1,0,0
ISB,BCN,1,1,0,0
AYQ,ASP,1,1,0,1
CRL,EGC,1,1,0,0
WRO,STN,1,1,0,0
CHQ,DUB,1,1,0,0
BGY,HHN,1,1,0,0
BGY,BRS,1,1,0,0
VNO,LPL,1,1,0,0
WMI,EMA,1,1,0,0
CPH,ORD,1,1,0,0
VHM,HMV,2,2,0,1
DME,YKS,2,2,0,1
DME,NOZ,1,1,0,0
BOM,ATQ,1,1,0,0
ATL,FSD,1,1,0,1
CGK,TRK,1,1,0,0
SDR,SVQ,1,1,0,0
BVA,SVQ,1,1,0,0
FLL,RDU,3,3,0,1
MDW,FLL,1,1,0,0
SDF,DEN,2,2,0,1
ABQ,PHX,3,3,0,2
RTW,MRV,1,1,0,0
ALA,KSN,1,1,0,0
MIA,SSA,3,3,0,0
NCE,IST,1,1,0,0
ESB,TZX,1,1,0,1
DWC,DME,1,1,0,0
PRG,LPA,1,1,0,0
HAV,LAD,1,1,0,0
GUM,SPN,1,1,0,1
ABQ,SFO,1,1,0,1
GSP,IAD,1,1,0,1
DXB,MRV,2,2,0,0
TAS,SHJ,1,1,0,0
LWO,LCA,1,1,0,0
EIN,VNO,1,1,0,0
MAD,CLJ,1,1,0,0
LUZ,LTN,1,1,0,0
XIY,WXN,2,2,0,1
FOC,TSN,1,1,0,0
CKG,XIC,1,1,0,0
CUR,SDQ,3,3,0,0
GOM,FKI,1,1,0,0
ACC,DKR,3,3,0,0
YHI,YEV,1,1,0,0
YVR,YQZ,2,2,0,0
YYT,YAY,1,1,0,0
MCT,AUH,11,11,0,6
BOS,MDT,2,2,0,1
SFO,PHL,4,4,0,0
ORF,CLT,2,2,0,0
LGA,PHL,2,2,0,0
JAX,PHL,2,2,0,0
JFK,ORY,3,3,0,3
CLT,PLS,2,2,0,0
PUS,HGH,2,2,0,1
DAD,ICN,3,3,0,0
LAS,SMX,1,1,0,0
LMA,FAI,1,1,0,0
FAI,LMA,1,1,0,0
NAP,LIN,4,4,0,2
NBC,SVO,1,1,0,0
LBV,CDG,1,1,0,0
FCO,SXB,3,3,0,1
CZM,ATL,5,5,0,4
CKG,LXA,8,8,0,2
ATL,BNA,7,7,0,6
SVX,GYD,2,2,0,0
MAD,ZRH,3,3,0,1
TLV,MUC,3,3,0,0
BOM,JGA,1,1,0,0
PMI,LBA,4,4,0,0
VCE,ATH,2,2,0,1
MLA,LIN,2,2,0,1
CTS,TOY,2,2,0,1
ISG,KIX,3,3,0,0
POM,HKN,2,2,0,0
SEA,YVR,5,5,0,5
AKL,HKG,2,2,0,0
DCA,SEA,1,1,0,0
CBB,TJA,1,1,0,0
VIE,TGD,2,2,0,1
SUB,KUL,3,3,0,0
NAP,TRS,1,1,0,0
LUN,GBE,1,1,0,0
KHN,TNA,3,3,0,1
KHN,ZUH,3,3,0,1
HGH,SZX,7,7,0,1
PVG,SZX,6,6,0,1
SNN,BHX,1,1,0,1
JEG,SFJ,1,1,0,0
AKX,ALA,2,2,0,0
NME,OOK,2,2,0,1
LYS,SXB,1,1,0,0
NCE,YUL,1,1,0,0
ACE,TFN,1,1,0,0
STX,VQS,1,1,0,0
BOS,MVY,1,1,0,0
CZX,KWL,1,1,0,0
LUM,KMG,3,3,0,0
JGN,LHW,3,3,0,0
KWL,SWA,1,1,0,0
TNA,SHE,5,5,0,2
GYN,GRU,3,3,0,0
SLZ,BEL,3,3,0,1
MUC,DJE,3,3,0,0
MUC,DLM,2,2,0,0
CCS,SOM,1,1,0,0
LAX,DTW,2,2,0,0
SLC,BUR,1,1,0,1
JFK,FLL,2,2,0,0
SEA,TPE,2,2,0,0
GVA,CAI,2,2,0,1
PER,ASP,2,2,0,2
FRA,ZRH,3,3,0,1
AUH,BSR,1,1,0,0
SPU,GVA,1,1,0,0
WIL,NYK,2,2,0,0
BHX,STR,1,1,0,0
LSI,GLA,1,1,0,1
GOA,BCN,2,2,0,1
VKO,NCU,1,1,0,0
VKO,EYK,1,1,0,0
HAM,MAD,1,1,0,0
CGN,VRN,1,1,0,0
CGN,VCE,1,1,0,0
CGN,NDR,2,2,0,0
RJK,HAM,1,1,0,0
BMA,HAD,2,2,0,1
IGM,LAX,1,1,0,0
TPE,DLC,4,4,0,1
NGB,DLC,4,4,0,0
NUE,TFS,2,2,0,0
STR,MUC,2,2,0,1
ITM,OIT,3,3,0,2
ASJ,ITM,1,1,0,1
AGP,LBA,2,2,0,0
DEN,BOS,3,3,0,0
MEL,LST,3,3,0,2
SCL,MDZ,1,1,0,0
SYD,SCL,2,2,0,1
JHG,LPQ,1,1,0,0
LOS,PHC,4,4,0,2
FRA,FDH,1,1,0,1
TFS,LUX,1,1,0,0
CMB,COK,2,2,0,1
TPE,XMN,2,2,0,1
VCE,STR,2,2,0,1
CPH,NCE,2,2,0,0
TRF,TRD,2,2,0,0
ARN,OLB,1,1,0,0
DJE,NTE,3,3,0,0
HTY,ECN,1,1,0,0
FUK,MNL,1,1,0,0
BNE,ISA,2,2,0,1
ADL,PER,3,3,0,1
RAK,NTE,2,2,0,0
LPL,TRF,1,1,0,0
EMA,EGC,1,1,0,0
EMA,WMI,1,1,0,0
BLL,CIA,1,1,0,0
REU,DUB,1,1,0,0
SCQ,HHN,1,1,0,0
SVQ,BLQ,1,1,0,0
TPS,CAG,1,1,0,0
PSA,STN,1,1,0,0
PMI,BTS,1,1,0,0
JNB,PHW,1,1,0,1
MUX,MED,2,2,0,0
CPH,LIN,1,1,0,0
JFK,DTW,1,1,0,0
REU,HHN,1,1,0,0
HOU,DAL,2,2,0,1
AUS,DAL,1,1,0,0
ADB,HEL,1,1,0,0
VVC,PDA,1,1,0,0
RTW,EVN,1,1,0,0
FUE,EMA,4,4,0,0
IST,FRU,2,2,0,0
MSR,ESB,1,1,0,1
ETZ,TLS,1,1,0,0
VRN,AMS,1,1,0,0
SFO,CLE,1,1,0,0
CLE,FLL,1,1,0,0
EWR,YQM,1,1,0,1
ROC,IAD,1,1,0,1
DEN,ELP,1,1,0,1
CLT,GCM,2,2,0,0
TIJ,CUN,1,1,0,0
YOW,YEG,2,2,0,0
YXS,YYC,2,2,0,0
BGO,SOG,1,1,0,0
NOJ,TJM,1,1,0,0
CKG,HET,1,1,0,0
XAP,POA,1,1,0,0
AVA,CKG,1,1,0,0
MEX,CZM,1,1,0,0
NTE,CLY,2,2,0,0
KAN,LOS,1,1,0,0
YEV,ZFM,1,1,0,0
YYY,YQB,1,1,0,0
FRA,PHL,3,3,0,0
KUL,LGK,4,4,0,0
MIA,LIR,2,2,0,0
MIA,PNS,2,2,0,1
JFK,SXM,4,4,0,0
HFE,ICN,2,2,0,1
MLI,AZA,1,1,0,0
LED,SXF,1,1,0,0
LED,KJA,2,2,0,0
MRS,FCO,2,2,0,1
MLB,ATL,3,3,0,2
ACE,TXL,1,1,0,0
VIE,FNC,4,4,0,2
FAO,EMA,4,4,0,0
BLQ,TIA,4,4,0,1
MEX,DGO,2,2,0,1
MEX,LAX,7,7,0,2
CUN,DTW,3,3,0,1
FRA,YYZ,2,2,0,0
HNL,YVR,3,3,0,1
RIX,ZRH,1,1,0,0
EGX,AKN,1,1,0,0
SFN,AEP,2,2,0,1
BOS,PDX,3,3,0,1
TXL,KLU,2,2,0,1
LIM,VVI,3,3,0,0
KCH,KBR,1,1,0,0
KUL,RGN,3,3,0,0
PMI,MAD,4,4,0,2
GBE,BBK,1,1,0,0
SHE,CIF,1,1,0,0
RUR,RMT,1,1,0,0
PEK,JIU,2,2,0,1
KHN,PVG,3,3,0,1
CGQ,SZX,2,2,0,1
HET,WUH,3,3,0,0
ALC,ORN,3,3,0,1
FUN,SUV,1,1,0,0
JSU,GOH,1,1,0,0
BOM,MRU,2,2,0,1
EWR,MDW,2,2,0,1
DCA,MKE,2,2,0,1
PVR,YUL,1,1,0,1
MAD,LAX,4,4,0,2
NAS,AXP,1,1,0,0
YTS,YSB,1,1,0,0
PAC,PVE,1,1,0,0
BRU,FRA,3,3,0,2
YFB,YTE,2,2,0,0
AMS,FRA,4,4,0,3
HKG,TNA,1,1,0,0
KMG,SYM,3,3,0,0
LJG,XIY,5,5,0,0
SJW,DLC,2,2,0,0
TXN,DLC,1,1,0,0
GOJ,PRG,2,2,0,0
BTV,ATL,2,2,0,2
GTF,MSP,1,1,0,1
ISB,DXB,3,3,0,0
JNG,CTU,1,1,0,0
SEN,SXF,1,1,0,0
BSL,KRK,1,1,0,0
SOU,PMI,1,1,0,0
AMS,BIO,2,2,0,1
JOG,UPG,2,2,0,0
BRE,TFS,2,2,0,0
CGN,LIS,1,1,0,0
BRI,DUS,1,1,0,0
BAH,ISB,1,1,0,0
HAM,FRA,2,2,0,0
FAO,HAJ,1,1,0,0
ZFN,YVQ,1,1,0,0
SSG,MAD,1,1,0,0
LEI,BCN,2,2,0,1
GRX,BCN,2,2,0,1
MAD,TLV,2,2,0,0
SYZ,IFN,1,1,0,0
OKA,OKJ,1,1,0,0
ICN,MNL,6,6,0,0
DXB,JFK,2,2,0,0
KHH,SIN,2,2,0,1
ABJ,NBO,1,1,0,0
NBO,DAR,5,5,0,2
CIX,LIM,1,1,0,1
VTE,BKK,4,4,0,0
BXB,SOQ,1,1,0,1
FRA,CTU,2,2,0,1
MUC,OSL,3,3,0,0
MUC,NCE,1,1,0,0
CTU,FRA,2,2,0,1
FUE,TFS,2,2,0,0
BEY,ACC,1,1,0,0
AGP,AAL,1,1,0,0
MED,DMM,2,2,0,0
MNL,LAO,2,2,0,0
DOH,OTP,1,1,0,0
ORY,TNG,1,1,0,0
JRO,KGL,1,1,0,0
LBA,IBZ,3,3,0,0
STN,DUB,1,1,0,0
STN,OSR,1,1,0,0
EIN,MRS,1,1,0,0
KRK,ALC,1,1,0,0
MRS,PMO,1,1,0,0
CUF,TPS,1,1,0,0
OPO,FAO,1,1,0,0
BTS,BVA,1,1,0,0
DUB,OSL,2,2,0,0
LAN,DCA,1,1,0,0
JED,URY,1,1,0,0
JED,GBT,1,1,0,0
RUH,YNB,1,1,0,0
MCI,MSY,2,2,0,1
PNS,BNA,1,1,0,0
HOU,LGA,1,1,0,0
TPA,MHT,1,1,0,0
LGA,STL,4,4,0,2
LYS,ZRH,1,1,0,0
KOW,XMN,1,1,0,0
SHA,JGS,2,2,0,1
BAV,SHA,2,2,0,1
DYG,PVG,3,3,0,0
UIO,LGQ,1,1,0,0
SSA,LIS,1,1,0,0
GRU,EWR,1,1,0,0
TPA,IAD,1,1,0,0
BUF,EWR,1,1,0,1
MSP,IAD,2,2,0,2
LAR,DEN,1,1,0,1
PHX,YEG,3,3,0,0
DCA,BNA,2,2,0,1
TLH,CLT,2,2,0,1
KGD,TAS,2,2,0,0
MEX,LAS,3,3,0,0
DTM,KTW,1,1,0,0
GDN,LBC,1,1,0,0
URC,DNH,2,2,0,0
NAP,LGW,4,4,0,0
DEL,DYU,1,1,0,0
UEL,TET,1,1,0,0
TNG,LGW,1,1,0,0
DXB,DYU,2,2,0,0
LBD,TJM,1,1,0,0
VSA,MTY,1,1,0,0
HEA,KBL,3,3,0,0
BAZ,MAO,1,1,0,0
LIM,CJA,2,2,0,1
YDF,YYT,2,2,0,1
YKQ,ZEM,1,1,0,0
LGW,LAS,5,5,0,2
LHR,RDU,6,6,0,3
TLV,PHL,2,2,0,0
PHX,LHR,4,4,0,2
LAX,MRY,4,4,0,4
DFW,FLL,3,3,0,0
DFW,CHS,2,2,0,2
MCT,DOH,5,5,0,2
BUF,ATL,4,4,0,3
ENH,WUH,4,4,0,1
WDH,WVB,1,1,0,0
DRS,NBE,1,1,0,0
CGN,CLY,2,2,0,0
WAW,TXL,1,1,0,0
MAA,CCU,3,3,0,0
MUC,BRS,1,1,0,0
PHX,HMO,3,3,0,1
FUK,GUM,2,2,0,1
YUL,LAS,2,2,0,0
YXU,ORD,2,2,0,2
FIH,DLA,5,5,0,3
ORD,YEG,2,2,0,2
AKL,HLZ,1,1,0,1
FLL,SEA,1,1,0,0
SLC,PDX,4,4,0,2
ADE,MGQ,1,1,0,0
YEK,YYQ,2,2,0,1
YWG,YQD,2,2,0,0
LOD,LNE,1,1,0,0
AMS,TRD,2,2,0,2
NNG,CAN,3,3,0,1
HRB,PEK,6,6,0,1
PVG,DLC,7,7,0,0
LXA,CTU,5,5,0,0
WUX,FOC,2,2,0,1
DUB,MAN,2,2,0,0
MAA,BKK,2,2,0,0
WWK,MAG,2,2,0,0
LNV,POM,2,2,0,0
LAX,HOU,2,2,0,1
KWI,DAC,2,2,0,0
AMS,MSQ,1,1,0,0
PVK,CFU,1,1,0,0
BRU,CDG,2,2,0,0
HKG,PEN,3,3,0,0
KHH,NKG,1,1,0,0
TOY,PVG,2,2,0,1
CSX,KMG,8,8,0,0
SHA,LZH,1,1,0,0
SHA,KOW,1,1,0,0
CKG,NGB,3,3,0,0
NAY,JIC,2,2,0,1
KGT,CTU,1,1,0,0
KHN,LYA,1,1,0,0
SYX,CKG,5,5,0,0
CGQ,CKG,1,1,0,0
MUC,HRG,1,1,0,0
PTY,EZE,1,1,0,0
BOG,LET,3,3,0,2
EWN,ATL,3,3,0,3
JFK,SLC,2,2,0,0
LWO,VKO,1,1,0,0
KRK,AMS,1,1,0,0
LUX,LIS,3,3,0,0
BSL,PRN,1,1,0,0
LIS,BRS,1,1,0,0
ULN,ULG,1,1,0,0
USM,SZB,2,2,0,1
DEN,FAR,2,2,0,1
TFS,BRE,2,2,0,0
MCT,BAH,3,3,0,0
PEK,OVB,2,2,0,0
SZX,LHW,1,1,0,0
AMS,VLC,3,3,0,1
ALC,ORY,2,2,0,1
TLS,MAD,1,1,0,1
IXA,IMF,1,1,0,0
THR,OMH,2,2,0,0
BND,RAS,1,1,0,0
TGO,HLD,1,1,0,0
PMC,SCL,3,3,0,1
SJU,ANU,1,1,0,0
FRA,RZE,1,1,0,0
MUC,SJJ,1,1,0,0
KUL,MYY,2,2,0,0
BMA,VBY,2,2,0,1
LPA,ARN,1,1,0,0
PSA,ARN,1,1,0,0
BZV,PNR,4,4,0,0
ORY,SAW,2,2,0,0
ASR,SAW,2,2,0,1
SGN,MEL,2,2,0,1
CMN,MRS,1,1,0,0
EDI,CRL,1,1,0,0
SVQ,SCQ,1,1,0,0
BLQ,OPO,1,1,0,0
CIA,WMI,1,1,0,0
PSA,IBZ,1,1,0,0
ELS,CPT,1,1,0,1
OSL,SVG,2,2,0,0
SHE,CZX,3,3,0,1
DMM,GIZ,1,1,0,0
ONT,SMF,1,1,0,0
LAS,MKE,2,2,0,1
LPB,SRZ,1,1,0,0
TSE,PPK,1,1,0,0
DJE,BRU,1,1,0,0
IST,HKG,1,1,0,0
YVR,SFO,3,3,0,0
IND,EWR,1,1,0,1
BHM,ORD,1,1,0,1
ORD,STC,1,1,0,1
RAP,DEN,1,1,0,1
TIJ,ZLO,1,1,0,0
XIY,TSN,7,7,0,2
LIL,DJE,2,2,0,0
UFA,NSK,1,1,0,0
KDM,MLE,1,1,0,0
FOR,CNF,1,1,0,0
DWC,DMM,1,1,0,0
SJU,NEV,3,3,0,0
OUZ,CMN,1,1,0,0
LHR,GOT,4,4,0,2
SJD,PHX,2,2,0,0
SFO,PHX,4,4,0,0
SEA,ONT,2,2,0,1
TUS,DFW,2,2,0,0
MUC,MAD,6,6,0,1
ATH,HER,4,4,0,1
SVO,TFS,1,1,0,0
LYS,VIE,2,2,0,2
BES,LCY,2,2,0,1
TXL,PMI,2,2,0,0
ACE,LEJ,2,2,0,0
ZRH,PMI,2,2,0,0
ZRH,BOM,2,2,0,1
MCT,MAA,2,2,0,0
BOM,CCU,5,5,0,1
LBA,ACE,3,3,0,0
GUA,MEX,2,2,0,1
MEX,MIA,8,8,0,3
PVR,LAX,4,4,0,1
FUJ,NGS,2,2,0,1
CKG,PVG,7,7,0,1
SHJ,TSE,1,1,0,0
YQM,YHZ,1,1,0,0
CUN,YUL,3,3,0,0
SNU,YUL,3,3,0,1
MVD,AEP,2,2,0,0
HOD,SAH,2,2,0,0
CGN,KLU,2,2,0,1
LUX,FCO,2,2,0,1
FCO,BEG,3,3,0,0
NAP,PMO,2,2,0,1
CGO,SYX,5,5,0,0
TNA,TGO,1,1,0,0
PEK,CGO,3,3,0,1
PEK,WUX,3,3,0,0
CAN,KHN,5,5,0,0
CKG,ICN,2,2,0,0
PVG,IST,2,2,0,0
GYS,PEK,2,2,0,1
BKK,KUL,9,9,0,3
BEY,LHR,2,2,0,0
PYC,ACU,1,1,0,0
BRU,NSI,4,4,0,3
BOM,BRU,2,2,0,1
MNL,PPS,5,5,0,0
CEB,PUS,4,4,0,0
SHA,TXN,2,2,0,1
SJW,KMG,4,4,0,1
LYG,WUH,1,1,0,0
SJW,URC,2,2,0,0
SDQ,GIG,2,2,0,1
SSA,GRU,4,4,0,0
COR,PTY,1,1,0,0
ZAG,RJK,1,1,0,0
SVO,PRG,2,2,0,0
MSP,BUF,1,1,0,1
HKG,KWL,3,3,0,0
WNZ,HKG,3,3,0,0
TLV,MXP,3,3,0,1
GVA,FRA,4,4,0,2
AUH,IKA,1,1,0,0
STN,AMS,1,1,0,0
HEL,DME,2,2,0,0
KTL,WIL,1,1,0,0
PNL,PMO,1,1,0,0
MBJ,STL,1,1,0,0
ILG,MDW,1,1,0,0
LIL,DBV,1,1,0,0
TFS,MAD,2,2,0,1
TLS,AGP,2,2,0,1
SAL,MAD,2,2,0,1
KHI,IKA,1,1,0,0
PGU,IFN,1,1,0,0
HTA,IKT,2,2,0,0
MAN,VCE,4,4,0,0
FNC,EMA,1,1,0,0
SYD,ADL,5,5,0,2
CMB,ICN,1,1,0,0
PKZ,SGN,1,1,0,0
MUC,RLG,1,1,0,1
TXL,CDG,3,3,0,1
ADD,DAR,2,2,0,1
ULN,NRT,1,1,0,0
BEY,IST,2,2,0,0
SPR,TZA,2,2,0,0
TZA,BZE,2,2,0,0
HMV,VHM,2,2,0,1
YSM,YHY,1,1,0,0
HAU,OSL,2,2,0,0
BSL,ADB,2,2,0,0
DXB,SAW,2,2,0,0
SAW,MAD,1,1,0,0
DMM,DOH,1,1,0,0
EMA,BGY,1,1,0,0
EDI,KUN,1,1,0,0
TFS,ORK,1,1,0,0
PUY,CRL,1,1,0,0
BOD,STN,1,1,0,0
BLQ,IBZ,1,1,0,0
CIA,OPO,1,1,0,0
RIX,NRN,1,1,0,0
LHE,MHD,1,1,0,0
ODS,DME,2,2,0,1
LFW,BRU,3,3,0,2
MUC,ZRH,2,2,0,0
DLC,CKG,1,1,0,0
FLL,ZSA,1,1,0,0
AUA,PBM,1,1,0,0
DKR,IST,1,1,0,0
IST,DLM,2,2,0,0
LAX,IST,2,2,0,1
AUA,MAR,2,2,0,0
PBI,TPA,2,2,0,1
ORD,MTY,1,1,0,1
EVN,VIE,3,3,0,3
DOK,TLV,1,1,0,0
NGO,HAN,2,2,0,1
TIJ,UPN,1,1,0,0
YWG,LAS,1,1,0,0
CRL,SKP,1,1,0,0
WRO,LTN,1,1,0,0
TUN,ORY,2,2,0,0
BGY,LWO,1,1,0,0
NGE,NSI,1,1,0,0
BUX,BNC,1,1,0,0
SIN,TSN,1,1,0,0
YXJ,YXS,1,1,0,0
LHR,SAN,4,4,0,2
SJD,ORD,4,4,0,0
DCA,ORF,2,2,0,0
DCA,PHL,2,2,0,0
SEA,KTN,3,3,0,2
HND,ICN,3,3,0,1
DLC,ICN,4,4,0,1
JSY,ATH,2,2,0,0
KBL,KDH,2,2,0,0
SVO,URC,2,2,0,1
SVO,OVB,1,1,0,0
UFA,LED,1,1,0,0
TNR,CDG,2,2,0,0
CDG,NBO,2,2,0,1
ATL,TRI,3,3,0,2
MUC,TXL,3,3,0,0
MUC,GWT,2,2,0,1
TXL,CGN,3,3,0,0
TXL,WAW,1,1,0,0
IBZ,ZRH,1,1,0,0
OLB,ZRH,2,2,0,1
FCO,LTN,1,1,0,0
PMI,BHX,5,5,0,0
AKL,MEL,7,7,0,3
KMI,ITM,2,2,0,1
NAN,HIR,2,2,0,0
YGK,YYZ,1,1,0,1
CDB,NLG,1,1,0,0
AEP,USH,2,2,0,1
AEP,SCL,2,2,0,0
EZE,GIG,6,6,0,1
JNU,SEA,1,1,0,0
VIE,PEK,2,2,0,1
MWF,SON,1,1,0,0
BKI,HGH,1,1,0,0
PEN,LGK,4,4,0,1
TSN,CSX,5,5,0,1
SHA,TSN,7,7,0,1
WUA,HET,2,2,0,0
CAN,CAI,2,2,0,1
LJG,PEK,4,4,0,1
LJG,CKG,7,7,0,2
SHE,LYI,2,2,0,0
HME,ORN,1,1,0,0
TVU,SVU,1,1,0,1
CUN,MKE,1,1,0,0
BOS,MDW,2,2,0,1
TUS,MDW,2,2,0,1
MDW,RDU,2,2,0,1
PHL,MDW,2,2,0,1
YUL,ATH,1,1,0,0
KVL,PHO,1,1,0,0
TNC,WAA,1,1,0,0
BRU,COO,4,4,0,3
SZX,TPE,4,4,0,1
SGN,PVG,2,2,0,0
LHW,KMG,3,3,0,0
NAY,HET,2,2,0,1
HDG,SHA,1,1,0,0
AMS,HGH,2,2,0,1
BKK,CAN,6,6,0,0
SJW,BHY,1,1,0,0
AQG,CAN,1,1,0,0
HDG,CAN,1,1,0,0
GRU,SDQ,2,2,0,1
CUM,CCS,1,1,0,0
LCA,FRA,3,3,0,1
AMS,PDX,2,2,0,1
SLC,MEM,1,1,0,0
DTW,OMA,1,1,0,0
DTW,PIT,1,1,0,0
ATL,LOS,1,1,0,0
ORD,MEM,4,4,0,3
MSP,YVR,1,1,0,1
MSP,LSE,1,1,0,1
OKC,ATL,6,6,0,4
RHI,MSP,1,1,0,1
VIE,BKK,3,3,0,1
CGK,CAI,1,1,0,0
LTN,GVA,1,1,0,0
BSL,LIS,1,1,0,0
HEL,BKK,1,1,0,0
ZRH,LEJ,1,1,0,0
EXT,AGP,1,1,0,0
PMI,SOU,1,1,0,0
BCN,NAP,2,2,0,1
IBZ,BRU,3,3,0,0
MSP,DEN,6,6,0,1
CGN,RHO,2,2,0,0
MUC,DTM,2,2,0,0
HNL,KOA,2,2,0,1
NCE,BCN,3,3,0,1
BGO,SVG,4,4,0,0
MJV,MAN,2,2,0,0
BTH,PGK,1,1,0,1
MUC,DRS,1,1,0,0
KUL,IST,2,2,0,0
SGN,RMQ,1,1,0,0
RNS,BOD,1,1,0,0
LYC,ARN,2,2,0,1
TRD,LGW,1,1,0,0
KTM,MCT,1,1,0,0
YLW,YXC,1,1,0,0
TAC,MNL,4,4,0,0
DAR,MYW,1,1,0,0
AGA,EUN,1,1,0,0
AMM,MCT,2,2,0,0
KGL,KME,1,1,0,0
STN,CCF,1,1,0,0
STN,FMM,1,1,0,0
CCF,EIN,1,1,0,0
SKG,PSA,1,1,0,0
LIS,TER,2,2,0,0
SHJ,PEW,3,3,0,0
OVB,CIT,1,1,0,0
TOF,DME,2,2,0,0
BLR,HBX,1,1,0,0
YYD,YVR,2,2,0,1
JED,ABT,1,1,0,0
SMF,MDW,1,1,0,0
ADB,NTE,1,1,0,0
NTG,WUH,1,1,0,0
ALA,TSE,5,5,0,1
SCO,MRV,1,1,0,0
DMK,PEN,1,1,0,0
LGW,IST,1,1,0,0
DUB,IST,1,1,0,0
LNK,ORD,1,1,0,1
IAH,PIT,1,1,0,0
IAH,HNL,1,1,0,0
IAH,MLU,1,1,0,1
MIA,DEN,3,3,0,0
PIA,DEN,1,1,0,1
KLV,SVX,1,1,0,0
HRB,SVX,1,1,0,0
CLT,ORF,2,2,0,0
SGN,CAH,1,1,0,1
EPR,RVT,1,1,0,0
YEG,PSP,1,1,0,0
YYJ,LAS,1,1,0,0
CUF,OTP,1,1,0,0
TGM,BVA,1,1,0,0
TSR,MAD,1,1,0,0
OVB,LBD,3,3,0,0
SLN,MCI,1,1,0,0
HAS,DXB,1,1,0,0
DXB,HAS,1,1,0,0
DXB,BSR,2,2,0,0
EVN,DXB,1,1,0,0
HGA,BBO,1,1,0,0
FYU,CIK,1,1,0,0
YGV,YZV,2,2,0,0
SVG,LHR,3,3,0,1
AUH,MCT,12,12,0,5
PHX,MCI,3,3,0,0
PHX,STL,3,3,0,0
MIA,YUL,3,3,0,1
MIA,SAP,4,4,0,1
PHL,CDG,4,4,0,1
CLT,SAN,2,2,0,0
GSP,DFW,2,2,0,1
NGB,ICN,1,1,0,0
FCO,MAD,3,3,0,0
KBL,HEA,3,3,0,0
KDH,DEL,1,1,0,0
TAS,MRV,2,2,0,0
HRE,LUN,11,11,0,5
SOF,CDG,2,2,0,0
CDG,CAI,3,3,0,0
ATL,YUL,3,3,0,3
OAJ,ATL,3,3,0,3
LEJ,HER,2,2,0,0
JFK,TXL,2,2,0,1
ZRH,DEL,2,2,0,1
MAN,LCA,5,5,0,0
DIB,GAU,3,3,0,2
MFM,NKG,2,2,0,0
FUK,KIX,3,3,0,0
OKA,FSZ,1,1,0,0
YYC,YQF,1,1,0,0
YYZ,YQB,3,3,0,1
RIX,HEL,2,2,0,1
BNE,ZQN,2,2,0,2
PER,ALH,2,2,0,1
GEG,PDX,1,1,0,1
CLJ,VIE,2,2,0,1
CLO,TCO,1,1,0,0
SON,ZGU,1,1,0,0
CTU,TAO,5,5,0,1
MRS,CFK,1,1,0,0
NAN,LBS,1,1,0,1
TSE,FRU,1,1,0,0
MEM,TPA,2,2,0,1
BDL,MCO,4,4,0,2
BWI,LAX,3,3,0,1
BGO,LHR,2,2,0,1
FRA,SOF,2,2,0,0
BOJ,VAR,1,1,0,0
ACK,MVY,1,1,0,0
BKI,MNL,2,2,0,0
KUL,MNL,3,3,0,0
TPE,BNE,2,2,0,0
HGH,LYG,1,1,0,0
AVA,NAY,2,2,0,1
NKG,CGQ,6,6,0,1
URC,TNA,4,4,0,1
DLC,YNJ,1,1,0,0
AOG,PEK,1,1,0,0
BEL,MAO,3,3,0,0
LEJ,TFS,2,2,0,0
HAJ,KGS,2,2,0,0
PUJ,MUC,2,2,0,0
PTY,SDQ,2,2,0,0
YYC,MSP,1,1,0,0
AUS,MEM,1,1,0,1
LGA,DEN,4,4,0,0
NCL,ABZ,1,1,0,0
TLV,HKG,1,1,0,0
LOS,LFW,1,1,0,0
MAN,GVA,1,1,0,0
LYS,BES,2,2,0,0
BSL,LCA,1,1,0,0
MDT,DEN,1,1,0,0
TXL,VRN,1,1,0,0
OGG,HNL,5,5,0,2
VLC,CMN,2,2,0,1
DEL,CJB,1,1,0,0
WUH,LJG,3,3,0,0
PVG,MYJ,2,2,0,1
EWR,SJU,2,2,0,0
TUL,ATL,4,4,0,3
KWI,JFK,1,1,0,0
WAW,CPH,3,3,0,1
ZVK,PKZ,1,1,0,0
MUC,LEJ,1,1,0,1
MUC,PMO,1,1,0,1
CGN,ALC,1,1,0,0
LLA,ARN,2,2,0,0
ARN,FAO,1,1,0,0
RUH,KRT,3,3,0,0
REN,DME,1,1,0,0
SFG,SBH,1,1,0,0
DIY,ADB,2,2,0,0
SAW,ALA,1,1,0,0
DXB,DUS,2,2,0,1
CRL,ZTH,1,1,0,0
STN,CFU,1,1,0,0
STN,BRQ,1,1,0,0
ALC,BVA,1,1,0,0
MRS,GSE,1,1,0,0
CJU,PVG,4,4,0,0
RUH,COK,1,1,0,0
LAS,ELP,1,1,0,0
TPE,KMG,2,2,0,0
YIH,HKG,1,1,0,0
LZY,CTU,4,4,0,1
HIR,MUA,1,1,0,0
TUN,LAQ,2,2,0,0
NGB,SIN,1,1,0,0
AMS,VRN,1,1,0,0
DME,LED,5,5,0,0
BHI,REL,1,1,0,0
SFO,EWR,2,2,0,0
EWR,GUA,1,1,0,0
EWR,RIC,1,1,0,1
IAH,RSW,1,1,0,0
BGR,DCA,2,2,0,2
LGA,YYZ,6,6,0,3
SYR,PHL,2,2,0,1
SYD,LST,2,2,0,1
BGO,TRF,2,2,0,0
FOC,CJU,1,1,0,0
RIY,AUH,1,1,0,0
SAH,JIB,1,1,0,0
MPM,POL,1,1,0,0
ANU,PTP,2,2,0,0
RIX,TFS,2,2,0,1
HSG,PVG,1,1,0,0
MLL,RSH,1,1,0,1
LAS,MTY,3,3,0,1
YFH,YOG,1,1,0,0
BCN,MIA,5,5,0,2
SYD,DFW,2,2,0,1
LAX,ORD,7,7,0,2
MIA,KIN,2,2,0,0
MIA,SKB,3,3,0,0
DTW,PHX,4,4,0,0
PHL,MBJ,2,2,0,0
ORD,TUS,2,2,0,0
MCO,DCA,3,3,0,0
GVA,OPO,5,5,0,2
GYD,SVO,2,2,0,0
LED,AAQ,1,1,0,0
CDG,ATL,4,4,0,2
ORY,LIN,3,3,0,1
ATL,FNT,3,3,0,2
DUS,NBE,3,3,0,0
STR,GWT,1,1,0,0
HKT,AUH,2,2,0,1
IMF,CCU,2,2,0,0
YFC,YUL,1,1,0,1
YZF,YXY,1,1,0,0
ANC,PDX,1,1,0,0
GCI,ACI,1,1,0,0
ORD,SAL,1,1,0,0
AWD,FTA,1,1,0,0
KSH,THR,3,3,0,0
LOP,KUL,1,1,0,0
BOM,AUH,4,4,0,0
LPB,TJA,2,2,0,0
WUH,LYI,1,1,0,0
OKA,PEK,2,2,0,1
XIY,DLC,6,6,0,1
HGH,KWL,8,8,0,2
CTU,PZI,3,3,0,1
GHA,TMR,1,1,0,0
QSF,LYS,2,2,0,0
TSE,DZN,1,1,0,0
YKS,LED,1,1,0,0
TPA,PIT,2,2,0,0
MKE,RSW,2,2,0,1
FNA,LHR,1,1,0,0
DFW,MAD,5,5,0,2
MSQ,SVX,1,1,0,0
HAM,BRU,2,2,0,1
LAX,HKG,2,2,0,1
COO,SSG,1,1,0,0
YVR,PVG,3,3,0,1
SZX,LLF,1,1,0,0
CKG,TNA,5,5,0,1
NKG,HRB,3,3,0,0
TBS,URC,1,1,0,0
TNA,XMN,4,4,0,2
FLN,CGH,3,3,0,0
GRU,GIG,4,4,0,0
SFG,PTP,3,3,0,1
AMS,SEA,2,2,0,1
CAI,HMB,2,2,0,0
IST,CAI,2,2,0,0
MAD,DXB,1,1,0,0
BZV,ADD,1,1,0,0
BRS,ALC,3,3,0,0
LTN,ABZ,1,1,0,0
LGW,KLX,1,1,0,0
CPH,MXP,2,2,0,0
AGA,CDG,1,1,0,0
FAO,SEN,1,1,0,0
GVA,CAG,1,1,0,0
BJV,BRS,1,1,0,0
YCY,YFB,2,2,0,0
YUX,YGT,2,2,0,0
JER,EXT,1,1,0,0
DPS,BDO,4,4,0,0
FRA,HDF,1,1,0,0
BAH,KHI,1,1,0,0
ACC,COO,1,1,0,0
YXT,YYD,1,1,0,0
TFS,GVA,2,2,0,0
KEF,DEN,1,1,0,0
BLR,TRV,4,4,0,2
IKA,PEK,1,1,0,0
YIC,KMG,1,1,0,0
PSA,MAN,1,1,0,0
JFK,PSE,1,1,0,0
NBO,NSI,1,1,0,0
ICN,BOM,1,1,0,0
KWI,MAA,1,1,0,0
SVD,GND,1,1,0,0
EWR,MXP,2,2,0,1
FRA,TGD,1,1,0,0
TRD,EVE,2,2,0,0
RUH,MED,2,2,0,0
MCT,CDG,1,1,0,0
SKT,DMM,1,1,0,0
SAW,HRK,1,1,0,0
CBR,SYD,3,3,0,1
MEL,MIM,1,1,0,0
NTL,BNK,1,1,0,0
AGP,PIK,1,1,0,0
FMM,DUB,1,1,0,0
PWQ,DME,1,1,0,0
LPA,ORY,2,2,0,1
VLL,BCN,3,3,0,1
IAD,RUH,1,1,0,0
OMH,MED,1,1,0,0
ICT,LAS,2,2,0,0
FLL,STL,1,1,0,0
ROC,TPA,1,1,0,0
OKC,HOU,2,2,0,1
GSP,BWI,1,1,0,0
MXP,ZRH,1,1,0,0
JNG,SHA,2,2,0,1
FLL,ACY,1,1,0,0
IBR,NGO,1,1,0,0
UUS,BVV,1,1,0,0
GYE,CUE,1,1,0,0
GYE,LOH,1,1,0,0
HEL,IST,2,2,0,0
FUE,AMS,1,1,0,0
SAW,RTM,1,1,0,0
MRU,VKO,1,1,0,0
ASB,BHX,1,1,0,0
TRC,IAH,1,1,0,1
FLL,BIM,2,2,0,1
MXL,GDL,1,1,0,0
LXA,LZY,1,1,0,0
GND,UVF,2,2,0,0
YEG,YQU,2,2,0,1
BLQ,TSR,1,1,0,0
KWL,XMN,6,6,0,2
SGC,LBD,1,1,0,0
MPM,VPY,1,1,0,0
BLQ,CMN,2,2,0,0
SVX,KGP,1,1,0,0
DME,NOJ,1,1,0,0
VCP,ARU,1,1,0,0
BEG,TXL,2,2,0,0
SPR,CZH,2,2,0,0
PLJ,DGA,2,2,0,0
YEV,YSY,1,1,0,0
YVR,YQQ,2,2,0,0
YTL,YXL,1,1,0,0
YUL,CLT,2,2,0,2
ZAG,LHR,3,3,0,1
OGG,OAK,3,3,0,1
CVG,CLT,3,3,0,1
SBY,CLT,2,2,0,1
DFW,CMH,2,2,0,0
MLB,CLT,2,2,0,0
PHL,BCN,2,2,0,0
JFK,AUS,4,4,0,0
ORD,MDT,3,3,0,2
MSP,CLT,3,3,0,0
STS,LAX,2,2,0,2
SIN,ICN,5,5,0,1
RFD,SFB,1,1,0,0
STR,SVO,1,1,0,0
KLV,LED,2,2,0,1
SJJ,CPH,1,1,0,0
CDG,MLA,2,2,0,0
VCE,LYS,3,3,0,0
NUE,RHO,2,2,0,0
ZRH,BDS,3,3,0,1
GDL,TRC,2,2,0,1
WWK,VAI,1,1,0,0
YYZ,DCA,3,3,0,2
JNU,SIT,1,1,0,0
GXF,ADE,1,1,0,0
CGN,VIE,3,3,0,2
YRT,YYQ,2,2,0,1
BOG,MAD,2,2,0,0
MDE,SAL,1,1,0,0
AAN,CCJ,1,1,0,0
KCH,SIN,4,4,0,1
MME,AMS,2,2,0,2
TSN,SYX,2,2,0,0
DNH,LHW,2,2,0,0
PEK,HKG,6,6,0,0
TSN,TSA,3,3,0,0
XIY,TAO,7,7,0,1
SHE,WUX,2,2,0,1
HYN,CAN,3,3,0,1
GOH,SFJ,1,1,0,0
ADA,IST,3,3,0,0
TSE,FRA,3,3,0,1
MKE,CUN,1,1,0,0
LAS,RDU,3,3,0,1
YVR,MAN,1,1,0,0
PLZ,DUR,2,2,0,2
BCD,CEB,1,1,0,0
DGT,CEB,1,1,0,0
HRB,YIW,1,1,0,0
GRU,SDU,2,2,0,0
PBL,PMV,1,1,0,0
PTY,BGA,1,1,0,0
CUN,IND,2,2,0,1
DTW,RDU,1,1,0,0
ATL,DUS,3,3,0,2
ATL,SBN,3,3,0,3
HNL,ATL,2,2,0,1
MCO,LGA,2,2,0,0
DXB,PEW,2,2,0,0
CDG,AJA,1,1,0,0
HEL,FCO,2,2,0,0
GLA,CFN,1,1,0,1
CPH,FLR,2,2,0,1
LCG,BIO,2,2,0,1
SIN,SOC,3,3,0,2
DUS,ZAD,1,1,0,0
STR,OLB,3,3,0,1
TXL,NCE,1,1,0,0
CGN,MUC,3,3,0,0
NUE,ZQW,1,1,0,0
PMI,SCQ,2,2,0,1
KEF,AMS,1,1,0,0
NCL,MJV,1,1,0,0
SOY,KOI,1,1,0,0
GLA,DUS,1,1,0,1
CMN,FRA,2,2,0,0
CDG,KUL,3,3,0,0
KUL,DAC,5,5,0,0
MAN,SVG,1,1,0,0
BGO,LPA,1,1,0,0
JED,LHE,4,4,0,0
REN,LBD,2,2,0,0
SKZ,LHE,1,1,0,0
BSL,SAW,1,1,0,0
DOH,OSL,1,1,0,0
EIN,PMI,2,2,0,0
ALC,KRK,1,1,0,0
CAG,CIA,1,1,0,0
BRU,ARN,1,1,0,0
CEK,EVN,1,1,0,0
MAA,VTZ,2,2,0,0
DUB,FRA,2,2,0,0
PMI,KUN,1,1,0,0
BWI,GSP,1,1,0,0
XUZ,HRB,1,1,0,0
SZX,YIC,2,2,0,1
NDG,PEK,3,3,0,1
SVI,ACR,1,1,0,0
GRP,MQH,1,1,0,0
SCO,TSE,2,2,0,0
UIO,LOH,1,1,0,0
LIS,REC,1,1,0,0
DMK,CEI,2,2,0,0
LJU,IST,2,2,0,0
IST,TGD,1,1,0,0
SMI,RHO,2,2,0,0
SBZ,OTP,1,1,0,0
IAH,CME,1,1,0,1
STL,IAD,1,1,0,1
IAD,MCO,1,1,0,0
ONT,DEN,3,3,0,2
COS,IAD,1,1,0,1
CAK,ORD,1,1,0,1
CLT,MEX,2,2,0,0
TAS,KZN,1,1,0,0
BNE,PPP,2,2,0,1
YVR,YUL,2,2,0,0
PUS,TYN,1,1,0,0
LIM,TPP,3,3,0,1
NKM,GAJ,1,1,0,0
DXB,HRK,1,1,0,0
ZYI,SHA,1,1,0,0
KTM,DHI,1,1,0,0
IJK,SVX,1,1,0,0
PMO,GOA,1,1,0,0
OLB,VCE,1,1,0,0
NAS,FPO,2,2,0,0
ABV,QOW,1,1,0,0
YHU,YZV,1,1,0,0
YKL,YZV,1,1,0,0
MLH,ORN,1,1,0,0
UVF,MIA,2,2,0,1
PHX,FAT,2,2,0,2
MDT,ORD,3,3,0,2
RDU,LAX,4,4,0,1
DFW,HNL,2,2,0,0
AUS,LAX,5,5,0,2
FAR,AZA,1,1,0,0
MAD,JED,2,2,0,0
ATH,EFL,2,2,0,1
BLQ,SVO,2,2,0,1
MSQ,SVO,1,1,0,0
CEK,SVO,1,1,0,0
SVO,YYZ,1,1,0,0
CDG,MAN,4,4,0,1
PIT,CDG,2,2,0,1
ADQ,KLN,1,1,0,0
LPA,DUS,4,4,0,0
IBZ,HAM,1,1,0,0
SZG,PMI,2,2,0,1
ZRH,FNC,2,2,0,1
LKO,DED,1,1,0,0
RAJ,BOM,3,3,0,2
MLA,IST,2,2,0,0
FUK,ISG,1,1,0,0
AXT,HND,2,2,0,1
KIX,GUM,4,4,0,1
SHJ,RUH,1,1,0,0
YUL,ZBF,1,1,0,1
GGT,YYZ,1,1,0,0
FRA,SFO,3,3,0,1
KLL,IGG,1,1,0,0
BOY,OUA,1,1,0,0
SOF,VIE,2,2,0,1
YZS,YRT,2,2,0,1
JER,GCI,3,3,0,0
STN,GCI,1,1,0,0
CLO,BAQ,1,1,0,0
MDE,BAQ,1,1,0,0
VUP,BOG,2,2,0,1
EAE,VLI,1,1,0,0
SXM,ORY,2,2,0,1
KUL,JHB,2,2,0,0
ATL,ICT,4,4,0,3
WNZ,TAO,4,4,0,1
YIW,SWA,2,2,0,0
SHE,NTG,2,2,0,1
ALG,TEE,1,1,0,0
ALG,DXB,2,2,0,0
MXP,ALG,1,1,0,0
LIL,LYS,1,1,0,0
MJZ,YKS,2,2,0,0
STL,DTW,3,3,0,1
BNA,CHS,2,2,0,1
OPO,LHR,1,1,0,0
USM,CNX,1,1,0,0
BOS,LEB,1,1,0,0
FRA,TPE,1,1,0,0
TPE,OKA,3,3,0,0
HKT,PVG,4,4,0,1
PVG,ACX,1,1,0,0
SEA,PVG,2,2,0,0
CZX,XMN,2,2,0,0
DNH,URC,2,2,0,0
HSN,XMN,2,2,0,1
JNG,CAN,1,1,0,0
SOM,CCS,1,1,0,0
PTY,MBJ,1,1,0,0
XMN,LZH,1,1,0,0
HGH,CSX,5,5,0,0
DIR,JIJ,1,1,0,0
AUH,PVG,2,2,0,1
SXF,MAD,1,1,0,0
LGW,AGA,3,3,0,0
LGW,GIB,1,1,0,0
LJU,STN,1,1,0,0
SZG,SXF,1,1,0,0
SZB,LGK,3,3,0,1
EXT,EGC,2,2,0,1
MUC,BCN,3,3,0,1
DEN,PIR,3,3,0,2
DPS,UPG,3,3,0,0
ONQ,DUS,1,1,0,0
DUS,WRO,1,1,0,0
CTA,HAJ,1,1,0,0
XUZ,CSX,1,1,0,0
BCN,KBP,2,2,0,1
MAD,BOD,1,1,0,1
LBA,LPA,1,1,0,0
DLM,GLA,3,3,0,0
JFK,POP,1,1,0,0
DXB,NBO,4,4,0,2
KMQ,ICN,2,2,0,1
KWI,MCT,2,2,0,0
KNG,AMQ,1,1,0,1
FRA,VKO,2,2,0,0
NUE,FRA,1,1,0,0
ATH,TXL,2,2,0,1
IKA,EBL,1,1,0,0
TZA,DGA,2,2,0,0
CFC,CWB,1,1,0,0
RGN,DMK,2,2,0,0
ARN,UME,2,2,0,0
MED,KWI,1,1,0,0
PNR,BZV,4,4,0,0
VCT,IAH,1,1,0,1
TZX,AYT,1,1,0,0
AER,TZX,1,1,0,0
SYD,CBR,3,3,0,1
ARN,CMN,1,1,0,0
BOM,AMM,1,1,0,0
HHN,TPS,1,1,0,0
GRO,SKG,1,1,0,0
WMI,MRS,1,1,0,0
OVB,MUC,1,1,0,1
FLW,TER,1,1,0,0
SIN,HYD,3,3,0,1
ULN,PEK,2,2,0,0
SXF,ATH,1,1,0,0
FUE,SNN,1,1,0,0
MCO,MSY,2,2,0,1
ADA,AYT,2,2,0,0
BKK,HYD,1,1,0,0
MFM,CNX,1,1,0,0
LUX,IST,1,1,0,0
DNK,IST,3,3,0,1
AMS,PFO,1,1,0,0
EIN,BJV,1,1,0,0
RTM,PMI,1,1,0,0
RAK,AGA,1,1,0,0
VKO,SSH,1,1,0,0
EWR,BUF,1,1,0,1
IAH,BNA,1,1,0,1
IAD,LGA,1,1,0,1
PSP,IAH,1,1,0,1
OSS,KUF,1,1,0,0
LAX,PHL,3,3,0,0
DCA,SDF,2,2,0,1
MIA,LPB,2,2,0,0
DFW,SJC,2,2,0,0
DEL,TAS,1,1,0,0
KBP,FRA,2,2,0,0
KBP,HEL,1,1,0,0
KBP,BKK,1,1,0,0
FOC,SGN,1,1,0,0
DLI,HAN,2,2,0,0
BDB,BNE,2,2,0,1
MQN,MJF,1,1,0,0
BUD,SAW,1,1,0,0
KUT,WAW,1,1,0,0
SGN,DAD,3,3,0,0
PFO,NCL,2,2,0,0
MPM,TET,1,1,0,0
BRE,FMO,1,1,0,0
PIB,ATL,1,1,0,0
YBL,YQQ,3,3,0,1
YTL,XBE,1,1,0,0
YYZ,DFW,5,5,0,2
CDG,ORD,10,10,0,5
VCE,LHR,2,2,0,1
PTP,SJU,2,2,0,0
LAX,LAS,9,9,0,1
MIA,BZE,2,2,0,1
SAN,PHX,4,4,0,1
JFK,SJO,3,3,0,0
FSD,DFW,2,2,0,2
CID,ORD,3,3,0,3
CVG,SFB,1,1,0,0
PRG,BCN,5,5,0,1
SKU,ATH,2,2,0,1
ATH,BEG,3,3,0,0
LED,UFA,1,1,0,0
SVO,ROV,1,1,0,0
SVO,DEL,1,1,0,0
MAD,ATL,4,4,0,3
MSY,MSP,3,3,0,2
TXL,FNC,1,1,0,0
PAD,AYT,3,3,0,0
MEU,STM,1,1,0,0
UIO,MEX,1,1,0,0
ORD,MEX,6,6,0,0
MMB,CTS,2,2,0,1
KIX,DLC,3,3,0,0
YYY,YBC,2,2,0,1
YXY,YYC,1,1,0,0
CHC,PMR,1,1,0,1
CWB,AEP,1,1,0,1
VCE,VIE,1,1,0,1
FCO,AMS,4,4,0,0
HKT,PEK,2,2,0,0
TAO,NGB,5,5,0,1
YNT,CAN,3,3,0,1
HRB,CZX,3,3,0,1
INC,WUH,4,4,0,2
HET,CTU,3,3,0,1
WXN,CAN,2,2,0,1
ALG,DJG,1,1,0,0
TUN,ALG,2,2,0,0
BRU,ALG,1,1,0,0
PMI,DUB,2,2,0,0
ATL,AUA,3,3,0,1
MDW,TUS,2,2,0,1
BWI,STL,2,2,0,1
MCO,BHM,3,3,0,2
MCO,MSP,4,4,0,1
LHR,MAN,5,5,0,3
KEF,ALC,2,2,0,1
BOC,PAC,1,1,0,0
LHR,BRU,3,3,0,1
YYZ,HKG,2,2,0,0
CGY,CEB,1,1,0,0
SZX,KMG,6,6,0,1
WNZ,NAY,2,2,0,1
CAN,FOC,3,3,0,0
XIY,HRB,5,5,0,1
TAO,SZX,4,4,0,1
HRB,TSN,8,8,0,1
SWA,CAN,1,1,0,0
CGH,POA,2,2,0,0
CGN,PMI,5,5,0,0
HNL,SEA,3,3,0,0
RSW,IND,2,2,0,0
RSW,MSP,2,2,0,0
SDF,MSP,1,1,0,1
VCE,DXB,1,1,0,0
EDI,BSL,1,1,0,0
FUE,BRS,2,2,0,0
ORY,SXF,1,1,0,0
CFU,MAN,3,3,0,0
OPO,LGW,2,2,0,0
SSH,STN,2,2,0,0
EMA,AMS,1,1,0,0
SVG,BCN,2,2,0,1
SBA,DEN,2,2,0,1
HAM,GVA,1,1,0,0
MHD,AZD,3,3,0,0
DEL,KUL,3,3,0,1
RSW,LGA,2,2,0,1
MAN,AMS,2,2,0,0
AMS,LAD,1,1,0,0
AMS,KUL,3,3,0,1
GMP,KPO,2,2,0,0
DOH,KWI,2,2,0,0
SJO,PJM,3,3,0,1
TPP,LIM,3,3,0,1
DOM,PTP,3,3,0,0
FCO,BGO,1,1,0,0
DXB,JED,5,5,0,1
KHI,RUH,2,2,0,0
SKT,ISB,1,1,0,0
SAW,EDO,1,1,0,0
CRL,TGD,1,1,0,0
LTN,RAK,1,1,0,0
KIR,LTN,1,1,0,0
ACE,BVA,1,1,0,0
FSC,CRL,1,1,0,0
WMI,LPL,1,1,0,0
JNB,RCB,1,1,0,1
SVX,PEK,2,2,0,0
IXG,BLR,1,1,0,0
FCO,SIN,1,1,0,0
YQR,MSP,1,1,0,1
ATH,GVA,3,3,0,0
PGF,CRL,1,1,0,0
DWD,RUH,1,1,0,0
RSW,MDW,2,2,0,0
SJW,KWL,2,2,0,0
BBA,PUQ,1,1,0,0
ASU,AGT,2,2,0,1
BRU,BKK,2,2,0,1
KUH,TPE,1,1,0,0
SVO,NBE,1,1,0,0
SCO,VKO,1,1,0,0
PRG,MXP,3,3,0,0
MBJ,IAD,1,1,0,0
SFO,ONT,1,1,0,1
JFK,GVA,2,2,0,1
ORD,JAX,3,3,0,1
DFW,ELP,2,2,0,0
ORD,LAS,4,4,0,0
BJX,MDW,1,1,0,0
CUN,PBC,1,1,0,0
LAX,MLM,1,1,0,0
POZ,TRF,1,1,0,0
KRT,SAH,1,1,0,0
IPL,BUR,1,1,0,0
EGO,GOJ,1,1,0,0
NKM,AOJ,1,1,0,0
TUR,BEL,1,1,0,0
JNG,DLC,1,1,0,0
ANI,CHU,1,1,0,1
DKR,ZIG,1,1,0,0
FSC,BOD,1,1,0,0
JFK,LOS,1,1,0,1
FAI,FYU,3,3,0,1
MLH,CZL,2,2,0,0
LHR,TXL,4,4,0,2
LHR,EWR,8,8,0,4
MEM,MIA,2,2,0,1
IAH,MIA,3,3,0,0
MIA,GSO,2,2,0,1
SEA,BUR,2,2,0,1
DFW,PBI,2,2,0,0
AUS,JFK,4,4,0,0
BWI,CLT,4,4,0,1
CLT,LGA,3,3,0,0
MCO,ORD,4,4,0,0
REP,ICN,4,4,0,2
KGS,JKL,2,2,0,0
DZA,HAH,5,5,0,2
LIS,CDG,3,3,0,1
ATL,FCO,5,5,0,4
MPA,NDU,1,1,0,0
DUS,DJE,3,3,0,0
KGD,TXL,2,2,0,1
BHX,GOT,1,1,0,0
BJX,SFO,1,1,0,0
PTY,MTY,2,2,0,1
FRA,NGO,2,2,0,1
HND,OKA,3,3,0,0
YYZ,PEK,3,3,0,1
NRT,CTS,6,6,0,1
MRV,ASF,1,1,0,0
SVX,OVB,5,5,0,0
DTW,PDX,2,2,0,1
JFK,VIE,2,2,0,2
MAA,KUL,4,4,0,1
TRN,AHO,1,1,0,0
CGO,HGH,10,10,0,1
JJN,YIW,1,1,0,0
TKP,TKX,1,1,0,0
CPH,GVA,4,4,0,0
MAD,GRU,5,5,0,1
HLD,HTA,1,1,0,0
CTU,XIY,8,8,0,2
BCN,DUB,2,2,0,0
MLE,PEK,2,2,0,0
MOQ,TNR,1,1,0,0
KKI,AKI,2,2,0,1
BIQ,LIL,1,1,0,0
IKS,YKS,2,2,0,0
LHR,SIN,4,4,0,2
BRU,OPO,5,5,0,1
HKG,XIY,3,3,0,0
GRU,UDI,3,3,0,0
TPE,LAX,4,4,0,1
XIY,WUX,3,3,0,0
PVG,TYN,2,2,0,0
NAY,BAV,2,2,0,1
JGS,XIY,1,1,0,0
SIN,XMN,4,4,0,1
URC,YIW,1,1,0,0
DYG,PEK,3,3,0,1
CGB,CGR,3,3,0,0
MDE,ADZ,1,1,0,1
DTW,GSO,1,1,0,1
PRG,DXB,2,2,0,1
KUL,DXB,3,3,0,1
BLZ,JNB,2,2,0,0
DMM,ADD,1,1,0,0
ZRH,GDN,1,1,0,0
NCE,LTN,1,1,0,0
VAA,HEL,1,1,0,0
YAB,YFB,1,1,0,0
KOI,GLA,1,1,0,1
BUD,CGN,1,1,0,0
NAG,CCU,2,2,0,0
SDL,BMA,2,2,0,1
SAL,HAV,1,1,0,0
LHW,TPE,1,1,0,0
ORN,MAD,1,1,0,0
XUZ,KWE,2,2,0,0
SJU,DCA,1,1,0,0
KIX,AMS,1,1,0,0
MVD,SCL,2,2,0,0
BEN,HBE,1,1,0,0
RUH,MUC,1,1,0,0
TGD,DUS,1,1,0,0
BOJ,OSL,1,1,0,0
SSA,PNZ,1,1,0,0
LRS,ATH,2,2,0,0
ISB,SHJ,1,1,0,0
YVR,MNL,1,1,0,0
ASP,CNS,1,1,0,1
NCE,CMN,1,1,0,0
EDI,NRN,1,1,0,0
DUB,BSL,1,1,0,0
SNN,TFS,1,1,0,0
LEI,CRL,1,1,0,0
AGP,BRE,1,1,0,0
AGP,TMP,1,1,0,0
VLC,OPO,1,1,0,0
BVA,TNG,1,1,0,0
PSR,HHN,1,1,0,0
PMI,GRO,1,1,0,0
SPU,ARN,2,2,0,0
EVN,DME,1,1,0,0
BOC,SJO,1,1,0,0
JFK,CAI,2,2,0,1
ALC,TRF,2,2,0,0
RUH,BLR,1,1,0,0
TPA,GRR,1,1,0,0
BUD,ZRH,1,1,0,0
YNT,TPE,1,1,0,0
DFW,BOS,4,4,0,0
JFK,LIM,3,3,0,2
IST,LYS,1,1,0,0
IST,PEK,2,2,0,0
CDG,VXE,1,1,0,0
OTP,BUD,1,1,0,0
IAH,HSV,1,1,0,1
MHT,ORD,1,1,0,1
BFD,CLE,1,1,0,1
PBI,CLT,2,2,0,0
ROA,CLT,2,2,0,0
CXR,HAN,2,2,0,0
EIN,KTW,1,1,0,0
TSF,OTP,1,1,0,0
TGZ,GDL,2,2,0,0
NAY,CIH,2,2,0,1
MAB,CKS,1,1,0,0
SDQ,PLS,1,1,0,0
PND,PLJ,1,1,0,0
MDL,RGN,2,2,0,0
YER,YAX,1,1,0,0
LHR,KUL,2,2,0,0
NCL,LHR,3,3,0,2
SLC,ORD,4,4,0,4
CAE,CLT,2,2,0,1
RDU,LHR,6,6,0,3
TYS,ORD,3,3,0,2
PHL,BGM,2,2,0,1
ORD,YKF,2,2,0,1
ORD,HKG,3,3,0,1
ORD,BNA,3,3,0,2
GMP,PUS,2,2,0,1
MSY,LAX,9,9,0,6
GRR,LAS,1,1,0,0
AVL,FLL,1,1,0,0
MLI,SFB,1,1,0,0
LYS,ATH,3,3,0,1
HER,MRS,1,1,0,0
ATH,CFU,2,2,0,1
MRV,EVN,1,1,0,0
MLA,LYS,2,2,0,0
LPQ,BKK,4,4,0,2
ATL,PHF,3,3,0,3
HSV,ATL,5,5,0,4
VIE,HAM,4,4,0,2
MAH,MAN,3,3,0,0
ETH,SDV,2,2,0,0
CTA,LYS,2,2,0,0
DEL,JDH,3,3,0,2
YHZ,YFC,1,1,0,0
PER,KNX,4,4,0,2
PER,BQB,2,2,0,1
EMK,BET,1,1,0,0
YYC,SEA,1,1,0,1
GRZ,FRA,2,2,0,1
CLO,GYE,2,2,0,1
VVC,MVP,2,2,0,1
PTP,PAP,2,2,0,0
BKI,PEN,1,1,0,0
CTA,TRN,4,4,0,1
KBP,FCO,2,2,0,0
SZX,TSN,6,6,0,1
XIY,XNN,9,9,0,0
LZH,PEK,2,2,0,1
WNZ,SYX,3,3,0,0
ABM,CNS,1,1,0,0
CTL,TWB,1,1,0,0
FAO,SNN,2,2,0,0
ALA,KGF,2,2,0,0
LCA,KIV,1,1,0,0
UIP,ORY,1,1,0,0
HOU,BWI,2,2,0,1
MCO,AUA,1,1,0,0
BOG,GYE,2,2,0,1
UVF,LGW,3,3,0,1
AUH,ZYL,1,1,0,0
BGI,SXM,1,1,0,0
AUX,PMW,2,2,0,0
DYG,CZX,1,1,0,0
HZH,KWE,2,2,0,0
CSX,PVG,3,3,0,0
SZX,HFE,4,4,0,1
WUH,ICN,3,3,0,1
SYX,CSX,5,5,0,0
DYG,SZX,1,1,0,0
HEK,HRB,2,2,0,0
FLN,XAP,2,2,0,0
JOI,CGH,2,2,0,0
NAT,GIG,2,2,0,0
PTY,GDL,2,2,0,1
LCA,AUH,2,2,0,1
SWF,DTW,1,1,0,1
MSP,RSW,2,2,0,0
KIX,DXB,2,2,0,1
LTN,MAD,1,1,0,0
TFS,CDG,1,1,0,0
AJA,LGW,1,1,0,0
OLB,GVA,2,2,0,0
GVA,HRG,1,1,0,0
MXV,ULN,2,2,0,0
UPG,DPS,3,3,0,0
SOC,SIN,3,3,0,2
CGN,ATH,1,1,0,0
BMA,SDL,2,2,0,1
CSX,HET,3,3,0,0
XUZ,SZX,1,1,0,0
SFO,HND,2,2,0,0
JFK,NAS,2,2,0,0
KMG,BFJ,1,1,0,0
SCL,CPO,2,2,0,0
TRK,UPG,1,1,0,0
BRU,OUA,4,4,0,3
VCE,TXL,2,2,0,1
OSL,DUB,2,2,0,0
CAN,BKK,6,6,0,0
GZP,SAW,1,1,0,0
ARM,SYD,2,2,0,1
OXB,RAI,1,1,0,0
CRL,AGA,1,1,0,0
SXF,DUB,2,2,0,0
ALC,BOH,1,1,0,0
CCF,BLL,1,1,0,0
BVA,GRO,1,1,0,0
BSL,STN,1,1,0,0
BGY,FUE,1,1,0,0
BLQ,BRS,1,1,0,0
OPO,BGY,1,1,0,0
SDL,ARN,1,1,0,0
HRI,PVG,1,1,0,0
NQY,DUS,1,1,0,0
HOU,FLL,1,1,0,0
DEN,RDU,1,1,0,0
TLC,FLL,1,1,0,0
FLL,KIN,3,3,0,0
SCL,GRU,3,3,0,0
MUA,KGE,1,1,0,0
CTS,UUS,1,1,0,0
VDA,CDG,1,1,0,0
USM,BKK,2,2,0,0
VLC,IST,1,1,0,0
IST,DLA,1,1,0,0
ASB,IST,2,2,0,0
EBL,AYT,1,1,0,0
SAW,MQM,2,2,0,1
TFS,AMS,1,1,0,0
SID,SNE,1,1,0,0
BOS,SFO,3,3,0,0
SFO,ACV,1,1,0,1
CLE,DCA,1,1,0,1
TLH,MCO,2,2,0,1
SAF,DEN,1,1,0,1
CID,DEN,2,2,0,1
XNA,ORD,3,3,0,2
GOJ,DYU,1,1,0,0
FRA,CLT,2,2,0,0
PHX,CLT,2,2,0,0
BUF,BOS,3,3,0,2
HMO,CUN,1,1,0,0
MEL,NTL,2,2,0,1
CBR,OOL,1,1,0,1
TRF,VNO,1,1,0,0
GDN,KRS,1,1,0,0
DAC,CXB,3,3,0,0
STN,ACE,3,3,0,0
BEW,APL,1,1,0,0
DAR,POL,1,1,0,0
PKN,SRG,1,1,0,0
KJA,EVN,1,1,0,0
TNK,WWT,2,2,0,1
YXL,YQT,2,2,0,0
YVZ,ZSJ,1,1,0,0
BJL,DKR,4,4,0,2
BOS,PHL,3,3,0,0
DCA,JFK,3,3,0,1
DFW,DTW,4,4,0,0
DFW,DRO,2,2,0,1
JFK,CVG,3,3,0,2
JFK,SAN,6,6,0,2
KTN,JNU,2,2,0,1
BHM,PHL,2,2,0,0
GSP,DCA,2,2,0,1
ICN,KMI,2,2,0,1
CVG,PGD,1,1,0,0
FLL,LEX,1,1,0,0
TYS,SFB,1,1,0,0
PGD,ISP,1,1,0,0
ACE,OVD,1,1,0,0
ESB,IST,2,2,0,0
TFS,SVO,1,1,0,0
HAV,SVO,2,2,0,1
SVO,ZAG,1,1,0,0
FCO,CDG,3,3,0,0
ATL,TUS,5,5,0,4
EZE,CDG,2,2,0,1
AUH,HKT,2,2,0,1
LTN,BJV,1,1,0,0
BDQ,BOM,3,3,0,1
CPE,MEX,2,2,0,1
MEX,ZLO,3,3,0,1
ZIH,MEX,3,3,0,1
YHZ,ORD,2,2,0,2
YWG,YQT,2,2,0,1
YXU,YOW,1,1,0,1
YYZ,MCI,1,1,0,1
FIH,BRU,4,4,0,3
TLV,YYZ,2,2,0,0
RIX,AES,1,1,0,0
RIX,BUD,1,1,0,0
CHC,PPQ,1,1,0,1
CDV,ANC,2,2,0,0
HAM,GWT,1,1,0,0
ORY,CAY,3,3,0,1
JHB,KBR,3,3,0,1
LHW,TYN,4,4,0,1
KWE,HAK,3,3,0,0
HET,TSN,6,6,0,2
TIH,PPT,1,1,0,0
SZX,JUZ,2,2,0,1
WUH,CNX,1,1,0,0
URC,LHW,8,8,0,1
BTK,VKO,1,1,0,0
VKO,BTK,1,1,0,0
STL,LAS,2,2,0,1
BKK,PNH,4,4,0,0
AMS,LHR,5,5,0,2
HLD,NAY,2,2,0,1
CSX,NGB,5,5,0,0
KMG,DIG,3,3,0,0
INC,CSX,1,1,0,0
CZX,FOC,2,2,0,1
NDG,PVG,1,1,0,0
CGR,BSB,3,3,0,0
CCS,VLV,2,2,0,0
YVR,MSP,1,1,0,1
YYZ,AMS,3,3,0,1
SLC,DTW,1,1,0,0
LGA,CAE,1,1,0,1
JFK,DCA,3,3,0,0
MSP,CLE,2,2,0,2
PNH,HKG,1,1,0,0
LOS,CAI,1,1,0,0
DUB,DXB,2,2,0,1
CTU,ZYI,1,1,0,0
ADD,LBV,1,1,0,0
AUH,JED,3,3,0,1
DTM,LTN,1,1,0,0
CPH,HAM,2,2,0,0
TPS,PNL,1,1,0,0
JER,DSA,1,1,0,0
RBA,ORY,3,3,0,1
LYS,BCN,3,3,0,1
BMA,VXO,2,2,0,1
HFE,DLC,3,3,0,1
CKG,CSX,6,6,0,0
URC,WUH,4,4,0,1
HNL,PEK,3,3,0,1
HKG,KOJ,1,1,0,0
GEA,TGJ,1,1,0,0
DEL,BKK,4,4,0,0
GLA,PFO,1,1,0,0
SYD,TSV,2,2,0,1
NBO,KRT,1,1,0,0
HIN,CJU,2,2,0,0
PKZ,VTE,1,1,0,0
LBP,MUR,1,1,0,1
UME,TXL,1,1,0,0
AVN,AJA,1,1,0,0
INU,MAJ,1,1,0,0
KOP,DMK,2,2,0,0
CPH,TRD,3,3,0,1
AAL,PMI,1,1,0,0
MCT,ZRH,2,2,0,0
MNL,DMM,2,2,0,0
TSV,CNJ,1,1,0,1
SYD,BKK,4,4,0,1
MUK,RAR,1,1,0,0
STN,KGS,2,2,0,0
AGP,FMM,1,1,0,0
MRS,CIA,1,1,0,0
BRI,HHN,1,1,0,0
BDS,BLQ,1,1,0,0
SIN,USM,4,4,0,2
JED,ISB,4,4,0,0
JED,MAA,1,1,0,0
DEN,OAK,1,1,0,0
PHL,STL,3,3,0,1
ZRH,VLC,1,1,0,0
XUZ,SHE,1,1,0,0
ACY,DTW,1,1,0,0
NQU,EOH,1,1,0,0
UUS,HRB,2,2,0,0
KHI,BKK,2,2,0,0
BNE,BKK,2,2,0,1
ESB,VKO,1,1,0,0
RTM,FCO,1,1,0,0
OMS,DWC,1,1,0,0
IAH,BZE,1,1,0,0
PIT,ORD,3,3,0,1
CLT,LHR,2,2,0,0
PUS,WUH,1,1,0,0
FNC,MAN,2,2,0,0
MPM,BEW,1,1,0,0
UUD,KJA,1,1,0,0
PLU,VCP,1,1,0,0
VCP,IZA,1,1,0,0
SKB,NEV,2,2,0,0
KKA,UNK,1,1,0,1
AEP,MVD,2,2,0,0
GLH,TUP,1,1,0,0
BAH,DOH,10,10,0,5
BOS,MIA,2,2,0,0
DCA,ROC,2,2,0,2
DCA,MSY,2,2,0,2
RIC,DFW,2,2,0,0
RSW,DCA,4,4,0,3
SMF,SEA,5,5,0,3
MSY,DCA,2,2,0,1
MRY,LAX,4,4,0,4
LEX,DFW,2,2,0,1
HAN,ICN,3,3,0,0
ICN,BKI,4,4,0,1
RBY,FAI,2,2,0,1
AYT,LED,1,1,0,0
DXB,SVO,2,2,0,1
LED,KSQ,2,2,0,0
OVB,LED,3,3,0,0
DUB,CDG,3,3,0,1
SXB,ORY,1,1,0,0
KMG,CAN,6,6,0,1
SAT,ATL,7,7,0,4
ATL,MLB,3,3,0,2
GPT,ATL,4,4,0,3
BIO,PMI,4,4,0,1
BSL,IBZ,1,1,0,0
VOL,VIE,2,2,0,0
OLB,CGN,3,3,0,0
RUH,CCJ,2,2,0,0
TRV,BLR,4,4,0,2
LBA,AYT,1,1,0,0
BJV,LTN,1,1,0,0
ITM,HND,2,2,0,0
POM,CMU,1,1,0,0
NJF,SHJ,1,1,0,0
YCD,YVR,1,1,0,1
YXU,YYZ,1,1,0,1
YZR,YYZ,1,1,0,1
CPH,YYZ,3,3,0,2
RIX,FCO,2,2,0,1
BLI,LAS,2,2,0,0
BAQ,MDE,1,1,0,0
XIY,HMI,1,1,0,0
SJW,DSN,1,1,0,0
MUC,PVG,2,2,0,1
CAI,PEK,2,2,0,1
CAN,BAV,2,2,0,1
CGO,KWE,7,7,0,1
LHW,TNA,4,4,0,1
CTU,NGB,3,3,0,1
LXA,KTM,1,1,0,0
NCE,ORK,1,1,0,0
AUA,CUR,2,2,0,0
TBG,UNG,1,1,0,0
MDW,SJC,2,2,0,1
MDW,LAS,2,2,0,1
BWI,LAS,3,3,0,0
ISP,BWI,2,2,0,1
MSP,MCO,4,4,0,1
RGN,DAC,1,1,0,0
OME,OTZ,2,2,0,0
LPA,LIS,2,2,0,1
ACK,BOS,1,1,0,0
FCO,KIV,2,2,0,0
MNL,DGT,3,3,0,0
KMG,WNH,2,2,0,0
TAO,KMG,3,3,0,0
SHA,TYN,4,4,0,0
NZH,NAY,2,2,0,1
CAN,KWE,4,4,0,0
CAN,LYA,1,1,0,0
XMN,YIH,2,2,0,1
KWE,URC,1,1,0,0
PVG,AMS,3,3,0,2
GRU,ROS,2,2,0,0
DTW,DSM,1,1,0,1
HNL,ICN,4,4,0,1
LXR,KWI,2,2,0,0
MED,CAI,2,2,0,0
ADD,DMM,1,1,0,0
SPU,WAW,1,1,0,0
LGW,LUX,1,1,0,0
LGW,JMK,2,2,0,0
PFO,BRS,2,2,0,0
LYS,SXF,1,1,0,0
NCE,GVA,2,2,0,0
CDG,BCN,5,5,0,1
LBA,BHD,1,1,0,0
CAN,CGK,2,2,0,0
PRN,LGW,1,1,0,0
VRN,HAM,1,1,0,0
SYX,HFE,1,1,0,0
LGG,LIL,1,1,0,0
HNL,SDJ,1,1,0,0
BIO,FUE,2,2,0,1
VLC,BRU,3,3,0,1
FDH,DUS,1,1,0,0
GBT,ZAH,2,2,0,0
LJG,CSX,2,2,0,0
BLK,ALC,1,1,0,0
OAK,LGB,1,1,0,0
TPA,SJU,3,3,0,1
TOB,TUN,2,2,0,0
WAW,MUC,2,2,0,0
LUX,DUB,1,1,0,0
KUL,BOM,3,3,0,1
JNB,ZNZ,1,1,0,0
POA,RIA,2,2,0,0
SVG,LGW,1,1,0,0
ALC,CGN,1,1,0,0
EWR,YTZ,1,1,0,0
CSX,TAO,4,4,0,0
KGL,JRO,1,1,0,0
HHN,RAK,1,1,0,0
STN,SCQ,1,1,0,0
DUB,GDN,1,1,0,0
BVA,DUB,1,1,0,0
PMF,TPS,1,1,0,0
NRN,TFS,1,1,0,0
ARN,MAD,2,2,0,1
PUY,DME,1,1,0,1
HYD,VGA,2,2,0,0
SAN,LIH,1,1,0,0
XIY,HGH,7,7,0,0
DOK,MUC,1,1,0,1
GRR,STL,2,2,0,1
HKG,ZHA,1,1,0,0
HYN,ZUH,2,2,0,0
SSA,AJU,4,4,0,0
TUN,LIS,1,1,0,0
AMS,CHQ,1,1,0,0
VER,IAH,1,1,0,1
IAH,CRP,1,1,0,1
DEN,PUB,1,1,0,1
DFW,ABQ,2,2,0,0
NCE,KBP,1,1,0,0
HER,KBP,1,1,0,0
PVG,DAD,1,1,0,0
ZGS,YZV,1,1,0,0
GOT,OSL,2,2,0,1
GSE,BUD,1,1,0,0
BCN,TSR,1,1,0,0
TSR,BLQ,1,1,0,0
BZL,DAC,1,1,0,0
AMS,TNG,2,2,0,0
LHW,IQN,3,3,0,1
NSK,AER,1,1,0,0
BWA,KTM,1,1,0,0
KTN,KTB,2,2,0,0
VIN,TLV,1,1,0,0
SXB,BIQ,1,1,0,0
ABV,IBA,1,1,0,0
SEA,EWR,3,3,0,1
PHL,PBI,2,2,0,0
RSW,ORD,4,4,0,0
JFK,YUL,6,6,0,3
UUS,ICN,2,2,0,0
LED,CEK,1,1,0,0
CDG,RUH,2,2,0,0
GRU,CDG,2,2,0,0
NOU,BNE,2,2,0,0
TBZ,GYD,1,1,0,0
TXL,SMI,1,1,0,0
PEK,TXL,2,2,0,1
LCA,LBA,2,2,0,0
VRN,PMO,3,3,0,1
ALG,MLA,1,1,0,0
SIN,KIX,2,2,0,1
POM,HIR,1,1,0,0
YUL,CDG,6,6,0,3
YVR,AKL,2,2,0,0
YYZ,DEN,2,2,0,1
HOG,YYZ,2,2,0,1
RIX,PRG,2,2,0,0
KNX,BME,2,2,0,1
AEP,GIG,1,1,0,0
PDX,TUS,1,1,0,1
VIE,CHQ,3,3,0,1
YZF,YOW,2,2,0,1
SON,LNE,1,1,0,0
TRV,COK,3,3,0,0
KUL,BDO,3,3,0,0
AUH,MLE,2,2,0,1
AUH,NBO,3,3,0,1
NNG,HFE,1,1,0,0
WUH,NNG,7,7,0,1
KHN,TSN,1,1,0,0
HUH,BOB,1,1,0,0
MFM,WUH,2,2,0,1
PEK,TAO,5,5,0,1
TYN,SYX,2,2,0,0
SZX,KWL,3,3,0,1
XIY,NKG,6,6,0,1
NKG,SHE,6,6,0,1
TAO,NKG,3,3,0,1
CKG,KWL,6,6,0,1
KWE,CKG,5,5,0,1
URC,CTU,5,5,0,1
DUB,ADB,1,1,0,0
IKE,SAE,1,1,0,0
GOH,KEF,1,1,0,0
ISP,FLL,2,2,0,1
YYZ,FLL,4,4,0,2
AMS,LCY,4,4,0,3
HKG,LHR,3,3,0,0
MIA,BCN,5,5,0,2
YHD,YRL,1,1,0,0
TSE,MSQ,1,1,0,0
MSQ,KUT,1,1,0,0
IKT,KCK,1,1,0,0
NNG,PNH,1,1,0,0
WUH,SYX,4,4,0,0
NGB,BKK,1,1,0,0
SHA,NNG,4,4,0,0
PVG,OKJ,2,2,0,1
WUS,SHA,1,1,0,0
CSX,TXN,1,1,0,0
CGO,YIW,1,1,0,0
XMN,KUL,3,3,0,1
XMN,SHE,3,3,0,1
CKG,SHE,1,1,0,0
HRB,YTY,1,1,0,0
SHE,NGO,1,1,0,0
KGS,HAJ,2,2,0,0
AYT,FRA,4,4,0,0
SLC,FCA,1,1,0,1
HSV,DTW,1,1,0,1
ATH,TLV,2,2,0,0
KUL,MEL,4,4,0,1
BEG,AUH,2,2,0,0
HAM,CTA,2,2,0,0
ALC,SEN,1,1,0,0
CDG,MAD,3,3,0,0
NOC,BHX,1,1,0,0
SUB,DPS,4,4,0,1
AGB,MRS,1,1,0,0
CGN,SKG,1,1,0,0
SAW,CGN,3,3,0,0
NTE,MAD,1,1,0,1
NRT,MNL,5,5,0,0
EMA,RHO,3,3,0,0
TFS,BFS,2,2,0,0
AMS,YVR,2,2,0,1
ATH,AMS,2,2,0,0
PUJ,SCL,1,1,0,0
WAW,GDN,1,1,0,0
STT,SXM,2,2,0,0
SVD,POS,1,1,0,0
AMQ,SUB,2,2,0,0
DUS,GLA,1,1,0,1
MUC,CDG,2,2,0,0
BHX,MUC,1,1,0,1
LUX,RHO,1,1,0,0
BIA,LUX,1,1,0,0
CMB,DXB,3,3,0,1
KHI,CMB,2,2,0,0
MYY,LGL,1,1,0,1
KUL,CMB,4,4,0,1
KUL,CAN,3,3,0,0
TRF,PMI,1,1,0,0
MAN,ZAD,1,1,0,0
RAK,NRN,1,1,0,0
MAD,MAN,1,1,0,0
LNZ,STN,1,1,0,0
NDR,CRL,1,1,0,0
JER,BRS,1,1,0,0
CDG,JER,1,1,0,0
TKG,CGK,3,3,0,0
GOT,LGW,1,1,0,0
MQL,BHQ,1,1,0,0
ZAD,FKB,1,1,0,0
KRT,PZU,2,2,0,0
MLA,ZRH,2,2,0,1
TNA,YNT,2,2,0,1
ACY,RSW,1,1,0,0
SCL,CCP,2,2,0,0
BSB,MAO,2,2,0,0
LIS,DKR,1,1,0,0
FLL,IAD,1,1,0,0
IAH,DGO,1,1,0,1
ORD,ALB,1,1,0,0
RDU,DCA,2,2,0,1
PVD,CLT,2,2,0,0
TPA,CLT,2,2,0,0
MTY,CUN,3,3,0,0
KKN,VAW,1,1,0,0
HVG,HFT,1,1,0,0
LTN,WRO,1,1,0,0
IEV,LTN,1,1,0,0
VCP,UBA,1,1,0,0
DLC,HIA,1,1,0,0
BFJ,KWE,1,1,0,0
SHE,MIG,1,1,0,0
STR,FMO,1,1,0,0
ACC,TKD,2,2,0,0
CIK,FYU,1,1,0,0
PAP,MIA,4,4,0,0
MIA,PHL,2,2,0,0
ORD,ART,2,2,0,1
AVP,CLT,2,2,0,0
MRA,IST,2,2,0,0
ISP,PGD,1,1,0,0
FCA,LAS,1,1,0,0
HUS,TAL,1,1,0,0
CDG,GOT,3,3,0,2
ATH,PAS,2,2,0,0
CDG,PIT,2,2,0,1
ORY,NTE,1,1,0,0
BEY,CDG,2,2,0,0
JFK,BRU,6,6,0,3
ABQ,ATL,5,5,0,4
NUE,DUS,2,2,0,0
NUE,VIE,1,1,0,0
OSL,TXL,4,4,0,1
RTB,TGU,2,2,0,0
PRG,PSA,2,2,0,1
FRA,MLA,2,2,0,0
SOF,ATH,4,4,0,0
KSU,SVG,2,2,0,0
HNL,HND,5,5,0,2
UKB,CTS,3,3,0,0
MAS,RAB,1,1,0,0
IAD,YOW,2,2,0,2
EQS,AEP,1,1,0,1
AUH,DEL,4,4,0,0
KWE,NNG,2,2,0,0
BOM,CTU,1,1,0,0
TSN,BAV,3,3,0,1
KWE,NKG,4,4,0,1
ALG,TID,1,1,0,0
FAE,BLL,1,1,0,0
CEK,OSS,2,2,0,0
CFR,LYS,1,1,0,0
CYX,YKS,2,2,0,0
CMH,BWI,2,2,0,1
LGW,YYZ,1,1,0,0
DAC,DOH,2,2,0,0
FLL,NAS,2,2,0,0
SKX,LED,1,1,0,0
PVK,EFL,1,1,0,0
LPA,AGA,1,1,0,1
BTK,OVB,1,1,0,0
NAY,IQN,2,2,0,1
HET,NKG,3,3,0,1
BHY,PVG,2,2,0,0
SZX,DYG,1,1,0,0
XMN,YIW,1,1,0,0
FOC,CKG,3,3,0,1
SHE,JXA,1,1,0,0
GIG,MAO,2,2,0,0
FRA,IBZ,3,3,0,0
SLC,SAT,1,1,0,0
SAT,SLC,1,1,0,0
ONT,GDL,3,3,0,1
JFK,BUF,2,2,0,0
LEX,DTW,1,1,0,1
BIL,SLC,1,1,0,1
CAI,DMM,2,2,0,0
RUH,AUH,3,3,0,1
ZTH,LGW,2,2,0,0
GCI,SOU,2,2,0,0
AGP,ORY,3,3,0,1
CGK,TTE,2,2,0,0
HAJ,SUF,1,1,0,0
GVA,DUS,1,1,0,0
XIY,WUA,1,1,0,0
HAK,CIH,1,1,0,0
CDG,ADB,2,2,0,0
ZRH,BOD,1,1,0,0
MAD,NTE,1,1,0,1
KEF,BOS,1,1,0,0
FUK,HAN,2,2,0,1
LBA,KGS,2,2,0,0
AMS,FLR,2,2,0,0
NAN,ICN,1,1,0,0
IBE,EOH,1,1,0,1
IST,TIP,3,3,0,0
MDC,NAH,1,1,0,1
PEN,BKK,2,2,0,1
TTT,TSA,1,1,0,0
TPE,SHE,4,4,0,2
FCO,AMM,3,3,0,1
DGA,BZE,2,2,0,0
UME,ALC,1,1,0,0
KZN,AYT,1,1,0,0
ROK,GLT,1,1,0,1
CRL,RYG,1,1,0,0
LTN,FNI,1,1,0,0
BLL,ZAD,1,1,0,0
GSE,BVA,1,1,0,0
LIG,LBA,1,1,0,0
RHO,BOH,1,1,0,0
JNB,VNX,2,2,0,1
BIQ,CPH,1,1,0,0
UUD,PEK,1,1,0,0
DME,PEE,2,2,0,0
CJB,SIN,2,2,0,1
MEL,CHC,4,4,0,1
HYD,JED,2,2,0,0
JED,ELQ,1,1,0,0
MAF,HOU,1,1,0,0
THE,GRU,2,2,0,0
GLA,NBE,1,1,0,0
ESB,GZT,1,1,0,1
FNC,GLA,1,1,0,0
AMS,PVK,1,1,0,0
SID,CDG,2,2,0,0
IAH,GUA,1,1,0,0
ORD,AUS,3,3,0,0
GJT,DEN,1,1,0,0
LBD,CEK,2,2,0,0
EWR,PHL,2,2,0,1
DAD,CXR,1,1,0,0
GDL,CUN,2,2,0,0
MXP,OTP,1,1,0,0
CIA,KIV,1,1,0,0
OTP,VRN,1,1,0,0
SVX,NSK,2,2,0,0
PLS,KIN,1,1,0,0
MIG,SHA,1,1,0,0
KKA,ELI,1,1,0,1
BPN,DPS,1,1,0,0
MEX,ORD,6,6,0,0
PHX,BUR,3,3,0,2
SAT,ORD,3,3,0,2
BWI,DFW,3,3,0,0
CLT,SLC,3,3,0,0
CLT,CHA,2,2,0,0
MWX,PEK,2,2,0,1
MFR,LAS,1,1,0,0
YZF,YRA,1,1,0,0
LFW,CDG,1,1,0,0
LCY,RTM,4,4,0,2
ATL,HSV,5,5,0,4
CGN,IBZ,2,2,0,0
CJB,BOM,5,5,0,2
SDJ,FUK,4,4,0,1
HND,CGK,2,2,0,0
RAB,KVG,2,2,0,0
YQR,YYC,2,2,0,1
YTZ,YUL,2,2,0,1
YVR,YXY,2,2,0,0
LAD,FIH,4,4,0,3
BRC,AEP,2,2,0,0
VIE,CTA,3,3,0,1
BOG,CUN,2,2,0,1
HIR,VLI,3,3,0,1
BLQ,LIS,3,3,0,2
FCO,BCN,4,4,0,1
KHN,CGO,1,1,0,0
TSN,HAK,2,2,0,1
ALG,LIL,2,2,0,0
DUB,SCQ,1,1,0,0
URC,OSS,2,2,0,0
PVD,SLC,1,1,0,1
DEN,SAN,4,4,0,1
LAS,PVD,1,1,0,1
YUL,VCE,1,1,0,0
AGP,LGW,6,6,0,1
CTU,LHR,1,1,0,0
WMO,OME,2,2,0,1
HER,JIK,1,1,0,0
PBM,POS,3,3,0,0
TPE,TAK,1,1,0,0
HSN,NAY,2,2,0,1
CSX,XMN,8,8,0,1
NTG,CAN,3,3,0,0
NNY,CGO,1,1,0,0
IGU,CWB,3,3,0,0
IOS,SSA,3,3,0,0
BGI,GRU,1,1,0,0
LAS,FRA,1,1,0,0
IQT,PTY,1,1,0,0
ZAG,MUC,2,2,0,0
ZAG,BLQ,2,2,0,1
BOI,SLC,1,1,0,0
SLC,DEN,4,4,0,1
PIT,PUJ,2,2,0,0
BWI,MSP,2,2,0,0
LGW,DXB,2,2,0,1
DXB,MXP,2,2,0,0
CGK,DXB,2,2,0,0
BNE,BKQ,2,2,0,2
TLL,OSL,3,3,0,1
ADD,ASO,1,1,0,0
FUE,LPL,2,2,0,0
GVA,VCE,1,1,0,0
BKK,CGK,3,3,0,0
LBJ,DPS,2,2,0,1
DBV,STR,1,1,0,0
JTR,CGN,1,1,0,0
BKK,BAH,3,3,0,1
DOY,CAN,1,1,0,0
BCN,XRY,3,3,0,0
MAD,SJO,1,1,0,0
AGP,CMN,2,2,0,1
BPN,CGK,5,5,0,0
LBA,FNC,1,1,0,0
TPA,BDL,3,3,0,1
AUS,LGB,1,1,0,0
JFK,PBI,1,1,0,0
LPQ,CNX,1,1,0,0
MUC,HAJ,1,1,0,0
KGS,LUX,1,1,0,0
HRI,JED,2,2,0,1
MJV,OSL,1,1,0,0
AGP,TRD,1,1,0,0
CHQ,HEL,1,1,0,0
SAW,BJV,2,2,0,0
SAH,DOH,1,1,0,0
SXF,EMA,1,1,0,0
LBA,MJV,2,2,0,0
EMA,CIA,1,1,0,0
KGS,RYG,1,1,0,0
CAG,GOA,1,1,0,0
PEW,SHJ,3,3,0,0
ELQ,RUH,1,1,0,0
OAK,MCI,1,1,0,0
PHX,MKE,3,3,0,0
MCO,CAK,2,1,1,0
BKK,ZRH,2,2,0,0
DAT,PEK,2,2,0,1
MYR,DFW,1,1,0,0
FOR,REC,3,3,0,0
DMK,WUH,1,1,0,0
IST,ESB,1,1,0,0
IST,NAV,1,1,0,0
TZX,ESB,1,1,0,1
SPU,RTM,1,1,0,0
LAD,GRU,1,1,0,0
SEA,IAD,1,1,0,0
RDU,EWR,1,1,0,0
LEX,IAH,1,1,0,1
CAE,PHL,2,2,0,2
SPS,DFW,2,2,0,1
AZI,DXB,1,1,0,0
FOC,TPE,2,2,0,0
SPD,DAC,1,1,0,0
BRS,MAH,1,1,0,0
NKG,RMQ,1,1,0,0
MPM,LAD,1,1,0,0
POA,XAP,1,1,0,0
UFA,KZN,1,1,0,0
GAL,HSL,1,1,0,1
KTS,TLA,1,1,0,1
BZE,CUN,1,1,0,0
ABV,LOS,1,1,0,0
YWK,YBG,1,1,0,0
YYC,YXS,2,2,0,0
YYZ,CLT,3,3,0,3
RTM,LHR,2,2,0,1
MAD,ORD,4,4,0,1
SSA,MIA,3,3,0,0
LAX,ELP,4,4,0,3
SEA,STL,2,2,0,1
ORF,LGA,3,3,0,2
DFW,PHL,3,3,0,0
TLH,MIA,2,2,0,1
ORD,LEX,3,3,0,3
SVO,PEK,4,4,0,0
TLS,ATH,1,1,0,0
CDG,TRN,2,2,0,1
CDG,GRU,2,2,0,0
NAS,ATL,4,4,0,2
TPE,AMS,2,2,0,1
MCT,BOM,4,4,0,0
MAA,GOI,4,4,0,1
BJV,MAN,4,4,0,0
BEL,MEU,1,1,0,0
YVR,NRT,4,4,0,1
HND,YVR,2,2,0,0
AUS,SEA,1,1,0,0
BSL,VIE,2,2,0,2
YWG,YGX,1,1,0,0
BUN,BOG,2,2,0,1
LPM,NUS,1,1,0,0
JNB,MUB,2,2,0,1
CGO,TAO,5,5,0,1
RGI,MVT,1,1,0,0
WUH,PEK,5,5,0,0
WUH,XMN,8,8,0,1
TAO,DLC,5,5,0,2
TXN,PEK,2,2,0,1
FRU,OVB,4,4,0,0
SCO,IST,1,1,0,0
LYS,BIQ,1,1,0,0
BWI,BNA,2,2,0,1
YUL,POP,1,1,0,1
LGW,ACE,9,9,0,2
LHR,HND,4,4,0,0
USM,UTP,1,1,0,0
ELI,KKA,2,2,0,1
MSQ,IKA,1,1,0,0
BRU,SXB,2,2,0,1
PMO,BRU,1,1,0,0
ILO,MNL,3,3,0,0
MFM,MNL,4,4,0,1
NGB,CJU,1,1,0,0
HGH,SJW,7,7,0,2
URC,TAS,2,2,0,0
ZUH,WUH,1,1,0,0
FRA,SSA,1,1,0,0
AAL,BLL,3,3,0,0
IND,DTW,1,1,0,0
BWN,HKG,2,2,0,1
DXB,EBB,1,1,0,0
DXB,ZRH,3,3,0,1
SZE,ADD,1,1,0,0
AUH,BEG,2,2,0,0
STN,BIO,1,1,0,0
TLS,ORY,2,2,0,0
BIQ,CDG,1,1,0,0
LIS,LTN,1,1,0,0
LSI,INV,1,1,0,1
HAJ,AGP,2,2,0,1
HON,PIR,3,3,0,2
OKC,DEN,4,4,0,2
PRG,CGN,1,1,0,0
DEL,BAH,2,2,0,0
CGN,TFS,4,4,0,0
TRN,MAD,1,1,0,1
AMD,CCU,2,2,0,0
LPA,NCL,1,1,0,0
STI,BOS,1,1,0,0
CNS,PER,1,1,0,0
LST,MEL,3,3,0,2
URC,HGH,2,2,0,1
REP,LPQ,2,2,0,1
FRA,FCO,3,3,0,0
LNY,MKK,1,1,0,0
HAD,ARN,1,1,0,0
LHE,OSL,1,1,0,0
JRO,DAR,6,6,0,2
ALG,DOH,1,1,0,0
ADL,WYA,1,1,0,0
YUL,CMN,1,1,0,0
AMM,OSM,2,2,0,0
STN,FUE,2,2,0,0
CPT,KIM,1,1,0,1
KBP,DME,2,2,0,0
DME,LCA,1,1,0,0
OVB,YKS,2,2,0,1
SIN,NGO,2,2,0,1
MAN,MUC,6,6,0,3
YYZ,JED,1,1,0,0
BLR,DMM,1,1,0,0
BLR,JED,1,1,0,0
BWI,MHT,2,2,0,1
ADB,TXL,1,1,0,0
CKG,SIN,2,2,0,1
BHX,NBE,3,3,0,0
NBE,BRS,3,3,0,0
DMK,NGB,1,1,0,0
LIS,EIN,1,1,0,0
VKO,MRU,1,1,0,0
LAX,COS,1,1,0,1
EWR,SAL,2,2,0,0
PNS,ORD,1,1,0,1
ORD,COS,1,1,0,1
BWI,EWR,1,1,0,1
EYW,RSW,2,2,0,1
SDF,IAD,1,1,0,1
DIK,DEN,1,1,0,1
PHX,FLG,2,2,0,2
ICN,TAS,3,3,0,0
FDF,CDG,1,1,0,0
CGB,ROO,1,1,0,0
VCP,CAC,1,1,0,0
LDB,MGF,1,1,0,0
AMM,DWC,1,1,0,0
LIM,TGI,1,1,0,0
BTI,SCC,1,1,0,1
KLX,SKG,1,1,0,0
REG,VCE,1,1,0,0
HGA,WJR,2,2,0,0
YKU,YKQ,1,1,0,0
FCO,LHR,3,3,0,1
SJU,VQS,5,5,0,0
BOS,LAX,7,7,0,1
PHX,SAN,4,4,0,1
CAE,DFW,2,2,0,1
DFW,EZE,2,2,0,1
VVO,ICN,5,5,0,1
AZA,FSD,1,1,0,0
YZF,YLE,1,1,0,0
MAD,LPA,5,5,0,1
SVO,UFA,1,1,0,0
SVO,HAN,1,1,0,0
CDG,CAN,2,2,0,0
SXB,AMS,3,3,0,1
FDF,PTP,4,4,0,1
FNC,TXL,1,1,0,0
MLE,TRV,2,2,0,0
PSA,TIA,3,3,0,1
MEX,TGZ,3,3,0,0
PER,EPR,2,2,0,1
AEP,POA,1,1,0,0
YYJ,SEA,1,1,0,1
MZL,BOG,1,1,0,0
UIB,BOG,3,3,0,2
KMG,CSX,8,8,0,0
EBH,ALG,1,1,0,0
BJA,ALG,1,1,0,0
ALG,BCN,3,3,0,1
AAE,IST,1,1,0,0
BRU,ORK,1,1,0,0
SUV,TBU,1,1,0,0
KIV,KBP,1,1,0,0
AER,KIV,1,1,0,0
LIL,TLS,2,2,0,0
NTE,MPL,2,2,0,0
GKA,HGU,1,1,0,0
HOU,ISP,1,1,0,1
LPA,TFN,3,3,0,0
MNL,PVG,4,4,0,0
MNL,NGO,3,3,0,0
PEK,KHH,1,1,0,0
HKG,LYG,1,1,0,0
NNG,WUH,7,7,0,1
WUH,XFN,1,1,0,0
BKK,NGB,1,1,0,0
GOQ,XNN,1,1,0,0
CAN,KTM,1,1,0,0
HGH,TAO,9,9,0,2
SHA,XMN,6,6,0,1
EZE,CWB,1,1,0,0
PTY,YYZ,1,1,0,0
BOS,BDA,1,1,0,0
SLC,BNA,1,1,0,1
BNA,MSP,1,1,0,1
LGA,TPA,2,2,0,0
NCL,SVG,3,3,0,1
CAI,LCA,2,2,0,1
ASM,CAI,1,1,0,0
DXB,LAX,2,2,0,0
ADD,ACC,1,1,0,0
BFS,EDI,1,1,0,0
GVA,MAN,1,1,0,0
HEL,KRK,1,1,0,0
CPH,BCN,4,4,0,1
DEN,MDW,3,3,0,1
BPN,SIN,3,3,0,1
BPN,TRK,3,3,0,0
TBS,AMS,2,2,0,1
PEK,CSX,5,5,0,1
KRL,URC,4,4,0,0
LCY,AGP,2,2,0,2
AMM,BCN,2,2,0,1
THR,BUZ,2,2,0,0
EVN,IKA,1,1,0,0
DEL,DOH,2,2,0,0
TRV,DMM,1,1,0,0
SIN,DRW,4,4,0,2
SEA,DXB,2,2,0,0
IAH,ICN,1,1,0,0
ICN,YYZ,1,1,0,0
NRL,KOI,1,1,0,0
MUC,LIS,3,3,0,1
ZRH,NBO,3,3,0,2
MLA,LUX,1,1,0,0
LGW,TOS,1,1,0,0
ARN,LCA,1,1,0,0
MXP,MCT,1,1,0,0
SKZ,ISB,2,2,0,0
DOH,ALG,1,1,0,0
RAR,MOI,1,1,0,0
HHN,FEZ,1,1,0,0
LTN,NOC,1,1,0,0
STN,ATH,1,1,0,0
BRI,TRS,1,1,0,0
PSA,MAD,1,1,0,0
BOM,CMB,4,4,0,2
CNJ,BNE,3,3,0,2
JER,ZRH,1,1,0,0
KAN,KRT,1,1,0,0
CMN,ROB,1,1,0,0
TAS,OVB,2,2,0,0
URY,RUH,1,1,0,0
TDD,LPB,1,1,0,0
CZX,KMG,2,2,0,0
ZUH,CKG,3,3,0,1
ANF,LSC,2,2,0,1
KCM,ESB,1,1,0,1
EWR,OKC,1,1,0,1
SAV,ORD,1,1,0,1
IAD,SJO,1,1,0,0
IAD,MDT,1,1,0,1
RSW,DFW,2,2,0,0
GYD,TAS,1,1,0,0
LCA,ODS,1,1,0,0
LTN,SKP,1,1,0,0
DSA,KTW,1,1,0,0
TSA,XMN,2,2,0,1
CMN,LGW,2,2,0,0
VCP,AQA,1,1,0,0
BYO,VCP,1,1,0,0
BRN,TXL,1,1,0,0
KUL,SBW,3,3,0,0
AJA,BOD,1,1,0,0
YAY,YYT,1,1,0,0
LHR,YUL,6,6,0,4
ABZ,LHR,5,5,0,3
CDG,MIA,9,9,0,5
MIA,IAH,3,3,0,0
DFW,BTR,2,2,0,1
MKE,CLT,2,2,0,2
CMH,LAX,4,4,0,1
ORD,SLC,4,4,0,4
PIE,TYS,1,1,0,0
LAS,HNL,2,2,0,0
BRU,ATL,3,3,0,2
RUN,MRU,4,4,0,1
CDG,BZV,2,2,0,0
TXL,OLB,2,2,0,1
AGP,TXL,2,2,0,0
RHO,NUE,2,2,0,0
BEG,FRA,5,5,0,0
GOI,BOM,6,6,0,1
DAC,CCU,5,5,0,0
AGR,BOM,1,1,0,0
BHJ,BOM,2,2,0,1
TPE,MFM,3,3,0,0
HND,IWK,1,1,0,0
SZX,HGH,8,8,0,2
SJC,NRT,2,2,0,1
CNS,RAB,1,1,0,0
GND,YYZ,2,2,0,0
RIX,OLB,2,2,0,1
IGR,AEP,2,2,0,0
YXN,YEK,2,2,0,0
MYY,SIN,1,1,0,0
SDK,BKI,2,2,0,0
AMS,MME,2,2,0,2
VGO,MAD,4,4,0,3
OTP,SUJ,2,2,0,1
SJW,KHN,1,1,0,0
PEK,CTU,6,6,0,1
CZL,IST,1,1,0,0
TID,ALG,1,1,0,0
DUB,VCE,1,1,0,0
KET,RGN,1,1,0,0
WMN,TMM,1,1,0,0
DYU,IKT,2,2,0,0
PHL,ICT,1,1,0,1
YUL,AGP,1,1,0,0
NAS,PLS,3,3,0,0
YAM,YSB,1,1,0,0
ELI,GLV,1,1,0,0
ZTH,EFL,1,1,0,0
MBJ,FLL,3,3,0,0
WNP,MNL,2,2,0,0
XIY,TPE,4,4,0,1
CSX,DLC,1,1,0,0
CSX,LZO,2,2,0,1
BOG,CTG,3,3,0,1
OSI,SPU,1,1,0,0
PRG,TAS,1,1,0,0
GDL,SLC,1,1,0,1
ROC,JFK,2,2,0,0
LGA,MYR,2,2,0,1
TLV,MAD,2,2,0,0
NCL,DXB,2,2,0,1
DXB,DMM,4,4,0,1
JED,ADD,6,6,0,3
BRS,PSA,1,1,0,0
EDI,LYS,1,1,0,0
PSA,ORY,2,2,0,0
VIE,CPH,5,5,0,4
BKK,HEL,1,1,0,0
HEL,TAY,2,2,0,1
EDI,KOI,1,1,0,1
DND,STN,1,1,0,0
CPH,ALC,3,3,0,1
SAW,DTM,2,2,0,0
CCU,PAT,4,4,0,2
JUL,AQP,4,4,0,3
SDJ,NGO,2,2,0,0
ABD,SYZ,1,1,0,0
KWE,KMG,7,7,0,1
STI,EWR,1,1,0,0
LIM,FLL,2,2,0,0
DHB,WSX,1,1,0,0
MAD,ICN,1,1,0,0
BOG,DFW,3,3,0,1
MUC,POZ,2,2,0,1
OGL,BGI,1,1,0,0
FRA,GYD,3,3,0,2
VRN,MUC,2,2,0,1
LUX,LCY,1,1,0,0
LUX,FUE,1,1,0,0
ODN,MYY,1,1,0,1
PHS,DMK,2,2,0,0
UBP,DMK,2,2,0,0
OSL,MAN,2,2,0,0
ARN,PMO,1,1,0,0
NCE,BGO,1,1,0,0
CDG,MIR,2,2,0,0
MCT,JAI,1,1,0,0
MXP,ISB,1,1,0,0
UET,MHD,1,1,0,0
HRK,SAW,1,1,0,0
BNE,PHE,1,1,0,0
MEL,NAN,3,3,0,2
MEL,KTA,1,1,0,0
CED,ADL,1,1,0,0
BRS,CHQ,1,1,0,0
MAD,AHO,1,1,0,0
TPS,PMF,1,1,0,0
TSF,RYG,1,1,0,0
CIA,NRN,1,1,0,0
PSA,DUB,1,1,0,0
NRN,FAO,1,1,0,0
MUC,OPO,1,1,0,0
AAR,CPH,1,1,0,0
PVG,CPH,1,1,0,0
IKT,YKS,3,3,0,0
DME,BTK,1,1,0,0
CGK,MLG,2,2,0,0
RUH,AQI,1,1,0,0
CAN,JED,1,1,0,0
CTU,XNN,5,5,0,1
DAX,SZX,2,2,0,1
DFW,TPA,3,3,0,0
ANF,IQQ,3,3,0,1
UKK,SZI,1,1,0,0
UIO,MEC,1,1,0,0
EZS,SAW,2,2,0,1
ASF,SAW,1,1,0,0
POP,EWR,1,1,0,0
MEM,DEN,3,3,0,2
IAH,DAL,1,1,0,1
IAH,TYS,1,1,0,1
DFW,FWA,2,2,0,2
DAD,CTU,1,1,0,0
YXU,YYC,1,1,0,0
RET,BOO,1,1,0,0
MMX,BUD,1,1,0,0
MFM,PUS,2,2,0,0
REX,VER,1,1,0,0
HLH,NAY,2,2,0,1
JDO,VCP,1,1,0,0
VKT,SCW,1,1,0,0
KWL,AEB,1,1,0,0
JED,HMB,2,2,0,0
WBB,UNK,2,2,0,1
KIN,CUR,1,1,0,0
YXL,ZPB,1,1,0,0
YVB,YGR,1,1,0,0
RSH,ANI,2,2,0,1
AAE,ORY,2,2,0,0
DFW,MKE,2,2,0,0
DFW,MSP,5,5,0,0
BDL,DFW,2,2,0,0
CLT,MEM,2,2,0,0
KBC,FYU,1,1,0,0
KHV,VVO,2,2,0,0
SVO,AYT,2,2,0,0
EGC,EXT,2,2,0,1
MRS,FSC,3,3,0,2
CDG,ABV,3,3,0,2
CDG,SFO,4,4,0,2
DTW,MSY,4,4,0,2
BHX,LPA,3,3,0,0
CUU,TRC,1,1,0,1
TAO,NRT,3,3,0,2
ATL,IAD,9,9,0,8
VVI,EZE,2,2,0,0
DLM,VIE,1,1,0,1
GYE,LIM,2,2,0,0
AMS,HUY,2,2,0,2
SUF,VCE,2,2,0,1
JFK,VCE,2,2,0,1
LZO,HAK,1,1,0,0
ARN,GVA,4,4,0,0
PEK,NDG,3,3,0,1
BOD,DUB,1,1,0,0
HAH,TNR,1,1,0,0
MDW,ROC,2,2,0,1
BWI,DTW,3,3,0,1
ABV,LHR,1,1,0,0
LHR,BKK,4,4,0,1
DRG,OTZ,2,2,0,1
HEL,MSQ,2,2,0,1
FCO,MSQ,1,1,0,0
RAK,BRU,3,3,0,0
SJO,TNO,3,3,0,1
DOH,BCN,3,3,0,0
ILO,CGY,1,1,0,0
GIG,RAO,1,1,0,0
KMG,REP,1,1,0,0
HGH,LZO,1,1,0,0
CHG,DLC,1,1,0,0
CGO,BKK,1,1,0,0
INC,XUZ,1,1,0,0
JTC,CGH,1,1,0,0
DYU,FRU,2,2,0,0
ATL,MUC,3,3,0,2
MSP,MLI,1,1,0,1
CID,ATL,3,3,0,3
SDJ,TPE,2,2,0,1
PEW,DXB,2,2,0,0
AUH,ISB,6,6,0,3
LIL,GVA,1,1,0,0
PRN,GVA,2,2,0,0
NYM,OVS,1,1,0,0
DEN,SHR,1,1,0,0
BAH,COK,1,1,0,0
ABJ,DLA,1,1,0,0
OBO,HND,3,3,0,1
GLA,KEF,1,1,0,0
PRG,EMA,1,1,0,0
MCO,BQN,1,1,0,0
JFK,SCL,2,2,0,1
VLC,DUS,1,1,0,0
LIN,BRU,4,4,0,2
MZV,BWN,2,2,0,1
RMF,VIE,1,1,0,0
DMK,HKT,4,4,0,0
LGW,FAO,5,5,0,0
ARN,LPA,1,1,0,0
LGW,JED,1,1,0,0
ADB,GZT,2,2,0,0
DIY,SAW,2,2,0,1
DPS,MNL,2,2,0,0
LUN,SLI,1,1,0,0
ABX,SYD,3,3,0,2
SYD,GLT,1,1,0,1
TUN,DOH,1,1,0,0
NRA,GFF,1,1,0,0
CMN,AMS,2,2,0,0
BKK,BWN,2,2,0,1
BOH,AGP,1,1,0,0
GDN,STN,1,1,0,0
MMX,STN,1,1,0,0
BGY,SCQ,1,1,0,0
BLQ,SVQ,1,1,0,0
TSF,VLC,1,1,0,0
PSA,LPA,1,1,0,0
FKB,TFS,1,1,0,0
MUC,BEG,2,2,0,1
MAN,BGO,1,1,0,0
TRD,AES,1,1,0,0
CJU,NGO,1,1,0,0
COK,CMB,2,2,0,1
NJF,DOH,1,1,0,0
LPL,ORK,1,1,0,0
JED,JNB,1,1,0,0
ISP,PBI,1,1,0,0
ZRH,LED,1,1,0,0
TNA,SHA,3,3,0,1
YTY,CKG,2,2,0,1
IAH,MSP,3,3,0,2
GIG,IGU,2,2,0,0
PRG,IST,1,1,0,0
RMQ,PVG,1,1,0,0
AMS,JTR,1,1,0,0
GRQ,MST,1,1,0,0
VHC,MEG,1,1,0,0
CZM,IAH,1,1,0,0
SAT,EWR,1,1,0,0
DEN,OGG,1,1,0,0
DEN,IDA,1,1,0,1
STL,PIT,2,2,0,2
AKL,APW,2,2,0,1
YYC,YQG,1,1,0,0
HOV,OSL,1,1,0,0
MMX,WAW,1,1,0,0
BGY,CMN,1,1,0,0
MMJ,CTS,1,1,0,0
CWB,IGU,3,3,0,0
REC,THE,1,1,0,0
LZH,ZUH,1,1,0,0
SDQ,CUR,2,2,0,0
ATT,BET,1,1,0,1
VAK,SCM,1,1,0,1
BEG,CPH,1,1,0,0
BZE,SAP,1,1,0,0
YYT,YJT,1,1,0,0
MAD,BCN,4,4,0,0
YWB,YZG,1,1,0,0
LYS,CZL,2,2,0,0
BOS,RIC,4,4,0,3
OMA,DFW,2,2,0,0
FLL,PHX,4,4,0,1
SEA,OAK,4,4,0,2
ORF,DFW,2,2,0,0
PHF,PHL,2,2,0,1
BTV,PHL,2,2,0,0
PDX,SNA,2,2,0,1
CLT,JAX,2,2,0,0
KDH,KBL,2,2,0,0
LED,AER,1,1,0,0
KBP,CDG,2,2,0,0
ATL,MGM,3,3,0,3
ALC,DUS,1,1,0,0
KGS,MUC,3,3,0,0
CTA,TXL,6,6,0,2
ZRH,SUF,2,2,0,1
BOM,IXD,1,1,0,0
MAN,BJV,4,4,0,0
CTA,LIN,3,3,0,1
VTZ,BOM,3,3,0,1
IXE,BOM,5,5,0,1
MZT,LMM,1,1,0,1
BKK,KIX,4,4,0,1
YEG,YMM,4,4,0,2
LAX,SYD,6,6,0,2
LAX,AUS,5,5,0,2
KLU,VIE,1,1,0,1
ANF,SCL,3,3,0,1
VLI,BNE,3,3,0,2
NUS,VLI,1,1,0,0
NBO,AUH,3,3,0,1
HND,SHA,5,5,0,1
HGH,HKG,7,7,0,2
YCU,CTU,2,2,0,1
BQL,ISA,1,1,0,0
ALG,QSF,1,1,0,0
NCL,DUB,2,2,0,1
KRR,TLV,1,1,0,0
BNA,MCO,3,3,0,2
LGA,MDW,2,2,0,1
SMF,SNA,2,2,0,1
CPT,LHR,3,3,0,2
PMI,LHR,2,2,0,1
BUS,MSQ,1,1,0,0
BSB,RAO,2,2,0,0
HAN,PVG,2,2,0,1
TSN,NBS,1,1,0,0
PVG,NAO,1,1,0,0
TYN,WUH,2,2,0,0
HRB,YCU,1,1,0,0
CZX,CAN,3,3,0,1
DIG,CAN,1,1,0,0
FRA,HRG,1,1,0,0
FNC,HAM,1,1,0,0
DKR,JFK,1,1,0,0
BOS,AMS,2,2,0,1
BOS,CHS,2,2,0,1
AUS,DTW,1,1,0,0
MSP,DSM,1,1,0,1
MSP,BDL,1,1,0,0
MSP,MSO,1,1,0,0
YYZ,TPE,1,1,0,0
DXB,BGW,2,2,0,0
PFO,EDI,1,1,0,0
GVA,FLR,2,2,0,1
GLA,SYY,1,1,0,1
PVR,STL,1,1,0,0
DPS,PLM,1,1,0,0
CGN,ZAD,1,1,0,0
BIA,CGN,1,1,0,0
TRN,DUS,1,1,0,0
NAP,STR,3,3,0,1
FAO,STR,2,2,0,0
CGN,FUE,2,2,0,0
OPO,MAD,6,6,0,4
KOJ,ICN,2,2,0,1
REP,SIN,4,4,0,2
HER,LBA,2,2,0,0
SCL,MEX,2,2,0,0
MUC,KRK,2,2,0,2
PSJ,UPG,1,1,0,1
CMB,KHI,2,2,0,0
MYY,KUL,2,2,0,0
CPT,BFN,2,2,0,0
FLN,CWB,1,1,0,0
YSM,YZF,1,1,0,0
AGP,GOT,2,2,0,0
JBQ,AUA,1,1,0,0
UYN,TSN,1,1,0,0
MQL,SYD,1,1,0,0
MAD,CMN,2,2,0,0
ORY,AGA,2,2,0,0
MAN,CIA,1,1,0,0
ACE,EIN,1,1,0,0
TFS,STN,3,3,0,0
GRO,IBZ,1,1,0,0
KGS,LPL,1,1,0,0
CHQ,WMI,1,1,0,0
AHO,GSE,1,1,0,0
NRN,ZAD,1,1,0,0
LIS,VLC,2,2,0,2
LBD,DME,2,2,0,0
KLO,SIN,2,2,0,0
FRA,TUN,2,2,0,0
PLM,JOG,1,1,0,0
DUB,KUN,1,1,0,0
TIM,UPG,1,1,0,0
SFO,SAN,3,3,0,0
MDW,OAK,2,2,0,1
BDL,DEN,1,1,0,0
LAS,BWI,3,3,0,0
KMG,XUZ,1,1,0,0
ORD,ACY,2,2,0,1
MAD,PEK,2,2,0,0
BSB,JPA,3,3,0,0
BFS,DLM,1,1,0,0
CNX,HKT,2,2,0,0
IST,DUB,1,1,0,0
IST,OTP,2,2,0,0
IST,SYZ,1,1,0,0
ATH,EIN,1,1,0,0
HRG,VKO,1,1,0,0
LAD,OPO,1,1,0,0
VPE,SDD,1,1,0,0
OMA,DEN,3,3,0,0
IAH,LIR,1,1,0,0
IAH,GRR,1,1,0,1
DYU,KZN,2,2,0,0
JFK,RIX,1,1,0,0
KGI,PER,3,3,0,2
SID,MAN,2,2,0,0
SXM,PTP,1,1,0,0
POP,SJU,1,1,0,0
HGH,FUG,1,1,0,0
FIH,BNB,1,1,0,0
BES,AJA,1,1,0,0
CTA,GOA,1,1,0,0
PPV,KTN,1,1,0,0
ZRJ,YAC,1,1,0,0
CZL,LYS,2,2,0,0
PVR,SFO,5,5,0,2
NAN,LAX,4,4,0,3
BNE,ADL,5,5,0,2
LAX,YEG,3,3,0,1
PIT,DCA,2,2,0,2
SEA,MIA,2,2,0,0
DFW,GRK,2,2,0,1
CLT,MCI,2,2,0,0
CLT,ROA,2,2,0,0
GPT,CLT,2,2,0,1
PUS,CJU,3,3,0,0
LAS,GFK,1,1,0,0
LAS,GTF,1,1,0,0
SFB,PBG,1,1,0,0
GRI,LAS,1,1,0,0
AMS,LJU,1,1,0,0
TFS,OVD,1,1,0,0
KSJ,JSH,2,2,0,0
SVO,HKG,1,1,0,0
LCY,AMS,4,4,0,3
LYS,FLR,2,2,0,0
CDG,BUD,2,2,0,0
NTE,BIA,3,3,0,1
TLV,MRS,2,2,0,0
DEL,JFK,1,1,0,0
MAA,DEL,5,5,0,1
BHX,MLA,2,2,0,0
SEZ,JNB,2,2,0,1
AUH,HKG,2,2,0,2
CTS,FSZ,2,2,0,0
FSZ,CTS,2,2,0,0
SHJ,DOK,1,1,0,0
YVR,MEX,1,1,0,0
YYZ,DUB,3,3,0,1
CCC,YYZ,2,2,0,0
AEP,SFN,2,2,0,1
AEP,REL,1,1,0,0
OGG,SAN,1,1,0,0
CUC,BOG,2,2,0,1
FRA,LIN,4,4,0,2
LPA,MAD,6,6,0,2
HLD,JGD,1,1,0,0
KWL,LHW,1,1,0,0
HOU,DEN,2,2,0,1
MDW,DTW,3,3,0,2
LGW,SKG,3,3,0,0
MCO,LGW,7,7,0,4
IAN,ORV,2,2,0,1
VNO,MSQ,1,1,0,0
BRU,MRS,1,1,0,0
POS,GEO,1,1,0,0
BCN,DOH,2,2,0,0
MNL,REP,1,1,0,0
MDL,KMG,1,1,0,0
NGB,TPE,3,3,0,2
DLC,TAO,5,5,0,2
ZYI,WUH,1,1,0,0
CSX,BHY,1,1,0,0
CGO,FOC,4,4,0,0
HFE,CGQ,1,1,0,0
HJJ,CSX,2,2,0,0
CXJ,CGH,1,1,0,0
MGF,CGH,1,1,0,0
CCS,PYH,1,1,0,0
PTY,GYE,2,2,0,0
PIT,MSP,1,1,0,0
ROC,MSP,1,1,0,1
MSP,ABR,1,1,0,1
GTF,SLC,1,1,0,1
ICN,LAS,2,2,0,1
CAI,JED,3,3,0,0
SSH,RUH,3,3,0,0
DXB,FRA,3,3,0,1
SHE,LYG,1,1,0,0
NDJ,DLA,1,1,0,1
ADD,FBM,1,1,0,0
CPH,BRS,1,1,0,0
KOI,LSI,1,1,0,1
BOD,PMI,3,3,0,1
CGK,DJB,4,4,0,0
TLS,CEG,1,1,0,0
BAH,LHE,2,2,0,0
LHW,SZX,1,1,0,0
RAK,MAD,3,3,0,1
MAD,SSG,1,1,0,0
MAD,SDR,1,1,0,0
WNZ,CSX,4,4,0,0
ATL,SGF,3,3,0,3
LIS,CPH,3,3,0,1
SDU,SSA,1,1,0,0
MCT,KHI,3,3,0,0
IAD,LNS,1,1,0,1
ESB,VIE,2,2,0,0
ADB,GNY,1,1,0,0
KGL,LBV,1,1,0,0
VNO,DUB,1,1,0,0
WMI,WRO,1,1,0,0
LGW,PDL,1,1,0,0
LIS,SVQ,2,2,0,2
CPH,MUC,2,2,0,1
DME,RGK,1,1,0,0
BUD,HEL,2,2,0,0
LED,WAW,1,1,0,0
KRT,UYL,2,2,0,0
HOU,BHM,1,1,0,0
PEK,BHY,2,2,0,1
FLL,AXM,1,1,0,0
LGW,SAW,1,1,0,0
NBE,GLA,2,2,0,0
DME,HRG,1,1,0,0
DJE,TUN,1,1,0,0
SXB,PRG,2,2,0,0
SLW,IAH,1,1,0,1
NRT,SJC,2,2,0,1
EWR,MSN,1,1,0,1
IAH,MID,1,1,0,0
IAH,SJC,1,1,0,0
SAV,IAH,1,1,0,1
PAH,ORD,1,1,0,1
ORD,RIC,3,3,0,1
SAN,MEX,1,1,0,0
SOF,VLC,1,1,0,0
CAI,RIY,1,1,0,0
SAH,BEY,1,1,0,0
FOC,CGQ,1,1,0,0
SID,LGW,2,2,0,0
ORY,BJV,1,1,0,0
ROV,DXB,1,1,0,0
DLC,TVS,1,1,0,0
ATA,LIM,1,1,0,0
LSP,CUR,1,1,0,0
MDC,SUB,3,3,0,0
CPH,BEG,1,1,0,0
YKA,YXS,1,1,0,0
YUY,YUL,2,2,0,1
YPX,AKV,1,1,0,0
FRA,KUL,3,3,0,0
GRU,MCO,2,2,0,0
DCA,TPA,3,3,0,0
IAH,PHX,3,3,0,0
IAH,PHL,3,3,0,0
DFW,CUN,4,4,0,0
SAF,DFW,2,2,0,1
CLT,SAV,2,2,0,0
PGD,SPI,1,1,0,0
SOF,SVO,2,2,0,0
SVO,ARN,2,2,0,0
LAD,CDG,1,1,0,0
BEL,STM,5,5,0,2
BOM,CDG,1,1,0,0
CAN,CDG,2,2,0,0
CRW,ATL,4,4,0,2
DUS,CFU,3,3,0,0
BRE,PMI,3,3,0,0
ARN,TXL,5,5,0,3
VIE,VLC,2,2,0,1
AYT,TXL,3,3,0,0
BLR,MAA,6,6,0,2
BOM,IXC,4,4,0,1
DEL,GAU,6,6,0,2
HND,OKJ,2,2,0,0
FKS,CTS,2,2,0,1
MED,SHJ,1,1,0,0
SHJ,UFA,1,1,0,0
YUL,VRA,2,2,0,0
ATL,YYZ,6,6,0,6
MKE,YYZ,1,1,0,1
MLA,RIX,1,1,0,0
RIX,OSL,3,3,0,1
AEP,RES,1,1,0,0
YYT,FSP,1,1,0,0
DBV,VIE,2,2,0,2
TLV,VIE,3,3,0,1
JHB,TWU,1,1,0,0
CDG,SEA,3,3,0,2
SVO,FRU,2,2,0,0
HAN,CDG,3,3,0,2
KWL,ZUH,1,1,0,0
CGO,TSN,4,4,0,1
XIY,DAT,1,1,0,0
KTM,CTU,1,1,0,0
XMN,HFE,7,7,0,1
YNT,NKG,3,3,0,1
CTU,YIW,2,2,0,1
BSK,LYS,1,1,0,0
NAN,CHC,2,2,0,1
TBU,SUV,1,1,0,0
JFK,GYE,2,2,0,1
TNR,BKK,2,2,0,1
KKH,KWK,2,2,0,1
LIT,DAL,2,2,0,1
EBB,PAF,1,1,0,0
CJU,HKG,2,2,0,0
CEB,HKG,3,3,0,1
JFK,GCM,2,2,0,0
HKT,HGH,1,1,0,0
URC,XNN,2,2,0,0
BKK,XMN,3,3,0,0
SWA,BKK,1,1,0,0
DUS,AYT,5,5,0,0
PRG,DUS,3,3,0,0
GUA,JFK,1,1,0,0
GIG,ATL,2,2,0,1
JFK,JAX,2,2,0,0
MSP,IAH,3,3,0,1
GSP,ATL,5,5,0,3
SBN,DTW,1,1,0,1
LTN,LIS,1,1,0,0
RAK,LYS,3,3,0,0
MXP,PMI,1,1,0,0
GVA,BOD,2,2,0,0
PRN,BSL,1,1,0,0
HEL,KAJ,2,2,0,1
BCN,ORY,2,2,0,1
PHF,DEN,1,1,0,0
HAM,BUD,1,1,0,0
CGN,BCN,1,1,0,0
STR,SJJ,1,1,0,0
TXL,FMM,1,1,0,0
HNL,ITO,2,2,0,1
NNG,HKG,1,1,0,0
HTA,BQS,1,1,0,0
HMB,KWI,3,3,0,0
EDI,BUD,1,1,0,0
BGI,JFK,1,1,0,0
DCA,FLL,3,3,0,0
TJQ,PGK,1,1,0,1
PDG,CGK,4,4,0,0
NBO,ASM,1,1,0,0
ORY,OSL,1,1,0,0
LHE,JED,4,4,0,0
ISB,MED,1,1,0,0
LXR,DOH,1,1,0,0
BEY,CMN,1,1,0,0
STN,PEG,1,1,0,0
GRO,NCL,1,1,0,0
BGY,BUD,1,1,0,0
SVX,SCW,1,1,0,0
WMI,BVA,1,1,0,0
EAM,RUH,1,1,0,0
LBB,DAL,2,2,0,1
ZRH,OPO,2,2,0,1
TAO,DDG,2,2,0,1
JDZ,FOC,2,2,0,0
PUU,CLO,1,1,0,0
KZO,SCO,1,1,0,0
VIE,IST,3,3,0,1
IST,NAP,1,1,0,0
DIY,ESB,1,1,0,1
RAI,FOR,1,1,0,0
TLV,DME,2,2,0,0
CPT,LAD,1,1,0,0
LAX,SJD,5,5,0,1
CLE,BUF,1,1,0,1
EWR,PBI,2,2,0,0
BOI,SFO,1,1,0,1
IAH,SAP,1,1,0,0
IAH,GRU,1,1,0,0
IAH,GJT,1,1,0,1
AUS,CUN,2,2,0,0
PHX,OMA,3,3,0,0
CTU,DAD,1,1,0,0
SYD,MCY,2,2,0,1
MEH,HFT,1,1,0,0
OTP,CUF,1,1,0,0
CSX,HAK,4,4,0,0
NNG,LHW,1,1,0,0
SJW,CGQ,1,1,0,0
PMI,CWL,1,1,0,0
PKN,PKN,1,1,0,0
GDL,VER,2,2,0,0
REX,CUN,1,1,0,0
IEV,VNO,1,1,0,0
CKG,LYA,1,1,0,0
SLQ,SRV,1,1,0,1
PRG,VNO,1,1,0,0
YYC,YEG,6,6,0,2
WIL,LAU,3,3,0,0
NYK,MRE,1,1,0,0
YYC,LHR,6,6,0,4
BLQ,LHR,2,2,0,1
MBJ,PHL,2,2,0,0
BOS,ROC,2,2,0,2
GNV,CLT,2,2,0,0
LAX,LIH,5,5,0,1
SEA,JFK,5,5,0,1
ROC,ORD,3,3,0,1
SBY,PHL,2,2,0,1
DFW,GCK,2,2,0,1
DFW,SMF,2,2,0,0
IAD,MIA,3,3,0,0
MKE,PHX,4,4,0,1
PHL,YUL,2,2,0,2
ORD,SAN,4,4,0,1
FAI,AET,1,1,0,0
AMS,UIO,2,2,0,1
DUS,OLB,3,3,0,1
STR,AGP,2,2,0,0
STR,NAP,3,3,0,1
SIN,AUH,6,6,0,5
PMI,STR,4,4,0,0
KSU,ABZ,1,1,0,0
HMO,CUL,2,2,0,1
HMO,CEN,1,1,0,1
ICN,TAK,2,2,0,1
BUL,POM,1,1,0,0
SYD,POM,2,2,0,1
YYC,IAH,2,2,0,1
YYG,YUL,1,1,0,1
MGT,MNG,1,1,0,0
AKL,WRE,1,1,0,1
AEP,GRU,3,3,0,0
SAP,SJO,2,2,0,0
SAL,BOG,1,1,0,0
BOG,HAV,3,3,0,1
FCO,BRU,6,6,0,0
OTP,FCO,3,3,0,1
ATL,OKC,7,7,0,5
INC,RLK,1,1,0,0
KRY,URC,2,2,0,0
HGH,YCU,2,2,0,1
ALG,HME,1,1,0,0
DUB,DBV,1,1,0,0
TSE,CIT,2,2,0,0
BKK,TNR,2,2,0,1
RUN,DZA,1,1,0,0
LIL,SXB,1,1,0,0
DAL,LBB,2,2,0,1
MDW,MCI,2,2,0,1
OTZ,PHO,2,2,0,1
BRU,VCE,3,3,0,0
LCA,SOF,3,3,0,0
CGI,STL,1,1,0,0
POS,GND,3,3,0,0
HNL,TPE,2,2,0,0
CTU,KHN,4,4,0,0
DYG,XIY,2,2,0,0
YNZ,SHA,1,1,0,0
SWA,SHA,4,4,0,0
BAV,URC,1,1,0,0
GIG,GYN,1,1,0,0
LCA,DUS,1,1,0,0
LCA,CDG,2,2,0,0
ATW,DTW,1,1,0,1
DIJ,TLS,1,1,0,1
CPH,TLL,2,2,0,1
ADD,LFW,1,1,0,0
LGW,MRS,1,1,0,0
FAO,LPL,2,2,0,0
BCN,HAM,4,4,0,1
BCN,TFN,5,5,0,2
VLC,ORY,2,2,0,1
VCE,BCN,2,2,0,1
AUS,DEN,4,4,0,1
DSM,DEN,2,2,0,0
CGK,BTH,4,4,0,0
XFW,TLS,1,1,0,0
CGN,RAK,1,1,0,0
CFU,DRS,1,1,0,0
NTE,BCN,2,2,0,1
FUK,SDJ,4,4,0,1
UKX,IKT,2,2,0,0
OKA,HND,3,3,0,0
BUD,LBA,1,1,0,0
YUL,AMS,2,2,0,1
AMS,BRS,3,3,0,2
CJJ,CJU,4,4,0,0
BOG,AUA,2,2,0,1
MRA,CAI,1,1,0,0
LUX,FNC,1,1,0,0
SZB,KBR,3,3,0,1
VRN,CAG,1,1,0,0
NST,DMK,2,2,0,0
SXF,ARN,1,1,0,0
BJV,BRU,1,1,0,0
SYX,ZUH,2,2,0,0
ZNZ,NBO,2,2,0,1
TYN,TSA,1,1,0,0
BKK,HAN,4,4,0,0
DOH,KTM,2,2,0,0
EBL,AMM,3,3,0,0
CRL,EDI,1,1,0,0
MAN,RIX,1,1,0,0
BRS,EGC,1,1,0,0
ORK,VNO,1,1,0,0
DUB,FUE,2,2,0,0
EGC,LPL,1,1,0,0
BLQ,BDS,1,1,0,0
CPH,KRS,2,2,0,1
PMI,OSL,2,2,0,0
HOU,PNS,1,1,0,0
ZRH,BRU,2,2,0,1
NRT,UUS,1,1,0,0
ALA,KOV,1,1,0,0
ESB,GZP,1,1,0,1
IST,BLQ,1,1,0,0
IST,KCM,1,1,0,0
HLN,DEN,1,1,0,1
IAH,MAF,1,1,0,1
TIV,LED,1,1,0,0
SVX,FCO,1,1,0,0
TAS,GYD,1,1,0,0
HAU,CPH,2,2,0,1
CLJ,MAD,1,1,0,0
LAD,MPM,1,1,0,0
JAU,LIM,1,1,0,0
DZA,DAR,1,1,0,0
YUL,ORD,6,6,0,4
NRT,KHH,5,5,0,0
CMB,AUH,5,5,0,3
CHA,CLT,2,2,0,1
DFW,ROW,2,2,0,1
YVR,ICN,3,3,0,1
DEL,KDH,1,1,0,0
KHV,UUS,3,3,0,0
STW,SVO,1,1,0,0
SVO,DRS,1,1,0,0
CDG,SVG,2,2,0,1
MDT,ATL,4,4,0,2
LGA,ATL,7,7,0,4
DUS,BCN,4,4,0,1
NUE,SPU,1,1,0,0
TXL,ACE,1,1,0,0
MLA,VIE,4,4,0,1
FUE,BHX,5,5,0,0
BOM,DEL,6,6,0,1
HFE,MFM,2,2,0,0
DTW,MEX,2,2,0,1
ITM,KMJ,2,2,0,1
HND,TAK,2,2,0,0
CTU,NRT,2,2,0,1
SHJ,COK,4,4,0,0
RIX,MUC,2,2,0,1
RIX,KBP,2,2,0,1
AEP,UAQ,2,2,0,0
RES,AEP,1,1,0,0
OGG,SEA,2,2,0,0
PDX,MFR,1,1,0,1
MSP,SEA,5,5,0,2
PSC,SEA,1,1,0,1
AWZ,THR,4,4,0,0
ORY,DZA,2,2,0,1
TUN,MXP,2,2,0,0
CDG,BLQ,3,3,0,1
PRG,LIN,1,1,0,0
ATL,LIT,4,4,0,3
MUN,CCS,3,3,0,0
HRE,GBE,1,1,0,0
HUH,PPT,1,1,0,0
TYN,SHE,4,4,0,1
CKG,JZH,3,3,0,1
ONG,NTN,1,1,0,0
LGW,DUB,2,2,0,0
MNL,CGY,3,3,0,0
HOU,GSP,2,2,0,1
STL,RDU,2,2,0,1
MDW,ICT,2,2,0,1
BWI,RSW,2,2,0,0
ALB,BWI,2,2,0,1
YKS,ULK,3,3,0,0
LHR,GIG,1,1,0,0
MIA,MAD,5,5,0,1
COO,ABJ,8,8,0,3
CAI,BRU,2,2,0,1
VIE,SOF,2,2,0,1
CDG,PEK,4,4,0,1
DDG,TAO,2,2,0,1
CAN,JNG,1,1,0,0
SZX,HAK,4,4,0,1
CKG,CGQ,1,1,0,0
GRU,JPA,2,2,0,0
YHZ,FRA,1,1,0,0
STR,FUE,2,2,0,0
MBA,FRA,1,1,0,0
MGA,GUA,1,1,0,0
ZAG,TXL,2,2,0,1
LAX,AMS,2,2,0,1
DCA,LEX,1,1,0,1
SIN,PER,9,9,0,3
ADD,DEL,2,2,0,1
MAD,SXF,1,1,0,0
HER,EDI,1,1,0,0
PMO,PNL,1,1,0,0
LPA,AGP,2,2,0,1
FLR,LGW,2,2,0,0
FLR,CTA,3,3,0,1
CGK,PLW,2,2,0,0
CGK,PKY,2,2,0,0
BRU,MAH,1,1,0,0
ZRH,BRS,1,1,0,0
MAD,GUA,1,1,0,0
GYE,MAD,2,2,0,1
ICN,GUM,3,3,0,0
RDU,BOS,2,2,0,1
TRK,CGK,1,1,0,0
FRA,SVG,2,2,0,1
IXM,CMB,3,3,0,1
BEY,LOS,1,1,0,0
MSW,ASM,1,1,0,0
DEL,MCT,2,2,0,0
LKO,MCT,1,1,0,0
IST,ADA,3,3,0,0
ISB,BHV,1,1,0,0
BOM,KHI,1,1,0,0
MUC,SAW,3,3,0,0
MNL,LAX,1,1,0,0
CSX,TEN,1,1,0,0
LDH,BNE,1,1,0,1
STN,BIQ,1,1,0,0
EIN,BGY,1,1,0,0
NOC,STN,1,1,0,0
LHR,KEF,1,1,0,0
ADE,DXB,2,2,0,0
LAX,MDW,2,2,0,1
STT,FLL,1,1,0,0
LPA,EUN,2,2,0,1
MFM,RMQ,2,2,0,0
IEV,DME,1,1,0,0
CCS,IAH,1,1,0,0
CVG,DEN,3,3,0,2
IAH,SAL,3,3,0,0
PSP,LAX,1,1,0,1
CEK,PRG,2,2,0,0
DFW,RTB,2,2,0,0
KBP,ODS,2,2,0,0
HAN,VCA,1,1,0,0
CUN,CUU,1,1,0,0
ANU,UVF,1,1,0,0
TYN,XMN,2,2,0,1
FOC,SYX,3,3,0,1
RJH,DAC,1,1,0,0
KWL,SJW,2,2,0,0
MUC,BRN,1,1,0,0
HKT,DMK,4,4,0,0
ZSJ,YRL,1,1,0,0
VCE,PHL,2,2,0,0
MEL,ADL,5,5,0,2
MYR,DCA,2,2,0,2
PHL,PHF,2,2,0,1
PHL,LGA,2,2,0,0
SGF,ORD,3,3,0,3
KWJ,GMP,2,2,0,0
ICN,FSZ,2,2,0,1
ATW,AZA,1,1,0,0
NUL,KYU,1,1,0,0
HAJ,SVO,1,1,0,0
SVO,PUJ,2,2,0,0
ATL,RIC,7,7,0,5
FWA,ATL,4,4,0,3
FRA,LCY,3,3,0,3
DUS,ZRH,3,3,0,0
BOM,IST,2,2,0,1
BOM,CJB,5,5,0,2
VTZ,DEL,1,1,0,0
DEL,VNS,5,5,0,2
LPA,BHX,3,3,0,0
IXJ,DEL,6,6,0,2
MEX,NLD,1,1,0,1
TPE,NRT,10,10,0,0
HND,BKK,4,4,0,0
PVR,YVR,3,3,0,0
CDB,KFP,1,1,0,0
COR,BRC,1,1,0,0
TAH,AUY,1,1,0,0
SLH,MTV,1,1,0,0
FTA,TAH,1,1,0,0
TWU,BKI,2,2,0,0
VCE,FCO,1,1,0,0
ATL,DAY,6,6,0,4
ZUH,KWL,1,1,0,0
FRA,NKG,2,2,0,1
PEK,HYN,2,2,0,1
XMN,WUH,7,7,0,0
SHE,PEK,4,4,0,2
CNS,CUQ,1,1,0,0
TMR,GHA,1,1,0,0
FEG,KRR,1,1,0,0
ORF,MDW,2,2,0,1
DSM,PHX,3,3,0,1
BWI,CLE,3,3,0,2
BWI,RDU,3,3,0,1
USM,HKT,1,1,0,0
KIX,BKK,4,4,0,1
LED,SKX,1,1,0,0
AGP,BRU,5,5,0,1
TPE,XIY,4,4,0,1
KWL,CZX,1,1,0,0
KHG,URC,9,9,0,1
XFN,NAY,2,2,0,1
SZX,TEN,1,1,0,0
HGH,FOC,2,2,0,1
YCU,CKG,1,1,0,0
VCP,GIG,3,3,0,0
DJE,MUC,3,3,0,0
PTY,CTG,1,1,0,0
SJO,PTY,4,4,0,2
SVO,IAD,2,2,0,0
CVG,BWI,1,1,0,1
EWR,AMS,4,4,0,2
CAI,ASW,2,2,0,0
DXB,AMD,2,2,0,0
TSN,CTU,6,6,0,1
ADD,MBA,2,2,0,1
JIJ,DIR,1,1,0,0
BRU,LGW,1,1,0,0
LGW,TLS,1,1,0,0
CMN,LYS,3,3,0,0
JTR,LGW,2,2,0,0
HAM,HEL,2,2,0,1
YVQ,YEV,2,2,0,0
TLS,PMI,2,2,0,1
FMN,SOW,3,3,0,2
DJJ,TIM,2,2,0,0
VKO,UCT,1,1,0,0
HAJ,AYT,3,3,0,0
THR,DEF,1,1,0,0
OMS,EVN,1,1,0,0
SJC,BOS,1,1,0,0
SJC,JFK,1,1,0,0
OKJ,ICN,1,1,0,0
BNE,KUL,1,1,0,0
RMQ,HAN,1,1,0,0
CWB,XAP,1,1,0,0
TRF,LGW,1,1,0,0
AGP,BGO,1,1,0,0
MCT,CGP,3,3,0,0
HND,MNL,2,2,0,0
DOH,VIE,1,1,0,0
HHN,EDI,1,1,0,0
EMA,LPA,3,3,0,0
BLL,PSA,1,1,0,0
ZAZ,BGY,1,1,0,0
BVA,BGY,1,1,0,0
RHO,NYO,1,1,0,0
CAG,PMF,1,1,0,0
LIS,PSA,1,1,0,0
DME,NRT,2,2,0,1
BLQ,MUC,1,1,0,0
MSP,MCI,3,3,0,1
MSY,LAS,2,2,0,1
LAS,AMA,1,1,0,0
VCE,ZRH,1,1,0,0
PRG,ZRH,3,3,0,0
IST,SKP,1,1,0,0
IST,ISB,1,1,0,0
VKO,ORY,2,2,0,0
SDD,VPE,1,1,0,0
YQB,EWR,1,1,0,1
EWR,MCI,1,1,0,1
BUR,SFO,1,1,0,1
BUF,IAD,1,1,0,1
MCO,PNS,2,2,0,1
BIL,DEN,1,1,0,0
PIA,ORD,3,3,0,2
DYU,KJA,3,3,0,0
DWC,MRV,1,1,0,0
SAV,DFW,2,2,0,1
CLT,LIT,2,2,0,1
TAS,BHK,1,1,0,0
CPH,MOL,1,1,0,0
XMN,TSA,2,2,0,1
SYX,SJW,1,1,0,0
TAO,KHH,1,1,0,0
TGZ,CUN,1,1,0,0
LIM,PCL,3,3,0,1
DHI,KTM,1,1,0,0
KKH,BET,1,1,0,1
PQS,BET,2,2,0,1
YQB,YVB,1,1,0,0
LUK,CLT,1,1,0,1
ORD,COU,2,2,0,1
CLT,SFO,2,2,0,0
CLT,SAT,2,2,0,0
IST,ZRH,4,4,0,1
PVG,ICN,5,5,0,0
AZA,CID,1,1,0,0
LJU,TIA,1,1,0,0
PRN,MUC,2,2,0,1
BCN,ATH,4,4,0,2
FCO,SVO,2,2,0,0
NJC,SVO,1,1,0,0
CDG,MSP,2,2,0,1
ORY,BES,1,1,0,0
OND,ERS,1,1,0,0
TXL,SCN,4,4,0,2
SZG,DUS,2,2,0,1
AYT,PAD,3,3,0,0
MTY,LAS,3,3,0,0
TAM,VER,1,1,0,0
ATL,IND,9,9,0,7
SAN,PVR,3,3,0,2
KMQ,HND,2,2,0,0
BKK,HND,4,4,0,0
YQY,YYZ,1,1,0,1
YUL,CUN,3,3,0,0
HAV,YYZ,1,1,0,0
VNO,CPH,2,2,0,1
PPQ,AKL,1,1,0,1
BHE,AKL,1,1,0,1
SLA,COR,1,1,0,1
SAN,HNL,2,2,0,0
FCA,SEA,1,1,0,1
YYQ,YWG,2,2,0,1
SAL,RTB,1,1,0,0
BOG,ADZ,3,3,0,1
DXB,COK,4,4,0,0
FCO,BDS,1,1,0,0
FRA,SHE,2,2,0,1
KTM,LXA,1,1,0,0
IAM,OGX,1,1,0,0
CKH,YKS,2,2,0,0
DAL,MCI,2,2,0,1
AAR,BMA,1,1,0,1
FCO,CTA,6,6,0,0
OME,UNK,2,2,0,1
MSQ,GVA,1,1,0,0
HER,RHO,2,2,0,0
BOS,AUG,1,1,0,0
DVO,MNL,3,3,0,0
LAO,MNL,2,2,0,0
TPE,KHN,2,2,0,0
CSX,NKG,6,6,0,0
KWL,PVG,7,7,0,1
JHG,TCZ,1,1,0,0
CTU,LXA,5,5,0,0
TXN,XMN,3,3,0,1
FRU,SVX,4,4,0,0
MTY,CUL,4,4,0,1
DTW,CVG,1,1,0,0
DTW,OKC,1,1,0,1
JFK,SVO,2,2,0,0
MSP,NRT,1,1,0,0
ABE,DTW,1,1,0,1
HRE,DAR,1,1,0,0
KWI,LXR,2,2,0,0
DXB,CAI,3,3,0,0
LFW,GIG,1,1,0,0
SHC,MQX,1,1,0,0
PNA,MAD,2,2,0,2
SDU,SJK,2,2,0,0
ZRH,TRN,1,1,0,0
STL,PUJ,1,1,0,0
MDC,CGK,3,3,0,0
DPS,TIM,1,1,0,0
HAJ,CTA,1,1,0,0
ARN,HAM,2,2,0,0
CPH,BRU,4,4,0,2
HAJ,FNC,1,1,0,0
NGO,FUK,3,3,0,0
ITM,CTS,3,3,0,0
PVG,HIJ,2,2,0,1
ATQ,DEL,4,4,0,1
SIN,PEN,6,6,0,2
PUQ,SCL,2,2,0,1
VVI,IQQ,1,1,0,0
KMG,VTE,2,2,0,0
BKK,ZVK,1,1,0,0
SLU,SVD,1,1,0,0
HAM,LIS,2,2,0,1
DUS,WAW,3,3,0,1
NSI,BRU,4,4,0,3
BLQ,OLB,1,1,0,0
DMK,PRH,1,1,0,0
BGO,NCE,1,1,0,0
ARN,LGW,1,1,0,0
FRA,NBE,2,2,0,0
DMM,MCT,1,1,0,0
GZT,ADB,2,2,0,0
TZX,ADA,1,1,0,0
ECN,HTY,1,1,0,0
MYR,YTZ,1,1,0,0
KWE,TPE,2,2,0,0
DOH,BSR,1,1,0,0
ADL,MQL,1,1,0,0
CRL,BTS,1,1,0,0
EMA,REU,1,1,0,0
STN,PSA,1,1,0,0
BLQ,AGP,1,1,0,0
LAD,JNB,2,2,0,0
VTZ,MAA,2,2,0,0
FUK,HND,4,4,0,0
CVU,FLW,1,1,0,0
BOO,TOS,2,2,0,0
LAX,BNA,5,5,0,1
FLL,LAS,2,2,0,0
ZRH,DME,1,1,0,0
TSA,PVG,3,3,0,0
YIC,PEK,2,2,0,1
MEL,MKY,1,1,0,0
XIY,DMK,1,1,0,0
ESB,HTY,1,1,0,1
NSK,VKO,1,1,0,0
NOV,SPP,1,1,0,0
MSZ,LAD,1,1,0,0
EWR,AUA,1,1,0,0
MIA,SXM,2,2,0,0
GDL,OAK,1,1,0,0
ZGS,ZKG,1,1,0,0
SXM,YYZ,1,1,0,0
MYR,YYZ,1,1,0,0
VNO,TRF,1,1,0,0
SIN,OOL,1,1,0,0
GNV,TPA,2,2,0,1
YUL,YVO,2,2,0,1
AKV,YPX,1,1,0,0
SVS,WBQ,1,1,0,0
TLS,ORN,2,2,0,0
DUS,LAX,2,2,0,1
PHX,LGB,2,2,0,0
DCA,ISP,2,2,0,2
HPN,DCA,2,2,0,1
ILM,DCA,2,2,0,2
CLT,FPO,2,2,0,2
MLI,ORD,3,3,0,3
DOH,ORD,2,2,0,0
IST,ICN,3,3,0,0
GMP,USN,2,2,0,0
ICN,ORD,3,3,0,1
ARC,VEE,1,1,0,0
SKG,CHQ,3,3,0,1
DYU,LED,4,4,0,0
NCE,BIA,3,3,0,1
PTY,CDG,1,1,0,0
ATL,BTR,3,3,0,2
GYD,IKA,2,2,0,0
TXL,OTP,2,2,0,1
ZTH,MUC,1,1,0,0
MRU,DEL,2,2,0,1
MEX,MTT,2,2,0,1
ZLO,LAX,2,2,0,1
KMJ,ITM,2,2,0,1
ICN,SDJ,2,2,0,1
KIX,DOH,3,3,0,1
SYZ,KIH,4,4,0,0
PMO,FCO,4,4,0,0
VCE,NRT,1,1,0,0
KWL,PEK,5,5,0,1
LHW,PEK,5,5,0,1
CTU,LHW,4,4,0,1
LJG,CTU,5,5,0,1
ALG,ORN,1,1,0,0
ORK,JER,1,1,0,1
MPH,MNL,3,3,0,0
QFN,JNN,1,1,0,0
SCO,GUW,2,2,0,0
RUN,TNR,2,2,0,0
KIV,FRA,1,1,0,0
SXB,MRS,1,1,0,0
DAY,TPA,2,2,0,1
DEN,SLC,5,5,0,2
CAK,TPA,2,2,0,1
CCC,YUL,1,1,0,1
GRU,LHR,2,2,0,0
SIN,LHR,4,4,0,2
SVX,ULV,1,1,0,0
GAM,SVA,2,2,0,1
BEG,BUD,2,2,0,0
BRU,BHX,2,2,0,1
SOF,VAR,1,1,0,0
KLO,CEB,1,1,0,0
GRU,UBA,1,1,0,0
TPE,HAN,3,3,0,1
PVG,DTW,3,3,0,2
LYG,NAY,2,2,0,1
SHP,SJW,3,3,0,0
XMN,KWL,6,6,0,2
BSB,REC,3,3,0,0
VCP,CNF,2,2,0,0
SEA,PEK,5,5,0,3
SAT,DTW,1,1,0,0
CAI,EBL,1,1,0,0
HBE,DMM,2,2,0,0
LOS,ADD,1,1,0,0
AUH,SYD,3,3,0,1
RAK,LGW,5,5,0,0
AGP,GVA,2,2,0,0
HEL,BUD,2,2,0,0
HEL,SIN,1,1,0,0
NCE,HEL,2,2,0,0
SOU,FAO,1,1,0,0
BCN,BES,2,2,0,1
DEN,PHF,1,1,0,0
ERF,TFS,1,1,0,0
PEK,ALA,2,2,0,0
FUE,FRA,2,2,0,0
HER,FRA,4,4,0,1
HER,LIL,1,1,0,0
CTS,SDJ,5,5,0,1
ITM,FKS,2,2,0,1
NKG,LJG,2,2,0,0
CTS,AOJ,1,1,0,1
LBA,FUE,2,2,0,0
MDE,FLL,2,2,0,0
OOL,NTL,1,1,0,0
NBO,MRU,2,2,0,1
ICN,KTM,1,1,0,0
SCL,ARI,1,1,0,0
TIP,GHT,1,1,0,0
FRA,KBP,2,2,0,0
DBV,ARN,2,2,0,0
SAW,PRN,1,1,0,0
CMN,DOH,1,1,0,0
CRL,TRN,1,1,0,0
EMA,RZE,1,1,0,0
STN,FAO,2,2,0,0
EIN,OPO,1,1,0,0
ORK,LGW,1,1,0,0
DUB,LTN,1,1,0,0
DUB,NTE,1,1,0,0
ACE,SCQ,2,2,0,0
ZAD,HAU,1,1,0,0
TPS,PSA,1,1,0,0
BGY,SDR,1,1,0,0
CPH,TLV,2,2,0,0
WRO,CPH,1,1,0,0
UKK,DME,1,1,0,0
SIN,VTZ,2,2,0,1
BKS,CGK,4,4,0,0
CGK,MED,1,1,0,0
DWD,JED,1,1,0,0
DCA,AUS,1,1,0,0
TPA,BUF,1,1,0,0
HAJ,ZRH,2,2,0,1
HRB,DLC,3,3,0,0
SHA,CTU,7,7,0,1
AYT,ESB,1,1,0,1
ASR,IST,1,1,0,0
IST,CGN,1,1,0,0
OTP,SVO,2,2,0,0
SFO,SBA,1,1,0,1
YXE,YEG,2,2,0,1
TOS,BGO,1,1,0,0
POZ,DSA,1,1,0,0
JNB,INH,1,1,0,0
PTP,SXM,1,1,0,0
JJN,CGO,1,1,0,0
DME,NSK,2,2,0,1
OME,WBB,2,2,0,1
KSM,KOT,1,1,0,1
ARN,BGW,1,1,0,0
BLA,PTY,1,1,0,0
YXS,YKA,1,1,0,0
GEV,KRN,1,1,0,0
MRS,QSF,2,2,0,0
LHR,ARN,6,6,0,4
GYE,JFK,2,2,0,1
STT,CLT,2,2,0,0
KUL,LHR,2,2,0,0
MIA,MAR,1,1,0,0
DFW,BMI,2,2,0,2
BNA,DCA,2,2,0,0
PHL,HPN,2,2,0,1
BUF,PHL,2,2,0,1
SKG,CPH,2,2,0,1
ROV,IST,2,2,0,0
SVO,MRV,1,1,0,0
DHN,ATL,3,3,0,3
AOS,KZB,1,1,0,0
GYD,IST,2,2,0,0
VCE,DUS,3,3,0,1
FCO,VIE,5,5,0,1
BOM,MCT,4,4,0,0
BHX,DBV,3,3,0,0
MLA,ALG,1,1,0,0
YUL,PAP,1,1,0,0
YYZ,VIE,3,3,0,3
YYZ,SAN,1,1,0,0
BRU,VNO,4,4,0,2
EZE,GRU,7,7,0,2
PDX,FAT,1,1,0,1
FRA,SZG,2,2,0,2
VCE,CTA,3,3,0,1
SKP,FCO,1,1,0,0
CUZ,LPB,1,1,0,0
DSN,TSN,1,1,0,0
PVG,KWL,7,7,0,1
BHX,ORK,1,1,0,1
DUB,PGF,1,1,0,0
ALA,AKX,2,2,0,0
KBP,TSE,2,2,0,0
NCE,TLS,2,2,0,0
NER,IKT,1,1,0,0
BUF,MCO,3,3,0,1
CNX,BKK,11,11,0,9
PES,DME,1,1,0,0
BRU,HAJ,3,3,0,3
YCY,YIO,2,2,0,0
YZF,YCB,2,2,0,0
SJU,AXA,2,2,0,0
POS,BGI,1,1,0,0
KHH,NRT,5,5,0,0
SHE,SHA,2,2,0,1
HIA,SHA,1,1,0,0
AKL,CAN,1,1,0,0
KWL,FOC,4,4,0,2
OVB,URC,3,3,0,0
YTY,CGO,1,1,0,0
SPU,DUS,3,3,0,1
CDG,CVG,2,2,0,1
LAN,DTW,1,1,0,1
HPN,DTW,1,1,0,1
JFK,TPA,4,4,0,2
MHT,ATL,2,2,0,1
MFR,SLC,1,1,0,1
EDI,KRK,2,2,0,0
HEL,RIX,2,2,0,1
SCQ,BCN,3,3,0,1
CUN,MCI,1,1,0,0
AGA,BRU,3,3,0,0
BCN,LEI,2,2,0,1
MAD,HEL,2,2,0,1
IKA,NJF,2,2,0,0
KWI,NJF,2,2,0,0
BFS,FAO,2,2,0,0
MAH,EMA,3,3,0,0
JFK,HOU,1,1,0,0
LPS,WSX,1,1,0,1
SXM,ANU,1,1,0,0
KOI,EOI,1,1,0,0
FRA,CAI,2,2,0,0
ASB,GYD,2,2,0,1
DXB,ADE,2,2,0,0
AAL,LGW,1,1,0,0
SVG,KRK,1,1,0,0
AYT,TRD,1,1,0,0
JDO,FOR,1,1,0,0
RUH,MCT,2,2,0,0
MCT,MED,2,2,0,0
ISB,MCT,2,2,0,0
ECN,ADB,2,2,0,0
TPE,MNL,6,6,0,1
KHI,DOH,1,1,0,0
CMN,BZV,1,1,0,0
CRL,LPA,1,1,0,0
LPP,GRO,1,1,0,0
KRK,CAG,1,1,0,0
SZZ,STN,1,1,0,0
TFS,FKB,1,1,0,0
BUD,BVA,1,1,0,0
SUF,CRL,1,1,0,0
BGY,RYG,1,1,0,0
BGY,BVA,1,1,0,0
TSF,BCN,1,1,0,0
MLA,BRI,1,1,0,0
FAO,BLL,1,1,0,0
LIS,FAO,4,4,0,2
PDL,ORY,1,1,0,0
HRE,JNB,3,3,0,1
ISB,SKZ,2,2,0,0
DME,NJC,2,2,0,0
HRI,PEK,1,1,0,0
SIN,BCN,1,1,0,0
MUC,BSL,3,3,0,2
KRT,ADD,2,2,0,0
OAK,AUS,1,1,0,0
HRL,AUS,1,1,0,0
CPH,ADB,1,1,0,0
LUM,CTU,1,1,0,0
MGA,FLL,1,1,0,0
DMK,HGH,1,1,0,0
KYA,IST,1,1,0,0
ERZ,ESB,1,1,0,1
BHX,BVC,2,2,0,0
EIN,SAW,1,1,0,0
DME,DYR,1,1,0,0
LAD,VPE,1,1,0,0
RDU,IAH,1,1,0,0
LIT,IAH,1,1,0,1
SYR,EWR,1,1,0,1
MUC,SVX,1,1,0,0
PHL,MAD,2,2,0,0
KBP,RHO,1,1,0,0
YYJ,YVR,3,3,0,1
DXB,RIY,1,1,0,0
IBZ,NCL,2,2,0,0
LYS,CMN,3,3,0,0
JNU,HNS,2,2,0,0
PLU,GVR,1,1,0,0
ROO,CGB,1,1,0,0
LYG,FOC,1,1,0,0
BET,VAK,1,1,0,1
ACA,TLC,2,2,0,1
BCN,BRN,1,1,0,0
IJK,LED,1,1,0,0
YKA,YVR,2,2,0,1
YOJ,YOP,1,1,0,0
LHR,MUC,4,4,0,2
RTB,DFW,2,2,0,1
DCA,LAX,4,4,0,1
MIA,MBJ,2,2,0,0
MIA,MSP,3,3,0,0
DFW,GRR,2,2,0,2
ORD,YYZ,6,6,0,3
BLI,LAX,1,1,0,0
SFB,AVL,1,1,0,0
AKP,BTT,1,1,0,0
LCA,ATH,5,5,0,2
HER,MUC,5,5,0,1
HER,DME,3,3,0,0
FRU,LED,2,2,0,0
KGF,LED,1,1,0,0
EDI,CDG,5,5,0,3
BIA,EBU,2,2,0,1
AJA,ORY,2,2,0,0
CDG,LOS,1,1,0,0
CDG,DUS,3,3,0,1
ATL,CHS,7,7,0,5
ALB,ATL,5,5,0,4
JNB,WDH,5,5,0,2
GYD,DOH,2,2,0,1
OVB,GYD,2,2,0,0
DUS,PDL,1,1,0,0
NUE,NBE,1,1,0,0
TXL,PEK,2,2,0,1
OLB,NUE,2,2,0,1
ZRH,IBZ,1,1,0,0
RIX,FRA,3,3,0,1
PMI,SZG,2,2,0,1
PNQ,DEL,6,6,0,1
LTN,TFS,3,3,0,0
LGW,DLM,5,5,0,0
ATH,SOF,4,4,0,0
MEX,IAD,3,3,0,0
SJU,ATL,8,8,0,6
DEN,NRT,2,2,0,1
SAH,AXK,1,1,0,0
IST,VIE,3,3,0,1
SAL,MCO,2,2,0,0
BOG,FLL,4,4,0,0
BAQ,MIA,3,3,0,1
JFK,MDE,2,2,0,0
ACC,ROB,4,4,0,0
FNA,BJL,2,2,0,0
AMS,NWI,2,2,0,2
FCO,SKP,1,1,0,0
TDD,RBQ,1,1,0,0
SYX,WUH,4,4,0,0
PEK,LXA,2,2,0,1
HRB,TYN,2,2,0,1
DAX,CAN,2,2,0,1
CZL,ALG,1,1,0,0
JNS,JJU,1,1,0,0
KIV,LED,1,1,0,0
BET,KPN,1,1,0,0
KHV,DYR,1,1,0,0
FLL,TPA,5,5,0,2
STL,MSY,2,2,0,1
KJA,MJZ,2,2,0,0
JFK,LCY,4,4,0,2
TFS,LPA,2,2,0,0
CYB,LYB,1,1,0,0
SJI,MNL,1,1,0,0
HAN,TPE,3,3,0,1
CTU,TYN,5,5,0,1
LJG,CAN,2,2,0,0
LHW,SHE,1,1,0,0
DLU,KMG,3,3,0,0
JJN,KWE,3,3,0,1
BSB,SDU,3,3,0,0
FLN,POA,2,2,0,0
PVH,CGB,3,3,0,0
IKT,FRU,1,1,0,0
FRA,LPA,2,2,0,0
DUS,CHQ,1,1,0,0
HAJ,DLM,2,2,0,0
PMI,MAN,8,8,0,0
GND,PMV,1,1,0,0
PRG,GYD,2,2,0,1
PIT,CVG,1,1,0,0
BNA,SLC,1,1,0,1
LGA,MSP,1,1,0,0
AUH,HYD,2,2,0,0
HEL,VAA,1,1,0,0
HEL,BCN,4,4,0,1
SVL,HEL,2,2,0,1
ZRH,GVA,3,3,0,0
DDC,LBL,3,3,0,2
UPG,BIK,2,2,0,0
MXP,CGN,1,1,0,0
VCE,CGN,1,1,0,0
BAH,LCA,1,1,0,0
BAH,DWC,2,2,0,0
KER,IFN,1,1,0,0
AMS,MUC,2,2,0,1
AMS,BUD,1,1,0,0
AMS,HAV,1,1,0,0
LKE,FBS,1,1,0,0
MCT,KWI,2,2,0,0
LIM,JUL,1,1,0,1
AMQ,NBX,1,1,0,1
PHL,FRA,3,3,0,0
YMM,YQF,1,1,0,0
KBP,OSL,1,1,0,0
NBE,MUC,3,3,0,0
HMB,JED,2,2,0,0
IKA,MCT,1,1,0,0
JNB,SYD,2,2,0,1
BRS,BUD,1,1,0,0
KIR,HHN,1,1,0,0
ACE,EDI,1,1,0,0
RAK,EIN,1,1,0,0
REU,LTN,1,1,0,0
NRN,CAG,1,1,0,0
RUH,ISB,3,3,0,0
ARN,KRF,2,2,0,1
IKT,GDX,1,1,0,0
KOE,SUB,3,3,0,0
RUH,HOF,1,1,0,0
CSX,HFE,3,3,0,1
CGO,TNA,2,2,0,1
FLL,ORD,4,4,0,0
MIA,GEO,1,1,0,0
YYZ,GRU,2,2,0,1
LIS,GRU,1,1,0,0
DME,TUN,1,1,0,0
GLA,TFS,4,4,0,0
HRG,OVB,1,1,0,0
TUN,GAF,1,1,0,0
ACA,IAH,1,1,0,1
LAX,YUL,2,2,0,1
IAH,BOG,2,2,0,0
GUC,DEN,1,1,0,1
SVX,TLV,1,1,0,0
DME,LLK,1,1,0,0
NAS,DCA,2,2,0,0
DFW,GIG,3,3,0,0
DAD,BMV,1,1,0,0
YUL,MIA,3,3,0,1
BJF,HFT,1,1,0,0
HOV,SOG,1,1,0,0
LKN,SVJ,1,1,0,0
HAN,KHH,2,2,0,0
SVX,LBD,2,2,0,0
GRU,PLU,1,1,0,0
VCP,CCM,1,1,0,0
KND,FIH,1,1,0,0
BNI,ABV,1,1,0,0
YZV,YHU,1,1,0,0
FPO,MIA,2,2,0,1
ADL,SYD,5,5,0,2
PHX,SFO,4,4,0,0
MIA,SCL,3,3,0,0
MIA,LGA,3,3,0,0
ATL,DFW,11,11,0,6
IAD,AUH,2,2,0,1
ORD,NRT,6,6,0,0
ORD,OKC,3,3,0,2
ORD,FSD,3,3,0,2
SIN,JNB,4,4,0,3
PIE,CHA,1,1,0,0
LAS,CPR,1,1,0,0
DUS,KLX,1,1,0,0
SIP,ROV,1,1,0,0
NUE,CDG,2,2,0,1
NAS,ELH,2,2,0,0
HAM,FUE,2,2,0,0
DUS,NUE,2,2,0,0
HAJ,PMI,4,4,0,0
ORY,LHR,3,3,0,2
CCU,DMU,1,1,0,0
CDG,LAX,4,4,0,1
MLA,MUC,2,2,0,0
ZRH,MLA,2,2,0,1
MFM,HFE,2,2,0,0
MWX,MFM,1,1,0,0
ZCL,MEX,2,2,0,1
TSA,HND,4,4,0,0
NGS,HND,2,2,0,0
POM,MAS,1,1,0,0
YUL,YWG,2,2,0,1
YVR,SYD,1,1,0,0
YYZ,UVF,2,2,0,0
PHX,YYZ,1,1,0,0
IAH,YUL,2,2,0,2
RIX,WAW,2,2,0,0
MAD,EZE,3,3,0,0
RSA,AFA,1,1,0,1
KIV,VIE,1,1,0,1
KUL,DMK,3,3,0,0
SIN,TGG,1,1,0,0
KRT,AUH,4,4,0,2
CAN,PVG,6,6,0,1
NKG,XMN,8,8,0,0
SHE,TAO,9,9,0,1
DJG,TMR,1,1,0,0
MUC,VCE,2,2,0,1
DUB,CTA,1,1,0,0
VNO,HEL,2,2,0,2
PRN,ZRH,2,2,0,1
HKT,SIN,6,6,0,2
IKT,OVB,3,3,0,0
CEK,OVB,2,2,0,0
MNL,TAG,3,3,0,0
CEB,PAG,1,1,0,0
MDG,TAO,1,1,0,0
HAK,KHN,3,3,0,0
PEK,HSN,2,2,0,1
SHE,ICN,2,2,0,0
PLS,JFK,2,2,0,0
SLC,AUS,1,1,0,0
MCO,CVG,1,1,0,0
MLA,LCA,2,2,0,1
GMB,ADD,1,1,0,0
BMA,UME,2,2,0,1
HEL,KEM,2,2,0,1
MAN,EXT,1,1,0,0
TXL,BIO,2,2,0,1
SIN,MAA,7,7,0,0
YGH,YEV,1,1,0,0
KEF,IAD,1,1,0,0
BRU,KEF,1,1,0,0
FUE,GLA,2,2,0,0
EDL,NBO,2,2,0,0
FRA,GVA,4,4,0,2
MJU,UPG,1,1,0,1
CMB,SIN,5,5,0,2
DUS,VCE,3,3,0,1
LCA,ARN,1,1,0,0
IST,GZP,1,1,0,0
ESB,DUS,1,1,0,0
BRS,REU,2,2,0,0
STN,BRI,1,1,0,0
DUB,STN,1,1,0,0
ACE,FKB,1,1,0,0
FAO,NOC,1,1,0,0
ALA,OVB,1,1,0,0
DME,FRA,3,3,0,1
DME,TBS,1,1,0,0
ALC,BLL,2,2,0,0
EGN,KRT,2,2,0,0
RUH,ABT,1,1,0,0
SJC,DEN,3,3,0,1
MSY,PHX,1,1,0,0
LAS,BUF,1,1,0,0
TNA,TYN,2,2,0,1
BWI,MYR,1,1,0,0
BOG,IPI,1,1,0,0
YGJ,CTS,1,1,0,0
CNF,SDU,3,3,0,0
SGN,DMK,1,1,0,0
AMS,OTP,2,2,0,0
MNL,ROR,1,1,0,1
RDU,IAD,1,1,0,0
MAF,IAH,1,1,0,1
MHT,CLT,2,2,0,2
SGN,HAN,3,3,0,0
CJS,TIJ,2,2,0,1
SJD,ATL,5,5,0,4
YEG,YOW,2,2,0,0
TRF,CPH,2,2,0,1
DTM,TSR,1,1,0,0
GSE,GDN,1,1,0,0
OTP,GVA,2,2,0,0
DLM,LTN,2,2,0,0
NGS,ICN,1,1,0,0
DTM,LWO,1,1,0,0
IMP,BEL,1,1,0,0
STM,ITB,2,2,0,0
HUU,LIM,2,2,0,0
OTZ,WLK,2,2,0,1
MEX,CTM,1,1,0,0
SAP,LCE,1,1,0,0
SAP,RTB,2,2,0,0
BIQ,SXB,1,1,0,0
WIL,UKA,3,3,0,0
GUA,TGU,4,4,0,0
LIM,SCL,6,6,0,4
POS,MIA,3,3,0,0
PIT,RDU,2,2,0,2
LGA,BOS,3,3,0,1
SAN,LHR,4,4,0,2
SUX,ORD,2,2,0,1
CLT,SJO,3,3,0,0
MCO,SAN,2,2,0,1
PUS,KIX,5,5,0,2
MFM,ICN,3,3,0,0
TIP,TOB,2,2,0,0
PIE,BGR,1,1,0,0
ATW,SFB,1,1,0,0
SFB,OKC,1,1,0,0
KYU,FAI,1,1,0,0
LRS,JTY,2,2,0,0
AUH,ATH,2,2,0,0
NUX,SVO,1,1,0,0
ARN,CDG,3,3,0,1
VLC,CDG,2,2,0,1
MRS,PRG,1,1,0,0
CDG,FLR,2,2,0,1
SVO,MRS,1,1,0,0
DAL,ATL,4,4,0,3
VIE,NCE,3,3,0,2
DEL,DED,4,4,0,1
CUN,MEX,6,6,0,2
FRA,KIX,2,2,0,1
HOF,SHJ,1,1,0,0
SRE,CBB,1,1,0,0
SRE,VVI,2,2,0,0
MYY,TGG,1,1,0,0
BTJ,KUL,1,1,0,0
SYD,PEK,1,1,0,0
NKG,KMG,8,8,0,2
DLC,HGH,10,10,0,1
BKK,HKG,12,12,0,3
TPA,MSY,2,2,0,1
VCE,YUL,1,1,0,0
NQY,LGW,2,2,0,1
BLL,MAN,1,1,0,1
MSY,MIA,5,5,0,4
NYT,BKK,1,1,0,0
BRU,FAO,2,2,0,1
AMS,SOF,1,1,0,0
NKG,HKG,6,6,0,1
ILO,PPS,1,1,0,0
TPE,HND,1,1,0,0
SUB,SIN,8,8,0,0
TYN,TPE,1,1,0,0
SZX,TYN,4,4,0,0
PVG,WXN,2,2,0,1
ZUH,SYX,2,2,0,0
GRU,MGF,1,1,0,0
GLA,MCO,3,3,0,2
PTY,EWR,2,2,0,1
JAX,CVG,1,1,0,1
HNL,SFO,3,3,0,0
MCO,GLA,3,3,0,2
ICN,IAD,2,2,0,1
CAI,JNB,2,2,0,1
LOS,AUH,1,1,0,0
SXF,GLA,1,1,0,0
LGW,ADB,2,2,0,0
GLA,KGS,1,1,0,0
IBZ,LGW,2,2,0,0
JMK,MAN,1,1,0,0
OTP,LGW,1,1,0,0
KUL,OOL,1,1,0,0
NWI,GCI,1,1,0,1
ORY,SOU,2,2,0,1
ATL,TTN,1,1,0,0
DEN,SJO,1,1,0,0
PRN,HAM,1,1,0,0
AMD,PNQ,2,2,0,0
THR,BXR,1,1,0,0
COK,DOH,2,2,0,0
BFS,MJV,1,1,0,0
ZTH,MAN,2,2,0,0
LUX,AMS,1,1,0,1
JNB,NBO,2,2,0,0
SCL,GIG,2,2,0,1
VTE,LXG,1,1,0,0
FRA,GRU,2,2,0,0
MLE,KUL,1,1,0,0
OSL,MLA,1,1,0,0
SLL,MCT,1,1,0,0
DAR,HAH,1,1,0,0
LUN,KAA,1,1,0,0
BKI,BWN,2,2,0,0
BRE,OPO,1,1,0,0
STN,SFT,1,1,0,0
FEZ,EBU,1,1,0,0
AGP,SDR,1,1,0,0
AHO,TRF,1,1,0,0
BGY,IBZ,1,1,0,0
PSA,BOH,1,1,0,0
VNX,JNB,2,2,0,1
LIS,DME,2,2,0,1
DME,GOA,1,1,0,0
CSX,SIN,2,2,0,1
LAX,BWI,2,2,0,0
BOI,PHX,3,3,0,0
AUS,DCA,1,1,0,0
CHS,BWI,2,2,0,1
LAS,GEG,1,1,0,0
MCO,LAS,2,2,0,0
LXA,CKG,8,8,0,2
RTM,ALC,1,1,0,0
PFO,AMS,1,1,0,0
DME,HKT,1,1,0,0
PRG,CLJ,2,2,0,0
SFO,SAL,3,3,0,1
IAH,PNS,1,1,0,1
IAH,MKE,1,1,0,1
ELP,DEN,1,1,0,1
TLH,TPA,2,2,0,1
JAC,DEN,1,1,0,0
SGN,VCL,1,1,0,1
YXJ,YYC,1,1,0,0
LTN,VNO,1,1,0,0
RUN,MRS,1,1,0,0
SHA,JJN,3,3,0,1
TLV,ORY,1,1,0,0
NBE,CWL,1,1,0,0
LAP,MTY,1,1,0,0
PLU,POJ,1,1,0,0
IGU,VCP,1,1,0,0
VCP,SSA,1,1,0,0
SJP,CGB,1,1,0,0
OPS,CGB,2,2,0,0
MZR,KBL,2,2,0,0
RTB,SAP,2,2,0,0
VAR,BEG,1,1,0,0
TAL,FAI,2,2,0,0
ORY,CZL,2,2,0,0
PHX,PHL,4,4,0,1
CLE,MIA,2,2,0,1
DFW,MGM,2,2,0,1
LGA,TYS,3,3,0,2
ORD,LAX,6,6,0,1
MSP,PHX,6,6,0,1
MSP,ORD,5,5,0,1
CLT,HSV,2,2,0,0
ICN,PEK,4,4,0,0
LAS,MSO,1,1,0,0
RFD,PIE,1,1,0,0
FYU,VEE,1,1,0,0
ATH,LYS,3,3,0,1
OMS,LED,1,1,0,0
SVO,MLA,2,2,0,0
SVO,DNK,1,1,0,0
CAI,CDG,3,3,0,0
PRG,CDG,5,5,0,1
HAM,STR,2,2,0,0
DUS,FAO,2,2,0,0
MAN,FUE,5,5,0,0
LTN,AYT,2,2,0,0
PMO,TRN,3,3,0,1
GDL,MTY,5,5,0,2
MEX,CUL,3,3,0,0
MEX,SCL,2,2,0,0
MTY,TLC,2,2,0,1
YUL,MBJ,2,2,0,1
YVR,YEG,3,3,0,1
YYZ,YYG,2,2,0,1
SFO,YYZ,2,2,0,1
WLG,NPL,1,1,0,1
OOL,CHC,3,3,0,0
MDZ,BRC,1,1,0,0
SAN,PDX,3,3,0,1
ANC,SEA,3,3,0,1
MSO,SEA,1,1,0,1
MUB,GBE,1,1,0,0
PEK,HMI,2,2,0,1
XIY,SHE,6,6,0,2
WNR,BVI,1,1,0,0
TEE,ALG,1,1,0,0
CMN,ALG,2,2,0,0
MUC,ORK,1,1,0,0
VIE,DUB,1,1,0,0
MNL,GES,3,3,0,1
MNL,BXU,3,3,0,0
AKX,TSE,2,2,0,0
KWN,EEK,1,1,0,0
SLC,TUS,2,2,0,2
OME,KKA,1,1,0,0
SVA,GAM,2,2,0,1
BRU,PMO,1,1,0,0
MNL,VRC,1,1,0,0
HKG,ILO,1,1,0,0
FOC,ZUH,4,4,0,2
SVZ,CCS,1,1,0,0
MSP,RHI,1,1,0,1
AZO,DTW,1,1,0,0
CAN,KHH,1,1,0,1
EMA,ABZ,1,1,0,0
LGW,JER,2,2,0,0
LED,HEL,2,2,0,1
FUE,BCN,3,3,0,1
BCN,ALG,3,3,0,1
BTJ,CGK,2,2,0,0
PEK,CGK,1,1,0,0
KIH,BND,3,3,0,0
JED,BAH,2,2,0,0
LIH,HNL,4,4,0,2
MLN,AGP,2,2,0,1
MAD,AMM,2,2,0,1
BEY,MHD,1,1,0,0
HAN,FUK,2,2,0,1
BOM,JNB,3,3,0,1
PVG,DOY,1,1,0,0
WAW,AMS,2,2,0,0
JRO,NBO,2,2,0,0
MDC,KAZ,1,1,0,1
FRA,NAP,2,2,0,1
ULN,HKG,2,2,0,0
MYY,KCH,3,3,0,1
BMA,MMX,2,2,0,1
GZP,IST,1,1,0,0
VIE,SAW,2,2,0,0
ADB,TZX,2,2,0,0
SAW,HTY,2,2,0,1
ROK,MKY,1,1,0,1
PER,BME,2,2,0,0
STN,RYG,1,1,0,0
STN,BOD,1,1,0,0
DUB,RZE,1,1,0,0
MAD,BVA,1,1,0,0
BOD,BLQ,1,1,0,0
GOA,STN,1,1,0,0
PEK,SVX,2,2,0,0
AMM,BEY,3,3,0,0
TIP,DJE,1,1,0,0
FLL,BNA,1,1,0,0
HOU,PIT,1,1,0,0
BWI,JAX,1,1,0,0
JUZ,SZX,2,2,0,1
WUX,SHE,2,2,0,1
DTW,LGA,4,4,0,1
CJC,CPO,1,1,0,0
SCO,KZO,1,1,0,0
RAK,LIS,1,1,0,0
JRO,MBA,1,1,0,0
IST,VCE,1,1,0,0
MLE,VKO,1,1,0,0
DWC,LED,1,1,0,0
FCO,IAD,1,1,0,0
MTY,ORD,1,1,0,1
NRT,IAH,2,2,0,1
BOM,EWR,2,2,0,0
MSN,ORD,3,3,0,3
CLE,YYZ,2,2,0,2
DEN,MOT,2,2,0,1
OKC,EWR,1,1,0,1
PIA,DFW,2,2,0,2
ABE,PHL,2,2,0,1
UFA,TAS,1,1,0,0
TSE,KBP,2,2,0,0
GDL,PBC,1,1,0,0
YYZ,YXE,2,2,0,0
MLA,BUD,2,2,0,0
JIB,HAH,1,1,0,0
HNH,JNU,2,2,0,0
ULN,DLZ,1,1,0,0
VCP,CFB,1,1,0,0
MGF,CGB,1,1,0,0
DOK,DWC,1,1,0,0
NNM,SCW,1,1,0,0
MEX,CEN,2,2,0,1
SQS,BCV,1,1,0,0
YQT,YXL,2,2,0,0
YYR,YSO,1,1,0,0
YZG,YIK,1,1,0,0
ZKE,YFA,1,1,0,0
MMU,LUK,1,1,0,1
LHR,IST,3,3,0,1
PHX,SMF,3,3,0,0
LGA,RIC,3,3,0,2
ORD,ROC,3,3,0,1
BEN,JED,1,1,0,0
SFB,LIT,1,1,0,0
ZRH,LIS,6,6,0,3
KLV,SVO,2,2,0,0
BIQ,MRS,1,1,0,0
CDG,BRE,2,2,0,1
CWB,BSB,4,4,0,1
GRR,ATL,3,3,0,2
STR,DUS,1,1,0,0
TXL,AMM,2,2,0,1
HYD,BLR,5,5,0,2
IXR,CCU,3,3,0,2
EVE,SVG,1,1,0,0
MEX,MAM,2,2,0,1
TRC,GDL,2,2,0,1
TPE,CTS,4,4,0,1
HGU,POM,2,2,0,0
HKN,RAB,2,2,0,0
YQB,YOW,1,1,0,1
DKR,CKY,8,8,0,4
KKE,AKL,1,1,0,1
NBC,LED,1,1,0,0
AEP,BRC,2,2,0,0
SAN,SJD,2,2,0,0
LPB,VVI,5,5,0,1
YEK,YXN,3,3,0,1
VCE,CDG,3,3,0,1
KWL,HGH,8,8,0,2
DUB,EDI,2,2,0,1
PBU,MYT,1,1,0,0
FRU,TSE,1,1,0,0
TAS,KRR,3,3,0,0
RAB,LAE,1,1,0,0
OAK,LAS,3,3,0,1
BWI,SAT,2,2,0,1
AUH,LHR,5,5,0,3
OBU,OTZ,2,2,0,1
TPE,SGN,3,3,0,0
TYN,PVG,2,2,0,0
HFE,KWL,1,1,0,0
LYA,DLC,1,1,0,0
XMN,TYN,2,2,0,1
CNX,CAN,1,1,0,0
JMU,PVG,1,1,0,0
SSA,BSB,3,3,0,0
ACE,HAJ,2,2,0,0
PTY,TPA,1,1,0,0
OSS,IKT,2,2,0,0
ANC,MSP,1,1,0,0
AVP,DTW,1,1,0,1
DXB,MAA,2,2,0,0
DXB,BOS,2,2,0,0
BSL,MPL,1,1,0,0
BSL,AYT,2,2,0,0
PRG,MAN,2,2,0,0
GVA,OLB,2,2,0,0
LIS,ZRH,4,4,0,2
MAN,NOC,1,1,0,0
ORY,SVQ,3,3,0,1
DME,AGP,2,2,0,1
OLB,STR,3,3,0,1
MXP,STR,1,1,0,0
CCU,NAG,2,2,0,0
FRA,TFS,2,2,0,0
MUC,KEF,1,1,0,0
AMD,MAA,2,2,0,0
CJU,NRT,2,2,0,1
NCL,ALC,3,3,0,0
EDI,PMI,4,4,0,0
DCA,SJU,1,1,0,0
HBA,SYD,3,3,0,1
MYY,LKH,1,1,0,1
KNH,TSA,2,2,0,0
DOH,BEY,2,2,0,0
CPH,MLA,1,1,0,0
OSL,MJV,1,1,0,0
MED,KRT,1,1,0,0
PMY,AEP,1,1,0,0
ASR,DUS,1,1,0,0
DOH,BGW,1,1,0,0
MIM,MEL,1,1,0,0
JUB,KGL,1,1,0,0
LBA,KRK,1,1,0,0
PFO,CRL,1,1,0,0
AGP,NYO,1,1,0,0
CHQ,BRS,1,1,0,0
BRI,NRN,1,1,0,0
PSR,STN,1,1,0,0
BGY,TMP,1,1,0,0
BZG,DUB,1,1,0,0
ARN,LIS,2,2,0,1
FNC,OPO,3,3,0,1
PDL,SJZ,1,1,0,0
PQQ,BNE,2,2,0,1
DMM,TUU,1,1,0,0
RUH,HAS,1,1,0,0
PHX,EWR,4,4,0,0
GEG,OAK,1,1,0,0
BHM,MDW,1,1,0,0
GVA,ZRH,3,3,0,0
ADB,DUS,2,2,0,0
DFW,OAK,1,1,0,0
SSH,NCL,1,1,0,0
IST,UFA,1,1,0,0
IST,ISE,1,1,0,0
BCN,RTM,1,1,0,0
PFO,VKO,1,1,0,0
VKO,KRR,2,2,0,0
TUN,DJE,1,1,0,0
CLE,CUN,2,2,0,0
DAY,CLE,1,1,0,1
LGA,IAD,1,1,0,1
TFS,KBP,1,1,0,0
KHH,SGN,3,3,0,1
SGN,DME,2,2,0,0
SLP,CUN,1,1,0,0
TIJ,LMM,1,1,0,0
YHZ,LGA,2,2,0,2
SAH,NBO,1,1,0,0
POL,BEW,1,1,0,0
RUH,DWC,1,1,0,0
DXB,KTM,1,1,0,0
DAC,ZYL,3,3,0,0
VUS,CEE,1,1,0,0
BBO,BSA,2,2,0,0
ZKE,YAT,1,1,0,0
YPX,YGL,1,1,0,0
LIS,ORY,5,5,0,1
EBB,LHR,2,2,0,1
MBJ,DFW,2,2,0,0
GYE,SCY,4,4,0,1
LAX,ANC,2,2,0,1
GCK,DFW,2,2,0,2
DFW,GGG,2,2,0,1
DFW,BPT,2,2,0,1
CLT,IAH,3,3,0,1
ABQ,DFW,2,2,0,0
FWA,DFW,2,2,0,2
RHO,ATH,4,4,0,1
SVO,WAW,2,2,0,0
FLR,CDG,2,2,0,1
NBO,LLW,3,3,0,2
GYD,PRG,2,2,0,1
CGN,LPA,4,4,0,0
ACE,CGN,1,1,0,0
CTA,ZRH,3,3,0,2
VIE,SKG,3,3,0,1
MAA,BLR,5,5,0,2
ICN,SIN,5,5,0,1
FAO,BHX,3,3,0,0
DEL,BLR,6,6,0,1
NCL,BRU,2,2,0,0
USH,FTE,1,1,0,0
LAX,SEA,5,5,0,1
HLN,GTF,1,1,0,1
ANC,BET,2,2,0,0
ANC,VDZ,2,2,0,1
BRU,VIE,2,2,0,1
BOG,VVC,3,3,0,2
VLI,SON,1,1,0,0
VLI,DLY,1,1,0,0
THR,ABD,3,3,0,0
FCO,FRA,3,3,0,0
TSN,DLC,8,8,0,1
TSN,TXN,1,1,0,0
IST,PVG,2,2,0,0
TSN,XIY,7,7,0,2
KHN,KWE,3,3,0,1
LJG,HGH,5,5,0,2
CZX,PEK,3,3,0,1
QJH,JJU,1,1,0,0
IKE,UMD,1,1,0,0
KIV,OTP,3,3,0,0
AMS,POP,1,1,0,0
BLL,LCY,1,1,0,1
PNH,BKK,4,4,0,0
GRV,DME,1,1,0,0
GLV,WMO,2,2,0,1
TPE,FUK,5,5,0,2
PVG,SEA,2,2,0,0
YCU,PVG,2,2,0,1
PEK,URC,4,4,0,1
JGS,CAN,1,1,0,0
CCS,VIG,2,2,0,0
OMA,DTW,1,1,0,0
LAX,ICN,5,5,0,2
FWA,MSP,1,1,0,1
KHH,TSN,1,1,0,1
DXB,AMS,3,3,0,1
NIM,ABV,1,1,0,1
CKY,ABJ,2,2,0,0
LGW,ZAG,1,1,0,0
BSL,KEF,1,1,0,0
XIY,HEL,1,1,0,0
MUC,AGP,5,5,0,1
BIO,LCG,2,2,0,1
LYS,SVQ,3,3,0,0
DMM,BAH,2,2,0,1
VGO,TFS,1,1,0,0
IFN,AWZ,2,2,0,0
FUK,TAO,2,2,0,1
ITM,KMI,2,2,0,1
JFK,STI,2,2,0,0
OOL,ADL,2,2,0,1
PLM,BTH,2,2,0,0
CLJ,MUC,1,1,0,1
VNO,BRU,4,4,0,2
BGY,OMO,1,1,0,0
DMK,CJM,1,1,0,0
TRD,OSL,2,2,0,0
ARN,BUD,1,1,0,0
ADB,EZS,1,1,0,0
TBS,SAW,2,2,0,0
MQM,ADB,1,1,0,0
YYZ,YVR,3,3,0,0
MEL,DPO,1,1,0,1
TRV,DOH,1,1,0,0
KNS,MEL,1,1,0,0
STN,BZG,1,1,0,0
KRK,KGS,1,1,0,0
VLC,DUB,1,1,0,0
BGY,SVQ,1,1,0,0
FAO,BOH,1,1,0,0
JNB,EBB,1,1,0,0
LUN,JNB,1,1,0,0
NJC,DME,2,2,0,1
MKW,UPG,1,1,0,0
BNE,SYD,5,5,0,2
BLR,MCT,1,1,0,0
IST,DMM,2,2,0,0
DAY,BWI,2,2,0,1
AUS,LBB,1,1,0,0
YTY,PEK,2,2,0,1
HIR,RNL,1,1,0,0
PHL,LIS,3,3,0,1
TUN,TLS,1,1,0,0
SZX,DMK,1,1,0,0
DOK,DME,1,1,0,0
NBE,DME,2,2,0,0
YUL,BDL,2,2,0,2
GGT,GHB,2,2,0,1
SFO,BFL,1,1,0,1
EWR,NAS,1,1,0,0
EWR,OMA,1,1,0,1
ORD,BRU,2,2,0,1
KRR,LBD,2,2,0,0
DFW,PIT,2,2,0,0
PGV,CLT,2,2,0,0
TAS,LHR,1,1,0,0
PXU,SGN,1,1,0,0
LXA,INC,1,1,0,0
AZI,FJR,1,1,0,0
AZI,ZDY,1,1,0,0
YIF,YBX,1,1,0,0
WAW,TRF,1,1,0,0
SJW,LJG,1,1,0,0
SJP,RAO,3,3,0,0
KID,ARN,1,1,0,1
DKR,FNA,2,2,0,0
YYT,YYR,2,2,0,1
NOS,DZA,1,1,0,0
YGW,YSK,1,1,0,0
STR,LHR,4,4,0,2
HKG,NRT,5,5,0,1
SYD,LAX,6,6,0,2
LAX,GRU,3,3,0,0
DCA,PHX,2,2,0,0
DFW,CZM,2,2,0,0
ORD,DOH,2,2,0,0
HSV,DFW,2,2,0,0
SYD,ICN,4,4,0,2
SFB,YNG,1,1,0,0
SSA,LAZ,1,1,0,0
LJU,ZRH,2,2,0,1
LED,DYU,4,4,0,0
LUX,CDG,2,2,0,1
BOD,AMS,3,3,0,1
TLS,LYS,3,3,0,1
MPL,CDG,2,2,0,1
RNS,SOU,2,2,0,1
BLR,CDG,1,1,0,0
SEA,LHR,8,8,0,2
SAV,ATL,6,6,0,5
ATL,BTV,3,3,0,3
CMH,ATL,8,8,0,6
DUS,CPH,4,4,0,2
FUE,TXL,1,1,0,0
MJT,MUC,1,1,0,0
DEL,LKO,6,6,0,2
PMI,LTN,3,3,0,0
TLV,TBS,3,3,0,0
TIP,MLA,2,2,0,0
CGO,MFM,2,2,0,0
CUU,GDL,2,2,0,1
BJX,MTY,2,2,0,1
KMI,HND,2,2,0,0
HGU,WWK,2,2,0,0
CMB,SHJ,3,3,0,0
RIX,BCN,1,1,0,0
IUE,AKL,1,1,0,0
VIE,AMS,2,2,0,1
MXP,JED,2,2,0,1
XMN,ZYI,1,1,0,0
YNT,TSN,2,2,0,0
URC,BPL,1,1,0,0
BHY,HAK,1,1,0,0
PPT,BOB,1,1,0,0
MNL,PEK,3,3,0,0
CAN,HFE,5,5,0,0
AUU,CNS,1,1,0,0
BCN,ORK,1,1,0,0
IOQ,AGM,1,1,0,0
KYP,RGN,1,1,0,0
AJA,PIS,1,1,0,0
SLC,LAS,3,3,0,1
BGO,BLL,1,1,0,1
ORD,MAN,5,5,0,3
CMH,FPO,1,1,0,0
SVX,KUF,2,2,0,0
MSQ,LGW,1,1,0,0
CFU,PVK,1,1,0,0
SAX,GHE,1,1,0,0
KIN,SXM,1,1,0,0
NAY,CSX,2,2,0,1
YNZ,TPE,3,3,0,1
CJU,SZX,1,1,0,0
CAN,HZH,1,1,0,0
CGO,BHY,1,1,0,0
URC,CKG,6,6,0,1
ZUH,CGO,2,2,0,0
MGF,CGR,1,1,0,0
FUE,HAJ,2,2,0,0
BOG,BAQ,3,3,0,1
ORY,BIA,2,2,0,0
DBV,CDG,1,1,0,0
PRG,AGP,1,1,0,0
YVR,AMS,2,2,0,1
YYC,SLC,1,1,0,1
CUN,BOS,5,5,0,1
SLC,MSN,1,1,0,1
DTW,APN,1,1,0,1
LBA,SOU,1,1,0,0
ELQ,CAI,4,4,0,0
GRU,DXB,1,1,0,0
CGK,PER,2,2,0,1
HEL,GDN,1,1,0,0
CPH,LGW,2,2,0,0
BIO,GVA,1,1,0,0
NTE,BSL,1,1,0,0
MXP,IBZ,1,1,0,0
EXT,BHD,1,1,0,0
LHR,CGN,1,1,0,0
STR,RHO,2,2,0,0
MAD,TNG,3,3,0,1
SCQ,TFN,1,1,0,1
BWI,LHR,4,4,0,2
TBZ,IFN,1,1,0,0
AMS,NRT,1,1,0,0
LAQ,TUN,2,2,0,0
SIN,SGN,5,5,0,0
CMB,DMM,3,3,0,2
TRN,OLB,1,1,0,0
LYS,LIG,1,1,0,0
CPH,RAK,1,1,0,0
TOS,LGW,1,1,0,0
KRK,TRD,1,1,0,0
ARN,PSA,1,1,0,0
MCT,LHE,3,3,0,0
SGN,PQC,3,3,0,0
SAW,ADA,2,2,0,1
ZAG,BUD,1,1,0,0
DOH,RUH,3,3,0,1
TNG,BCN,4,4,0,1
FMO,GRO,1,1,0,0
BRS,KUN,1,1,0,0
STN,SVQ,1,1,0,0
STN,OTP,1,1,0,0
ALC,KTW,1,1,0,0
BCN,VNO,2,2,0,0
BDS,CIA,1,1,0,0
AOI,AHO,1,1,0,0
COK,SIN,3,3,0,1
CHS,HOU,1,1,0,0
SMF,SAN,2,2,0,1
LAX,ZRH,2,2,0,1
MPM,LIS,1,1,0,0
MFM,DMK,1,1,0,0
BLL,IST,2,2,0,0
ERC,IST,1,1,0,0
JIB,MGQ,4,4,0,0
LPA,GLN,1,1,0,0
KGF,DME,1,1,0,0
SFO,MFR,1,1,0,1
SLC,SFO,2,2,0,0
RNO,DEN,3,3,0,1
GSP,PHL,2,2,0,2
MHK,ORD,2,2,0,1
GVA,KBP,1,1,0,0
TIJ,MEX,3,3,0,0
COO,DLA,4,4,0,0
YUL,YEG,2,2,0,0
EIN,SKP,1,1,0,0
GDN,GSE,1,1,0,0
CLJ,CIA,1,1,0,0
TSN,FOC,1,1,0,0
KRL,CKG,1,1,0,0
POA,CNF,1,1,0,0
MLE,DWC,1,1,0,0
SHH,WAA,1,1,0,1
BEG,SJJ,2,2,0,0
DME,CEE,1,1,0,0
SHX,ANI,2,2,0,1
NRT,ORD,6,6,0,0
UIO,MIA,2,2,0,0
SEA,MCO,2,2,0,1
HPN,ORD,3,3,0,3
CLT,LYH,2,2,0,0
CLT,PGV,2,2,0,0
OWB,SFB,1,1,0,0
ATL,CZM,5,5,0,4
NOU,NAN,1,1,0,0
GYD,KVD,1,1,0,0
BOM,NAG,5,5,0,2
MEX,CJS,3,3,0,0
OKA,KMI,1,1,0,1
SYZ,SHJ,1,1,0,0
HBE,SHJ,1,1,0,0
YEG,LHR,2,2,0,1
YYZ,YWG,3,3,0,1
OSL,RIX,3,3,0,1
PRA,AEP,2,2,0,1
BOG,RCH,1,1,0,0
SON,VLI,1,1,0,0
THR,KSH,3,3,0,0
MAR,VLN,2,2,0,0
LYI,DLC,1,1,0,0
PEK,WAW,2,2,0,1
PEK,LZH,2,2,0,1
CAN,TAO,5,5,0,1
KMG,CGO,7,7,0,1
SJW,INC,2,2,0,1
NCE,DUB,2,2,0,0
OSS,URC,2,2,0,0
CNP,OBY,1,1,0,0
MLH,LYS,1,1,0,0
ORY,CFR,1,1,0,0
AMS,PUJ,1,1,0,0
POM,PNP,2,2,0,0
MCI,MDW,2,2,0,1
TUS,SJC,1,1,0,1
AUS,MCO,4,4,0,2
STL,DFW,3,3,0,1
LCY,EDI,1,1,0,1
DBV,LGW,5,5,0,0
BGY,TIA,1,1,0,0
RDN,SZB,1,1,0,0
HAN,MNL,1,1,0,0
TPE,WUH,3,3,0,0
DAC,KMG,1,1,0,0
DAD,KMG,1,1,0,0
CSX,WUX,2,2,0,0
SHA,ZUH,4,4,0,0
PVG,HRB,5,5,0,0
JFK,PVG,2,2,0,0
XUZ,TPE,2,2,0,0
SWA,CSX,2,2,0,0
ZUH,YIW,1,1,0,0
COR,GRU,1,1,0,0
GYN,GIG,1,1,0,0
MGF,GRU,1,1,0,0
EDI,CWL,2,2,0,1
FRA,XRY,2,2,0,0
HAM,RHO,1,1,0,0
SCL,PTY,1,1,0,0
KZN,FRU,1,1,0,0
LGA,SRQ,2,2,0,0
CLT,MSP,3,3,0,0
CTU,JGS,1,1,0,0
NIM,NDJ,1,1,0,1
PNR,ADD,1,1,0,0
LGW,EFL,1,1,0,0
NAP,SXF,1,1,0,0
OSL,HEL,3,3,0,1
JED,KUL,4,4,0,0
PGA,DEN,3,3,0,2
ERF,FUE,1,1,0,0
PEK,UYN,1,1,0,0
CSX,PEK,5,5,0,1
XMN,CSX,8,8,0,1
NZH,HTA,1,1,0,0
LPA,NKC,1,1,0,0
SUB,PEN,1,1,0,0
LHR,IKA,1,1,0,0
MHD,KWI,3,3,0,0
RAS,SYZ,1,1,0,0
ZAH,SYZ,1,1,0,0
BFS,TFS,2,2,0,0
AMS,KBP,2,2,0,0
ATL,VLD,3,3,0,3
SBN,ATL,3,3,0,3
CJU,HIN,2,2,0,0
ICN,CTS,4,4,0,1
PKU,BTH,2,2,0,0
GOT,FCO,1,1,0,0
KHI,LHE,3,3,0,0
HFE,TPE,2,2,0,0
CMN,PNR,1,1,0,0
VIL,CMN,1,1,0,0
BRS,GDN,1,1,0,0
AGP,NUE,1,1,0,0
ZTH,CRL,1,1,0,0
PDL,AMS,1,1,0,0
LIS,SMA,2,2,0,1
DME,AER,3,3,0,0
SIN,CSX,2,2,0,1
FAO,OSL,1,1,0,0
GYD,TBS,2,2,0,0
TBZ,MED,1,1,0,0
AJF,RUH,1,1,0,0
STL,GRR,2,2,0,1
STL,CMH,2,2,0,1
JAX,DEN,1,1,0,0
ZRH,LUX,1,1,0,0
PEK,GYS,2,2,0,1
BOS,ACY,1,1,0,0
BOG,APO,1,1,0,0
DJE,GVA,1,1,0,0
KHI,IST,1,1,0,0
SAW,VAN,2,2,0,1
PMI,GRQ,2,2,0,0
SVP,VPE,1,1,0,0
DKR,IAD,3,3,0,1
GHB,FLL,2,2,0,1
EWR,MKE,1,1,0,1
IAH,EZE,1,1,0,0
IAD,TUL,1,1,0,1
FLL,CLT,2,2,0,0
JAX,MIA,2,2,0,1
PHL,SYR,2,2,0,1
DLI,SGN,2,2,0,0
HMO,MEX,4,4,0,0
VDS,TOS,1,1,0,0
CLJ,CRL,1,1,0,0
VNO,BVA,2,2,0,0
TNA,LJG,1,1,0,0
ISB,HEA,1,1,0,0
DXB,KJA,1,1,0,0
OVS,EYK,1,1,0,0
EIS,NEV,1,1,0,0
ICN,CNX,3,3,0,0
OLB,GOA,1,1,0,0
YNO,YHP,1,1,0,0
BOG,CUR,1,1,0,0
CLO,GPI,2,2,0,1
NRT,FCO,1,1,0,0
QSF,ALG,1,1,0,0
HGU,LAE,1,1,0,0
LCY,GRX,2,2,0,1
PPS,DVO,1,1,0,0
BKK,KMG,2,2,0,0
CZX,DLC,1,1,0,0
SZX,DPS,1,1,0,0
URC,KWE,1,1,0,0
CCS,LFR,1,1,0,0
MBJ,PTY,1,1,0,0
ADD,PNR,1,1,0,0
GDQ,ADD,1,1,0,0
WAW,ZAD,1,1,0,0
TBS,BUS,1,1,0,0
DUS,EBL,1,1,0,0
BRE,AYT,1,1,0,0
STR,PRN,1,1,0,0
CCU,PNQ,1,1,0,0
ICN,TAE,1,1,0,0
MUC,FMO,1,1,0,1
VLN,AUA,2,2,0,0
RIA,URG,1,1,0,0
ASM,NBO,1,1,0,0
DLC,YNT,1,1,0,0
STN,LDY,1,1,0,0
BLL,PMI,1,1,0,0
REU,EMA,1,1,0,0
VLC,HHN,1,1,0,0
PMO,SVQ,1,1,0,0
TSF,BUD,1,1,0,0
KUN,MLA,1,1,0,0
SPN,PVG,1,1,0,0
FLL,AUA,1,1,0,0
TPA,ACY,1,1,0,0
BOG,VGZ,1,1,0,0
UKB,YGJ,1,1,0,0
LHE,IST,1,1,0,0
ROR,YAP,1,1,0,0
ROC,CLE,1,1,0,1
SOJ,HFT,1,1,0,0
CWL,RHO,1,1,0,0
DLC,DOY,1,1,0,0
KKI,KWT,1,1,0,1
NYO,AHO,1,1,0,0
YKU,YGW,1,1,0,0
BZN,AZA,1,1,0,0
SVO,KRK,1,1,0,0
FRA,WDH,1,1,0,0
FAO,TXL,1,1,0,0
SEZ,PRI,1,1,0,0
PEK,CTS,2,2,0,1
ROT,CHC,1,1,0,1
AWZ,MHD,3,3,0,0
NZH,HET,1,1,0,0
TAO,WUS,2,2,0,1
IRG,AUU,1,1,0,0
ALG,ETZ,1,1,0,0
DUB,IBZ,2,2,0,0
CDG,ORK,1,1,0,0
CFU,DUB,1,1,0,0
UAK,JFR,1,1,0,0
NAQ,SRK,1,1,0,0
AJA,DCM,1,1,0,0
PAC,OGM,1,1,0,0
HKG,VVO,2,2,0,0
LZO,CSX,2,2,0,1
HRG,MUC,1,1,0,0
JNB,ATL,1,1,0,0
TPA,CVG,1,1,0,0
SXF,BRS,1,1,0,0
NCL,BRS,1,1,0,0
YBK,YUT,1,1,0,0
YHI,YCO,1,1,0,0
IOM,BHX,1,1,0,0
BMI,MCO,1,1,0,0
CGK,PEK,1,1,0,0
BUD,MAN,2,2,0,0
LST,BNE,1,1,0,0
LAD,NBO,1,1,0,0
ARN,WAW,1,1,0,0
FRA,BHX,1,1,0,0
TAS,KUL,2,2,0,1
ARN,TLV,1,1,0,0
AJA,ARN,1,1,0,0
OAK,ARN,1,1,0,1
ARN,SAW,1,1,0,0
ZAM,JOL,1,1,0,0
LTN,DUB,1,1,0,0
SVQ,PSA,1,1,0,0
DLE,LIS,1,1,0,0
PMI,WMI,1,1,0,0
JNB,LLW,1,1,0,0
KCO,ESB,1,1,0,1
CDG,SAW,1,1,0,0
IST,KYA,1,1,0,0
ICT,IAH,1,1,0,1
CPR,DEN,1,1,0,1
KBP,JFK,1,1,0,0
MMX,KTW,1,1,0,0
BGY,SKP,1,1,0,0
PKN,CGK,1,1,0,0
CPT,PBZ,1,1,0,0
YXL,KIF,1,1,0,0
MAA,LHR,2,2,0,1
DOH,JFK,2,2,0,0
HGR,SFB,1,1,0,0
LAZ,GNM,1,1,0,0
GYD,FCO,2,2,0,1
FAO,MUC,4,4,0,1
AYT,LBA,1,1,0,0
MXP,BRS,1,1,0,0
KMI,NGO,1,1,0,0
AEP,CPC,1,1,0,1
CPC,AEP,1,1,0,1
BKI,SDK,2,2,0,0
RGN,KYP,1,1,0,0
TNR,TMM,1,1,0,0
YKS,KHV,1,1,0,0
TBS,MSQ,1,1,0,0
BRU,EDI,1,1,0,0
BOS,PVC,1,1,0,0
BIL,OLF,1,1,0,0
AOG,PVG,2,2,0,1
SIN,FOC,2,2,0,1
DPS,CAN,1,1,0,0
GYN,BSB,2,2,0,0
PMV,VIG,1,1,0,0
PTY,SAP,1,1,0,0
SLC,CNY,1,1,0,1
MLI,MSP,1,1,0,1
KHH,CAN,1,1,0,1
MAN,CAI,1,1,0,0
FCO,HAM,2,2,0,0
TFS,VGO,1,1,0,0
IFN,KWI,1,1,0,0
TAS,OMS,1,1,0,0
FLL,PVD,2,2,0,0
NBO,LOS,1,1,0,0
LIM,TCQ,1,1,0,1
DME,NBE,2,2,0,0
MCT,KTM,1,1,0,0
KHI,DMM,2,2,0,0
ISB,DOH,1,1,0,0
WYA,ADL,1,1,0,0
BRS,WMI,1,1,0,0
BLQ,ACE,1,1,0,0
SFO,ZRH,2,2,0,1
VKO,SVX,1,1,0,0
TET,MPM,1,1,0,0
OMS,HMA,1,1,0,0
WBB,KOT,1,1,0,1
CVG,ORD,4,4,0,3
DFW,HOU,2,2,0,0
CDG,BES,2,2,0,1
MUC,KVA,1,1,0,0
NUE,DJE,1,1,0,0
TUO,WLG,1,1,0,1
AEP,IGR,2,2,0,0
IRJ,AEP,1,1,0,1
CLO,MDE,1,1,0,0
TWB,SGO,1,1,0,0
YSB,YYB,1,1,0,0
BEY,MSQ,1,1,0,0
BRU,BRS,1,1,0,1
LPA,SPC,1,1,0,0
MAA,HKG,1,1,0,0
STR,ACE,2,2,0,0
VLN,PTY,1,1,0,0
CCU,PBH,1,1,0,0
HUY,ABZ,1,1,0,0
KOC,GEA,1,1,0,0
NGB,LJG,1,1,0,0
HER,NCL,1,1,0,0
NBO,ZNZ,2,2,0,1
LHE,DMM,2,2,0,0
KRK,DTM,1,1,0,0
NYO,SKG,1,1,0,0
BCN,EMA,1,1,0,0
BVA,FEZ,1,1,0,0
PSR,CRL,1,1,0,0
TPS,BGY,1,1,0,0
FMM,CHQ,1,1,0,0
KIM,JNB,1,1,0,1
SWA,CKG,1,1,0,0
IST,ASR,1,1,0,0
GCM,EWR,1,1,0,0
AUA,IAD,1,1,0,0
SFO,BOI,1,1,0,1
IND,IAH,1,1,0,0
ORD,CAE,1,1,0,1
GOJ,TAS,1,1,0,0
JFK,KBP,1,1,0,0
BGY,SOF,1,1,0,0
OTP,TSF,1,1,0,0
DXB,HBE,1,1,0,0
SJP,BSB,1,1,0,0
YVB,YYY,1,1,0,0
YQB,PHL,2,2,0,2
LGA,CHO,3,3,0,3
LCA,MLA,2,2,0,1
SVX,KZN,1,1,0,0
SEA,RNO,2,2,0,1
FAT,SAN,1,1,0,1
XIY,JIC,1,1,0,0
XMN,FUG,1,1,0,0
TWB,BNE,1,1,0,0
MNL,OZC,3,3,0,0
UTP,HKT,1,1,0,0
BKK,REP,2,2,0,0
NAY,XFN,2,2,0,1
WUH,SWA,1,1,0,0
PTY,REC,1,1,0,0
APN,DTW,1,1,0,1
CDG,BIQ,1,1,0,0
SJO,DEN,1,1,0,0
MAH,BRU,1,1,0,0
OMS,NUX,1,1,0,0
CDG,LBA,1,1,0,0
ORD,WAW,1,1,0,0
RUH,GIZ,2,2,0,0
LHE,KHI,3,3,0,0
RMA,CTL,1,1,0,1
SYD,NRA,1,1,0,0
RYG,BLQ,1,1,0,0
NYO,BIQ,1,1,0,0
BNA,SAN,1,1,0,0
EYW,MSY,1,1,0,0
MCO,MHT,1,1,0,0
CTU,DSN,1,1,0,0
PBM,GEO,1,1,0,0
BKK,DPS,1,1,0,0
IST,HAM,1,1,0,0
IST,KBL,1,1,0,0
EQS,BRC,1,1,0,0
LAX,SBP,1,1,0,1
IAD,SEA,1,1,0,0
DEN,RAP,1,1,0,1
VLC,SOF,1,1,0,0
PRG,ORY,1,1,0,0
ARU,VCP,1,1,0,0
BFJ,CKG,1,1,0,0
JIB,HGA,1,1,0,0
PHX,TUS,2,2,0,2
UBJ,ICN,1,1,0,0
DNK,SVO,1,1,0,0
KJA,SVO,1,1,0,0
TLC,GDL,1,1,0,1
YYT,YUL,1,1,0,0
HLZ,CHC,1,1,0,1
EZE,USH,1,1,0,0
CLO,SAL,1,1,0,0
MYY,PEN,1,1,0,0
NHV,PPT,1,1,0,0
CTU,KTM,1,1,0,0
PUJ,BWI,1,1,0,0
VDE,TFS,1,1,0,0
SVO,BOJ,1,1,0,0
KIX,RMQ,1,1,0,0
EZE,FOR,1,1,0,0
DBV,VCE,1,1,0,0
RDU,CVG,1,1,0,0
SCE,DTW,1,1,0,1
NCE,STN,1,1,0,0
LAD,MAD,1,1,0,0
BOS,AUA,1,1,0,0
TLV,NAP,1,1,0,0
ISB,MXP,1,1,0,0
DOH,CPH,1,1,0,0
CMN,LAD,1,1,0,0
RYG,CFU,1,1,0,0
KRK,LBA,1,1,0,0
MRS,CHQ,1,1,0,0
GVA,IAD,2,2,0,1
PRG,SPU,1,1,0,0
LIR,IAH,1,1,0,0
CLE,IAH,1,1,0,0
TAS,DEL,1,1,0,0
HNH,GST,1,1,0,0
UCT,LED,1,1,0,0
NTE,PGF,1,1,0,0
ATL,MSL,1,1,0,0
SVO,BUD,1,1,0,0
TLS,SXB,1,1,0,0
NOU,PPT,1,1,0,0
HMO,LMM,1,1,0,1
MAS,MAG,1,1,0,0
CSH,ARH,1,1,0,1
SON,WLH,1,1,0,0
XIY,ZYI,1,1,0,0
JHS,SFJ,1,1,0,0
CUN,YQB,1,1,0,0
ADZ,MDE,1,1,0,1
SLC,STL,1,1,0,0
MHT,LGA,1,1,0,0
DXB,BCN,1,1,0,0
ADD,LOS,1,1,0,0
BEY,ADD,1,1,0,0
HAM,SPU,1,1,0,0
HAN,PUS,2,2,0,0
FRA,BIA,1,1,0,0
BJM,EBB,1,1,0,0
SZZ,OSL,1,1,0,0
ALC,HEL,1,1,0,0
MAD,CIA,1,1,0,0
EFL,STN,1,1,0,0
MLA,BLQ,1,1,0,0
AOI,TPS,1,1,0,0
ORY,PDL,1,1,0,0
OSL,IST,2,2,0,0
ELP,LAS,1,1,0,0
ACC,IST,1,1,0,0
KOA,SFO,1,1,0,0
IAH,OAX,1,1,0,1
COS,ORD,1,1,0,1
SVX,DXB,1,1,0,0
CKG,XFN,1,1,0,0
YGL,YGW,1,1,0,0
YMO,YKQ,1,1,0,0
GSP,PIE,1,1,0,0
KIX,CDG,1,1,0,0
BRU,MLA,2,2,0,1
ELQ,SHJ,1,1,0,0
WLG,WRE,1,1,0,1
BOI,SMF,1,1,0,1
SEA,BIL,1,1,0,1
VIE,VAR,1,1,0,1
YYQ,YTH,2,2,0,1
FAE,CPH,1,1,0,0
LYB,GCM,1,1,0,0
ATL,GIG,2,2,0,1
MSP,SLC,1,1,0,0
SVQ,BSL,1,1,0,0
NTE,FCO,4,4,0,1
CAG,STR,1,1,0,0
CTS,HNA,1,1,0,1
PLW,SUB,1,1,0,0
MUR,ODN,1,1,0,1
LWY,BKM,1,1,0,1
EBB,DOH,1,1,0,0
DOH,CKG,1,1,0,0
BHX,BTS,1,1,0,0
PIK,IBZ,1,1,0,0
SZZ,DUB,1,1,0,0
RIX,IST,1,1,0,0
EBL,AMS,1,1,0,0
POS,EWR,1,1,0,0
IAH,GSP,1,1,0,1
TLV,CLJ,1,1,0,0
TSR,LTN,1,1,0,0
DYU,DEL,1,1,0,0
KGA,FBM,1,1,0,0
LJU,BEG,1,1,0,0
LHE,YYZ,1,1,0,0
CDG,BLR,1,1,0,0
HAM,IBZ,1,1,0,0
INN,PMI,2,2,0,1
MMB,NGO,1,1,0,0
OKA,UKB,2,2,0,1
PLS,YUL,1,1,0,0
SEA,YYJ,1,1,0,1
TSN,SHE,1,1,0,0
CGQ,CTU,2,2,0,1
DUB,GLA,1,1,0,1
LKB,SUV,1,1,0,1
JKH,RHO,1,1,0,0
BNE,TPE,2,2,0,0
HKG,KHN,1,1,0,0
PVG,FSZ,2,2,0,1
LHR,RJK,1,1,0,0
CUN,CVG,1,1,0,0
SLC,IND,1,1,0,0
DAR,CAI,1,1,0,0
KRK,ZRH,1,1,0,0
MAN,SKG,1,1,0,0
SEN,AMS,1,1,0,0
BHX,EDI,1,1,0,0
HGH,KOW,1,1,0,0
BLK,AGP,1,1,0,0
CUN,LIM,1,1,0,1
OPO,LUX,2,2,0,1
IKA,CAN,1,1,0,0
ODN,MUR,1,1,0,1
RIX,TRD,1,1,0,0
LHR,LHE,1,1,0,0
GWD,KHI,1,1,0,0
DAR,MBI,1,1,0,0
LBV,KGL,1,1,0,0
DUB,CHQ,1,1,0,0
MRS,VLC,1,1,0,0
PSA,EDI,1,1,0,0
BTS,BGY,1,1,0,0
NRN,STN,1,1,0,0
ESU,MRS,1,1,0,0
WMI,BGY,1,1,0,0
BKK,CPH,2,2,0,0
ACY,MYR,1,1,0,0
PPK,ALA,1,1,0,0
TAM,IAH,1,1,0,1
DCA,EWR,1,1,0,1
ORD,SJO,1,1,0,0
MBJ,LGW,1,1,0,0
GDN,AES,1,1,0,0
KIN,SDQ,1,1,0,0
MXX,EVG,1,1,0,1
JNB,MGH,1,1,0,0
NTE,FUE,1,1,0,0
IAD,CMH,1,1,0,1
LEX,PIE,1,1,0,0
SFB,ABE,1,1,0,0
NUE,FUE,1,1,0,0
ZRH,HEL,2,2,0,0
BBI,IXZ,1,1,0,0
BHX,LEI,1,1,0,0
MEX,LMM,1,1,0,1
CTS,MMB,2,2,0,1
POM,NAN,1,1,0,0
SHJ,TIF,1,1,0,0
OVB,SVX,5,5,0,0
RNO,SEA,2,2,0,1
PEK,SGN,1,1,0,0
ALG,BSK,1,1,0,0
THU,NAQ,1,1,0,0
CUN,AMS,1,1,0,0
VOZ,LED,2,2,0,0
MSQ,ARN,1,1,0,0
TPA,GCM,1,1,0,0
JZH,XIY,1,1,0,0
LZH,SYX,1,1,0,0
FRA,POP,1,1,0,0
SDQ,ATL,1,1,0,0
ORD,AMS,4,4,0,2
SSG,ADD,2,2,0,1
MUC,EDI,1,1,0,0
AGP,BIO,2,2,0,1
DEN,PSP,2,2,0,1
MCO,ILG,1,1,0,0
HFE,SYX,1,1,0,0
GOT,IKA,1,1,0,0
GLA,BCN,1,1,0,0
PVG,YNY,1,1,0,0
MHC,PMC,1,1,0,0
ZNE,PER,2,2,0,0
SAH,AMM,2,2,0,0
SNN,PMI,1,1,0,0
BLL,CHQ,1,1,0,0
BGY,RAK,1,1,0,0
TFN,CCS,1,1,0,0
LTX,OCC,1,1,0,0
PRG,LIS,1,1,0,0
MDL,DMK,1,1,0,0
SFO,MSY,1,1,0,0
IAH,ACA,1,1,0,1
HET,KHN,1,1,0,0
CUN,TGZ,1,1,0,0
TBT,MAO,1,1,0,0
LGW,HME,1,1,0,1
YCL,YHZ,1,1,0,0
ZRH,ALC,1,1,0,0
LMM,MEX,1,1,0,1
AKL,KAT,1,1,0,1
PSP,SEA,1,1,0,0
MMK,TOS,1,1,0,1
GIG,FCO,1,1,0,0
JNB,BBK,2,2,0,1
INC,KWE,1,1,0,0
BOB,MOZ,1,1,0,0
ALG,GVA,1,1,0,0
BLJ,MRS,1,1,0,0
GOH,KUS,1,1,0,0
VCE,YYZ,1,1,0,0
DAC,RGN,1,1,0,0
HET,TAO,1,1,0,0
CGD,PEK,1,1,0,0
CHA,DTW,1,1,0,1
LGA,CVG,1,1,0,0
MSP,SAT,1,1,0,1
ADD,SZE,1,1,0,0
AXU,LLI,1,1,0,0
LPL,LIS,1,1,0,0
LGW,BFS,1,1,0,0
GVA,PMI,2,2,0,0
NCL,BHD,1,1,0,0
GLA,BRR,1,1,0,1
HAM,DBV,1,1,0,0
FUE,LBA,2,2,0,0
GYE,SCL,1,1,0,0
FRA,DMM,1,1,0,1
LYS,MUC,1,1,0,1
HEL,CHQ,1,1,0,0
BGY,SAW,1,1,0,0
BNE,BME,1,1,0,0
NDR,BRU,2,2,0,0
LOS,KGL,1,1,0,0
HHN,FAO,1,1,0,0
DUB,VLC,1,1,0,0
BZR,RYG,1,1,0,0
BGY,NYO,1,1,0,0
CPH,TRF,2,2,0,1
JED,ALG,1,1,0,0
SVO,SSH,1,1,0,0
CLL,IAH,1,1,0,1
TSF,TSR,1,1,0,0
DXB,NJF,1,1,0,0
DWC,AMD,1,1,0,0
KWK,KPN,1,1,0,1
JNU,EXI,1,1,0,0
DFW,AMA,2,2,0,1
ABE,CLT,2,2,0,2
AAQ,SVO,1,1,0,0
MRS,SVO,1,1,0,0
CTA,VCE,3,3,0,1
KUL,HDY,1,1,0,0
LBS,SUV,1,1,0,1
LCY,DUS,1,1,0,0
LCY,MAD,2,2,0,2
USM,KBV,1,1,0,0
HKG,MXP,1,1,0,0
PVG,TNA,1,1,0,0
DSN,HRB,1,1,0,0
LYG,XUZ,1,1,0,0
PMV,STD,1,1,0,0
GIG,PTY,1,1,0,0
BOS,IND,1,1,0,1
DTW,GRR,1,1,0,0
LGW,DUS,1,1,0,0
SEN,PMI,1,1,0,0
AMS,BFS,1,1,0,0
IBZ,SEN,1,1,0,0
YUL,YVP,1,1,0,0
MAN,INV,1,1,0,0
BIO,BCN,2,2,0,1
ZAH,ZBR,1,1,0,0
LGL,MYY,1,1,0,1
OSL,SPU,1,1,0,0
KWI,TIF,1,1,0,0
BSB,AJU,1,1,0,0
MAN,DOH,2,2,0,0
LBA,MPL,1,1,0,0
EDI,BTS,1,1,0,0
VST,ALC,1,1,0,0
CFU,BRE,1,1,0,0
SKG,NYO,1,1,0,0
DIW,KCT,1,1,0,0
JAX,LAS,1,1,0,0
BQN,FLL,1,1,0,0
VCE,IST,1,1,0,0
KHH,KNH,1,1,0,0
GAN,CMB,1,1,0,0
IEV,VLC,1,1,0,0
HBE,DXB,1,1,0,0
NYA,EYK,1,1,0,0
KIX,MYJ,1,1,0,0
BOD,FLR,1,1,0,0
GIG,MIA,3,3,0,0
JFK,CCS,1,1,0,0
HER,BOD,1,1,0,0
ATH,BRU,2,2,0,0
SHJ,KTM,1,1,0,0
MEX,YVR,1,1,0,0
COS,SEA,1,1,0,0
ISP,BOS,2,2,0,0
ALW,SEA,1,1,0,1
SGN,FRA,2,2,0,1
TUB,RUR,1,1,0,0
ALG,HRM,1,1,0,0
BMW,AZR,1,1,0,0
TSE,OVB,1,1,0,0
NTE,LIL,1,1,0,0
AMS,BON,1,1,0,0
YCU,WUH,1,1,0,0
NYT,KMG,1,1,0,0
DLU,KWE,1,1,0,0
PTY,UIO,1,1,0,0
MSP,TUS,1,1,0,0
PIA,DTW,1,1,0,1
CTU,LZH,1,1,0,0
CZM,DEN,1,1,0,0
DUS,LBA,1,1,0,0
LGB,AUS,1,1,0,0
LGB,JFK,1,1,0,0
MUC,GOA,1,1,0,0
RHO,LUX,1,1,0,0
TGC,KCH,1,1,0,1
KRP,CPH,1,1,0,0
LOS,CMN,1,1,0,0
HHN,GRO,1,1,0,0
STN,ORK,1,1,0,0
TRF,PSA,1,1,0,0
BVA,PSA,1,1,0,0
XCR,RAK,1,1,0,0
TPS,TRS,1,1,0,0
MLA,EDI,1,1,0,0
FKB,OPO,1,1,0,0
ZUH,CZX,1,1,0,0
CCS,TFN,1,1,0,0
ESM,GYE,1,1,0,0
IST,ADF,1,1,0,0
RAK,RTM,1,1,0,0
TKK,GUM,1,1,0,0
HRL,IAH,1,1,0,1
SSJ,BNN,1,1,0,0
IEV,DTM,1,1,0,0
DWC,KIV,1,1,0,0
GOM,BNC,1,1,0,0
TLC,LAS,1,1,0,0
CDG,VNO,1,1,0,0
NAP,GOA,1,1,0,0
KTB,CGA,1,1,0,0
CAN,AVA,1,1,0,0
CGN,EDI,1,1,0,0
IOA,ATH,2,2,0,1
SVO,SVX,1,1,0,0
FRA,CDG,2,2,0,0
HEL,DUS,2,2,0,2
MAG,VAI,1,1,0,0
VIE,SJJ,1,1,0,1
VRN,FCO,1,1,0,0
PEK,TAE,1,1,0,0
KIV,AER,1,1,0,0
VOG,LED,1,1,0,0
VDE,TFN,1,1,0,0
SYX,NKG,3,3,0,0
ONT,SLC,1,1,0,0
KUL,HGH,1,1,0,0
DEN,SBA,2,2,0,1
PGA,IGM,1,1,0,0
HND,SGN,1,1,0,0
GBE,NBO,1,1,0,0
ZMT,YVR,1,1,0,0
ELQ,DOH,1,1,0,0
MAN,KRK,1,1,0,0
BRS,VLC,1,1,0,0
CAG,PSA,1,1,0,0
PMI,SDR,1,1,0,0
AUS,BNA,1,1,0,0
LMC,VVC,1,1,0,0
HIR,GZO,1,1,0,0
QRO,IAH,1,1,0,1
SFO,STL,1,1,0,0
CLE,GSP,1,1,0,1
CNF,RAO,1,1,0,0
KWE,ACX,1,1,0,0
CWB,MVD,1,1,0,0
OTP,WAW,2,2,0,0
MEM,EWR,1,1,0,1
DFW,GJT,2,2,0,1
VEE,ARC,1,1,0,0
SVO,KGD,1,1,0,0
SVO,OMS,1,1,0,0
GWT,DUS,1,1,0,0
JFK,DEL,1,1,0,0
VIE,NRT,2,2,0,1
HIJ,SDJ,2,2,0,1
BNE,WLG,2,2,0,1
HNL,BLI,1,1,0,0
SAP,JFK,1,1,0,0
GYE,BOG,2,2,0,1
CIF,TSN,2,2,0,0
KXU,PPT,1,1,0,0
JJU,LLU,1,1,0,0
ALA,SVO,1,1,0,0
HGU,TIZ,1,1,0,0
UNG,DAU,1,1,0,0
KHG,XIY,1,1,0,0
DLC,CSX,1,1,0,0
BHM,LGA,1,1,0,1
DXB,HKT,1,1,0,0
ASO,ADD,1,1,0,0
BDS,MXP,1,1,0,0
BRE,STR,1,1,0,0
ZFN,YWJ,1,1,0,0
BOD,MAD,1,1,0,1
PGU,AWZ,1,1,0,0
AOJ,ITM,1,1,0,1
MUC,KIV,1,1,0,1
BKK,IKA,1,1,0,0
KUL,MLE,1,1,0,0
PUS,KLO,2,2,0,0
BNE,EMD,2,2,0,1
MAN,RZE,1,1,0,0
NYO,BZR,1,1,0,0
BVA,BTS,1,1,0,0
CAG,TSF,1,1,0,0
BLQ,RYG,1,1,0,0
PSA,TPS,1,1,0,0
POZ,CPH,1,1,0,0
MCI,OAK,1,1,0,0
NKG,MIG,1,1,0,0
CGH,IOS,1,1,0,0
ETZ,MRS,1,1,0,0
KLX,AMS,1,1,0,0
AER,VKO,1,1,0,0
SGU,DEN,1,1,0,1
BNN,SSJ,1,1,0,0
MGQ,NBO,1,1,0,0
NAT,CNF,1,1,0,0
KOO,FMI,1,1,0,0
NUL,KAL,1,1,0,1
TYF,HFS,1,1,0,1
FMM,SKP,1,1,0,0
LGA,BNA,4,4,0,2
PIE,DSM,1,1,0,0
NTE,MAN,2,2,0,1
VFA,WDH,1,1,0,0
RUH,TRV,1,1,0,0
EMA,AGP,3,3,0,0
PEU,TGU,1,1,0,0
BRS,HAM,1,1,0,0
HMO,CJS,1,1,0,1
MDU,POM,1,1,0,0
SMF,BOI,1,1,0,1
KUL,PKU,1,1,0,0
BEG,FCO,3,3,0,0
GUW,TSE,2,2,0,0
SGN,CAN,2,2,0,0
FUG,CAN,1,1,0,0
CGH,CNF,2,2,0,0
IKT,OSS,1,1,0,0
SYD,KUL,2,2,0,0
TTE,UPG,3,3,0,0
RHO,LGG,1,1,0,0
MAD,ORN,1,1,0,0
HND,MMY,1,1,0,0
PUJ,SJU,2,2,0,0
HER,LUX,1,1,0,0
DME,KBP,2,2,0,0
TCR,MAA,1,1,0,0
EGM,RBV,1,1,0,0
VIX,BSB,1,1,0,0
ATQ,ASB,1,1,0,0
EWR,LIR,1,1,0,0
IAH,ZIH,1,1,0,1
ORD,SRQ,1,1,0,0
IPN,GRU,1,1,0,0
KTM,KEP,1,1,0,0
OUZ,NKC,1,1,0,0
MRY,PHX,2,2,0,2
BMI,SFB,1,1,0,0
DME,SKG,3,3,0,0
EXT,CDG,2,2,0,1
BKO,CDG,1,1,0,0
BOG,CDG,1,1,0,0
GYD,OVB,2,2,0,0
IBZ,CGN,2,2,0,0
HER,LNZ,2,2,0,0
NRT,VIE,2,2,0,1
AKL,TUO,1,1,0,1
ANC,SDP,2,2,0,1
DUS,GRZ,2,2,0,2
CUN,SAL,1,1,0,0
MTR,BOG,2,2,0,1
MCO,DUB,1,1,0,0
BWI,ISP,2,2,0,1
BKK,MLE,1,1,0,0
WAA,OME,2,2,0,1
BRU,MUC,2,2,0,1
CYZ,MNL,1,1,0,0
YFB,YAB,1,1,0,0
BAH,IST,2,2,0,0
STR,MAH,1,1,0,0
SVG,KEF,1,1,0,0
SUB,DMK,1,1,0,0
MSJ,HND,1,1,0,0
DYG,TSN,1,1,0,0
SYD,MIM,1,1,0,0
BKO,CMN,1,1,0,0
ZAD,MAN,1,1,0,0
IBZ,PIK,1,1,0,0
BVA,PSR,1,1,0,0
LIS,STN,1,1,0,0
BTS,CRL,1,1,0,0
SPB,SSB,1,1,0,0
NDJ,KAN,1,1,0,0
ELP,DAL,1,1,0,0
HRL,SAT,1,1,0,0
MCO,FNT,1,1,0,0
BHX,ZRH,1,1,0,0
DWC,OVB,1,1,0,0
SAP,EWR,1,1,0,0
GOJ,DWC,1,1,0,0
MRS,RUN,1,1,0,0
SGC,DYU,1,1,0,0
PVG,IBR,1,1,0,0
AIN,BRW,1,1,0,1
ATL,MEI,1,1,0,0
LWB,ATL,1,1,0,0
CLE,IND,1,1,0,1
MAB,TUR,1,1,0,0
RGN,HEH,3,3,0,0
OKA,PUS,1,1,0,0
SFB,IAG,1,1,0,0
SFB,PHF,1,1,0,0
TOF,SVO,1,1,0,0
BSR,SHJ,1,1,0,0
YLW,LAX,2,2,0,2
PTH,AKN,1,1,0,0
SEA,EAT,1,1,0,1
SJU,BOG,1,1,0,0
SON,LOD,1,1,0,0
ULB,CCV,1,1,0,0
JER,DUB,1,1,0,1
ORK,LIS,1,1,0,0
DUB,MCO,1,1,0,0
MNL,HAN,1,1,0,0
URC,TBS,1,1,0,0
CNF,MOC,2,2,0,0
IND,SLC,1,1,0,0
GLA,BFS,1,1,0,0
MAN,WAT,1,1,0,0
LRR,KWI,1,1,0,0
MAN,PSA,1,1,0,0
RMQ,HGH,2,2,0,0
ARN,VCE,1,1,0,0
DBV,OSL,1,1,0,0
MBI,DAR,1,1,0,0
NNG,KHH,2,2,0,0
CMN,DLA,1,1,0,0
HHN,ACE,1,1,0,0
EDI,MRS,1,1,0,0
NOC,LTN,1,1,0,0
ALC,TMP,1,1,0,0
AGP,HAU,1,1,0,0
OVB,FRA,1,1,0,0
PZU,CAI,1,1,0,0
LQM,PUU,1,1,0,0
LPD,LET,1,1,0,0
MXP,IST,1,1,0,0
KGS,AMS,1,1,0,0
KWA,PNI,1,1,0,0
EWR,PVR,1,1,0,0
IAH,ABQ,1,1,0,0
DEN,GTF,1,1,0,1
CHS,CLE,1,1,0,1
ORD,PNS,1,1,0,1
TRF,OTP,1,1,0,0
ADE,RUH,1,1,0,0
KJA,TGP,1,1,0,0
NJC,TJM,1,1,0,0
YHU,YQB,1,1,0,0
YYR,YBX,1,1,0,0
AKV,YIK,1,1,0,0
PHX,ANC,2,2,0,0
OAK,PVU,1,1,0,0
GSO,SFB,1,1,0,0
NBO,CDG,2,2,0,1
TXL,MAH,1,1,0,0
CTS,OKJ,2,2,0,1
HND,MYJ,2,2,0,0
BNE,NLK,1,1,0,0
LED,UUA,1,1,0,0
IXE,DMM,1,1,0,0
IQN,LHW,3,3,0,1
PEK,TGO,3,3,0,1
BHY,PEK,2,2,0,1
DUB,BRU,1,1,0,0
MLL,PQS,1,1,0,0
BNA,BWI,2,2,0,1
MDW,ALB,2,2,0,1
MCO,BWI,2,2,0,0
BRU,FNA,3,3,0,2
CGR,CGB,3,3,0,0
DTW,BGM,1,1,0,1
CGK,LOP,2,2,0,0
HAM,BIA,1,1,0,0
DEN,PGA,1,1,0,0
CIH,TSN,1,1,0,0
BNE,HNL,1,1,0,0
ABA,IKT,1,1,0,0
SCL,CCS,1,1,0,0
VTE,XKH,1,1,0,0
DOM,ANU,1,1,0,0
MKW,AMQ,1,1,0,1
PNH,RGN,1,1,0,0
DBV,TRF,1,1,0,0
TLV,ARN,1,1,0,0
DJE,LYS,2,2,0,0
DNZ,SAW,1,1,0,0
BRU,DOH,1,1,0,0
DOH,MAA,1,1,0,0
TTU,AHU,1,1,0,0
KRK,EIN,1,1,0,0
ALC,VXO,1,1,0,0
SVQ,BRI,1,1,0,0
HOF,JED,1,1,0,0
BDL,LAS,1,1,0,0
GVA,DME,1,1,0,0
YNB,IST,1,1,0,0
LMT,PDX,1,1,0,1
YHM,YEG,1,1,0,0
TOS,SOJ,1,1,0,0
BUD,HHN,1,1,0,0
VSA,CUN,1,1,0,0
FBM,FIH,1,1,0,0
BNC,GOM,1,1,0,0
LIM,ATA,1,1,0,0
NGS,KIX,1,1,0,0
CKX,TKJ,1,1,0,0
CMH,DFW,2,2,0,0
TOL,SFB,1,1,0,0
RHO,TXL,1,1,0,0
LCA,RIX,1,1,0,0
BZE,SAL,1,1,0,0
BUQ,VFA,1,1,0,0
LYI,CSX,1,1,0,0
STL,SAT,2,2,0,1
MDW,ORF,2,2,0,1
SJU,CPX,1,1,0,0
DLC,CHG,1,1,0,0
JGN,XIY,1,1,0,0
CAN,LHR,1,1,0,0
FRU,IKT,1,1,0,0
HAM,FNC,1,1,0,0
LPA,PAD,1,1,0,0
POP,ANU,1,1,0,0
ATH,DBV,1,1,0,0
SLC,EUG,1,1,0,1
MSP,DTW,1,1,0,0
MAN,BFS,1,1,0,0
LTN,MXP,1,1,0,0
WIL,LKG,1,1,0,0
WJR,HGA,1,1,0,0
HAJ,BHX,1,1,0,0
WRO,DUS,1,1,0,0
GPA,DUS,1,1,0,0
MAD,SXB,1,1,0,1
EXT,ISC,1,1,0,0
AOJ,CTS,1,1,0,1
ICN,BNE,1,1,0,0
BRU,WAW,1,1,0,0
MUC,MEX,1,1,0,0
DKR,MXP,1,1,0,1
PLJ,SVK,1,1,0,0
BWT,MEL,1,1,0,0
CRL,LEI,1,1,0,0
TPS,MST,1,1,0,0
CIA,PMI,1,1,0,0
SIN,JED,1,1,0,0
MCO,LBE,1,1,0,0
LET,LCR,1,1,0,0
IST,TUN,2,2,0,0
DMK,DPS,1,1,0,0
WUH,TSA,1,1,0,0
UVF,EWR,1,1,0,0
PDX,IAH,1,1,0,0
REC,VCP,1,1,0,0
KSM,SXP,1,1,0,1
NUP,ATT,1,1,0,1
VNO,PRG,1,1,0,0
CEM,IRC,1,1,0,0
PDX,PHX,4,4,0,0
PUS,CAN,1,1,0,0
MUC,AOK,1,1,0,0
IXD,DEL,1,1,0,0
YYZ,SJO,1,1,0,0
MDE,CLO,1,1,0,0
GHA,ORN,1,1,0,0
GIG,LHR,1,1,0,0
BJL,LPA,1,1,0,1
CAN,YIH,2,2,0,0
TEN,CAN,1,1,0,0
YTY,SYX,1,1,0,0
XRY,STR,2,2,0,0
PUY,FRA,1,1,0,0
CGN,RLG,1,1,0,0
BEY,BAH,1,1,0,0
PVG,WEF,1,1,0,0
BRU,TFS,1,1,0,0
GRO,BRU,1,1,0,0
MLN,GRX,1,1,0,1
FRA,KUF,1,1,0,0
ICN,MUC,1,1,0,0
RMQ,CGO,1,1,0,0
LIS,OSL,2,2,0,0
MFU,LUN,1,1,0,0
MRZ,SYD,1,1,0,1
PVG,DOH,1,1,0,0
CRL,CIA,1,1,0,0
RDZ,DUB,1,1,0,0
MLA,TPS,1,1,0,0
NRN,SUF,1,1,0,0
STL,SAN,1,1,0,0
GRU,MXP,1,1,0,0
TUN,BCN,1,1,0,0
IST,EDI,1,1,0,0
IST,KZN,1,1,0,0
VKO,ALA,1,1,0,0
TPA,CLE,1,1,0,0
ELM,ORD,1,1,0,1
TAS,FCO,1,1,0,0
ELQ,DXB,1,1,0,0
BLE,ORB,1,1,0,0
YGW,YUL,1,1,0,0
SPN,PUS,1,1,0,0
AZA,BIS,1,1,0,0
KVA,DUS,1,1,0,0
HRG,BHX,1,1,0,0
SAH,TAI,2,2,0,0
GLA,DUB,1,1,0,1
TAS,ALA,2,2,0,0
MRU,DXB,2,2,0,1
MRU,PVG,1,1,0,0
GKA,MAG,1,1,0,0
DBV,OSI,1,1,0,0
IKA,BAH,1,1,0,0
WAW,POZ,1,1,0,0
TOS,ALF,4,4,0,1
DXB,SLL,2,2,0,0
PER,PHE,2,2,0,1
CRL,RHO,1,1,0,0
FUE,CRL,1,1,0,0
WMI,RYG,1,1,0,0
JNB,PTG,1,1,0,1
OSL,KSU,1,1,0,0
EYW,MCO,1,1,0,0
MHT,MCO,1,1,0,0
YIH,CTU,1,1,0,0
LIS,TNG,1,1,0,1
EWR,CUN,1,1,0,0
FDE,BGO,1,1,0,0
DEC,STL,1,1,0,0
SJL,TFF,1,1,0,0
KIV,DWC,1,1,0,0
SKP,DXB,1,1,0,0
FRU,DXB,1,1,0,0
YXL,YRL,2,2,0,0
TUS,PHX,2,2,0,2
DFW,MEM,3,3,0,1
ICN,DEL,2,2,0,1
FOR,MXP,1,1,0,0
OUA,CDG,1,1,0,0
CDG,DLA,2,2,0,1
LHR,GYD,2,2,0,0
MUC,MJT,1,1,0,0
DIB,DMU,1,1,0,0
DEL,VTZ,1,1,0,0
BHX,NCE,1,1,0,0
ATM,ORX,1,1,0,0
DAT,SHE,1,1,0,0
MOZ,BOB,1,1,0,0
INC,XNN,2,2,0,1
NUP,BET,1,1,0,0
GCM,TPA,1,1,0,0
CGQ,NRT,1,1,0,0
DTW,CIU,1,1,0,1
LGA,BHM,1,1,0,1
MSP,PIA,1,1,0,1
ITO,OGG,1,1,0,0
WAW,WRO,1,1,0,0
TOB,HBE,1,1,0,0
BFS,EWR,2,2,0,1
EDI,EWR,2,2,0,1
CPH,KRP,1,1,0,0
BGO,DBV,1,1,0,0
OSL,BOO,2,2,0,0
TEN,CSX,1,1,0,0
STN,SXF,1,1,0,0
DUB,VNO,1,1,0,0
SZZ,LPL,1,1,0,0
NYO,BRE,1,1,0,0
ZAD,STN,1,1,0,0
ZAD,MRS,1,1,0,0
OPO,STN,1,1,0,0
ABZ,CPH,1,1,0,0
AWZ,MED,1,1,0,0
MEL,CTU,1,1,0,0
PVG,SWA,1,1,0,0
SCZ,HIR,1,1,0,0
SPN,GUM,1,1,0,1
HVG,BVG,1,1,0,0
BUD,MMX,1,1,0,0
BWT,KNS,1,1,0,0
VCP,MGF,1,1,0,0
EUX,SXM,1,1,0,0
CGP,BKK,1,1,0,0
HGH,JHG,1,1,0,0
CLT,MYR,2,2,0,0
HTA,SVO,1,1,0,0
RNS,CDG,2,2,0,1
STR,HAM,2,2,0,0
CFU,FMO,1,1,0,0
HND,YGJ,2,2,0,0
SHJ,HBE,1,1,0,0
BCN,EZE,1,1,0,0
SDP,ANC,2,2,0,1
YUL,FSP,1,1,0,0
GCI,MAN,1,1,0,0
SAL,YYZ,1,1,0,0
PZO,PMV,2,2,0,0
KWM,EDR,1,1,0,0
MCO,YHZ,2,2,0,0
BCD,DVO,1,1,0,0
BWI,CVG,1,1,0,0
CAI,RMF,1,1,0,0
MAD,LYS,2,2,0,1
SID,MUC,1,1,0,0
SXM,BOS,1,1,0,0
NCE,WAW,1,1,0,0
BDO,BTH,1,1,0,0
BDJ,JOG,1,1,0,0
KCH,MKM,1,1,0,1
TOS,OSL,2,2,0,0
OUA,CMN,1,1,0,0
BZV,CMN,1,1,0,0
PIK,ALC,1,1,0,0
GRQ,GRO,1,1,0,0
RYG,RHO,1,1,0,0
TRF,AHO,1,1,0,0
HDS,JNB,1,1,0,1
SJZ,PDL,1,1,0,0
NCE,ZRH,1,1,0,0
SZX,WXN,1,1,0,0
BHY,XIY,1,1,0,0
UUS,NRT,1,1,0,0
CKG,DMK,1,1,0,0
HRG,SVO,1,1,0,0
ODS,VKO,1,1,0,0
GSO,ORD,1,1,0,1
VER,TIJ,1,1,0,0
NAP,LWO,1,1,0,0
BEG,DXB,1,1,0,0
DOY,CKG,1,1,0,0
KBP,UKS,1,1,0,1
SBH,SAB,1,1,0,0
RDV,SLQ,1,1,0,1
GLK,MGQ,1,1,0,0
QSF,MLH,1,1,0,0
HJR,VNS,1,1,0,0
POM,WBM,1,1,0,0
YXS,YVR,2,2,0,1
GET,PER,3,3,0,2
CLO,MAD,1,1,0,0
CLO,PSO,1,1,0,0
AAR,GOT,1,1,0,1
CNX,USM,1,1,0,0
MSQ,TBS,1,1,0,0
PAC,PUE,1,1,0,0
TLV,BRU,2,2,0,0
YYZ,POS,2,2,0,0
TPE,SYD,1,1,0,0
PVG,MWX,1,1,0,0
DLC,YNZ,1,1,0,0
HET,CGQ,1,1,0,0
SXF,FUE,1,1,0,0
ADD,BKO,2,2,0,1
EDI,NCE,1,1,0,0
EFL,LGW,1,1,0,0
NQY,MAN,1,1,0,0
EDI,NWI,1,1,0,0
CGN,SPU,1,1,0,0
CGN,BLQ,1,1,0,0
PKZ,REP,1,1,0,0
SOQ,AMQ,1,1,0,1
JOG,BTH,1,1,0,0
BCN,LHE,1,1,0,0
CBR,ADL,2,2,0,1
ORY,OUD,2,2,0,0
MST,GRO,1,1,0,0
DUB,POZ,1,1,0,0
DUB,GRO,1,1,0,0
KRK,STN,1,1,0,0
PSA,MLA,1,1,0,0
OPO,MST,1,1,0,0
HIR,NNB,1,1,0,0
GRU,UIO,1,1,0,0
MEG,LAD,1,1,0,0
WRO,BVA,1,1,0,0
CNF,CWB,1,1,0,0
UFA,DWC,1,1,0,0
MID,CUN,1,1,0,0
PGF,NTE,1,1,0,0
YAT,YPO,1,1,0,0
DCA,TLH,2,2,0,2
CLT,FLO,2,2,0,1
SKG,LED,2,2,0,0
NCE,SVO,1,1,0,0
UFA,SVO,1,1,0,0
FRA,BRS,1,1,0,0
MFM,MWX,1,1,0,0
LAE,HKN,2,2,0,0
YQM,YUL,1,1,0,1
CHC,TRG,1,1,0,1
EWB,ACK,1,1,0,0
OPS,BSB,1,1,0,0
FUE,SXF,1,1,0,0
AMS,LCA,2,2,0,1
CPH,RNN,1,1,0,0
AAL,SVG,1,1,0,0
XNA,CVG,1,1,0,1
JGS,CTU,1,1,0,0
CHC,SIN,2,2,0,0
NCL,LGW,1,1,0,0
RAK,SXF,1,1,0,0
MAD,EDI,1,1,0,0
BSL,CPH,1,1,0,0
SOU,NCL,1,1,0,0
ILY,GLA,1,1,0,1
BCN,MRS,2,2,0,1
NAH,MDC,1,1,0,1
MXZ,RMQ,1,1,0,0
VRN,OLB,1,1,0,0
SXF,BGO,1,1,0,0
GIZ,RUH,2,2,0,0
HTY,JED,1,1,0,0
AYT,ECN,1,1,0,0
CMN,NDR,1,1,0,0
AMM,ADE,2,2,0,0
LIG,LPL,1,1,0,0
EBU,FEZ,1,1,0,0
AHO,BGY,1,1,0,0
PMI,REU,1,1,0,0
BLQ,IST,1,1,0,0
IAD,SDF,1,1,0,1
BRO,IAH,1,1,0,1
KRR,MUC,1,1,0,0
BNN,MQN,1,1,0,0
FOR,PHB,1,1,0,0
NKC,NDB,1,1,0,0
SJU,YYZ,1,1,0,0
SLC,CLT,3,3,0,0
TYS,DFW,2,2,0,1
CDG,EZE,2,2,0,1
DUS,NCE,2,2,0,0
SLW,MEX,1,1,0,1
LIN,CIY,1,1,0,0
FCO,AUH,2,2,0,1
BEY,MXP,2,2,0,0
ZYI,SYX,1,1,0,0
AAE,LYS,1,1,0,0
JNB,TNR,2,2,0,1
PUF,LYS,1,1,0,0
BVE,AJA,1,1,0,0
MLE,CAN,1,1,0,0
BAV,SHE,1,1,0,0
JIU,CAN,1,1,0,0
PTY,AUA,1,1,0,0
DTW,SBN,1,1,0,1
BDL,CVG,1,1,0,1
MXP,DXB,2,2,0,0
GVA,FAO,1,1,0,0
MEL,CGK,1,1,0,0
HKG,KWE,1,1,0,0
CUZ,JUL,3,3,0,2
LKO,PAT,1,1,0,0
IKT,UUD,1,1,0,0
SJU,TPA,2,2,0,0
BOS,SJC,1,1,0,0
ADB,VAS,1,1,0,0
CMN,EUN,1,1,0,0
FEZ,BGY,1,1,0,0
AOI,CRL,1,1,0,0
ALG,MED,1,1,0,0
FAO,SID,1,1,0,0
ASB,DEL,1,1,0,0
SFO,PIT,1,1,0,0
SFO,EUG,1,1,0,1
IAH,YVR,1,1,0,0
IAD,FLL,1,1,0,0
MRY,DEN,1,1,0,1
KRR,SKG,1,1,0,0
MEL,KGI,1,1,0,1
SAH,ASM,1,1,0,0
YYR,YDF,2,2,0,1
DAY,PHL,2,2,0,1
LED,NMA,2,2,0,0
GOT,LYS,2,2,0,1
DRS,HER,1,1,0,0
DUS,RMF,1,1,0,0
LIM,AQP,3,3,0,2
YQX,YYR,1,1,0,1
YXC,YYC,1,1,0,1
ROC,YYZ,1,1,0,1
JUJ,AEP,1,1,0,0
YTH,YWG,1,1,0,0
GVA,ARN,4,4,0,0
ALG,TLM,1,1,0,0
YKS,BQS,1,1,0,0
LHR,GRU,2,2,0,0
OME,TNC,1,1,0,0
WTK,OTZ,1,1,0,0
BRU,HAM,2,2,0,1
HYD,HKG,1,1,0,0
CAN,HIA,1,1,0,0
LAX,SJO,1,1,0,0
GSO,DTW,1,1,0,1
MUC,EBL,1,1,0,0
ORY,TFS,1,1,0,0
PKU,BDO,2,2,0,0
SHA,CIH,1,1,0,0
LAM,ABQ,1,1,0,0
HID,CNS,1,1,0,1
CMN,ARN,1,1,0,0
STN,VNO,1,1,0,0
DUB,TSF,1,1,0,0
AHO,TRS,1,1,0,0
KUN,DUB,1,1,0,0
SVO,HRG,1,1,0,0
CLE,IAD,1,1,0,0
TAS,KSQ,1,1,0,0
CUU,CUN,1,1,0,0
GDL,MID,2,2,0,0
TIJ,PVR,1,1,0,0
LTN,BEG,1,1,0,0
LTN,RIX,1,1,0,0
BCN,GDN,1,1,0,0
DAC,JSR,3,3,0,0
NTE,TXL,1,1,0,0
DWC,KZN,1,1,0,0
FUG,HGH,1,1,0,0
LGA,DAY,3,3,0,2
LYH,CLT,2,2,0,1
CAN,PUS,1,1,0,0
KIX,SPN,1,1,0,0
TFS,SZG,2,2,0,0
GLA,MLA,1,1,0,0
JAI,SHJ,2,2,0,0
YEG,YXY,1,1,0,0
YTH,YGX,1,1,0,0
NUS,SWJ,1,1,0,0
CTU,BOM,1,1,0,0
JDZ,CTU,2,2,0,1
TNR,FTU,1,1,0,0
BHX,BRU,2,2,0,1
BKK,KHH,1,1,0,0
NKG,PVG,1,1,0,0
YCU,SYX,1,1,0,0
SPU,FCO,1,1,0,0
DTW,AUS,1,1,0,0
ABZ,LGW,1,1,0,0
NCE,BFS,1,1,0,0
CKG,HEL,1,1,0,0
ASV,WIL,2,2,0,0
MAN,MXP,1,1,0,0
BLR,AMD,1,1,0,0
COR,SCL,1,1,0,0
FMO,FRA,1,1,0,1
ANG,FSC,1,1,0,0
PND,INB,1,1,0,0
URG,RIA,1,1,0,0
MNL,LHR,1,1,0,0
YAM,YTZ,1,1,0,0
ARN,SFT,1,1,0,0
KRT,ELF,2,2,0,0
REL,BRC,1,1,0,0
EWR,CHS,1,1,0,1
PDX,IAD,1,1,0,0
DEN,PIA,1,1,0,1
KTW,MMX,1,1,0,0
CLJ,TLV,1,1,0,0
MPM,APL,1,1,0,0
KBL,DWC,1,1,0,0
ANV,HCR,1,1,0,1
SOF,BEG,1,1,0,0
BEY,FRA,2,2,0,0
YUL,YWK,1,1,0,0
PHX,YUM,2,2,0,2
SVO,HTA,1,1,0,0
MSP,CDG,2,2,0,1
MRV,GYD,1,1,0,0
IBZ,STR,2,2,0,0
DAD,MFM,1,1,0,0
MEX,CVM,2,2,0,0
YYB,YYZ,1,1,0,1
CHC,BNE,2,2,0,0
SEA,KOA,1,1,0,0
BOG,LPB,1,1,0,0
PKU,KUL,1,1,0,0
PDG,KUL,1,1,0,0
BLJ,ALG,1,1,0,0
JQA,UMD,1,1,0,0
PEK,MLE,2,2,0,0
CIH,WUH,1,1,0,0
JUH,CAN,1,1,0,0
DTW,ERI,1,1,0,0
COS,SLC,1,1,0,1
LBV,ADD,1,1,0,0
FCO,BRS,1,1,0,0
MXP,BIO,2,2,0,1
FRA,BAH,1,1,0,0
NBO,APL,1,1,0,0
TBS,WAW,1,1,0,0
OLB,LIN,1,1,0,0
LIG,LYS,1,1,0,0
RYK,KHI,1,1,0,0
SAW,DLM,1,1,0,0
SGN,PNH,3,3,0,0
RYG,DUB,1,1,0,0
ELS,DUR,1,1,0,1
SIN,CKG,2,2,0,1
DCA,HOU,1,1,0,0
DMK,KKC,1,1,0,0
MAJ,HNL,1,1,0,0
MCO,GNV,2,2,0,1
CUN,AGU,1,1,0,0
CWB,CAC,1,1,0,0
VCP,BYO,1,1,0,0
THE,SLZ,1,1,0,0
TLL,PJA,1,1,0,1
GDL,DFW,2,2,0,0
BIA,ORY,2,2,0,0
JER,HAJ,1,1,0,0
DGO,TIJ,1,1,0,1
YNB,SHJ,1,1,0,0
LIH,SAN,1,1,0,0
SJO,LIM,1,1,0,0
PPT,TIH,1,1,0,0
ORN,ALG,1,1,0,0
IST,ORN,2,2,0,0
LYS,PUF,1,1,0,0
MDW,CHS,2,2,0,1
SKK,UNK,2,2,0,1
KOJ,TPE,1,1,0,0
PVG,CGK,2,2,0,0
DIG,LXA,1,1,0,0
NRT,CGQ,1,1,0,0
HAN,PEK,2,2,0,1
HAN,CAN,2,2,0,0
HRB,KIX,1,1,0,0
CIH,CAN,1,1,0,0
RHO,HAM,1,1,0,0
KGS,GLA,1,1,0,0
DUS,CWL,1,1,0,0
STR,CAG,1,1,0,0
LAX,PRC,1,1,0,0
ISC,LEQ,1,1,0,0
WAW,EVN,1,1,0,0
BHX,FRA,1,1,0,0
NAP,LUX,1,1,0,0
BKI,PER,1,1,0,0
NAP,TLV,1,1,0,0
TRD,AGP,1,1,0,0
ISB,MAN,1,1,0,0
KDU,ISB,1,1,0,0
DOH,ARN,1,1,0,0
DOH,GOI,1,1,0,0
ALC,NRN,1,1,0,0
AGP,VST,1,1,0,0
AGP,BGY,1,1,0,0
CHQ,RYG,1,1,0,0
BGY,SKG,1,1,0,0
BGY,MLA,1,1,0,0
MLA,GSE,1,1,0,0
VNO,ORK,1,1,0,0
SJU,SKB,1,1,0,0
JED,OMH,1,1,0,0
RUH,CAN,1,1,0,0
NTE,ADB,1,1,0,0
TLV,IST,1,1,0,0
DME,HMA,1,1,0,0
DME,DWC,1,1,0,0
EWR,MEM,1,1,0,1
OSL,SSJ,1,1,0,0
TRF,WRO,1,1,0,0
BEG,FMM,1,1,0,0
LIM,AYP,2,2,0,0
VLC,LWO,1,1,0,0
TJM,NJC,1,1,0,0
CMN,SVO,2,2,0,0
RHO,DRS,1,1,0,0
DEL,BHX,1,1,0,0
GTE,DRW,2,2,0,0
DKR,ACC,3,3,0,0
FCO,EVN,1,1,0,0
AUQ,UAP,1,1,0,0
YCU,LHW,2,2,0,1
AZR,ALG,1,1,0,0
KBP,LHR,1,1,0,0
ATL,LIM,1,1,0,0
MLW,FNA,1,1,0,1
ADD,NIM,1,1,0,0
AMS,KRK,1,1,0,0
LGW,TLL,1,1,0,0
LBA,GLA,1,1,0,1
NYM,VKO,1,1,0,0
CGN,JMK,1,1,0,0
YWJ,YZF,1,1,0,0
GRX,MLN,1,1,0,1
DRS,MUC,1,1,0,0
OSL,AGP,2,2,0,0
DLM,IST,2,2,0,0
BME,MEL,1,1,0,0
DOH,BKK,1,1,0,0
CRL,RAK,1,1,0,0
HHN,TSF,1,1,0,0
BGY,MAD,1,1,0,0
CPT,HDS,1,1,0,1
TOS,SVG,1,1,0,0
HOU,MAF,1,1,0,0
RSW,PIT,1,1,0,0
ACY,FLL,1,1,0,0
TXL,EIN,1,1,0,0
DME,TSE,1,1,0,0
IAH,RIC,1,1,0,1
HAN,VII,1,1,0,0
YIF,YHR,1,1,0,0
YYJ,YEG,1,1,0,0
WRO,TRF,1,1,0,0
MMX,SKP,1,1,0,0
KIS,EDL,1,1,0,0
YFH,YQT,1,1,0,0
YTQ,YPJ,1,1,0,0
ORD,CHA,2,2,0,2
NCE,SXB,1,1,0,0
HND,ONJ,1,1,0,0
SHJ,AMD,1,1,0,0
BRU,RIX,2,2,0,1
COR,EZE,1,1,0,0
VIE,OTP,2,2,0,1
LNB,CCV,1,1,0,0
RAS,MHD,3,3,0,0
SHE,HLH,1,1,0,0
ALA,TBS,1,1,0,0
LCY,VCE,1,1,0,1
BRU,ZRH,2,2,0,1
YZF,YHK,2,2,0,0
BOS,HYA,1,1,0,0
OMA,MSP,1,1,0,0
SOF,SXF,1,1,0,0
NTE,GVA,1,1,0,0
SPC,MAD,1,1,0,1
SZG,ZRH,1,1,0,0
LFM,SYZ,1,1,0,0
MHD,RZR,1,1,0,0
NQY,ISC,1,1,0,0
SLY,OVB,1,1,0,0
FSC,LUX,1,1,0,0
HEL,DUB,1,1,0,0
BEG,OSL,1,1,0,0
CMN,TXL,1,1,0,0
ORY,ESU,2,2,0,0
LRH,DUB,1,1,0,0
CTU,WXN,1,1,0,0
UKB,KOJ,1,1,0,0
FRE,VAO,1,1,0,0
KZR,IST,1,1,0,0
GLA,FNC,1,1,0,0
ITH,EWR,1,1,0,1
LWN,DME,1,1,0,0
DOK,LCA,1,1,0,0
VDH,SGN,1,1,0,0
TRD,OSY,1,1,0,0
OTP,TRF,1,1,0,0
OTP,BGY,1,1,0,0
VNO,SVG,1,1,0,0
BRN,OLB,1,1,0,0
UME,OSD,1,1,0,0
FAI,CIK,1,1,0,0
YKU,YVO,1,1,0,0
HIJ,ICN,3,3,0,1
MOF,KOE,2,2,0,1
OGG,YVR,2,2,0,0
PUW,LWS,1,1,0,1
VIE,BLQ,1,1,0,1
YRT,YXN,2,2,0,0
REG,LIN,2,2,0,0
ICN,MXP,2,2,0,1
XIY,IQN,1,1,0,0
CTU,KHG,2,2,0,1
BET,WTL,2,2,0,1
NAS,BWI,1,1,0,0
STL,MDW,2,2,0,1
LHR,KBP,1,1,0,0
SXF,RHO,1,1,0,0
ZAG,BWK,1,1,0,0
OSS,KZN,1,1,0,0
TPE,TSN,1,1,0,0
ADD,JRO,1,1,0,0
SEN,AGP,1,1,0,0
BUD,SXF,1,1,0,0
BHD,ABZ,1,1,0,0
RNS,BCN,2,2,0,1
ILG,TPA,1,1,0,0
BMI,DEN,1,1,0,0
CGN,PMO,1,1,0,0
ZRH,DRS,1,1,0,0
SWF,FLL,1,1,0,0
AMS,GOT,1,1,0,0
SIN,VTE,1,1,0,0
LUX,FAO,1,1,0,0
UNN,DMK,1,1,0,0
OSL,VNO,1,1,0,0
KWI,SKT,1,1,0,0
CTL,RMA,1,1,0,1
CPD,ADL,1,1,0,0
SXF,BGY,1,1,0,0
STN,BGY,1,1,0,0
STN,OPO,1,1,0,0
ORK,FUE,1,1,0,0
BCN,BVA,1,1,0,0
BZR,MAN,1,1,0,0
BVA,KRK,1,1,0,0
ATH,BGY,1,1,0,0
JNB,GRU,2,2,0,0
BPS,CGH,1,1,0,0
LAX,DGO,1,1,0,1
IAD,CUN,1,1,0,0
CDG,SVX,1,1,0,0
MEH,HVG,1,1,0,0
DTM,VNO,1,1,0,0
BGY,TSR,1,1,0,0
HRG,SSH,1,1,0,0
LOS,FNA,1,1,0,0
LPB,IQQ,1,1,0,0
HAU,STN,1,1,0,0
YVP,YPH,1,1,0,0
CLT,STL,2,2,0,0
OAK,AZA,1,1,0,0
NOU,WLS,1,1,0,0
CJS,MTY,3,3,0,1
FUK,KMQ,2,2,0,0
HND,AXT,2,2,0,1
RGA,AEP,1,1,0,0
CPH,PEK,2,2,0,1
CAN,IST,2,2,0,0
EDR,KWM,1,1,0,0
DUB,ZRH,2,2,0,0
YQK,YWG,1,1,0,0
MJT,LXS,1,1,0,0
PEK,CGD,1,1,0,0
KWE,TAO,1,1,0,0
YNZ,DLC,1,1,0,0
CAJ,PZO,1,1,0,0
YUL,CYO,1,1,0,0
PLS,ATL,1,1,0,0
AUH,BGW,1,1,0,0
SXF,ORY,1,1,0,0
LIS,EDI,1,1,0,0
GVA,JMK,1,1,0,0
NGO,KUL,1,1,0,0
BOD,ZRH,1,1,0,0
ACZ,MHD,1,1,0,0
KRK,NCL,1,1,0,0
KWI,IKA,1,1,0,0
LBA,BGY,1,1,0,0
BLL,TFS,1,1,0,0
WRO,PIK,1,1,0,0
TPS,FKB,1,1,0,0
PSA,SKG,1,1,0,0
TUN,BRU,1,1,0,0
DMK,CKG,1,1,0,0
CJU,TPE,1,1,0,0
TMS,LAD,1,1,0,0
ORD,PAH,1,1,0,1
KVD,DME,1,1,0,0
CUN,QRO,1,1,0,0
YYC,MCO,1,1,0,0
NOJ,UFA,1,1,0,0
KEP,KTM,1,1,0,0
YXL,ZRJ,1,1,0,0
ICN,KHN,1,1,0,0
YNG,PIE,1,1,0,0
ORY,PUF,1,1,0,0
SEA,EUG,1,1,0,1
YIN,URC,2,2,0,0
CNS,ISA,1,1,0,0
ALG,YUL,1,1,0,0
VOG,EVN,1,1,0,0
TFN,ACE,1,1,0,0
CWB,VCP,2,2,0,0
JFK,PTY,2,2,0,1
ORY,SCU,1,1,0,0
FRU,DYU,2,2,0,0
MSP,OKC,1,1,0,1
DXB,BEY,2,2,0,0
DXB,LED,1,1,0,0
MAD,BSL,1,1,0,0
BSL,FCO,2,2,0,1
GVA,STR,1,1,0,0
ZRH,HAM,3,3,0,1
BOJ,BRU,1,1,0,0
HNL,SMF,1,1,0,0
SDQ,FLL,2,2,0,0
RSW,HPN,1,1,0,0
WAW,KTW,1,1,0,0
DPS,MLG,1,1,0,1
GYD,ASB,2,2,0,1
PLS,GDT,2,2,0,0
MAN,ISB,1,1,0,0
BJL,OXB,1,1,0,0
BWN,MEL,1,1,0,0
STN,MJV,1,1,0,0
ZAD,GSE,1,1,0,0
ALC,BRE,1,1,0,0
FAO,HHN,1,1,0,0
IST,BRE,1,1,0,0
DLM,VKO,1,1,0,0
NGO,SGN,1,1,0,0
TIJ,VER,1,1,0,0
YBX,YIF,1,1,0,0
CWB,SDU,1,1,0,0
AQG,CKG,1,1,0,0
STT,DOM,1,1,0,0
NEV,STT,1,1,0,0
SDU,RAO,1,1,0,0
EBA,BRN,1,1,0,0
MDE,CUR,1,1,0,0
MPL,AJA,1,1,0,0
TVS,TYN,1,1,0,0
BTV,SFB,1,1,0,0
MAD,BIO,2,2,0,0
MUB,VFA,1,1,0,0
TFS,LEJ,2,2,0,0
AEP,FTE,1,1,0,0
PSP,SMF,1,1,0,1
YFO,YTH,1,1,0,0
KWE,TEN,1,1,0,0
NHV,AUQ,1,1,0,0
IRG,CNS,1,1,0,0
LAE,HGU,1,1,0,0
SXM,BGI,1,1,0,0
BAV,WUH,1,1,0,0
GIG,NVT,1,1,0,0
MAR,PMV,1,1,0,0
FSC,ORY,1,1,0,0
BSB,ATL,1,1,0,0
SLC,GTF,1,1,0,1
SLC,RAP,1,1,0,1
DXB,GRU,1,1,0,0
KEF,BRS,1,1,0,0
LTN,BOD,1,1,0,0
CLE,PUJ,1,1,0,0
IFN,KER,1,1,0,0
AVV,SYD,1,1,0,0
TIP,LTD,1,1,0,0
UET,PZH,1,1,0,0
PNR,CMN,1,1,0,0
GSE,CIA,1,1,0,0
XRY,STN,1,1,0,0
SKG,BGY,1,1,0,0
AHO,NRN,1,1,0,0
BGY,PMI,1,1,0,0
JER,CDG,1,1,0,0
KRT,NDJ,1,1,0,0
JED,AQI,1,1,0,0
LAS,SDF,1,1,0,0
FLL,SAP,1,1,0,0
CNX,TPE,1,1,0,0
SDF,EWR,1,1,0,1
YZV,YNA,2,2,0,0
JHG,HGH,1,1,0,0
GYD,KJA,1,1,0,0
KUF,NSK,1,1,0,0
LCE,GJA,1,1,0,0
HFS,TYF,1,1,0,1
YXS,YYD,1,1,0,0
TUL,DFW,2,2,0,0
BMI,ATL,3,3,0,3
NAP,DUS,3,3,0,2
CTC,AEP,1,1,0,1
VIE,OSL,2,2,0,1
GCI,DNR,1,1,0,0
NUS,CCV,1,1,0,0
LIN,CAG,1,1,0,0
XIY,CGD,1,1,0,0
TYN,TNA,2,2,0,1
HGH,XMN,5,5,0,2
TAB,POS,1,1,0,0
TOY,TPE,1,1,0,0
FRA,SJU,1,1,0,0
BDL,DTW,1,1,0,0
ABZ,MME,1,1,0,0
BOD,BRS,1,1,0,0
KEF,SEA,1,1,0,0
HEA,MHD,1,1,0,0
DMB,DME,1,1,0,0
TBP,LIM,1,1,0,0
TSA,KNH,2,2,0,0
DOH,CGK,1,1,0,0
OZZ,ORY,1,1,0,0
CRL,FUE,1,1,0,0
EIN,MJV,1,1,0,0
SDR,AGP,1,1,0,0
BLQ,WRO,1,1,0,0
JED,EAM,1,1,0,0
LIS,SSA,1,1,0,0
MIR,NCE,1,1,0,0
GUA,EWR,1,1,0,0
GCM,IAD,1,1,0,0
IAD,ROC,1,1,0,1
KZN,FEG,1,1,0,0
YRG,YYR,1,1,0,0
SOG,HOV,1,1,0,0
DLM,CWL,1,1,0,0
AZA,PIA,1,1,0,0
KLN,KYK,1,1,0,0
CCU,RGN,1,1,0,0
YDF,YHZ,1,1,0,1
YQT,YYZ,2,2,0,1
GIG,BOG,1,1,0,0
CCJ,KWI,1,1,0,0
AHO,LIN,1,1,0,0
MJZ,IKT,1,1,0,0
BGI,KIN,1,1,0,0
HKG,PER,1,1,0,0
GRU,CAC,1,1,0,0
XMN,XFN,1,1,0,0
GRU,COR,1,1,0,0
LEX,LGA,1,1,0,0
CIU,DTW,1,1,0,1
MXP,AHO,1,1,0,0
DEN,BKG,1,1,0,0
HRB,DOY,1,1,0,0
REU,BRU,1,1,0,0
KER,SYZ,1,1,0,0
CAG,TRN,1,1,0,0
CAG,BLQ,1,1,0,0
BEY,EBL,2,2,0,0
MED,LHE,1,1,0,0
TLL,BGY,1,1,0,0
POZ,DUB,1,1,0,0
PSR,BGY,1,1,0,0
OPO,CFE,1,1,0,0
MPM,CPT,1,1,0,1
PDL,PIX,1,1,0,0
BKK,MXP,1,1,0,0
HFE,KHH,1,1,0,0
JFK,VKO,1,1,0,0
DEN,ISN,1,1,0,1
LHR,TAS,1,1,0,0
DXB,SKP,1,1,0,0
FIH,TSH,1,1,0,0
BLD,GCW,1,1,0,0
NKC,OUZ,1,1,0,0
NTE,VLC,1,1,0,0
ABV,YOL,1,1,0,0
KIT,ATH,2,2,0,0
YYZ,MEX,2,2,0,0
LIN,WAW,1,1,0,0
NGB,SWA,2,2,0,0
JUZ,XMN,2,2,0,1
DUB,SXF,2,2,0,0
TLE,TNR,1,1,0,0
CSY,LED,1,1,0,0
ASB,MSQ,1,1,0,0
ADL,HKG,1,1,0,0
XIY,JGS,1,1,0,0
KMG,NAO,1,1,0,0
LGA,EYW,1,1,0,0
AHO,MXP,1,1,0,0
FRA,GPA,1,1,0,0
PNQ,AMD,2,2,0,0
TBZ,DXB,1,1,0,0
WAW,LED,1,1,0,0
KUL,PEW,1,1,0,0
CNS,TSV,1,1,0,1
CGN,GRO,1,1,0,0
HHN,CIY,1,1,0,0
LPL,LDY,1,1,0,0
WRO,BRS,1,1,0,0
BUD,PSA,1,1,0,0
BRI,BLQ,1,1,0,0
SIN,TRV,3,3,0,1
DAY,MCO,1,1,0,0
CCS,OPO,1,1,0,0
NBE,HAM,1,1,0,0
KHV,DME,1,1,0,0
YAP,ROR,1,1,0,0
GOJ,NMA,1,1,0,0
CGB,CNF,1,1,0,0
PKR,KTM,1,1,0,0
BZE,PLJ,1,1,0,0
TZA,BCV,1,1,0,0
LOS,ABV,1,1,0,0
MOL,CPH,1,1,0,0
MRE,WIL,3,3,0,0
PIE,LCK,1,1,0,0
SFB,BGR,1,1,0,0
OMS,SVO,1,1,0,0
SVO,GVA,1,1,0,0
ATL,BQK,3,3,0,3
FAT,PDX,1,1,0,1
BPL,URC,1,1,0,0
TNA,INC,2,2,0,1
CNS,GTE,1,1,0,0
KTS,OME,1,1,0,0
APF,MIA,1,1,0,0
CGH,LDB,2,2,0,0
SLC,OMA,1,1,0,1
GLA,SOU,1,1,0,0
BCN,RNS,2,2,0,1
BLR,JAI,1,1,0,0
THR,IIL,1,1,0,0
ISC,EXT,1,1,0,0
VTE,CAN,1,1,0,0
HUN,KHH,1,1,0,0
AVN,LIG,1,1,0,0
HEL,SPU,1,1,0,0
ISB,SKT,1,1,0,0
SAW,MSR,1,1,0,0
SNN,KRK,1,1,0,0
OPO,MUC,1,1,0,0
GIU,TRR,1,1,0,0
LBB,AUS,1,1,0,0
NNB,HIR,1,1,0,0
NBE,AMS,1,1,0,0
POS,IAH,1,1,0,0
IAH,BWI,1,1,0,0
ORD,GSP,1,1,0,1
SBN,ORD,1,1,0,1
SOJ,TOS,1,1,0,0
BUD,GYD,1,1,0,0
NBO,SAH,1,1,0,0
XIY,HAK,1,1,0,0
CNF,POA,1,1,0,0
AUX,MAB,1,1,0,0
TBI,ATC,1,1,0,0
YXJ,YYE,1,1,0,0
CDG,BKO,1,1,0,0
MUC,AMM,2,2,0,1
OLB,DUS,3,3,0,1
CTS,HIJ,2,2,0,1
CGP,SHJ,1,1,0,0
LGA,YOW,2,2,0,2
KHZ,KXU,1,1,0,0
DUB,BOD,1,1,0,0
DUB,NAP,1,1,0,0
BON,AMS,2,2,0,0
KIJ,HRB,1,1,0,0
LZH,CAN,1,1,0,0
IGU,GIG,2,2,0,0
CNY,SLC,1,1,0,1
NAP,HAJ,1,1,0,0
CCU,RPR,1,1,0,0
ALA,IKA,1,1,0,0
UDJ,IEV,1,1,0,0
IST,TZX,2,2,0,0
ABQ,LAM,1,1,0,0
DEA,KHI,1,1,0,0
PRN,SAW,1,1,0,0
CRL,ACE,1,1,0,0
NOC,BRS,1,1,0,0
AGP,MMX,1,1,0,0
SVQ,MRS,1,1,0,0
DUR,HRE,1,1,0,1
SFT,ARN,1,1,0,0
JAN,MDW,1,1,0,0
ADB,SXB,1,1,0,0
FLL,PTY,1,1,0,0
CCP,ZAL,1,1,0,0
LIS,VCP,1,1,0,0
TIF,IST,1,1,0,0
RMQ,NNG,1,1,0,0
VKO,MIA,1,1,0,0
OKC,IAD,1,1,0,1
MUC,KRR,1,1,0,0
VDS,HFT,1,1,0,0
TRV,HAQ,1,1,0,0
TAO,SIN,1,1,0,0
YYR,YAY,1,1,0,0
CLT,ALB,2,2,0,0
AZA,RFD,1,1,0,0
PGD,TOL,1,1,0,0
HER,SVO,1,1,0,0
LED,TJM,2,2,0,0
COO,CDG,1,1,0,0
MAH,MUC,1,1,0,0
BOM,ADD,2,2,0,1
WLG,ROT,1,1,0,1
FAI,SEA,1,1,0,0
TAH,VLI,1,1,0,0
ORN,CBH,1,1,0,0
NAN,SVU,1,1,0,1
KMG,DAD,1,1,0,0
HRG,HAM,1,1,0,0
CYO,SCU,1,1,0,0
DTW,MHT,1,1,0,1
LGW,ZTH,2,2,0,0
CDG,LGW,1,1,0,0
DEN,TYS,2,2,0,1
SZX,LYI,1,1,0,0
AGP,BLK,1,1,0,0
FRA,ALA,1,1,0,0
RUH,HMB,1,1,0,0
AMD,DOH,1,1,0,0
HHN,SUF,1,1,0,0
MRS,CAG,1,1,0,0
AGH,ARN,1,1,0,0
DAL,ABQ,1,1,0,0
PDX,MCI,1,1,0,0
TUN,ABJ,1,1,0,0
DMK,CSX,2,2,0,0
HDY,CNX,1,1,0,0
MRS,GVA,1,1,0,0
EIN,BCN,1,1,0,0
DME,SSH,1,1,0,0
BRC,CRD,1,1,0,0
IAH,GPT,1,1,0,1
IND,IAD,1,1,0,1
MFE,IAH,1,1,0,1
TBB,HAN,1,1,0,0
BGO,FDE,1,1,0,0
SLY,NUX,1,1,0,0
PTY,BLA,1,1,0,0
NBO,DOH,1,1,0,0
GDL,PHX,3,3,0,2
MIA,MGA,3,3,0,0
HSL,RBY,1,1,0,0
DEL,SVO,1,1,0,0
DUS,MJT,1,1,0,0
CCJ,CJB,1,1,0,0
DME,MLA,1,1,0,0
YOW,IAD,2,2,0,2
YYC,YCG,1,1,0,1
SAL,BZE,1,1,0,0
NNG,LZO,1,1,0,0
ERL,HET,1,1,0,0
BNA,MDW,2,2,0,1
SCU,FCO,2,2,0,1
PHO,LUR,1,1,0,0
MSQ,KBP,2,2,0,0
KWL,HFE,1,1,0,0
KMG,XIC,1,1,0,0
CAN,JUH,1,1,0,0
KHN,DLC,1,1,0,0
SWA,NNG,1,1,0,0
FLL,MSP,1,1,0,0
RSW,CMH,2,2,0,1
MHT,DTW,1,1,0,0
LPL,NCE,1,1,0,0
CAW,VIX,1,1,0,0
INV,BHX,1,1,0,0
DEN,LIT,2,2,0,1
CGN,NAP,1,1,0,0
SKT,BAH,1,1,0,0
BTH,NTX,1,1,0,1
FRA,NUE,1,1,0,0
BVA,AHO,1,1,0,0
AHO,CUF,1,1,0,0
KUN,KGS,1,1,0,0
VNO,BRE,1,1,0,0
IST,DAC,1,1,0,0
EWR,PDX,1,1,0,0
HRK,WAW,1,1,0,0
NNM,KVX,1,1,0,0
DZA,MJN,2,2,0,0
MSA,ZRJ,1,1,0,0
MRY,LAS,1,1,0,0
SFB,RFD,1,1,0,0
PGD,YNG,1,1,0,0
TIA,FRA,1,1,0,0
HAM,MLA,1,1,0,0
BEY,SHJ,1,1,0,0
CDV,YAK,1,1,0,0
SBW,JHB,1,1,0,0
AHE,XMH,1,1,0,0
ALG,TUN,2,2,0,0
DUB,MXP,1,1,0,0
SUV,LKB,1,1,0,1
KGD,MSQ,1,1,0,0
DXB,KMG,1,1,0,0
NCE,PRG,2,2,0,0
KHH,NGB,1,1,0,1
AMS,STN,1,1,0,0
FNC,BRS,1,1,0,0
MDC,BPN,2,2,0,0
KRL,CGO,1,1,0,0
HNL,BNE,1,1,0,0
DPS,DRW,2,2,0,0
CDG,EMA,1,1,0,0
NBO,GBE,1,1,0,0
FRA,VCE,1,1,0,0
MUC,VLC,1,1,0,0
DUS,IKA,1,1,0,0
TPS,CRL,1,1,0,0
OMA,LAS,1,1,0,0
OPO,CCS,1,1,0,0
CHQ,AMS,1,1,0,0
ASB,LHR,1,1,0,0
KWA,MAJ,1,1,0,0
EWR,BZE,1,1,0,0
EWR,CLE,1,1,0,0
KHH,KMG,1,1,0,0
GDL,VSA,1,1,0,0
GRO,IEV,1,1,0,0
UCT,USK,1,1,0,0
ZUH,LZH,1,1,0,0
BEG,TLV,1,1,0,0
CFB,PLU,1,1,0,0
LAX,STS,2,2,0,2
DFW,CLT,2,2,0,0
GSO,PHL,2,2,0,2
SGF,PGD,1,1,0,0
DEL,KNU,1,1,0,0
LAX,RAR,2,2,0,1
VLI,TAH,1,1,0,0
ORY,AUR,1,1,0,0
MJT,JKH,1,1,0,0
KIX,KHH,2,2,0,0
BRS,KRK,1,1,0,0
LPL,LCA,1,1,0,0
HDF,STR,1,1,0,0
HAJ,MAH,1,1,0,0
LBV,BZV,2,2,0,0
KWI,COK,1,1,0,0
LXG,VTE,1,1,0,0
EZE,FRA,1,1,0,0
JED,ASM,1,1,0,0
YVR,YZZ,1,1,0,0
MJD,SKZ,1,1,0,0
ASP,DRW,1,1,0,1
BRI,CAG,1,1,0,0
WMI,GDN,1,1,0,0
TIF,AHB,1,1,0,0
BLR,RUH,1,1,0,0
SEA,ABQ,1,1,0,0
BEL,PBM,1,1,0,0
SFO,SBP,1,1,0,1
IAH,CCS,1,1,0,0
NMA,CEK,1,1,0,0
BOO,BNN,1,1,0,0
MJF,TRD,1,1,0,0
WAW,HRK,1,1,0,0
JGN,INC,1,1,0,0
SJW,NGB,1,1,0,0
EVN,VOZ,1,1,0,0
CMN,OUZ,1,1,0,0
YEG,YOP,1,1,0,0
YZV,YBG,1,1,0,0
RBY,TAL,1,1,0,0
MJT,DUS,1,1,0,0
JED,HYD,1,1,0,0
DEL,LUH,1,1,0,0
BHX,VCE,1,1,0,0
LED,VCE,2,2,0,1
LMM,HMO,1,1,0,1
OKA,MYJ,1,1,0,0
YXE,YYC,2,2,0,1
SNN,EDI,1,1,0,1
ESB,EBL,3,3,0,0
TSE,SVX,1,1,0,0
TNR,SMS,1,1,0,0
LCY,NCE,1,1,0,1
DXB,CGP,1,1,0,0
MSQ,TLV,1,1,0,0
YBP,KMG,1,1,0,0
INC,HET,1,1,0,0
PTY,ADZ,1,1,0,0
JFK,PHL,1,1,0,0
LGW,TLV,1,1,0,0
LGW,OPO,2,2,0,0
YFB,YVP,1,1,0,0
BHX,DUS,2,2,0,1
GLA,ILY,1,1,0,1
ENY,CKG,1,1,0,0
PMO,FRA,1,1,0,1
MCT,AMM,2,2,0,0
IKA,SAW,2,2,0,0
AMM,BGW,1,1,0,0
RAO,CGH,1,1,0,0
REC,LIS,1,1,0,0
SYD,PPP,1,1,0,0
EIN,NAP,1,1,0,0
IAH,TRC,1,1,0,1
DEN,JAC,1,1,0,0
PSC,SFO,1,1,0,1
SGN,RGN,1,1,0,0
CAH,SGN,1,1,0,1
TIJ,CEN,1,1,0,0
HHN,BUD,1,1,0,0
BVA,BEG,1,1,0,0
SNW,AKY,1,1,0,0
FOC,XUZ,1,1,0,0
TKE,JNU,1,1,0,0
HMA,SVX,1,1,0,0
HDG,DLC,1,1,0,0
SHA,CGD,1,1,0,0
YVP,YTQ,1,1,0,0
YHP,YRL,1,1,0,0
MLH,QSF,1,1,0,0
PHL,ELM,2,2,0,1
KTN,SEA,3,3,0,2
ZAZ,PMI,1,1,0,0
ATL,BMI,3,3,0,3
PAZ,VSA,2,2,0,0
YYZ,YTS,1,1,0,1
YYZ,YYB,1,1,0,1
JUJ,COR,1,1,0,1
SEA,SAT,1,1,0,0
VVO,FNJ,1,1,0,0
LIT,STL,1,1,0,1
YHK,YYH,2,2,0,0
PVG,TAE,1,1,0,0
XNN,PVG,1,1,0,0
BAV,CGO,2,2,0,0
XAP,FLN,2,2,0,0
DTW,HSV,1,1,0,1
OKC,MSP,1,1,0,1
SPU,TLL,1,1,0,0
SOU,ALC,1,1,0,0
CVG,TTN,1,1,0,0
MCO,MDT,1,1,0,0
CGN,LEJ,1,1,0,0
OGG,MUE,1,1,0,0
LHE,DEA,1,1,0,0
MYW,DAR,1,1,0,0
STN,PDV,1,1,0,0
ORK,LPA,1,1,0,0
DUB,PIK,1,1,0,0
PSA,FEZ,1,1,0,0
KUN,RYG,1,1,0,0
KZN,IST,1,1,0,0
EWR,DSM,1,1,0,1
IAH,AEX,1,1,0,1
ONT,IAH,1,1,0,1
SMF,ACV,1,1,0,1
HAN,HUI,2,2,0,0
SOG,OSL,1,1,0,0
MLH,SKP,1,1,0,0
KTW,NAP,1,1,0,0
TSR,CIA,1,1,0,0
EDL,LOK,1,1,0,0
MAA,DAC,1,1,0,0
SKG,JKH,1,1,0,0
DCA,RDU,2,2,0,1
GMP,RSU,2,2,0,0
ICN,UBJ,1,1,0,0
PIE,SYR,1,1,0,0
SFB,XNA,1,1,0,0
MMK,LED,2,2,0,0
RCY,NAS,1,1,0,0
FUK,MFM,1,1,0,0
POM,WWK,1,1,0,0
YBC,YUL,1,1,0,1
MUC,GRZ,2,2,0,2
DKR,LOS,1,1,0,0
GOH,UAK,1,1,0,0
FCO,LUZ,1,1,0,0
GCM,CYB,1,1,0,0
WUH,ZYI,1,1,0,0
SLC,HLN,1,1,0,1
TYS,MSP,1,1,0,1
MSP,CWA,1,1,0,1
MCO,OMA,1,1,0,1
BLZ,LLW,1,1,0,0
BCN,NCL,1,1,0,0
HER,MXP,1,1,0,0
ACE,BRE,1,1,0,0
EBA,ACH,1,1,0,0
JMU,KHV,1,1,0,0
SRX,TUN,1,1,0,0
BPN,SRG,1,1,0,0
BOJ,CPH,1,1,0,0
DME,REN,1,1,0,0
ABQ,CNM,1,1,0,0
RAR,MGS,1,1,0,0
AMM,BOM,1,1,0,0
TFS,SNN,1,1,0,0
ARN,AGH,1,1,0,0
ZRH,PVG,1,1,0,0
KGE,GZO,1,1,0,0
AJI,ESB,1,1,0,1
GZP,ESB,1,1,0,1
RAK,AMS,1,1,0,0
MAD,RTM,1,1,0,0
SFO,MCO,2,2,0,0
CLE,PKB,1,1,0,1
HGH,DAD,1,1,0,0
BOO,SSJ,1,1,0,0
LTN,WAW,1,1,0,0
SJW,SYX,1,1,0,0
DME,SLY,1,1,0,0
LWO,FCO,1,1,0,0
SSA,LEC,1,1,0,0
DLA,GOU,1,1,0,0
BGW,ARN,1,1,0,0
CHA,SFB,1,1,0,0
ATW,LAS,1,1,0,0
ALC,TFS,1,1,0,0
RHO,AOK,2,2,0,0
MAH,DUS,1,1,0,0
LUQ,AEP,1,1,0,1
MDQ,AEP,2,2,0,0
EVN,SVX,2,2,0,0
KUL,PLM,1,1,0,0
FCO,TGD,2,2,0,0
BBK,MUB,1,1,0,0
CDG,CZL,1,1,0,0
OVB,TSE,1,1,0,0
AUA,BWI,1,1,0,0
ULK,IKT,3,3,0,0
LHR,EZE,1,1,0,0
NAS,GCM,1,1,0,0
YHD,YQT,1,1,0,0
YFB,YGT,2,2,0,0
LZH,SHA,1,1,0,0
WUX,HKG,1,1,0,0
SXF,KGS,1,1,0,0
MAN,MBJ,1,1,0,1
PTY,CNF,1,1,0,0
PTY,POA,1,1,0,0
HUY,NWI,1,1,0,0
CDG,ADD,1,1,0,0
GRU,LFW,1,1,0,0
DAC,AUH,1,1,0,0
DPS,BMU,2,2,0,1
KSF,AYT,1,1,0,0
MAN,CGN,1,1,0,0
YWH,CXH,1,1,0,0
ZAD,FDH,1,1,0,0
FIH,NBO,2,2,0,1
QUB,TIP,1,1,0,0
JOG,LOP,1,1,0,0
OSL,LCA,1,1,0,0
BKK,OSL,3,3,0,1
MLE,DOH,1,1,0,0
HGH,DOH,1,1,0,0
TMP,HHN,1,1,0,0
GDN,ORK,1,1,0,0
KUN,RHO,1,1,0,0
TRD,ARN,1,1,0,0
SJU,BWI,1,1,0,0
BOS,STL,1,1,0,0
YBP,XIY,1,1,0,0
DJE,SXB,1,1,0,0
ADA,ESB,1,1,0,1
AMS,BRI,1,1,0,0
VRA,DME,1,1,0,0
SFO,CUN,2,2,0,0
EWR,DCA,1,1,0,0
GLA,WAW,1,1,0,0
EIN,DEB,1,1,0,0
NVT,POA,1,1,0,0
SJU,POP,1,1,0,0
PVG,TAK,1,1,0,0
CLT,GSP,2,2,0,0
TAK,ICN,2,2,0,1
PNH,ICN,2,2,0,0
SFB,BTV,1,1,0,0
ACH,VIE,1,1,0,0
SVO,BAX,1,1,0,0
SVO,KRR,1,1,0,0
MRS,NTE,2,2,0,0
NAN,WLS,1,1,0,0
MAS,POM,1,1,0,0
DEL,SHJ,1,1,0,0
YUL,YFC,1,1,0,1
AKL,NSN,1,1,0,1
BRM,CCS,3,3,0,0
SGC,KIV,1,1,0,0
YRL,YHD,1,1,0,0
CMB,KMG,1,1,0,0
NNG,VTE,1,1,0,0
HFE,HKG,1,1,0,0
HAJ,FUE,2,2,0,0
DTW,SJU,1,1,0,0
MSP,CVG,1,1,0,1
TPE,CDG,1,1,0,0
JIM,ADD,1,1,0,0
GVA,BDS,1,1,0,0
EDI,FAO,2,2,0,0
DHB,RCE,1,1,0,1
CZH,SPR,2,2,0,0
GEL,RIA,1,1,0,0
DTM,AHO,1,1,0,0
LPP,BGY,1,1,0,0
REU,LPL,1,1,0,0
BIQ,CRL,1,1,0,0
MRS,FEZ,1,1,0,0
BGY,ACE,1,1,0,0
BRQ,STN,1,1,0,0
MQP,CPT,1,1,0,1
GIU,BTC,1,1,0,0
SHW,JED,1,1,0,0
BWI,MKE,1,1,0,0
TAO,BKK,1,1,0,0
YTY,CTU,1,1,0,0
MUA,HIR,1,1,0,0
CHQ,ZTH,1,1,0,0
LWO,KBP,1,1,0,0
VII,HAN,1,1,0,0
ZGS,YHR,1,1,0,0
YPX,YVP,1,1,0,0
QRO,DFW,2,2,0,2
CRP,DFW,2,2,0,0
RFD,PGD,1,1,0,0
STC,AZA,1,1,0,0
MUC,BDS,2,2,0,1
LIM,YYZ,1,1,0,0
WNZ,FUG,1,1,0,0
MRU,KUL,2,2,0,1
POM,TFI,1,1,0,0
SIC,PAC,1,1,0,0
BOS,BHB,1,1,0,0
TPE,VIE,1,1,0,0
TOY,DLC,1,1,0,0
HKG,RGN,1,1,0,0
ABV,NIM,1,1,0,1
JOE,HEL,1,1,0,1
PSA,BCN,2,2,0,1
RSW,DEN,2,2,0,0
TXL,ZAD,1,1,0,0
RHO,CGN,2,2,0,0
MAD,VCE,1,1,0,0
FCO,NCL,1,1,0,0
UPG,PUM,1,1,0,1
FKQ,KNG,1,1,0,1
LUX,CTA,1,1,0,0
OSL,ORY,1,1,0,0
ALC,AAL,1,1,0,0
GRU,DOH,1,1,0,0
LPL,OPO,1,1,0,0
STN,LPA,2,2,0,0
REU,STN,1,1,0,0
BRI,GOA,1,1,0,0
CUF,AHO,1,1,0,0
IND,FLL,1,1,0,0
AYT,LNZ,1,1,0,0
ARI,LPB,1,1,0,0
IST,GRU,1,1,0,0
BRI,AMS,1,1,0,0
LAD,MSZ,1,1,0,0
OTP,NCE,1,1,0,0
BNA,IAD,1,1,0,1
DEN,BIL,1,1,0,0
NGQ,LXA,1,1,0,0
HOV,BGO,1,1,0,0
HHN,KTW,1,1,0,0
WAW,LTN,1,1,0,0
PDT,PDX,1,1,0,0
KUT,DOK,1,1,0,0
DLC,SHP,1,1,0,0
BEG,PRG,1,1,0,0
ATC,TBI,1,1,0,0
CBQ,LOS,1,1,0,0
VIG,CCS,2,2,0,0
FAR,PIE,1,1,0,0
SGF,SFB,1,1,0,0
ATH,TBS,1,1,0,0
CDG,CTA,3,3,0,1
YFC,YHZ,1,1,0,0
TBS,RIX,2,2,0,0
BHE,WLG,1,1,0,1
SEA,GEG,1,1,0,0
ORN,AAE,1,1,0,0
MLE,PVG,1,1,0,0
DME,KIV,2,2,0,0
SAT,BWI,2,2,0,1
CGP,JED,1,1,0,0
FRA,MLE,1,1,0,0
FDF,HAV,1,1,0,0
SLC,BOI,1,1,0,0
LAX,TLV,1,1,0,0
WRO,ZRH,1,1,0,0
BRU,SXF,1,1,0,0
SXF,SOF,1,1,0,0
EDI,HER,1,1,0,0
BHD,EMA,1,1,0,0
BGW,BAH,1,1,0,0
BND,ZBR,1,1,0,0
MSY,BOS,1,1,0,0
BPN,PLW,2,2,0,0
DUS,VKO,1,1,0,0
LUX,NAP,1,1,0,0
RAK,LUX,1,1,0,0
TRD,RIX,1,1,0,0
FLL,CPH,1,1,0,1
MCT,FRA,1,1,0,0
CRL,CAG,1,1,0,0
TFS,CRL,1,1,0,0
CHQ,CRL,1,1,0,0
NRN,OUD,1,1,0,0
WMI,BCN,1,1,0,0
MPM,DUR,1,1,0,1
JED,BLR,1,1,0,0
ECP,BNA,1,1,0,0
VAN,IST,1,1,0,0
ELP,IAH,1,1,0,1
KJA,DYU,3,3,0,0
GBB,DME,1,1,0,0
AGU,LAX,1,1,0,0
BVG,MEH,1,1,0,0
RVK,OSY,1,1,0,0
IEV,BUD,1,1,0,0
CUF,CMN,1,1,0,0
LDB,VCP,1,1,0,0
VKO,URS,1,1,0,0
DLA,ABJ,1,1,0,0
MCO,YYC,1,1,0,0
YKQ,YKU,1,1,0,0
BWI,ORD,3,3,0,2
SVO,VVO,1,1,0,0
LPA,SZG,2,2,0,0
NGO,ISG,1,1,0,0
KHI,SHJ,2,2,0,0
YLW,YXY,1,1,0,0
KGD,EGO,1,1,0,0
VIE,VNO,1,1,0,1
BGA,MDE,1,1,0,0
SWJ,NUS,1,1,0,0
TWU,JHB,1,1,0,0
LOS,ROB,1,1,0,0
DSN,SJW,1,1,0,0
CNS,NTN,1,1,0,0
DUB,WAW,1,1,0,0
SUV,NAN,1,1,0,1
MAZ,SJU,1,1,0,0
KMG,CEI,1,1,0,0
KIJ,PVG,2,2,0,1
CVG,SLC,1,1,0,0
BCN,GOT,3,3,0,1
STN,STR,1,1,0,0
LYS,DUS,1,1,0,0
THN,BMA,1,1,0,0
ITM,MSJ,1,1,0,1
FKQ,SOQ,1,1,0,1
ASM,ADE,1,1,0,0
EIN,WMI,1,1,0,0
GRQ,PMI,2,2,0,0
PDL,FRA,1,1,0,0
MTS,JNB,1,1,0,1
MQP,DUR,1,1,0,1
JER,LCY,1,1,0,0
TPA,ROC,1,1,0,0
BNA,CLE,2,2,0,1
BIO,IST,1,1,0,0
ACE,AMS,1,1,0,0
IAD,HSV,1,1,0,1
LTN,IEV,1,1,0,0
KJA,KRR,1,1,0,0
TET,UEL,1,1,0,0
LEI,SVQ,1,1,0,0
DME,SHJ,1,1,0,0
YYZ,WAW,2,2,0,0
EZE,ROS,1,1,0,1
BOI,PDX,1,1,0,1
KCH,BKI,2,2,0,0
SZX,JDZ,2,2,0,1
WNZ,ZUH,2,2,0,1
LHR,ALG,1,1,0,0
LYS,BJA,1,1,0,0
FAE,BGO,1,1,0,0
MAA,RUN,1,1,0,0
HKT,MNL,1,1,0,0
NKG,KHN,2,2,0,0
SLC,GDL,1,1,0,1
DXB,CPH,2,2,0,1
LFW,ABV,1,1,0,1
RAK,STN,2,2,0,0
DUS,GVA,1,1,0,0
IFN,DXB,1,1,0,0
KMQ,OKA,1,1,0,0
NBO,TNR,1,1,0,0
BGO,EDI,1,1,0,0
KHI,RYK,1,1,0,0
MEL,BWT,1,1,0,0
KME,KGL,1,1,0,0
AGP,GSE,1,1,0,0
AHO,BLQ,1,1,0,0
BZG,STN,1,1,0,0
OSD,ARN,1,1,0,0
FLL,MGA,1,1,0,0
BOG,SVI,1,1,0,0
CCS,FNC,1,1,0,0
VKO,MXP,1,1,0,0
GOI,DME,1,1,0,0
LGW,BVC,1,1,0,0
CJJ,SHE,1,1,0,0
HIA,DLC,1,1,0,0
HAM,DJE,1,1,0,0
UUD,HTA,1,1,0,0
YMT,YNS,1,1,0,0
YZF,YFS,2,2,0,0
IBZ,PAD,1,1,0,0
GIB,BHX,1,1,0,0
OKA,ITM,2,2,0,0
NGO,KIJ,1,1,0,1
RIX,AMS,2,2,0,1
SYD,NLK,1,1,0,0
ORD,ANC,2,2,0,0
LEJ,VIE,2,2,0,2
ACI,GCI,1,1,0,0
KUL,BLR,3,3,0,1
PEN,KCH,1,1,0,0
TYN,INC,2,2,0,0
HET,DSN,1,1,0,0
MXP,PEK,1,1,0,0
SUV,FUN,1,1,0,0
CNP,KUS,1,1,0,0
SVO,TSE,1,1,0,0
TLS,RNS,1,1,0,0
MAD,LHR,2,2,0,0
LRM,MXP,1,1,0,0
RAK,LPA,1,1,0,1
KMG,YBP,1,1,0,0
LOP,KOE,1,1,0,0
STR,BDS,1,1,0,0
VRN,TXL,1,1,0,0
LAS,LGB,1,1,0,0
MHQ,TKU,1,1,0,0
JED,SKT,1,1,0,0
ROB,CMN,1,1,0,0
CMN,BEY,1,1,0,0
JFK,CMN,1,1,0,0
BRE,HAU,1,1,0,0
NOC,EMA,1,1,0,0
BLL,STN,1,1,0,0
KGS,KUN,1,1,0,0
DMB,TSE,1,1,0,0
LIS,BSB,1,1,0,0
BRU,DJE,1,1,0,0
GOA,IST,1,1,0,0
IST,VAS,1,1,0,0
HRG,DME,1,1,0,0
LPA,PRG,1,1,0,0
IAH,ZLO,1,1,0,1
TLV,SVX,1,1,0,0
SKP,MLH,1,1,0,0
JNU,GST,2,2,0,0
FUE,NTE,1,1,0,0
ZUH,NGB,1,1,0,0
MUC,VNO,1,1,0,0
FAI,AKP,1,1,0,0
ERS,NDU,1,1,0,0
VTZ,CCU,2,2,0,2
INC,CGQ,2,2,0,1
ORK,GLA,1,1,0,1
TLV,KRR,1,1,0,0
LAE,GKA,1,1,0,0
CSX,HKG,2,2,0,0
HGH,AMS,2,2,0,1
GIG,MCZ,2,2,0,0
MSN,MSP,1,1,0,0
CVG,MCO,1,1,0,0
DLH,MSP,1,1,0,1
MSP,RST,1,1,0,1
BSL,SKG,1,1,0,0
HEL,KUO,1,1,0,0
UME,BMA,2,2,0,1
SIN,HEL,1,1,0,0
FKB,HAM,1,1,0,0
LIH,OGG,1,1,0,0
EBL,IKA,1,1,0,0
MXP,TFS,1,1,0,0
ARN,POR,1,1,0,0
MUC,MCT,1,1,0,0
PEW,KHI,3,3,0,0
BAL,SAW,1,1,0,0
BLL,CCF,1,1,0,0
ACE,CRL,1,1,0,0
FEZ,STN,1,1,0,0
IBZ,BGY,1,1,0,0
FAO,FMM,1,1,0,0
NRN,PMO,1,1,0,0
BLQ,CPH,1,1,0,0
CRK,BKK,1,1,0,0
IBR,FUK,1,1,0,0
UUS,DEE,1,1,0,0
LOH,GYE,1,1,0,0
LGQ,UIO,1,1,0,0
NCE,RTM,1,1,0,0
HRK,LCA,1,1,0,0
VLC,TSR,1,1,0,0
BEW,UEL,1,1,0,0
GST,HNH,1,1,0,0
PLU,SJK,1,1,0,0
FEN,NAT,1,1,0,0
KGA,FIH,1,1,0,0
ABV,ABB,1,1,0,0
UTT,JNB,1,1,0,1
PIX,PDL,1,1,0,0
KTM,IST,1,1,0,0
YXL,XKS,1,1,0,0
LIL,ALG,2,2,0,0
JFK,MAN,5,5,0,3
DUS,ALC,1,1,0,0
FDH,PMI,2,2,0,0
AGU,MTY,1,1,0,1
POM,VAI,1,1,0,0
SHJ,GOI,1,1,0,0
ASU,EZE,3,3,0,0
GEG,SEA,1,1,0,0
MBJ,BWI,1,1,0,0
SKB,NAS,1,1,0,0
DOU,GRU,1,1,0,0
TYN,HKG,2,2,0,0
MUC,LCA,2,2,0,0
LOS,LBV,1,1,0,1
BFS,STN,1,1,0,0
ALC,BRS,3,3,0,0
KEM,HEL,2,2,0,1
KTE,SZB,2,2,0,1
BFJ,SHA,1,1,0,0
WAW,LWO,1,1,0,0
KOI,SOY,1,1,0,0
DJJ,NBX,1,1,0,1
MFM,WUX,1,1,0,0
REC,AJU,2,2,0,0
RHO,EIN,1,1,0,0
RDM,DEN,1,1,0,1
LCA,CWL,1,1,0,0
NUX,SLY,1,1,0,0
DXB,LKO,1,1,0,0
DMK,KHN,1,1,0,0
MJV,EIN,1,1,0,0
ANV,KGX,2,2,0,1
MLO,ATH,2,2,0,0
CCS,CDG,1,1,0,0
SZG,TXL,2,2,0,1
MEX,CCS,1,1,0,0
YQR,YWG,2,2,0,1
SAN,MRY,1,1,0,1
PMI,BHD,1,1,0,0
SGC,OSS,2,2,0,0
HOU,LAS,2,2,0,1
KHH,PEK,1,1,0,0
CAN,SWA,1,1,0,0
SVG,AAL,1,1,0,0
HAM,LTN,1,1,0,0
MAN,TLV,1,1,0,0
LPL,MAD,1,1,0,0
TXL,BLQ,1,1,0,0
MSP,ATY,1,1,0,0
HAK,HFE,1,1,0,0
GIG,MAD,1,1,0,0
NCL,PRG,1,1,0,0
STI,SJU,2,2,0,0
FAO,XRY,1,1,0,0
PEW,ISB,1,1,0,0
DUS,ASR,1,1,0,0
JNB,PER,2,2,0,1
BGW,AMM,1,1,0,0
BVA,VLC,1,1,0,0
MLA,PIK,1,1,0,0
FAO,NRN,1,1,0,0
DMM,DAC,1,1,0,0
DEN,CAK,1,1,0,0
MAD,BKK,1,1,0,0
MLM,LAX,1,1,0,0
OTP,CTA,1,1,0,0
AYP,LIM,2,2,0,0
VCP,IGU,1,1,0,0
MCI,BOS,1,1,0,0
BET,KKH,1,1,0,1
CLT,ABE,2,2,0,2
PSP,BLI,1,1,0,0
JER,DUS,1,1,0,0
YGR,YGP,1,1,0,1
YYY,YUL,1,1,0,1
SAL,LIR,1,1,0,0
MAU,PPT,1,1,0,0
NAN,CXI,2,2,0,1
IFJ,RKV,1,1,0,0
ARN,MSQ,1,1,0,0
ILO,GES,1,1,0,0
ZAG,DBV,1,1,0,0
DTW,TUL,1,1,0,1
FCA,MSP,1,1,0,1
CRW,DTW,1,1,0,1
CAI,ABV,1,1,0,0
ADD,MQX,1,1,0,0
BRS,FCO,1,1,0,0
MAN,SOU,1,1,0,0
QBC,YAA,1,1,0,0
UET,SHJ,1,1,0,0
SAW,DOK,1,1,0,0
DOH,SIN,1,1,0,0
TNG,CMN,1,1,0,0
STN,SUF,1,1,0,0
KIR,STN,1,1,0,0
MJV,LTN,1,1,0,0
MLA,NYO,1,1,0,0
JNB,ACC,1,1,0,0
BNA,PNS,1,1,0,0
HIR,RBV,1,1,0,0
GRU,SJP,1,1,0,0
RTM,SPU,1,1,0,0
VXE,RAI,1,1,0,0
SFO,MOD,1,1,0,1
YYZ,SJU,1,1,0,0
CJU,XMN,1,1,0,0
LUV,DOB,1,1,0,0
CNF,IMP,1,1,0,0
AEB,CKG,1,1,0,0
HDG,CKG,1,1,0,0
PQS,MOU,1,1,0,1
YOJ,YEG,1,1,0,0
LAS,MFR,1,1,0,0
BCN,BJZ,1,1,0,0
VNS,BOM,1,1,0,0
IWJ,HND,1,1,0,0
TLV,RIX,1,1,0,0
PBJ,VLI,1,1,0,0
MHD,KSH,2,2,0,0
CCS,STD,3,3,0,0
PEK,HLH,2,2,0,1
GYS,CAN,2,2,0,1
SVU,SUV,1,1,0,1
TLE,FTU,1,1,0,0
POP,PUJ,1,1,0,0
PDX,MDW,2,2,0,1
JNB,HKG,2,2,0,0
MNL,SJI,1,1,0,0
SHA,AQG,1,1,0,0
NAY,NDG,2,2,0,1
ERI,DTW,1,1,0,0
BCN,LPL,2,2,0,0
PMO,MXP,1,1,0,0
BRU,REU,1,1,0,0
THR,PFQ,1,1,0,0
LGB,OAK,1,1,0,0
LUX,MAD,1,1,0,0
KHH,CSX,2,2,0,1
CPH,FAO,1,1,0,0
JED,SAW,1,1,0,0
SSA,SDU,1,1,0,0
GDT,PLS,2,2,0,0
BVA,SNN,1,1,0,0
FMM,OPO,1,1,0,0
OVB,DYU,2,2,0,0
NZH,HRB,1,1,0,0
TNG,LIS,1,1,0,0
SID,LIS,2,2,0,0
PVG,RMQ,1,1,0,0
VKO,DWC,1,1,0,0
MTJ,DEN,1,1,0,0
DYU,GOJ,1,1,0,0
KZN,SKD,1,1,0,0
TJM,TAS,1,1,0,0
GDN,TRF,1,1,0,0
MTY,TGZ,1,1,0,0
SJW,WNZ,1,1,0,0
BET,PQS,1,1,0,1
PHO,PIZ,1,1,0,1
ROB,ABJ,1,1,0,0
DCA,PBI,2,2,0,2
TXK,DFW,2,2,0,1
ELM,PHL,2,2,0,1
BGR,SFB,1,1,0,0
CCU,KTM,1,1,0,0
BEL,BVS,1,1,0,0
POM,MNL,1,1,0,0
YQR,ORD,2,2,0,2
SEA,YYC,1,1,0,1
VIE,VCE,1,1,0,1
URC,YCU,2,2,0,1
AZR,CZL,1,1,0,0
BOH,DUB,1,1,0,1
NAN,VLI,2,2,0,0
JJU,JNS,1,1,0,0
YQB,PUJ,1,1,0,0
GLA,YYC,1,1,0,0
THS,BKK,1,1,0,0
ZRH,SOF,1,1,0,0
HSN,PEK,2,2,0,1
MSP,TYS,1,1,0,1
LPL,BCN,2,2,0,0
AGA,SXF,1,1,0,0
KEF,HEL,2,2,0,1
MRS,BCN,2,2,0,1
SIN,BOM,3,3,0,0
AWZ,BND,1,1,0,0
DXB,ZAH,1,1,0,0
FLL,HPN,1,1,0,0
SZZ,WAW,1,1,0,0
ANU,SXM,1,1,0,0
CMN,COO,1,1,0,0
EIN,TPS,1,1,0,0
RAK,DLE,1,1,0,0
OSI,STN,1,1,0,0
BVA,OUD,1,1,0,0
PZB,JNB,1,1,0,1
BKK,TNA,1,1,0,0
HKG,YIH,1,1,0,0
ADZ,PVA,1,1,0,0
MAD,TUN,1,1,0,0
AYT,GLA,1,1,0,0
TFS,CWL,2,2,0,0
RTM,FAO,1,1,0,0
FUE,ACE,1,1,0,0
DME,VNO,1,1,0,0
TOE,TUN,1,1,0,0
LAX,YUM,1,1,0,1
ORD,SMF,1,1,0,0
OOL,CBR,1,1,0,1
XIY,TXN,1,1,0,0
SRG,PKN,1,1,0,0
FUK,MMJ,1,1,0,0
DWC,BEY,1,1,0,0
TBW,VKO,1,1,0,0
LYA,SHE,1,1,0,0
DKR,NKC,2,2,0,0
YNS,YMT,1,1,0,0
YSK,YGW,1,1,0,0
LIH,OAK,2,2,0,1
PHL,BRU,2,2,0,0
BOI,LAS,2,2,0,0
YMM,DEN,2,2,0,2
DCA,YOW,1,1,0,1
RIX,ATH,1,1,0,0
TJA,VVI,2,2,0,0
RUH,FCO,2,2,0,1
PPT,FAV,1,1,0,0
XNN,KWE,1,1,0,0
PTY,BAQ,1,1,0,0
NRT,PDX,1,1,0,0
DTW,EVV,1,1,0,1
MSP,YXE,1,1,0,1
ADD,AXU,1,1,0,0
BSL,AGP,1,1,0,0
TTN,BNA,1,1,0,0
FMM,TXL,1,1,0,0
DUS,OTP,1,1,0,1
BLQ,FRA,1,1,0,0
OSL,TRD,2,2,0,0
SYD,LSY,1,1,0,0
TFN,CMN,1,1,0,0
CMN,LFW,1,1,0,0
BRE,AGP,1,1,0,0
DTM,GRO,1,1,0,0
BHX,LDY,1,1,0,0
EGC,STN,1,1,0,0
BGY,DUB,1,1,0,0
AHB,DMM,1,1,0,0
RUH,ELQ,1,1,0,0
TUL,DAL,1,1,0,0
IST,LUX,1,1,0,0
IAH,HRL,1,1,0,1
DAY,EWR,1,1,0,1
KBP,TFS,1,1,0,0
CUU,TIJ,1,1,0,0
KHN,SYX,1,1,0,0
REX,GDL,1,1,0,0
TCQ,AQP,1,1,0,0
CWB,CXJ,1,1,0,0
DWC,IEV,1,1,0,0
MZT,DFW,2,2,0,2
IAG,PIE,1,1,0,0
PRG,LJU,1,1,0,0
PKC,SVO,1,1,0,0
IBZ,FMO,1,1,0,0
IMF,IXS,1,1,0,0
NCE,RIX,1,1,0,0
RIX,KGD,1,1,0,0
TRG,AKL,1,1,0,1
TLV,CAI,1,1,0,0
PPT,TUB,1,1,0,0
RLK,PEK,2,2,0,1
ALG,CZL,1,1,0,0
TMR,ELG,1,1,0,0
JQA,JAV,1,1,0,0
LYS,CFE,1,1,0,0
OAK,OKC,1,1,0,1
YQB,CDG,1,1,0,0
LED,LHR,1,1,0,0
CEB,IAO,1,1,0,0
KHN,NKG,2,2,0,0
BGR,DTW,1,1,0,1
LAX,GEG,1,1,0,1
HKG,HEL,1,1,0,0
YCS,YZS,1,1,0,0
PRN,STR,1,1,0,0
BAH,PEW,1,1,0,0
SZX,XUZ,1,1,0,0
STR,BVC,1,1,0,0
BBI,CCU,1,1,0,0
LGB,LAS,1,1,0,0
NBO,BKO,1,1,0,0
RSU,CJU,1,1,0,0
ICN,OKJ,1,1,0,0
JXA,HRB,1,1,0,0
CRL,NYO,1,1,0,0
FNI,FEZ,1,1,0,0
CIA,CHQ,1,1,0,0
DUR,MPM,1,1,0,1
LIS,BUD,1,1,0,0
LSP,AUA,1,1,0,0
LED,PUJ,1,1,0,0
JJN,TPE,1,1,0,0
VXC,TET,1,1,0,0
WMX,DJJ,1,1,0,0
HRO,MEM,1,1,0,0
BHD,IOM,1,1,0,0
SHP,DLC,1,1,0,0
STT,NEV,1,1,0,0
HPB,SCM,1,1,0,1
KBP,DXB,2,2,0,0
STL,JBR,1,1,0,0
GCM,MIA,3,3,0,0
PHL,CHS,2,2,0,1
CJU,KPO,1,1,0,0
SBN,SFB,1,1,0,0
ROV,AYT,1,1,0,0
IBZ,FDH,1,1,0,0
MRU,BOM,2,2,0,1
OKJ,TPE,2,2,0,2
GYD,NBC,1,1,0,0
YYZ,SAL,1,1,0,0
ORY,PAP,1,1,0,0
ZHA,KMG,1,1,0,0
FAV,RGI,1,1,0,0
HET,PVG,2,2,0,1
DMD,ONG,1,1,0,0
CTA,DUB,1,1,0,0
ALA,KZN,1,1,0,0
GUR,PNP,1,1,0,0
GHE,PAC,1,1,0,0
DXB,HKG,2,2,0,0
HRB,OHE,1,1,0,0
SWA,WUH,1,1,0,0
CGQ,HFE,1,1,0,0
JFK,DKR,1,1,0,0
DTW,TTN,1,1,0,0
BRU,STR,1,1,0,0
BKK,KWI,1,1,0,0
KTW,FRA,2,2,0,2
WAW,VNO,1,1,0,0
IBZ,LUX,1,1,0,0
DMK,TST,2,2,0,0
ADA,JED,1,1,0,0
OAG,SYD,1,1,0,0
CRL,CCF,1,1,0,0
LTN,BZR,1,1,0,0
WRO,WMI,1,1,0,0
SDR,TFS,1,1,0,0
OPO,VLC,1,1,0,0
PMI,CIA,1,1,0,0
BLQ,ARN,1,1,0,0
RUH,MAA,1,1,0,0
BSC,EOH,1,1,0,0
HIR,CHY,1,1,0,0
ZIH,IAH,1,1,0,1
PUB,DEN,1,1,0,1
IAH,SJU,1,1,0,0
ACV,CEC,1,1,0,1
DWC,PEE,1,1,0,0
SGN,THD,1,1,0,0
TIJ,SJD,1,1,0,0
OSY,TRD,1,1,0,0
GSE,SKP,1,1,0,0
CLJ,LTN,1,1,0,0
SGC,SVX,1,1,0,0
MOU,PQS,1,1,0,1
LAS,RAP,1,1,0,0
MYJ,NGO,1,1,0,1
YQX,YHZ,1,1,0,1
TAH,AWD,1,1,0,0
TRN,TIA,1,1,0,0
PEK,JXA,2,2,0,0
SZX,HSN,1,1,0,0
SAP,PTY,1,1,0,0
ATL,GUA,1,1,0,0
STN,AGP,2,2,0,0
CFB,SDU,1,1,0,0
AMS,ABZ,1,1,0,0
DBV,LUX,1,1,0,0
GRU,PFB,1,1,0,0
CMN,MUC,1,1,0,0
KRK,MLA,1,1,0,0
LPA,PSA,1,1,0,0
RAK,SVQ,1,1,0,0
FKB,GRO,1,1,0,0
DUR,BFN,1,1,0,1
OUL,ARN,1,1,0,1
DME,TJM,2,2,0,0
SXB,ADB,1,1,0,0
KWI,TUN,1,1,0,0
IST,BSL,1,1,0,0
BHI,MDQ,1,1,0,0
SDQ,EWR,1,1,0,0
GRR,CLE,1,1,0,1
UIH,HAN,1,1,0,0
RIY,KWI,1,1,0,0
OVS,TJM,1,1,0,0
FMO,STR,1,1,0,0
JNB,IST,1,1,0,0
NAS,PHL,2,2,0,0
XNA,LAX,2,2,0,2
HSL,TAL,1,1,0,0
SVO,TJM,1,1,0,0
NUE,IBZ,1,1,0,0
CTS,SHB,1,1,0,0
EUG,SEA,1,1,0,1
ORN,FCO,1,1,0,0
DUB,IOM,1,1,0,1
TSE,KSN,1,1,0,0
MPL,NTE,2,2,0,0
SKK,KKA,2,2,0,1
YVQ,YZF,2,2,0,0
CEB,KLO,1,1,0,0
SWA,KWE,1,1,0,0
AMS,DFW,2,2,0,1
DTW,MBJ,1,1,0,0
DTW,BUF,1,1,0,0
MSP,RDU,1,1,0,0
MSP,LGA,1,1,0,0
MSP,PDX,1,1,0,0
TLV,BOM,1,1,0,0
SIN,CHC,2,2,0,0
JYV,HEL,2,2,0,1
TXL,PRN,1,1,0,0
SUF,CGN,1,1,0,0
IFN,MRX,1,1,0,0
KUL,AKL,1,1,0,0
CPH,KRK,1,1,0,0
YYZ,ISB,1,1,0,0
LWO,SAW,1,1,0,0
GNY,ADB,1,1,0,0
YTZ,BOS,1,1,0,0
KRK,PSA,1,1,0,0
NYO,BVA,1,1,0,0
NRN,ALC,1,1,0,0
NRN,SDR,1,1,0,0
ORN,MED,1,1,0,0
RUH,HYD,1,1,0,0
KNH,KHH,1,1,0,0
DWC,VKO,1,1,0,0
GAE,TUN,1,1,0,0
DEN,FCA,1,1,0,1
TAS,NMA,1,1,0,0
RIX,LTN,1,1,0,0
ORY,TLV,1,1,0,0
NTE,MIR,1,1,0,0
GOJ,NSK,1,1,0,0
MGF,LDB,1,1,0,0
MCZ,AJU,1,1,0,0
YSY,YHI,1,1,0,0
BHX,HRG,1,1,0,0
IST,NRT,2,2,0,1
SHB,CTS,1,1,0,0
YOW,YQB,1,1,0,1
LIM,ASU,1,1,0,0
CSX,ZYI,1,1,0,0
BES,NCE,1,1,0,0
DYR,KHV,1,1,0,0
DAL,AUS,2,2,0,1
KRR,MSQ,1,1,0,0
YCB,YYH,1,1,0,0
BIL,GGW,1,1,0,0
GRU,CGB,4,4,0,0
ATL,JNB,1,1,0,0
ATL,PAP,1,1,0,0
DXB,LOS,1,1,0,0
GDN,HEL,1,1,0,0
CTU,JUH,1,1,0,0
BHY,SZX,1,1,0,0
WAW,MXP,1,1,0,0
KRK,SVG,1,1,0,0
HGR,IAD,1,1,0,1
LHE,MUX,1,1,0,0
SAW,BCN,1,1,0,0
CMN,JFK,1,1,0,0
NDR,CMN,1,1,0,0
KTW,STN,1,1,0,0
SDR,CRL,1,1,0,0
SDR,NRN,1,1,0,0
CIA,FKB,1,1,0,0
NRN,LEI,1,1,0,0
MXP,SIN,1,1,0,0
XIY,WUS,1,1,0,0
EGM,GZO,1,1,0,0
LIS,LCG,1,1,0,1
HAJ,IST,1,1,0,0
IST,JRO,1,1,0,0
AMS,SPC,1,1,0,0
VKO,NSK,1,1,0,0
EWR,ORF,1,1,0,1
ORD,PWM,1,1,0,1
ALB,IAD,1,1,0,1
FCO,TAS,1,1,0,0
BOO,MQN,1,1,0,0
FDE,OSL,1,1,0,0
CLJ,VLC,1,1,0,0
CDG,CUN,1,1,0,0
MJM,FIH,1,1,0,0
ARN,KID,1,1,0,1
BOD,CLY,1,1,0,0
VCE,JTR,1,1,0,0
PHL,CMH,2,2,0,2
DUS,CDG,3,3,0,1
WDH,LAD,2,2,0,0
FCO,CAG,1,1,0,0
NNG,KWE,2,2,0,0
GOH,JFR,1,1,0,0
SXB,BRU,1,1,0,0
HKG,DAD,2,2,0,0
ZUH,HGH,1,1,0,0
CNF,GYN,2,2,0,0
UVF,ATL,1,1,0,0
SSH,KWI,1,1,0,0
LGW,VIE,1,1,0,0
YYH,YZF,1,1,0,0
CAW,MEA,1,1,0,0
ATH,STR,1,1,0,0
BAH,DEL,1,1,0,0
LIL,LGG,1,1,0,0
JFK,HNL,1,1,0,0
OMS,GYD,1,1,0,0
PKZ,LPQ,1,1,0,0
TRZ,CMB,2,2,0,1
BGO,AGP,1,1,0,0
GWD,MCT,1,1,0,0
PEW,LHE,1,1,0,0
MEL,MNL,1,1,0,0
STN,CIA,1,1,0,0
MRS,EIN,1,1,0,0
KUN,CIY,1,1,0,0
DME,UKK,1,1,0,0
JER,AMS,1,1,0,0
ASR,AMS,1,1,0,0
YBP,SYX,1,1,0,0
GRU,IST,1,1,0,0
KSA,KWA,1,1,0,0
JAN,IAH,1,1,0,1
IAD,GSO,1,1,0,1
NRT,TAS,1,1,0,0
SGN,VKG,1,1,0,0
SYD,APW,1,1,0,1
KZN,DWC,1,1,0,0
CEE,KGD,1,1,0,0
VLC,NTE,1,1,0,0
SJU,CCS,1,1,0,0
SYR,PIE,1,1,0,0
LAS,XNA,1,1,0,0
PGD,RFD,1,1,0,0
DME,NCE,1,1,0,0
CWL,EDI,2,2,0,1
WWK,POM,1,1,0,0
YYZ,SCL,1,1,0,0
PUY,DUB,1,1,0,0
KZO,ALA,1,1,0,0
CDG,RUN,1,1,0,0
ALC,KEF,2,2,0,1
TFN,FUE,1,1,0,0
SJU,MAZ,1,1,0,0
KTM,KMG,1,1,0,0
CAN,AKL,1,1,0,0
YUL,ORY,1,1,0,0
PRG,PEE,1,1,0,0
FLL,DTW,2,2,0,0
MCO,CMH,2,2,0,1
MXP,EDI,1,1,0,0
ULN,ULO,1,1,0,0
AMS,LEJ,1,1,0,0
LEJ,CGN,1,1,0,0
STR,ZAD,1,1,0,0
TFS,HAJ,1,1,0,0
BRU,ACE,1,1,0,0
BNK,MEL,1,1,0,0
BTH,BPN,1,1,0,0
CFU,LUX,1,1,0,0
ARN,CHQ,1,1,0,0
LUN,CIP,1,1,0,0
NTE,CMN,1,1,0,0
NOC,KUN,1,1,0,0
LEI,DUB,1,1,0,0
SVQ,CRL,1,1,0,0
DLE,OPO,1,1,0,0
NDR,BVA,1,1,0,0
TIP,MIR,2,2,0,0
TPA,BNA,1,1,0,0
WNZ,HRB,1,1,0,0
LIS,TLS,1,1,0,1
EWR,TYS,1,1,0,1
IAD,BDL,1,1,0,0
LAX,AGU,1,1,0,0
NRT,TAK,1,1,0,0
AMD,KUL,1,1,0,0
SXB,PMO,1,1,0,0
YTS,YMO,1,1,0,0
MVD,MAD,1,1,0,0
FMO,PMI,1,1,0,0
MUC,PVK,1,1,0,0
MLA,NWI,1,1,0,0
MLA,DME,1,1,0,0
BAH,SHJ,1,1,0,0
YHZ,FSP,1,1,0,0
SJO,SAL,1,1,0,0
DUB,KIV,1,1,0,0
DEN,OMA,4,4,0,1
YXL,YHD,1,1,0,0
CEB,BCD,1,1,0,0
RAO,PLU,2,2,0,0
CEI,KMG,1,1,0,0
DPS,PVG,1,1,0,0
SZX,BFJ,1,1,0,0
HAM,HRG,1,1,0,0
BLL,SVG,1,1,0,0
ABZ,LBA,1,1,0,0
CGN,LGW,1,1,0,0
BHX,BFS,1,1,0,0
ONQ,DTM,1,1,0,0
TFN,VLC,1,1,0,1
ZAH,GBT,2,2,0,0
BDO,BDJ,1,1,0,0
LUX,AYT,1,1,0,0
CDG,ISB,1,1,0,0
DOH,DWC,2,2,0,0
BHS,PKE,1,1,0,0
HHN,VLC,1,1,0,0
STN,BUD,1,1,0,0
NYO,TSF,1,1,0,0
BTS,STN,1,1,0,0
JNB,POL,1,1,0,1
ZRH,VCE,1,1,0,0
ZRH,BOS,2,2,0,1
MCO,CLE,1,1,0,0
GDL,MDW,1,1,0,0
ZAZ,CLJ,1,1,0,0
PUJ,TLS,1,1,0,0
EVN,TJM,1,1,0,0
LBD,HMA,1,1,0,0
HGN,CNX,1,1,0,0
POA,VCP,1,1,0,0
BET,KLG,1,1,0,1
ARN,HFS,1,1,0,1
LOS,JFK,1,1,0,1
YQB,YWK,1,1,0,0
HSL,HUS,1,1,0,0
SYD,DEL,1,1,0,0
MBE,HND,1,1,0,0
ISG,FUK,1,1,0,0
RNO,SJC,1,1,0,1
SFO,DUB,1,1,0,0
KRR,FEG,1,1,0,0
MXP,MSQ,1,1,0,0
EDI,BRU,2,2,0,1
UDI,UBA,1,1,0,0
CJU,SHE,1,1,0,0
BSB,MCZ,3,3,0,0
SLC,PSP,1,1,0,1
ALB,DTW,1,1,0,1
AGP,SXF,1,1,0,0
YUT,YBK,1,1,0,0
LBV,ABJ,1,1,0,0
ITM,ASJ,1,1,0,1
WAW,MAD,1,1,0,0
KHI,MJD,1,1,0,0
NLA,MNS,1,1,0,0
ALC,HAU,1,1,0,0
BVA,LIS,1,1,0,0
CIA,GSE,1,1,0,0
JNB,MTS,1,1,0,1
GUM,HNL,1,1,0,0
IAD,EWR,1,1,0,1
BQB,ALH,1,1,0,0
MCT,DAC,1,1,0,0
KHH,TAO,1,1,0,0
ORD,DEC,1,1,0,0
PIN,MAO,1,1,0,0
NRT,KOJ,1,1,0,0
AMD,DWC,1,1,0,0
BOD,AGP,1,1,0,0
TCT,TLJ,1,1,0,0
SVO,TXL,2,2,0,1
SVO,TAS,2,2,0,0
MIA,SVO,2,2,0,0
ARH,SVO,2,2,0,1
CDG,LUX,2,2,0,1
SXR,IXL,1,1,0,0
HND,HIJ,2,2,0,0
IST,YYZ,2,2,0,0
NRT,VCE,1,1,0,0
HIA,TSN,1,1,0,0
PEK,CHG,2,2,0,1
ORN,IST,2,2,0,0
SRK,NAQ,1,1,0,0
CUR,AMS,2,2,0,0
MAS,LAE,1,1,0,0
ALG,LGW,1,1,0,0
KIX,MNL,3,3,0,0
AMS,JFK,2,2,0,0
DTW,LAN,1,1,0,1
MSP,JAX,1,1,0,1
DRS,BSL,1,1,0,0
PMI,LPL,2,2,0,0
YHK,YCB,1,1,0,0
TLS,BCN,2,2,0,1
CGN,WAW,1,1,0,0
BCN,LEN,1,1,0,1
MAD,TRN,1,1,0,1
LJG,NKG,2,2,0,0
LBA,ZTH,1,1,0,0
LUX,DJE,1,1,0,0
GWD,TUK,1,1,0,0
DAR,ARK,1,1,0,0
CMN,ORY,1,1,0,0
CRL,LRH,1,1,0,0
HOU,ELP,1,1,0,0
STR,IST,1,1,0,0
WAW,KUT,1,1,0,0
XUZ,FOC,1,1,0,0
SGY,HNS,1,1,0,0
NTE,FLR,1,1,0,0
CIF,BAV,1,1,0,0
YVO,YUL,2,2,0,1
HEH,MDL,3,3,0,0
FAI,RMP,1,1,0,0
YUD,YSK,1,1,0,0
BKK,SVO,1,1,0,0
GYD,VIE,2,2,0,1
ORD,DEL,1,1,0,0
POM,MAG,1,1,0,0
YYZ,YYT,2,2,0,0
CTG,CLO,1,1,0,0
BOB,TIH,1,1,0,0
LYS,BLJ,1,1,0,0
BOS,SNN,1,1,0,0
KUK,NUP,2,2,0,1
URC,GYD,1,1,0,0
PTY,IAH,2,2,0,1
MEM,AUS,1,1,0,1
SLC,LGB,2,2,0,1
JAX,DTW,1,1,0,1
LZH,SZX,1,1,0,0
LEJ,AMS,1,1,0,0
BHX,CGN,1,1,0,0
CMN,VLC,2,2,0,1
MCO,ORH,1,1,0,0
BFI,CLM,1,1,0,0
SCL,COR,1,1,0,0
FRA,EZE,1,1,0,0
NUE,ZRH,2,2,0,1
ARN,BGO,2,2,0,0
MCT,PEW,2,2,0,0
ZHA,CSX,1,1,0,0
ESB,BEG,1,1,0,0
EIN,IBZ,2,2,0,0
RYG,BCN,1,1,0,0
SUF,BLQ,1,1,0,0
DMM,BLR,1,1,0,0
ZRH,RAK,1,1,0,1
TBZ,IST,1,1,0,0
CAE,ORD,1,1,0,1
DEN,COD,1,1,0,1
OVB,HRB,1,1,0,0
YQR,LAS,1,1,0,0
EIN,GDN,1,1,0,0
BUD,NAP,1,1,0,0
DOK,KUT,1,1,0,0
KUT,IEV,1,1,0,0
PHL,ABE,2,2,0,1
LAS,BIL,1,1,0,0
ATH,BUD,1,1,0,0
MRS,TUN,2,2,0,0
TXL,FAO,1,1,0,0
TFS,GRZ,2,2,0,0
SLC,CUN,2,2,0,1
NJC,SVX,2,2,0,0
FOC,HIA,1,1,0,0
TSE,IST,2,2,0,0
RUH,DAC,2,2,0,0
LCA,MSQ,1,1,0,0
SKG,LXS,1,1,0,0
GRU,DOU,1,1,0,0
ACX,PVG,1,1,0,0
MCZ,GIG,2,2,0,0
CPR,SLC,1,1,0,1
HEL,ICN,1,1,0,0
DUS,SUF,1,1,0,0
NBE,LUX,1,1,0,0
AEP,PMY,1,1,0,0
FNI,CRL,1,1,0,0
PMO,NRN,1,1,0,0
BGY,LDE,1,1,0,0
TSF,STN,1,1,0,0
FMM,TFS,1,1,0,0
WMI,SNN,1,1,0,0
CPH,GDN,1,1,0,0
ARN,PUY,1,1,0,0
ATQ,SXR,1,1,0,0
URY,JED,1,1,0,0
LAS,MSY,1,1,0,0
MXP,DME,1,1,0,0
ZDY,AZI,1,1,0,0
YHO,YSO,1,1,0,0
TRD,MJF,1,1,0,0
TSR,DTM,1,1,0,0
LBD,SGC,1,1,0,0
SAW,CMN,1,1,0,0
SVX,NOJ,1,1,0,0
UKS,KBP,1,1,0,1
BRE,ZRH,1,1,0,0
VCP,VIX,1,1,0,0
YPO,YAT,1,1,0,0
MIA,UVF,2,2,0,1
SVO,BRU,1,1,0,0
SVO,VOG,1,1,0,0
BOD,MRS,2,2,0,0
YYC,YXE,2,2,0,1
NAQ,THU,1,1,0,0
KRR,VKO,2,2,0,0
SOF,BCN,2,2,0,0
CGR,DOU,1,1,0,0
PEK,LYA,1,1,0,0
KMG,NGB,2,2,0,0
POA,PTY,1,1,0,0
SPU,ATH,1,1,0,0
JNG,SHE,1,1,0,0
LGW,MPL,1,1,0,0
BHX,FLR,1,1,0,0
KOI,ABZ,1,1,0,1
ERF,LPA,1,1,0,0
KEF,BGO,2,2,0,0
BND,DXB,2,2,0,0
ZAH,DXB,1,1,0,0
AYQ,SYD,2,2,0,1
KBU,UPG,1,1,0,1
SYD,WGA,2,2,0,1
LIS,DLE,1,1,0,0
ZRH,CPH,2,2,0,0
STV,BOM,1,1,0,0
HAS,RUH,1,1,0,0
LCR,LET,1,1,0,0
AMS,RAK,1,1,0,0
BJV,EIN,1,1,0,0
VKO,HER,1,1,0,0
GDL,IAH,1,1,0,0
CFS,MEL,1,1,0,1
WAW,EIN,1,1,0,0
CGR,VCP,1,1,0,0
STM,TMT,1,1,0,0
STI,PLS,1,1,0,0
MYJ,KIX,1,1,0,0
SBH,STT,1,1,0,0
PRG,NTE,1,1,0,0
AGA,CMN,1,1,0,0
LAS,ALB,1,1,0,0
KOA,OAK,2,2,0,1
FCO,LCY,2,2,0,1
NAS,SML,2,2,0,0
MUC,BOM,2,2,0,1
ETH,HFA,1,1,0,0
DEL,GOP,2,2,0,2
FCO,ICN,2,2,0,1
BUC,DMD,1,1,0,0
ETZ,ALG,1,1,0,0
LGW,NOC,1,1,0,0
MDW,CUN,1,1,0,0
CEB,CGY,1,1,0,0
CUN,FRA,1,1,0,0
FNA,MLW,1,1,0,1
PVG,AUH,2,2,0,1
NCL,JER,1,1,0,0
BSL,OPO,1,1,0,0
YLC,YFB,1,1,0,1
CTA,LMP,1,1,0,1
JER,NWI,1,1,0,0
BQN,JFK,1,1,0,0
OGG,LNY,1,1,0,0
OMO,BGY,1,1,0,0
TGD,CDG,1,1,0,0
NCE,TRF,1,1,0,0
HAH,DAR,1,1,0,0
DOH,KHI,1,1,0,0
FEZ,ORY,1,1,0,0
CMN,TNG,1,1,0,0
BWN,PVG,1,1,0,0
AAR,PMI,1,1,0,0
AGP,AAR,1,1,0,0
CHQ,BGY,1,1,0,0
WMI,PSA,1,1,0,0
DMM,HYD,1,1,0,0
FLL,ALB,1,1,0,0
AUS,TPA,1,1,0,0
DME,GVA,1,1,0,0
MUA,EGM,1,1,0,0
MIA,LIS,2,2,0,1
IST,LGW,1,1,0,0
VPE,NOV,1,1,0,0
LAX,BOI,1,1,0,1
IAH,VSA,1,1,0,1
ZTB,YHR,1,1,0,0
SSJ,OSL,1,1,0,0
BVC,LGW,1,1,0,0
SJJ,TXL,1,1,0,0
TBS,DNK,1,1,0,1
XKS,YTL,1,1,0,0
CLT,PNS,2,2,0,2
LAS,GRI,1,1,0,0
NTE,BRU,2,2,0,1
MYJ,OKA,1,1,0,0
YGP,YGR,1,1,0,1
MDG,SHE,1,1,0,0
KOW,ZUH,1,1,0,0
FNJ,VVO,1,1,0,0
PHO,OTZ,2,2,0,1
TFN,GMZ,1,1,0,1
HKG,KHV,2,2,0,0
BHY,CSX,1,1,0,0
ZAG,SKP,1,1,0,0
DAC,PBH,1,1,0,0
GDQ,LLI,1,1,0,0
BRS,FUE,2,2,0,0
LPL,GVA,1,1,0,0
LTN,IBZ,2,2,0,0
LTN,MPL,1,1,0,0
ERF,AYT,1,1,0,0
CXH,YWH,1,1,0,0
MHD,ADU,1,1,0,0
KHV,UUD,1,1,0,0
NRT,CNS,3,3,0,2
KIX,SGN,2,2,0,1
TJU,CIT,1,1,0,0
BFS,DBV,1,1,0,0
SYD,HBA,3,3,0,1
USN,CJU,1,1,0,0
JUL,LIM,1,1,0,1
MPL,FRA,1,1,0,0
MYY,SBW,1,1,0,1
BRU,BEY,1,1,0,0
TRF,BCN,1,1,0,0
SAW,JED,1,1,0,0
YTZ,EWR,1,1,0,0
PER,ZNE,2,2,0,0
MEL,DOH,1,1,0,0
LPL,FNI,1,1,0,0
STN,SDR,1,1,0,0
BOD,CRL,1,1,0,0
CIA,BVA,1,1,0,0
FKB,TPS,1,1,0,0
SYX,MIG,1,1,0,0
CTS,IBR,1,1,0,0
DWC,OMS,1,1,0,0
MUC,IAH,1,1,0,0
PIT,SFO,1,1,0,0
SDF,CLE,1,1,0,1
DNK,TLV,1,1,0,0
MTY,TIJ,1,1,0,0
CLJ,BVA,1,1,0,0
IEV,FMM,1,1,0,0
CKG,DOY,1,1,0,0
BSB,SJP,1,1,0,0
OLB,BOD,1,1,0,0
LAD,SSY,1,1,0,0
YQC,YKG,1,1,0,0
CIK,FAI,1,1,0,0
CZM,MIA,2,2,0,0
SEA,CLT,2,2,0,0
TAL,HSL,1,1,0,0
LCA,SKG,2,2,0,0
VIE,AMM,3,3,0,2
CCU,SHL,1,1,0,0
MAN,GIB,1,1,0,0
CTS,KUH,1,1,0,0
ASF,KZN,1,1,0,0
VIE,WAW,2,2,0,1
MMK,ARH,1,1,0,1
PSO,CLO,1,1,0,0
KBR,KCH,1,1,0,0
MXP,AUH,2,2,0,1
NAN,KDV,1,1,0,1
BIQ,NCE,1,1,0,0
BRU,ZAG,2,2,0,1
CGQ,KHN,1,1,0,0
HET,DLC,1,1,0,0
ADD,FIH,1,1,0,0
LGW,BSL,1,1,0,0
CHQ,LGW,1,1,0,0
CAW,SDU,2,2,0,0
TTN,IND,1,1,0,0
VKO,NUX,2,2,0,0
DEN,BFF,1,1,0,0
YWJ,ZFN,1,1,0,0
YES,THR,1,1,0,0
FON,SJO,1,1,0,1
ARN,FCO,2,2,0,0
SAW,RUH,1,1,0,0
BDS,STN,1,1,0,0
RDU,PHX,1,1,0,0
XUZ,KHH,1,1,0,0
FOR,RAI,1,1,0,0
DEN,RDM,1,1,0,1
NKG,XNN,1,1,0,0
FRO,HOV,1,1,0,0
NRT,MYJ,1,1,0,0
TAK,NRT,1,1,0,0
PAP,PLS,1,1,0,0
LCE,PEU,1,1,0,0
CEE,MMK,1,1,0,0
QOW,LOS,1,1,0,0
PBC,IAH,1,1,0,1
YSO,YYR,1,1,0,0
CLT,SDF,2,2,0,0
PIE,ROA,1,1,0,0
MAH,CGN,1,1,0,0
PTY,MEX,2,2,0,1
MNG,MGT,1,1,0,0
AKL,ROT,1,1,0,1
AEP,VDM,1,1,0,1
HNL,SAN,2,2,0,0
SOU,ACI,1,1,0,0
HDY,KUL,1,1,0,0
ZRH,DUB,2,2,0,0
LBS,NAN,1,1,0,1
TNR,MJN,1,1,0,0
KRR,IST,1,1,0,0
BLL,ZRH,1,1,0,1
BKK,NYT,1,1,0,0
PAC,CHX,1,1,0,0
MPH,CEB,1,1,0,0
SPC,MUC,1,1,0,0
MUC,ZAG,2,2,0,0
MSP,EWR,2,2,0,1
TPE,TXN,1,1,0,0
CAI,TUN,2,2,0,0
SCQ,LGW,1,1,0,0
HEL,MAD,2,2,0,1
CGN,SJJ,1,1,0,0
CTS,HNL,1,1,0,0
LEN,BCN,1,1,0,1
UPG,BUW,1,1,0,1
BZE,SPR,2,2,0,0
NNT,DMK,1,1,0,0
DKR,CMN,1,1,0,0
BZV,KGL,1,1,0,0
WRO,MLA,1,1,0,0
VLC,BLQ,1,1,0,0
CIY,HHN,1,1,0,0
RCB,JNB,1,1,0,1
CPH,SVG,1,1,0,0
JED,JFK,1,1,0,0
RSW,STL,1,1,0,0
DKR,TUN,1,1,0,0
ESB,KCO,1,1,0,1
DAD,HGH,1,1,0,0
YHR,ZGS,1,1,0,0
KTW,LTN,1,1,0,0
CDG,SID,1,1,0,0
AEB,KWL,1,1,0,0
HBE,YNB,1,1,0,0
SMF,CLT,2,2,0,0
ICN,KHV,2,2,0,0
SGF,PIE,1,1,0,0
YSG,YZF,1,1,0,0
KRR,EVN,1,1,0,0
MRS,BIQ,1,1,0,0
DEL,MEL,1,1,0,0
CCV,LNB,1,1,0,0
WNZ,LYI,1,1,0,0
YZY,LHW,1,1,0,0
UUD,YKS,1,1,0,0
MDW,BUF,2,2,0,1
CGO,NGB,1,1,0,0
PVG,LZO,1,1,0,0
LZH,PVG,1,1,0,0
LZO,KMG,1,1,0,0
JNG,KMG,1,1,0,0
HAV,EZE,1,1,0,0
GCM,DTW,1,1,0,0
BIS,MSP,1,1,0,1
HKG,TLV,1,1,0,0
ZRH,WRO,1,1,0,0
MAN,DME,1,1,0,0
BRS,CFU,2,2,0,0
LGW,CFU,2,2,0,0
AGP,MXP,1,1,0,0
GVA,HER,2,2,0,0
IST,BAH,2,2,0,0
MAD,ACC,1,1,0,0
MCT,SYZ,1,1,0,0
PRG,NCL,1,1,0,0
FDF,BGI,1,1,0,0
DEL,IKA,1,1,0,0
LGW,SVG,1,1,0,0
SAW,BLQ,1,1,0,0
CPH,DOH,1,1,0,0
AMM,LOS,1,1,0,0
DUB,CRL,1,1,0,0
RZE,LTN,1,1,0,0
FAO,OPO,1,1,0,0
CIT,OVB,1,1,0,0
BKK,IKT,1,1,0,0
MCT,AMD,1,1,0,0
AYT,EBL,1,1,0,0
KVD,IST,1,1,0,0
VKO,AER,1,1,0,0
OMA,EWR,1,1,0,1
TYS,IAH,1,1,0,1
IAD,LWB,1,1,0,1
TPE,JJN,1,1,0,0
VXC,APL,1,1,0,0
MSL,ATL,1,1,0,0
SKO,ABV,1,1,0,0
GND,MIA,2,2,0,0
SVO,NJC,1,1,0,0
MUB,WDH,1,1,0,0
TRV,SHJ,3,3,0,0
YUL,AZS,1,1,0,0
SEA,PSP,1,1,0,0
ADE,SHJ,1,1,0,0
VAR,VIE,1,1,0,1
CCV,NUS,1,1,0,0
KUL,REP,2,2,0,0
TCG,URC,2,2,0,0
ALG,NCE,1,1,0,0
LIL,MPL,1,1,0,0
CNS,HKG,3,3,0,2
FPO,BHM,1,1,0,0
MXP,LRM,1,1,0,0
JKH,MJT,2,2,0,0
RAI,LPA,1,1,0,1
XIY,DNH,2,2,0,0
LHR,CAN,1,1,0,0
AMS,ATL,2,2,0,0
SLC,SNA,1,1,0,0
ELM,DTW,1,1,0,1
BRD,INL,1,1,0,1
LBV,NSI,1,1,0,1
LCA,MXP,1,1,0,0
VCE,LTN,1,1,0,0
TIM,DPS,1,1,0,0
TUN,CGN,1,1,0,0
SYZ,BUZ,1,1,0,0
AUS,FLL,2,2,0,0
HAD,JKG,1,1,0,0
BHX,ISB,1,1,0,0
MED,MUX,2,2,0,0
ISA,BNE,2,2,0,1
DOH,CMN,1,1,0,0
PKE,BHS,1,1,0,0
LPL,NOC,1,1,0,0
EIN,DUB,1,1,0,0
TRF,LPL,1,1,0,0
ALC,BLQ,1,1,0,0
ALC,FMM,1,1,0,0
VLC,TFS,1,1,0,0
GZP,CPH,1,1,0,0
ELQ,DMM,1,1,0,0
OAK,BUR,1,1,0,0
GSP,BNA,1,1,0,0
FOR,MAO,1,1,0,0
TUN,LHR,1,1,0,0
ZLO,IAH,1,1,0,1
SFO,IAH,1,1,0,0
SVJ,SKN,1,1,0,0
DXB,TUU,1,1,0,0
EYK,NYA,1,1,0,0
URA,TSE,1,1,0,0
LMP,VCE,1,1,0,0
MAN,SPU,1,1,0,0
SAW,MED,1,1,0,0
ZCL,DFW,2,2,0,2
IAG,SFB,1,1,0,0
ATH,IOA,2,2,0,1
NKC,CDG,1,1,0,0
COK,DEL,2,2,0,0
MAH,BHX,1,1,0,0
TGU,SAP,1,1,0,0
VER,VSA,2,2,0,0
OKA,FUK,3,3,0,0
POM,NRT,1,1,0,0
CUN,EZE,1,1,0,0
SON,SSR,1,1,0,0
TIA,BRI,1,1,0,0
BOB,RFP,1,1,0,0
BLK,DUB,1,1,0,1
DUB,BIO,1,1,0,0
DEL,ALA,1,1,0,0
ATH,YUL,1,1,0,0
TIA,LGW,1,1,0,0
SOF,PFO,1,1,0,0
KMG,TPE,2,2,0,0
LPL,CDG,1,1,0,0
ENE,KOE,2,2,0,1
TFS,ERF,1,1,0,0
DUS,NQY,1,1,0,0
STR,ZAG,1,1,0,0
HFE,HAK,1,1,0,0
MUC,BVC,1,1,0,0
POZ,WAW,1,1,0,0
BSR,BEY,1,1,0,0
MNL,FUK,1,1,0,0
PNH,SGN,3,3,0,0
CMN,SXB,1,1,0,0
CRL,TFS,1,1,0,0
ALC,KIR,1,1,0,0
CFU,STN,1,1,0,0
PEG,CAG,1,1,0,0
PHX,OKC,1,1,0,0
CLT,HOU,1,1,0,0
EKS,UUS,1,1,0,0
IST,BRU,1,1,0,0
MZG,KNH,1,1,0,0
SFO,LIH,1,1,0,0
GSO,EWR,1,1,0,1
KRR,PFO,1,1,0,0
OSY,RVK,1,1,0,0
CRL,CLJ,1,1,0,0
SKP,TSF,1,1,0,0
VNO,DSA,1,1,0,0
PTJ,MEB,1,1,0,0
VCP,GYN,1,1,0,0
DWC,JED,1,1,0,0
AUK,SXP,1,1,0,1
DME,KRO,1,1,0,0
YUD,YGW,1,1,0,0
HTS,SFB,1,1,0,0
SVO,DUS,1,1,0,0
BKK,DEL,4,4,0,0
RIX,TKU,1,1,0,0
RBQ,LPB,1,1,0,0
ALG,OUA,1,1,0,0
CGO,YTY,1,1,0,0
ORY,FSC,1,1,0,0
CLE,DTW,1,1,0,0
MSP,SYR,1,1,0,1
DUS,DXB,2,2,0,1
GVA,BUD,1,1,0,0
ORY,FLR,2,2,0,1
PEN,SUB,1,1,0,0
TXL,UME,1,1,0,0
TFS,FCO,1,1,0,0
KHH,CTU,1,1,0,0
BNE,KTA,1,1,0,0
DOH,AMD,1,1,0,0
JCK,RCM,1,1,0,0
REU,CRL,1,1,0,0
BGY,TPS,1,1,0,0
IKT,DME,2,2,0,0
DMM,MAA,1,1,0,0
CIT,SCO,1,1,0,0
KMG,DMK,1,1,0,0
IAH,LRD,1,1,0,1
FKL,DUJ,1,1,0,1
ALF,VDS,1,1,0,0
GDN,BGO,1,1,0,0
MKL,BNA,1,1,0,0
HAK,WNZ,1,1,0,0
YHZ,YCL,1,1,0,0
DFW,AEX,2,2,0,1
MSY,AUS,3,3,0,1
DUS,SPC,1,1,0,0
SAW,SXF,2,2,0,0
WNZ,KHN,1,1,0,0
SHE,WNZ,2,2,0,0
CFR,NCE,1,1,0,0
ROV,VOG,1,1,0,0
TPE,FRA,1,1,0,0
HKT,SZX,1,1,0,0
HRB,YNZ,2,2,0,1
HGA,MGQ,2,2,0,0
LGA,JAX,1,1,0,0
MSP,FAR,1,1,0,0
KWI,CAI,3,3,0,0
AUH,KTM,1,1,0,0
SXF,OLB,1,1,0,0
MAN,PRG,2,2,0,0
BSL,NAP,1,1,0,0
KUL,PUS,1,1,0,0
TTN,TPA,1,1,0,0
KUT,TBS,1,1,0,0
DMB,SVX,1,1,0,0
BLK,TFS,1,1,0,0
MYY,LBU,1,1,0,1
OSL,PLQ,1,1,0,0
YBL,ZEL,1,1,0,0
SKZ,KHI,1,1,0,0
STN,ADB,1,1,0,0
SAW,BGY,1,1,0,0
YTZ,YQT,1,1,0,0
CMN,ABJ,1,1,0,0
STN,LNZ,1,1,0,0
ORK,TFS,1,1,0,0
TFS,LPL,1,1,0,0
TFS,SVQ,1,1,0,0
CCF,PIK,1,1,0,0
BUD,BGY,1,1,0,0
LHR,CMB,1,1,0,0
WUX,MFM,1,1,0,0
BOG,RVE,1,1,0,0
TUN,GVA,1,1,0,0
ALC,RTM,1,1,0,0
VCE,VKO,1,1,0,0
TAS,VKO,1,1,0,0
VKO,HRG,1,1,0,0
EWR,YHZ,1,1,0,1
DEN,ASE,1,1,0,1
LED,TIV,1,1,0,0
ZCL,MDW,1,1,0,0
YVR,KOA,1,1,0,0
ANX,TOS,1,1,0,0
SOF,LTN,1,1,0,0
NBO,LOK,1,1,0,0
VCP,PLU,1,1,0,0
REC,MCZ,1,1,0,0
KMG,ZYI,1,1,0,0
YYC,YLL,1,1,0,0
YPJ,YKG,1,1,0,0
FAT,PHX,2,2,0,2
YFS,YZF,2,2,0,0
EVN,ROV,1,1,0,0
FUE,SZG,2,2,0,0
MAH,TXL,1,1,0,0
SZG,ACE,2,2,0,0
LBA,MAH,2,2,0,0
YBG,YUL,1,1,0,1
AER,KZN,1,1,0,0
SOC,KUL,1,1,0,0
ACC,FCO,1,1,0,0
PVG,MRU,1,1,0,0
LCY,IOM,1,1,0,1
DAC,DMM,2,2,0,0
SVX,UFA,1,1,0,0
MSQ,FCO,1,1,0,0
GVA,DOH,2,2,0,0
TPE,CGK,3,3,0,0
KMI,TPE,1,1,0,0
KMG,DXB,1,1,0,0
DTW,SDF,1,1,0,0
LZH,CTU,1,1,0,0
NCE,TXL,1,1,0,0
DXB,LFM,1,1,0,0
SIN,HGH,1,1,0,0
HKT,MEL,1,1,0,0
EOH,IBE,1,1,0,1
MRS,SAW,1,1,0,0
CMB,DOH,2,2,0,0
CMN,RBA,1,1,0,0
CRL,RDZ,1,1,0,0
HHN,SCQ,1,1,0,0
EDI,SDR,1,1,0,0
MST,PMI,1,1,0,0
PMI,BLQ,1,1,0,0
SVG,CPH,1,1,0,0
DSN,SHE,1,1,0,0
FRU,ULN,1,1,0,0
PRG,RTM,1,1,0,0
EWR,TUL,1,1,0,1
IAH,POS,1,1,0,0
BDA,EWR,1,1,0,0
YNA,YZV,2,2,0,0
SKP,GSE,1,1,0,0
NTE,LIS,1,1,0,0
TLT,AKI,1,1,0,1
XCR,OPO,1,1,0,0
CUR,SXM,1,1,0,0
YWK,ZUM,1,1,0,0
SBN,PIE,1,1,0,0
MRS,RNS,1,1,0,0
CAG,DUS,3,3,0,0
BLQ,VIE,1,1,0,1
VIE,TBS,2,2,0,1
BOG,SJU,1,1,0,0
TNA,CGO,2,2,0,1
HAV,NAS,2,2,0,0
YAG,YQT,1,1,0,0
CCS,POS,1,1,0,0
CJU,CGQ,1,1,0,0
PTY,ASU,1,1,0,0
BOM,TLV,1,1,0,0
LFW,LOS,1,1,0,0
NDJ,ABV,1,1,0,1
EMA,BHD,1,1,0,0
EYK,VKO,1,1,0,0
CJB,DEL,1,1,0,0
KMG,YIH,1,1,0,0
UUD,NZH,1,1,0,0
ITM,HKD,1,1,0,1
MAN,BUD,2,2,0,0
SYD,HKT,1,1,0,0
LWO,MUC,1,1,0,1
JED,MCT,2,2,0,0
KUL,KHI,1,1,0,0
CPT,DOH,1,1,0,0
BHX,KUN,1,1,0,0
LPL,BTS,1,1,0,0
HAU,ALC,1,1,0,0
ZAD,RYG,1,1,0,0
PSR,NRN,1,1,0,0
PMF,STN,1,1,0,0
MLA,LPL,1,1,0,0
ARN,TRD,1,1,0,0
KJA,DME,2,2,0,0
LBE,MYR,1,1,0,0
SFO,CIC,1,1,0,1
DEN,DIK,1,1,0,1
ORD,SAV,1,1,0,1
DME,GBB,1,1,0,0
KBP,LCA,1,1,0,0
GDN,BRS,1,1,0,0
BVA,VNO,2,2,0,0
YNC,YKU,1,1,0,0
SFB,CID,1,1,0,0
AZA,BZN,1,1,0,0
HRB,UUS,1,1,0,0
WUH,CDG,1,1,0,0
WLS,FUT,1,1,0,0
SAP,SAL,1,1,0,0
KCH,JHB,1,1,0,0
NIM,ALG,1,1,0,0
DUB,IAD,2,2,0,1
TNR,HAH,1,1,0,0
SPC,LPA,1,1,0,0
SYX,YTY,1,1,0,0
OMA,LGA,1,1,0,1
SLC,RNO,1,1,0,0
DTW,SFO,1,1,0,0
BCN,DXB,1,1,0,0
MAN,AUH,1,1,0,0
ORY,PMO,2,2,0,0
BDS,GVA,1,1,0,0
OPO,BHX,1,1,0,0
TTN,CLE,1,1,0,0
FUE,ERF,1,1,0,0
ODS,WAW,1,1,0,0
BGI,SVD,1,1,0,0
FRA,MAN,1,1,0,0
MAN,EWR,2,2,0,1
BME,PER,2,2,0,0
OUD,CMN,1,1,0,0
FKB,ZAD,1,1,0,0
GVA,JER,1,1,0,0
PHX,BNA,1,1,0,0
BNA,CMH,1,1,0,0
BWI,MCI,1,1,0,0
CNX,CKG,1,1,0,0
LIS,TUN,1,1,0,0
GAE,TOE,1,1,0,0
MFR,SFO,1,1,0,1
LTN,BOJ,1,1,0,0
TRF,SZZ,1,1,0,0
GST,JNU,2,2,0,0
LOS,KAD,1,1,0,0
JNB,MSU,1,1,0,1
FRS,GUA,1,1,0,0
BIL,LAS,1,1,0,0
BES,MRS,2,2,0,0
JGA,BOM,1,1,0,0
NTQ,HND,1,1,0,0
PSG,JNU,1,1,0,0
ADK,ANC,1,1,0,0
CPH,DUB,3,3,0,0
SVU,NAN,1,1,0,1
TNR,WMN,1,1,0,0
AAL,AAR,1,1,0,1
YFB,YXP,2,2,0,0
TPE,TOY,1,1,0,0
HGH,LYI,1,1,0,0
DAD,CAN,2,2,0,0
KWE,XNN,1,1,0,0
CWL,BHD,1,1,0,0
UST,TTN,1,1,0,0
NSH,MHD,1,1,0,0
SHM,HND,1,1,0,0
GLA,RHO,2,2,0,0
CAG,VRN,1,1,0,0
LHR,MCT,1,1,0,0
DAC,KHI,1,1,0,0
STN,POZ,1,1,0,0
SGC,DME,1,1,0,0
DUS,LIS,1,1,0,0
KKC,BKK,1,1,0,0
IST,TXL,1,1,0,0
IST,DAR,1,1,0,0
IST,MQM,1,1,0,0
ASB,FRA,1,1,0,0
EWR,SDF,1,1,0,1
DYU,UFA,1,1,0,0
TAS,FRA,1,1,0,0
SKE,BGO,1,1,0,0
MEH,VDS,1,1,0,0
PRG,LTN,1,1,0,0
HBE,ELQ,1,1,0,0
VNO,HER,1,1,0,1
FLR,BOD,1,1,0,0
MLI,PIE,1,1,0,0
DUS,RIX,2,2,0,1
WAW,RIX,2,2,0,0
YIW,LYI,1,1,0,0
ORI,ADQ,1,1,0,0
AMS,HOG,1,1,0,0
PVD,MCO,3,3,0,0
VAR,BOJ,1,1,0,0
TAC,CEB,1,1,0,0
FRA,SPC,1,1,0,0
BOM,AMS,2,2,0,1
ABZ,EMA,1,1,0,0
MAN,BIO,1,1,0,0
MXP,SXF,1,1,0,0
CFU,LIL,1,1,0,0
FDH,EBA,1,1,0,0
IKA,ORY,1,1,0,0
SUB,TRK,1,1,0,0
FLN,JCB,1,1,0,0
ZRH,SAW,1,1,0,0
CRL,SVQ,1,1,0,0
STN,GRO,1,1,0,0
KRK,BVA,1,1,0,0
GRO,MST,1,1,0,0
BVA,NYO,1,1,0,0
TSF,TPS,1,1,0,0
FMM,FAO,1,1,0,0
LUZ,STN,1,1,0,0
JNB,UTN,1,1,0,1
LUN,DUR,1,1,0,1
YVR,SHE,1,1,0,0
SXM,FLL,1,1,0,0
JIB,IST,1,1,0,0
VKO,KUF,1,1,0,0
HKT,SVX,1,1,0,0
LNK,DEN,1,1,0,1
YEG,YXX,1,1,0,0
YXX,YYC,1,1,0,0
BUD,CTA,1,1,0,0
POL,DAR,1,1,0,0
TET,VXC,1,1,0,0
VKO,VNO,1,1,0,0
TTN,FLL,1,1,0,0
DLH,LAS,1,1,0,0
SVO,IST,1,1,0,0
GOJ,SVO,1,1,0,0
WAW,CDG,2,2,0,0
NCE,CDG,2,2,0,0
DOH,GYD,2,2,0,1
FUE,CGN,2,2,0,0
SHJ,EBL,1,1,0,0
IAH,YEG,2,2,0,1
DMM,ADE,1,1,0,0
CTG,MDE,1,1,0,0
JUV,AOQ,1,1,0,0
DAL,BHM,2,2,0,1
MKE,MSY,2,2,0,1
MUC,BLL,1,1,0,1
OTZ,SHG,2,2,0,1
CVG,FLL,1,1,0,0
DTW,FLL,2,2,0,0
TUL,DTW,1,1,0,1
WAW,DBV,1,1,0,0
AJA,CDG,1,1,0,0
SVQ,LCG,2,2,0,1
FNC,BRU,1,1,0,0
REN,KQT,1,1,0,0
PMC,MHC,1,1,0,0
WAW,BUD,2,2,0,0
TRF,ARN,1,1,0,0
MAN,TLL,1,1,0,0
FEZ,FNI,1,1,0,0
PSA,WMI,1,1,0,0
MLA,RYG,1,1,0,0
OPO,XCR,1,1,0,0
HOU,STL,1,1,0,0
SJC,SNA,1,1,0,0
LAS,MAF,1,1,0,0
GVA,JFK,2,2,0,1
SXB,TUN,1,1,0,0
DMK,MAA,1,1,0,0
ESB,MQM,1,1,0,1
MBJ,IAH,1,1,0,0
IAD,GRR,1,1,0,1
IAD,MGW,1,1,0,1
DEN,PSC,1,1,0,1
ORD,EAU,1,1,0,1
KTW,DTM,1,1,0,0
PUG,ADL,1,1,0,0
YXL,MSA,1,1,0,0
XBE,YTL,1,1,0,0
DFW,TLH,2,2,0,2
AER,LED,1,1,0,0
SVX,ROV,1,1,0,0
SVO,GOJ,1,1,0,0
BIQ,ORY,1,1,0,0
NTE,ORY,1,1,0,0
SEA,COS,1,1,0,0
ANC,LAS,1,1,0,0
SIT,KTN,1,1,0,0
AUH,FCO,2,2,0,1
CGO,KHN,1,1,0,0
DUB,TLS,1,1,0,0
SNN,MAN,1,1,0,1
JUV,NAQ,1,1,0,0
FSC,LIL,1,1,0,0
MRS,YUL,1,1,0,0
BLL,BGO,1,1,0,1
NCE,LCY,1,1,0,1
NKG,CIF,1,1,0,0
JIQ,CAN,1,1,0,0
CCS,CUM,1,1,0,0
MEM,SLC,1,1,0,0
CVG,MSY,1,1,0,1
HKG,PNH,1,1,0,0
CMN,CAI,2,2,0,0
DBV,WAW,1,1,0,0
CGN,PSA,1,1,0,0
BRU,FNC,1,1,0,0
TGJ,LIF,1,1,0,0
GDN,FRA,2,2,0,1
KRK,TPS,1,1,0,0
GRO,BVA,1,1,0,0
LIG,EMA,1,1,0,0
BVA,TRS,1,1,0,0
BLQ,MLA,1,1,0,0
RSW,PVD,1,1,0,0
MXP,GRU,1,1,0,0
IST,RIX,1,1,0,0
IAD,PUJ,1,1,0,0
BJF,VDS,1,1,0,0
HAU,BGO,1,1,0,0
BGY,OTP,1,1,0,0
VCP,JPA,1,1,0,0
NAT,FEN,1,1,0,0
BNB,MDK,1,1,0,0
ORY,TXL,1,1,0,0
CAI,BOM,2,2,0,1
MLA,LHR,1,1,0,0
MLA,BEN,1,1,0,0
SKG,ROV,1,1,0,0
DLG,AKN,1,1,0,0
BOS,PQI,2,2,0,0
SEA,MSO,1,1,0,1
AMS,NBO,3,3,0,1
FCO,BLQ,1,1,0,0
BJA,LYS,1,1,0,0
MAN,SNN,1,1,0,1
ORK,MAN,1,1,0,1
TNR,JNB,2,2,0,1
LIR,TNO,1,1,0,0
SJO,XQP,3,3,0,1
FUG,SHA,2,2,0,1
ZQZ,SJW,2,2,0,0
CSX,BKK,1,1,0,0
AMS,DBV,1,1,0,0
BNA,CVG,1,1,0,1
KRK,BFS,1,1,0,0
ICN,HEL,1,1,0,0
CGN,BHX,1,1,0,0
SOU,JER,2,2,0,0
JFK,KEF,1,1,0,0
ORY,IKA,1,1,0,0
AMS,DEL,1,1,0,0
MUC,GOT,2,2,0,2
KUF,FRA,1,1,0,0
SID,LUX,1,1,0,0
CWB,GPB,1,1,0,0
AGP,WAW,1,1,0,0
DME,SAW,1,1,0,0
BSR,AMM,1,1,0,0
BCN,BUD,2,2,0,0
CCF,OPO,1,1,0,0
OPO,LIL,1,1,0,0
RDU,STL,1,1,0,0
IST,LOS,1,1,0,0
EWR,XNA,1,1,0,1
XNA,DEN,1,1,0,1
EAU,ORD,1,1,0,1
TAS,NRT,1,1,0,0
DAD,PXU,1,1,0,0
HAN,VDH,1,1,0,0
MEH,ALF,1,1,0,0
CRL,OTP,1,1,0,0
WAW,BVA,1,1,0,0
TPP,PCL,1,1,0,0
VCP,JTC,1,1,0,0
DLA,MVR,1,1,0,0
GDL,SNA,1,1,0,0
BSL,LHR,3,3,0,2
PIE,PBG,1,1,0,0
PIE,HTS,1,1,0,0
RST,AZA,1,1,0,0
IDA,LAS,1,1,0,0
YHZ,YYR,1,1,0,1
YYZ,RDU,1,1,0,1
OSL,VIE,2,2,0,1
FTA,AWD,1,1,0,0
ORK,NCE,1,1,0,0
FAO,BHD,1,1,0,0
OHH,KHV,1,1,0,0
MEX,AUS,1,1,0,0
HKG,HYD,1,1,0,0
XIY,YNZ,1,1,0,0
NGO,DLC,1,1,0,0
JXA,SHE,1,1,0,0
DLM,FRA,2,2,0,0
MSP,GFK,1,1,0,1
LPA,BCN,3,3,0,1
MHD,ZBR,1,1,0,0
YYZ,ICN,1,1,0,0
CCS,GYE,1,1,0,0
WAW,JFK,1,1,0,0
MUC,AOI,1,1,0,1
MUR,LGL,1,1,0,1
SBW,MYY,1,1,0,1
JED,ADA,1,1,0,0
KHI,KUL,1,1,0,0
HHN,ALC,1,1,0,0
WRO,LPL,1,1,0,0
BRI,SVQ,1,1,0,0
OAK,ABQ,1,1,0,0
LAS,ONT,1,1,0,0
CPO,CJC,1,1,0,0
PBM,CAY,1,1,0,0
PMI,RTM,1,1,0,0
IAH,GIG,1,1,0,0
ORD,RAP,1,1,0,1
AGU,CUN,1,1,0,0
CLJ,DTM,1,1,0,0
KUT,HRK,1,1,0,0
PBZ,CPT,1,1,0,0
YAY,YBX,1,1,0,0
AZA,RST,1,1,0,0
LNZ,PMI,2,2,0,1
BIL,SEA,1,1,0,1
CBB,LPB,2,2,0,0
RCH,BOG,1,1,0,0
TKX,AHE,1,1,0,0
RFP,HUH,1,1,0,0
CNS,ABM,1,1,0,0
RKV,GOH,1,1,0,0
TPA,CAK,2,2,0,1
LBB,HRL,1,1,0,1
DAC,LHR,1,1,0,0
BKC,DRG,2,2,0,1
MDG,ICN,2,2,0,0
FRA,ACE,2,2,0,0
BOS,DTW,2,2,0,0
ATL,MBS,2,2,0,1
JFK,SYR,2,2,0,0
EDI,DBV,2,2,0,0
EDI,MAN,1,1,0,0
VIE,BRE,1,1,0,0
KOA,HNL,2,2,0,1
MAD,NCE,1,1,0,1
ZBR,BND,1,1,0,0
LBA,RHO,1,1,0,0
FRA,HAJ,1,1,0,0
SAW,FCO,1,1,0,0
CNJ,TSV,1,1,0,1
IBZ,NRN,1,1,0,0
AGP,TSF,1,1,0,0
CHQ,NYO,1,1,0,0
CHQ,VNO,1,1,0,0
BGY,KGS,1,1,0,0
BLQ,WMI,1,1,0,0
MLA,GRO,1,1,0,0
FKB,AGP,1,1,0,0
VVO,IKT,1,1,0,0
SDF,LAS,1,1,0,0
CKG,DLC,1,1,0,0
MYR,PBG,1,1,0,0
FLL,BQN,1,1,0,0
MRV,RTW,1,1,0,0
HKG,DMK,1,1,0,0
PGX,ORY,1,1,0,0
BJV,AMS,1,1,0,0
CDG,OSR,1,1,0,0
BZV,OLL,1,1,0,0
AKY,SNW,1,1,0,0
BGY,IEV,1,1,0,0
LWO,VLC,1,1,0,0
XAP,VCP,1,1,0,0
ABJ,FNA,1,1,0,0
BCN,EIN,1,1,0,0
RTB,GUA,2,2,0,0
CCS,SJU,1,1,0,0
MIA,PIT,2,2,0,1
ORD,BWI,3,3,0,1
HRE,WDH,1,1,0,0
KGS,DUS,3,3,0,0
KQA,DUT,1,1,0,0
PDX,ANC,1,1,0,0
FCO,IKA,2,2,0,0
HAK,CGD,1,1,0,0
VIE,ALG,1,1,0,0
SYD,SUV,1,1,0,0
FRU,CEK,1,1,0,0
MSQ,KUF,1,1,0,0
HIJ,TPE,1,1,0,0
WUH,BAV,1,1,0,0
SNV,PZO,1,1,0,0
FRA,PUY,2,2,0,1
ZAG,IST,2,2,0,0
OSL,SRP,1,1,0,0
GEG,SLC,1,1,0,0
NDJ,ADD,1,1,0,0
LGW,SOF,1,1,0,0
GVA,TFS,1,1,0,0
KOI,EDI,1,1,0,1
AGP,EXT,1,1,0,0
GLA,IBZ,2,2,0,0
YZF,YSM,1,1,0,0
YTZ,YAM,1,1,0,0
SIN,DOH,1,1,0,0
IKT,VVO,1,1,0,0
ABT,RUH,1,1,0,0
DAL,TUL,1,1,0,0
SIN,HDY,1,1,0,0
CFU,EFL,1,1,0,0
KWI,IAD,1,1,0,0
ITO,LAX,1,1,0,0
TAS,TMJ,1,1,0,0
SSJ,BOO,1,1,0,0
PLU,GRU,1,1,0,0
CNF,FOR,1,1,0,0
LCE,TGU,1,1,0,0
LHR,BEG,1,1,0,0
KHN,DMK,1,1,0,0
YAX,YTL,1,1,0,0
FLG,PHX,2,2,0,2
BLV,SFB,1,1,0,0
AGP,MAD,2,2,0,1
HFA,SDV,1,1,0,0
SHJ,KWI,1,1,0,0
YWG,YQR,2,2,0,1
YWG,ORD,2,2,0,2
SYD,VLI,2,2,0,1
RGN,THL,1,1,0,0
BKK,ALA,1,1,0,0
LRT,ORY,1,1,0,0
BWI,MEM,2,2,0,1
LPA,VDE,1,1,0,0
BRU,SOF,1,1,0,0
KIN,NAS,1,1,0,0
CAN,LUM,1,1,0,0
HET,SHA,2,2,0,0
SZX,LZO,1,1,0,0
YWG,MSP,1,1,0,1
DTW,MSN,1,1,0,0
CMH,RSW,2,2,0,1
TPE,JFK,1,1,0,0
YYZ,CAI,1,1,0,0
LXR,LHR,1,1,0,0
GCI,BHX,1,1,0,0
INV,KOI,1,1,0,1
EXT,AMS,1,1,0,0
DEN,CZM,1,1,0,0
VKO,TBS,1,1,0,0
HAJ,SPU,1,1,0,0
BOM,PAT,2,2,0,0
SID,HAJ,1,1,0,0
DBV,BFS,1,1,0,0
GOT,DUS,1,1,0,1
NCE,MUC,1,1,0,0
LKH,MUR,1,1,0,1
GZT,ECN,1,1,0,0
CMN,OUD,1,1,0,0
TMP,STN,1,1,0,0
STN,FKB,1,1,0,0
DUB,KTW,1,1,0,0
GSE,PMI,1,1,0,0
TER,OPO,2,2,0,1
HYD,CJB,1,1,0,0
ABT,DMM,1,1,0,0
PVG,SPN,1,1,0,0
VAO,HIR,1,1,0,0
FOR,LIS,1,1,0,0
UBP,BKK,1,1,0,0
IST,BHX,1,1,0,0
BGG,ESB,1,1,0,1
LAD,CAB,1,1,0,0
IAD,FCO,1,1,0,0
SGN,CGK,1,1,0,0
HOT,ELD,1,1,0,0
TJM,LED,2,2,0,0
GRB,ATL,3,3,0,3
GYD,TBZ,1,1,0,0
MLA,DUS,2,2,0,1
YXH,YYC,1,1,0,1
CNX,KUL,1,1,0,0
DSN,HET,1,1,0,0
TKX,PPT,1,1,0,0
PEK,DEL,1,1,0,0
PEK,DDG,2,2,0,1
ORK,EDI,1,1,0,1
TRW,NAN,1,1,0,0
SLC,MDW,2,2,0,1
BUD,BEG,2,2,0,0
KIT,ZTH,1,1,0,0
YHK,YZF,1,1,0,0
PAG,MNL,1,1,0,0
IST,KBP,4,4,0,0
HAM,DXB,2,2,0,1
LLW,HRE,1,1,0,0
SKG,MAN,1,1,0,0
YVP,YFB,1,1,0,0
HET,HRB,2,2,0,0
CGK,JHB,1,1,0,0
LBA,FCO,1,1,0,0
HER,GLA,1,1,0,0
PGK,BTH,1,1,0,1
TRV,CMB,2,2,0,1
LPA,CPH,1,1,0,0
FCO,ARN,2,2,0,0
YYZ,LHE,1,1,0,0
MUX,UET,1,1,0,0
FCO,SAW,1,1,0,0
ALC,EIN,2,2,0,0
CHQ,FMM,1,1,0,0
AHO,PMF,1,1,0,0
CIA,EDI,1,1,0,0
CPH,BLQ,1,1,0,0
PDL,HOR,1,1,0,0
DIL,DPS,1,1,0,0
JED,AWZ,1,1,0,0
NGB,DMK,1,1,0,0
FDH,IST,1,1,0,0
DYU,ROV,1,1,0,0
CXR,DAD,1,1,0,0
VCE,LIL,1,1,0,0
IGU,POA,1,1,0,0
TSN,SIN,1,1,0,0
BGY,VLC,1,1,0,0
MZT,PHX,2,2,0,0
CDG,HAV,1,1,0,0
ORY,MLH,1,1,0,0
WVB,WDH,1,1,0,0
IWK,HND,1,1,0,0
NPL,AKL,1,1,0,1
FCO,BRI,1,1,0,0
ORK,LHR,1,1,0,0
DUS,BLL,1,1,0,1
CVG,DTW,1,1,0,1
ABR,MSP,1,1,0,1
NCL,BHX,1,1,0,0
DXB,FCO,1,1,0,0
DXB,ATH,1,1,0,0
ADD,JIJ,1,1,0,0
LLI,ADD,1,1,0,0
KTM,AUH,1,1,0,0
MAN,CTA,2,2,0,0
BRS,PFO,2,2,0,0
HEL,DBV,2,2,0,0
HEL,GZP,1,1,0,0
PLM,DPS,1,1,0,0
STR,DRS,1,1,0,0
DBV,CGN,1,1,0,0
MAH,HAM,1,1,0,0
EOH,PEI,1,1,0,1
UPG,PSJ,1,1,0,0
RMQ,MZG,1,1,0,0
DUB,WRO,1,1,0,0
AGP,NOC,1,1,0,0
CIA,NYO,1,1,0,0
DUR,MQP,1,1,0,1
KLR,ARN,1,1,0,0
RDU,HOU,1,1,0,0
RSW,ACY,1,1,0,0
ESB,MSR,1,1,0,1
VCE,EIN,1,1,0,0
AGP,VKO,1,1,0,0
SKG,OTP,1,1,0,0
SFO,SAT,1,1,0,1
IAH,FLL,1,1,0,0
DME,TAS,1,1,0,0
OSL,FRO,1,1,0,0
HOV,FRO,1,1,0,0
LTN,GDN,1,1,0,0
CTA,ORY,1,1,0,0
VCP,THE,1,1,0,0
ERN,TFF,1,1,0,0
XMN,SJW,1,1,0,0
BKK,CGP,1,1,0,0
TBI,NAS,1,1,0,0
SJP,GRU,1,1,0,0
DCA,ILM,2,2,0,2
CDG,DKR,2,2,0,1
GWT,TXL,1,1,0,0
KRK,TXL,1,1,0,0
UBJ,HND,2,2,0,0
YUL,CZM,1,1,0,0
RIX,ABZ,1,1,0,0
EZE,BRC,1,1,0,0
MDE,CUC,1,1,0,0
RGN,KUL,3,3,0,0
KUL,SZX,1,1,0,0
MUB,JNB,2,2,0,1
URC,AAT,2,2,0,0
PVG,KHN,3,3,0,1
BEU,BVI,1,1,0,0
ALG,OGX,1,1,0,0
GYD,ALA,1,1,0,0
GYD,TSE,1,1,0,0
LYB,CYB,1,1,0,0
NNG,RGN,1,1,0,0
NNG,SWA,1,1,0,0
BFJ,SZX,1,1,0,0
SSA,CPV,1,1,0,0
RHO,SXF,1,1,0,0
AUS,SLC,1,1,0,0
ATL,BSB,1,1,0,0
WRO,GDN,1,1,0,0
CDG,BFS,1,1,0,0
DLM,EDI,1,1,0,0
XBJ,THR,1,1,0,0
CNX,LPQ,1,1,0,0
UET,TUK,1,1,0,0
AMS,CMN,2,2,0,0
AHU,CMN,1,1,0,0
NOC,FAO,1,1,0,0
PFO,GPA,1,1,0,0
GRO,MLA,1,1,0,0
MRS,TNG,1,1,0,0
HYD,DMM,1,1,0,0
BNA,ECP,1,1,0,0
YYT,EWR,1,1,0,0
EWR,SAP,1,1,0,0
IAH,SAT,1,1,0,0
ORF,EWR,1,1,0,1
UGC,TAS,1,1,0,0
YSO,YHO,1,1,0,0
LKL,TOS,1,1,0,0
LPL,WAW,1,1,0,0
HMA,URJ,1,1,0,0
ACC,ABV,1,1,0,0
WBQ,FAI,1,1,0,0
FMO,IBZ,1,1,0,0
MLA,TXL,1,1,0,0
WLG,PMR,1,1,0,1
ANC,OTZ,1,1,0,0
LYI,WNZ,1,1,0,0
PPT,AUQ,1,1,0,0
ONG,BUC,1,1,0,0
MNL,SUG,2,2,0,0
DXB,MRU,2,2,0,1
YKS,MQJ,2,2,0,0
MDW,SLC,2,2,0,1
LGW,EDI,2,2,0,0
BUD,BRU,1,1,0,0
TBS,EBL,1,1,0,0
POS,MCO,1,1,0,0
CSX,YCU,1,1,0,0
HAJ,LCA,1,1,0,0
DCA,SLC,1,1,0,0
DTW,LEX,1,1,0,0
ATL,SAL,1,1,0,0
ATL,BZE,1,1,0,0
BRS,NCE,1,1,0,0
KQT,REN,1,1,0,0
MXP,MRU,1,1,0,0
BOH,RHO,1,1,0,0
STN,AOI,1,1,0,0
EIN,REU,1,1,0,0
TPS,BTS,1,1,0,0
PSA,RAK,1,1,0,0
KBP,KGD,2,2,0,0
PTY,FLL,1,1,0,0
MYR,CRW,1,1,0,0
LIS,DUS,1,1,0,0
MIR,MRS,1,1,0,0
IST,RTM,1,1,0,0
HFE,TSA,1,1,0,0
HER,RTM,1,1,0,0
PVD,ORD,1,1,0,0
IAD,JST,1,1,0,1
BSL,IST,1,1,0,0
TXN,PUS,1,1,0,0
SVO,UUD,1,1,0,0
CPH,SJJ,1,1,0,0
CDG,CLY,1,1,0,0
WDH,HRE,1,1,0,0
DUD,WLG,1,1,0,0
REG,TRN,1,1,0,0
MHT,BWI,2,2,0,1
LHR,OPO,1,1,0,0
KRO,SVX,1,1,0,0
HNL,PVG,1,1,0,0
ZUH,CSX,1,1,0,0
NNY,SZX,1,1,0,0
GRU,LDB,2,2,0,0
PTY,MVD,1,1,0,0
BOI,MSP,1,1,0,0
SLC,GEG,1,1,0,0
SNA,SLC,1,1,0,0
ADD,HGA,1,1,0,0
GVA,SEN,1,1,0,0
CPH,HEL,3,3,0,0
DUS,BRI,1,1,0,0
ORY,TFN,1,1,0,0
KEF,YYZ,1,1,0,0
GOI,AMD,1,1,0,0
LRR,THR,1,1,0,0
LFM,DXB,1,1,0,0
MUC,SUF,1,1,0,1
MUC,HKG,1,1,0,0
BSB,IOS,1,1,0,0
MBT,MNL,1,1,0,0
AMM,DME,2,2,0,1
EDI,BOD,1,1,0,0
EIN,AHO,1,1,0,0
DUB,LPL,1,1,0,0
NRT,CPH,1,1,0,0
ABQ,BWI,1,1,0,0
SAW,LGW,1,1,0,0
SVX,CDG,1,1,0,0
LJU,LTN,1,1,0,0
APL,MPM,1,1,0,0
TJM,SLY,1,1,0,0
IEV,GRO,1,1,0,0
VCP,CGR,1,1,0,0
SSA,VCP,1,1,0,0
BRW,PIZ,1,1,0,1
SPR,BCV,1,1,0,0
ZSJ,KEW,1,1,0,0
YHZ,PHL,2,2,0,2
SFB,BLV,1,1,0,0
SFB,BMI,1,1,0,0
MXP,FOR,1,1,0,0
MRS,TLV,2,2,0,0
TRI,ATL,3,3,0,2
STN,DUS,1,1,0,0
MZT,GDL,1,1,0,1
OKA,NGS,1,1,0,0
CCJ,IXE,1,1,0,0
MXP,NRT,1,1,0,0
MAU,RFP,1,1,0,0
HRM,ALG,1,1,0,0
PEK,TSE,1,1,0,0
WMN,SVB,1,1,0,0
BIL,HVR,1,1,0,0
ZAM,CEB,1,1,0,0
KMG,YIW,1,1,0,0
SLC,BIL,1,1,0,1
MKE,DTW,1,1,0,0
MUC,CAI,2,2,0,1
PXO,LIS,3,3,0,1
JFK,AZS,1,1,0,0
MYD,NBO,2,2,0,0
BWN,MZV,2,2,0,1
GOT,NCE,1,1,0,0
ARN,ALC,2,2,0,0
MLA,CPH,1,1,0,0
ISA,JCK,1,1,0,0
CRL,IBZ,1,1,0,0
EDI,PSA,1,1,0,0
FUE,PIK,1,1,0,0
BVA,OPO,1,1,0,0
PMI,RYG,1,1,0,0
LIT,HOU,1,1,0,0
ZHA,HKG,1,1,0,0
RTW,PRG,1,1,0,0
DMK,REP,1,1,0,0
DAR,IST,1,1,0,0
LAD,VHC,1,1,0,0
IAD,SJU,1,1,0,0
YYC,PSP,1,1,0,0
FRO,BGO,1,1,0,0
TOS,HFT,1,1,0,0
SKP,NYO,1,1,0,0
GYD,BUD,1,1,0,0
PVK,MAN,1,1,0,0
AQP,TCQ,1,1,0,0
ATK,BRW,1,1,0,1
PEU,LCE,1,1,0,0
DFW,CUU,2,2,0,2
PHL,HVN,2,2,0,1
PIE,SGF,1,1,0,0
YZF,YSG,1,1,0,0
SIP,LED,1,1,0,0
DUS,STR,1,1,0,0
STR,JER,1,1,0,0
SDJ,NRT,1,1,0,0
TIF,SHJ,1,1,0,0
RIX,PLQ,1,1,0,0
IXE,AUH,1,1,0,0
ALG,AZR,1,1,0,0
CZL,AZR,1,1,0,0
FRA,ALG,2,2,0,0
SFJ,JHS,1,1,0,0
JNS,QFX,1,1,0,0
CFE,LYS,1,1,0,0
BWI,CMH,2,2,0,1
PEZ,DME,1,1,0,0
RHO,SMI,1,1,0,0
STL,OWB,1,1,0,0
URC,PVG,2,2,0,0
HIA,HKG,1,1,0,0
CAN,CGD,1,1,0,0
YNJ,DLC,1,1,0,0
CLV,CGH,1,1,0,0
TSN,KHH,1,1,0,1
CMN,DXB,1,1,0,0
MUC,EBA,1,1,0,0
MXP,IKA,1,1,0,0
MJV,EDI,1,1,0,0
FCO,LBA,1,1,0,0
FLL,BOS,2,2,0,0
NDY,KOI,1,1,0,0
MUC,LWO,1,1,0,1
MEX,MUC,1,1,0,0
AGP,SVG,1,1,0,0
CTL,BNE,1,1,0,1
CMN,SSG,1,1,0,0
PIK,BCN,1,1,0,0
SKG,NRN,1,1,0,0
CPH,PRN,1,1,0,0
LIT,MDW,1,1,0,0
SDF,TPA,1,1,0,0
DMB,ALA,1,1,0,0
UKK,PLX,1,1,0,0
BRS,AYT,1,1,0,0
CND,IST,1,1,0,0
TSA,HUN,1,1,0,0
OLB,AMS,1,1,0,0
ISN,DEN,1,1,0,1
TAS,TJM,1,1,0,0
HKT,PER,1,1,0,1
TXL,NTE,1,1,0,0
INH,JNB,1,1,0,0
UFA,GYD,1,1,0,0
OUZ,NDB,1,1,0,0
BES,BIA,1,1,0,0
YUL,YGL,1,1,0,0
ABE,PGD,1,1,0,0
DME,RHO,3,3,0,0
ZRH,NAP,2,2,0,0
BUD,RIX,1,1,0,0
FCO,TUN,2,2,0,0
FCO,NAP,1,1,0,0
LHW,KWL,1,1,0,0
PPT,RMT,1,1,0,0
BAV,CAN,2,2,0,1
NCE,ETZ,1,1,0,0
MXP,HAV,1,1,0,0
PVG,HNL,1,1,0,0
PEK,AOG,1,1,0,0
LEJ,AGA,1,1,0,0
MSP,FCA,1,1,0,1
TPE,YYZ,1,1,0,0
ABV,CAI,1,1,0,0
NDR,CGN,2,2,0,0
MAH,STR,1,1,0,0
BSL,KGS,1,1,0,0
BCN,SLM,1,1,0,1
LDE,MAD,1,1,0,1
EMA,FNC,1,1,0,0
YPY,YMM,1,1,0,0
HEL,LGW,1,1,0,0
MDW,YTZ,1,1,0,0
TSN,KWL,1,1,0,0
ISU,AMM,1,1,0,0
BHX,IBZ,1,1,0,0
ALC,WRO,1,1,0,0
BZR,BRS,1,1,0,0
BGY,GSE,1,1,0,0
IAH,PBC,1,1,0,1
TAS,FEG,1,1,0,0
OAL,CGB,1,1,0,0
KTN,KCC,1,1,0,0
DME,CFU,1,1,0,0
JER,FRA,1,1,0,0
BLR,FRA,2,2,0,1
EBJ,ABZ,1,1,0,0
YYR,YHZ,1,1,0,1
GIS,WLG,1,1,0,1
SKG,FCO,2,2,0,0
PEK,YCU,2,2,0,1
KJA,OSS,1,1,0,0
PEK,LZO,1,1,0,0
DLC,TOY,1,1,0,0
CVG,SFO,1,1,0,0
DTW,GCM,1,1,0,0
LPL,AMS,1,1,0,0
BHX,JER,1,1,0,0
AGP,SOU,1,1,0,0
TTN,ATL,1,1,0,0
HAM,OSL,2,2,0,0
KHI,BAH,1,1,0,0
ZTH,BRU,1,1,0,0
DXB,IFN,1,1,0,0
MHD,GBT,1,1,0,0
BPN,BDJ,2,2,0,0
TGD,DME,1,1,0,0
CHQ,EIN,1,1,0,0
BTS,EDI,1,1,0,0
FMM,CIA,1,1,0,0
JNB,BZV,1,1,0,0
PRG,GVA,1,1,0,0
TUN,VIE,1,1,0,0
PEK,VKO,1,1,0,0
ORD,STT,1,1,0,0
HAN,CTU,1,1,0,0
PSP,YYC,1,1,0,0
KTW,KUT,1,1,0,0
HKG,WUS,1,1,0,0
TXL,VNO,1,1,0,0
AMM,AQJ,1,1,0,0
UAS,WIL,1,1,0,0
LGA,XNA,2,2,0,1
ORD,MQT,2,2,0,2
ICN,LJG,1,1,0,0
IAG,PGD,1,1,0,0
OVD,TFS,1,1,0,0
TBG,POM,2,2,0,0
ODS,SHJ,1,1,0,0
YQG,YYZ,1,1,0,0
ZRH,YUL,2,2,0,0
KUL,URT,1,1,0,0
SUV,KDV,1,1,0,1
MRU,HKG,1,1,0,0
LCY,PMI,2,2,0,2
CEB,DGT,1,1,0,0
HRB,JNG,1,1,0,0
WXN,XMN,2,2,0,1
CVG,LAX,1,1,0,0
EKO,SLC,1,1,0,0
SEZ,DXB,1,1,0,0
MLW,ACC,1,1,0,1
SEN,EDI,1,1,0,0
PRG,LGW,1,1,0,0
MAD,DME,2,2,0,0
VLC,SVQ,1,1,0,1
ISU,IKA,1,1,0,0
MPN,PUQ,1,1,0,0
WRY,KOI,1,1,0,0
CNX,UTH,1,1,0,0
SAW,ECN,2,2,0,0
SNP,STG,1,1,0,0
HHN,CHQ,1,1,0,0
HHN,OPO,1,1,0,0
DUB,BRE,1,1,0,0
BLL,GRO,1,1,0,0
PSR,BVA,1,1,0,0
PDX,ABQ,1,1,0,0
ZRH,MAN,1,1,0,0
SDJ,UKB,1,1,0,0
CAY,BEL,1,1,0,0
AJU,SDU,1,1,0,0
BRU,AOE,1,1,0,0
SKP,IST,1,1,0,0
SMF,SFO,1,1,0,1
SHJ,TAS,1,1,0,0
TPQ,TIJ,1,1,0,0
TJM,SGC,1,1,0,0
BRN,PMI,1,1,0,0
ICN,CTU,3,3,0,1
AZA,GTF,1,1,0,0
HAM,FAO,2,2,0,0
EVN,ATH,1,1,0,0
TYN,TSN,1,1,0,0
CTU,ZUH,2,2,0,1
DMD,BUC,1,1,0,0
KWM,CNS,1,1,0,0
BCN,MSQ,1,1,0,0
MSQ,MXP,1,1,0,0
CZX,DYG,1,1,0,0
MSN,SLC,1,1,0,1
BTM,SLC,1,1,0,1
GSP,DTW,1,1,0,1
GLA,DXB,2,2,0,1
LGW,KRK,1,1,0,0
INV,EDI,1,1,0,1
DRS,CGN,1,1,0,0
NJF,BAH,1,1,0,0
THR,XBJ,1,1,0,0
PFQ,THR,1,1,0,0
KOW,HGH,1,1,0,0
JFK,UVF,1,1,0,0
NBX,DJJ,1,1,0,1
LAD,FRA,1,1,0,0
LCY,LUX,1,1,0,0
DMM,BEY,1,1,0,0
BTS,OSL,1,1,0,0
YSB,YTZ,1,1,0,0
TSA,NNG,1,1,0,0
OSL,DOH,1,1,0,0
TRO,SYD,1,1,0,0
GDN,LBA,1,1,0,0
RZE,MAN,1,1,0,0
BVA,GSE,1,1,0,0
CPH,PVG,1,1,0,0
BNA,JAX,1,1,0,0
IAG,MYR,1,1,0,0
PMC,CCP,1,1,0,0
NRT,YGJ,1,1,0,0
CTS,YGJ,1,1,0,0
EDI,IST,1,1,0,0
GRO,RTM,1,1,0,0
DME,MXP,1,1,0,0
CRD,REL,1,1,0,0
SFO,BWI,1,1,0,0
IAH,SHV,1,1,0,1
IAD,BNA,1,1,0,1
PBI,IAH,1,1,0,0
DEN,MAF,1,1,0,1
BKW,SHD,1,1,0,1
MRV,DXB,2,2,0,0
HEL,KBP,1,1,0,0
AES,VNO,1,1,0,0
BNA,MKL,1,1,0,0
SSA,JPA,1,1,0,0
MEX,CLT,2,2,0,0
CAK,PHL,2,2,0,0
LJU,SVO,2,2,0,0
BUA,POM,1,1,0,0
SHE,JMU,1,1,0,0
SFJ,JAV,1,1,0,0
FLL,HOU,2,2,0,1
DAD,HKG,2,2,0,0
PER,HKG,1,1,0,0
XFN,WUH,1,1,0,0
ISB,PEK,2,2,0,1
CAI,IST,2,2,0,0
AUH,SAH,1,1,0,0
LTN,BFS,1,1,0,0
BCN,BIO,2,2,0,1
MDT,MCO,1,1,0,0
DAC,BOM,1,1,0,0
AUA,BOS,1,1,0,0
KUL,KWI,1,1,0,0
SYD,MRZ,1,1,0,1
LRE,WIN,1,1,0,0
MUC,RAK,1,1,0,0
MAN,MAD,1,1,0,0
SNN,PIS,1,1,0,0
BLL,CFU,1,1,0,0
GRO,DUB,1,1,0,0
MAD,STN,1,1,0,0
CCF,DUB,1,1,0,0
SKG,RYG,1,1,0,0
TSF,CRL,1,1,0,0
UTN,CPT,1,1,0,1
TCD,LET,1,1,0,0
BRU,SAW,1,1,0,0
ORD,DLH,1,1,0,1
FEG,TAS,1,1,0,0
SGN,TBB,1,1,0,1
TOF,KJA,1,1,0,0
CMH,DTW,1,1,0,1
ORY,FNC,1,1,0,0
ABE,PIE,1,1,0,0
MAD,BJZ,1,1,0,0
IKA,SVO,1,1,0,0
LIL,MRS,2,2,0,0
GDL,LAP,3,3,0,1
HND,UKB,2,2,0,0
OKA,HIJ,1,1,0,0
SEA,FLL,1,1,0,0
BOY,ABJ,1,1,0,0
VIE,LIN,1,1,0,0
DSN,TYN,2,2,0,1
BLL,FAE,1,1,0,0
PUJ,MDW,1,1,0,0
SAT,CUN,1,1,0,0
ISP,SNA,1,1,0,1
XIY,CZX,1,1,0,0
PRG,ALA,1,1,0,0
HLN,MSP,1,1,0,1
DXB,LYS,1,1,0,0
RZE,BVA,1,1,0,0
CFU,LTN,1,1,0,0
SOU,AGP,1,1,0,0
KGS,BRU,1,1,0,0
HDM,MHD,1,1,0,0
TIP,LAQ,1,1,0,0
BMA,OSD,1,1,0,0
GZT,SAW,2,2,0,1
WIN,TSV,1,1,0,0
GVA,CMN,1,1,0,0
KGL,LOS,1,1,0,0
OPO,EIN,1,1,0,0
NRN,PMI,1,1,0,0
VTZ,SIN,2,2,0,1
EOH,BSC,1,1,0,0
HIR,KGE,1,1,0,0
GVA,MRS,1,1,0,0
DTM,OTP,1,1,0,0
IEV,LCA,1,1,0,0
VOZ,VKO,1,1,0,0
LIM,ANS,1,1,0,0
CKD,RDV,1,1,0,1
LOS,BNI,1,1,0,0
DFW,BDL,2,2,0,0
SFB,SBN,1,1,0,0
CDG,RNS,2,2,0,1
CDG,WUH,1,1,0,0
DEL,CMB,3,3,0,2
LIR,YYZ,2,2,0,0
FCO,GRU,1,1,0,0
HMI,XIY,1,1,0,0
LIL,BIA,2,2,0,0
MCI,MCO,3,3,0,2
SJO,BOC,1,1,0,0
HKG,CTS,2,2,0,1
OKA,KHH,1,1,0,0
GRU,BGI,1,1,0,0
ADZ,CTG,1,1,0,1
PUJ,PIT,2,2,0,0
SFO,SLC,2,2,0,0
SLC,DCA,1,1,0,0
MSP,SMF,1,1,0,0
HEL,MHQ,2,2,0,1
NWI,EDI,1,1,0,0
DUS,MPL,1,1,0,0
TXL,BHX,1,1,0,0
NCL,DUS,1,1,0,1
MRU,FCO,1,1,0,0
ALC,UME,1,1,0,0
LNS,IAD,1,1,0,1
SAW,CPH,1,1,0,0
DAR,KGL,1,1,0,0
TPS,CUF,1,1,0,0
HAS,JED,1,1,0,0
SYD,CKG,1,1,0,0
EVN,SCO,1,1,0,0
NCE,TUN,1,1,0,0
MED,TUN,1,1,0,0
AMS,ACE,1,1,0,0
SFO,IAD,2,2,0,0
CLE,AUS,1,1,0,1
IAH,STL,1,1,0,1
IAH,HOB,1,1,0,1
ORD,AVP,1,1,0,1
BEG,GSE,1,1,0,0
POL,MPM,1,1,0,0
FRA,DYU,1,1,0,0
LTI,BYN,1,1,0,0
RAO,VCP,1,1,0,0
DXB,FRU,1,1,0,0
TMS,RAI,1,1,0,0
YGR,YQB,1,1,0,0
SGN,SVO,1,1,0,0
EVN,MRV,1,1,0,0
DUS,HEL,2,2,0,2
MUC,SMI,1,1,0,0
KNX,DRW,2,2,0,1
GRZ,VIE,1,1,0,1
WNZ,TPE,1,1,0,0
MAN,ORK,1,1,0,1
BRS,ORK,1,1,0,1
UAK,JNS,1,1,0,0
YSB,YQT,1,1,0,0
AMS,CTU,2,2,0,1
GYE,PTY,2,2,0,0
RGN,HKG,1,1,0,0
STR,SUF,1,1,0,0
DMM,BOM,2,2,0,0
PUQ,RGL,1,1,0,0
PPT,IPC,1,1,0,0
TUN,FRA,2,2,0,0
DOH,PEW,2,2,0,0
BEY,SAW,1,1,0,0
KRR,SAW,1,1,0,0
BSR,DOH,1,1,0,0
PKE,SYD,1,1,0,0
RYG,EDI,1,1,0,0
PMO,STN,1,1,0,0
CAG,BRI,1,1,0,0
FMM,ALC,1,1,0,0
UKB,IBR,1,1,0,0
NOP,IST,1,1,0,0
PQC,HAN,1,1,0,0
LAP,TIJ,1,1,0,0
YYZ,MYR,1,1,0,0
CUN,MID,1,1,0,0
HIR,RUS,1,1,0,0
IAH,LBB,1,1,0,1
GJT,LAS,1,1,0,0
OSL,SVO,2,2,0,1
HAM,HER,4,4,0,0
MRU,SEZ,1,1,0,1
HSG,HND,1,1,0,0
NAN,AKL,4,4,0,2
PSG,WRG,1,1,0,0
FCO,KBP,2,2,0,0
PMV,PZO,2,2,0,0
CGY,BCD,1,1,0,0
BKK,CGO,1,1,0,0
HET,INC,1,1,0,0
REC,BSB,3,3,0,0
BGI,MAN,2,2,0,1
PMV,PBL,1,1,0,0
SPU,LHR,1,1,0,0
NAS,BOS,2,2,0,1
DTW,BTV,1,1,0,1
GCC,RKS,1,1,0,1
ESC,DTW,1,1,0,1
LGW,PRG,1,1,0,0
EDI,AMS,2,2,0,0
MXP,PMO,1,1,0,0
CGN,TUN,1,1,0,0
JMU,DLC,1,1,0,0
KNQ,GEA,1,1,0,0
NRT,AMS,1,1,0,0
FBS,LKE,1,1,0,1
KUA,KUL,1,1,0,0
ALC,TKU,1,1,0,0
BUD,ARN,1,1,0,0
NAV,SAW,1,1,0,0
TPS,KRK,1,1,0,0
DMM,EAM,1,1,0,0
XNN,LXA,2,2,0,0
SIN,DIL,1,1,0,0
DPS,DMK,1,1,0,0
HKT,VKO,1,1,0,0
SFO,RDM,1,1,0,1
KBP,HER,1,1,0,0
CUN,REX,1,1,0,0
CGN,BRN,1,1,0,0
MEX,LIM,3,3,0,0
HND,MBE,1,1,0,0
HND,NGS,2,2,0,0
ZBF,YUL,1,1,0,1
NBC,DME,1,1,0,0
SEA,YEG,1,1,0,1
YAK,CDV,1,1,0,0
NHV,UAH,1,1,0,0
MOZ,RFP,1,1,0,0
CKG,HGH,6,6,0,2
BVI,WNR,1,1,0,0
IAO,CEB,1,1,0,0
CHQ,DUS,1,1,0,0
SRP,MOL,1,1,0,0
HDF,DUS,1,1,0,0
PFO,BRU,1,1,0,0
THR,SDG,1,1,0,0
OGG,HNM,1,1,0,0
SXF,TRD,1,1,0,0
CNM,ABQ,1,1,0,0
SAW,OTP,1,1,0,0
NRT,CEB,1,1,0,0
HHN,BGY,1,1,0,0
EMA,PSA,1,1,0,0
RAK,HHN,1,1,0,0
MAD,CRL,1,1,0,0
MRS,OUD,1,1,0,0
BLQ,VLC,1,1,0,0
KUN,TPS,1,1,0,0
BZV,JNB,1,1,0,0
BNA,MSY,1,1,0,0
PEK,ZRH,1,1,0,0
LTN,IAS,1,1,0,0
EWR,YQB,1,1,0,1
IAH,LFT,1,1,0,1
PSC,DEN,1,1,0,1
BKK,TAS,1,1,0,0
TIJ,CLQ,1,1,0,0
TOS,LKL,1,1,0,0
HFT,SOJ,1,1,0,0
BVA,SOF,1,1,0,0
CAN,RMQ,1,1,0,0
MPL,FEZ,1,1,0,0
NAT,VCP,1,1,0,0
TLV,BEG,1,1,0,0
OSL,GVA,1,1,0,0
BRU,PHL,2,2,0,0
SJU,DFW,2,2,0,0
CHA,PIE,1,1,0,0
SFB,TOL,1,1,0,0
HTS,PIE,1,1,0,0
LTN,NAP,1,1,0,0
MEX,OAX,2,2,0,0
RIX,MLA,1,1,0,0
HAK,ZYI,1,1,0,0
GHA,CZL,1,1,0,0
CWL,DUB,1,1,0,1
LGW,ANU,3,3,0,1
TIP,LHR,2,2,0,0
KEF,LGW,3,3,0,1
BRU,GOT,3,3,0,2
SZX,NNY,1,1,0,0
LYA,KHN,1,1,0,0
MIG,CAN,1,1,0,0
DTW,GSP,1,1,0,1
ATL,SXM,1,1,0,0
BFS,BHX,1,1,0,0
OVD,STN,1,1,0,0
CAN,WEF,1,1,0,0
TFN,ORY,1,1,0,0
VLC,TFN,1,1,0,1
OIT,ICN,1,1,0,0
OLB,TRN,1,1,0,0
LHE,RYK,1,1,0,0
MUC,DOH,2,2,0,0
TMP,BRE,1,1,0,0
STN,RBA,1,1,0,0
TFS,MST,1,1,0,0
GRO,PSR,1,1,0,0
CAG,PSR,1,1,0,0
CMB,KCT,1,1,0,0
MAA,TCR,1,1,0,0
SIN,MXP,1,1,0,0
ATH,ZRH,1,1,0,0
ZRH,ADB,1,1,0,0
PQC,VCA,1,1,0,0
YQQ,YEG,1,1,0,0
TRF,POZ,1,1,0,0
LHW,NNG,1,1,0,0
POP,PLS,1,1,0,0
FBM,MJM,1,1,0,0
SCC,BTI,1,1,0,1
ADD,LLW,1,1,0,0
GLK,BSA,2,2,0,0
PUS,SPN,1,1,0,0
AZA,GRI,1,1,0,0
WDH,ACC,1,1,0,0
MAA,MCT,2,2,0,0
MLA,FRA,2,2,0,0
WUX,KIX,2,2,0,1
AEP,SDE,1,1,0,0
DUB,ABZ,1,1,0,1
EVN,PRG,2,2,0,0
ALB,TPA,2,2,0,1
OVB,MJZ,1,1,0,0
XIY,JGN,1,1,0,0
CAN,HAN,2,2,0,0
CAN,CSX,1,1,0,0
IND,RSW,2,2,0,0
DTW,AVL,1,1,0,1
MAA,DXB,2,2,0,0
LTN,SXF,1,1,0,0
SEN,BCN,1,1,0,0
GVA,TLS,2,2,0,0
ABZ,LSI,1,1,0,1
CFN,DUB,1,1,0,1
HNL,PPT,1,1,0,0
VLC,OVD,2,2,0,1
SVQ,VLC,1,1,0,1
SFB,KEF,1,1,0,0
MUC,TRS,1,1,0,1
LUX,TXL,2,2,0,1
TFS,OSL,1,1,0,0
SAW,CRL,1,1,0,0
SAW,KCM,1,1,0,0
ACE,ZAZ,1,1,0,0
TSF,CAG,1,1,0,0
MLA,WRO,1,1,0,0
EOH,BOG,1,1,0,0
BNY,RNL,1,1,0,0
TNW,UIO,1,1,0,0
VIL,LPA,1,1,0,0
TSA,HGH,1,1,0,0
STL,IAH,1,1,0,1
IAD,SXM,1,1,0,0
ORD,ROA,1,1,0,1
DPS,PHE,1,1,0,0
HER,NTE,1,1,0,0
BRN,LCY,1,1,0,0
MUC,BOD,1,1,0,0
LHR,MXP,2,2,0,1
HOU,DFW,2,2,0,0
AMS,KGL,3,3,0,2
SXB,NCE,1,1,0,0
NRT,NOU,1,1,0,0
DRS,DUS,2,2,0,0
LIN,BRI,2,2,0,1
SYD,PQQ,3,3,0,2
SRG,KUL,1,1,0,0
ORY,LRH,1,1,0,0
STL,OMA,2,2,0,1
SAW,MRV,1,1,0,0
MSQ,ASB,1,1,0,0
HPN,HYA,1,1,0,0
CZE,CCS,1,1,0,0
ACE,LPL,2,2,0,0
NYK,WIL,1,1,0,0
MHD,DYU,1,1,0,0
SJU,PBI,1,1,0,0
AMS,JNB,1,1,0,0
ALA,AMS,1,1,0,0
JFK,WAW,1,1,0,0
NRL,PPW,1,1,0,0
ACE,LUX,1,1,0,0
FNC,LUX,1,1,0,0
BGO,CHQ,1,1,0,0
JED,GIZ,2,2,0,0
BEG,ESB,1,1,0,0
DOH,DAR,1,1,0,0
CMN,NIM,1,1,0,0
ZAD,BVA,1,1,0,0
BVA,RAK,1,1,0,0
VRN,DME,1,1,0,1
GUA,FLL,1,1,0,0
FLL,STI,1,1,0,0
IST,BEG,1,1,0,0
PVR,EWR,1,1,0,0
PVD,EWR,1,1,0,1
MTY,ACA,1,1,0,0
ULN,BYN,1,1,0,0
AFL,CGB,1,1,0,0
BET,KWK,1,1,0,1
KBP,AYT,1,1,0,0
KIJ,NKM,1,1,0,0
YGW,YPH,1,1,0,0
PLS,PHL,2,2,0,0
HER,CDG,1,1,0,0
MAN,AGP,5,5,0,0
YOW,YXU,1,1,0,1
ELC,MNG,1,1,0,0
MDZ,EZE,1,1,0,1
SBA,SEA,1,1,0,1
LXS,JIK,1,1,0,0
XQP,PMZ,1,1,0,0
SHA,LYA,1,1,0,0
FRA,SEZ,1,1,0,0
BGR,LGA,1,1,0,0
PSP,MSP,2,2,0,0
DXB,MAD,1,1,0,0
STN,LJU,1,1,0,0
BRI,CDG,1,1,0,0
THR,LRR,1,1,0,0
KER,THR,1,1,0,0
TIP,MAN,1,1,0,0
BOD,BES,1,1,0,0
KHI,DAC,1,1,0,0
HEK,OHE,1,1,0,0
LVI,LUN,1,1,0,0
MGB,MEL,1,1,0,0
CRL,TNG,1,1,0,0
EMA,KRK,1,1,0,0
DUB,CIA,1,1,0,0
NOC,EIN,1,1,0,0
BVA,RBA,1,1,0,0
TPS,TRN,1,1,0,0
KUN,PMI,1,1,0,0
RGK,DME,1,1,0,0
MAA,CCJ,1,1,0,0
NKC,TUN,1,1,0,0
TLS,TUN,1,1,0,0
ESB,GNY,1,1,0,1
LAD,NOV,1,1,0,0
MCO,IAD,1,1,0,0
RHO,KBP,1,1,0,0
TIJ,OAX,1,1,0,0
YYC,YBR,1,1,0,0
POA,IGU,1,1,0,0
BPS,SDU,1,1,0,0
XMN,AQG,1,1,0,0
ELL,JNB,1,1,0,0
MIA,ANU,2,2,0,0
MSY,PHL,2,2,0,1
CKB,SFB,1,1,0,0
FRA,TIA,1,1,0,0
BOD,HER,1,1,0,0
KLX,DUS,1,1,0,0
KVD,LED,1,1,0,0
HAM,CFU,2,2,0,0
VER,TAM,1,1,0,0
EBL,SHJ,1,1,0,0
YYZ,MDT,1,1,0,1
PVG,YYZ,2,2,0,1
ROT,AKL,1,1,0,1
AFA,AEP,1,1,0,1
LTO,LAX,1,1,0,1
GYE,SAL,1,1,0,0
PEK,RGN,1,1,0,0
KRR,PRG,1,1,0,0
IOM,LCY,1,1,0,1
TRN,LGW,1,1,0,0
TAB,ANU,1,1,0,0
MUC,STN,1,1,0,0
PEK,WEF,1,1,0,0
STR,AMS,1,1,0,1
AMS,PBM,2,2,0,0
EZE,PUJ,1,1,0,0
ORY,HEL,1,1,0,0
BHX,KRK,1,1,0,0
BRS,ACE,2,2,0,0
DUB,BVA,1,1,0,0
GOA,CRL,1,1,0,0
BLQ,KRK,1,1,0,0
TUL,MDW,1,1,0,0
CLO,PUU,1,1,0,0
IST,TBZ,1,1,0,0
SXM,EWR,1,1,0,0
CLE,ALB,1,1,0,1
SAN,EWR,1,1,0,0
UPN,LAX,1,1,0,0
XIY,MIG,1,1,0,0
VNO,MUC,1,1,0,0
BRI,PSA,1,1,0,0
HAM,SKG,2,2,0,0
DUS,VRA,1,1,0,0
YEG,SEA,1,1,0,1
BOG,UIB,3,3,0,2
KUL,ALA,1,1,0,0
LCY,GLA,1,1,0,1
BHY,SJW,1,1,0,0
RBR,PVH,2,2,0,0
PUY,ZAD,1,1,0,0
SYR,MSP,1,1,0,1
CAI,ASM,1,1,0,0
BEY,HBE,1,1,0,0
MAN,SOF,1,1,0,0
CPO,SCL,2,2,0,0
VCE,ARN,1,1,0,0
ZBL,BNE,1,1,0,1
CMN,FNA,1,1,0,0
FEZ,HHN,1,1,0,0
NRN,AOI,1,1,0,0
MED,AHB,1,1,0,0
MCI,FLL,1,1,0,0
MDW,RNO,1,1,0,0
CTG,FLL,1,1,0,0
FLL,CTG,1,1,0,0
PBG,MYR,1,1,0,0
HIR,JJA,1,1,0,0
UIO,GRU,1,1,0,0
PDP,ROS,1,1,0,0
GUM,TKK,1,1,0,0
CLE,RIC,1,1,0,1
CMH,IAH,1,1,0,1
BNN,BGO,1,1,0,0
TRF,GDN,1,1,0,0
CYF,KPN,1,1,0,1
MAN,PHL,2,2,0,0
PHL,TYS,2,2,0,1
BLI,PSP,1,1,0,0
ACE,MAD,3,3,0,1
AER,OMS,1,1,0,0
SVO,AMS,2,2,0,0
LTN,LCA,2,2,0,0
MNL,POM,1,1,0,0
MIS,BUA,1,1,0,0
OME,ANC,1,1,0,0
CDB,ANC,2,2,0,1
BOG,BCN,1,1,0,0
NLT,URC,2,2,0,0
BAV,PEK,3,3,0,1
TSE,KZO,1,1,0,0
BWI,BDL,2,2,0,1
TAB,JFK,1,1,0,0
BLR,HKG,2,2,0,0
HRB,TGO,2,2,0,0
SWA,ZUH,1,1,0,0
PTY,MAO,1,1,0,0
HOG,HAV,1,1,0,0
DLA,LFW,1,1,0,1
STN,HAJ,1,1,0,0
NBO,EDL,2,2,0,0
VTE,PKZ,1,1,0,0
DUS,NCL,1,1,0,1
ZRH,TGD,1,1,0,0
ADA,VAN,1,1,0,0
NKC,CMN,2,2,0,0
SNN,ACE,1,1,0,0
KRK,NYO,1,1,0,0
RBA,STN,1,1,0,0
AGP,BOH,1,1,0,0
SVQ,DUB,1,1,0,0
OPO,BRE,1,1,0,0
PUJ,ZRH,1,1,0,1
GVA,MIR,1,1,0,0
IAH,JAX,1,1,0,1
SAT,IAD,1,1,0,1
CLD,LAX,1,1,0,1
FNT,CLE,1,1,0,0
SBP,LAX,1,1,0,1
MKY,SYD,1,1,0,1
CDG,FDF,1,1,0,0
KGP,SVX,1,1,0,0
DXB,EVN,1,1,0,0
SAT,TLC,1,1,0,0
LOS,ENU,1,1,0,0
BEN,TIP,2,2,0,0
SFB,FSD,1,1,0,0
DME,ATH,2,2,0,0
LIG,SOU,2,2,0,1
AJA,LGG,2,2,0,0
NGS,NGO,1,1,0,0
RAB,MAS,1,1,0,0
RIX,GOT,1,1,0,0
AKI,TLT,2,2,0,1
YYC,MAN,1,1,0,0
KIN,BGI,1,1,0,0
SIN,NNG,1,1,0,0
PZO,CAJ,1,1,0,0
HMB,CAI,2,2,0,0
OUA,ADD,1,1,0,0
FRA,BUD,2,2,0,1
MCO,BMI,1,1,0,0
TAS,IKA,1,1,0,0
FUK,HNA,1,1,0,1
KIS,NBO,2,2,0,0
MUC,CPH,2,2,0,1
ASM,JED,1,1,0,0
KHI,SKZ,1,1,0,0
YTZ,IAD,1,1,0,0
STN,SZZ,1,1,0,0
BVA,TSF,1,1,0,0
ARN,LIN,1,1,0,0
HOU,JAX,1,1,0,0
BSL,LCY,1,1,0,1
FLL,GUA,1,1,0,0
LOH,UIO,1,1,0,0
LAX,CLE,1,1,0,0
EWR,PVD,1,1,0,1
RSW,IAH,1,1,0,0
YMN,YRG,1,1,0,0
AYT,ORY,1,1,0,0
SKG,SMI,1,1,0,0
SXO,GRP,1,1,0,0
YVR,YDQ,1,1,0,0
TLS,ALG,2,2,0,0
SKG,MJT,2,2,0,0
EVN,SVO,1,1,0,0
MEX,SLP,2,2,0,1
CGO,SWA,1,1,0,0
ZYI,CSX,1,1,0,0
GMR,PPT,1,1,0,0
AAR,OSL,1,1,0,1
NAS,KIN,1,1,0,0
TGO,NKG,1,1,0,0
CAN,YVR,1,1,0,0
HRB,FOC,2,2,0,1
GEO,PZO,1,1,0,0
TUL,SLC,1,1,0,1
IMT,RHI,1,1,0,1
CDG,LXR,1,1,0,0
LGW,SVQ,2,2,0,0
DUS,POZ,1,1,0,0
BDS,STR,1,1,0,0
KEF,ARN,1,1,0,0
KHD,THR,1,1,0,0
HBA,BNE,2,2,0,1
ARI,SCL,1,1,0,0
FKQ,MKW,1,1,0,1
BKI,LWY,1,1,0,1
MXP,DKR,1,1,0,0
LGW,TIV,1,1,0,0
KCM,SAW,1,1,0,0
TSV,ISA,2,2,0,1
DUB,BIQ,1,1,0,0
MPL,LBA,1,1,0,0
BZR,EDI,1,1,0,0
BLQ,TPS,1,1,0,0
HOU,ABQ,1,1,0,0
BFS,NBE,1,1,0,0
IAH,ONT,1,1,0,1
RGN,HAN,1,1,0,0
SDN,SOG,1,1,0,0
DTM,CLJ,1,1,0,0
WAW,BGY,1,1,0,0
BCN,KTW,1,1,0,0
VLC,OTP,1,1,0,0
SKP,CGN,1,1,0,0
MEB,FLS,1,1,0,0
HNA,NKM,1,1,0,0
DXB,AHB,1,1,0,0
HSG,ICN,1,1,0,0
VRN,BRI,1,1,0,0
PIT,CLT,2,2,0,0
COS,DFW,2,2,0,0
LED,HER,2,2,0,0
MRS,TXL,1,1,0,0
AUH,TXL,2,2,0,1
GDL,PVR,1,1,0,1
SHJ,AMM,1,1,0,0
YYC,YXH,1,1,0,1
SAN,YYZ,1,1,0,0
BME,KTA,2,2,0,1
NPL,WLG,1,1,0,1
XIC,CTU,3,3,0,1
LPA,BJL,1,1,0,1
MNL,KUL,3,3,0,0
PNH,CAN,1,1,0,0
FRA,SDQ,1,1,0,0
RDU,IND,1,1,0,1
AVL,DTW,1,1,0,1
GVA,BIO,1,1,0,0
FAO,EXT,1,1,0,0
CAN,TVS,1,1,0,0
YYZ,KEF,1,1,0,0
CUN,FLL,2,2,0,0
PPS,BKI,1,1,0,0
MAJ,TRW,1,1,0,0
BKK,KTM,2,2,0,0
JED,PEW,2,2,0,0
BRS,LPA,3,3,0,0
WRO,DUB,1,1,0,0
FKB,ALC,1,1,0,0
OVB,UUD,1,1,0,1
LCY,GVA,1,1,0,1
TUN,KWI,1,1,0,0
DMK,PNH,1,1,0,0
IST,TLV,1,1,0,0
SNE,VXE,1,1,0,0
SPN,ROP,1,1,0,1
IAH,CZM,1,1,0,0
BSB,AUX,1,1,0,0
CGB,AFL,1,1,0,0
FBM,KGA,1,1,0,0
ACE,BOH,1,1,0,0
FAI,HKB,1,1,0,0
ROC,CLT,2,2,0,0
GPT,DFW,2,2,0,1
LJU,FRA,2,2,0,1
BOM,JDH,3,3,0,1
CNS,POM,2,2,0,1
LIM,SJO,1,1,0,0
BKI,SZX,2,2,0,0
TMR,ALG,1,1,0,0
CZL,NCE,1,1,0,0
KEF,GOH,1,1,0,0
NCE,CFE,1,1,0,0
KRR,VOG,1,1,0,0
GVA,MSQ,1,1,0,0
HVR,BIL,1,1,0,0
CAN,MXZ,1,1,0,0
GIG,CNF,2,2,0,0
CCC,VRA,1,1,0,0
FUK,HNL,2,2,0,0
RIC,JFK,1,1,0,0
MKE,CVG,1,1,0,1
PNR,POG,1,1,0,0
LED,TLL,1,1,0,0
SXF,BSL,1,1,0,0
JER,MAN,2,2,0,0
BRE,VIE,1,1,0,0
YIW,XIY,1,1,0,0
TXL,VKO,1,1,0,0
SKZ,BHV,1,1,0,0
DOH,HGH,1,1,0,0
STN,PSR,1,1,0,0
CFE,OPO,1,1,0,0
TLN,STN,1,1,0,0
ACC,JNB,1,1,0,0
ZRH,TUN,1,1,0,0
IFN,IST,1,1,0,0
VKO,VCE,1,1,0,0
SSH,VKO,1,1,0,0
MTY,IAH,2,2,0,1
SDF,IAH,1,1,0,1
NMA,TAS,1,1,0,0
VCS,SGN,1,1,0,1
TOS,VDS,1,1,0,0
HGH,YIH,1,1,0,0
GVR,PLU,1,1,0,0
RAO,CWB,1,1,0,0
BEG,SOF,1,1,0,0
YKQ,YMT,1,1,0,0
MLI,LAS,1,1,0,0
ROV,LBD,1,1,0,0
PIS,LYS,2,2,0,1
NCE,FSC,3,3,0,2
NBS,SHE,2,2,0,1
TXL,GWT,1,1,0,0
TFS,VIE,3,3,0,1
CHQ,VIE,3,3,0,1
PMI,NUE,2,2,0,0
DEL,JED,2,2,0,0
SHJ,MCT,1,1,0,0
SHJ,SLL,1,1,0,0
YUL,YSJ,1,1,0,1
AKL,PPQ,1,1,0,1
SAL,ORD,1,1,0,0
GRU,BOG,3,3,0,1
LIN,TRS,1,1,0,1
PEK,CNX,1,1,0,0
SNN,BRS,1,1,0,1
FRU,TAS,2,2,0,0
CEK,FRU,1,1,0,0
ADQ,ORI,1,1,0,0
LAS,SNA,2,2,0,0
SZX,CGD,1,1,0,0
IXB,PBH,1,1,0,0
LGW,DME,2,2,0,0
RAK,BOD,2,2,0,0
LYS,EDI,1,1,0,0
BSL,AJA,1,1,0,0
LIN,LGW,1,1,0,0
SDR,MAD,1,1,0,0
MEL,TSV,1,1,0,0
BUD,AMS,1,1,0,0
TAE,ICN,1,1,0,0
YQF,YMM,1,1,0,0
CGK,DOH,1,1,0,0
SXF,RYG,1,1,0,0
PMO,TSF,1,1,0,0
OPO,TFS,1,1,0,0
PUJ,MSP,1,1,0,0
PDL,TER,1,1,0,0
CRL,SOF,1,1,0,0
FEZ,MPL,1,1,0,0
POA,PET,1,1,0,0
NUI,SCC,1,1,0,1
LAS,PIA,1,1,0,0
PGD,SBN,1,1,0,0
TFS,ALC,1,1,0,0
NCE,LED,1,1,0,0
MTY,PBC,1,1,0,1
HIJ,OKA,1,1,0,0
LYI,WUH,1,1,0,0
CIH,CTU,2,2,0,1
SVX,TSE,1,1,0,0
MEM,LAS,2,2,0,1
LIR,SYQ,1,1,0,0
PEK,LYI,1,1,0,0
JIU,SHA,1,1,0,0
DXB,VCE,1,1,0,0
BGF,DLA,1,1,0,1
MPL,BSL,1,1,0,0
ZRH,LTN,1,1,0,0
MAN,IOM,1,1,0,0
CGN,PRG,1,1,0,0
IBZ,MAH,1,1,0,0
DUS,OSL,2,2,0,1
LUX,CAG,1,1,0,0
DRW,KUL,1,1,0,0
YLW,YQF,1,1,0,0
ORY,CMN,1,1,0,0
ARN,ZRH,2,2,0,0
TPA,LAS,1,1,0,0
ODS,KBP,2,2,0,0
ADB,BHX,1,1,0,0
AER,KJA,1,1,0,0
JED,DWC,1,1,0,0
SXM,NEV,1,1,0,0
BZE,RTB,1,1,0,0
YWK,YKL,1,1,0,0
LHR,BLQ,2,2,0,1
PUS,TXN,1,1,0,0
WAW,LJU,2,2,0,0
NBE,DRS,1,1,0,0
OAX,MEX,2,2,0,0
KIJ,NRT,1,1,0,1
CHC,IVC,1,1,0,1
FCO,KWI,2,2,0,1
AUQ,UAH,1,1,0,0
SFJ,GOH,1,1,0,0
LLU,JNN,1,1,0,0
DEN,CMH,3,3,0,2
LED,IAR,1,1,0,0
MNL,USU,2,2,0,0
PVG,LZH,1,1,0,0
ENY,XIY,1,1,0,0
NBS,TSN,1,1,0,0
PTY,PEI,1,1,0,1
DBV,AMS,1,1,0,0
IAH,SLC,2,2,0,1
PIT,MEM,1,1,0,0
IDA,SLC,1,1,0,1
SXF,RAK,1,1,0,0
STN,DLM,2,2,0,0
BHD,GLA,1,1,0,0
BLQ,CGN,1,1,0,0
AWZ,TBZ,1,1,0,0
AMS,ALA,1,1,0,0
IQQ,LPB,1,1,0,0
CUZ,AQP,1,1,0,1
NBO,ZRH,3,3,0,2
LJG,TPE,1,1,0,0
ALC,MOL,1,1,0,0
SAW,MLX,1,1,0,0
HHN,AHO,1,1,0,0
KRK,PFO,1,1,0,0
MAD,BGY,1,1,0,0
PIS,SNN,1,1,0,0
SUF,NRN,1,1,0,0
CIA,CFU,1,1,0,0
OPO,TER,2,2,0,1
AMD,SIN,1,1,0,0
STL,RSW,1,1,0,0
HIR,IRA,1,1,0,0
PUJ,DME,1,1,0,0
IAH,MCI,1,1,0,1
JST,IAD,1,1,0,1
KBP,GVA,1,1,0,0
LTN,DEB,1,1,0,0
GDN,MMX,1,1,0,0
CPV,PNZ,1,1,0,0
ABB,ABV,1,1,0,0
STN,AHO,1,1,0,0
PNI,KSA,1,1,0,0
DAR,DZA,1,1,0,0
BGM,PHL,2,2,0,1
EUG,LAS,1,1,0,0
LPA,TXL,1,1,0,0
PUJ,DUS,1,1,0,0
ETH,TLV,2,2,0,0
HND,IWJ,1,1,0,0
RIX,LGW,1,1,0,0
AKL,DUD,2,2,0,0
SLA,MDZ,1,1,0,1
HAN,KUL,3,3,0,0
CTU,JDZ,2,2,0,1
IST,AAE,1,1,0,0
SVX,KRO,1,1,0,0
HKG,CJU,2,2,0,0
LYA,SHA,1,1,0,0
GRU,MAO,2,2,0,0
INL,MSP,1,1,0,1
DTW,CAE,1,1,0,1
HAM,ATH,1,1,0,0
LTN,BUD,2,2,0,0
SPU,LIL,1,1,0,0
BLR,GAU,1,1,0,0
DMK,CGK,1,1,0,0
DXB,BDH,1,1,0,0
BEY,KWI,3,3,0,0
GLA,HER,1,1,0,0
BDO,JOG,1,1,0,1
BBN,MYY,1,1,0,1
NAP,KBP,1,1,0,0
DAR,MCT,1,1,0,0
ADB,HTY,1,1,0,0
SAW,FRA,2,2,0,0
SXB,CMN,1,1,0,0
STN,TGD,1,1,0,0
MST,FAO,1,1,0,0
MAD,MLA,1,1,0,0
SVQ,EIN,1,1,0,0
BRI,TSF,1,1,0,0
LKO,JED,1,1,0,0
ZRH,NCE,1,1,0,0
HDG,CTU,1,1,0,0
UUS,EKS,1,1,0,0
ALA,PLX,1,1,0,0
CLE,LAX,1,1,0,0
MSO,DEN,1,1,0,1
LTN,PRG,1,1,0,0
OTP,DWC,1,1,0,0
BOM,ADE,1,1,0,0
THL,MDL,1,1,0,0
VCP,CGB,1,1,0,0
VCP,SJP,1,1,0,0
ROS,COR,1,1,0,0
AMM,HBE,1,1,0,0
BUD,LHR,3,3,0,2
DCA,CHA,2,2,0,2
DCA,IND,2,2,0,1
GFK,LAS,1,1,0,0
GRR,PIE,1,1,0,0
SGN,CDG,3,3,0,1
DUS,TXL,3,3,0,0
SAN,BOI,1,1,0,1
HFE,CSX,3,3,0,1
TVU,NAN,1,1,0,1
DCM,ORY,1,1,0,0
MDW,SDF,2,2,0,1
FAO,LHR,1,1,0,0
DAC,KWI,2,2,0,0
DME,PEZ,1,1,0,0
BHY,KMG,2,2,0,1
GRU,BPS,2,2,0,0
LBA,ABZ,1,1,0,0
DXB,MAN,2,2,0,1
ADD,JIM,1,1,0,0
ADD,CDG,1,1,0,0
BIA,HAM,1,1,0,0
ITM,AOJ,1,1,0,1
GAJ,HND,1,1,0,0
UVF,JFK,1,1,0,0
MUC,LUX,2,2,0,1
MMX,ARN,2,2,0,0
KWI,PEW,1,1,0,0
CMN,OZZ,1,1,0,0
BRE,BZR,1,1,0,0
BRE,VNO,1,1,0,0
HHN,AGP,1,1,0,0
TLL,MAN,1,1,0,0
GDN,DUB,1,1,0,0
GRO,EIN,1,1,0,0
MRS,ESU,1,1,0,0
BRI,STN,1,1,0,0
BDS,EIN,1,1,0,0
TRS,CRL,1,1,0,0
THR,MED,1,1,0,0
OAK,GEG,1,1,0,0
UIO,ESM,1,1,0,0
MXP,SAW,1,1,0,0
VKO,TLV,1,1,0,0
LAD,SPP,1,1,0,0
DYU,VOG,1,1,0,0
ATH,KRR,1,1,0,0
KBP,NCE,1,1,0,0
LHR,HYD,2,2,0,1
GSP,FLL,1,1,0,0
ATH,TLS,1,1,0,0
ERS,MPA,1,1,0,0
CUL,TIJ,3,3,0,0
UFA,SHJ,1,1,0,0
BNA,YYZ,1,1,0,1
HGU,MXH,1,1,0,0
MIS,GUR,1,1,0,0
KWL,BKK,1,1,0,0
SVX,MQF,1,1,0,0
HMI,PVG,1,1,0,0
CSX,CJU,2,2,0,0
SZX,NAO,1,1,0,0
HAM,XRY,1,1,0,0
AUH,LCA,2,2,0,1
PRG,UFA,1,1,0,0
CVG,BOS,1,1,0,0
HBE,CAI,2,2,0,0
TLS,FRA,2,2,0,1
BRI,MXP,1,1,0,0
BAH,BEY,1,1,0,0
JHB,SUB,2,2,0,0
HIN,GMP,1,1,0,0
SAW,MRS,1,1,0,0
CTU,DOH,1,1,0,0
BHQ,MQL,1,1,0,0
RYG,RIX,1,1,0,0
TFS,PSA,1,1,0,0
SIN,FCO,1,1,0,0
GIG,LIS,1,1,0,0
DLA,IST,1,1,0,0
IST,BGG,1,1,0,0
SMF,IAH,1,1,0,0
GSP,CLE,1,1,0,1
LTN,SOF,1,1,0,0
RIY,DXB,1,1,0,0
MIR,NTE,1,1,0,0
PHS,CNX,1,1,0,0
KOS,REP,1,1,0,0
GRU,ARU,1,1,0,0
DWC,UFA,1,1,0,0
KVX,NNM,1,1,0,0
SZX,HIA,1,1,0,0
VLN,CUR,1,1,0,0
MQH,BSB,1,1,0,0
AYT,RTM,1,1,0,0
YXS,YLW,1,1,0,0
ORD,DAY,3,3,0,2
PIE,FAR,1,1,0,0
LEX,PGD,1,1,0,0
PUS,VVO,1,1,0,0
NGO,OIT,2,2,0,1
YVR,DEN,2,2,0,1
YYZ,CCC,2,2,0,0
OLB,RIX,2,2,0,1
BRW,ANC,1,1,0,0
MHD,ABD,2,2,0,0
AZR,BMW,1,1,0,0
TIZ,MXH,1,1,0,0
MDW,LGA,2,2,0,1
CUN,MXP,1,1,0,0
HKG,FOC,4,4,0,0
MXZ,SZX,1,1,0,0
CGH,NVT,2,2,0,0
FRA,DBV,3,3,0,1
BZE,LAX,1,1,0,0
PLN,DTW,1,1,0,1
GVA,LPL,1,1,0,0
BIO,AGP,2,2,0,1
ZAD,CGN,1,1,0,0
HAM,IKA,1,1,0,0
IKA,AMS,1,1,0,0
MAH,NCL,1,1,0,0
LIM,PUJ,1,1,0,1
MKK,OGG,1,1,0,0
OSL,BTS,1,1,0,0
DOH,RGN,1,1,0,0
LPL,POZ,1,1,0,0
BOH,GRO,1,1,0,0
EMA,SXF,1,1,0,0
PUY,RYG,1,1,0,0
BRI,VLC,1,1,0,0
TSF,AHO,1,1,0,0
JNB,KIM,1,1,0,1
GIU,CMB,1,1,0,0
IAH,DME,2,2,0,1
CHS,BNA,1,1,0,0
ZRH,KBP,2,2,0,0
AQJ,IST,1,1,0,0
LED,LLK,1,1,0,0
ALF,HFT,1,1,0,0
CGK,PKN,1,1,0,0
COO,BKO,3,3,0,0
DTM,IEV,1,1,0,0
TXL,BRN,1,1,0,0
AZA,RAP,1,1,0,0
AET,BTT,1,1,0,0
AET,HUS,1,1,0,0
MJT,ATH,2,2,0,1
SPC,DUS,1,1,0,0
AYT,LTN,2,2,0,0
LPM,VLI,1,1,0,0
MDW,PHX,2,2,0,1
BWI,NAS,1,1,0,0
UDI,RAO,1,1,0,0
BRA,BSB,3,3,0,0
SXF,XRY,1,1,0,0
ADZ,PTY,1,1,0,0
HND,SEA,1,1,0,0
FCA,SLC,1,1,0,1
HYN,WUH,1,1,0,0
KEF,BSL,1,1,0,0
AGP,HEL,2,2,0,0
YZF,YHY,1,1,0,0
RLG,CGN,1,1,0,0
OMS,OVB,1,1,0,0
ABV,FRA,1,1,0,0
MCT,DMM,1,1,0,0
MSR,SAW,1,1,0,0
MNL,SFO,1,1,0,0
KTA,SYD,1,1,0,0
EIN,CTA,1,1,0,0
GDN,PSA,1,1,0,0
GSE,AGP,1,1,0,0
LEI,STN,1,1,0,0
AGP,WRO,1,1,0,0
SVQ,ACE,1,1,0,0
CFU,EDI,1,1,0,0
LIS,BVA,1,1,0,0
KUN,BHX,1,1,0,0
IST,NOP,1,1,0,0
IST,AQJ,1,1,0,0
IGD,IST,1,1,0,0
HGH,TSA,1,1,0,0
RTM,MAD,1,1,0,0
PHX,CLE,1,1,0,0
IAH,SNA,1,1,0,0
ORD,MKG,1,1,0,1
ATW,ORD,1,1,0,1
BVA,WRO,1,1,0,0
MLE,FVM,1,1,0,0
AMS,TFS,1,1,0,0
CGN,IEV,1,1,0,0
YPJ,YVP,1,1,0,0
MCO,MIA,2,2,0,0
MLI,DFW,2,2,0,2
KBL,ESB,1,1,0,0
ABA,SVO,1,1,0,0
SVO,NRT,1,1,0,0
IXU,DEL,2,2,0,0
BJX,MEX,1,1,0,0
IKI,NGS,2,2,0,1
SHJ,JED,1,1,0,0
CIT,SHJ,1,1,0,0
KUL,KWL,1,1,0,0
BOB,MAU,1,1,0,0
CTU,YIN,2,2,0,1
CBH,ORN,1,1,0,0
MYT,PBU,1,1,0,0
CGY,ILO,1,1,0,0
BWN,MNL,2,2,0,0
PUJ,PTY,1,1,0,0
LLI,AXU,1,1,0,0
BFS,KRK,1,1,0,0
BIO,SVQ,2,2,0,1
MLA,BCN,2,2,0,1
CGN,NCE,1,1,0,0
IFN,THR,2,2,0,0
LBA,JER,1,1,0,0
CLO,UIO,1,1,0,1
SUB,PKY,1,1,0,0
MUC,LAX,2,2,0,1
BLL,TSF,1,1,0,0
GRO,LPP,1,1,0,0
WMI,BRS,1,1,0,0
ADB,BRE,1,1,0,0
UKK,KGF,1,1,0,0
IST,BCN,1,1,0,0
BFL,LAX,1,1,0,1
RIX,EIN,1,1,0,0
VNO,TXL,1,1,0,0
DFW,TXK,2,2,0,1
PBG,FLL,2,2,0,0
FWA,AZA,1,1,0,0
SCQ,ACE,2,2,0,0
MEX,TAP,1,1,0,0
YYZ,SEA,1,1,0,0
FSP,YHZ,1,1,0,0
BCN,BOG,1,1,0,0
TRN,REG,1,1,0,0
TIH,RGI,1,1,0,0
DAU,UNG,1,1,0,0
BKK,THS,1,1,0,0
HKG,ADL,1,1,0,0
KHH,MNL,1,1,0,1
FOR,EZE,1,1,0,0
MXP,AMS,1,1,0,0
LKG,WIL,1,1,0,0
SOU,DUB,1,1,0,0
MXP,MAN,1,1,0,0
CEG,BRS,1,1,0,0
BIO,DUS,1,1,0,0
MCO,SJO,1,1,0,0
BEY,NJF,1,1,0,0
WAW,OSL,1,1,0,0
TSV,CNS,1,1,0,1
DWC,LHR,1,1,0,0
EMA,LEI,1,1,0,0
STN,GSE,1,1,0,0
SDR,HHN,1,1,0,0
ZAZ,STN,1,1,0,0
LIL,OPO,1,1,0,0
PSA,HHN,1,1,0,0
CPH,GOT,1,1,0,0
DSN,CTU,1,1,0,0
TSE,PLX,1,1,0,0
BKK,ISB,1,1,0,0
IST,HTY,1,1,0,0
COS,IAH,1,1,0,1
MRS,DZA,1,1,0,0
YQB,YHU,1,1,0,0
YXL,YTL,1,1,0,0
GOT,BLE,1,1,0,0
YPM,YNO,1,1,0,0
CUU,DFW,2,2,0,2
PHL,FLL,4,4,0,1
OSL,VDB,1,1,0,0
SVO,CPH,2,2,0,0
KJA,KHV,2,2,0,0
CWL,ORY,2,2,0,1
DKR,CDG,2,2,0,1
FCO,BOD,3,3,0,1
AYT,FMO,1,1,0,0
VCE,PRG,2,2,0,1
TSE,SHJ,1,1,0,0
NUS,SON,1,1,0,0
DLY,VLI,1,1,0,0
URC,KCA,2,2,0,0
MXP,PVG,1,1,0,0
OVB,FRU,4,4,0,0
RUN,MAA,1,1,0,0
SXB,NTE,2,2,0,0
HYL,KTN,2,2,0,0
TAO,TPE,4,4,0,1
DLU,CTU,1,1,0,0
CZX,XIY,1,1,0,0
YNZ,SHE,1,1,0,0
LEJ,DJE,1,1,0,0
ACE,SXF,1,1,0,0
SLC,MSO,1,1,0,1
EVV,DTW,1,1,0,1
GDN,ZRH,1,1,0,0
EDI,EMA,1,1,0,0
BRE,FNC,1,1,0,0
LCA,BAH,1,1,0,0
LIL,RHO,1,1,0,0
GEA,MEE,1,1,0,0
SYD,AVV,1,1,0,0
RCE,DHB,1,1,0,0
MNA,MDC,1,1,0,1
WAW,AGP,1,1,0,0
MNL,HNL,1,1,0,0
LBA,CHQ,1,1,0,0
BDS,BGY,1,1,0,0
AHO,HHN,1,1,0,0
LJG,MIG,1,1,0,0
LIS,GIG,1,1,0,0
CAB,SZA,1,1,0,0
DEN,MTJ,1,1,0,1
TIJ,ZCL,1,1,0,0
MCZ,VCP,1,1,0,0
TFF,SJL,1,1,0,0
DWC,MLE,1,1,0,0
PIZ,PHO,1,1,0,1
YSK,YUD,1,1,0,0
DFW,CRW,2,2,0,2
CDG,RHO,1,1,0,0
HYD,SHJ,2,2,0,0
TAP,GUA,1,1,0,1
BWI,YYZ,1,1,0,1
YXY,YZF,1,1,0,0
LAX,LTO,1,1,0,1
SEA,OMA,1,1,0,1
YAK,JNU,1,1,0,0
VIE,PMO,1,1,0,1
ELG,OGX,1,1,0,0
BKO,ALG,1,1,0,0
LAS,BUR,2,2,0,1
NOB,TMU,1,1,0,0
PVG,MIG,2,2,0,1
YNZ,CSX,1,1,0,0
CGR,GIG,1,1,0,0
MAO,STM,3,3,0,0
PTY,LIM,1,1,0,0
AGP,PRG,1,1,0,0
MSN,CVG,1,1,0,1
FCO,DXB,1,1,0,0
SXF,AGA,1,1,0,0
LGW,NCL,1,1,0,0
EMA,GLA,1,1,0,0
BAH,BKK,3,3,0,1
AYT,ZQW,1,1,0,0
LEI,BRU,1,1,0,0
DME,FEG,2,2,0,0
DUB,HEL,1,1,0,0
SAW,NAV,1,1,0,0
VXO,ALC,1,1,0,0
FRA,PDL,1,1,0,0
LAS,IAH,2,2,0,0
VAS,IST,1,1,0,0
IST,GVA,1,1,0,0
VKO,PEK,1,1,0,0
LAS,PSP,1,1,0,1
SKP,DTM,1,1,0,0
AGN,TKE,1,1,0,0
KJA,AER,1,1,0,0
BRI,VRN,1,1,0,0
ABB,LOS,1,1,0,0
ACC,NYI,1,1,0,0
KIF,YXL,1,1,0,0
SAV,CLT,2,2,0,0
MKE,PHL,2,2,0,2
KHN,ICN,1,1,0,0
SFB,MLI,1,1,0,0
ANC,ILI,1,1,0,0
LED,BCN,3,3,0,1
MAH,LTN,1,1,0,0
YEG,YXE,2,2,0,1
LED,RIX,1,1,0,0
BOG,AUC,2,2,0,1
LIN,PRG,1,1,0,0
FCO,KIX,1,1,0,0
NRT,MXP,1,1,0,0
CKG,WUS,2,2,0,1
IBZ,DUB,2,2,0,0
SFJ,KUS,1,1,0,0
MRU,CPT,1,1,0,0
KIV,ATH,1,1,0,0
ORY,RDZ,1,1,0,0
MFE,MEX,1,1,0,0
TDX,BKK,1,1,0,0
AGA,LPA,1,1,0,1
SOF,TLV,2,2,0,0
OTP,SOF,3,3,0,0
GES,CEB,1,1,0,0
HKT,CAN,1,1,0,0
DTW,JFK,1,1,0,0
MSP,BIL,1,1,0,0
KWI,HMB,3,3,0,0
SXF,LYS,1,1,0,0
BOD,BCN,2,2,0,1
KOE,LOP,1,1,0,0
PMO,CGN,1,1,0,0
ATY,MSP,1,1,0,0
CGN,FNC,1,1,0,0
KYZ,IKT,1,1,0,0
MAD,EWR,2,2,0,1
LUX,KGS,1,1,0,0
POA,ERM,1,1,0,0
MNL,RUH,2,2,0,0
ADL,BHQ,1,1,0,0
BHX,BZG,1,1,0,0
LPA,NRN,1,1,0,0
BKK,TAO,1,1,0,0
BCN,IST,1,1,0,0
RTM,BCN,1,1,0,0
DME,IEV,1,1,0,0
NOV,VPE,1,1,0,0
CHS,IAH,1,1,0,1
XCH,CCK,1,1,0,0
BGY,GDN,1,1,0,0
PUS,CSX,1,1,0,0
SDU,BPS,1,1,0,0
JTC,MII,1,1,0,0
BHR,KTM,1,1,0,0
MVD,GIG,1,1,0,0
DME,KVK,1,1,0,0
PHE,MEL,1,1,0,0
MMU,CVG,1,1,0,0
LGG,BIA,2,2,0,0
ORY,TLS,2,2,0,0
YYZ,YYJ,2,2,0,0
WHK,AKL,1,1,0,1
BOI,LWS,1,1,0,1
SAL,SJO,1,1,0,0
AWZ,KIH,2,2,0,0
MKP,PPT,1,1,0,0
NTN,CNS,1,1,0,0
NCE,ALG,1,1,0,0
SUV,SVU,1,1,0,1
JFR,UAK,1,1,0,0
NUX,KRR,1,1,0,0
SGN,MNL,3,3,0,1
TPE,HAK,2,2,0,0
CAN,TEN,1,1,0,0
LAX,BZE,1,1,0,0
SAT,MEM,1,1,0,1
JFK,ACC,1,1,0,0
LUN,BLZ,1,1,0,0
ZRH,KRK,1,1,0,0
BRS,AGP,2,2,0,0
STN,NCE,1,1,0,0
BSL,SPU,1,1,0,0
SUF,MXP,1,1,0,0
HAJ,MAN,1,1,0,0
PAT,IXR,2,2,0,0
SCL,ASU,2,2,0,1
ABZ,FRA,1,1,0,0
WAW,SVG,1,1,0,0
PSA,CPH,1,1,0,0
TSN,UYN,1,1,0,0
CRL,MRS,1,1,0,0
RYG,VNO,1,1,0,0
REU,EIN,1,1,0,0
SVQ,RAK,1,1,0,0
BRI,CRL,1,1,0,0
LAS,SJC,1,1,0,0
DLC,XUZ,1,1,0,0
STI,FLL,1,1,0,0
PLX,UKK,1,1,0,0
IST,LEJ,1,1,0,0
EWR,POS,1,1,0,0
EWR,RDU,1,1,0,1
PSP,YVR,1,1,0,0
HAA,TOS,1,1,0,0
BGO,GDN,1,1,0,0
RGN,TVY,1,1,0,0
MLA,NTE,1,1,0,0
YPN,YZV,1,1,0,0
HSL,GAL,1,1,0,1
COO,NBO,1,1,0,0
MLY,MNT,1,1,0,0
PUS,MNL,3,3,0,0
PUF,CDG,2,2,0,1
FCO,MRS,2,2,0,1
BRU,EMA,1,1,0,0
LGW,RIX,1,1,0,0
KLU,CGN,2,2,0,1
ORN,GHA,1,1,0,0
ALA,BKK,1,1,0,0
TBS,ALA,1,1,0,0
OGM,MPP,1,1,0,0
ALB,OGS,1,1,0,0
MXZ,HKG,1,1,0,0
CGH,JTC,1,1,0,0
SDQ,SJO,1,1,0,0
RNO,SLC,1,1,0,0
LTN,KEF,1,1,0,0
STN,SOF,1,1,0,0
MXP,HEL,1,1,0,0
KOE,TMC,1,1,0,0
TMC,KOE,1,1,0,0
PMI,ILD,1,1,0,1
SUB,JHB,2,2,0,0
NRT,MEL,1,1,0,0
BKI,LDU,1,1,0,1
ARN,TRF,1,1,0,0
AYT,CPH,1,1,0,0
HRB,JMU,1,1,0,0
ADL,KGI,1,1,0,1
IKA,DOH,1,1,0,0
ADL,KGC,1,1,0,0
LPA,STN,2,2,0,0
RDZ,CRL,1,1,0,0
HTA,OVB,1,1,0,0
CMB,NRT,1,1,0,0
PMO,TUN,1,1,0,0
BQS,DME,1,1,0,0
DYR,DME,1,1,0,0
MGW,CKB,1,1,0,1
TRD,KRS,1,1,0,0
DWC,BUD,1,1,0,0
YIH,SYX,1,1,0,0
URA,GUW,1,1,0,0
GOJ,EGO,1,1,0,0
YBG,YHU,1,1,0,0
DFW,MLU,2,2,0,1
PEK,GYD,1,1,0,0
DUS,TFS,3,3,0,0
HER,DRS,1,1,0,0
KVG,POM,1,1,0,0
YVR,PVR,3,3,0,0
BOS,YYZ,2,2,0,1
OOL,AKL,3,3,0,1
CLO,CTG,1,1,0,0
FTU,TNR,1,1,0,0
SDF,BWI,2,2,0,1
CTA,BRI,2,2,0,0
CHX,BOC,1,1,0,0
CAN,NAO,1,1,0,0
STL,SLC,1,1,0,0
CAK,DTW,1,1,0,1
KRK,BRS,1,1,0,0
SOF,MAN,1,1,0,0
MXP,AGP,1,1,0,0
DRS,STR,1,1,0,0
HFE,LHW,1,1,0,0
CCU,JAI,1,1,0,0
JFK,LRM,1,1,0,0
AMS,LPI,1,1,0,1
SCL,GYE,1,1,0,0
MOF,DPS,1,1,0,1
FUE,LUX,1,1,0,0
AIU,RAR,1,1,0,0
CRL,SUF,1,1,0,0
IBZ,AGP,1,1,0,0
SDR,CIA,1,1,0,0
BVA,WMI,1,1,0,0
WMI,BLQ,1,1,0,0
XIY,BHY,1,1,0,0
ORF,IAH,1,1,0,1
CEC,ACV,1,1,0,1
BVG,HFT,1,1,0,0
PKN,KTG,1,1,0,0
VKO,KVX,1,1,0,0
BCV,SPR,1,1,0,0
MIA,ASU,2,2,0,0
PHL,BTV,2,2,0,0
HSV,DCA,2,2,0,1
ICN,HRB,2,2,0,0
PIE,ELM,1,1,0,0
OLA,OSL,1,1,0,0
SVO,TOF,1,1,0,0
FRA,ALC,1,1,0,0
PMI,FMO,1,1,0,0
GRZ,MUC,2,2,0,2
BOG,EYP,2,2,0,1
FCO,ORN,1,1,0,0
BEY,FCO,2,2,0,0
MUW,TID,1,1,0,0
ORK,AMS,1,1,0,0
DUB,LIN,1,1,0,0
MYT,RGN,1,1,0,0
RGN,MYT,1,1,0,0
TNR,DZA,1,1,0,0
LRH,ORY,1,1,0,0
LED,MCX,1,1,0,0
MSP,AUS,1,1,0,1
BGW,CAI,1,1,0,0
SXF,GVA,1,1,0,0
LGW,MXP,1,1,0,0
DBV,HAM,1,1,0,0
EWR,KEF,1,1,0,0
GRU,AMS,1,1,0,0
ATQ,DOH,1,1,0,0
EIN,LPA,2,2,0,0
FUE,PSA,1,1,0,0
TNG,CRL,1,1,0,0
MJV,STN,1,1,0,0
TUF,STN,1,1,0,0
ZRH,ARN,2,2,0,0
HYD,RUH,1,1,0,0
ABQ,SAN,1,1,0,0
LUX,ZRH,1,1,0,0
IST,BLL,1,1,0,0
CLE,SFO,1,1,0,0
MOB,IAH,1,1,0,1
FAY,IAD,1,1,0,1
WRO,DSA,1,1,0,0
OTP,DTM,1,1,0,0
SVX,SGC,1,1,0,0
PNL,VCE,1,1,0,0
DTW,PWM,1,1,0,1
YQB,YKL,1,1,0,0
BSK,ORY,2,2,0,0
IND,PHL,2,2,0,0
LAS,ATW,1,1,0,0
VNO,SVO,1,1,0,0
ADQ,KKB,1,1,0,0
KGS,CGN,3,3,0,0
KTM,VNS,1,1,0,0
HND,DPS,2,2,0,0
BRU,BJM,4,4,0,3
AEP,RSA,1,1,0,1
BET,ANC,2,2,0,0
KRR,VIE,1,1,0,1
FCO,NRT,1,1,0,0
MPL,LIL,1,1,0,0
AMS,CUR,2,2,0,0
MAH,LCY,1,1,0,1
DVO,ILO,1,1,0,0
SZX,CJU,1,1,0,0
FRA,REC,1,1,0,0
PTY,KIN,1,1,0,0
YXE,MSP,1,1,0,1
ADD,AMH,1,1,0,0
BRE,IBZ,1,1,0,0
BEY,OTP,2,2,0,0
OSL,FLL,1,1,0,1
MCT,BKK,1,1,0,0
SAW,ERZ,2,2,0,1
PSA,TRF,1,1,0,0
DME,BOJ,1,1,0,0
FLW,PDL,1,1,0,0
PUF,MRS,1,1,0,0
GRU,IAD,1,1,0,0
IAH,ICT,1,1,0,1
PNS,IAH,1,1,0,1
JAX,IAH,1,1,0,1
ONT,SFO,1,1,0,1
PMV,BLA,1,1,0,0
NAS,TBI,1,1,0,0
GFK,AZA,1,1,0,0
NCE,DME,1,1,0,0
KKB,SYB,1,1,0,0
CFU,FRA,3,3,0,0
IXL,IXJ,1,1,0,0
CJS,HMO,1,1,0,1
SLP,MEX,2,2,0,1
NRT,SDJ,1,1,0,0
PMR,CHC,1,1,0,1
ROB,LOS,1,1,0,0
SWA,HFE,1,1,0,0
ORK,ALC,1,1,0,0
RGN,CNX,1,1,0,0
DIE,NOS,1,1,0,0
LED,KVX,1,1,0,0
STL,IRK,1,1,0,0
KIN,ANU,1,1,0,0
NGB,CGO,1,1,0,0
TYN,KHN,1,1,0,0
PTY,CLO,1,1,0,0
MBJ,DTW,1,1,0,0
DTW,SEA,1,1,0,0
DSM,DTW,1,1,0,1
AZO,MSP,1,1,0,1
LUX,LGW,1,1,0,0
GVA,NTE,1,1,0,0
GLA,CAL,1,1,0,1
AGP,DME,2,2,0,1
DEN,CEZ,1,1,0,0
MCE,LAX,1,1,0,0
LDE,BRU,1,1,0,0
LIL,FUE,1,1,0,0
LIF,UVE,1,1,0,0
KIH,IFN,2,2,0,0
NBO,MYD,2,2,0,0
TLL,WAW,1,1,0,0
PEW,KUL,1,1,0,0
SYD,NTL,1,1,0,0
AQJ,AMM,1,1,0,0
ZAD,BLL,1,1,0,0
ARN,TOS,1,1,0,0
SIN,MLE,2,2,0,0
BNA,MCI,1,1,0,0
ADB,FRA,1,1,0,0
MAN,IST,1,1,0,0
TPE,CNX,1,1,0,0
RTM,GRO,1,1,0,0
CFU,AMS,1,1,0,0
RDM,SFO,1,1,0,1
LAS,YWG,1,1,0,0
BNN,OSL,1,1,0,0
THE,PHB,1,1,0,0
CKD,SLQ,1,1,0,1
JED,BWN,1,1,0,0
RIX,BRE,1,1,0,0
GLK,WJR,1,1,0,0
CLT,BZE,2,2,0,0
XNA,CLT,2,2,0,1
BJZ,MAD,1,1,0,0
ATH,LXS,2,2,0,1
KUF,LED,1,1,0,0
FLR,LYS,2,2,0,1
PVK,VIE,2,2,0,0
LPB,CIJ,1,1,0,0
CAG,LIN,1,1,0,0
FOC,HFE,3,3,0,0
ZYI,XMN,1,1,0,0
ALC,ORK,1,1,0,0
KDV,NAN,1,1,0,1
BWI,AUA,1,1,0,0
PUS,TPE,2,2,0,0
SYX,TPE,1,1,0,0
YCU,TYN,1,1,0,0
RUA,EBB,1,1,0,0
MPL,LTN,1,1,0,0
CDG,RAK,1,1,0,0
BSL,SVQ,1,1,0,0
OLB,BSL,1,1,0,0
LEJ,BRE,1,1,0,0
HAM,FDH,1,1,0,0
LUM,PEK,1,1,0,0
POP,JFK,1,1,0,0
AMS,LUX,1,1,0,1
AMS,EZE,1,1,0,0
KBU,BDJ,1,1,0,1
MUR,LKH,1,1,0,1
CKY,CMN,1,1,0,0
EDI,ACE,1,1,0,0
PIK,RIX,1,1,0,0
RBA,MRS,1,1,0,0
BLQ,PMI,1,1,0,0
TSF,LBA,1,1,0,0
JOI,GRU,1,1,0,0
LIS,OTP,1,1,0,0
NCE,MIR,1,1,0,0
IAD,CAE,1,1,0,1
POZ,BVA,1,1,0,0
BUD,MXP,1,1,0,0
HHH,CLT,2,2,0,1
MOT,AZA,1,1,0,0
LAS,EUG,1,1,0,0
TXL,ORY,1,1,0,0
SHJ,MHD,1,1,0,0
YYT,LHR,2,2,0,1
TOH,ZGU,1,1,0,0
KUS,CNP,1,1,0,0
AUS,MEX,1,1,0,0
CHS,TPA,1,1,0,1
ALB,BOS,1,1,0,0
WUX,SIN,1,1,0,0
CAN,FUG,1,1,0,0
CTU,AMS,2,2,0,1
GFK,MSP,1,1,0,1
ATL,SDQ,1,1,0,0
GRR,MCO,2,2,0,1
VKO,LWO,1,1,0,0
BGW,AUH,1,1,0,0
MSN,DEN,2,2,0,1
SUF,STR,1,1,0,0
JRO,MWZ,2,2,0,1
SCL,ZOS,1,1,0,0
WAW,RZE,1,1,0,1
MYY,MUR,1,1,0,1
MKM,KCH,1,1,0,1
LYP,KHI,2,2,0,0
SAW,ORY,2,2,0,0
CMN,OUA,1,1,0,0
LDY,LPL,1,1,0,0
EIN,KRK,1,1,0,0
GSE,STN,1,1,0,0
LPI,CPH,1,1,0,0
KFS,IST,1,1,0,0
BOI,LAX,1,1,0,1
IAD,DAY,1,1,0,1
ARW,BGY,1,1,0,0
DSA,WRO,1,1,0,0
MDK,GMA,1,1,0,0
KWT,BET,1,1,0,1
YXJ,YEG,1,1,0,0
YRL,YVZ,1,1,0,0
MHK,DFW,2,2,0,1
FAT,LAS,2,2,0,1
SJJ,LJU,1,1,0,0
TXL,GRZ,1,1,0,0
NGO,MMB,1,1,0,0
GOI,SHJ,1,1,0,0
EZE,BCN,1,1,0,0
OGG,PDX,1,1,0,0
PUW,SEA,1,1,0,1
BLQ,FCO,1,1,0,0
CCS,FCO,1,1,0,0
ALG,NIM,1,1,0,0
IST,BJV,3,3,0,0
AUA,AMS,1,1,0,0
EFL,PVK,1,1,0,0
ATH,KZI,1,1,0,0
SOF,WAW,2,2,0,0
LUM,CAN,1,1,0,0
PEN,CAN,1,1,0,0
CGQ,TPE,1,1,0,0
WUS,PEK,2,2,0,1
DTW,CHA,1,1,0,1
WIL,WJR,1,1,0,0
EMA,EDI,1,1,0,0
HAJ,PRN,1,1,0,0
PEK,DOY,1,1,0,0
TYN,KWL,2,2,0,0
CIH,HAK,1,1,0,0
MAD,MLN,1,1,0,1
DRS,ZRH,1,1,0,0
TCZ,CTU,1,1,0,0
SGN,HND,1,1,0,0
FNC,LBA,1,1,0,0
BUD,MUC,1,1,0,0
MXP,FUE,1,1,0,0
GLT,SYD,1,1,0,1
STN,PMF,1,1,0,0
TFS,SDR,1,1,0,0
MRS,TUF,1,1,0,0
CPH,POZ,1,1,0,0
ACY,TPA,1,1,0,0
IAD,SAN,1,1,0,0
KRS,SVG,1,1,0,0
EIN,CLJ,1,1,0,0
CLJ,BLQ,1,1,0,0
OTP,CIA,1,1,0,0
SYX,YIH,1,1,0,0
IEV,KUT,1,1,0,0
VCP,FLN,1,1,0,0
VDC,CNF,1,1,0,0
BTI,FYU,1,1,0,1
FEG,OVB,1,1,0,0
FNC,ORY,1,1,0,0
PIE,MLI,1,1,0,0
PGD,PIA,1,1,0,0
OVD,MAD,2,2,0,0
DME,KGS,1,1,0,0
LED,ARN,2,2,0,0
NAG,RPR,1,1,0,0
ITM,KCZ,1,1,0,1
KIX,WUX,2,2,0,1
AKB,DUT,1,1,0,0
KHH,BKK,1,1,0,0
KMG,LYA,1,1,0,0
TAO,JXA,2,2,0,1
JIQ,PEK,1,1,0,0
YTY,HRB,1,1,0,0
BGI,FRA,1,1,0,0
CMW,YUL,1,1,0,0
DTW,ICN,1,1,0,0
MSP,DLH,1,1,0,1
HEL,CKG,1,1,0,0
RJK,STR,1,1,0,0
FMM,HAM,1,1,0,0
HAV,SAL,1,1,0,0
LKO,BLR,1,1,0,0
BOS,SJU,1,1,0,0
ANU,AXA,1,1,0,0
BTH,SRG,1,1,0,0
BIO,MUC,1,1,0,0
DMK,ROI,1,1,0,0
JFK,CPH,1,1,0,1
MNL,MBT,1,1,0,0
DOH,MLE,1,1,0,0
EMA,DUB,1,1,0,0
ALC,GSE,1,1,0,0
BLQ,ALC,1,1,0,0
TSF,BRS,1,1,0,0
YNB,JED,1,1,0,0
CGK,RUH,1,1,0,0
XUZ,DLC,1,1,0,0
YTY,SZX,1,1,0,0
HIR,BNE,2,2,0,1
DJE,SXF,1,1,0,0
SOF,IST,1,1,0,0
BUD,IST,1,1,0,0
IST,MHD,1,1,0,0
SZA,CAB,1,1,0,0
IAH,AGU,1,1,0,1
IAH,MFE,1,1,0,1
AUS,IAH,1,1,0,0
MKE,EWR,1,1,0,1
ORD,FOE,1,1,0,1
GPT,IAH,1,1,0,1
TAS,SKD,1,1,0,0
BPX,LXA,1,1,0,0
YVR,PSP,1,1,0,0
YYC,YKF,1,1,0,0
BGO,KRS,1,1,0,0
TJM,NOJ,1,1,0,0
BIO,VCE,1,1,0,0
BOD,OLB,1,1,0,0
ICN,KWL,2,2,0,0
SFB,ELM,1,1,0,0
SBN,LAS,1,1,0,0
UUS,SVO,1,1,0,0
HAJ,CDG,2,2,0,1
TLV,TXL,2,2,0,0
VNS,KTM,1,1,0,0
TIZ,POM,1,1,0,0
NPE,WLG,1,1,0,1
SDQ,LIM,1,1,0,0
CCV,ULB,1,1,0,0
TUB,RVV,1,1,0,0
TLS,LIL,2,2,0,0
MCX,LED,1,1,0,0
SVX,MSQ,1,1,0,0
PAC,BOC,1,1,0,0
GEO,JFK,1,1,0,0
PVG,PNH,2,2,0,0
BFJ,CAN,1,1,0,0
DUS,LCA,1,1,0,0
MRU,ORY,1,1,0,0
MQT,DTW,1,1,0,1
SCQ,BSL,1,1,0,0
INN,LGW,1,1,0,0
TTE,CGK,2,2,0,0
RHO,BRU,1,1,0,0
KOJ,HKG,1,1,0,0
EAS,MAD,1,1,0,1
EBA,MUC,1,1,0,0
IKT,ABA,1,1,0,0
OMS,NJC,1,1,0,0
TRV,KWI,1,1,0,0
TIP,MAD,1,1,0,0
ESB,STR,1,1,0,0
MGS,RAR,1,1,0,0
BTS,BHX,1,1,0,0
ZRH,GRU,1,1,0,0
NGB,SHE,1,1,0,0
MCO,IAH,2,2,0,0
PBM,AUA,1,1,0,0
IAD,SYR,1,1,0,1
ORD,BOI,1,1,0,1
MLH,TZL,1,1,0,0
GDN,CGN,1,1,0,0
SOF,EIN,1,1,0,0
ZAZ,OTP,1,1,0,0
SGC,OVB,1,1,0,0
BIR,KTM,1,1,0,0
GUA,FRS,1,1,0,0
YKG,YPJ,1,1,0,0
HKB,FAI,1,1,0,0
DCA,JAX,2,2,0,2
FLL,AVL,1,1,0,0
SHJ,SYZ,1,1,0,0
CHC,ROT,1,1,0,1
MXP,TUN,2,2,0,0
CCS,BRM,3,3,0,0
PZO,BLA,2,2,0,0
HET,ERL,1,1,0,0
ALG,TGR,1,1,0,0
MAG,GKA,1,1,0,0
VOG,KRR,1,1,0,0
DME,ESL,1,1,0,0
AMS,XMN,2,2,0,1
IGU,GRU,2,2,0,0
SJO,SDQ,1,1,0,0
TLV,OTP,3,3,0,0
FRA,MRS,2,2,0,1
SKG,BSL,1,1,0,0
GVA,NAP,1,1,0,0
HND,KUL,1,1,0,0
BKG,DEN,1,1,0,0
FKB,DME,1,1,0,0
HAM,FMM,1,1,0,0
ZRH,KEF,1,1,0,0
KBL,DYU,1,1,0,0
HEL,BOJ,1,1,0,0
BUD,OSL,1,1,0,0
ERC,SAW,1,1,0,0
ATH,ADB,1,1,0,0
EDO,SAW,1,1,0,0
BRS,BGY,1,1,0,0
BVA,BCN,1,1,0,0
WMI,EIN,1,1,0,0
HYD,IDR,1,1,0,0
AZD,MED,1,1,0,0
JAX,HOU,1,1,0,0
ONT,SJC,1,1,0,0
BKG,DAL,1,1,0,0
INN,AMS,1,1,0,0
FNC,AMS,1,1,0,0
VKO,CIT,1,1,0,0
LIM,IAH,1,1,0,0
BEG,LTN,1,1,0,0
CGP,DWC,1,1,0,0
VOZ,MUC,1,1,0,0
MDW,LUK,1,1,0,1
NIB,MCG,1,1,0,0
PRG,ATH,1,1,0,0
DRS,LCY,2,2,0,1
STR,ALC,1,1,0,0
YYZ,MKE,1,1,0,1
PEK,DUS,2,2,0,1
WUS,CAN,2,2,0,1
CUQ,IRG,1,1,0,0
ELG,TMR,1,1,0,0
BWI,CUN,1,1,0,0
CEB,BXU,1,1,0,0
LZO,PVG,1,1,0,0
NGO,SHE,1,1,0,0
DTW,NAS,1,1,0,0
LGA,MEM,1,1,0,1
MSP,BIS,1,1,0,1
DMM,CAI,2,2,0,0
DXB,CMB,3,3,0,1
BOD,LTN,1,1,0,0
DME,MAN,1,1,0,0
LEJ,STR,1,1,0,0
KBL,IKA,1,1,0,0
SYZ,ABD,1,1,0,0
GWT,FRA,1,1,0,1
ORY,BGO,1,1,0,0
FLL,OSL,1,1,0,1
RUH,SAW,1,1,0,0
KHI,KTM,1,1,0,0
ACC,CMN,1,1,0,0
BOH,FAO,1,1,0,0
DUB,SVQ,1,1,0,0
BLL,AHO,1,1,0,0
TPS,WMI,1,1,0,0
CAG,BGY,1,1,0,0
FAO,KIR,1,1,0,0
PNR,JNB,1,1,0,0
CIT,DME,1,1,0,0
PLX,TSE,1,1,0,0
NBE,ZRH,1,1,0,0
IST,KFS,1,1,0,0
MRS,ETZ,1,1,0,0
MST,AYT,1,1,0,0
BHX,ASB,1,1,0,0
RIC,IAD,1,1,0,1
GRK,IAH,1,1,0,1
DXB,KUF,1,1,0,0
PXU,HAN,1,1,0,0
KRS,BGO,1,1,0,0
EVE,TOS,1,1,0,0
CTS,MMJ,1,1,0,0
MGF,POA,1,1,0,0
KTM,DXB,1,1,0,0
UCT,SCW,1,1,0,0
KWK,KKH,1,1,0,1
LAS,TLC,1,1,0,0
AUA,LRM,1,1,0,0
REL,EQS,1,1,0,0
DEN,MFR,1,1,0,1
FRA,TAS,1,1,0,0
ZSJ,YPM,1,1,0,0
LIR,DFW,2,2,0,0
PGD,ABE,1,1,0,0
VCE,SVO,2,2,0,1
AKJ,NGO,1,1,0,0
HAC,HND,1,1,0,0
EBL,VIE,1,1,0,1
BVE,ORY,1,1,0,0
LGW,GOA,1,1,0,0
PUE,PAC,1,1,0,0
BOJ,SOF,1,1,0,0
HKG,CSX,2,2,0,0
CEB,USU,1,1,0,0
TAE,PVG,1,1,0,0
DLC,CJU,1,1,0,0
GRU,CCS,2,2,0,0
SFO,DTW,1,1,0,0
CVG,MKE,1,1,0,1
CAI,ACC,1,1,0,0
RZE,FCO,1,1,0,0
NAP,LPL,1,1,0,0
STR,BRI,1,1,0,0
OVB,PEK,2,2,0,0
BRU,PFO,1,1,0,0
MZR,IKA,1,1,0,0
SCL,IPC,1,1,0,0
KOI,NRL,1,1,0,0
FLR,FRA,1,1,0,1
TBS,MUC,1,1,0,0
DME,DOH,1,1,0,0
ACE,BLQ,1,1,0,0
CUF,CAG,1,1,0,0
GRU,BCN,1,1,0,0
TUN,BLQ,1,1,0,0
TLV,IAS,1,1,0,0
CLE,MSY,1,1,0,1
IAH,CUU,1,1,0,1
KUF,LBD,1,1,0,0
INC,LXA,1,1,0,0
SKG,BUD,1,1,0,0
DEL,HEA,1,1,0,0
HMA,OMS,1,1,0,0
SCM,BET,1,1,0,1
YKQ,YMO,1,1,0,0
NRT,SAN,2,2,0,0
PUS,KWL,1,1,0,0
SKG,RHO,2,2,0,1
HAM,RIX,2,2,0,1
MLA,LED,1,1,0,0
GDL,ORD,2,2,0,0
SDJ,OKA,1,1,0,0
PLS,YYZ,2,2,0,0
OTZ,OME,2,2,0,0
PDX,PSP,1,1,0,0
STS,SEA,1,1,0,1
DAX,PEK,2,2,0,1
TLS,DUB,1,1,0,0
AOQ,JUV,1,1,0,0
NAS,MYG,1,1,0,0
MVY,ACK,1,1,0,0
OWB,STL,1,1,0,0
NKG,HET,3,3,0,1
SLC,RKS,1,1,0,1
IND,MEM,1,1,0,1
LGA,CLE,2,2,0,2
BTV,DTW,1,1,0,1
TSN,TPE,1,1,0,0
BHX,NCL,1,1,0,0
CAI,MCT,2,2,0,0
ADD,DXB,3,3,0,0
ADD,BKK,2,2,0,0
BFS,MAN,1,1,0,0
MAN,HER,3,3,0,0
LYS,STN,1,1,0,0
PEN,BTJ,2,2,0,1
PMI,DME,2,2,0,1
EBA,FDH,1,1,0,0
THR,AFZ,1,1,0,0
MUC,AMS,2,2,0,1
DEL,NBO,1,1,0,0
MUC,ICN,1,1,0,0
EWR,BHX,2,2,0,1
GFK,TVF,1,1,0,0
LPL,TFS,1,1,0,0
STN,NUE,1,1,0,0
BRI,BVA,1,1,0,0
PSR,CAG,1,1,0,0
CIA,BLL,1,1,0,0
SXF,NBE,1,1,0,0
STW,SAW,1,1,0,0
OMA,IAH,1,1,0,1
HSV,DEN,1,1,0,1
SMX,LAX,1,1,0,1
UGC,VOG,1,1,0,0
NAP,BUD,1,1,0,0
HAK,XIY,1,1,0,0
MZT,LAP,1,1,0,0
PLU,UDI,1,1,0,0
BRW,AIN,1,1,0,1
JNB,ELL,1,1,0,0
WWP,NKI,1,1,0,0
YYE,YXJ,1,1,0,0
SXM,PHL,2,2,0,0
MIA,GND,2,2,0,0
ORD,MCI,3,3,0,1
BGR,PIE,1,1,0,0
PIE,FSD,1,1,0,0
KLX,MUC,2,2,0,1
CDG,BOS,3,3,0,1
YGP,YQB,1,1,0,1
KTA,PHE,2,2,0,1
PER,RVT,2,2,0,1
SFO,SYD,2,2,0,1
KPV,AKN,1,1,0,0
MFR,PDX,1,1,0,1
NBC,IST,1,1,0,0
SJO,GLF,3,3,0,1
HIA,PEK,1,1,0,0
VCE,DBV,1,1,0,0
MQX,ADD,1,1,0,0
BHD,EDI,1,1,0,0
SID,CGN,1,1,0,0
AWZ,RAS,1,1,0,0
WGP,DPS,1,1,0,1
TSA,TTT,1,1,0,0
KTM,DOH,2,2,0,0
BRE,STN,1,1,0,0
NYO,CRL,1,1,0,0
ACE,PIK,1,1,0,0
BGY,BCN,1,1,0,0
BOO,TRD,2,2,0,0
RAE,RUH,1,1,0,0
LBE,MCO,1,1,0,0
KBV,CNX,1,1,0,0
SZA,LAD,2,2,0,0
LAX,SBA,1,1,0,1
IAD,STT,1,1,0,0
DEN,CPR,1,1,0,1
ORD,MBS,1,1,0,1
DTM,BEG,1,1,0,0
DOB,LUV,1,1,0,0
ACX,KWE,1,1,0,0
TVS,SJW,1,1,0,0
SXM,SAB,1,1,0,0
LRM,AUA,1,1,0,0
YFA,YMO,1,1,0,0
GUA,DFW,2,2,0,0
MIA,JAX,2,2,0,1
KWI,KBL,1,1,0,0
OKA,CTS,1,1,0,1
SHJ,BAH,1,1,0,0
VIE,EVN,3,3,0,3
BOG,AXM,1,1,0,0
BVI,BEU,1,1,0,0
TMM,WMR,1,1,0,0
PIS,AJA,1,1,0,0
CFR,ORY,1,1,0,0
RNS,LYS,1,1,0,0
SAT,DEN,3,3,0,1
JED,CGP,1,1,0,0
PMV,POS,1,1,0,0
LHR,SPU,1,1,0,0
NRT,ATL,1,1,0,0
EBB,RUA,1,1,0,0
SJO,PMZ,2,2,0,1
TFS,BRU,1,1,0,0
MAD,PTY,1,1,0,0
RSW,JFK,1,1,0,0
RMQ,MXZ,1,1,0,0
CMN,LHR,1,1,0,0
SXF,SNN,1,1,0,0
DUB,LBA,1,1,0,0
SCQ,ALC,1,1,0,0
PSA,NYO,1,1,0,0
PSA,BDS,1,1,0,0
DME,VAR,1,1,0,0
BLR,CCJ,1,1,0,0
EWR,SYR,1,1,0,1
VDH,HAN,1,1,0,0
THD,SGN,1,1,0,0
SYD,MKY,1,1,0,1
YXU,YWG,1,1,0,0
DBV,ORY,1,1,0,0
TAO,SHP,1,1,0,0
EGM,HIR,1,1,0,0
SFB,TRI,1,1,0,0
AZA,ATW,1,1,0,0
MLA,TLS,1,1,0,0
BCN,LBA,2,2,0,0
GOT,SVG,1,1,0,0
IST,KIX,2,2,0,1
BCN,BJL,3,3,0,1
AMS,CGN,2,2,0,2
AAE,ALG,1,1,0,0
SFO,ORF,1,1,0,1
SAN,MCI,2,2,0,1
SOF,BRU,1,1,0,0
CAN,LJG,2,2,0,0
SJW,CSX,1,1,0,0
LGA,GRR,1,1,0,1
DXB,CMN,1,1,0,0
GRU,AUH,1,1,0,0
MAN,NWI,1,1,0,1
SOU,AMS,1,1,0,0
TPE,LHW,1,1,0,0
YYD,YXT,1,1,0,0
EZE,AMS,1,1,0,0
ARI,IQQ,2,2,0,1
KHH,HUN,1,1,0,0
SAW,MZH,1,1,0,0
MBA,DXB,1,1,0,0
MAD,PMO,1,1,0,0
DEN,HOU,1,1,0,0
ZRH,DJE,1,1,0,0
JAX,EWR,1,1,0,1
PEE,DWC,1,1,0,0
UFA,LBD,1,1,0,0
VOG,TAS,1,1,0,0
TBU,SYD,1,1,0,1
KKN,VDS,1,1,0,0
TOS,ANX,1,1,0,0
VNO,EIN,1,1,0,0
ORD,BRL,1,1,0,0
VCP,MEA,1,1,0,0
SLQ,ANI,1,1,0,1
ABV,SKO,1,1,0,0
BFV,DMK,1,1,0,0
YMO,YFA,1,1,0,0
CXF,AKP,1,1,0,0
SVO,MUC,1,1,0,0
MEX,PDS,2,2,0,0
YSB,YYZ,1,1,0,1
VIE,KLU,1,1,0,1
CAN,BKI,1,1,0,0
HAJ,AMS,2,2,0,2
ORN,CZL,1,1,0,0
INZ,ALG,1,1,0,0
AMS,ORK,1,1,0,0
LYS,LIL,1,1,0,0
HGU,MAG,1,1,0,0
AUS,SMF,1,1,0,1
YQT,YAG,1,1,0,0
SZX,HKT,1,1,0,0
LDS,HRB,1,1,0,0
PTY,STI,1,1,0,0
KIN,ATL,1,1,0,0
SLC,SGU,1,1,0,1
EDI,ATH,1,1,0,0
LIS,LPL,1,1,0,0
AYT,HEL,1,1,0,0
AGP,LPA,2,2,0,1
STR,RLG,1,1,0,0
STR,DBV,1,1,0,0
MHD,HEA,1,1,0,0
ITM,HNA,1,1,0,1
PVG,BAV,1,1,0,0
LOS,NBO,1,1,0,0
AMQ,FKQ,1,1,0,1
ALA,FRA,1,1,0,0
LIN,OLB,1,1,0,0
JCB,ERM,1,1,0,0
GOV,CNS,1,1,0,1
OZZ,CMN,1,1,0,0
RIX,EMA,1,1,0,0
RIX,RYG,1,1,0,0
VVO,PEK,1,1,0,0
LNZ,SZG,1,1,0,0
TSA,CTU,1,1,0,0
SVX,VKO,1,1,0,0
BZE,EWR,1,1,0,0
VAW,BJF,1,1,0,0
TKU,GDN,1,1,0,0
LJG,KWL,1,1,0,0
HEA,DEL,1,1,0,0
ABA,NSK,1,1,0,0
PBM,CUR,1,1,0,0
PRG,BEG,1,1,0,0
BOD,AJA,1,1,0,0
BBO,DXB,1,1,0,0
MAR,MIA,1,1,0,0
DCA,CAE,2,2,0,2
DFW,CRP,2,2,0,0
CLT,MBJ,2,2,0,0
CLT,DFW,2,2,0,0
PIE,MDT,1,1,0,0
AVL,PIE,1,1,0,0
EBU,BIA,2,2,0,1
SXB,TLS,1,1,0,0
PAP,YUL,1,1,0,0
NPE,AKL,1,1,0,1
IAD,BOG,2,2,0,1
MUC,BRI,2,2,0,1
LAE,DAU,1,1,0,0
MDW,PUJ,1,1,0,0
LHR,TLV,2,2,0,0
OSL,AAR,1,1,0,1
GGT,NAS,2,2,0,0
MSQ,BEY,1,1,0,0
KHG,NGQ,1,1,0,0
CNF,CGH,2,2,0,0
FRA,VRA,1,1,0,0
PTY,GRU,1,1,0,0
MEM,PIT,1,1,0,0
SLC,MCI,1,1,0,0
PMI,KSF,1,1,0,0
VRN,CGN,1,1,0,0
GSM,THR,1,1,0,0
SYZ,PGU,1,1,0,0
MHD,DXB,1,1,0,0
PEK,LUM,1,1,0,0
MEX,FRA,1,1,0,0
LUX,CFU,1,1,0,0
OZH,IEV,1,1,0,0
TUK,UET,1,1,0,0
SFO,MNL,1,1,0,0
BOD,CMN,1,1,0,0
OXB,CMN,1,1,0,0
MAN,TPS,1,1,0,0
MAN,BLQ,1,1,0,0
EIN,NOC,1,1,0,0
RYG,RZE,1,1,0,0
GRO,BRS,1,1,0,0
CIA,STN,1,1,0,0
PZU,JED,1,1,0,0
RUH,RAE,1,1,0,0
TPA,AUS,1,1,0,0
ORD,CHS,1,1,0,1
KKN,LKL,1,1,0,0
SVJ,BOO,1,1,0,0
DWC,AMM,1,1,0,0
DWC,ODS,1,1,0,0
AMS,MEX,1,1,0,0
KPO,GMP,2,2,0,0
TNA,ICN,6,6,0,1
SAN,BLI,1,1,0,0
SOU,EGC,2,2,0,1
CDG,CKY,1,1,0,0
TXL,NAP,2,2,0,1
BLI,HNL,1,1,0,0
CXI,HNL,2,2,0,1
POM,MXH,1,1,0,0
JED,LHR,2,2,0,0
YZF,YRT,2,2,0,0
GYD,URC,1,1,0,0
CDG,DBV,1,1,0,0
SCL,ATL,2,2,0,1
MCO,SLC,1,1,0,0
GLA,LSI,1,1,0,1
IND,TTN,1,1,0,0
DEN,BZN,2,2,0,0
DUB,CGN,1,1,0,0
DOY,HRB,1,1,0,0
KRT,NBO,1,1,0,0
SRX,TIP,1,1,0,0
MYY,ODN,1,1,0,1
DGA,SVK,1,1,0,0
ISB,PEW,1,1,0,0
LCA,DOH,1,1,0,0
SYD,BHS,1,1,0,0
AMM,KBP,1,1,0,0
LBA,LIG,1,1,0,0
VOL,CRL,1,1,0,0
CAG,HHN,1,1,0,0
TRS,VLC,1,1,0,0
LBE,FLL,1,1,0,0
LIS,NAT,1,1,0,0
IAH,HUX,1,1,0,1
IAH,XNA,1,1,0,1
MHT,EWR,1,1,0,1
GDL,MXL,1,1,0,0
MOC,PLU,1,1,0,0
IZA,VCP,1,1,0,0
CUR,KIN,1,1,0,0
CLE,MKE,1,1,0,1
DFW,DAY,2,2,0,0
PIE,TRI,1,1,0,0
SVO,HAM,1,1,0,0
TXL,MUC,3,3,0,0
HND,WKJ,1,1,0,0
WLG,NPE,1,1,0,1
MDE,BGA,1,1,0,0
CCJ,SLL,1,1,0,0
HET,HLH,2,2,0,0
CGO,PEK,3,3,0,1
APW,NAN,1,1,0,0
MQJ,YKS,2,2,0,0
MLE,LGW,1,1,0,0
YAG,YQK,1,1,0,0
ULV,SVX,1,1,0,0
CEB,CGM,1,1,0,0
KOW,SZX,1,1,0,0
GIG,CGR,1,1,0,0
CVG,IAH,2,2,0,2
MSP,AZO,1,1,0,1
DLA,ADD,2,2,0,1
LTN,HER,1,1,0,0
LYS,PMI,2,2,0,1
DTM,ONQ,1,1,0,0
FCO,CGN,1,1,0,0
CAN,DOY,1,1,0,0
ALC,MAD,1,1,0,1
LUX,FSC,1,1,0,0
OSW,DME,1,1,0,0
CJL,PEW,1,1,0,0
DSK,PEW,1,1,0,0
AMM,TUN,1,1,0,0
EMA,LIG,1,1,0,0
RZE,STN,1,1,0,0
NYO,PMI,1,1,0,0
PDV,STN,1,1,0,0
BVA,MAD,1,1,0,0
BGY,BRI,1,1,0,0
CIY,PSA,1,1,0,0
BOM,HBX,1,1,0,0
HRB,XUZ,1,1,0,0
DJE,NCE,1,1,0,0
NAJ,KVD,1,1,0,0
AMS,FAO,1,1,0,0
GRQ,FAO,1,1,0,0
BKY,KOO,1,1,0,0
KTN,HYG,1,1,0,0
KCC,WWP,1,1,0,0
YXS,YXJ,1,1,0,0
ROR,ICN,2,2,0,0
PSC,AZA,1,1,0,0
ATH,SVO,1,1,0,0
RMF,DUS,1,1,0,0
AGP,LTN,3,3,0,0
ROV,SHJ,1,1,0,0
SIN,KBR,1,1,0,0
NNG,KUL,1,1,0,0
SUJ,OTP,2,2,0,1
PPT,XMH,1,1,0,0
DUB,DUS,2,2,0,0
LGW,TIA,1,1,0,0
SKP,ZRH,2,2,0,1
CGB,GIG,1,1,0,0
PMI,PRG,2,2,0,0
MSP,ANC,1,1,0,0
LGW,MUC,1,1,0,0
HEL,BRU,1,1,0,0
KBR,SZB,3,3,0,1
MXP,BHX,1,1,0,0
CUN,PIT,1,1,0,0
THR,ADU,2,2,0,0
ICN,KIJ,2,2,0,1
LNY,OGG,1,1,0,0
CJM,DMK,1,1,0,0
CPH,ATH,2,2,0,0
SVG,WAW,1,1,0,0
NCE,GOT,1,1,0,0
BHV,ISB,1,1,0,0
MEL,ABX,1,1,0,0
BHQ,SYD,1,1,0,0
DTM,STN,1,1,0,0
POZ,EDI,1,1,0,0
AHO,BLL,1,1,0,0
OPO,BLQ,1,1,0,0
SVG,TRD,1,1,0,0
LRM,SJU,1,1,0,0
TUN,JED,2,2,0,0
BNA,STL,1,1,0,0
SAN,OAK,1,1,0,0
KOV,ALA,1,1,0,0
IST,NUE,1,1,0,0
TEQ,ESB,1,1,0,1
RAI,VXE,1,1,0,0
TUN,GAE,1,1,0,0
IAD,AUA,1,1,0,0
JST,AOO,1,1,0,1
KTW,BGY,1,1,0,0
NSK,UFA,1,1,0,0
NSK,KJA,1,1,0,0
VLC,IEV,1,1,0,0
SXP,KSM,1,1,0,1
NAP,NTE,1,1,0,0
IND,DCA,2,2,0,1
ILM,CLT,2,2,0,0
FSD,LAS,1,1,0,0
CDG,LJU,2,2,0,0
OSS,LED,2,2,0,0
DUS,KVA,1,1,0,0
HND,HSG,1,1,0,0
YUL,YYG,1,1,0,1
SAN,FAT,1,1,0,1
IXE,SHJ,1,1,0,0
RLK,INC,1,1,0,0
KUS,GOH,1,1,0,0
NYU,HEH,1,1,0,0
TFI,PNP,1,1,0,0
SAN,SDF,1,1,0,1
SKB,ANU,3,3,0,1
CZX,CSX,1,1,0,0
SYY,GLA,1,1,0,1
HAJ,SAW,1,1,0,0
ZQW,LPA,1,1,0,0
ILP,GEA,1,1,0,0
DPS,ADL,2,2,0,0
GYE,CCS,1,1,0,0
CCM,FLN,1,1,0,0
VXO,OSL,1,1,0,0
BCN,ISB,1,1,0,0
TLL,STN,1,1,0,0
DUB,BTS,1,1,0,0
AUA,FLL,1,1,0,0
MIR,BRU,1,1,0,0
MRS,PUF,1,1,0,0
RTM,VLC,1,1,0,0
PED,DME,1,1,0,0
SLY,NOJ,1,1,0,0
IOM,GLO,1,1,0,0
RVD,VCP,1,1,0,0
MNT,FAI,1,1,0,0
FRA,SVO,1,1,0,0
HAN,HND,1,1,0,0
YUL,YYC,2,2,0,0
AKL,PMR,1,1,0,1
BRC,MDZ,1,1,0,0
KTN,SIT,2,2,0,1
YQD,YFO,2,2,0,0
GSM,MHD,2,2,0,0
JUV,JAV,1,1,0,0
BRU,BIA,1,1,0,0
BRU,BUD,1,1,0,0
STT,EIS,2,2,0,0
HKG,TAO,2,2,0,0
REP,MNL,1,1,0,0
CAN,LLB,1,1,0,0
FRA,PUJ,1,1,0,0
LEJ,CFU,1,1,0,0
HAV,FRA,1,1,0,0
ZAD,PUY,1,1,0,0
GCM,ATL,1,1,0,0
CVG,MCI,1,1,0,0
GCC,SLC,1,1,0,1
DIR,ADD,1,1,0,0
MAN,JTR,2,2,0,0
MXP,JMK,1,1,0,0
CAL,GLA,1,1,0,1
SPU,STR,1,1,0,0
PHX,PGA,1,1,0,0
ISB,BAH,1,1,0,0
TYN,HAK,1,1,0,0
GYD,OMS,1,1,0,0
FCO,MAN,1,1,0,0
VKO,DUS,1,1,0,0
MYY,LMN,1,1,0,1
LHR,KHI,1,1,0,0
ISB,DMM,2,2,0,0
ALC,HHN,1,1,0,0
SVQ,STN,1,1,0,0
MPL,CRL,1,1,0,0
BGY,RIX,1,1,0,0
OPO,HHN,1,1,0,0
WMI,CHQ,1,1,0,0
BHX,CPH,1,1,0,0
DME,ODS,2,2,0,1
IDR,HYD,1,1,0,0
CJB,HYD,1,1,0,0
BNA,PHX,1,1,0,0
BWI,ECP,1,1,0,0
CTU,MEL,1,1,0,0
HYN,CKG,2,2,0,1
JJA,HIR,1,1,0,0
ESB,IGD,1,1,0,1
EIN,VLC,1,1,0,0
SJO,IAD,1,1,0,0
IAH,BJX,1,1,0,1
CEC,SFO,1,1,0,1
HAN,RGN,1,1,0,0
MMX,BEG,1,1,0,0
XMN,CJU,1,1,0,0
LIS,NTE,1,1,0,0
PKN,SOC,1,1,0,0
KGD,CEE,1,1,0,0
VIE,TUN,1,1,0,0
YEG,DFW,1,1,0,0
DCA,OAJ,2,2,0,1
PSP,PHX,2,2,0,2
LAS,SBN,1,1,0,0
RNS,MRS,1,1,0,0
RAB,LNV,2,2,0,0
YHZ,BOS,2,2,0,2
SYD,YVR,1,1,0,0
HLZ,WLG,1,1,0,1
SVX,NBC,1,1,0,0
ORN,OGX,1,1,0,0
PYJ,DME,1,1,0,0
LGW,NQY,2,2,0,1
DXB,ZYL,1,1,0,0
TNA,PVG,1,1,0,0
TAO,KWE,1,1,0,0
CCS,SVZ,1,1,0,0
SCU,SDQ,1,1,0,0
LGA,BUF,1,1,0,0
BHX,GLA,1,1,0,0
PUJ,CLE,1,1,0,0
IKA,HAM,1,1,0,0
CKG,XUZ,1,1,0,0
EMA,HER,1,1,0,0
YNY,PVG,1,1,0,0
MHD,KIH,1,1,0,0
JOG,BDO,1,1,0,1
CNX,DMK,2,2,0,0
BGO,AYT,1,1,0,0
STN,VST,1,1,0,0
OUD,CRL,1,1,0,0
IBZ,CIA,1,1,0,0
SDR,BGY,1,1,0,0
WMI,PMI,1,1,0,0
TNA,HUN,1,1,0,0
HRB,WUH,1,1,0,0
NBE,SXF,1,1,0,0
BOO,RET,1,1,0,0
GDN,HAU,1,1,0,0
DXB,JIB,1,1,0,0
KPN,BET,1,1,0,1
SIN,TAO,1,1,0,0
CVG,PHL,3,3,0,2
MIA,LRM,2,2,0,1
TPA,DCA,3,3,0,0
EVV,DFW,2,2,0,2
PIE,AVL,1,1,0,0
BIO,ACE,3,3,0,1
WLS,NOU,1,1,0,0
LGW,BJV,3,3,0,0
JNU,ANC,1,1,0,0
OGX,AZR,1,1,0,0
KRR,LCA,1,1,0,0
AUS,HRL,2,2,0,1
BSL,HRG,1,1,0,0
IGA,NAS,1,1,0,0
KMG,CCU,1,1,0,0
YVR,CAN,1,1,0,0
TPE,KWE,2,2,0,0
PMV,HAV,1,1,0,0
PBH,GAU,1,1,0,0
JIJ,GDE,1,1,0,0
GLA,SXF,1,1,0,0
BEY,SXF,1,1,0,0
GVA,LPA,1,1,0,0
SYZ,RAS,1,1,0,0
ICN,VTE,2,2,0,0
ACC,FRA,1,1,0,1
BHX,EWR,2,2,0,1
NAP,VRN,1,1,0,0
CMN,TRN,1,1,0,0
WRO,ALC,1,1,0,0
NYO,RJK,1,1,0,0
PFO,SKG,1,1,0,0
WMI,NYO,1,1,0,0
GOT,PMI,1,1,0,0
FRA,OVB,1,1,0,0
SHW,RUH,1,1,0,0
IST,ELQ,1,1,0,0
HTY,IST,1,1,0,0
OTP,SKG,1,1,0,0
LAX,ICT,1,1,0,1
SAN,IAH,1,1,0,0
LAS,IAD,1,1,0,0
CDG,UGC,1,1,0,0
MLM,MDW,1,1,0,0
KTW,BCN,1,1,0,0
LCA,BUD,1,1,0,0
BEG,LCA,2,2,0,0
ELV,JNU,1,1,0,0
FUK,FSZ,1,1,0,0
KTM,BIR,1,1,0,0
LED,EGO,1,1,0,0
TXL,MHG,1,1,0,0
EVG,MXX,1,1,0,1
YEV,YHI,1,1,0,0
VIE,CFU,2,2,0,0
GDL,CUU,2,2,0,1
ROT,WLG,1,1,0,1
PPT,AHE,1,1,0,0
RVV,TUB,1,1,0,0
TNR,MRS,1,1,0,0
JER,LGW,2,2,0,0
LXS,MJT,1,1,0,0
CRK,CEB,1,1,0,0
NRT,NKG,2,2,0,1
AQG,WUH,1,1,0,0
YNZ,NTG,1,1,0,0
ZYI,SZX,1,1,0,0
KIN,PTY,2,2,0,1
PSC,MSP,1,1,0,1
LRT,LYS,1,1,0,0
HRG,HBE,1,1,0,0
RUH,ADD,2,2,0,0
CDG,WRO,1,1,0,0
RAK,CDG,1,1,0,0
NCE,BSL,1,1,0,0
CGN,DUB,1,1,0,0
PRN,DUS,1,1,0,0
GOI,HYD,2,2,0,0
POL,APL,2,2,0,0
STT,AXA,1,1,0,0
KBV,DMK,2,2,0,0
KYA,SAW,2,2,0,1
ECN,GZT,1,1,0,0
HHN,KIR,1,1,0,0
AAR,STN,1,1,0,0
TPS,KUN,1,1,0,0
PSA,HAU,1,1,0,0
MLA,ARN,1,1,0,0
JED,MHD,1,1,0,0
IKT,VKO,1,1,0,0
MID,IAH,1,1,0,0
DEN,GUC,1,1,0,1
TAS,UFA,1,1,0,0
MLM,TIJ,1,1,0,0
VLY,CWL,1,1,0,0
CAC,VCP,1,1,0,0
SKG,BEG,1,1,0,0
MGQ,HGA,1,1,0,0
YOP,YEG,1,1,0,0
BOS,NRT,2,2,0,0
PVD,PHL,2,2,0,0
RSW,DUS,2,2,0,1
LIT,SFB,1,1,0,0
KRK,SVO,1,1,0,0
LED,OMS,1,1,0,0
SVO,VNO,1,1,0,0
NAS,RCY,1,1,0,0
TXL,NUE,3,3,0,0
GUM,SDJ,2,2,0,1
ALG,SVO,1,1,0,0
MRU,DUR,1,1,0,0
DCM,AGF,1,1,0,0
AMS,VRA,1,1,0,0
PMO,BRI,2,2,0,0
POS,JFK,2,2,0,0
GEO,POS,1,1,0,0
MFM,KMG,1,1,0,0
REP,CAN,2,2,0,0
CWL,NCL,1,1,0,0
EDI,NAP,1,1,0,0
BAH,MAA,1,1,0,0
MAD,RJL,1,1,0,1
THR,NSH,1,1,0,0
SYZ,LFM,1,1,0,0
FRA,HAM,1,1,0,0
DME,TGD,1,1,0,0
BIO,OSL,1,1,0,0
CTA,ARN,1,1,0,0
HRB,JXA,1,1,0,0
STN,XRY,1,1,0,0
NYO,KRK,1,1,0,0
BCN,CIA,1,1,0,0
LIG,BRS,1,1,0,0
BVA,ACE,1,1,0,0
NRN,CHQ,1,1,0,0
NRT,CMB,1,1,0,0
JED,HOF,1,1,0,0
XNN,ZHY,1,1,0,0
HOG,MAN,1,1,0,0
HOB,IAH,1,1,0,1
TAS,CEK,1,1,0,0
DME,CGN,1,1,0,0
HEL,POR,1,1,0,1
ZUM,YYR,1,1,0,0
ART,PHL,2,2,0,2
CDG,DUB,3,3,0,1
MLA,MRS,2,2,0,0
TIJ,DGO,1,1,0,1
RIX,SAW,1,1,0,0
VLI,PBJ,1,1,0,0
ZGU,TOH,1,1,0,0
SHE,DAT,1,1,0,0
MAU,BOB,1,1,0,0
LYS,TLM,1,1,0,0
AEY,RKV,1,1,0,0
ROC,MCO,2,2,0,1
UIO,OCC,2,2,0,0
GOQ,XIY,1,1,0,0
SLC,GCC,1,1,0,1
LTN,ZRH,1,1,0,0
GVA,EDI,1,1,0,0
BRE,LEJ,1,1,0,0
PMI,RLG,1,1,0,0
ZAH,KER,1,1,0,0
WAW,ORD,1,1,0,0
HNM,OGG,1,1,0,0
GVA,OSL,1,1,0,0
SAW,FRU,1,1,0,0
DLA,CMN,1,1,0,0
EMA,GRO,1,1,0,0
MST,BRI,1,1,0,0
SVQ,BGY,1,1,0,0
GIZ,DMM,1,1,0,0
CRA,BGY,1,1,0,0
CUR,BRM,1,1,0,0
QRW,LOS,1,1,0,0
DXB,HGA,2,2,0,0
TKJ,CKX,1,1,0,0
LAS,DCA,2,2,0,0
PIE,PIA,1,1,0,0
RNO,LAS,2,2,0,0
LAS,SGF,1,1,0,0
AVL,SFB,1,1,0,0
BOD,ORY,1,1,0,0
ORY,TLN,1,1,0,0
SHJ,ATZ,1,1,0,0
TLV,YUL,1,1,0,0
VIE,KSC,1,1,0,1
MHD,GSM,2,2,0,0
MUC,FCO,2,2,0,0
PEK,NTG,2,2,0,1
DRG,BKC,2,2,0,1
XIY,ENY,2,2,0,0
HRB,CIF,1,1,0,0
CGQ,NBS,1,1,0,0
SFO,AMS,2,2,0,1
RIC,MCO,3,3,0,1
BIO,MXP,2,2,0,1
SJJ,CGN,1,1,0,0
OGG,KOA,2,2,0,0
BNE,LST,1,1,0,0
BFI,ESD,1,1,0,0
ASU,SCL,2,2,0,1
BKI,SBW,1,1,0,1
TSA,WNZ,1,1,0,1
KHI,DEL,1,1,0,0
LUN,NLA,1,1,0,0
DOH,CMB,2,2,0,0
EIN,PSA,1,1,0,0
PDV,HHN,1,1,0,0
BLQ,BRI,1,1,0,0
CIA,SVQ,1,1,0,0
NRN,LPA,1,1,0,0
OGZ,DME,1,1,0,0
ELQ,JED,1,1,0,0
MVP,BOG,1,1,0,0
DMK,XIY,1,1,0,0
BVA,TSR,1,1,0,0
PRG,BGY,1,1,0,0
TSR,BGY,1,1,0,0
KRT,DWC,1,1,0,0
NNG,WUZ,1,1,0,0
DFW,CCS,1,1,0,0
ABE,MYR,1,1,0,0
MLA,EMA,1,1,0,0
DPS,NRT,2,2,0,0
SHJ,HOF,1,1,0,0
WLG,TUO,1,1,0,1
PEN,JHB,1,1,0,0
YNT,SJW,2,2,0,1
DUB,NCE,2,2,0,0
NAN,TBU,1,1,0,0
MRU,PEK,1,1,0,0
YKS,KJA,1,1,0,0
NKG,LHW,1,1,0,0
KWE,HKT,1,1,0,0
REC,JDO,1,1,0,0
PTY,CUC,1,1,0,1
LAX,MEM,1,1,0,0
DSM,MSP,1,1,0,1
MHQ,HEL,2,2,0,1
SZB,AOR,3,3,0,1
BHD,LBA,1,1,0,0
KHN,SHE,1,1,0,0
BOM,KTM,1,1,0,0
JAX,SJU,1,1,0,0
LIM,PEM,1,1,0,1
NRL,NDY,1,1,0,0
MUC,DOK,1,1,0,1
VLC,MUC,1,1,0,0
AJA,OSL,1,1,0,0
BRS,TSF,1,1,0,0
EIN,CHQ,1,1,0,0
ZAD,HHN,1,1,0,0
VLC,PSA,1,1,0,0
CFU,PIK,1,1,0,0
TOS,LYR,1,1,0,0
CTU,YTY,1,1,0,0
KOJ,UKB,1,1,0,0
YGJ,OKA,1,1,0,0
IST,FIH,1,1,0,0
KSY,SAW,1,1,0,1
RMQ,HUN,1,1,0,0
SDD,LAD,1,1,0,0
ZLO,TIJ,1,1,0,0
TSF,PRG,1,1,0,0
DWC,SOF,1,1,0,0
TET,BEW,1,1,0,0
KJA,IAA,1,1,0,0
PLS,PAP,1,1,0,0
AZS,SJU,1,1,0,0
HRB,HIA,1,1,0,0
CFR,AJA,1,1,0,0
TUN,DME,1,1,0,0
SEA,SNA,2,2,0,1
CDG,NSI,2,2,0,0
HMO,CUU,1,1,0,1
WRE,AKL,1,1,0,1
KCL,KCQ,1,1,0,0
OGX,IAM,1,1,0,0
PWQ,ALA,1,1,0,0
ATT,KUK,1,1,0,0
UNG,TBG,1,1,0,0
FPO,BWI,1,1,0,0
PVE,CZJ,1,1,0,0
SPN,PEK,1,1,0,0
CJU,CGO,1,1,0,0
BUF,DTW,1,1,0,0
CAI,DXB,3,3,0,0
LBV,LFW,1,1,0,1
JIB,DIR,1,1,0,0
LGW,CPH,2,2,0,0
CAG,SXF,1,1,0,0
HAJ,BVC,1,1,0,0
SID,STR,1,1,0,0
TFS,LIL,1,1,0,0
GAU,BOM,1,1,0,0
DME,TJU,3,3,0,0
MAN,RHO,3,3,0,0
HPN,TPA,1,1,0,0
FRA,TRN,1,1,0,0
MXP,MUC,1,1,0,0
ATH,HEL,1,1,0,0
GEO,KIN,1,1,0,0
QBC,YVR,1,1,0,0
PEW,DSK,1,1,0,0
LIS,CMN,2,2,0,1
AMM,ATH,1,1,0,0
BVA,RYG,1,1,0,0
TRS,STN,1,1,0,0
CIA,CAG,1,1,0,0
MLA,KRK,1,1,0,0
SZG,STN,1,1,0,0
SHE,CSX,1,1,0,0
SHE,DSN,1,1,0,0
ORY,TOE,1,1,0,0
DMK,HKG,1,1,0,0
SID,BVC,1,1,0,0
VXE,SNE,1,1,0,0
DME,TFS,1,1,0,0
IAH,EWR,1,1,0,0
NMA,KRR,1,1,0,0
LKN,RET,1,1,0,0
BGY,CRA,1,1,0,0
SHE,HFE,1,1,0,0
SVX,GOJ,1,1,0,0
CLT,RSW,2,2,0,0
LJU,SKP,1,1,0,0
MLH,ORY,1,1,0,0
LTN,MAH,1,1,0,0
BRS,MXP,1,1,0,0
YUL,MUC,2,2,0,1
MCV,DRW,1,1,0,0
STG,ANC,2,2,0,1
VIE,JFK,2,2,0,2
AUY,TAH,1,1,0,0
MYY,JHB,1,1,0,0
FCO,IAS,2,2,0,0
FCO,GVA,4,4,0,0
CGO,HFE,1,1,0,0
RGN,PEK,1,1,0,0
CXI,NAN,2,2,0,1
MSY,MDW,2,2,0,1
YYC,GLA,1,1,0,0
TLS,YUL,1,1,0,0
EZE,LHR,1,1,0,0
UFA,SVX,1,1,0,0
LYG,HGH,1,1,0,0
DAY,MSP,1,1,0,0
MSP,RAP,1,1,0,1
TWF,SLC,1,1,0,1
BRS,CDG,1,1,0,0
HEL,AYT,1,1,0,0
DUB,CFN,1,1,0,1
STR,FCO,1,1,0,0
AMS,NUE,1,1,0,1
FAO,LUX,1,1,0,0
ROI,DMK,1,1,0,0
CPH,PSA,1,1,0,0
GDN,WMI,1,1,0,0
AHO,AOI,1,1,0,0
GOA,DME,1,1,0,0
AHB,TUU,1,1,0,0
RIC,IAH,1,1,0,1
CEK,TAS,1,1,0,0
OSL,SDN,1,1,0,0
CGN,SKP,1,1,0,0
CIA,CLJ,1,1,0,0
INH,VNX,1,1,0,0
SVX,SLY,1,1,0,0
LST,FLS,1,1,0,0
TLL,URE,1,1,0,1
CAN,DEL,1,1,0,0
GGT,MIA,2,2,0,1
CHS,PHL,2,2,0,1
CLT,TLH,2,2,0,1
LAS,SHV,1,1,0,0
CDG,BOM,1,1,0,0
BOM,BBI,2,2,0,0
POM,LNV,2,2,0,0
TUS,SEA,1,1,0,0
VIE,ROV,1,1,0,1
KUL,MFM,1,1,0,0
LPB,AQP,1,1,0,0
BOD,SXB,2,2,0,0
YYZ,MAN,1,1,0,0
MYG,IGA,1,1,0,0
SJO,NOB,1,1,0,0
DVO,CGY,1,1,0,0
PVG,SJW,1,1,0,0
LYG,HKG,1,1,0,0
TGU,PTY,1,1,0,0
PTY,TGU,1,1,0,0
DAY,DTW,1,1,0,0
ATL,TGU,1,1,0,0
BIO,STN,1,1,0,0
DUS,PRN,1,1,0,0
ABJ,DKR,3,3,0,0
LGG,AGA,1,1,0,0
LUX,ADB,1,1,0,0
VKO,OZH,1,1,0,0
DMK,NNT,1,1,0,0
OSL,WAW,1,1,0,0
YVR,QBC,1,1,0,0
ISB,GIL,1,1,0,0
DOH,BLR,1,1,0,0
MEL,MGB,1,1,0,0
AMM,SSH,1,1,0,0
BHX,REU,1,1,0,0
FAO,LDY,1,1,0,0
ARN,MLA,1,1,0,0
RUH,AJF,1,1,0,0
CLE,LAS,2,2,0,0
RDC,CDJ,1,1,0,0
ABJ,TUN,1,1,0,0
MAN,BVC,2,2,0,0
SVO,RHO,1,1,0,0
NBE,SVO,1,1,0,0
SJD,IAH,1,1,0,0
GUM,ROR,1,1,0,0
OGG,DEN,1,1,0,0
SAV,IAD,1,1,0,1
ORD,BTV,1,1,0,1
KKN,TOS,1,1,0,0
YLH,YWP,1,1,0,0
GIG,CLT,2,2,0,0
PHX,SAT,3,3,0,2
PHL,BGR,2,2,0,2
GJT,DFW,2,2,0,2
SRQ,DCA,2,2,0,2
FWA,PGD,1,1,0,0
SXF,LED,1,1,0,0
MTY,MEX,4,4,0,0
YYZ,YZR,1,1,0,1
YWG,YTH,1,1,0,0
DLA,LOS,2,2,0,0
WNZ,HIA,1,1,0,0
ORK,CDG,1,1,0,0
MRU,LHR,1,1,0,0
ONT,LAS,2,2,0,1
MSY,HOU,2,2,0,1
DME,PYJ,1,1,0,0
MCX,DME,1,1,0,0
AUH,MSQ,2,2,0,0
LEB,BOS,1,1,0,0
NAY,WNZ,2,2,0,1
CAN,PEN,1,1,0,0
CGQ,HGH,2,2,0,0
CGQ,YNJ,1,1,0,0
YIW,HRB,1,1,0,0
AMS,YUL,2,2,0,1
DTW,AVP,1,1,0,1
MSP,IND,1,1,0,0
MSP,SNA,1,1,0,0
LED,DXB,1,1,0,0
ADD,BEY,1,1,0,0
TAY,HEL,2,2,0,1
PRC,LAX,1,1,0,0
HYD,GOI,2,2,0,0
MUC,LYS,1,1,0,1
AGP,BVE,1,1,0,0
BKZ,MWZ,1,1,0,0
ASP,BNE,1,1,0,1
DOH,ESB,1,1,0,0
CMN,TFN,1,1,0,0
SNN,BVA,1,1,0,0
KTW,CHQ,1,1,0,0
ALC,CRL,1,1,0,0
BZR,NYO,1,1,0,0
CIA,AHO,1,1,0,0
PSA,CRL,1,1,0,0
POL,JNB,1,1,0,1
CAI,PZU,1,1,0,0
ORN,TUN,1,1,0,0
ESB,CKZ,1,1,0,1
AOE,BRU,1,1,0,0
AYT,GRQ,1,1,0,0
IAD,KWI,1,1,0,0
HNL,IAH,1,1,0,0
YHZ,PUJ,1,1,0,0
RAK,SXB,1,1,0,0
SDJ,KIX,1,1,0,0
WAW,GLA,1,1,0,0
SDL,GOT,1,1,0,0
YPM,YXL,1,1,0,0
MIA,SJO,2,2,0,0
MIA,MHH,2,2,0,1
PIE,CID,1,1,0,0
GRI,AZA,1,1,0,0
DEL,COK,2,2,0,0
CUR,BOG,1,1,0,0
LIN,VIE,1,1,0,0
LIM,AMS,2,2,0,1
URC,TSN,1,1,0,0
FRA,KIV,1,1,0,0
ZRH,BLL,1,1,0,1
BRU,FLR,1,1,0,0
SJO,TTQ,1,1,0,0
XIY,NGB,1,1,0,0
CGO,CJU,1,1,0,0
ZUH,KMG,1,1,0,0
DKR,ORY,1,1,0,0
SLC,BZN,1,1,0,1
LNK,MSP,1,1,0,1
ASW,ABS,1,1,0,0
ADD,LHR,1,1,0,0
ADD,LUN,1,1,0,0
BRS,CPH,1,1,0,0
SPU,BSL,1,1,0,0
MAN,GLA,1,1,0,0
BGI,DOM,1,1,0,0
MAN,BVA,1,1,0,0
BOH,PSA,1,1,0,0
WRO,CHQ,1,1,0,0
PVG,CMB,1,1,0,0
TDD,CIJ,1,1,0,0
SCO,KRR,1,1,0,0
IAH,QRO,1,1,0,1
SYR,IAD,1,1,0,1
BGO,HOV,1,1,0,0
KRS,TRD,1,1,0,0
CLJ,EIN,1,1,0,0
ROV,KUF,1,1,0,0
MLE,GAN,1,1,0,0
NAT,REC,1,1,0,0
TLC,PVR,1,1,0,0
CFU,SKG,1,1,0,0
YYR,YWK,2,2,0,1
CZM,DFW,2,2,0,0
DCA,PDX,2,2,0,1
PBG,SFB,1,1,0,0
PGD,IAG,1,1,0,0
VIE,RHO,3,3,0,1
LTN,FCO,1,1,0,0
UGB,PTH,1,1,0,0
CBB,CIJ,1,1,0,0
HIA,WNZ,1,1,0,0
PPT,RKA,1,1,0,0
KUS,AGM,1,1,0,0
TPA,SEA,1,1,0,1
DEN,ORF,1,1,0,1
BRU,BLL,1,1,0,1
DAC,FCO,1,1,0,0
JGS,SHA,2,2,0,1
UDI,CGH,2,2,0,0
BJX,ATL,1,1,0,1
MSP,ABQ,1,1,0,0
MCO,GRR,2,2,0,1
NBO,CAI,1,1,0,0
LOS,DXB,1,1,0,0
POG,PNR,1,1,0,0
ZNZ,JRO,2,2,0,1
GLA,BHX,1,1,0,0
BCN,IEV,2,2,0,1
DUS,KTW,1,1,0,0
DXB,SYZ,1,1,0,0
DYU,MHD,1,1,0,0
THR,MRX,1,1,0,0
LPQ,JHG,1,1,0,0
OSL,KKN,2,2,0,0
LUN,LVI,1,1,0,0
FCO,DOH,1,1,0,0
DOH,TUN,1,1,0,0
FAO,EIN,2,2,0,0
LRH,EMA,1,1,0,0
MAA,JED,1,1,0,0
BKG,MDW,1,1,0,0
BKK,PER,2,2,0,1
ESB,TEQ,1,1,0,1
IST,FDH,1,1,0,0
MQM,ESB,1,1,0,1
AMS,CFU,1,1,0,0
EIN,AYT,1,1,0,0
MXP,VKO,1,1,0,0
DME,GOI,1,1,0,0
TUN,MLA,1,1,0,0
UIO,IAH,1,1,0,0
DEN,HDN,1,1,0,1
BUD,SKG,1,1,0,0
OKL,DJJ,1,1,0,0
KOT,KSM,1,1,0,1
BRN,VIE,1,1,0,0
KAN,ABV,1,1,0,0
DUS,GPA,1,1,0,0
BLQ,EIN,1,1,0,0
ROV,SVX,1,1,0,0
VCE,NCE,3,3,0,1
SHJ,AHB,1,1,0,0
KAT,AKL,1,1,0,1
SAN,OGG,1,1,0,0
BKO,ABJ,3,3,0,0
GCI,STN,1,1,0,0
MDE,SMR,1,1,0,0
URT,KUL,1,1,0,0
AMS,DUS,2,2,0,2
CGD,XMN,1,1,0,0
KRR,EGO,1,1,0,0
OTZ,BKC,2,2,0,1
BRU,TRN,1,1,0,0
HPN,LEB,1,1,0,0
IST,URC,1,1,0,0
CSX,YTY,1,1,0,0
XRY,SXF,1,1,0,0
ATL,SCL,2,2,0,1
CHS,LGA,1,1,0,0
BLQ,LGW,1,1,0,0
DOY,PEK,1,1,0,0
LYI,SZX,1,1,0,0
MUC,BRE,1,1,0,0
DGA,INB,1,1,0,0
POR,ARN,1,1,0,0
RYG,TSF,1,1,0,0
GRO,BLL,1,1,0,0
SAN,MSY,1,1,0,0
MYR,ACY,1,1,0,0
LIS,RAI,2,2,0,0
NDJ,IST,1,1,0,0
MQM,IST,1,1,0,0
SFO,RNO,1,1,0,1
GDN,BVA,1,1,0,0
SHJ,DYU,1,1,0,0
TGP,KJA,1,1,0,0
LWO,TLV,1,1,0,0
SDU,VCP,1,1,0,0
MCT,DWC,1,1,0,0
IND,MIA,2,2,0,1
LAS,CID,1,1,0,0
ATH,JSY,2,2,0,0
BRU,SVO,1,1,0,0
PVK,MUC,1,1,0,0
NBE,NUE,1,1,0,0
WKJ,HND,1,1,0,0
OKA,SDJ,1,1,0,0
YQR,DEN,2,2,0,2
MCO,YUL,2,2,0,0
WLG,HLZ,1,1,0,1
SAT,SEA,1,1,0,0
BOG,IBE,2,2,0,1
ZGU,MTV,1,1,0,0
IPA,TAH,1,1,0,0
LLU,JJU,1,1,0,0
BWI,MBJ,1,1,0,0
JSH,AXD,1,1,0,0
SOF,AMS,1,1,0,0
YVM,YXP,2,2,0,0
TPE,ROR,2,2,0,0
WUH,YCU,1,1,0,0
FRA,LAS,1,1,0,0
PEE,PRG,1,1,0,0
GRR,MSP,1,1,0,0
PDX,NRT,1,1,0,0
MSP,PIT,1,1,0,0
MSP,APN,1,1,0,1
BSL,DUS,1,1,0,0
NBO,JNB,2,2,0,0
MRA,HBE,1,1,0,0
SBW,BKI,1,1,0,1
ARN,MHQ,1,1,0,0
MED,GIZ,1,1,0,0
OLP,ADL,1,1,0,1
EDI,BZR,1,1,0,0
IBZ,HHN,1,1,0,0
PSA,FUE,1,1,0,0
CMB,CDG,1,1,0,0
BOG,MVP,1,1,0,0
CCP,PMC,1,1,0,0
IST,MSR,1,1,0,0
DWC,KUF,3,3,0,0
SHV,DEN,1,1,0,1
NJF,AMM,1,1,0,0
JTC,VCP,1,1,0,0
RUN,CDG,1,1,0,0
SKG,ARN,2,2,0,1
BLL,CDG,2,2,0,1
BSB,CDG,1,1,0,0
KIX,NOU,1,1,0,0
SAP,TGU,1,1,0,0
CCS,MEX,1,1,0,0
SHJ,NAG,1,1,0,0
YYZ,LIM,1,1,0,0
PDX,EUG,2,2,0,2
ARH,USK,1,1,0,1
ALG,BEY,1,1,0,0
SCQ,DUB,1,1,0,0
LTN,IST,1,1,0,0
AMS,SFB,1,1,0,0
DAV,SJO,1,1,0,0
PAC,PYC,1,1,0,0
HKG,YNZ,1,1,0,0
TEN,SZX,1,1,0,0
BSB,PTY,1,1,0,0
ATL,BJX,1,1,0,1
EBL,DXB,2,2,0,0
LTN,EDI,1,1,0,0
AMS,SOU,1,1,0,0
BPN,BEJ,3,3,0,1
BRU,LPA,1,1,0,0
BOM,GAU,1,1,0,0
HNA,FUK,1,1,0,1
MCO,PSE,1,1,0,0
HTI,BNE,2,2,0,1
FRA,WRO,2,2,0,1
JCB,CFC,1,1,0,0
TRW,MAJ,1,1,0,0
AMS,GCI,1,1,0,0
ABT,JED,1,1,0,0
RAH,RUH,1,1,0,0
HKT,OVB,1,1,0,0
YHZ,EWR,1,1,0,1
DEN,RKS,1,1,0,1
BUD,IEV,1,1,0,0
SDU,GYN,1,1,0,0
TGU,LCE,1,1,0,0
EWR,BDA,1,1,0,0
MCG,NIB,1,1,0,0
DFW,MAF,2,2,0,1
PBG,PIE,1,1,0,0
YNG,MYR,1,1,0,0
SFB,SGF,1,1,0,0
AZA,OGD,1,1,0,0
BRS,MUC,1,1,0,0
DMM,SHJ,1,1,0,0
SHJ,DME,1,1,0,0
YYZ,YSJ,1,1,0,1
NLK,SYD,1,1,0,0
LIN,REG,2,2,0,0
KIX,FCO,1,1,0,0
ALG,BLJ,1,1,0,0
SUV,SYD,1,1,0,0
YYZ,ATH,1,1,0,0
KRR,VOZ,1,1,0,0
CAN,BNE,1,1,0,0
SDU,BSB,3,3,0,0
BUR,SLC,1,1,0,1
PSP,SLC,1,1,0,1
DXB,SGN,1,1,0,0
LPL,BJV,1,1,0,0
LYS,LGW,1,1,0,0
BSL,TLV,1,1,0,0
AGP,OVD,2,2,0,1
DPS,LOP,2,2,0,1
MMX,VBY,2,2,0,1
PFO,LBA,1,1,0,0
KTM,ICN,1,1,0,0
ICN,TLV,1,1,0,0
ODS,MUC,1,1,0,1
ADB,LUX,1,1,0,0
LBU,MYY,1,1,0,1
DME,SKD,2,2,0,0
OSL,SXF,1,1,0,0
KHI,GWD,1,1,0,0
CMN,GRU,1,1,0,0
DUB,LRH,1,1,0,0
RHO,CRL,1,1,0,0
NRN,IBZ,1,1,0,0
LIN,ARN,1,1,0,0
BKK,OVB,1,1,0,0
LGA,HOU,1,1,0,0
SDF,PHX,1,1,0,0
SJU,IAH,1,1,0,0
CHS,ORD,1,1,0,1
AEX,IAH,1,1,0,1
MGW,IAD,1,1,0,1
LCA,LWO,1,1,0,0
DME,HAN,1,1,0,0
SJD,TIJ,1,1,0,0
OLL,BZV,1,1,0,0
POZ,NYO,1,1,0,0
SKP,EIN,1,1,0,0
BUD,ORY,1,1,0,0
CNF,IPN,1,1,0,0
VCP,POA,1,1,0,0
DWC,DOK,1,1,0,0
VKO,GOJ,1,1,0,0
CWB,RAO,1,1,0,0
AOI,CTA,1,1,0,0
YVP,YPX,1,1,0,0
PHX,CUN,2,2,0,0
MRV,SVO,1,1,0,0
SHJ,HYD,2,2,0,0
GOI,KWI,1,1,0,0
SHJ,BOM,1,1,0,0
LWS,PUW,1,1,0,1
YWG,YSK,1,1,0,0
CAG,FCO,1,1,0,0
FCO,GIG,1,1,0,0
WUH,DSN,1,1,0,0
SFJ,JEG,1,1,0,0
TPA,BHM,2,2,0,1
FCO,HAV,2,1,1,0
BRU,PEK,2,2,0,1
KMG,LZO,1,1,0,0
XNN,YUS,2,2,0,0
CCS,CZE,1,1,0,0
HAV,FDF,1,1,0,0
HER,PRG,1,1,0,0
CTU,LYG,1,1,0,0
LBV,FIH,1,1,0,1
ADD,ENU,1,1,0,0
BOD,BRU,1,1,0,0
YFB,YLC,1,1,0,1
PHX,SVC,1,1,0,0
EBA,ZRH,1,1,0,0
KDH,MHD,1,1,0,0
MUC,CLJ,1,1,0,1
ATH,CPH,2,2,0,0
RUH,SKT,1,1,0,0
DUS,ADB,2,2,0,0
CMN,GLN,1,1,0,0
DUB,HHN,1,1,0,0
PMI,BVA,1,1,0,0
SAT,ELP,1,1,0,0
LAS,BNA,1,1,0,0
TPE,YNT,1,1,0,0
PBM,BEL,1,1,0,0
BKK,URT,1,1,0,0
BVC,RAI,1,1,0,0
LGW,HAV,1,1,0,0
YRG,YMN,1,1,0,0
TRF,BEG,1,1,0,0
SZZ,SVG,1,1,0,0
CRA,LTN,1,1,0,0
CGB,OAL,1,1,0,0
KTM,PKR,1,1,0,0
GIG,MVD,1,1,0,0
LOS,ABB,1,1,0,0
SKB,SJU,1,1,0,0
ANC,PHX,2,2,0,0
JNX,ATH,2,2,0,0
SVX,AER,2,2,0,0
VCE,MRS,2,2,0,1
LYS,CTA,2,2,0,0
MMY,ISG,1,1,0,0
SVX,SHJ,1,1,0,0
EGO,KGD,1,1,0,0
PDX,BOI,1,1,0,1
BRI,FCO,1,1,0,0
FCO,FLR,1,1,0,0
FCO,MIA,2,2,0,1
IAS,OTP,2,2,0,1
ALG,BJA,1,1,0,0
ORY,BVE,1,1,0,0
VKO,YKS,1,1,0,0
CUN,AUS,2,2,0,0
SAT,HOU,2,2,0,1
YUL,TLS,1,1,0,0
YUL,LYS,1,1,0,0
BWI,FPO,1,1,0,0
CTU,KGT,1,1,0,0
LYI,PVG,1,1,0,0
SWA,HKG,1,1,0,0
CMW,YYZ,1,1,0,0
GEG,LAX,1,1,0,1
SAT,MSP,1,1,0,1
LTN,CFU,1,1,0,0
AMS,LTN,1,1,0,0
HEL,MXP,1,1,0,0
KUL,NGO,1,1,0,0
SYY,INV,1,1,0,1
KWE,SIN,1,1,0,0
AGP,LUX,1,1,0,0
JHM,KOA,1,1,0,0
MAN,LIS,2,2,0,0
DUB,KRK,1,1,0,0
KRK,RYG,1,1,0,0
VST,AGP,1,1,0,0
LPA,SDR,1,1,0,0
SDR,LPA,1,1,0,0
EBU,OPO,1,1,0,0
PSA,EIN,1,1,0,0
FAO,CRL,1,1,0,0
PMI,GOT,1,1,0,0
DME,ASB,2,2,0,0
RUH,SHW,1,1,0,0
MCI,BNA,1,1,0,0
TXL,ADB,1,1,0,0
IST,BUD,1,1,0,0
SID,AMS,2,2,0,0
CIA,TSR,1,1,0,0
NAP,KTW,1,1,0,0
SKP,LTN,1,1,0,0
BOM,SAH,1,1,0,0
LJG,SJW,1,1,0,0
BEW,POL,1,1,0,0
GDL,REX,1,1,0,0
CGD,KMG,1,1,0,0
AIN,ATK,1,1,0,1
IBZ,BRN,1,1,0,0
RTB,BZE,1,1,0,0
HYD,LHR,2,2,0,1
CLT,SEA,2,2,0,0
AZA,BIL,1,1,0,0
NOU,KIX,1,1,0,0
ZTH,DUS,1,1,0,0
POM,MDU,1,1,0,0
YUL,YBG,1,1,0,1
ULB,VLI,1,1,0,0
CMA,XTG,1,1,0,0
VRN,DUB,1,1,0,0
GNU,PTU,1,1,0,0
MJZ,OVB,2,2,0,0
JTR,LHR,1,1,0,0
MWX,PVG,1,1,0,0
DYG,CAN,1,1,0,0
PUJ,JFK,2,2,0,0
SNA,MSP,1,1,0,0
MED,HBE,1,1,0,0
ABV,NDJ,1,1,0,1
WAT,MAN,1,1,0,0
SHE,KHN,1,1,0,0
SYZ,MCT,1,1,0,0
MPM,NBO,1,1,0,0
PLM,TKG,1,1,0,0
ABV,SSG,1,1,0,0
CRK,DOH,1,1,0,0
LPL,DUB,1,1,0,0
ARN,AAL,1,1,0,0
JED,THR,1,1,0,0
PHX,MSY,1,1,0,0
KGF,UKK,1,1,0,0
TLV,DOK,1,1,0,0
HUI,HAN,2,2,0,0
YBR,YYC,1,1,0,0
SKN,BOO,1,1,0,0
OUD,LYS,1,1,0,0
UEL,BEW,1,1,0,0
EVN,DNK,1,1,0,1
MCN,ATL,1,1,0,0
YRA,YZF,1,1,0,0
YFJ,YZF,1,1,0,0
CFU,DME,1,1,0,0
ESB,GYD,1,1,0,0
MEX,ZIH,3,3,0,1
YCG,YVR,1,1,0,1
POP,YHZ,1,1,0,0
TRG,CHC,1,1,0,1
RHD,AEP,1,1,0,1
PEK,FCO,1,1,0,0
ALG,GHA,1,1,0,0
KOZ,ADQ,1,1,0,0
HKT,USM,1,1,0,0
GDV,BIL,1,1,0,0
BJV,LPL,1,1,0,0
HEL,IVL,1,1,0,0
LJU,HEL,1,1,0,0
SPU,DTM,1,1,0,0
PMI,FMM,2,2,0,0
RHO,LBA,1,1,0,0
GND,BGI,1,1,0,0
TWU,TRK,1,1,0,1
DMM,YNB,1,1,0,0
SLI,LUN,1,1,0,0
LBV,CMN,1,1,0,0
TMP,BGY,1,1,0,0
STN,NRN,1,1,0,0
BGY,MAN,1,1,0,0
ARN,IST,2,2,0,0
CLE,BNA,2,2,0,1
ZCO,CCP,1,1,0,0
IST,BAL,1,1,0,0
EIN,DLM,1,1,0,0
NZH,COQ,1,1,0,0
VCP,FOR,1,1,0,0
VOG,DXB,1,1,0,0
MVD,ASU,1,1,0,0
CRL,WAW,1,1,0,0
YVP,XGR,1,1,0,0
FPO,CLT,2,2,0,2
PHX,MEX,3,3,0,0
CLT,HTS,2,2,0,1
ICT,AZA,1,1,0,0
ATH,JNX,2,2,0,0
IKT,SVO,1,1,0,0
SVO,FRA,1,1,0,0
IMF,AJL,1,1,0,0
KIX,MFM,2,2,0,1
YYZ,PHX,1,1,0,0
ZQN,WLG,1,1,0,1
DUT,IKO,1,1,0,0
MYY,BKI,2,2,0,1
CIY,LIN,1,1,0,0
PPT,MVT,1,1,0,0
SVB,DIE,1,1,0,0
SNA,OAK,2,2,0,1
GGW,BIL,1,1,0,0
SDY,BIL,1,1,0,0
PPS,ILO,1,1,0,0
MNL,KHH,1,1,0,1
CCU,KMG,1,1,0,0
BHY,CAN,1,1,0,0
YTY,DLC,1,1,0,0
GRR,CVG,1,1,0,0
WAT,BHX,1,1,0,0
LPA,ERF,1,1,0,0
STR,RJK,1,1,0,0
BRU,RHO,1,1,0,0
LIN,MAD,1,1,0,0
LRR,DOH,1,1,0,0
SJO,MCO,1,1,0,0
IQQ,ARI,2,2,0,0
MTR,EOH,1,1,0,1
BDJ,BPN,2,2,0,0
VAR,LUX,1,1,0,0
MUX,JED,1,1,0,0
BNE,ASP,1,1,0,1
DOH,EBL,1,1,0,0
MYA,MIM,1,1,0,0
TUF,OPO,1,1,0,0
VAN,ESB,1,1,0,1
DME,BQS,1,1,0,0
JAX,IAD,1,1,0,1
RIX,JFK,1,1,0,0
OTP,PEG,1,1,0,0
HNS,JNU,2,2,0,0
POA,SDU,1,1,0,0
TEB,ACK,1,1,0,0
AJA,CFR,1,1,0,0
FAI,WBQ,1,1,0,0
JKH,ATH,2,2,0,1
SXM,CDG,2,2,0,1
CGN,HRG,1,1,0,0
POP,DUS,1,1,0,0
NNG,MFM,2,2,0,0
SHJ,CGP,1,1,0,0
EWR,YYC,1,1,0,0
PVG,AKL,2,2,0,1
UAQ,AEP,1,1,0,0
TAI,DMM,1,1,0,0
UIO,SAL,1,1,0,0
JHB,KCH,1,1,0,0
MXP,OPO,2,2,0,2
BYC,SRZ,2,2,0,0
DUB,LYS,1,1,0,0
CEB,MPH,1,1,0,0
CAN,LYG,1,1,0,0
GIG,AJU,1,1,0,0
DTW,ROC,1,1,0,1
ATL,GGT,1,1,0,1
RKS,SLC,1,1,0,1
AMH,ADD,1,1,0,0
FLL,TTN,1,1,0,0
LBA,PRG,1,1,0,0
VIE,ESB,2,2,0,0
ADA,TZX,1,1,0,0
FRU,SAW,1,1,0,0
TSA,TYN,1,1,0,0
DOH,LHR,2,2,0,0
HHN,SDR,1,1,0,0
EIN,CCF,1,1,0,0
POZ,STN,1,1,0,0
BLQ,EDI,1,1,0,0
AUS,BWI,1,1,0,0
JAX,FLL,1,1,0,0
LAD,TMS,1,1,0,0
LWB,IAD,1,1,0,1
DAD,WNZ,1,1,0,0
YHZ,CUN,1,1,0,0
YQM,YHM,1,1,0,0
CEB,KUL,1,1,0,0
PLU,IPN,1,1,0,0
CNF,VDC,1,1,0,0
GRU,IOS,1,1,0,0
PLS,STI,1,1,0,0
VCE,BRI,1,1,0,0
IAH,CRW,1,1,0,1
ORB,MMX,1,1,0,0
ZEM,YKQ,1,1,0,0
SJU,VIJ,3,3,0,0
PBI,ORD,2,2,0,0
ERI,PHL,2,2,0,1
LJG,ICN,1,1,0,0
HRG,LEJ,1,1,0,0
JDH,DEL,3,3,0,2
VSA,PAZ,2,2,0,0
YXY,YLW,1,1,0,0
HGH,BKI,1,1,0,0
JJN,NNG,1,1,0,0
UMD,JQA,1,1,0,0
BOS,ALB,1,1,0,0
KMG,CNX,1,1,0,0
LYA,PEK,1,1,0,0
LLB,CAN,1,1,0,0
LAX,TPA,1,1,0,0
LGA,MSN,1,1,0,0
MSP,RIC,1,1,0,1
LGG,HER,1,1,0,0
IXB,GAU,2,2,0,0
NRL,EOI,1,1,0,0
IAD,MUC,2,2,0,0
BTU,SBW,1,1,0,1
SXF,SVG,1,1,0,0
MLA,OSL,1,1,0,0
KRT,MED,1,1,0,0
STN,LIG,1,1,0,0
SVQ,TFS,1,1,0,0
CTU,YIH,1,1,0,0
SHE,NGB,1,1,0,0
KSY,ESB,1,1,0,1
RAI,CDG,1,1,0,0
DME,RMI,2,2,0,0
YYC,YQQ,1,1,0,0
HFT,TOS,1,1,0,0
ULN,BKK,1,1,0,0
NTE,OLB,1,1,0,0
PBI,PHL,2,2,0,0
ICN,NGB,1,1,0,0
NBO,IST,2,2,0,1
TRI,PIE,1,1,0,0
AYT,ROV,1,1,0,0
KJA,LED,2,2,0,0
MUC,HAM,2,2,0,0
MNG,DRW,1,1,0,0
PDX,BIL,1,1,0,1
SSR,SON,1,1,0,0
RGI,XMH,1,1,0,0
INC,SJW,2,2,0,1
DUB,BOJ,1,1,0,0
JHS,JEG,1,1,0,0
TNR,MOQ,1,1,0,0
YKS,PEK,2,2,0,0
HAV,MXP,1,1,0,0
LBD,URC,1,1,0,0
TFS,PAD,1,1,0,0
AMS,EWR,4,4,0,2
DTW,PUJ,1,1,0,0
MSP,MEM,1,1,0,0
AVP,ATL,2,2,0,2
BSR,AUH,1,1,0,0
HER,GVA,2,2,0,0
FCO,SXF,1,1,0,0
LGW,ERF,1,1,0,0
NAP,CGN,1,1,0,0
DEN,MCK,1,1,0,0
LPA,HAJ,1,1,0,0
SJU,BOS,1,1,0,0
CUN,SCL,1,1,0,0
VKO,TXL,1,1,0,0
OGG,MKK,1,1,0,0
LAX,ARN,1,1,0,1
YVR,YZT,1,1,0,0
BVA,PMI,1,1,0,0
VNO,CHQ,1,1,0,0
PHX,MDW,1,1,0,0
EGM,VAO,1,1,0,0
SSA,CWB,1,1,0,0
IST,ADD,1,1,0,0
EIN,ATH,1,1,0,0
CLE,STL,1,1,0,1
BMV,DAD,1,1,0,0
CUN,YEG,1,1,0,0
FRO,KSU,1,1,0,0
KJA,TOF,1,1,0,0
YNB,DXB,1,1,0,0
KVX,VKO,1,1,0,0
SVO,KEJ,1,1,0,0
MRS,LIL,2,2,0,0
CDG,BOG,1,1,0,0
MEX,HUX,2,2,0,1
BOM,SHJ,1,1,0,0
YQY,YHZ,1,1,0,1
ACI,SOU,1,1,0,0
SAL,MDE,1,1,0,0
URC,DSN,1,1,0,0
ZHA,HAK,1,1,0,0
PEK,ALG,1,1,0,0
HAJ,DUB,1,1,0,0
DUB,BHX,2,2,0,0
GOH,JSU,1,1,0,0
MKE,BOS,2,2,0,1
HKG,DXB,2,2,0,0
JFK,KIX,1,1,0,0
HAN,NNG,1,1,0,0
WUH,KHN,1,1,0,0
TAO,WUX,1,1,0,0
SJW,LHW,1,1,0,0
CAE,DTW,1,1,0,1
RSW,CVG,1,1,0,0
AMS,VXO,1,1,0,0
FCO,ADD,1,1,0,0
MAN,HAM,2,2,0,0
ALC,BSL,1,1,0,0
BCN,BRS,1,1,0,0
HEL,LJU,1,1,0,0
MOT,DEN,2,2,0,1
KTW,DUS,1,1,0,0
SVX,TJU,1,1,0,0
FBS,RCE,1,1,0,0
BKI,BTU,1,1,0,1
EZS,ADB,1,1,0,0
ASP,AYQ,1,1,0,1
MHD,DOH,1,1,0,0
OVB,HTA,1,1,0,0
CMB,PVG,1,1,0,0
OVB,IST,1,1,0,0
TLS,ETZ,1,1,0,0
HUN,RMQ,1,1,0,0
SUF,CTA,1,1,0,0
IAH,CMH,1,1,0,1
ABE,ORD,1,1,0,1
AER,LBD,2,2,0,0
TIJ,MTY,1,1,0,0
RRS,OSL,1,1,0,0
RUH,TAI,1,1,0,0
LCA,EMA,1,1,0,0
DME,DYU,2,2,0,0
OVB,TJM,1,1,0,0
BUR,IPL,1,1,0,0
PHB,FOR,1,1,0,0
HSL,KYU,1,1,0,1
GOA,PMO,1,1,0,0
CAG,BSL,1,1,0,0
EDI,SVG,1,1,0,0
LXS,ATH,2,2,0,1
KLX,VIE,2,2,0,0
SMI,NUE,1,1,0,0
BCN,BHX,2,2,0,0
TRC,CUU,1,1,0,1
VAI,WWK,1,1,0,0
SEA,FAI,1,1,0,0
PSC,PDX,1,1,0,1
PGF,DUB,1,1,0,0
ZRH,AYT,3,3,0,1
HER,KGS,1,1,0,0
CSX,SZX,2,2,0,0
GIG,CGB,1,1,0,0
LAX,LIR,1,1,0,0
SLC,MFR,1,1,0,1
CMH,BOS,1,1,0,0
CAI,BUD,1,1,0,0
ACC,ADD,1,1,0,0
ADD,DIR,1,1,0,0
HRG,GVA,1,1,0,0
DBV,GVA,1,1,0,0
VCE,GVA,1,1,0,0
LIL,SPU,1,1,0,0
MHD,KBL,1,1,0,0
KOI,WRY,1,1,0,0
TRK,SUB,1,1,0,0
KBP,NAP,1,1,0,0
BGW,BEY,1,1,0,0
PSA,OSL,1,1,0,0
JED,ASW,1,1,0,0
TSV,WIN,1,1,0,0
SYD,BHQ,1,1,0,0
HHN,XRY,1,1,0,0
MST,TFS,1,1,0,0
KRK,CIA,1,1,0,0
AGP,CIA,1,1,0,0
BDS,BVA,1,1,0,0
TPS,BLQ,1,1,0,0
TSF,BRE,1,1,0,0
CIA,EMA,1,1,0,0
ARN,SDL,1,1,0,0
PRG,OVB,1,1,0,0
NEV,ANU,1,1,0,0
RUH,KUL,1,1,0,0
YGJ,UKB,1,1,0,0
HIR,FRE,1,1,0,0
REP,TPE,1,1,0,0
LST,BWT,1,1,0,0
AUK,EMK,1,1,0,1
PVR,TLC,1,1,0,0
DFW,SCL,3,3,0,1
EUG,AZA,1,1,0,0
LYS,PRG,2,2,0,1
PVG,TIJ,1,1,0,0
MAG,POM,1,1,0,0
ANC,HNL,1,1,0,0
IKA,FCO,2,2,0,0
NCE,CZL,1,1,0,0
LDE,ORY,1,1,0,0
SOF,ZRH,1,1,0,0
STL,UIN,1,1,0,0
CYB,GCM,1,1,0,0
GCM,ORD,1,1,0,0
OZC,CEB,1,1,0,0
TAO,MDG,1,1,0,0
AMS,CAN,2,2,0,1
SCQ,MAD,2,2,0,1
CGN,IKA,1,1,0,0
SYZ,DXB,1,1,0,0
ITM,GAJ,1,1,0,1
HPN,PBI,1,1,0,0
AMS,WAW,2,2,0,0
MZG,TSA,2,2,0,0
OSL,RAK,1,1,0,0
ARN,AJA,1,1,0,0
AUH,RYK,1,1,0,0
BLL,AYT,1,1,0,0
DAR,DOH,1,1,0,0
LBC,BGY,1,1,0,0
EIN,CFU,1,1,0,0
NYO,RHO,1,1,0,0
PMO,PSA,1,1,0,0
BGY,WMI,1,1,0,0
KUN,CAG,1,1,0,0
WVB,CPT,1,1,0,1
DME,PUY,1,1,0,1
OVB,BKK,1,1,0,0
JED,RAE,1,1,0,0
MED,ESB,1,1,0,0
SYZ,MED,1,1,0,0
CTU,KOW,1,1,0,0
MIG,XNN,1,1,0,0
WXN,PEK,1,1,0,0
FLL,IAG,1,1,0,0
TUN,VCE,1,1,0,0
GVA,IST,1,1,0,0
VKO,IST,2,2,0,0
JTR,AMS,1,1,0,0
PED,LED,1,1,0,0
SPP,NOV,1,1,0,0
AMA,IAH,1,1,0,1
BJF,VAW,1,1,0,0
NDR,MPL,1,1,0,0
STL,DEC,1,1,0,0
HPB,VAK,1,1,0,1
BIA,SXB,1,1,0,0
GOT,SDL,1,1,0,0
YER,YXL,1,1,0,0
CLT,GPT,2,2,0,1
BEY,SVO,2,2,0,0
BAX,SVO,1,1,0,0
CFU,MUC,2,2,0,0
SDV,HFA,1,1,0,0
VAI,MAG,1,1,0,0
YVR,YXJ,2,2,0,1
PMR,WLG,1,1,0,1
BDS,LIN,1,1,0,1
GUW,IST,1,1,0,0
UIO,CUE,2,2,0,0
KTN,HYL,2,2,0,0
YKS,CYX,2,2,0,0
VQS,STX,1,1,0,0
TXN,HFE,1,1,0,0
PUJ,FRA,1,1,0,0
ALA,PRG,1,1,0,0
KHH,TNA,1,1,0,1
LHE,DXB,3,3,0,0
TNG,MAD,3,3,0,1
UVE,GEA,1,1,0,0
BLR,BBI,1,1,0,0
LGB,SMF,1,1,0,0
PEW,JED,2,2,0,0
STN,SNN,1,1,0,0
DUB,WMI,1,1,0,0
CHQ,STN,1,1,0,0
CPH,STR,1,1,0,0
TUU,RUH,1,1,0,0
SAW,BRU,1,1,0,0
GUM,ROP,1,1,0,1
JHW,BFD,1,1,0,1
TIJ,ACA,1,1,0,0
BLQ,CLJ,1,1,0,0
PMO,MUC,1,1,0,1
YZV,YKL,1,1,0,0
PDX,BUR,2,2,0,2
SFB,SPI,1,1,0,0
PGD,GSP,1,1,0,0
VOG,SVO,1,1,0,0
CDG,GIG,1,1,0,0
FAO,PMI,1,1,0,0
KIH,AWZ,2,2,0,0
LIS,VCE,2,2,0,1
HAN,FRA,2,2,0,1
DLC,LYI,1,1,0,0
CNS,KWM,1,1,0,0
ISA,CNS,1,1,0,0
ABJ,ALG,1,1,0,0
BHD,AGP,1,1,0,0
KUS,SFJ,1,1,0,0
LYS,MRS,1,1,0,0
OVB,PYJ,1,1,0,0
GOT,MAN,1,1,0,1
INC,HKG,1,1,0,0
RHO,STR,2,2,0,0
OSI,DBV,1,1,0,0
MSP,MSN,1,1,0,0
LEX,MSP,1,1,0,1
CDG,TPE,1,1,0,0
SXF,AGP,1,1,0,0
LPL,PMI,2,2,0,0
LGW,LEI,1,1,0,0
DUS,ONQ,1,1,0,0
BDL,PBI,1,1,0,0
AUA,BON,1,1,0,0
ICN,AXT,1,1,0,0
FLL,ARN,1,1,0,1
JGD,OHE,1,1,0,0
BNE,ZBL,1,1,0,1
PEK,DOH,1,1,0,0
LBA,TSF,1,1,0,0
RYG,ZAD,1,1,0,0
VLC,TRS,1,1,0,0
EGC,EMA,1,1,0,0
TAS,IST,2,2,0,0
RAI,BOS,1,1,0,0
KBP,TAS,1,1,0,0
VCS,VCA,1,1,0,1
BCN,CLJ,1,1,0,0
ADE,BOM,1,1,0,0
MAN,PVK,1,1,0,0
TGZ,MTY,1,1,0,0
PLS,XSC,1,1,0,0
AGP,LHR,2,2,0,1
MGM,DFW,2,2,0,2
MJT,SKG,2,2,0,0
PEK,SVO,4,4,0,0
YOW,YVR,1,1,0,0
YYZ,YQG,1,1,0,0
YYZ,SYR,1,1,0,1
LIN,BDS,1,1,0,0
HLD,HRB,1,1,0,0
ZUH,KOW,1,1,0,0
YVR,LGW,1,1,0,0
NAS,GGT,2,2,0,0
THE,BSB,2,2,0,0
LCA,SXF,1,1,0,0
RJK,ZAG,1,1,0,0
UFA,PRG,1,1,0,0
FAR,ATL,1,1,0,1
JNB,TLV,1,1,0,0
TPE,DXB,1,1,0,0
TLL,KBP,1,1,0,0
TLS,LGW,1,1,0,0
TLS,BSL,1,1,0,0
ASJ,HND,1,1,0,0
MCO,SWF,1,1,0,0
ACC,NBO,1,1,0,0
WAW,BRU,1,1,0,0
BDJ,SRG,1,1,0,0
TRD,SXF,1,1,0,0
SJJ,ARN,1,1,0,0
DOH,MEL,1,1,0,0
ABX,MEL,1,1,0,0
MAN,BGY,1,1,0,0
EDI,LPA,1,1,0,0
WRO,SNN,1,1,0,0
EGC,CRL,1,1,0,0
LED,CPH,1,1,0,0
TUI,RUH,1,1,0,0
BNA,AUS,1,1,0,0
BRU,IST,1,1,0,0
AUA,EWR,1,1,0,0
EWR,SAT,1,1,0,0
IAH,RDU,1,1,0,0
IAH,CLL,1,1,0,1
IAD,PHL,1,1,0,1
CGN,DME,1,1,0,0
CSX,PUS,1,1,0,0
PHB,THE,1,1,0,0
SJW,TVS,1,1,0,0
AKI,KKI,1,1,0,1
MMX,ORB,1,1,0,0
YHO,YMN,1,1,0,0
ORY,BKO,1,1,0,0
MAD,FCO,3,3,0,0
NSI,CDG,2,2,0,0
TXL,KRK,1,1,0,0
AYT,NUE,3,3,0,0
VLI,EAE,1,1,0,0
DLY,IPA,1,1,0,0
FNA,LGW,1,1,0,0
HRE,BUQ,1,1,0,0
PEK,FNJ,2,2,0,0
CAN,WXN,2,2,0,1
BHY,HGH,2,2,0,1
TIP,ALG,2,2,0,0
LGW,YUL,1,1,0,0
MSQ,LCA,1,1,0,0
LUZ,FCO,1,1,0,0
LLF,KMG,1,1,0,0
CSX,INC,1,1,0,0
CSX,SJW,1,1,0,0
FUE,PAD,1,1,0,0
CVG,MSP,1,1,0,1
LGA,OMA,1,1,0,1
MXP,HER,1,1,0,0
GEA,TOU,1,1,0,0
KJA,NZH,1,1,0,0
ALC,OUL,1,1,0,0
DOH,LOS,1,1,0,0
LBA,GDN,1,1,0,0
DUB,PSA,1,1,0,0
RYG,MAN,1,1,0,0
TUL,PHX,1,1,0,0
BUD,RTM,1,1,0,0
IAD,BKW,1,1,0,1
YIF,ZLT,1,1,0,0
ARU,GRU,1,1,0,0
MYJ,NRT,1,1,0,0
SNA,GDL,1,1,0,0
BCV,CUK,1,1,0,0
CIA,CRL,1,1,0,0
NAS,MIA,3,3,0,1
TXL,SKG,1,1,0,0
KIJ,FUK,2,2,0,1
LNE,VLI,1,1,0,0
KUL,TGG,2,2,0,0
TUB,PPT,1,1,0,0
KSN,TSE,1,1,0,0
TBG,HGU,1,1,0,0
CDG,YQB,1,1,0,0
MLE,BKK,1,1,0,0
WAA,SHH,1,1,0,0
JFK,TAB,1,1,0,0
MBJ,GCM,1,1,0,0
PNH,NNG,1,1,0,0
NGB,XMN,3,3,0,1
EZE,FLN,1,1,0,0
IND,BOS,1,1,0,1
JAX,MSP,1,1,0,1
BUF,LGA,1,1,0,0
XMN,JGS,1,1,0,0
ENU,ADD,1,1,0,0
CPH,BSL,1,1,0,0
BHX,OPO,1,1,0,0
DEN,CID,2,2,0,1
LGB,IAD,1,1,0,0
CJU,USN,1,1,0,0
DMK,UNN,1,1,0,0
OSL,SZZ,1,1,0,0
BLQ,PMO,1,1,0,0
ARN,BLQ,1,1,0,0
CVU,HOR,1,1,0,0
BOS,MKE,1,1,0,0
IOS,SDU,1,1,0,0
BIM,FLL,2,2,0,1
SXM,IAD,1,1,0,0
IAH,CHS,1,1,0,1
ORD,GSO,1,1,0,1
ZIG,CSK,1,1,0,0
BRN,EBA,1,1,0,0
AMS,KIT,1,1,0,0
TXL,HRG,1,1,0,0
YYC,YZF,1,1,0,1
YYR,YQX,1,1,0,1
AEP,RGA,1,1,0,0
PBJ,ULB,1,1,0,0
LPB,CUZ,1,1,0,0
XMN,TAO,4,4,0,1
NAP,DUB,1,1,0,0
ICI,SUV,1,1,0,1
OSS,IST,2,2,0,0
ALA,AUH,2,2,0,0
CRI,AXP,1,1,0,0
MCO,KIN,1,1,0,0
WUH,NGB,2,2,0,0
DUS,AGA,1,1,0,0
CID,MSP,1,1,0,1
COD,SLC,1,1,0,1
MAN,JMK,1,1,0,0
KUL,KTM,3,3,0,0
AMS,TBS,2,2,0,1
LEJ,FRA,1,1,0,0
STR,ADB,2,2,0,0
AYT,TZX,1,1,0,0
LAX,MNL,1,1,0,0
DOH,PVG,1,1,0,0
CRL,ZAD,1,1,0,0
TMP,ALC,1,1,0,0
EMA,TSF,1,1,0,0
HOU,EWR,1,1,0,0
UKB,SDJ,1,1,0,0
GRR,IAH,1,1,0,1
SMF,ORD,1,1,0,0
CUN,VSA,1,1,0,0
DAL,ELD,1,1,0,0
TSH,KGA,1,1,0,0
ATL,MCN,1,1,0,0
YKL,YWK,1,1,0,0
DFW,PLS,2,2,0,0
YNG,SFB,1,1,0,0
CDG,BSL,3,3,0,2
SHJ,HAS,1,1,0,0
BUD,VIE,1,1,0,1
BEU,BQL,1,1,0,0
LYS,ETZ,1,1,0,0
YYC,LGW,1,1,0,0
MJZ,PYJ,1,1,0,0
CPX,SJU,1,1,0,0
CPV,SSA,1,1,0,0
FRA,CHQ,1,1,0,0
SLC,OKC,1,1,0,1
EDI,LIS,1,1,0,0
MJV,LGW,1,1,0,0
SVQ,GVA,1,1,0,0
EDI,BHD,1,1,0,0
DME,LEJ,1,1,0,0
DRS,CFU,1,1,0,0
BUD,HAM,1,1,0,0
PGA,PHX,1,1,0,0
MAA,BAH,1,1,0,0
HAJ,TFS,1,1,0,0
ABJ,LBV,1,1,0,0
DXB,TBZ,1,1,0,0
CNS,ADL,1,1,0,0
NBO,JIB,2,2,0,1
UPG,LUW,2,2,0,0
STR,FRA,1,1,0,0
ALC,TOS,1,1,0,0
DEA,SHJ,1,1,0,0
OMS,SAW,1,1,0,0
DOH,LCA,1,1,0,0
AMM,DMM,1,1,0,0
CRL,ZAZ,1,1,0,0
STN,BRE,1,1,0,0
BGY,CHQ,1,1,0,0
CIA,RYG,1,1,0,0
MYQ,BLR,1,1,0,0
CRK,KLO,1,1,0,0
PIT,HOU,1,1,0,0
BUR,OAK,1,1,0,0
NGS,UKB,1,1,0,0
MAB,IMP,1,1,0,0
BEL,MIA,1,1,0,0
OUA,IST,1,1,0,0
MKE,CLE,1,1,0,1
UGC,BHK,1,1,0,0
TIJ,AGU,1,1,0,0
BOO,ANX,1,1,0,0
TRD,MQN,1,1,0,0
MAN,ADB,1,1,0,0
MLE,GKK,1,1,0,0
STT,SBH,1,1,0,0
HPN,ACK,1,1,0,0
ADD,LAD,2,2,0,0
TSF,IEV,1,1,0,0
CLT,PHF,2,2,0,0
LAS,FAR,1,1,0,0
DUS,CUN,1,1,0,0
VIE,AGP,2,2,0,1
BRS,ABZ,1,1,0,0
OKA,TAK,1,1,0,1
KIJ,NGO,1,1,0,1
FSZ,OKA,1,1,0,0
SHJ,SVX,1,1,0,0
LRR,SHJ,1,1,0,0
HRK,SHJ,1,1,0,0
YYZ,YHZ,3,3,0,1
AKL,TRG,1,1,0,1
BOI,SAN,1,1,0,1
FCO,LUX,2,2,0,1
DSN,INC,1,1,0,0
AZR,ORN,1,1,0,0
DUB,JER,1,1,0,1
MJZ,DME,1,1,0,0
LPA,TFS,1,1,0,0
YIO,YCY,2,2,0,0
SSG,COO,1,1,0,0
HMI,CGO,1,1,0,0
HZH,CAN,1,1,0,0
CCS,PUJ,1,1,0,0
NBO,WJR,1,1,0,0
EMA,CHQ,1,1,0,0
SNN,SXF,1,1,0,0
VST,STN,1,1,0,0
NCL,CPH,1,1,0,1
BTC,GIU,1,1,0,0
JED,BHH,1,1,0,0
MUC,TUN,1,1,0,0
CUN,VKO,1,1,0,0
EWR,HNL,1,1,0,0
FLL,IAH,1,1,0,0
IAH,PSP,1,1,0,1
IAD,PHX,1,1,0,0
LMT,SFO,1,1,0,1
LED,FEG,1,1,0,0
VII,VTE,1,1,0,0
TJM,EVN,1,1,0,0
HMA,OVB,1,1,0,0
LCE,RTB,1,1,0,0
VCE,BIO,1,1,0,0
ATH,SPU,1,1,0,0
CUN,PHX,2,2,0,0
ASP,SYD,3,3,0,1
ORD,LSE,2,2,0,2
TSE,LED,2,2,0,0
MTY,TAM,2,2,0,0
RUH,SHJ,1,1,0,0
BLL,RIX,1,1,0,0
JNU,PSG,1,1,0,0
JNU,YAK,1,1,0,0
PSO,BOG,2,2,0,0
BKI,CAN,1,1,0,0
TPE,WNZ,1,1,0,0
FOC,WUX,2,2,0,1
HFE,PEK,3,3,0,0
IST,SCO,1,1,0,0
YXL,YAG,1,1,0,0
HKG,TYN,2,2,0,0
PAD,FUE,1,1,0,0
DLM,DUS,2,2,0,0
PTY,ORD,2,2,0,1
NRT,DTW,1,1,0,0
DTW,SAV,1,1,0,1
DSM,LGA,1,1,0,1
EDI,BJV,1,1,0,0
HAH,MBA,1,1,0,0
DRW,DPS,2,2,0,0
AFZ,THR,1,1,0,0
RIA,GEL,1,1,0,0
LRE,BNE,1,1,0,1
CRL,PUY,1,1,0,0
LBA,GRO,1,1,0,0
CCF,STN,1,1,0,0
TRN,TPS,1,1,0,0
VNO,STN,1,1,0,0
FIH,JNB,1,1,0,0
HAJ,CPH,1,1,0,0
DME,ABA,1,1,0,0
UPG,MKW,1,1,0,0
DEN,JAX,1,1,0,0
SIN,MFM,1,1,0,0
DMK,HAN,1,1,0,0
RTM,RAK,1,1,0,0
LAD,SDD,1,1,0,0
CHS,EWR,1,1,0,1
BGM,IAD,1,1,0,1
CUN,BJX,1,1,0,0
NYO,GDN,1,1,0,0
TSF,KIV,1,1,0,0
KWI,RIY,1,1,0,0
GOJ,KUF,1,1,0,0
SXB,BIA,1,1,0,0
