city,country,airport_count
New York,United States,50
Berlin,Germany,47
Toronto,Canada,36
Hong Kong,Hong Kong,32
,Australia,30
Osaka,Japan,30
San Francisco,United States,29
Chicago,United States,27
London,United Kingdom,27
Tokyo,Japan,25
Paris,France,22
Beijing,China,22
Miami,United States,22
Atlanta,United States,20
Athens,Greece,19
Stockholm,Sweden,19
Kaohsiung,Taiwan,19
Amsterdam,Netherlands,19
Hamburg,Germany,19
Copenhagen,Denmark,19
Shanghai,China,17
Dusseldorf,Germany,17
Helsinki,Finland,16
Cologne,Germany,16
Moscow,Russia,16
Tianjin,China,15
Seattle,United States,13
Dresden,Germany,13
Ulleungdo,South Korea,13
Bangkok,Thailand,12
Boston,United States,12
Vienna,Austria,12
Brussels,Belgium,12
Philadelphia,United States,12
Hannover,Germany,11
Lisbon,Portugal,11
Taipei,Taiwan,11
Essen,Germany,11
New Orleans,United States,11
Milan,Italy,10
Dubai,United Arab Emirates,10
Madrid,Spain,10
Shenzhen,China,10
Rome,Italy,10
St. Petersburg,Russia,10
Munich,Germany,9
Mumbai,India,9
Johannesburg,South Africa,9
Dortmund,Germany,9
Seoul,South Korea,9
Oakland,United States,9
Singapore,Singapore,9
Delhi,India,8
Tremblay-en-France,France,8
Vancouver,Canada,8
Budapest,Hungary,8
Barcelona,Spain,8
San Diego,United States,8
Bochum,Germany,8
Edinburgh,United Kingdom,8
Croydon,United Kingdom,8
Warsaw,Poland,8
Brisbane,Australia,8
Istanbul,Turkey,8
Columbus,United States,8
Tampa,United States,7
Lille,France,7
Jacksonville,United States,7
Incheon,South Korea,7
Poznan,Poland,7
Jackson,United States,7
Montreal,Canada,7
Fort Lauderdale,United States,7
Zurich,Switzerland,7
New Taipei,Taiwan,7
San Jose,United States,7
Glasgow,United Kingdom,7
Melbourne,Australia,7
Suzhou,China,7
Cochrane,Canada,6
Orlando,United States,6
Rotterdam,Netherlands,6
Guangzhou,China,6
Baltimore,United States,6
Las Vegas,United States,6
Cleveland,United States,6
Hangzhou,China,6
Houston,United States,6
Washington,United States,6
Denver,United States,6
Prague,Czech Republic,6
Mainz,Germany,6
Richmond,United States,6
Los Angeles,United States,6
Vilamendhoo,Maldives,6
Ottawa,Canada,6
Guilin,China,6
Venice,Italy,6
Taichung,Taiwan,6
Taoyuan City,Taiwan,5
Izmir,Turkey,5
Victoria,Canada,5
Khamar-Daban,Russia,5
Columbia,United States,5
Arlington,United States,5
Springfield,United States,5
Rostock,Germany,5
Auckland,New Zealand,5
Florence,Italy,5
Busan,South Korea,5
Lyon,France,5
Gangneung,South Korea,5
Vantaa,Finland,5
Basel,Switzerland,5
Anchorage,United States,5
Baku,Azerbaijan,5
Markham,Canada,5
Sacramento,United States,5
Macau,Macau,5
Moosonee,Canada,5
Greenville,United States,5
Mulhouse,France,5
Manchester,United Kingdom,5
Rochester,United States,5
Aachen,Germany,5
Detroit,United States,5
Kyoto,Japan,5
Frankfurt,Germany,5
Buenos Aires,Argentina,5
Den Haag,Netherlands,5
Toulouse,France,4
Perth,Australia,4
Nagoya,Japan,4
Spokane,United States,4
Abu Dhabi,United Arab Emirates,4
Kawasaki,Japan,4
Cape Town,South Africa,4
Newark,United States,4
Highland Park,United States,4
Burlington,Canada,4
Palo Alto,United States,4
Georgetown,United States,4
Lawrence,United States,4
Huangshan,China,4
Bilbao,Spain,4
Colombo,Sri Lanka,4
Evanston,United States,4
Caspian Sea,Azerbaijan,4
Hiroshima,Japan,4
Algeciras,Spain,4
Harrisburg,United States,4
Aberdeen,United Kingdom,4
Montevideo,Uruguay,4
Santiago,Chile,4
Fremont,United States,4
Oslo,Norway,4
,India,4
Hialeah,United States,4
Key West,United States,4
Granada,Spain,4
Rouen,France,4
Aarhus,Denmark,4
Buffalo,United States,4
Velbert,Germany,4
Phoenix,United States,4
St. Louis,United States,4
Beverly,United States,4
Wilmington,United States,4
Portland,United States,4
Sao Paulo,Brazil,4
San Antonio,United States,4
Bergen,Norway,4
Mountain View,United States,4
Mansfield,United States,4
Taoyuan,Taiwan,4
Brunswick,United States,4
Kingston,Canada,4
Bamberg,Germany,4
Youngstown,United States,4
Trenton,United States,4
Lewiston,United States,4
Queenstown,New Zealand,4
Oxford,United States,4
Hati,Haiti,4
Dayton,United States,4
MFO,Egypt,4
Elkhart,United States,4
Juneau,United States,4
Austin,United States,4
Princeton,United States,4
Tucson,United States,4
Liverpool,United Kingdom,4
Novosibirsk,Russia,4
Itaituba,Brazil,4
Augusta,United States,4
Burlington,United States,4
Doha,Qatar,4
Milwaukee,United States,4
Riverside,United States,4
Kuala Lumpur,Malaysia,4
Petersburg,United States,4
Lancaster,United States,4
Bologna,Italy,4
Bangalore,India,4
Bratislava,Slovakia,4
Reims,France,4
Jakarta,Indonesia,4
Belfast,United Kingdom,4
Agra,India,4
Nassau,Bahamas,4
Leipzig,Germany,4
Dallas,United States,4
Rio De Janeiro,Brazil,4
Alexandria,United States,4
Magdeburg,Germany,4
Hsinchu,Taiwan,4
Philipsburg,Netherlands Antilles,4
Sydney,Australia,4
Kiev,Ukraine,4
Nairobi,Kenya,4
Ankara,Turkey,4
Karlsruhe,Germany,4
Wuppertal,Germany,4
Radebeul,Germany,4
Ketchikan,United States,4
Timisoara,Romania,4
Madison,United States,4
Atmautluak,United States,4
Changsha,China,3
Manaus,Brazil,3
Whittier,United States,3
Potsdam,Germany,3
Hamilton,Canada,3
Sabi Sands,South Africa,3
Albany,United States,3
Florence,United States,3
Morro de Sao Paulo,Brazil,3
Charlotte Amalie,Virgin Islands,3
St. Petersburg,United States,3
Salerno,Italy,3
Douglas,United States,3
Tak,Thailand,3
Montgomery,United States,3
Schenectady,United States,3
Fredericksburg,United States,3
Tsushima,Japan,3
Utrecht,Netherlands,3
Omsk,Russia,3
Topeka,United States,3
Nanaimo,Canada,3
Shreveport,United States,3
Kunshan,China,3
Fairfield,United States,3
Linz,Austria,3
Cambridge,United States,3
Niagara Falls,Canada,3
Quincy,United States,3
Hollywood,United States,3
Cairo,Egypt,3
Footscray,Australia,3
Sundsvall,Sweden,3
Sevilla,Spain,3
Athuruga,Maldives,3
Narita,Japan,3
Geilenkirchen,Germany,3
Surat Thani,Thailand,3
Prince Rupert,Canada,3
Bruges,Belgium,3
Jasper,United States,3
Lincoln,United States,3
Taganrog,Russia,3
Calais,France,3
Kanpur,India,3
Kassel,Germany,3
Haifa,Israel,3
Teheran,Iran,3
Strausberg,Germany,3
Irkutsk,Russia,3
Lafayette,United States,3
Murcia,Spain,3
Hefei,China,3
Berkeley,United States,3
Liege,Belgium,3
Michigan City,United States,3
Canton,United States,3
Khulna,Bangladesh,3
Colmar,France,3
Wichita,United States,3
Pisa,Italy,3
Masai Mara,Kenya,3
Salem,United States,3
Cork,Ireland,3
Mobile,United States,3
Zhuhai,China,3
Dry Tortugas,United States,3
Uppsala,Sweden,3
San Mateo,United States,3
Krasnoyarsk,Russia,3
Chengdu,China,3
Panama City,United States,3
Matheson Island,Canada,3
Mannheim,Germany,3
Cincinnati,United States,3
West Palm Beach,United States,3
Perry,United States,3
Jarvenpaa,Finland,3
Arkhangelsk,Russia,3
Bremen,Germany,3
Charlotte,United States,3
Albuquerque,United States,3
Erkrath,Germany,3
Chiayi,Taiwan,3
Garden City,United States,3
Malmo,Sweden,3
Freetown,Sierra Leone,3
New Haven,United States,3
Port Hardy,Canada,3
Macon,United States,3
Kansas City,United States,3
Akron,United States,3
Inuvik,Canada,3
Kemi,Finland,3
Szczecin,Poland,3
Celle,Germany,3
Dublin,Ireland,3
Augsburg,Germany,3
Split,Croatia,3
Bloomington,United States,3
Samara,Russia,3
Lanzhou,China,3
Port Angeles,United States,3
Friday Harbor,United States,3
Sibiu,Romania,3
Mississauga,Canada,3
Buchan Alpha,United Kingdom,3
Lucerne,Switzerland,3
Kaliningrad,Russia,3
Oxford,United Kingdom,3
Aguas Calientes,Peru,3
Chatham,Canada,3
Fort Worth,United States,3
Tsavo East,Kenya,3
Minsk,Belarus,3
Kalispell,United States,3
Strasbourg,France,3
Fairbanks,United States,3
Talkeetna,United States,3
San Juan,Puerto Rico,3
Milano,Italy,3
Porto,Portugal,3
Marshall,United States,3
Hollister,United States,3
Wuqing,China,3
Dokdo,South Korea,3
Tacoma,United States,3
Metz,France,3
Valparaiso,United States,3
Barnstable,United States,3
Scranton,United States,3
Stavanger,Norway,3
Belo Horizonte,Brazil,3
Fort Myers,United States,3
Dessau,Germany,3
Karachi,Pakistan,3
Homestead,United States,3
Providence,United States,3
Winnipeg,Canada,3
Warnemunde,Germany,3
Lakeland,United States,3
Santa Ana,United States,3
San Bruno,United States,3
Santa Barbara,United States,3
Chiba,Japan,3
Bristol,United Kingdom,3
Athens,United States,3
Naples,Italy,3
Palm Springs,United States,3
Johnstown,United States,3
Bucharest,Romania,3
Tonopah,United States,3
Riga,Latvia,3
Shenyang,China,3
Wuxi,China,3
Savannah,United States,3
Jinan,China,3
Rio de Janeiro,Brazil,3
Winnetka,United States,3
Nancy,France,3
Rangali Island,Maldives,3
Eagle,United States,3
Neuss,Germany,3
Gloucester,United States,3
Mascot,Australia,3
Quebec,Canada,3
Tanger,Morocco,3
Marseille,France,3
Niagara Falls,United States,3
Clinton,United States,3
Minot,United States,3
Charleston,United States,3
REMIRE-MONTJOLY,French Guiana,3
Belfort,France,3
Leeds,United Kingdom,3
Warszawa,Poland,3
Oklahoma City,United States,3
Caracas,Venezuela,3
Norfolk,United States,3
Indianapolis,United States,3
Bryan,United States,3
Rome,United States,3
Edmonton,Canada,3
Sintra,Portugal,3
Bentonville,United States,3
Toender,Denmark,3
Xuzhou,China,3
Laverton,Australia,3
Franz Josef,New Zealand,3
Valladolid,Spain,3
Pittsburgh,United States,3
Hilversum,Netherlands,3
Nuernberg,Germany,3
Bonn,Germany,3
Mulheim,Germany,3
Fayetteville,United States,3
Yerevan,Armenia,3
Northwest Arctic Borough,United States,3
Woodbridge,United States,3
Kazan,Russia,3
Nanjing,China,3
Picton,New Zealand,3
Huntsville,United States,3
Glasgow,United States,3
Sodertalje,Sweden,3
Adana,Turkey,3
Syracuse,United States,3
Tel-Aviv,Israel,3
Mountain Home,United States,3
Schwechat,Austria,3
Victoria Falls,Zimbabwe,3
Tainan,Taiwan,3
Scatsta,United Kingdom,2
Dubrovnik,Croatia,2
Freeport,Bahamas,2
Oranjestad,Aruba,2
Allentown,United States,2
Komsomolsk-on-Amur,Russia,2
Zagreb,Croatia,2
Tours,France,2
Guantanamo,Cuba,2
Udaipur,India,2
Merced,United States,2
Lindau,Germany,2
Sebring,United States,2
Olten,Switzerland,2
Otter Rapids,Canada,2
,Russia,2
Whitehorse,Canada,2
Charlottetown,Canada,2
Cambridge,United Kingdom,2
Tel-aviv,Israel,2
Hailar,China,2
Batam,Indonesia,2
Wishram,United States,2
Komandoo,Maldives,2
Hillingdon,United Kingdom,2
Yaounde,Cameroon,2
Ontario,United States,2
Hampton,United States,2
Matsu Islands,Taiwan,2
Saronno,Italy,2
San Francisco,United Kingdom,2
Porto Alegre,Brazil,2
Bellona,Solomon Islands,2
Lausanne,Switzerland,2
Volkel,Netherlands,2
Tengiz,Kazakhstan,2
Fuzhou,China,2
Newcastle Upon Tyne,United Kingdom,2
Krakow,Poland,2
Ufa,Russia,2
Baikonur,Kazakhstan,2
Chichen Itza,Mexico,2
Langfang,China,2
Astrakhan,Russia,2
Nha Trang,Vietnam,2
Antwerpen,Belgium,2
Sihanoukville,Cambodia,2
Bundaberg,Australia,2
Addis Ababa,Ethiopia,2
Gaya,India,2
Dowagiac,United States,2
Knokke,Belgium,2
Olathe,United States,2
Langenhagen,Germany,2
Ranong,Thailand,2
Nakhon Ratchasima,Thailand,2
Huntington,United States,2
Samsun,Turkey,2
Tok,United States,2
Deventer,Netherlands,2
Lerwick,United Kingdom,2
Natakhtari,Georgia,2
,Philippines,2
Isparta,Turkey,2
Changzhou,China,2
Bedwell Harbour,Canada,2
Burlingame,United States,2
Carcassonne,France,2
Dekai,Indonesia,2
Bois Blanc Island,United States,2
Kauhava,Finland,2
Kabul,Afghanistan,2
Victorville,United States,2
Uyo,Nigeria,2
Malatya,Turkey,2
Nakhon Sawan,Thailand,2
Zaragoza,Spain,2
Mazatlan,Mexico,2
Cancun,Mexico,2
Kenosha,United States,2
Pecs,Hungary,2
Sigtuna,Sweden,2
Treviso,Italy,2
Geneva,Switzerland,2
Fajardo,Puerto Rico,2
El Chalten,Argentina,2
Emporia,United States,2
Maubeuge,France,2
Bern,Switzerland,2
Kwajalein,Marshall Islands,2
Lucknow,India,2
Penang,Malaysia,2
Salzwedel,Germany,2
Berezniki,Russia,2
Aappilattoq,Greenland,2
Monterrey,Mexico,2
Lahore,Pakistan,2
Ronda,Spain,2
Westport,United States,2
Fort Pierce,United States,2
St. John's,Antigua and Barbuda,2
Amritsar,India,2
Waco,United States,2
Darwin,Australia,2
Wilkes-Barre,United States,2
Oakville,Canada,2
Altkirch,France,2
Oran,Algeria,2
Lelystad,Netherlands,2
Honolulu,United States,2
Windhoek,Namibia,2
Erie,United States,2
Severomorsk,Russia,2
Odawara,Japan,2
Yakutsk,Russia,2
Molokai,United States,2
Corpus Christi,United States,2
Rtishchevo,Russia,2
Chambery,France,2
Wellington,New Zealand,2
Caticlan,Philippines,2
Bauru,Brazil,2
Rabat,Morocco,2
Kingston,Jamaica,2
Quito,Ecuador,2
Tena,Ecuador,2
Asheville,United States,2
Stouffville,Canada,2
Oceanside,United States,2
Hyderabad,India,2
Omaha,United States,2
Delta Junction,United States,2
Chongjin,North Korea,2
Kerava,Finland,2
Amiens,France,2
Palma de Mallorca,Spain,2
Concord,United States,2
Ludington,United States,2
Yangshuo,China,2
Samana,Dominican Republic,2
Sun Island,Maldives,2
Duisburg,Germany,2
La Paz,Mexico,2
Pingtung,Taiwan,2
Romblon,Philippines,2
West Chicago,United States,2
Myrdal,Norway,2
Beer-sheba,Israel,2
Wels,Austria,2
Peterborough,United Kingdom,2
Wiesbaden,Germany,2
Debrecen,Hungary,2
Mara Intrepids,Kenya,2
St. Catharines,Canada,2
Hanoi,Vietnam,2
Midland,United States,2
Clovis,United States,2
Monroe,United States,2
Bucyrus,United States,2
Fukuoka,Japan,2
Longview,United States,2
Leigh Creek,Australia,2
La Digue,Seychelles,2
Buchen,Germany,2
Stralsund,Germany,2
Halifax,Canada,2
London,Canada,2
Hamm,Germany,2
Novi Sad,Serbia,2
Aurangabad,India,2
Nashville,United States,2
Williamsburg,United States,2
Winfield,United States,2
Vicenza,Italy,2
Jalu,Libya,2
Gangtok,India,2
Nara,Japan,2
Moroni,Comoros,2
Grand Canyon,United States,2
Battle Creek,United States,2
Santo Domingo,Dominican Republic,2
Amman,Jordan,2
Valetta,Malta,2
Manteo,United States,2
Bridgeport,United States,2
Deming,United States,2
Papeete,French Polynesia,2
Racine,United States,2
Rosslau,Germany,2
Fort Wainwright,United States,2
South San Francisco,United States,2
Erfurt,Germany,2
Verdun,France,2
Gyumri,Armenia,2
Baganara,Guyana,2
Elysee,French Guiana,2
Kaunas,Lithuania,2
Mukacheve,Ukraine,2
New Delhi,India,2
Durgapur,India,2
Oskarshamn,Sweden,2
Nimes,France,2
Carlsbad,United States,2
Flagstaff,United States,2
Dodge City,United States,2
Palermo,Italy,2
Gary,United States,2
Wood Buffalo,Canada,2
Redhill,United Kingdom,2
Roi Et,Thailand,2
Beaumont,United States,2
Pogapa,Indonesia,2
Smolensk,Russia,2
Sarasota,United States,2
Gallup,United States,2
Naypyidaw,Burma,2
Inowroclaw,Poland,2
Mathura,India,2
Thamkharka,Nepal,2
North Kingstown,United States,2
Pahokee,United States,2
Wildwood,United States,2
Antwerp,Belgium,2
San Sebastian,Spain,2
Peine,Germany,2
Rhinebeck,United States,2
Poughkeepsie,United States,2
MLN,Algeria,2
Gouda,Netherlands,2
Bettles,United States,2
Rottnest Island,Australia,2
Wheaton,United States,2
Aschaffenburg,Germany,2
Pula,Croatia,2
Oriximina,Brazil,2
Grindelwald,Switzerland,2
Palmer,United States,2
Rheine,Germany,2
Jiading,China,2
Le Havre,France,2
Jamestown,United States,2
Jena,Germany,2
Eindhoven,Netherlands,2
Rurutu,French Polynesia,2
Khabarovsk,Russia,2
Chongqing,China,2
Hartford,United States,2
Gaithersburg,United States,2
Utica,United States,2
Goerlitz,Germany,2
Munster,Germany,2
Zweibruecken,Germany,2
Uummannaq,Greenland,2
Lewistown,United States,2
Rockport,United States,2
Urumqi,China,2
Caye Caulker,Belize,2
Haringey,United Kingdom,2
Edina,United States,2
Esfahan,Iran,2
Jaipur,India,2
Homer,United States,2
Minneapolis,United States,2
Cuxhaven,Germany,2
Harbin,China,2
Beaufort,United States,2
Kingman,United States,2
Dalma Island,United Arab Emirates,2
Daly City,United States,2
Gothenborg,Sweden,2
Roatan,Honduras,2
Tuxtla Gutierrez,Mexico,2
Winnemucca,United States,2
Krabi,Thailand,2
Bakersfield,United States,2
Havre,United States,2
Cuyo,Philippines,2
Mestia,Georgia,2
Segovia,Spain,2
Mbeya,Tanzania,2
Chief's Island,Botswana,2
Praslin,Seychelles,2
Cabo San Lucas,Mexico,2
Yuryevets,Russia,2
Farmingdale,United States,2
Aumuhle,Germany,2
Alfortville,France,2
Le Mans,France,2
Salzburg,Austria,2
Meridian,United States,2
Ajaccio,France,2
Santa Cruz,Bolivia,2
Albury,Australia,2
Cold Bay,United States,2
Valdez,United States,2
Jiayuguan,China,2
Ganges,Canada,2
Bayreuth,Germany,2
Vigo,Spain,2
Kanazawa,Japan,2
Memphis,United States,2
Sea Lion Island,Falkland Islands,2
Pamplona,Spain,2
Kankakee,United States,2
Titusville,United States,2
Kostroma,Russia,2
Cumberland,United States,2
Takayama,Japan,2
Conshohocken,United States,2
Sandefjord,Norway,2
Ceiba,Puerto Rico,2
Staraya Russa,Russia,2
Hoedspruit,South Africa,2
La Rochelle,France,2
Ponta Delgada,Portugal,2
Kutahya,Turkey,2
Tashkent,Uzbekistan,2
Port Townsend,United States,2
Bloemfontein,South Africa,2
Lewisburg,United States,2
Villach,Austria,2
Selous,Tanzania,2
Copiapo,Chile,2
Yotsukaido,Japan,2
Stendal,Germany,2
El Paso,United States,2
Lamar,United States,2
Bremerton,United States,2
Kake,United States,2
East Stroudsburg,United States,2
Dubai,Japan,2
Bielefeld,Germany,2
Inverness,United Kingdom,2
Sapporo,Japan,2
Punta Arenas,Chile,2
Chattanooga,United States,2
Waterloo,United States,2
Airlie Beach,Australia,2
Yokohama,Japan,2
Malaga,Spain,2
Puerto Vallarta,Mexico,2
Birmingham,United States,2
Sanliurfa,Turkey,2
Shijiazhuang,China,2
Lisboa,Portugal,2
Monistrol de Montserrat,Spain,2
Srednekolymsk,Russia,2
Mount Laurel,United States,2
Keelung,Taiwan,2
Uelzen,Germany,2
Oconomowoc,United States,2
Hayward,United States,2
Nakhon Si Thammarat,Thailand,2
Marktoberdorf,Germany,2
Rapid City,United States,2
Sturtevant,United States,2
Troy,United States,2
Heraklion,Greece,2
Aso,Japan,2
Latacunga,Ecuador,2
Ulyanovsk,Russia,2
Sterling,United States,2
Flagler,United States,2
Lima,United States,2
Grimsby,Canada,2
Wuhan,China,2
Alamogordo,United States,2
Argyle,Australia,2
Martinsburg,United States,2
Villepinte,France,2
Tripoli,Libya,2
Gifu,Japan,2
Dole,France,2
Istres,France,2
Galveston,United States,2
Ganzhou,China,2
Halle,Germany,2
Maseru,Lesotho,2
Yekaterinburg,Russia,2
El Calafate,Argentina,2
Brantford,Canada,2
Hamilton,United States,2
Knoxville,United States,2
Eugene,United States,2
Joliet,United States,2
Mudanjiang,China,2
Rockford,United States,2
Baracoa Playa,Cuba,2
Rockhampton,Australia,2
Montbeliard,France,2
Richmond,Australia,2
Tomah,United States,2
Monrovia,Liberia,2
Newport News,United States,2
Fullerton,United States,2
San Bernardino,United States,2
Schwerin,Germany,2
Kamloops,Canada,2
Braunschweig,Germany,2
Kilimanjaro,Tanzania,2
Kimana,Kenya,2
Bungle Bungle,Australia,2
Malbork,Poland,2
Livingstone,Zambia,2
Maracaibo,Venezuela,2
Xiamen,China,2
Valdosta,United States,2
Zunyi,China,2
Bullhead City,United States,2
Egelsbach,Germany,2
Islamabad,Pakistan,2
Chignik,United States,2
Hillsboro,United States,2
Monchengladbach,Germany,2
Flensburg,Germany,2
Greenwood,United States,2
Assumption Island,Seychelles,2
Richland Center,United States,2
Gransee,Germany,2
Prince George,Canada,2
Kosice,Slovakia,2
Guapiles,Costa Rica,2
Scarborough,Trinidad and Tobago,2
Jasper,Canada,2
Kanash,Russia,2
Birmingham,United Kingdom,2
Hanau,Germany,2
Bodrum,Turkey,2
Daqing,China,2
Quantico,United States,2
Grand Junction,United States,2
Kaufbeuren,Germany,2
Banff,Canada,2
Lecce,Italy,2
Natal,Brazil,2
Lynchburg,United States,2
Costa maya,Mexico,2
Flam,Norway,2
Hammond,United States,2
Angermunde,Germany,2
Creil,France,2
Sitka,United States,2
Connellsville,United States,2
Tenerife,Spain,2
Bellingham,United States,2
Antarctica,Antarctica,2
Ardmore,United States,2
Gombe,Nigeria,2
St. Paul,United States,2
Morristown,United States,2
Plymouth,United States,2
Malacca,Malaysia,2
Glenview,United States,2
Penneshaw,Australia,2
Camden,United States,2
Anklam,Germany,2
Citron,French Guiana,2
Alexandria,Egypt,2
Valencia,Spain,2
Bandar Abbas,Iran,2
Long Beach,United States,2
Morgantown,United States,2
Bydgoszcz,Poland,2
Needles,United States,2
Calgary,Canada,2
Gavle,Sweden,2
Lebanon,United States,2
Talek,Kenya,2
Sovetskaya Gavan,Russia,2
Kelsterbach,Germany,2
Rhodos,Greece,2
Santa Barbara,Venezuela,2
Murmansk,Russia,2
Tulsa,United States,2
Hamadan,Iran,2
Interlaken,Switzerland,2
Toowoomba,Australia,2
Montreux,Switzerland,2
Bengbu,China,2
Genoa,Italy,2
Mogadishu,Somalia,2
Burgos,Spain,2
Hatfield,United Kingdom,2
Montpellier,France,2
Avignon,France,2
Temuco,Chile,2
Perm,Russia,2
Hue,Vietnam,2
Burg,Germany,2
Hardap,Namibia,2
Neubrandenburg,Germany,2
Hoonah,United States,2
Klagenfurt,Austria,2
Gainesville,United States,2
Edmundston,Canada,2
Macon,France,2
San Jose,Costa Rica,2
Kralendijk,Netherlands Antilles,2
Stratford,United States,2
Aberdeen,United States,2
Dali,China,2
Meaux,France,2
Perth,United Kingdom,2
Georgetown,Cayman Islands,2
Dundee,United Kingdom,2
Albert,France,2
Viterbo,Italy,2
Himeji,Japan,2
Zhenjiang,China,2
Arbroath,United Kingdom,2
Willemstad,Netherlands Antilles,2
Kuwait,Kuwait,2
Remire,French Guiana,2
Bagan,Burma,2
Lompoc,United States,2
Vladimir,Russia,2
Hakone,Japan,2
Te Anau,New Zealand,2
Nantes,France,2
Ocala,United States,2
Davis,United States,2
Jalal-Abad,Kyrgyzstan,2
Tampere,Finland,2
Maastricht,Netherlands,2
Orleans,France,2
Lugano,Switzerland,2
San Jose,Philippines,2
Wekweeti,Canada,2
Zhytomyr,Ukraine,2
Ensenada,Mexico,2
Pensacola,United States,2
Fraser Island,Australia,2
Cordoba,Spain,2
Huizhou,China,2
Winter Haven,United States,2
Visby,Sweden,2
Bedford,United States,2
Santa Rosa,United States,2
Anacortes,United States,2
,Saudi Arabia,2
Manzhouli,China,2
Turpan,China,2
Portage,United States,2
Fussen,Germany,2
London,United States,2
Newton,United States,2
Ruwais,United Arab Emirates,2
Nicoya,Costa Rica,2
Winslow,United States,2
Havana,Cuba,2
Hualien,Taiwan,2
Medan,Indonesia,2
Marysville,United States,2
Miaoli,Taiwan,2
Reggio Emilia,Italy,2
Tallinn,Estonia,2
Maripasoula,French Guiana,2
Civitavecchia,Italy,2
Hwange National Park,Zimbabwe,2
Lleida,Spain,2
McKinley Park,United States,2
Sankt Peter-Ording,Germany,2
Bishop,United States,2
Cheboygan,United States,2
Kunming,China,2
Schleswig,Germany,2
Rimini,Italy,2
La Romana,Dominican Republic,2
Lansing,United States,2
Lensk,Russia,2
Bergamo,Italy,2
Newport,United States,2
Saint-Cyr,France,2
Millbrae,United States,2
Sarajevo,Bosnia and Herzegovina,2
Roskilde,Denmark,2
TSST,Switzerland,2
Cannes,France,2
Innsbruck,Austria,2
Dillingham,United States,2
Ashland,United States,2
Varanasi,India,2
Cozumel,Mexico,2
Balkhash,Kazakhstan,2
Wagga Wagga,Australia,2
Uvalde,United States,2
Eberswalde,Germany,2
Stuttgart,Germany,2
Luebeck,Germany,2
Buochs,Switzerland,2
Moorea,French Polynesia,2
Portsmouth,United States,2
Deer Lake,Canada,2
Brescia,Italy,2
Iwakuni,Japan,2
Atlantic City,United States,2
Kavala,Greece,2
Klawock,United States,2
Oshawa,Canada,2
Hennepin County,United States,2
Harare,Zimbabwe,2
Summit,United States,2
Moab,United States,2
Casablanca,Morocco,2
Dhaka,Bangladesh,2
Champaign,United States,2
Halle,Belgium,2
Diepholz,Germany,2
Rijeka,Croatia,2
Brno,Czech Republic,2
Dhanbad,India,2
Tamchy,Kyrgyzstan,2
Besancon,France,2
Gdansk,Poland,2
Qinhuangdao,China,2
Lakeview,United States,2
Latrobe,United States,2
Petrozavodsk,Russia,2
Sainte-Foy,Canada,2
Cardiff,United Kingdom,2
Dijon,France,2
Bridgetown,Barbados,2
Saint Elie,French Guiana,2
Ollantaytambo,Peru,2
Tasiusaq,Greenland,2
Okeechobee,United States,2
Sargans,Switzerland,2
Southampton,United Kingdom,2
Plovdiv,Bulgaria,2
Reno,United States,2
Binghamton,United States,2
Sidney,United States,2
Ann Arbor,United States,2
Mostar,Bosnia and Herzegovina,2
Natuashish,Canada,2
San Carlos,United States,2
Leesburg,United States,2
Magadan,Russia,2
Phetchabun,Thailand,2
Boca Raton,United States,2
Fox Glacier,New Zealand,2
Belem,Brazil,2
Adelaide,Australia,2
Peru,United States,2
Lijiang,China,2
Port Jefferson,United States,2
Linkoeping,Sweden,2
Sandusky,United States,2
Saratov,Russia,2
South Shetland,Antarctica,2
Kuramathi,Maldives,2
Sofia,Bulgaria,2
Noumea,New Caledonia,2
Hamamatsu,Japan,2
Puerto Williams,Chile,2
Healy,United States,2
Olympia,United States,2
Rivera,Uruguay,2
Marshfield,United States,2
Galesburg,United States,2
Bornheim,Germany,2
Xi'an,China,2
Fort Wayne,United States,2
Chengde,China,2
York,United Kingdom,2
Lexington,United States,2
,Japan,2
Praha,Czech Republic,2
Nantucket,United States,2
Crestview,United States,2
Ogden,United States,2
Helsingborg,Sweden,2
Lutselk'e,Canada,2
Greifswald,Germany,2
Windsor,Canada,2
Foz Do Iguacu,Brazil,2
Pompano Beach,United States,2
Saint-Petersburg,Russia,2
Umea,Sweden,2
Phuket,Thailand,2
Chateau-Thierry,France,2
Torshavn,Faroe Islands,2
Peoria,United States,2
Toyama,Japan,2
Decatur,United States,2
Mgarr,Malta,2
Nicosia,Cyprus,2
Osnabrueck,Germany,2
Zhubei,Taiwan,2
Meudon,France,2
,Poland,2
Bordeaux,France,2
Memmingen,Germany,2
Rimatara,French Polynesia,2
Geneva,United States,2
Bourges,France,2
Chisinau,Moldova,2
Bahrain,Bahrain,2
Kolkata,India,2
Sossusvlei,Namibia,2
Como,Italy,2
Furstenwalde,Germany,2
Warsaw,United States,2
Yuzhno-Kurilsk,Russia,2
Mocksville,United States,2
Oulu,Finland,2
Jeddah,Saudi Arabia,2
Danville,United States,2
Tarif,United Arab Emirates,2
Katowice,Poland,2
Padang,Indonesia,2
Novorossiysk,Russia,2
Xakan,Botswana,2
Ljubljana,Slovenia,2
Amberley,Australia,2
Altoona,United States,2
Hyvinkaa,Finland,2
Norrkoeping,Sweden,2
Riyadh,Saudi Arabia,2
Curitiba,Brazil,2
Tbilisi,Georgia,2
Ailinglapalap Atoll,Marshall Islands,2
Ely,United States,2
Annapolis,United States,2
Kiel,Germany,2
Porvenir,Chile,2
Kota Kinabalu,Malaysia,2
Qingdao,China,2
Watertown,United States,2
Naples,United States,2
Hutchinson,United States,2
Selfoss,Iceland,2
Kenora,Canada,2
Hildesheim,Germany,2
Vilnius,Lithuania,2
Haskovo,Bulgaria,2
Williamsport,United States,2
Alliance,United States,2
Manzini,Swaziland,2
Shizuoka,Japan,2
Derby,Australia,2
Cusco,Peru,2
Odense,Denmark,2
La Junta,United States,2
South Bend,United States,2
Schonefeld,Germany,2
Voss,Norway,2
Turin,Italy,2
Georgetown,Guyana,2
Null,United States,2
Langenfeld,Germany,2
Ingolstadt,Germany,2
La Crosse,United States,2
Skagway,United States,2
Nauen,Germany,2
Orly,France,2
Kinshasa,Congo (Kinshasa),2
San Salvador,El Salvador,2
Cottbus,Germany,2
Freiburg,Germany,2
Verona,Italy,2
Regensburg,Germany,2
Kempton Park,South Africa,2
Belize City,Belize,2
Raton,United States,2
Nogliki,Russia,2
Klaksvik,Faroe Islands,2
Nice,France,2
Kalamazoo,United States,2
Toledo,United States,2
Malpensa,Italy,2
Saint-Denis,France,2
Salt Lake City,United States,2
Dunhuang,China,2
Wurzburg,Germany,2
Brockville,Canada,2
Royal Island Resort,Maldives,2
Abilene,United States,2
Fort Collins,United States,2
Mesa,United States,2
Leverkusen,Germany,2
Frankfort,United States,2
Ulan Bator,Mongolia,2
Amsterdam,United States,2
Ribnitz-Damgarten,Germany,2
Ballonstartplatz Puch bei Weiz,Austria,2
Koblenz,Germany,2
White Plains,United States,2
Rocky Mount,United States,2
Churchill,Canada,2
Campinas,Brazil,2
Allahabad,India,2
Somerset,United States,2
Aveiro,Portugal,2
Del Rio,United States,2
Bamburi,Kenya,2
Boipeba Island,Brazil,2
Lusaka,Zambia,2
Fes,Morocco,2
Kavalerovo,Russia,2
Gdynia,Poland,2
Kitchener,Canada,2
Eisenach,Germany,2
Durban,South Africa,2
Louisville,United States,2
Wainwright,Canada,2
Morsbach,France,2
Gera,Germany,2
Rothenburg/ol,Germany,1
Borlange,Sweden,1
Erding,Germany,1
Waterkloof,South Africa,1
Dodoma,Tanzania,1
Pemba,Tanzania,1
Skiros,Greece,1
Metzada,Israel,1
Puerto Plata,Dominican Republic,1
Cayes,Haiti,1
Dhahran,Saudi Arabia,1
Arzana,United Arab Emirates,1
Goiania,Brazil,1
Taungoo,Burma,1
Bintulu,Malaysia,1
Labuan,Malaysia,1
Butterworth,Malaysia,1
Karratha,Australia,1
Falmouth,United States,1
Mae Hong Son,Thailand,1
Atyrau,Kazakhstan,1
Rennell Island,Solomon Islands,1
Bequia,Saint Vincent and the Grenadines,1
Bandar Lampung-Sumatra Island,Indonesia,1
Culebra Island,Puerto Rico,1
De Kalb,United States,1
Greenville,Liberia,1
Indigo Bay Lodge,Mozambique,1
Four Corners,United States,1
Fuyang,China,1
Vina del Mar,Chile,1
Tunica,United States,1
Forties Alpha,United Kingdom,1
Aliwal North,South Africa,1
Stein,Germany,1
Bhabua,India,1
Thurrock,United Kingdom,1
Tirano,Italy,1
Gangehi Island,Maldives,1
Isle Royale National Park,United States,1
Canarana,Brazil,1
Marneuli,Georgia,1
Machelen,Belgium,1
Sabetta,Russia,1
Shiprock,United States,1
Coswig Anhalt,Germany,1
Beacon,United States,1
Peterborough,Canada,1
Trier,Germany,1
Spangdahlem,Germany,1
Vryburg,South Africa,1
Gao,Mali,1
Kentira,Morocco,1
Peronne,France,1
Poitiers,France,1
Cuneo,Italy,1
Trujillo,Honduras,1
Koumac,New Caledonia,1
Nelson,New Zealand,1
Wanganui,New Zealand,1
Rahim Yar Khan,Pakistan,1
Yakushima,Japan,1
Barcelona,Venezuela,1
Yangon,Burma,1
Jonesboro,United States,1
Moline,United States,1
MONTGOMERY,United States,1
Gillette,United States,1
Rutland,United States,1
Kirov,Russia,1
Bokondini-Papua Island,Indonesia,1
Bario,Malaysia,1
Bayankhongor,Mongolia,1
East St. Louis,United States,1
Okavango Oddballs Camp,Botswana,1
Willoughby,United States,1
Asheboro,United States,1
Attleboro,United States,1
Chantilly,United States,1
Zion,United States,1
Kadanwari,Pakistan,1
Capri,Italy,1
Haapsalu,Estonia,1
Sowa,Botswana,1
Patin,France,1
Normal,United States,1
Palenque,Mexico,1
Laucala,Fiji,1
Narssarssuaq,Greenland,1
Wabush,Canada,1
Groningen,Netherlands,1
Lechfeld,Germany,1
Oyem,Gabon,1
Iringa,Tanzania,1
Dubendorf,Switzerland,1
Las Tunas,Cuba,1
Chapeco,Brazil,1
Coolangatta,Australia,1
Edinburgh,Australia,1
Fort Drum,United States,1
Terre Haute,United States,1
Vail,United States,1
Suavanao,Solomon Islands,1
Igloolik,Canada,1
Tomanggong,Malaysia,1
St. George,United States,1
Catoca,Angola,1
Lucapa,Angola,1
Debre Zeyit,Ethiopia,1
Colonsay,United Kingdom,1
Xingyi,China,1
Big Bay,Canada,1
Priob\'e,Russia,1
Dhigurah,Maldives,1
Berdoba,Chad,1
Shelbyville,United States,1
Oksibil,Indonesia,1
Chino,United States,1
Motherwell,United Kingdom,1
Crawley,United Kingdom,1
Haan,Germany,1
Alimataa,Maldives,1
Wolfsburg,Germany,1
Spitak,Armenia,1
Chelkar,Kazakhstan,1
Boppard,Germany,1
Hagendorf,Switzerland,1
Longwood,United Kingdom,1
Kullorsuaq,Greenland,1
Tanjung Balai Karimun,Indonesia,1
Maasin,Philippines,1
Kauehi,French Polynesia,1
Sasereme,Papua New Guinea,1
Old Crow,Canada,1
Kuressaare,Estonia,1
Landskrona,Sweden,1
Tzaneen,South Africa,1
Tanagra,Greece,1
Graciosa Island,Portugal,1
Carolina,Brazil,1
Macapa,Brazil,1
Cooch-behar,India,1
Hpa-an,Burma,1
Pueblo,United States,1
Dallas-Fort Worth,United States,1
Panevezys,Lithuania,1
Dalat,Vietnam,1
Masset,Canada,1
Chipata,Zambia,1
Nioki,Congo (Kinshasa),1
Kaben,Marshall Islands,1
Gobernador Gregores,Argentina,1
Puerto Rico/Manuripi,Bolivia,1
Uzhgorod,Ukraine,1
Sovetskiy,Russia,1
Long Datih,Malaysia,1
Pajala,Sweden,1
Quinhagak,United States,1
Curico,Chile,1
Renmark,Australia,1
Quinto,Switzerland,1
Elyria,United States,1
Kortrijk,Belgium,1
Road Town,British Virgin Islands,1
Leopoldsburg,Belgium,1
12 Apostles,Australia,1
Arseniev,Russia,1
Ed Daein,Sudan,1
North Conway Village,United States,1
Antony,France,1
Jyvaskyla,Finland,1
Church Fenton,United Kingdom,1
Mbandaka,Congo (Kinshasa),1
Pontivy,France,1
Monclova,Mexico,1
Khoy,Iran,1
Tokunoshima,Japan,1
Townsville,Australia,1
Millington,United States,1
Batumi,Georgia,1
Chumphon,Thailand,1
Hammerfest,Norway,1
Lake Murray,Papua New Guinea,1
Buonmethuot,Vietnam,1
Nanded,India,1
Ambatomainty,Madagascar,1
Coll,United Kingdom,1
Big Timber,United States,1
Baa Atoll,Maldives,1
Xugan,Botswana,1
Cairo,United States,1
North Myrtle Beach,United States,1
Yarmouth NS,Canada,1
Moremi,Botswana,1
Bremgarten,Germany,1
Deception Island,Antarctica,1
Kangel Danda,Nepal,1
Kep,Cambodia,1
Cornwall Wallmart,Canada,1
Wallace,United States,1
Culcairn,Australia,1
Tara Omskoy,Russia,1
Zevenbergen,Netherlands,1
Karakol,Kyrgyzstan,1
Biliran,Philippines,1
Trenton,Canada,1
Smithers,Canada,1
Swartkop,South Africa,1
Amilcar Cabral,Cape Verde,1
Calvi,France,1
Vila Real,Portugal,1
Queretaro,Mexico,1
Sirjan,Iran,1
Pagadian,Philippines,1
Sao Luis,Brazil,1
Santa Ana De Uairen,Venezuela,1
Port Blair,India,1
Louisiana,United States,1
Ende,Indonesia,1
Gaza,Palestine,1
Deline,Canada,1
Gizo,Solomon Islands,1
Kiwayu,Kenya,1
Eua Island,Tonga,1
Balimo,Papua New Guinea,1
Cherskiy,Russia,1
Devonport,Australia,1
Nurnberg,Germany,1
Kegaska,Canada,1
Handan,China,1
Van Wert,United States,1
Bad Gastein,Austria,1
Motueka,New Zealand,1
Milford,United States,1
Wasior,Indonesia,1
Nagan Raya,Indonesia,1
Bagdarin,Russia,1
Tczew,Poland,1
Brighton,United Kingdom,1
Centara Resort,Maldives,1
Bitterfeld-Wolfen,Germany,1
Woodmere,United States,1
Belogorsk,Russia,1
Rjazan',Russia,1
Mărculeşti,Moldova,1
Lake Suzy,United States,1
Auburndale,United States,1
Camrose,Canada,1
Kristiansund,Norway,1
Niederstetten,Germany,1
Guetersloh,Germany,1
Patras,Greece,1
Caslav,Czech Republic,1
Carrizal,Venezuela,1
Bidar,India,1
Male,Maldives,1
San Angelo,United States,1
Utila,Honduras,1
Tomsk,Russia,1
Jacksonville NC,United States,1
Punta Gorda,Belize,1
Dundo,Angola,1
Puerto Lempira,Honduras,1
Craig Cove,Vanuatu,1
Punta del Este,Uruguay,1
Iron Mountain,United States,1
Ironwood,United States,1
Brownwood,United States,1
Mabaruma,Guyana,1
Mahdia,Guyana,1
Anchorage Alaska,United States,1
Al-Ula,Saudi Arabia,1
Gulf Shores,United States,1
Paluknys,Lithuania,1
Vaduz,Switzerland,1
Long Sault,Canada,1
Jackpot,United States,1
Green River,United States,1
Manitowoc,United States,1
Rudesheim am Rhein,Germany,1
Mayport,United States,1
Ambrolauri,Georgia,1
Lancang Lahu,China,1
APUI,Brazil,1
Simpang Ampek,Indonesia,1
Geraldton,Canada,1
Suhl,Germany,1
Leeuwarden,Netherlands,1
Jokkmokk,Sweden,1
St.-denis,Reunion,1
Balikesir,Turkey,1
Kaukura Atoll,French Polynesia,1
Makemo,French Polynesia,1
Fujeirah,United Arab Emirates,1
Salalah,Oman,1
Zama,Japan,1
Lagoa Santa,Brazil,1
Cochabamba,Bolivia,1
Coro,Venezuela,1
Sam Neua,Laos,1
Gunung Sitoli,Indonesia,1
Point Lay,United States,1
Mafia Island,Tanzania,1
Norilsk,Russia,1
Røst,Norway,1
Port Bergé,Madagascar,1
Petropavlosk,Kazakhstan,1
Salekhard,Russia,1
Banmaw,Burma,1
Boulia,Australia,1
Burnie,Australia,1
Xining,China,1
Jining,China,1
Tongren,China,1
Blomberg,Germany,1
Island of Gogland,Russia,1
Cuamba,Mozambique,1
Effingham,United States,1
Malinau,Indonesia,1
Longueuil,Canada,1
Rambouillet,France,1
Foz do Iguacu,Brazil,1
Hyangsan,North Korea,1
Villers-les-Pots,France,1
Haro,Spain,1
Baarn,Netherlands,1
Rixheim,France,1
Kaiseraugst,Switzerland,1
Berkeley Springs,United States,1
Bischofsheim,Germany,1
Zaria,Nigeria,1
Worms,Germany,1
Ylivieska-raudaskyla,Finland,1
Blantyre,Malawi,1
Hyeres,France,1
Belgrade,Serbia,1
Tijuana,Mexico,1
Avarua,Cook Islands,1
Sukkur,Pakistan,1
Atsugi,Japan,1
Tarapoa,Ecuador,1
Pilar,Paraguay,1
Cucuta,Colombia,1
Wrightstown,United States,1
Jinghong,China,1
Groton CT,United States,1
Yeniseysk,Russia,1
Imo,Nigeria,1
Mohe County,China,1
St. Michael,United States,1
Bonanza,Nicaragua,1
Bazaruto Island,Mozambique,1
Angmagssalik,Greenland,1
Olive Branch,United States,1
Soufriere,Saint Lucia,1
Onslow,Australia,1
Mechanicville,United States,1
Hanover,Canada,1
Castro,Chile,1
Gilman,United States,1
Funabashi,Japan,1
Stade,Germany,1
Arzamas,Russia,1
Mungeranie,Australia,1
Schoenstadt,Germany,1
Wusterwitz,Germany,1
Elvesaeter,Norway,1
New Smyrna Beach,United States,1
Brockman,Australia,1
Red Dog,United States,1
Selinda Camp,Botswana,1
Mantes-la-Jolie,France,1
Castlegar,Canada,1
St. John,Canada,1
Farquhar,Seychelles,1
Buattifel,Libya,1
St.-pierre,Saint Pierre and Miquelon,1
Craiova,Romania,1
Bushehr,Iran,1
Siri Island,Iran,1
Oran,Argentina,1
Ilheus,Brazil,1
Anaco,Venezuela,1
Williston,United States,1
Makale,Indonesia,1
Malang,Indonesia,1
Sacheon,South Korea,1
Chongju,South Korea,1
Raduzhnyi,Russia,1
Pakhokku,Burma,1
Bedourie,Australia,1
Araracuara,Colombia,1
Wuhai,China,1
Drietabbetje,Suriname,1
Chaghcharan,Afghanistan,1
Lahaina Maui Hawaii,United States,1
Serengeti National Park,Tanzania,1
Landshut,Germany,1
Duelmen,Germany,1
Clearwater,United States,1
Wickenburg,United States,1
Little San Salvador Island,Bahamas,1
Pender Harbour,Canada,1
Walker's Cay,Bahamas,1
Paso Robles,United States,1
Mishima,Japan,1
Orient,United States,1
Agana,United States,1
Stanage,Australia,1
Wilpena Pound,Australia,1
Bruchsal,Germany,1
Jenpeg,Canada,1
Russell,United States,1
Rovershagen,Germany,1
MINERAL POINT,United States,1
Thudufushi Island,Maldives,1
North Cormorant,United Kingdom,1
Monterolier-Buchy,France,1
Poissy,France,1
Pangnirtung,Canada,1
Arnsberg,Germany,1
Billund,Denmark,1
Benghazi,Libya,1
Sion,Switzerland,1
Basrah,Iraq,1
Zamboanga,Philippines,1
Moron,Argentina,1
Rio Cuarto,Argentina,1
Esquel,Argentina,1
Bermejo,Bolivia,1
Ponca City,United States,1
Presque Isle,United States,1
Van Nuys,United States,1
Wemindji,Canada,1
Hancock,United States,1
Reyes,Bolivia,1
Oak Lawn,United States,1
Gila Bend,United States,1
Long Lake,United States,1
Endelage,Denmark,1
Gyor,Hungary,1
Goulimime,Morocco,1
Tai'an,China,1
Ershui,Taiwan,1
Bad Belzig,Germany,1
Riihimaki,Finland,1
Lake Forest,United States,1
Sanshui,China,1
Durham Downs,Australia,1
Moser Ortschaft,Germany,1
Hassleholm,Sweden,1
Hirschaid,Germany,1
Nzerekore,Guinea,1
Sable sur Sarthe,France,1
Wiarton,Canada,1
Tebessa,Algeria,1
Immola,Finland,1
Boscombe Down,United Kingdom,1
Stornoway,United Kingdom,1
Fuerteventura,Spain,1
Abu Simbel,Egypt,1
Hon,Libya,1
Piacenza,Italy,1
Slovenj Gradec,Slovenia,1
Ciudad Juarez,Mexico,1
Spring Point,Bahamas,1
Baguio,Philippines,1
Bishkek,Kyrgyzstan,1
Syktyvkar,Russia,1
Imphal,India,1
Pekanbaru,Indonesia,1
Nogales,United States,1
Al Asad,Iraq,1
Changchun,China,1
Hopedale,Canada,1
Büsum,Germany,1
Ankavandra,Madagascar,1
Gheshm,Iran,1
Gasmata Island,Papua New Guinea,1
General Santos City,Philippines,1
Tuguegarao,Philippines,1
Beslan,Russia,1
Gan Island,Maldives,1
Meixian,China,1
Sao Joao del Rei,Brazil,1
Colonia,Uruguay,1
Merlo,Argentina,1
Caucasia,Colombia,1
Borrego Springs,United States,1
Juiz de Fora,Brazil,1
Tangshan,China,1
Lagoon Cove,Canada,1
Ansbach,Germany,1
Sullivan Bay,Canada,1
Taketomi,Japan,1
Elba,United States,1
Oyster Pond,Netherlands Antilles,1
Ica,Peru,1
Tunja,Colombia,1
Folkestone,United Kingdom,1
Ockelbo,Sweden,1
Leforest,France,1
Algier,Algeria,1
Allendorf,Germany,1
Dahlemer Binz,Germany,1
Wilhelmshaven,Germany,1
Biggin Hill,United Kingdom,1
Alesund,Norway,1
Optand,Sweden,1
Bamako,Mali,1
Alicante,Spain,1
Wiener Neustadt Ost,Austria,1
Alice Town,Bahamas,1
Yazd,Iran,1
Manta,Ecuador,1
Lethem,Guyana,1
Guna,India,1
Poso,Indonesia,1
Cutbank,United States,1
Mulu,Malaysia,1
Joplin,United States,1
Munda,Solomon Islands,1
Ogoki Post,Canada,1
Manja,Madagascar,1
Tshikapa,Congo (Kinshasa),1
Bukoba,Tanzania,1
Walla Walla,United States,1
Kushiro,Japan,1
Coonamble,Australia,1
Kalundborg,Denmark,1
Muncie,United States,1
Gunnison,United States,1
Mammoth Lakes,United States,1
Kabalebo,Suriname,1
Biysk,Russia,1
HAMILTON,Bermuda,1
Busia,Kenya,1
Tianshui,China,1
New Buffalo,United States,1
Corazon de Jesus,Panama,1
Yinchun,China,1
Kuala Kurun,Indonesia,1
Andorra La Vella,Spain,1
Redwood City,United States,1
Glen Ellyn,United States,1
Teofilo Otoni,Brazil,1
Zollino,Italy,1
Sitges,Spain,1
Capelle aan den IJssel,Netherlands,1
Aneby,Sweden,1
Holzkirchen,Germany,1
Toranagallu,India,1
Mount Hagen,Papua New Guinea,1
Sunyani,Ghana,1
Orland,Norway,1
Kindu,Congo (Kinshasa),1
Makale,Ethiopia,1
Suceava,Romania,1
Nandi,Fiji,1
Paraparaumu,New Zealand,1
Mar Del Plata,Argentina,1
Cutralco,Argentina,1
Alma-ata,Kazakhstan,1
Palu,Indonesia,1
Saint Cloud,United States,1
Batna,Algeria,1
Barra,United Kingdom,1
Sola,Vanuatu,1
Orsk,Russia,1
Bella Coola,Canada,1
Zell am See,Austria,1
Waspam,Nicaragua,1
Kaieteur Falls,Guyana,1
Djelfa,Algeria,1
Am Timan,Chad,1
Jijiga,Ethiopia,1
Dasoguz,Turkmenistan,1
Georgetown Acension Island Santa Helena,United Kingdom,1
Obermehler,Germany,1
Prineville,United States,1
Sao Felix do Araguaia,Brazil,1
Snowshoe,United States,1
Songea,Tanzania,1
Lobo,Tanzania,1
King City,United States,1
Jiufen,Taiwan,1
Roudnice nad Labem,Czech Republic,1
Toyohashi,Japan,1
Fort Sheridan,United States,1
Ibbenburen,Germany,1
Linkoping,Sweden,1
Aztec,United States,1
Clarks Point,United States,1
Phi Phi,Thailand,1
Quesnel,Canada,1
Tindouf,Algeria,1
Springs,South Africa,1
Welkom,South Africa,1
Cabinda,Angola,1
Kikwit,Congo (Kinshasa),1
Hierro,Spain,1
Graulhet,France,1
Chalon,France,1
St.-brieuc Armor,France,1
Mnichovo Hradiste,Czech Republic,1
Skopje,Macedonia,1
Hail,Saudi Arabia,1
Kerman,Iran,1
Almeirim,Brazil,1
Hawthorne,United States,1
Denpasar,Indonesia,1
Lukla,Nepal,1
Cicia,Fiji,1
Bakalalan,Malaysia,1
Shark Bay,Australia,1
Lianyungang,China,1
Pedro Bay,United States,1
Dangriga,Belize,1
Djoemoe,Suriname,1
Buariki,Kiribati,1
Tureia,French Polynesia,1
Newnan,United States,1
Maratea,Italy,1
Brown Bluff,Antarctica,1
Sundre,Canada,1
Naperville,United States,1
Aarburg-Oftringen,Switzerland,1
Ferihegy,Hungary,1
Glenfield,Australia,1
Juterbog,Germany,1
Dzhermuk,Armenia,1
Faridabad New Town,India,1
Harper Ridge,United States,1
Guatape,Colombia,1
Bath,United Kingdom,1
Smith Inlet,Canada,1
Corvara,Italy,1
Vitry-en-Artois,France,1
Dryden,Canada,1
Warton,United Kingdom,1
Soenderborg,Denmark,1
Skive,Denmark,1
Muanda,Congo (Kinshasa),1
Bujumbura,Burundi,1
Wajir,Kenya,1
Santander,Spain,1
Dezful,Iran,1
Jerusalem,West Bank,1
Gilgit,Pakistan,1
Montes Claros,Brazil,1
Easter Island,Chile,1
Pavlodar,Kazakhstan,1
Ann,Burma,1
Hotan,China,1
Lakehurst,United States,1
Mendi,Papua New Guinea,1
Wapenamanda,Papua New Guinea,1
Helgoland,Germany,1
Al Bayda',Libya,1
Fane,Papua New Guinea,1
Awaba,Papua New Guinea,1
Gelendzik,Russia,1
Guasave,Mexico,1
Nieuw Nickerie,Suriname,1
Labrea,Brazil,1
Araxa,Brazil,1
Minhad AB,United Arab Emirates,1
Golden,Canada,1
Rosario,United States,1
Saint Catherines,Canada,1
Angguruk,Indonesia,1
Piran,Slovenia,1
Amalfi,Italy,1
Arcadia,United States,1
Bunbury,Australia,1
Toulon,France,1
Boynton Beach,United States,1
Loughborough,United Kingdom,1
Doberlug-Kirchhain,Germany,1
Granby CO,United States,1
Tihoretsk,Russia,1
Raalte,Netherlands,1
Mount Arlington,United States,1
Lee,United States,1
Ilimanaq,Greenland,1
Adado,Somalia,1
Eureka,Canada,1
Exeter,United Kingdom,1
Matthew Town,Bahamas,1
Aitutaki,Cook Islands,1
Kagoshima,Japan,1
Sendai,Japan,1
Colonel Suarez,Argentina,1
Bom Jesus Da Lapa,Brazil,1
Anuradhapura,Sri Lanka,1
Trinciomalee,Sri Lanka,1
Hirakud,India,1
Imperial,United States,1
Ikaria,Greece,1
Ventspils,Latvia,1
Futuna Island,Wallis and Futuna,1
Basse Terre,Guadeloupe,1
Yichang,China,1
Zarafshan,Uzbekistan,1
Gasan,Philippines,1
Great Bend,United States,1
Sechelt-Gibsons,Canada,1
Inhaca,Mozambique,1
Gjogur,Iceland,1
Benesov,Czech Republic,1
Muenster,Germany,1
Drummond Island,United States,1
Genova,Italy,1
Junee,Australia,1
Zhangjiakou,China,1
Hrazdan,Armenia,1
Oropesa del Mar,Spain,1
Twello,Netherlands,1
Zernitz,Germany,1
Grunstadt,Germany,1
McNeil River Camp,United States,1
Dutse,Nigeria,1
Vernon,France,1
Sahil,United Arab Emirates,1
Ulan Ude,Russia,1
Wrigley,Canada,1
Earlton,Canada,1
Ysterplaat,South Africa,1
Labe,Guinea,1
El Fasher,Sudan,1
Alverca,Portugal,1
Coto 47,Costa Rica,1
Risalpur,Pakistan,1
Agana,Guam,1
Chinhae,South Korea,1
Mangalore,India,1
Jinghonggasa,China,1
Laredo,United States,1
Sioux Falls,United States,1
Lamidanda,Nepal,1
Temple,United States,1
Tehran,Iran,1
Williams Harbour,Canada,1
Caballococha,Peru,1
Ji-Paraná,Brazil,1
Cherepovets,Russia,1
Wirawila,Sri Lanka,1
Waikabubak-Sumba Island,Indonesia,1
Flinders Island,Australia,1
Nanyang,China,1
Canakkale,Turkey,1
Arkalyk,Kazakhstan,1
Diamantino,Brazil,1
Tresco,United Kingdom,1
Menindee,Australia,1
NYERI,Kenya,1
Opa-locka,United States,1
Neustadt,Germany,1
Hunter Valley,Australia,1
Thimarafushi,Maldives,1
Sal'sk,Russia,1
San Nicolás,Cuba,1
Kant,Kyrgyzstan,1
Sankt Ingbert,Germany,1
Joinville-le-Pont,France,1
Carnia,Italy,1
Metuchen,United States,1
Bellefonte,United States,1
Dyce,United Kingdom,1
Eidfjord,Norway,1
Libercourt,France,1
Brandon,Canada,1
Odiham,United Kingdom,1
Kastoria,Greece,1
Guanaja,Honduras,1
Bisha,Saudi Arabia,1
Arar,Saudi Arabia,1
Calama,Chile,1
Conception,Paraguay,1
Surat,India,1
Soroako,Indonesia,1
Inongo,Congo (Kinshasa),1
Kiri,Congo (Kinshasa),1
Banja Luka,Bosnia and Herzegovina,1
Tiksi,Russia,1
Akutan,United States,1
Broken Hill,Australia,1
Siuna,Nicaragua,1
Lizard Island,Australia,1
Shchyolkovo,Russia,1
Bointo,Brazil,1
Geulph,Canada,1
Sortavala,Russia,1
Karabogaz,Turkmenistan,1
Susuman,Russia,1
Hartsville,United States,1
Zhunan,Taiwan,1
Pratteln,Switzerland,1
Kokkola,Finland,1
Bardwell Park,Australia,1
Jaén,Peru,1
Hoofddorp,Netherlands,1
Baruth Mark,Germany,1
Ferdinandshof,Germany,1
Bawean,Indonesia,1
MANAUS,Brazil,1
Tallinn-ulemiste International,Estonia,1
Cranfield,United Kingdom,1
East London,South Africa,1
Lamezia,Italy,1
Vera Cruz,Mexico,1
Los Brasiles,Nicaragua,1
La Coloma,Cuba,1
Damascus,Syria,1
Stung Treng,Cambodia,1
Hat Yai,Thailand,1
Page,United States,1
Manang,Nepal,1
Jaqué,Panama,1
Ganja,Azerbaijan,1
Victoria River Downs,Australia,1
Port Heiden,United States,1
Birrfeld,Switzerland,1
Huslia,United States,1
Ouzinkie,United States,1
San Carlos,Nicaragua,1
Apoteri,Guyana,1
Cedartown,United States,1
Redlands,United States,1
Monroeville,United States,1
Santa Cruz des Quiche,Guatemala,1
Sopron,Hungary,1
Lakeway,United States,1
Muara Bungo,Indonesia,1
Divinopolis,Brazil,1
Neodesha,United States,1
Haricourt,France,1
Puerto Toro,Chile,1
Konotop,Ukraine,1
Haines Junction,Canada,1
Valga,Estonia,1
Tullinge,Sweden,1
Santorini,Greece,1
At Tarif,Egypt,1
Pertominsk,Russia,1
Mitchell,United States,1
Bejaja,Algeria,1
Donaueschingen,Germany,1
Antsiranana,Madagascar,1
Amberieu,France,1
Grazzanise,Italy,1
Merzifon,Turkey,1
Bandirma,Turkey,1
Tubuai,French Polynesia,1
Yenbo,Saudi Arabia,1
Campos,Brazil,1
Guaratingueta,Brazil,1
Ponta Pora,Brazil,1
Kerteh,Malaysia,1
Ipoh,Malaysia,1
Kirakira,Solomon Islands,1
Kundiawa,Papua New Guinea,1
Gillam,Canada,1
Grise Fiord,Canada,1
Inukjuak,Canada,1
Peawanuck,Canada,1
Dawadmi,Saudi Arabia,1
Dasht-e-naz,Iran,1
Nefteyugansk,Russia,1
Muren,Mongolia,1
Mont-Tremblant,Canada,1
Chuathbaluk,United States,1
El Bagre,Colombia,1
Lincang,China,1
McMurdo Station,Antarctica,1
Terrace Bay,Namibia,1
Haparanda,Sweden,1
Shennongjia,China,1
Lubben-Spreewald,Germany,1
Roseville,United States,1
Digby,Canada,1
Fort Liard,Canada,1
Montreux-Vieux,France,1
Alvsjo,Sweden,1
Badaling,China,1
Engel's,Russia,1
Kolda,Senegal,1
Pelly Bay,Canada,1
Bautzen,Germany,1
Neuburg,Germany,1
Lanvedoc,France,1
Damblain,France,1
Kos,Greece,1
Latina,Italy,1
Zacatecas,Mexico,1
Tokushima,Japan,1
Matsushima,Japan,1
San Tome,Venezuela,1
Greensboro,United States,1
Miyakejima,Japan,1
Wonju,South Korea,1
Cooma,Australia,1
Esperance,Australia,1
Spray View,Zimbabwe,1
Strezhevoy,Russia,1
Port Lions,United States,1
Vakarufahli Island,Maldives,1
Huehuetenango,Guatemala,1
Debre Marqos,Ethiopia,1
Yei,Sudan,1
Saudarkrokur,Iceland,1
Lake Havasu City,United States,1
Maiwa,China,1
Orillia,Canada,1
Comiso,Italy,1
Bainbridge Island,United States,1
Iraan,United States,1
Agua Dulce,United States,1
Fuhlsbuttel,Germany,1
Fuyuan,China,1
Larned,United States,1
Hagen,Germany,1
Franz Josef Aerodrome,New Zealand,1
Arandis,Namibia,1
Victoria,Chile,1
Aguachica,Colombia,1
Gusen,Germany,1
Luncani,Romania,1
Serqueux,France,1
Beuvry Pas-de-Calais,France,1
Nordholz,Germany,1
Polokwane,South Africa,1
Asosa,Ethiopia,1
Damazin,Sudan,1
Ibiza,Spain,1
Perpignan,France,1
Troyes,France,1
Saipan,Northern Mariana Islands,1
Indore,India,1
Dalhart,United States,1
Sanford ME,United States,1
Dakhla,Western Sahara,1
Yopal,Colombia,1
Paraburdoo,Australia,1
Karamay,China,1
Tannheim,Germany,1
Alamosa,United States,1
Truckee,United States,1
Rio Sidra,Panama,1
Luechow,Germany,1
Beaver Island,United States,1
Saravane,Laos,1
Innisfail,Australia,1
Garowe,Somalia,1
Croisee d Apatou,French Guiana,1
Didsbury,Canada,1
Saint Lambert,Canada,1
Woods Hole,United States,1
Ross River,Canada,1
Bargteheide,Germany,1
Gotz Gross Kreutz,Germany,1
Klippan,Sweden,1
Ikerasak,Greenland,1
Shakhtyorsk,Russia,1
Barimunya,Australia,1
Doro,South Sudan,1
Abancourt,France,1
Princeton,Canada,1
Terrace,Canada,1
Makurdi,Nigeria,1
Ternhill,United Kingdom,1
Ciudad Obregon,Mexico,1
Tlaxcala,Mexico,1
Villahermosa,Mexico,1
Camaguey,Cuba,1
Santa Clara,Cuba,1
Porlamar,Venezuela,1
Jhansi,India,1
Tawau,Malaysia,1
Norfolk Island,Norfolk Island,1
Hobbs,United States,1
Roanoke VA,United States,1
Upernavik,Greenland,1
Béchar,Algeria,1
Conson,Vietnam,1
Kalkgurung,Australia,1
Hughes,United States,1
Hamar,Norway,1
Gimli,Canada,1
Roudnice nad Lebem,Czech Republic,1
Steubenville,United States,1
Lublin,Poland,1
Selma Alabama,United States,1
Pellworm,Germany,1
Oka,Canada,1
Dunnville,Canada,1
Su'ao,Taiwan,1
Freising,Germany,1
Meppershall,United Kingdom,1
Maafushivaru Resort,Maldives,1
Amboin,Papua New Guinea,1
Severo-Eniseysk,Russia,1
McLean,United States,1
Victor Mine,Canada,1
Jericoacoara,Brazil,1
Banki,Nigeria,1
Malalane,South Africa,1
Varna,Bulgaria,1
Bakhtaran,Iran,1
Okushiri,Japan,1
Taegu,South Korea,1
Los Angeles,Chile,1
Monteria,Colombia,1
Nagpur,India,1
Prachin Buri,Thailand,1
Goodland,United States,1
Dessie,Ethiopia,1
Mizan Teferi,Ethiopia,1
Grozny,Russia,1
Arvaikheer,Mongolia,1
Pakuba,Uganda,1
Amakusa,Japan,1
Matamanoa,Fiji,1
Kempten,Germany,1
Wycombe,United Kingdom,1
Smyrna,United States,1
Westsound,United States,1
Angers,France,1
Locust Grove,United States,1
Kodinsk,Russia,1
Americana,Brazil,1
Port Klang,Malaysia,1
Sabetha,United States,1
Schiedam,Netherlands,1
Aulnay-sous-Bois,France,1
Gau-Odernheim,Germany,1
Surama,Guyana,1
Big Piney,United States,1
Batajnica,Serbia,1
Danielson,United States,1
Galela,Indonesia,1
Keith,United Kingdom,1
Kazarman,Kyrgyzstan,1
Kindersley,Canada,1
Eura,Finland,1
Farnborough,United Kingdom,1
N'djamena,Chad,1
Gorna Orechovica,Bulgaria,1
Eyn-yahav,Israel,1
Toluca,Mexico,1
Das Island,United Arab Emirates,1
Wang An,Taiwan,1
Neuquen,Argentina,1
Chiclayo,Peru,1
Ayacucho,Peru,1
Jabalpur,India,1
Tiruchirappalli,India,1
Jambi,Indonesia,1
Fort Huachuca,United States,1
Banjarmasin,Indonesia,1
PARKERSBURG,United States,1
Shantou,China,1
Vadsø,Norway,1
Dubuque IA,United States,1
Solwesi,Zambia,1
Nyagan,Russia,1
Indreabhan,Ireland,1
Tuluksak,United States,1
Jose de San Martin,Argentina,1
Goodnews Bay,United States,1
Willimantic,United States,1
Ellijay,United States,1
Schaffen,Belgium,1
HOEVENEN,Belgium,1
Plainville,United States,1
Lisboa-Oriente,Portugal,1
Moomba,Australia,1
Igdir,Turkey,1
Seydisfjordur,Iceland,1
Lvliang,China,1
Erlian,China,1
Petra,Jordan,1
Prestonpans,United Kingdom,1
Chilton,United States,1
Meedhoo,Maldives,1
Forbach,France,1
Duffields,United States,1
Kamenari,Montenegro,1
Camilla,United States,1
Hudiksvall,Sweden,1
Hurghada,Egypt,1
Almeria,Spain,1
Ceske Budejovice,Czech Republic,1
Vodochody,Czech Republic,1
Punta Cana,Dominican Republic,1
Emam Shahr,Iran,1
West Tinian,Northern Mariana Islands,1
Pocos De Caldas,Brazil,1
Vitebsk,Belarus,1
Baroda,India,1
Srinagar,India,1
Hobart,Australia,1
Hopkinsville,United States,1
Ruteng,Indonesia,1
Apia,Samoa,1
Hemavan,Sweden,1
"Sao Filipe, Fogo Island",Cape Verde,1
Utirik Island,Marshall Islands,1
Likiep Island,Marshall Islands,1
Sabzevar,Iran,1
Garzón,Colombia,1
Tanjung-Borneo Island,Indonesia,1
Meekatharra,Australia,1
Tarin Kowt,Afghanistan,1
Wheeling,United States,1
Mount Holly,United States,1
Angola,United States,1
Pruszcz Gdansk,Poland,1
Grefrath,Germany,1
YUR'EVETS,Russia,1
Beaver Falls,United States,1
Ship Channel Cay,Bahamas,1
Dania Beach,United States,1
Daocheng,China,1
Ghent,United States,1
Bountiful,United States,1
Pegswood,United Kingdom,1
Haining,China,1
Are,Sweden,1
Konosha,Russia,1
Liski,Russia,1
Williams Junction,United States,1
Pedasi,Panama,1
Neyveli,India,1
Yorkton,Canada,1
Vermillion,Canada,1
Brize Norton,United Kingdom,1
Vaxjo,Sweden,1
Bethlehem,South Africa,1
Berberati,Central African Republic,1
Faya-largeau,Chad,1
Arrecife,Spain,1
Bananera,Guatemala,1
Coban,Guatemala,1
San Jose,Guatemala,1
Huahine Island,French Polynesia,1
Wigram,New Zealand,1
Wairoa,New Zealand,1
Gheshm I.,Iran,1
Ozuki,Japan,1
Brasilia,Brazil,1
Antofagasta,Chile,1
Clementia,Ecuador,1
Tortola,British Virgin Islands,1
Krasnodar,Russia,1
Paya Lebar,Singapore,1
Iliamna,United States,1
Fresno,United States,1
Palangkaraya,Indonesia,1
Bermuda,Bermuda,1
Phon Savan,Laos,1
Kastelorizo,Greece,1
Bordj Badji Mokhtar,Algeria,1
Kenema,Sierra Leone,1
Kahramanmaras,Turkey,1
Koro Island,Fiji,1
Meghauli,Nepal,1
Geneina,Sudan,1
Scone,Australia,1
Oxnard,United States,1
Cedros,Mexico,1
Christiansted,Virgin Islands,1
Dabaa City,Egypt,1
Princetown,Australia,1
Claymore,United Kingdom,1
Lowell,United States,1
Offenburg,Germany,1
Warnervale Airport,Australia,1
Tobermory,Canada,1
Olekminsk,Russia,1
Stirling,United Kingdom,1
Santa Cruz,Ecuador,1
Tingo Maria,Peru,1
New York City,United States,1
Angra dos Reis,Brazil,1
Chapada dos Guimaraes,Brazil,1
Seville,Spain,1
Moriarty,United States,1
Pasir Pangaraian,Indonesia,1
Itbayat,Philippines,1
Kisoro,Uganda,1
Dikwa,Nigeria,1
Cold Spring,United States,1
Koper,Slovenia,1
Gilze-rijen,Netherlands,1
Falkoping,Sweden,1
Phalaborwa,South Africa,1
Ampampamena,Madagascar,1
Lampedusa,Italy,1
Lazard Cardenas,Mexico,1
Bhagtanwala,Pakistan,1
Baler,Philippines,1
Santa Cruz,Argentina,1
Medellin,Colombia,1
Andahuaylas,Peru,1
Tioman,Malaysia,1
Patuxent River,United States,1
Norden,Germany,1
Tremiti Islands,Italy,1
Laramie,United States,1
Turbat,Pakistan,1
Panzhihua,China,1
Grytvyken,South Georgia and the Islands,1
Oristano,Italy,1
Mureck,Austria,1
Shaftesbury,United Kingdom,1
Lake Placid,United States,1
Poteau,United States,1
Huntingdon,United States,1
Stevens Village,United States,1
Bau-Bau,Indonesia,1
Oak Park,United States,1
Firozabad,India,1
Yass Junction,Australia,1
Azov,Russia,1
Franz Josef Glacier,New Zealand,1
Rijswijk,Netherlands,1
Oudenbosch,Netherlands,1
Luckau,Germany,1
GAYLORD,United States,1
Hotel Boeck Voesendorf,Austria,1
Furth,Germany,1
Kitsissuarsuit,Greenland,1
Hahnichen,Germany,1
Mariehamn,Finland,1
Orsa,Sweden,1
Selebi-phikwe,Botswana,1
M'banza-congo,Angola,1
Haguenau,France,1
Pratica Di Mare,Italy,1
Mare,New Caledonia,1
Weydon,Antarctica,1
Port-of-spain,Trinidad and Tobago,1
Mirnyj,Russia,1
Christmas Island,Christmas Island,1
Shemya,United States,1
Legazpi,Philippines,1
Kaieteur,Guyana,1
Bo,Sierra Leone,1
Vunisea,Fiji,1
Ormara Raik,Pakistan,1
Anadyr,Russia,1
Hrodna,Belarus,1
Maragheh,Iran,1
Hoexter Holzminden,Germany,1
Chignik Lake,United States,1
Raivavae,French Polynesia,1
Diamantina,Brazil,1
Chemehuevi Valley,United States,1
Caernarfon,United Kingdom,1
Southeast,United States,1
Chatsworth,Australia,1
Zouerat,Mauritania,1
Bintuni,Indonesia,1
Shisui,Japan,1
Mazma,United States,1
Dezhou,China,1
Karstadt,Germany,1
Holingol,China,1
Vumbura,Botswana,1
San Vicente,Philippines,1
Ouargla,Algeria,1
Abuja,Nigeria,1
Fairford,United Kingdom,1
Kasane,Botswana,1
Antsohihy,Madagascar,1
San Luis,Spain,1
Elat,Israel,1
Acapulco,Mexico,1
Liberia,Costa Rica,1
Dammam,Saudi Arabia,1
Oita,Japan,1
Carepa,Colombia,1
Uralsk,Kazakhstan,1
Lvov,Ukraine,1
Kaimana,Indonesia,1
Fort Irwin,United States,1
Lahania-kapalua,United States,1
Honiara,Solomon Islands,1
Simikot,Nepal,1
Busuanga,Philippines,1
Campbeltown,United Kingdom,1
Baco,Ethiopia,1
Pococi,Costa Rica,1
Moala,Fiji,1
El Nido,Philippines,1
Thargomindah,Australia,1
Yorke Island,Australia,1
Çorlu,Turkey,1
Bonnyville,Canada,1
Olgii,Mongolia,1
Beru Island,Kiribati,1
Clear Lake City,United States,1
Feldkirch,Austria,1
Pukchang,North Korea,1
Sylacauga,United States,1
Sutton,United States,1
Independence,United States,1
Houghton,United States,1
Victory,Canada,1
Cordelia,United States,1
Tuapse,Russia,1
Castelldefels,Spain,1
Rotenburg Wumme,Germany,1
Waterbury,United States,1
Lakselv,Norway,1
Wittmundhafen,Germany,1
Orange,France,1
Nuku Hiva,French Polynesia,1
Peshawar,Pakistan,1
Londrina,Brazil,1
Huancabamba,Peru,1
Nasik Road,India,1
Mandalay,Burma,1
Bethel,United States,1
Mount Clemens,United States,1
Nan,Thailand,1
Lawton,United States,1
Samjiyon,South Korea,1
Johnston Island,Johnston Atoll,1
Fera Island,Solomon Islands,1
Shinyanga,Tanzania,1
Malekula Island,Vanuatu,1
Esmeraldas,Ecuador,1
Brus Laguna,Honduras,1
Nulato,United States,1
Rincon de los Sauces,Argentina,1
Khalije Fars,Iran,1
Khakusy,Russia,1
Villa Rica,United States,1
Manitowaning,Canada,1
Taytay,Philippines,1
Embu,Kenya,1
Anapolis,Brazil,1
Lake Macquarie,Australia,1
Newburyport,United States,1
Red Hook,Virgin Islands,1
Nan-ao,Taiwan,1
Tundla,India,1
Logrono,Spain,1
Alert Bay,Canada,1
Chetwynd,Canada,1
Bregenz,Austria,1
Morjarv,Sweden,1
Simberi Island,Papua New Guinea,1
San Miguel,El Salvador,1
Rajbiraj,Nepal,1
Swift Current,Canada,1
Teisko,Finland,1
Kisangani,Congo (Kinshasa),1
Nevatim,Israel,1
Evora,Portugal,1
Afyon,Turkey,1
San Jose Del Cabo,Mexico,1
San Luis Potosi,Mexico,1
Talhar,Pakistan,1
Fukue,Japan,1
Guasdualito,Venezuela,1
Pine Bluff,United States,1
Ithaca,United States,1
Smara,Western Sahara,1
"Praia, Santiago Island",Cape Verde,1
Pellston,United States,1
Kamusi,Papua New Guinea,1
Ceduna,Australia,1
Anqing,China,1
Thurles,Ireland,1
Nikolski,United States,1
Alma,Canada,1
Maues,Brazil,1
Ulaangom,Mongolia,1
Abemama,Kiribati,1
Selous National Park,Tanzania,1
Dorval,Canada,1
South Haven,United States,1
Fryeburg,United States,1
Belle Galdes,United States,1
Glencoe,Canada,1
Western Springs,United States,1
Mankato,United States,1
Holdredge,United States,1
Juina,Brazil,1
Serengeti N.P.,Tanzania,1
Kelsey,Canada,1
Daugavpils,Latvia,1
Taji,Iraq,1
Verdellino,Italy,1
Parakou,Benin,1
Velidhoo,Maldives,1
Remilly,France,1
Nieuwerkerk aan den IJssel,Netherlands,1
Papunya,Australia,1
Massy,France,1
Delta Camp,Botswana,1
San Jose,Panama,1
Saqqaq,Greenland,1
Gwoza,Nigeria,1
Zyryanka,Russia,1
Iqaluit,Canada,1
Roberval,Canada,1
Tamanrasset,Algeria,1
Enugu,Nigeria,1
Coventry,United Kingdom,1
Galway,Ireland,1
Connaught,Ireland,1
Kalkmar,Sweden,1
Giebelstadt,Germany,1
Ladysmith,South Africa,1
Manakara,Madagascar,1
Cap Skiring,Senegal,1
Eskisehir,Turkey,1
Kandahar,Afghanistan,1
La Rioja,Argentina,1
Altamira,Brazil,1
Providencia,Colombia,1
Rio Hacha,Colombia,1
Batticaloa,Sri Lanka,1
Zero,India,1
Trang,Thailand,1
Colombus,United States,1
Hervey Bay,Australia,1
Island Lake,Canada,1
Cayo Coco,Cuba,1
Sorocaba,Brazil,1
Penza,Russia,1
Mawlamyine,Burma,1
Barcaldine,Australia,1
Langley Township,Canada,1
Gurupi,Brazil,1
Matam,Senegal,1
Marakei,Kiribati,1
Chicago-Wheeling,United States,1
Chessy,France,1
Thomson,United States,1
Braceville,United States,1
Peenemunde,Germany,1
Cheraw,United States,1
Ashford,United Kingdom,1
Guarapari,Brazil,1
Honfleur,France,1
Pinedale,United States,1
Chaybukha,Russia,1
Svenborg,Denmark,1
Ejin Banner,China,1
Frankfurt-Main,Germany,1
Jijel,Algeria,1
Hultsfred,Sweden,1
Kitzingen,Germany,1
Iasi,Romania,1
Rota,Northern Mariana Islands,1
Tokachi,Japan,1
Daman,India,1
Pendicherry,India,1
Timika,Indonesia,1
Changcha,China,1
King Salmon,United States,1
Powell River,Canada,1
Port Sudan,Sudan,1
Barisal,Bangladesh,1
Isla Pescado,Bolivia,1
Shahre Kord,Iran,1
Livingood,United States,1
Toraja,Indonesia,1
Revelstoke,Canada,1
Bischofswiesen,Germany,1
Ust-Nera,Russia,1
Escravos,Nigeria,1
Immokalee,United States,1
Andorra la Vella,Spain,1
Prizren,Serbia,1
North Falmouth,United States,1
Maibara,Japan,1
Itaperuna,Brazil,1
Yosemite Nationalpark,United States,1
Ayaguz,Kazakhstan,1
Holten,Netherlands,1
Brebieres,France,1
Buttgen,Germany,1
El Kharga,Egypt,1
Maniwaki,Canada,1
Yellowknife,Canada,1
Tiaret,Algeria,1
Lome,Togo,1
Sodankyla,Finland,1
Calvinia,South Africa,1
Cepin,Croatia,1
Carpentras,France,1
Perugia,Italy,1
Colima,Mexico,1
Rash Mishab,Saudi Arabia,1
Pohnpei,Micronesia,1
Miyako,Japan,1
Tandil,Argentina,1
Sholapur,India,1
Saba,Netherlands Antilles,1
Bathurst,Canada,1
Du Bois,United States,1
Kirksville,United States,1
Tiga,New Caledonia,1
Lugansk,Ukraine,1
Whyalla,Australia,1
McCook,United States,1
Tenakee Springs,United States,1
Bella Bella,Canada,1
Taldykorgan,Kazakhstan,1
Cornwall,Canada,1
STROE,Netherlands,1
Isabela,Ecuador,1
Ridgeland,United States,1
Somerville,United States,1
Newberry,United States,1
Winterhaven,United States,1
Mar-Kuel,Russia,1
Rara National Park,Nepal,1
Nynashamn,Sweden,1
Dolo Ado,Ethiopia,1
Ypres,Belgium,1
Zhangye,China,1
North Head,Canada,1
Tongluo,Taiwan,1
Darlington,United Kingdom,1
Salfords,United Kingdom,1
Oakley,United States,1
Miranda de Ebro,Spain,1
Taishet,Russia,1
Fury Gorge,Australia,1
Charles City,United States,1
Bad Oldesloe,Germany,1
Ruckersdorf,Germany,1
Barnstorf,Germany,1
Lingbo,Sweden,1
Westwood,United States,1
Finke,Australia,1
Camocim,Brazil,1
Cangyuan,China,1
Ayawasi,Indonesia,1
Douala,Cameroon,1
Sainte Marie,Madagascar,1
Faranah,Guinea,1
Lamu,Kenya,1
Sebha,Libya,1
Tripolis,Greece,1
Cluj-napoca,Romania,1
Akita,Japan,1
Reconquista,Argentina,1
Ipatinga,Brazil,1
Itaipu,Paraguay,1
Khajuraho,India,1
Cordova,United States,1
Fort Sill,United States,1
Sandakan,Malaysia,1
Porto Seguro,Brazil,1
Fort Hope,Canada,1
Elko,United States,1
Khatanga,Russia,1
Wenatchee,United States,1
Triengen,Switzerland,1
Tapini,Papua New Guinea,1
Camp Douglas,United States,1
Shaktoolik,United States,1
Meru National Park,Kenya,1
Exmouth,Australia,1
Hoogeveen,Netherlands,1
Live Oak,United States,1
BLUMENAU,Brazil,1
St Florentin Cheu,France,1
Maldives Hilton Iru fushi,Maldives,1
Douliu,Taiwan,1
West Ealing,United Kingdom,1
Hashima,Japan,1
Talladega,United States,1
Dzankoy,Russia,1
Saidor,Papua New Guinea,1
Cangzhou,China,1
Taubaté,Brazil,1
Scharbeutz,Germany,1
Rudnitz,Germany,1
Sollentuna,Sweden,1
Nagurskaya,Russia,1
Mansa,Zambia,1
Labuha,Indonesia,1
Onakawana,Canada,1
Dwangwa,Malawi,1
Leutkirch,Germany,1
Chateauroux,France,1
Petroline 6,Saudi Arabia,1
Yap,Micronesia,1
Fengnin,Taiwan,1
San Julian,Argentina,1
Ambato,Ecuador,1
Higuerote,Venezuela,1
Sylhet Osmani,Bangladesh,1
Melbourne,United States,1
Mary's Harbour,Canada,1
Usak,Turkey,1
Loh/Linua,Vanuatu,1
Parachinar,Pakistan,1
Bangda,China,1
Aksu,China,1
Santana do Araguaia,Brazil,1
Wangen-Lachen,Switzerland,1
Rothwell,Australia,1
Vysoke Myto,Czech Republic,1
Elstree,United Kingdom,1
Meck Island,Marshall Islands,1
Swan Hill,Australia,1
Llodio,Spain,1
Guanghua,China,1
Scheessel,Germany,1
Bobigny,France,1
Balestrand,Norway,1
Agok,Sudan,1
Huckelhoven,Germany,1
Portage-la-prairie,Canada,1
Constantine,Algeria,1
Teesside,United Kingdom,1
Abeche,Chad,1
Beauvais,France,1
Chania,Greece,1
Abe-ali,Iran,1
Bage,Brazil,1
Tarauaca,Brazil,1
Phong Savanh,Laos,1
Dundigul,India,1
Coco Island,Burma,1
Tanjung Santan,Indonesia,1
Kobe,Japan,1
Tyumen,Russia,1
Ciudad del Este,Paraguay,1
Naryan-Mar,Russia,1
Akunnaaq,Greenland,1
Playa Samara,Costa Rica,1
Redcliffe,Vanuatu,1
Laamu Atoll,Maldives,1
Moranbah,Australia,1
Mount Gambier,Australia,1
Baotou,China,1
Port Protection,United States,1
Stewart Island,New Zealand,1
Camp Bastion,Afghanistan,1
Buckeye,United States,1
Salzgitter,Germany,1
Porto Urucu,Brazil,1
Cartersville,United States,1
Pinehurst-Southern Pines,United States,1
Wadsworth,United States,1
Echo Bay,Canada,1
Don Sak,Thailand,1
Timmonsville,United States,1
Jingtong,Taiwan,1
Collegeville,United States,1
Bambu,Papua New Guinea,1
Kalinkovichy,Belarus,1
Zerbst/Anhalt,Germany,1
Bingen Rhein Stadt,Germany,1
Wierden,Netherlands,1
Noisy-le-Sec,France,1
Leonberg,Germany,1
Cruz,Brazil,1
Tunis,Tunisia,1
Llanbedr,United Kingdom,1
Mosjoen,Norway,1
Albi,France,1
San Pedro Sula,Honduras,1
Ocho Rios,Jamaica,1
Isla Mujeres,Mexico,1
Iztepec,Mexico,1
Alexandra,New Zealand,1
Gualaquiza,Ecuador,1
Ludhiaha,India,1
Alice,United States,1
Kerema,Papua New Guinea,1
"Doncaster, Sheffield",United Kingdom,1
Logroño-Agoncillo,Spain,1
Perryville,United States,1
Makin,Kiribati,1
Koszalin,Poland,1
Okaukuejo,Namibia,1
Marathon,Canada,1
Mackinac Island MI,United States,1
Meteora,Greece,1
Gudvangen,Norway,1
Wittenberge,Germany,1
Attopeu,Laos,1
Kingisepp,Russia,1
Bryans,Russia,1
Fonimagooghoo,Maldives,1
Courville sur Eure,France,1
Salzbergen,Germany,1
Birkengrund,Germany,1
Schwaan,Germany,1
Los Lunas,United States,1
Espanola,United States,1
Dalwhinnie,United Kingdom,1
Keflavik,Iceland,1
Molde,Norway,1
Skelleftea,Sweden,1
Phalsbourg,France,1
Reggio Calabria,Italy,1
Port Nelson,Bahamas,1
Guriat,Saudi Arabia,1
Sharurah,Saudi Arabia,1
San Fernando,Argentina,1
Sao Pedro Da Aldeia,Brazil,1
Villavicencio,Colombia,1
Osh,Kyrgyzstan,1
Phrae,Thailand,1
Grant County Airport,United States,1
Colorado Springs,United States,1
Elmira,United States,1
Shakawe,Botswana,1
Wotho Island,Marshall Islands,1
Ahe,French Polynesia,1
Mountain Village,United States,1
Charlestown,Saint Kitts and Nevis,1
Kharkov,Ukraine,1
Amderma,Russia,1
Moree,Australia,1
Wanxian,China,1
Goulburn,Australia,1
Dickinson,United States,1
Kipnuk,United States,1
Uyuni,Bolivia,1
Kamarang,Guyana,1
Ravensthorpe,Australia,1
Koethen,Germany,1
St.Stephan,Switzerland,1
Ourilandia do Norte,Brazil,1
Batavia,United States,1
Rothera Research Station,United Kingdom,1
Barrie-Orillia,Canada,1
Kogatende,Tanzania,1
Fort Madison,United States,1
Luodong,Taiwan,1
Schwanheide,Germany,1
Paraty,Brazil,1
Talpa de Allende,Mexico,1
Gjadër,Albania,1
Mirpur Khas,Pakistan,1
Dzhankoy,Ukraine,1
Matemo Island,Mozambique,1
Koh Yao Noi,Thailand,1
Buchholz Nordheide,Germany,1
Two Harbors,United States,1
Barstow,United States,1
Sidnaw,United States,1
Koge,Denmark,1
Ekaterinburg,Russia,1
Bay St. Louis,United States,1
Vidalia,United States,1
Jos,Nigeria,1
St.-hubert,Belgium,1
Rustenburg,South Africa,1
Grosseto,Italy,1
Fort-de-france,Martinique,1
Wajima,Japan,1
Barter Island,United States,1
Barking Sands,United States,1
Monterey,United States,1
Gurney,Papua New Guinea,1
Sarh,Chad,1
Swakopmund,Namibia,1
Dembidollo,Ethiopia,1
Asyut,Egypt,1
Ua Huka,French Polynesia,1
Dillon's Bay,Vanuatu,1
Las Heras,Argentina,1
Siargao,Philippines,1
Kenmore,United States,1
Beppu,Japan,1
Vellezzo Bellini,Italy,1
Toccoa,United States,1
Barberton,South Africa,1
New Brunswick,United States,1
Napaskiak,United States,1
Twin Shores Camping Area,Canada,1
Mechelen,Belgium,1
Half Moon Bay,United States,1
Neufahrn bei Freising,Germany,1
Wilmette,United States,1
Reichelsheim,Germany,1
Heino,Netherlands,1
Wiesenburg,Germany,1
Prince Pupert,Canada,1
Rouyn,Canada,1
Mecheria,Algeria,1
Blackbushe,United Kingdom,1
Kirkenes,Norway,1
Hallviken,Sweden,1
Grahamstown,South Africa,1
Negage,Angola,1
Albenga,Italy,1
Vigan,Philippines,1
Tinogasta,Argentina,1
Amapa,Brazil,1
Kailashahar,India,1
Bhatinda,India,1
Camden,Australia,1
Muir,United States,1
ST MARY\'S,United Kingdom,1
Summer Beaver,Canada,1
Nissan Island,Papua New Guinea,1
Waikoloa Village,United States,1
Kaltag,United States,1
Inishmaan,Ireland,1
Dunkirk,United States,1
Khandyga,Russia,1
Klatovy,Czech Republic,1
Salazie,Reunion,1
Lilydale,Australia,1
Rantoul,United States,1
Harpers Ferry,United States,1
Tappahannock,United States,1
Baganara Island Resort,Guyana,1
Baar,Switzerland,1
St Leonard,Canada,1
Graf Ignatievo,Bulgaria,1
Wasilla,United States,1
Lensahn,Germany,1
Ronninge,Sweden,1
Korhogo,Cote d'Ivoire,1
Lambertsbaai,South Africa,1
Montego Bay,Jamaica,1
Pohang,South Korea,1
Bogota,Colombia,1
Tarija,Bolivia,1
El Centro,United States,1
Pangkalan Bun,Indonesia,1
Redang,Malaysia,1
Bemidji,United States,1
Stirling Island,Solomon Islands,1
North Platte,United States,1
Kars,Turkey,1
Misratah,Libya,1
Lar,Iran,1
Kudat,Malaysia,1
Cooktown,Australia,1
Palm Island,Australia,1
Jian,China,1
Central,United States,1
Mantsonyane,Lesotho,1
Kerch,Ukraine,1
Keene,United States,1
Volosovo,Russia,1
Midland,Canada,1
Livingston,Zambia,1
Tonghua,China,1
New Jersey,United States,1
Bogorodskoe,Russia,1
Brandenburg an der Havel,Germany,1
Key Biscayne,United States,1
Rerik,Germany,1
Springer,United States,1
Kangaatsiaq,Greenland,1
Sorriso,Brazil,1
Mama,Russia,1
Gemlik,Turkey,1
Drachten,Netherlands,1
Juba,South Sudan,1
Autun,France,1
Poza Rico,Mexico,1
Cienfuegos,Cuba,1
Okara,Pakistan,1
San Antonio,Venezuela,1
Shante,Burma,1
Merauke,Indonesia,1
Sibu,Malaysia,1
Nanchang,China,1
Kashi,China,1
Big Mountain,United States,1
Duluth,United States,1
Great Falls,United States,1
Sabang,Indonesia,1
Gounda,Central African Republic,1
Mampikony,Madagascar,1
Mejit Atoll,Marshall Islands,1
Kontum,Vietnam,1
Tanjung Redep-Borneo Island,Indonesia,1
Dalanzadgad,Mongolia,1
Coari,Brazil,1
Wohlen bei Bern,Switzerland,1
Ny-Alesund,Svalbard,1
Otaru,Japan,1
Bestobe,Kazakhstan,1
Beni Mellal,Morocco,1
Bubaque,Guinea-Bissau,1
Yuanlin,Taiwan,1
Nasiriyah,Iraq,1
Tongxiang,China,1
Kongolo,Congo (Kinshasa),1
Wittenom,Australia,1
St Thomas,Canada,1
Leczyca,Poland,1
Buguruslan,Russia,1
Takoradi,Ghana,1
Esbjerg,Denmark,1
Musina,South Africa,1
N'gaoundere,Cameroon,1
Mahajanga,Madagascar,1
Ulongwe,Mozambique,1
Kadugli,Sudan,1
Vitoria,Spain,1
Rennes,France,1
Kozani,Greece,1
San Vito De Jaba,Costa Rica,1
Cunagua,Cuba,1
North Eleuthera,Bahamas,1
Sheberghan,Afghanistan,1
President Prudente,Brazil,1
Iauarete,Brazil,1
Lansdowne House,Canada,1
Savusavu,Fiji,1
Catarman,Philippines,1
Brest,Belarus,1
Langeoog,Germany,1
Rio Verde,Brazil,1
Moultrie,United States,1
Saint Pierre,Reunion,1
Earlswood,United Kingdom,1
Ozark,United States,1
Paysandu,Uruguay,1
Brand,Germany,1
Sljudjanka,Russia,1
Durrie,Australia,1
Evette Salbert,France,1
Deptford Township,United States,1
Jastarnia,Poland,1
Horka,Germany,1
Baker Lake,Canada,1
Westerland,Germany,1
Parys,South Africa,1
Springbok,South Africa,1
Umtata,South Africa,1
Uige,Angola,1
Sao Vicente Island,Cape Verde,1
Aguascalientes,Mexico,1
Villa Dolores,Argentina,1
St. Croix Island,Virgin Islands,1
Jharsuguda,India,1
Suai,East Timor,1
Hana,United States,1
Fort Eustis,United States,1
Massawa,Eritrea,1
Tokua,Papua New Guinea,1
Guayaramerín,Bolivia,1
Kowanyama,Australia,1
Zhanjiang,China,1
Everglades,United States,1
Logan,United States,1
Eagle River,United States,1
Moser Bay,United States,1
Kwamelasemoetoe,Suriname,1
Jabiru,Australia,1
Ganderkesee,Germany,1
Patricia Bay,Canada,1
Bagdad,United States,1
Saint Marc,Haiti,1
Saint Denis,Reunion,1
Dedeben,South Africa,1
Newark,United Kingdom,1
Huntingdon,United Kingdom,1
Mount Eden,New Zealand,1
Mt. Cook,New Zealand,1
Chevremont,France,1
Eschede,Germany,1
Bor,South Sudan,1
St-Peterburg,Russia,1
Granbury,United States,1
La Garenne-Colombes,France,1
Holman Island,Canada,1
Harmony,South Africa,1
Mfuwe,Zambia,1
Ghadames,Libya,1
Stara Zagora,Bulgaria,1
Auxerre,France,1
Guatemala City,Guatemala,1
Hamilton,New Zealand,1
Resistencia,Argentina,1
Fronteira,Brazil,1
Tefe,Brazil,1
Mustique,Saint Vincent and the Grenadines,1
Fort Polk,United States,1
Modesto,United States,1
Samarinda,Indonesia,1
Butte,United States,1
Magwe,Burma,1
Rock Springs,United States,1
Colonel Hill,Bahamas,1
Marília,Brazil,1
Pasco,United States,1
Boigu,Australia,1
Yulin,China,1
Sharya,Russia,1
West Yellowstone,United States,1
Foshan,China,1
Kaiser Lake Ozark,United States,1
Donghae,South Korea,1
Mallacoota,Australia,1
Lagos,Portugal,1
Szeged,Hungary,1
Riviere-du-Loup,Canada,1
Chartres,France,1
Hengelo,Netherlands,1
Harringay,United Kingdom,1
Blake Knolls,United States,1
Elsenthal,Germany,1
Kowloon,Hong Kong,1
Giessen,Germany,1
Ronchamp,France,1
Squamish,Canada,1
Lębork,Poland,1
Waren,Germany,1
Albemarle,United States,1
Nuussuaq,Greenland,1
Ammassivik,Greenland,1
Sheffield,United Kingdom,1
Novo Progresso,Brazil,1
Grande Prairie,Canada,1
Golouchestershire,United Kingdom,1
Newquai,United Kingdom,1
Notodden,Norway,1
Lidkoping,Sweden,1
Kotakoli,Congo (Kinshasa),1
Dar Es Salaam,Tanzania,1
Annemasse,France,1
Ramat David,Israel,1
Trencin,Slovakia,1
Hermosillo,Mexico,1
Ciego De Avila,Cuba,1
Rock Sound,Bahamas,1
Manapouri,New Zealand,1
Cordoba,Argentina,1
Trelew,Argentina,1
Pehuajo,Argentina,1
Cruzeiro do Sul,Brazil,1
Campina Grande,Brazil,1
Ho Chi Minh City,Vietnam,1
Momeik,Burma,1
Chintheche,Malawi,1
Tabubil,Papua New Guinea,1
Al-Jawf,Saudi Arabia,1
Noshahr,Iran,1
Roxas City,Philippines,1
Macaé,Brazil,1
Badu Island,Australia,1
Anaktuvuk Pass,United States,1
Salmon,United States,1
Kidepo,Uganda,1
Haeju,North Korea,1
Antsirabe,Madagascar,1
Gourdin Island,Antarctica,1
Xaxanaka,Botswana,1
Stann Creek,Belize,1
Bergen op Zoom,Netherlands,1
Marica,Brazil,1
Lubbenau,Germany,1
Ifuru,Maldives,1
Smiths Falls,Canada,1
Voorschoten,Netherlands,1
Oranienburg,Germany,1
Suwalki,Poland,1
Arras,France,1
Delitzsch unterer Bahnhof,Germany,1
Campbell River,Canada,1
Whitecourt,Canada,1
Rechlin-laerz,Germany,1
Mount Pleasant,Falkland Islands,1
Bronnoysund,Norway,1
Goma,Congo (Kinshasa),1
Tanga,Tanzania,1
Bacau,Romania,1
Les Eplatures,Switzerland,1
Lajes,Brazil,1
Concepcion,Chile,1
Orenburg,Russia,1
Belgaum,India,1
Jorhat,India,1
Bradshaw Field,United States,1
Fargo,United States,1
Pechora,Russia,1
Holy Cross,United States,1
Weihai,China,1
Vernal,United States,1
Eek,United States,1
Bulgan,Mongolia,1
Phan Rang,Vietnam,1
Okavango,Botswana,1
One Hundred Mile House,Canada,1
TELGTE,Germany,1
Ballston Spa,United States,1
Waterloo,Belgium,1
Sohar,Oman,1
Chuzhou,China,1
Orsha,Belarus,1
Syzran',Russia,1
Clifton Hills,Australia,1
Aero,Denmark,1
Beaver Creek,Canada,1
Valentine,United States,1
Nikolayevsk-na-Amure Airport,Russia,1
Kandi,Benin,1
Reinfeld Holst,Germany,1
Zossen,Germany,1
Wismar,Germany,1
Flin Flon,Canada,1
El Borma,Tunisia,1
Trondheim,Norway,1
Cambrai,France,1
Mytilini,Greece,1
Kleiat,Lebanon,1
Neiva,Colombia,1
Ahmedabad,India,1
Deesa,India,1
Pontianak,Indonesia,1
Biloxi,United States,1
Newburgh,United States,1
El Dorado,United States,1
Boma,Congo (Kinshasa),1
Gulu,Uganda,1
Malolo Lailai Island,Fiji,1
Wausau,United States,1
Byron,United States,1
Santa Terezinha,Brazil,1
Ypenburg,Netherlands,1
Waynesboro,United States,1
Thanh Hoa,Vietnam,1
Znamenskoe,Russia,1
Meedhuffushi Island,Maldives,1
Kautokeino,Norway,1
Belomorsk,Russia,1
Ljungbyhed,Sweden,1
Soignies,Belgium,1
Akureyri,Iceland,1
Hudson Bay,Canada,1
Ain Oussera,Algeria,1
Kaduna,Nigeria,1
Rendsburg,Germany,1
Selanpaa,Finland,1
Bodo,Norway,1
Aggeneys,South Africa,1
Secunda,South Africa,1
Menorca,Spain,1
Larissa,Greece,1
Kasteli,Greece,1
Amendola,Italy,1
Tulcea,Romania,1
Cayo Largo del Sur,Cuba,1
Great Exuma,Bahamas,1
Kushke Nosrat,Iran,1
Fukui,Japan,1
Barra Do Garcas,Brazil,1
Balmaceda,Chile,1
Maturin,Venezuela,1
Muskogee,United States,1
Tobruk,Libya,1
Scottsbluff,United States,1
Santa Teresita,Argentina,1
Lake Tekapo,New Zealand,1
Hooper Bay,United States,1
Nzagi,Angola,1
Maiana,Kiribati,1
Savai\'i,Samoa,1
Davis-Woodland-Winters,United States,1
Kolpashevo,Russia,1
Yuendumu,Australia,1
Skagen,Denmark,1
Suntar,Russia,1
Saint Paul,United States,1
Hellerup,Denmark,1
Saquarema,Brazil,1
Mataro,Spain,1
Kotel'ich,Russia,1
Baranavichi,Belarus,1
Elliott,Australia,1
Sipalay,Philippines,1
Kihihi,Uganda,1
Sjaellands Odde,Denmark,1
Gorokwe,Botswana,1
Al Masna'ah,Oman,1
Kubinka,Russia,1
Kelowna,Canada,1
Petawawa,Canada,1
Penticton,Canada,1
Sfax,Tunisia,1
Matamoros,Mexico,1
Sancti Spiritus,Cuba,1
Iran Shahr,Iran,1
Hakodate,Japan,1
Izumo,Japan,1
Matsuyama,Japan,1
Mariscal Estigarribia,Paraguay,1
Puerto Maldonado,Peru,1
Learmonth,Australia,1
Hayman Island,Australia,1
Nanortalik,Greenland,1
Chimoio,Mozambique,1
Groennedal,Greenland,1
Middle Caicos,Turks and Caicos Islands,1
Maloelap Island,Marshall Islands,1
Île des Pins,New Caledonia,1
La Toma (Catamayo),Ecuador,1
Fort William,United Kingdom,1
Iselin,United States,1
Tolu,Colombia,1
Shiquanhe,China,1
Nashua,United States,1
Offshore,Mexico,1
Aiken,United States,1
Kent,United States,1
Bar Harbor ME,United States,1
Fernandina Beach,United States,1
Cap Town,South Africa,1
Vihanti,Finland,1
Tallassee,United States,1
AGAP South,Antarctica,1
Taita Hills,Kenya,1
Portogruaro Caorle,Italy,1
Illfurth,France,1
Malakoff,France,1
Cranbury,United States,1
Forest Glen,United States,1
Utopia,Australia,1
Belem,Portugal,1
Saurimo,Angola,1
Kitale,Kenya,1
Mwanza,Tanzania,1
Guidonia,Italy,1
Kangnung,South Korea,1
Yonaguni Jima,Japan,1
Patiala,India,1
Satna,India,1
Sparrevohn,United States,1
Camp Springs,United States,1
Truth Or Consequences,United States,1
Tucumcari,United States,1
Cataratas National Park,Brazil,1
Tanna,Vanuatu,1
Taba,Egypt,1
Cape Girardeau,United States,1
Camiguin,Philippines,1
Puerto Inírida,Colombia,1
Shillong,India,1
Erechim,Brazil,1
Shishmaref,United States,1
Governador Valadares,Brazil,1
Seward,United States,1
Coldfoot,United States,1
Kongiganak,United States,1
Albina,Suriname,1
Whitianga,New Zealand,1
Yushu,China,1
Troutdale,United States,1
Sao Paulo de Olivenca,Brazil,1
Gbangbatok,Sierra Leone,1
Buckeburg,Germany,1
COOKSON,United States,1
Cottonwood,United States,1
Veligandu,Maldives,1
Prosser,United States,1
Noerdlingen,Germany,1
Tsigaro,Botswana,1
Setten,Norway,1
Welwyn,United Kingdom,1
Beni,Congo (Kinshasa),1
Nenana,United States,1
Bingen Rhein Stadt Bahnhof,Germany,1
Coal Creek,United States,1
La Ronge,Canada,1
Abidjan,Cote d'Ivoire,1
Saarbruecken,Germany,1
Pattijoki,Finland,1
Brough,United Kingdom,1
Fassberg,Germany,1
Robertson,South Africa,1
Nouadhibou,Mauritania,1
Larnaca,Cyprus,1
Salamanca,Spain,1
Ioannina,Greece,1
Bora Bora,French Polynesia,1
Bagabag,Philippines,1
Santa Fe,Argentina,1
Macara,Ecuador,1
San Ramon,Peru,1
Antigua,Antigua and Barbuda,1
Tver,Russia,1
Jamshedpur,India,1
Luwuk,Indonesia,1
Kodiak,United States,1
Raleigh-durham,United States,1
Pangkal Pinang,Indonesia,1
Gozo,Malta,1
Buka Island,Papua New Guinea,1
North Ronaldsay,United Kingdom,1
Karlstad,Sweden,1
El Real,Panama,1
Union Island,Saint Vincent and the Grenadines,1
Eskissehir,Turkey,1
St. Augustine Airport,United States,1
Nikolayev,Ukraine,1
Kobuk,United States,1
South Indian Lake,Canada,1
Cross Lake,Canada,1
Parauapebas,Brazil,1
Aguni,Japan,1
Sharona,Afghanistan,1
Wau,Sudan,1
Praya,Indonesia,1
St. George's,Grenada,1
Cruz Bay,Virgin Islands,1
Bothwell,United Kingdom,1
Croton-on-Hudson,United States,1
Westbury,United States,1
Ludwigslust,Germany,1
Anegada,British Virgin Islands,1
Stehekin,United States,1
Vjaz'ma,Russia,1
Victoria,Seychelles,1
LUX South Ari Atoll,Maldives,1
Rote Ndao Regency,Indonesia,1
Prien am Chiemsee,Germany,1
Ammendorf,Germany,1
Egilsstadir,Iceland,1
Batsfjord,Norway,1
Kleinsee,South Africa,1
Tommy's Field,South Africa,1
Witbank,South Africa,1
Ouesso,Congo (Kinshasa),1
Kitona Base,Congo (Kinshasa),1
Gran Canaria,Spain,1
Al Hociema,Morocco,1
Clermont-Ferrand,France,1
Etain,France,1
La Roche-sur-yon,France,1
Agrinion,Greece,1
Tirgu Mures,Romania,1
Golfito,Costa Rica,1
Gualeguaychu,Argentina,1
Maraba,Brazil,1
Dzhambul,Kazakhstan,1
Rajahmundry,India,1
Tachilek,Burma,1
Kona,United States,1
Brownsville,United States,1
Palanga,Lithuania,1
Rach Gia,Vietnam,1
Muan,South Korea,1
Vitória Da Conquista,Brazil,1
Nalchik,Russia,1
Lago Agrio,Ecuador,1
Mus,Turkey,1
Catalina Island,United States,1
Funchal Madeira,Portugal,1
Carrollton,United States,1
Kirkland Lake,Canada,1
Zephyrhills,United States,1
Cuidad del Carmen,Mexico,1
Puttgarden,Germany,1
Apollo Bay,Australia,1
Atherton,United States,1
Nadunumu,Papua New Guinea,1
Skadovsk,Ukraine,1
WOLEAI,Micronesia,1
Jinchuan,China,1
Lauterbach-Wernges,Germany,1
Montigny-le-Bretonneux,France,1
Alby,Sweden,1
Zermatt,Switzerland,1
Achiet,France,1
Pond Inlet,Canada,1
Resolute,Canada,1
Zarzaitine,Algeria,1
Bizerte,Tunisia,1
Kufra,Libya,1
Bari,Italy,1
Port Antonio,Jamaica,1
Tikehau,French Polynesia,1
Mazar-i-sharif,Afghanistan,1
Birjand,Iran,1
Tres Arroyos,Argentina,1
Palmarito,Venezuela,1
Bhubaneswar,India,1
Mary Esther,United States,1
Haikou,China,1
Newcastle,Australia,1
Ciudad Guayana,Venezuela,1
Thorshofn,Iceland,1
Værøy,Norway,1
Stanley,Falkland Islands,1
Nordhausen,Germany,1
Cessnock,Australia,1
Yaroslavl,Russia,1
Franca,Brazil,1
Dujiangyan,China,1
Geelong,Australia,1
Baraboo,United States,1
Walkersville,United States,1
Stranraer,United Kingdom,1
Mpanda,Tanzania,1
Acklington,United Kingdom,1
Durham,United Kingdom,1
Cootamundra,Australia,1
Guangning,China,1
Vamizi island,Mozambique,1
Moyogalpa,Nicaragua,1
Gandria,Switzerland,1
Burley,United States,1
Groom Lake,United States,1
Sunchon,North Korea,1
Abcoude,Netherlands,1
Fregon,Australia,1
Stockaryd,Sweden,1
Vindeln,Sweden,1
Gallarate,Italy,1
Hull,United Kingdom,1
Furstenberg,Germany,1
Grodno,Belarus,1
Maiduguri,Nigeria,1
Ostend,Belgium,1
Floro,Norway,1
Haugesund,Norway,1
Shapaja,Poland,1
Ronneby,Sweden,1
Maio,Cape Verde,1
Aswan,Egypt,1
Portimao,Portugal,1
Mexico City,Mexico,1
Aomori,Japan,1
Juiz De Fora,Brazil,1
Opolu,United States,1
Burbank,United States,1
Plattsburgh,United States,1
Al Bakr,Iraq,1
Uranium City,Canada,1
Webequie,Canada,1
Miles City,United States,1
Puerto Barrios,Guatemala,1
Lamap,Vanuatu,1
Dera Ismael Khan,Pakistan,1
Yiwu,China,1
Zhoushan,China,1
Niederoeblarn,Austria,1
Panorama,Canada,1
Wanigela,Papua New Guinea,1
Provo,United States,1
Butaritari,Kiribati,1
Bembridge,United Kingdom,1
Leuterschach,Germany,1
Beccles,United Kingdom,1
Kasongo,Congo (Kinshasa),1
Eden Prairie,United States,1
Yerbogachen,Russia,1
Atherton,Australia,1
Azinhaga do Ribatejo,Portugal,1
Rizhao,China,1
Centralia,Canada,1
Key Lake,Canada,1
Zanesville,United States,1
Qayyarah,Iraq,1
Michendorf,Germany,1
Prenzlau,Germany,1
Sand Springs,United States,1
Clarenville,Canada,1
Luckenwalde,Germany,1
Ravenna,Italy,1
Fredericia,Denmark,1
Relizane,Algeria,1
Laghouat,Algeria,1
Ivalo,Finland,1
Kuusamo,Finland,1
Ocana,Spain,1
Cap Haitien,Haiti,1
Lifou,New Caledonia,1
Petrolina,Brazil,1
Rio Grande,Brazil,1
Isla Rey Jorge,Antarctica,1
Barrancabermeja,Colombia,1
Tumbes,Peru,1
Alor Setar,Malaysia,1
Tamworth,Australia,1
Whidbey Island,United States,1
Sanford,United States,1
Kaadedhdhoo,Maldives,1
Usinsk,Russia,1
Qaanaaq,Greenland,1
Waskaganish,Canada,1
Carriacou Island,Grenada,1
Santa Rosa,Brazil,1
Nadym,Russia,1
Jinzhou,China,1
Aaa,Maldives,1
Deering,United States,1
East Glacier,United States,1
Vologda,Russia,1
Holland,United States,1
N.Nilandhoo Atoll,Maldives,1
Hope Bay,Canada,1
Poplar Bluff,United States,1
Roper Bar,Australia,1
Lewa Downs,Kenya,1
Delamere Range,Australia,1
Cambria,United States,1
Khanidanda,Nepal,1
Placida,United States,1
Menlo Park,United States,1
Welwyn Garden City,United Kingdom,1
Clayfield,Australia,1
Karimunjawa,Indonesia,1
Far Rockaway,United States,1
Platja dAro,Spain,1
Cahul,Moldova,1
Villa Maria,Argentina,1
Gentilly,France,1
Evergreen,United States,1
Flomaton,United States,1
Urzhar,Kazakhstan,1
Yambol,Bulgaria,1
Repulse Bay,Canada,1
Paderborn,Germany,1
Cazaux,France,1
Montauban,France,1
Le Puy,France,1
Roanne,France,1
Trapani,Italy,1
Cagliari,Italy,1
Jalalabad,Afghanistan,1
Gassim,Saudi Arabia,1
Coyhaique,Chile,1
Manizales,Colombia,1
Moquegua,Peru,1
Dehra Dun,India,1
Houlton,United States,1
Taplejung,Nepal,1
Liberal,United States,1
Anapa,Russia,1
Papa Westray,United Kingdom,1
Mohed,Sweden,1
Kamishly,Syria,1
Maracay,Venezuela,1
Coconut Island,Australia,1
Normanton,Australia,1
Yam Island,Australia,1
Beihai,China,1
Riverton WY,United States,1
Nezhitino,Russia,1
Copperhead,United States,1
GOETSENHOVEN,Belgium,1
Brusselton,Australia,1
Sungai Penuh,Indonesia,1
Coeur d'Alene,United States,1
Lviv,Ukraine,1
Bermeo,Spain,1
ELLIOT LAKE,Canada,1
Chelsea,United States,1
Abu Rudeis,Egypt,1
San Cristobal de las Casas,Mexico,1
Yongle,China,1
Kruiningen,Netherlands,1
Alushta,Ukraine,1
Gooise Meren,Netherlands,1
Brady,United States,1
Mc Comb,United States,1
Mengnai,China,1
Minden,Germany,1
Warnitz,Germany,1
Germantown,United States,1
CONSELVAN,Brazil,1
Khanbogd,Mongolia,1
PEDRAS NEGRAS,Brazil,1
,Bahamas,1
,China,1
Atikokan,Canada,1
Gore Bay,Canada,1
Lappeenranta,Finland,1
Pointe-noire,Congo (Brazzaville),1
Bolzano,Italy,1
Ronchi De Legionari,Italy,1
Emmen,Switzerland,1
Minatitlan,Mexico,1
Bluefields,Nicaragua,1
Leon,Nicaragua,1
Otu,Colombia,1
Pitalito,Colombia,1
Bokaro,India,1
Vientiane,Laos,1
Phitsanulok,Thailand,1
Hunter Aaf,United States,1
Nevsehir,Turkey,1
Sanya,China,1
Cedar Rapids,United States,1
Aniwa,Vanuatu,1
Vorkuta,Russia,1
Chandragarhi,Nepal,1
Grand Canyon West,United States,1
Salar de Uyuni,Bolivia,1
Telefomin,Papua New Guinea,1
Elfin Cove,United States,1
Akhiok,United States,1
Grayling,United States,1
Lewa,Kenya,1
Sveagruva,Svalbard,1
Ponta Delgada Acores,Portugal,1
Brampton,Canada,1
Karlshoefen,Germany,1
Tununak,United States,1
Norwood,United States,1
Nagaur,India,1
Bingol,Turkey,1
Soria,Spain,1
Bleaker Island,Falkland Islands,1
Roosendaal,Netherlands,1
Sanyi,Taiwan,1
Wahoo,United States,1
BIMBA,Australia,1
Kerch,Russia,1
Eureka,United States,1
Bressaucourt-Porrentruy,Switzerland,1
Walddrehna,Germany,1
Kobok,Indonesia,1
San Juan Capistrano,United States,1
Leominster,United States,1
Sanana,Indonesia,1
Wewak,Papua New Guinea,1
Watson Lake,Canada,1
Joensuu,Finland,1
Tromso,Norway,1
Agadir,Morocco,1
Tirana,Albania,1
Limoges,France,1
Megido Airstrip,Israel,1
Torreon,Mexico,1
Staniel Cay,Bahamas,1
Hastings,New Zealand,1
Sarakhs,Iran,1
Gwadar,Pakistan,1
Oioiapoque,Brazil,1
Cali,Colombia,1
Padang Sidempuan,Indonesia,1
Maroochydore,Australia,1
Nyuang U,Burma,1
Blackall,Australia,1
Aur Atoll,Marshall Islands,1
Bathurst,Australia,1
Mabuiag Island,Australia,1
Ilam,Iran,1
Alabaster,United States,1
Songo Songo Island,Tanzania,1
East Tawas,United States,1
Kulik Lake,United States,1
Palm Beach Gardens,United States,1
Chiasso,Switzerland,1
Melak,Indonesia,1
Hechi,China,1
Arlesey,United Kingdom,1
Simi Valley,United States,1
Versailles,France,1
Topolobampo,Mexico,1
Dunsmuir CA,United States,1
Osby,Sweden,1
Farasan,Saudi Arabia,1
Pscheveny,Czech Republic,1
Ystad,Sweden,1
Campbell Bay,India,1
MACHADINHO D'OESTE,Brazil,1
Kostomuksha,Russia,1
Melitopol,Ukraine,1
Forestville,Canada,1
Pudasjarvi,Finland,1
Brienne-le Chateau,France,1
Brest,France,1
Andravida,Greece,1
Foggia,Italy,1
Miyazaki,Japan,1
Castilho,Brazil,1
Quevedo,Ecuador,1
Pereira,Colombia,1
Purnea,India,1
Nabire,Indonesia,1
Jayapura,Indonesia,1
Grants,United States,1
Myrtle Beach,United States,1
Pembina,United States,1
Chico,United States,1
Fort Leavenworth,United States,1
Makkovik,Canada,1
Svolvær,Norway,1
Silver City,United States,1
Ramingining,Australia,1
Chadron,United States,1
Hollis,United States,1
Huesca,Spain,1
Zaranj,Afghanistan,1
Layang Layang Atoll,Malaysia,1
Bathurst Island,Australia,1
Machu Pichu,Peru,1
Kailua Kona Hawaii,United States,1
Francisco Beltrao,Brazil,1
Londolozi,South Africa,1
Wellington,United States,1
New Carrollton,United States,1
Eufala,United States,1
Prominent Hill,Australia,1
Bryson City,United States,1
Regina,French Guiana,1
Fengyuan,Taiwan,1
Tianzhong,Taiwan,1
Hayes,United Kingdom,1
Feira de Santana,Brazil,1
Colma,United States,1
Balashov,Russia,1
Vanadzor,Armenia,1
Grjazi,Russia,1
Razsk,Russia,1
Benton,United States,1
Tiraspol,Moldova,1
Kiwirrkurra,Australia,1
Moshi,Tanzania,1
Sylt,Germany,1
Valkaria,United States,1
Summerside,Canada,1
Samedan,Switzerland,1
Waiouru,New Zealand,1
Jamnagar,India,1
Chisasibi,Canada,1
Lakeba Island,Fiji,1
Obo,Papua New Guinea,1
Cartago,Colombia,1
Bugulma,Russia,1
Guwahati,India,1
Laut Island,Indonesia,1
Worcester,United States,1
Belize,Belize,1
Navoi,Uzbekistan,1
Shimla,India,1
Sleetmute,United States,1
Dell,United States,1
Shigatse,China,1
Portoferrario,Italy,1
Likoma Island,Malawi,1
Mattoon,United States,1
Winnsboro,United States,1
Dunbar,United Kingdom,1
Wisconsin Dells,United States,1
Santa Severa,Italy,1
Floriano,Brazil,1
La Secuita,Spain,1
Angero-Sudgensk,Russia,1
Mikun',Russia,1
La Grande-4,Canada,1
Kannas,Finland,1
Schusheskoje,Russia,1
Touggourt,Algeria,1
Calabar,Nigeria,1
Oberpfaffenhofen,Germany,1
Northolt,United Kingdom,1
Kalixfors,Sweden,1
Makokou,Gabon,1
Marrupa,Mozambique,1
Marrakech,Morocco,1
Nouakschott,Mauritania,1
Laval,France,1
Luxeuil,France,1
Chah Bahar,Iran,1
Monbetsu,Japan,1
Ribeirao Preto,Brazil,1
Taura,Ecuador,1
Barquisimeto,Venezuela,1
Tanjung Pandan,Indonesia,1
Nicholson Peninsula,Canada,1
Shire Indasilase,Ethiopia,1
Gamba,Gabon,1
Corvo,Portugal,1
Rafsanjan,Iran,1
Guangyuan,China,1
Harlesiel,Germany,1
False Pass,United States,1
Orpheus Island,Australia,1
Santa Monica,United States,1
Phillip Island,Australia,1
Christmas Valley,United States,1
Elizabethton,United States,1
Bajura,Nepal,1
Port Oceanic,United States,1
Edgewater,United States,1
Biggleswade,United Kingdom,1
Leuven,Belgium,1
Seinajoki,Finland,1
Ringsted,Denmark,1
Wadeye,Australia,1
Ridgely,United States,1
Denali NP,United States,1
Cape Crawford,Australia,1
Taian,China,1
Amos,Canada,1
Mariental,Namibia,1
La Dorada,Colombia,1
Kipelovo,Russia,1
Mango,Togo,1
Lage Zwaluwe,Netherlands,1
Skutskar,Sweden,1
Rensselaer,United States,1
Bulolo,Papua New Guinea,1
Weiden am See Blaue Gans,Austria,1
Broughton Island,Canada,1
Yamoussoukro,Cote d'Ivoire,1
Lakenheath,United Kingdom,1
Manihi,French Polynesia,1
Porto Velho,Brazil,1
Chillan,Chile,1
Volgograd,Russia,1
Myeik,Burma,1
Billings,United States,1
Funafuti,Tuvalu,1
Kogalym,Russia,1
Chibougamau,Canada,1
Pierre,United States,1
Saranac Lake,United States,1
Long Banga,Malaysia,1
Vieques Island,Puerto Rico,1
Punta Gorda,United States,1
Wolf Point,United States,1
Huai An,China,1
Recklinghausen,Germany,1
Fitzgerald,United States,1
Bosschenhoofd,Netherlands,1
Cacador,Brazil,1
Lichtenwalde,Germany,1
Portovenere,Italy,1
Nizhny Novgorod,Russia,1
Thoothukudi,India,1
Atambua,Indonesia,1
Saguenay,Canada,1
Vlorë,Albania,1
Carti Islands,Panama,1
ARIQUEMES,Brazil,1
Bale-Mulhouse-Freiburg,France,1
Silly,Belgium,1
Stephenville,Canada,1
St. John's,Canada,1
Bou Sfer,Algeria,1
Sint-truiden,Belgium,1
Wellesbourne,United Kingdom,1
Graaff Reinet,South Africa,1
Mutoko,Zimbabwe,1
Cufar,Guinea-Bissau,1
Mombasa,Kenya,1
Osijek,Croatia,1
Bourg,France,1
Coulommiers,France,1
Iguazu Falls,Argentina,1
Buenaventura,Colombia,1
Loei,Thailand,1
Putao,Burma,1
Redstone,United States,1
Northway,United States,1
Goldsboro,United States,1
PADUCAH,United States,1
Phu Quoc,Vietnam,1
Victoria,United States,1
Savaii Island,Samoa,1
Lençóis,Brazil,1
La Pedrera,Colombia,1
Nizhnekamsk,Russia,1
Kwigillingok,United States,1
Kangiqsujuaq,Canada,1
Livingston-Montana,United States,1
Laduani,Suriname,1
Brawdy,United Kingdom,1
Kingcome,Canada,1
Frederick,United States,1
Stykkisholmur,Iceland,1
Amstetten,Austria,1
Fuji,Japan,1
Skagit,United States,1
Sasaram,India,1
Innaarsuit,Greenland,1
Jeypore,India,1
Waiheke Island,New Zealand,1
Arathusa,South Africa,1
Aabenraa,Denmark,1
Nadzab,Papua New Guinea,1
Port Moresby,Papua New Guinea,1
Schefferville,Canada,1
Prince Albert,Canada,1
Regina,Canada,1
Ursel,Belgium,1
Ornskoldsvik,Sweden,1
Isiro,Congo (Kinshasa),1
Kisumu,Kenya,1
Pontarlier,France,1
Brindisi,Italy,1
Prerov,Czech Republic,1
Meiringen,Switzerland,1
Pachuca,Mexico,1
Puka Puka,French Polynesia,1
Hao Island,French Polynesia,1
Rafha,Saudi Arabia,1
Mafraq,Jordan,1
Aleppo,Syria,1
Pelotas,Brazil,1
Ibarra,Ecuador,1
Puerto Esperanza,Peru,1
Lilabari,India,1
Pyay,Burma,1
Boise,United States,1
Farmington,United States,1
Bimini,Bahamas,1
Wunnumin Lake,Canada,1
Nandayure,Costa Rica,1
Apataki,French Polynesia,1
Wipim,Papua New Guinea,1
Kotlas,Russia,1
Sumbawa Island,Indonesia,1
Albany,Australia,1
Cunnamulla,Australia,1
Marion,United States,1
Bendigo,Australia,1
Wales,United States,1
ZAPALA,Argentina,1
Yuba City,United States,1
Seneca Falls,United States,1
Cross City,United States,1
Seymchan,Russia,1
Fort de France,Martinique,1
Saint Pierre,Martinique,1
Cesky Krumlov,Czech Republic,1
Okmulgee,United States,1
Kao,Indonesia,1
OURHOUD,Algeria,1
Camdenton,United States,1
Jelenia Gora,Poland,1
Watsonville,United States,1
Port Arthur,Australia,1
Kodari,Nepal,1
Port Campbell,Australia,1
Unterluss,Germany,1
Borkum,Germany,1
Cognac,France,1
Stefanovikion,Greece,1
Viseu,Portugal,1
Elazig,Turkey,1
Nausori,Fiji,1
Wakkanai,Japan,1
Chita,Russia,1
Wamena,Indonesia,1
Windsor Locks,United States,1
Sandy Lake,Canada,1
Iginniarfik,Greenland,1
Sayun Intl,Yemen,1
Hubli,India,1
Nazran,Russia,1
Kangra,India,1
Rosecrans,United States,1
Mezen,Russia,1
WERL,Germany,1
Blankenburg,Germany,1
Upland,United States,1
Great Lakes,United States,1
Langhagen,Germany,1
Parker,United States,1
Schwaebisch Hall,Germany,1
Touho,New Caledonia,1
Girardot,Colombia,1
Cumana,Venezuela,1
Kyaukpyu,Burma,1
Blythe,United States,1
Port Hope Simpson,Canada,1
Papa Stour,United Kingdom,1
Ruegen,Germany,1
Buckland,United States,1
Annai,Guyana,1
Simbai,Papua New Guinea,1
Huaorani,Ecuador,1
Rochester,United Kingdom,1
Kratie,Cambodia,1
Lekki,Nigeria,1
Piramida,Svalbard,1
Ekibastuz,Kazakhstan,1
Dearborn,United States,1
Clarksville,United Arab Emirates,1
Kamsar,Guinea,1
Grand Cache,Canada,1
Tampa Bay,United States,1
Gaspra,Russia,1
Kirchweyhe,Germany,1
Dumfries,United States,1
Fretin,France,1
Floersheim am Main,Germany,1
Geçitkale,Cyprus,1
Linton-on-ouse,United Kingdom,1
Anderstorp,Sweden,1
Ouvea,New Caledonia,1
Rasht,Iran,1
Joinville,Brazil,1
Chapacura,Bolivia,1
Kemorovo,Russia,1
Bhuj,India,1
Smithfield,United States,1
Erbil,Iraq,1
WATTON,United Kingdom,1
North Spirit Lake,Canada,1
Essadouira,Morocco,1
Norsup,Vanuatu,1
Futuna Island,Vanuatu,1
Basco,Philippines,1
Chokurdah,Russia,1
Leonora,Australia,1
Bahia Tortugas,Mexico,1
Toyooka,Japan,1
Ventura,United States,1
Cloudbreak,Australia,1
Deer Is,Canada,1
Gulf of Mexico - Noble Sam Croft,United States,1
La Spezia,Italy,1
Centralia,United States,1
Tikrit,Iraq,1
Kamyshin,Russia,1
La Loupe,France,1
Rzepin,Poland,1
Weinsberg,Germany,1
Kidal,Mali,1
North Queens Ferry,United Kingdom,1
Bovanenkovo,Russia,1
Kenebetsu,Japan,1
Rostov-on-Don,Russia,1
Fort Resolution,Canada,1
Speyer,Germany,1
Sao Tome,Sao Tome and Principe,1
Le Castellet,France,1
Alghero,Italy,1
Namest,Czech Republic,1
Braganca,Portugal,1
Finca 10,Costa Rica,1
Kohnan,Japan,1
Puerto Deseado,Argentina,1
Machala,Ecuador,1
Valencia,Venezuela,1
Lanai,United States,1
Unalaska,United States,1
Stokmarknes,Norway,1
Aupaluk,Canada,1
Majkin,Marshall Islands,1
Kalbarri,Australia,1
Dibrugarh,India,1
Cherkassy,Ukraine,1
Xi\'AN,China,1
Steamboat Springs,United States,1
Deputatsky,Russia,1
Dikson,Russia,1
Hasselt,Belgium,1
Leikanger,Norway,1
Dublin,United States,1
Erenhot,China,1
Carstairs,United Kingdom,1
La Grand'Combe,France,1
Sublette,United States,1
Bridport,Australia,1
Innamincka,Australia,1
Sumbe,Angola,1
Soltsy,Russia,1
Izumi,Japan,1
Rangsdorf,Germany,1
Baldwin,United States,1
Saint-Mars-la-Briere,France,1
AMPA6,Brunei,1
Wangi-wangi,Indonesia,1
Garrison,United States,1
Hergenrath,Belgium,1
St. Jean,Canada,1
Sachs Harbour,Canada,1
Kapuskasing,Canada,1
Bobo-dioulasso,Burkina Faso,1
Biberach,Germany,1
Wittering,United Kingdom,1
Oujda,Morocco,1
Dire Dawa,Ethiopia,1
Dongola,Sudan,1
Guiscriff-scaer,France,1
Tortoli,Italy,1
Kerikeri,New Zealand,1
Ramsar,Iran,1
Nawabshah,Pakistan,1
Yokota,Japan,1
Santiago Del Estero,Argentina,1
Leticia,Colombia,1
Savannakhet,Laos,1
Taiyuan,China,1
Cedar City,United States,1
Isfahan,Iran,1
Ozamis,Philippines,1
Sármellék,Hungary,1
Hyderabad,Pakistan,1
Dayong,China,1
Hanzhong,China,1
Angoon,United States,1
Morawa,Australia,1
Stuart,United States,1
Bad Oeynhausen,Germany,1
Morrisville,United States,1
Newcastle,Ireland,1
Gualala,United States,1
Taximo,Russia,1
Ulleung,South Korea,1
Hagenow,Germany,1
Wilpena,Australia,1
Castello de la Plana,Spain,1
Oldenburg in Holstein,Germany,1
Highland Gardens,United States,1
Mount Olive,United States,1
Hermitage,United States,1
Eisenhuettenstadt,Germany,1
Fuerstenfeldbruck,Germany,1
Agen,France,1
Le Luc,France,1
Port-au-prince,Haiti,1
Takapoto,French Polynesia,1
Rotorua,New Zealand,1
Arak,Iran,1
Nakashibetsu,Japan,1
Ashiya,Japan,1
El Dorado,Argentina,1
Canefield,Dominica,1
Rostov,Russia,1
Sochi,Russia,1
Sembawang,Singapore,1
Bangor,United States,1
Deadhorse,United States,1
Rancho Murieta,United States,1
Durango,United States,1
Semarang,Indonesia,1
Telluride,United States,1
Richmond Heights,United States,1
Fort Wayne IN,United States,1
Norway House,Canada,1
Arua,Uganda,1
Niuatoputapu,Tonga,1
Nukus,Uzbekistan,1
Narrandera,Australia,1
Winton,Australia,1
DWEST,Germany,1
Greenland Ice Cap,Greenland,1
Punitz-Guessing,Austria,1
Neustadt-Glewe,Germany,1
Camopi,French Guiana,1
Blue Canyon,United States,1
Southold,United States,1
Morpeth,United Kingdom,1
Busto Arsizio,Italy,1
Caceres,Brazil,1
Vancouver WA,United States,1
Gelnhausen,Germany,1
Comayagua,Honduras,1
Belen,United States,1
Ambikapur,India,1
Vaerlose,Denmark,1
Skukuza,South Africa,1
Er-rachidia,Morocco,1
Dahra,Libya,1
Dinard,France,1
Ovda,Israel,1
Malta,Malta,1
Saltillo,Mexico,1
Parnaiba,Brazil,1
Bakshi Ka Talab,India,1
Biratnagar,Nepal,1
Ninbo,China,1
Cirebon,Indonesia,1
Traverse City,United States,1
Novy Urengoy,Russia,1
Chesterfield Inlet,Canada,1
St. Theresa Point,Canada,1
Torsby,Sweden,1
Hiva-oa,French Polynesia,1
Bharatpur,Nepal,1
Linyi,China,1
Yakutat,United States,1
Branson,United States,1
Kissimmee,United States,1
Lago Posadas,Argentina,1
Hasenmoor,Germany,1
Brilon,Germany,1
Lone Rock,United States,1
El Merk,Algeria,1
Playa del Carmen,Mexico,1
Chinchilla,Australia,1
Naduri,Papua New Guinea,1
Hurtsbourne Tarrant,United Kingdom,1
Naushki,Russia,1
Old Saybrook,United States,1
Holyhead,United Kingdom,1
Polonnaruwa Town,Sri Lanka,1
Tracy,United States,1
Brooke,United States,1
Pikienkondre of Miranda,Suriname,1
Buli,Indonesia,1
Djugerari,Australia,1
Ekwok,United States,1
Woodward,United States,1
Timmins,Canada,1
Norman Wells,Canada,1
Scampton,United Kingdom,1
Malmoe,Sweden,1
Hede,Sweden,1
Queenstown,South Africa,1
Culiacan,Mexico,1
Ahwaz,Iran,1
Okayama,Japan,1
Uberaba,Brazil,1
Rancagua,Chile,1
Popayan,Colombia,1
Gwalior,India,1
Heho,Burma,1
Barrow,United States,1
Selma,United States,1
Ivujivik,Canada,1
Round Lake,Canada,1
Atbara,Sudan,1
Calbayog City,Philippines,1
Zhezkazgan,Kazakhstan,1
Cauayan,Philippines,1
Cashel,Ireland,1
Debre Tabor,Ethiopia,1
Mattala,Sri Lanka,1
Barentsburg,Svalbard,1
Nxabega,Botswana,1
L Etete,Canada,1
Le Creusot,France,1
Le Bourget,France,1
Orehoved,Denmark,1
Ikela,Congo (Kinshasa),1
Leaf Rapids,Canada,1
Carbondale/Murphysboro,United States,1
Grossbeeren,Germany,1
Wiesloch-Walldorf,Germany,1
Moriusaq,Greenland,1
Jalingo,Nigeria,1
Alta Floresta D'Oeste,Brazil,1
Ubach-Palenberg,Germany,1
Haubourdin,France,1
Cambridge Bay,Canada,1
Armstrong,Canada,1
Hasvik,Norway,1
Jwaneng,Botswana,1
Tiko,Cameroon,1
Beaune,France,1
Gaziantep,Turkey,1
Changuinola,Panama,1
Fasa,Iran,1
Tame,Colombia,1
La Orchila,Venezuela,1
San Fernando De Apure,Venezuela,1
Gomel,Belarus,1
Surin,Thailand,1
Dili,East Timor,1
Tatalina,United States,1
Emerald,Australia,1
Franklin,United States,1
Sanikiluaq,Canada,1
Oranjemund,Namibia,1
Dera Ghazi Khan,Pakistan,1
Walvis Bay,Namibia,1
Kangia,Greenland,1
Montrose CO,United States,1
Craig,United States,1
Paloemeu,Suriname,1
Ulawa,Solomon Islands,1
Mamitupo,Panama,1
Monywa,Burma,1
Black Tickle,Canada,1
Stormville,United States,1
Stevens Point,United States,1
Pastaza,Ecuador,1
Sulawesi Tenggara,Indonesia,1
Markovo,Russia,1
Donauwoerth,Germany,1
Cushing,United States,1
River Ranch,United States,1
New London,United States,1
Etmaddoula,India,1
Solingen,Germany,1
Björkvik,Sweden,1
Busigny,France,1
Miltzow,Germany,1
Oyo,Congo (Brazzaville),1
Poeketi,Suriname,1
Mukhaizna,Oman,1
Madang,Papua New Guinea,1
Fredericton,Canada,1
Cottesmore,United Kingdom,1
Tutuka,South Africa,1
Bulawayo,Zimbabwe,1
Kaolack,Senegal,1
Constanta,Romania,1
San Antonio De Banos,Cuba,1
Kiritimati,Kiribati,1
Nawapara,India,1
Andersen,United States,1
Montpelier,United States,1
Baudette,United States,1
Sumter,United States,1
Yogyakarta,Indonesia,1
Bissau,Guinea-Bissau,1
Sanga Sanga,Philippines,1
Blackwater,Australia,1
Simao,China,1
Ramechhap,Nepal,1
Guarapuava,Brazil,1
Stepanakert,Azerbaijan,1
Nannhausen,Germany,1
Keekorok,Kenya,1
Arctic Bay,Canada,1
Anoka,United States,1
Sir Bani Yas Island,United Arab Emirates,1
Dhidhoofinolhu Island,Maldives,1
Lombard,United States,1
Schwarzenbek,Germany,1
Achinsk,Russia,1
Aldea,Spain,1
Lemforde,Germany,1
Fort Washington,United States,1
Nyirripi,Australia,1
Ibo Island,Mozambique,1
Angostura CP,Trinidad and Tobago,1
Ilorin,Nigeria,1
Brueckeburg,Germany,1
Aubenas-vals-lanas,France,1
Marina Di Campo,Italy,1
Pristina,Serbia,1
Huatulco,Mexico,1
Jacobsbad,Pakistan,1
Tsuiki,Japan,1
Sado,Japan,1
Vilhena,Brazil,1
Santo Domingo,Ecuador,1
Rajshahi,Bangladesh,1
Jammu,India,1
Luang Namtha,Laos,1
Jomsom,Nepal,1
Moro,Papua New Guinea,1
Club Makokola,Malawi,1
Trinidad,Cuba,1
Andros,Bahamas,1
Kubin,Australia,1
Saibai Island,Australia,1
Egegik,United States,1
Acandi,Colombia,1
Enejit,Marshall Islands,1
Tifton,United States,1
Grube,Germany,1
Yarram,Australia,1
Pom Pom,Botswana,1
Coatesville,United States,1
Holland Landing,Canada,1
Luxembourg City,Luxembourg,1
Chizhou,China,1
Pasighat,India,1
Woodside,United States,1
Xingtai,China,1
Mullheim,Germany,1
Poplar River,Canada,1
Nijverdal,Netherlands,1
Middleton,United States,1
Budaoers,Hungary,1
Santa Ynez,United States,1
Rangiora,New Zealand,1
Tienen,Belgium,1
Natashquan,Canada,1
Fort Smith,Canada,1
Leeming,United Kingdom,1
Bisho,South Africa,1
Lichinga,Mozambique,1
St. Louis,Senegal,1
Seo De Urgel,Spain,1
Aubigny-sur-nere,France,1
Megara,Greece,1
Oaxaca,Mexico,1
Petroline 3,Saudi Arabia,1
Lamerd,Iran,1
Minami Tori Shima,Japan,1
Makhachkala,Russia,1
Xichang,China,1
Waingapu,Indonesia,1
Manhattan,United States,1
Redding,United States,1
Hoquiam,United States,1
Bonthe,Sierra Leone,1
Tabora,Tanzania,1
Namorik Atoll,Marshall Islands,1
Yakutia,Russia,1
Igiugig,United States,1
Breves,Brazil,1
Bougouni,Mali,1
Savut,Botswana,1
Humaita,Brazil,1
Wawa,Canada,1
Reykjahlid,Iceland,1
Sandtoft,United Kingdom,1
Hitchin,United Kingdom,1
Glen Park,United States,1
EL MERK,Algeria,1
Melo,Uruguay,1
King George Island,Antarctica,1
Coimbra,Portugal,1
Daggett,United States,1
Saattut,Greenland,1
Sao Raimundo Nonato,Brazil,1
Wattisham,United Kingdom,1
Rheine-brentlange,Germany,1
Mocimboa Da Praia,Mozambique,1
Tombouctou,Mali,1
Monte Real,Portugal,1
Siirt,Turkey,1
Piedras Negras,Mexico,1
Zamora,Mexico,1
Timaru,New Zealand,1
Golbandi,Iran,1
Kinmen,Taiwan,1
Oruro,Bolivia,1
San Felipe,Venezuela,1
Basse Terre,Saint Kitts and Nevis,1
Along,India,1
Pathankot,India,1
Cherry Point,United States,1
Khon Kaen,Thailand,1
Sindal,Denmark,1
Syros Island,Greece,1
Pucon,Chile,1
Julia Creek,Australia,1
Kuqa,China,1
Crooked Creek,United States,1
Little Grand Rapids,Canada,1
Isla San Felix,Chile,1
Wipperfuerth,Germany,1
Deva,Romania,1
Tuskegee,United States,1
Enstone,United Kingdom,1
Kramatorsk,Ukraine,1
Gothenburg,Sweden,1
Hanmer Springs,New Zealand,1
Rubzvsk,Russia,1
Kwara Camp,Botswana,1
Bartenheim,France,1
Elsterwerda,Germany,1
Wayne,United States,1
Stockerau,Austria,1
Dulce,United States,1
Bauchi,Nigeria,1
Angul,India,1
Puteaux,France,1
Osnabruek,Germany,1
Tamale,Ghana,1
Zoersel,Belgium,1
Waddington,United Kingdom,1
Zielona Gora,Poland,1
Lilongwe,Malawi,1
Royan,France,1
Arad,Romania,1
Santiago De Cuba,Cuba,1
Lingayen,Philippines,1
Vallenar,Chile,1
Tengah,Singapore,1
Kenai,United States,1
Honningsvag,Norway,1
Hayden,United States,1
Mouila,Gabon,1
Boca de Sábalo,Panama,1
St Mary's,United States,1
Frenchville,United States,1
Tamana,Kiribati,1
Broomfield-CO,United States,1
KIEV,Ukraine,1
Achutupo,Panama,1
Yengema,Sierra Leone,1
Cormorant Alpha,United Kingdom,1
Homa Bay,Kenya,1
Urgup,Turkey,1
Kastamonu,Turkey,1
Sallisaw,United States,1
El dorado springs,United States,1
Banyuwangi,Indonesia,1
Melrose Park,United States,1
Retford,United Kingdom,1
Zhaoqing,China,1
Konstanz,Germany,1
Abner Range - Lost City,Australia,1
Hillsdale,United States,1
Dęblin,Poland,1
Novi Ligure,Italy,1
Mannington Township,United States,1
Karamea,New Zealand,1
Kuopio,Finland,1
Shannon,Ireland,1
Okondja,Gabon,1
Nueva Gerona,Cuba,1
Cockburn Town,Bahamas,1
Nanki-shirahama,Japan,1
Guiuan,Philippines,1
Puerto Asis,Colombia,1
Ibague,Colombia,1
Raibarelli,India,1
Madras,India,1
Dover,United States,1
Belleville,United States,1
Concord NH,United States,1
Cartwright,Canada,1
Kumasi,Ghana,1
Leknes,Norway,1
Luderitz,Namibia,1
Rongelap Island,Marshall Islands,1
Olympic Dam,Australia,1
Dazhou,China,1
Amook Bay,United States,1
Colonia del Sacramento,Uruguay,1
Courtelary,Switzerland,1
Carauari,Brazil,1
Lukang,Taiwan,1
Eysk,Russia,1
Horley,United Kingdom,1
Buzios,Brazil,1
Katmai National Park,United States,1
Ijevan,Armenia,1
Rockville,United States,1
Bernau bei Berlin,Germany,1
Elgin,United Kingdom,1
PRIMAVERA DO LESTE,Brazil,1
Port Menier,Canada,1
Ibadan,Nigeria,1
Kramfors,Sweden,1
Wunstorf,Germany,1
Owando,Congo (Kinshasa),1
Charleville,France,1
Van,Turkey,1
Nuevo Laredo,Mexico,1
Woodbourne,New Zealand,1
Gachsaran,Iran,1
Muscat,Oman,1
Obihiro,Japan,1
Presidencia R.s.pena,Argentina,1
Aracatuba,Brazil,1
Vladivostok,Russia,1
Bareilly,India,1
Trivandrum,India,1
Kuantan,Malaysia,1
Twenty Nine Palms,United States,1
Tumling Tar,Nepal,1
Dolpa,Nepal,1
Palmas,Brazil,1
Namsos,Norway,1
Mucuri,Brazil,1
Doomadgee,Australia,1
Xilinhot,China,1
Sturgeon Bay,United States,1
Kasigluk,United States,1
Chalkyitsik,United States,1
Alapadu,Suriname,1
Jebel Ali Golf Resort,United Arab Emirates,1
Rinteln,Germany,1
Washington County,United States,1
Sao Felix do Xingu,Brazil,1
Dover,United Kingdom,1
108 Mile Ranch,Canada,1
Queensbury,United States,1
Mount Vernon,United States,1
Albion,Australia,1
Wustermark,Germany,1
Cedarhurst,United States,1
Huettenbusch,Germany,1
Astorp,Sweden,1
Newtonville,United States,1
Tobolsk,Russia,1
Caloundra,Australia,1
Anholt,Denmark,1
Bully-les-Mines,France,1
Satenas,Sweden,1
Pretoria,South Africa,1
Axum,Ethiopia,1
Masjed Soleiman,Iran,1
Yamaguchi,Japan,1
Abakan,Russia,1
Saidpur,Bangladesh,1
Kota,India,1
Lanywa,Burma,1
Avalon,Australia,1
Ogdensburg,United States,1
Springfield VT,United States,1
Mocamedes,Angola,1
Vanua Balavu,Fiji,1
Krivoy Rog,Ukraine,1
Talang Gudang-Sumatra Island,Indonesia,1
Les Saintes,Guadeloupe,1
Orange,Australia,1
Santa Lucia,Peru,1
Unalakleet,United States,1
Kwethluk,United States,1
Bentota,Sri Lanka,1
Treuchtlingen,Germany,1
Trois Rivieres,Canada,1
Hola,Kenya,1
Waupaca,United States,1
Cafayate,Argentina,1
Heli 1,United States,1
Widdrington,United Kingdom,1
Bowen Hills,Australia,1
Helper UT,United States,1
Avery,United States,1
Jaguaruna,Brazil,1
Landquart,Switzerland,1
Kozushima,Japan,1
West Melton,New Zealand,1
Tsave East,Kenya,1
Fort Chipewyan,Canada,1
Tlemcen,Algeria,1
Sidi Bel Abbes,Algeria,1
Lalibella,Ethiopia,1
Vesoul-frotey,France,1
Laboulaye,Argentina,1
Sibolga,Indonesia,1
Fort Hood,United States,1
Muang Xay,Laos,1
Ilebo,Congo (Kinshasa),1
Puerto Jimenez,Costa Rica,1
Cloncurry,Australia,1
Windorah,Australia,1
Red Sucker Lake,Canada,1
Rainbow Lake,Canada,1
Longyan,China,1
Hamilton,Australia,1
SZEGED,Hungary,1
Kozyrevsk,Russia,1
Dambwa - Livingstone,Zambia,1
Positano,Italy,1
North Wilkesboro,United States,1
Oak Island,United States,1
Yangmei,Taiwan,1
Drem,United Kingdom,1
Tottenham,Australia,1
Frooba,Faroe Islands,1
Moss Vale,Australia,1
Lehrte,Germany,1
Zaozhuang,China,1
Zug,Switzerland,1
Gross Kiesow,Germany,1
Savsjo,Sweden,1
Ljusdal,Sweden,1
Iola,United States,1
Noida,India,1
Teixeira de Freitas,Brazil,1
Matlock,United Kingdom,1
Raha,Indonesia,1
Kirkja,Faroe Islands,1
Ambilobe,Madagascar,1
St.-flour,France,1
Cholet,France,1
Lanyu,Taiwan,1
Tucupita,Venezuela,1
Port Huron,United States,1
Fort Knox,United States,1
White Sands,United States,1
Nizhniy Novgorod,Russia,1
Balikesir Korfez,Turkey,1
Colón,Panama,1
Gatokae,Solomon Islands,1
St-François,Guadeloupe,1
St George,Australia,1
Boulder City,United States,1
Ormoc City,Philippines,1
Hydaburg,United States,1
Kitoi Bay,United States,1
Ingeniero Jacobacci,Argentina,1
Khmeinitskiy,Ukraine,1
Churchville,United States,1
Ust-Tsylma,Russia,1
Bodaibo,Russia,1
Fostoria,United States,1
Haliburton,Canada,1
OYMYAKON,Russia,1
Saluda,United States,1
Sighisoara,Romania,1
Grossenhain,Germany,1
Qingsheng,China,1
Oulainen,Finland,1
Arxan,China,1
Tukums,Latvia,1
Vinaros,Spain,1
Deepwater,United States,1
Dannenwalde,Germany,1
Glen Lyon FPSO,United Kingdom,1
Ranoke,Canada,1
Monguno,Nigeria,1
Sainghin-en-Weppes,France,1
Medewitz,Germany,1
Sydney,Canada,1
Nummela,Finland,1
Halfpenny Green,United Kingdom,1
Porto Amboim,Angola,1
Auch,France,1
Sparti,Greece,1
Iskenderun,Turkey,1
Gibraltar,Gibraltar,1
Zanjan,Iran,1
Point Salines,Grenada,1
Carnicobar,India,1
Ataq,Yemen,1
Ratanakiri,Cambodia,1
Bearskin Lake,Canada,1
Ilford,Canada,1
Swan River,Canada,1
Port-de-Paix,Haiti,1
Moyo,Uganda,1
Lipetsk,Russia,1
Dawei,Burma,1
Paetz,Germany,1
Lympne,United Kingdom,1
Ternopol,Ukraine,1
Inisheer,Ireland,1
Baykit,Russia,1
Bowling Green,United States,1
Hondo,United States,1
Welzow,Germany,1
Pedricktown,United States,1
Tern,United Kingdom,1
Mauterndorf,Austria,1
Akeno,Japan,1
Bungoma,Kenya,1
New Lenox,United States,1
Doylestown,United States,1
Coondewanna,Australia,1
Highwood,United States,1
Guymon,United States,1
Salem OR,United States,1
Bassum,Germany,1
Carrizozo,United States,1
Batu Islands,Indonesia,1
Gitega,Burundi,1
Sugapa-Papua Island,Indonesia,1
Vilshofen,Germany,1
Rantasalmi,Finland,1
Bournemouth,United Kingdom,1
Maputo,Mozambique,1
Santa Cruz De La Palma,Spain,1
Landivisiau,France,1
Cascais,Portugal,1
Jebel Dhana,United Arab Emirates,1
San Carlos De Bariloche,Argentina,1
Arica,Chile,1
Udon Thani,Thailand,1
Milton,United States,1
San Nicolas Island,United States,1
Chandler,United States,1
Appleton,United States,1
Cyclades Islands,Greece,1
Paros,Greece,1
La Gomera,Spain,1
Nanchong,China,1
Grafton,Australia,1
Lake Geneva,United States,1
Nelson Lagoon,United States,1
Kitgum,Uganda,1
Price,United States,1
Sankt Michaelisdonn,Germany,1
Reichenbach im Kandertal,Switzerland,1
Brampton Island,Australia,1
Waris-Papua Island,Indonesia,1
Ventimiglia,Italy,1
Halhjem,Norway,1
El Monte,United States,1
Nappanee,United States,1
Sakura,Japan,1
Jinshan,China,1
Sydenham,Australia,1
Magas,Russia,1
Vuktyl,Russia,1
Taltal,Chile,1
Mt Liebig,Australia,1
Rye,United States,1
Rudersdorf,Germany,1
Stratford,Canada,1
Birnin Kebbi,Nigeria,1
Bentwisch,Germany,1
Kauhajoki,Finland,1
Orebro,Sweden,1
Kasompe,Zambia,1
Karonga,Malawi,1
Alexandria,Greece,1
El-baha,Saudi Arabia,1
Ulsan,South Korea,1
Armenia,Colombia,1
Donetsk,Ukraine,1
Thimphu,Bhutan,1
Lubbock,United States,1
Tangerang,Indonesia,1
Beihan,Yemen,1
Redmond-Bend,United States,1
Baghdad,Iraq,1
Sedona,United States,1
Orsta-Volda,Norway,1
Tête-à-la-Baleine,Canada,1
Galcaio,Somalia,1
Lokichoggio,Kenya,1
Pocatello,United States,1
Cocos Keeling Island,Cocos (Keeling) Islands,1
Mount Keith,Australia,1
Bokepyin,Burma,1
Lucas do Rio Verde,Brazil,1
Destin,United States,1
Biessenhofen,Germany,1
Easton,United States,1
Vinnitsa,Ukraine,1
Velikiye Luki,Russia,1
Balkanabat,Turkmenistan,1
Tynda,Russia,1
Granada,Nicaragua,1
Placerville,United States,1
Yongphulla,Bhutan,1
Erkner,Germany,1
Alnmouth,United Kingdom,1
Borroloola,Australia,1
Shah Deniz,Azerbaijan,1
Chemult OR,United States,1
Hamlet,United States,1
Woltersdorf,Georgia,1
Novgorod,Russia,1
North Weald,United Kingdom,1
Thessaloniki,Greece,1
Podgorica,Montenegro,1
David,Panama,1
Viedma,Argentina,1
Quibdo,Colombia,1
Aguadilla,Puerto Rico,1
Hilo,United States,1
Annette Island,United States,1
Huron,United States,1
Zuni Pueblo,United States,1
Belo sur Tsiribihina,Madagascar,1
Malindi,Kenya,1
Adiyaman,Turkey,1
Yoshkar-Ola,Russia,1
Loikaw,Burma,1
Atqasuk,United States,1
Apatity,Russia,1
Mardin,Turkey,1
Sege,Solomon Islands,1
Faro,Sweden,1
Monte Plata,Dominican Republic,1
Airok,Marshall Islands,1
Kineshma,Russia,1
Vancouver BC,Canada,1
Ocean Reef Club Airport,United States,1
Lynden,United States,1
Whitsunday Island,Australia,1
Grand-Santi,French Guiana,1
Marmul,Oman,1
Hazleton,United States,1
Bekily,Madagascar,1
Ragged Island,Bahamas,1
Holmsk,Russia,1
Ellaidhoo,Maldives,1
Kakegawa,Japan,1
Kampala,Uganda,1
Bolsherech'e,Russia,1
Casale Monferrato,Italy,1
Jakabszallas,Hungary,1
Xian,China,1
Oissel,France,1
Anse,France,1
Villefranche-sur-Saone,France,1
Slave Lake,Canada,1
Boufarik,Algeria,1
Ech-cheliff,Algeria,1
Parchim,Germany,1
Margate,South Africa,1
Analalava,Madagascar,1
Bandoundu,Congo (Kinshasa),1
Corte,France,1
Nyirregyhaza,Hungary,1
Punta Penasco,Mexico,1
Treasure Cay,Bahamas,1
Stella Maris,Bahamas,1
Tucurui,Brazil,1
Uruguaiana,Brazil,1
Iberia,Peru,1
Yuzhno-sakhalinsk,Russia,1
Magnetiogorsk,Russia,1
Jaffna,Sri Lanka,1
Mazuffarpur,India,1
Koulamoutou,Gabon,1
Yverdon-Les-Bains,Switzerland,1
Claris,New Zealand,1
Chefornak,United States,1
Marathon,United States,1
Boundary Bay,Canada,1
Savona,Italy,1
Ye,Burma,1
Oldenburg,Germany,1
Newtok,United States,1
Bamberg,United States,1
Walker Bay,Antarctica,1
Crystal River,United States,1
Danyang,China,1
Vila Rica,Brazil,1
Kupjansk,Ukraine,1
Dulkaninna,Australia,1
Diemen,Netherlands,1
Piper Bravo,United Kingdom,1
St. mary's,Canada,1
Beamsville,Canada,1
Tristan da Cunha,United Kingdom,1
Rosny-sur-Seine,France,1
Steigra,Germany,1
Red Deer Industrial,Canada,1
Greytown,South Africa,1
Bir Moghrein,Mauritania,1
Naivasha,Kenya,1
El Carmen,Costa Rica,1
Rangiroa,French Polynesia,1
Jubail,Saudi Arabia,1
Nagasaki,Japan,1
Amami,Japan,1
Valle De La Pascua,Venezuela,1
Nizhnevartovsk,Russia,1
Kulu,India,1
Kaneohe Bay,United States,1
Evansville,United States,1
Bar Harbor,United States,1
Ballalae,Solomon Islands,1
Koggala,Sri Lanka,1
Lord Howe Island,Australia,1
Liuzhou,China,1
Krems,Austria,1
Evensk,Russia,1
Latur,India,1
Duncan,United States,1
Ittoqqortoormiit,Greenland,1
Pine Mountain,United States,1
Mira Flores,Colombia,1
Middletown,United States,1
Devil Island,Antarctica,1
Solomon,Australia,1
Ylivieska,Finland,1
Drumheller,Canada,1
Narbonne,France,1
Pikwitonei,Canada,1
Vilyuisk,Russia,1
Cary,United States,1
Sunnyside,United States,1
Salisbury,United Kingdom,1
Odienne,Cote d'Ivoire,1
Miners Bay,Canada,1
Baicheng,China,1
Larantuka,Indonesia,1
Rapa Iti,French Polynesia,1
Maradi,Niger,1
Diffa,Niger,1
Stadtlohn,Germany,1
Andoya,Norway,1
Lubango,Angola,1
Tetouan,Morocco,1
Nevers,France,1
Panama,Panama,1
Tabas,Iran,1
Valledupar,Colombia,1
Tacna,Peru,1
Tanjore,India,1
Anisakan,Burma,1
Robinson,United States,1
La Tabatière,Canada,1
Nain,Canada,1
Long Apung-Borneo Island,Indonesia,1
Jiamusi,China,1
Jefferson City,United States,1
Finsterwalde,Germany,1
Nondalton,United States,1
Postville,Canada,1
Aykhal,Russia,1
Lae,Marshall Islands,1
Janesville,United States,1
Novato,United States,1
Amherst MA,United States,1
Bursa,Turkey,1
Melonguane,Indonesia,1
Kill Bear,Canada,1
Sant Cugat del Valles,Spain,1
Izumisano,Japan,1
Hazel Crest,United States,1
Wonsan,North Korea,1
Enterprise,United States,1
Celestat,France,1
Taroom,Australia,1
Jēkabpils,Latvia,1
Nieuw-Vennep,Netherlands,1
Golssen,Germany,1
Munster-Hiltrup,Germany,1
Holmsveden,Sweden,1
Yonkers,United States,1
Seclin,France,1
Muehlhausen,Germany,1
Bata,Equatorial Guinea,1
Bakel,Senegal,1
Joigny,France,1
Lannion,France,1
Nea Anghialos,Greece,1
Limon,Costa Rica,1
Florida,Cuba,1
Kosrae,Micronesia,1
Jhunju,South Korea,1
San Luis,Argentina,1
Ciudad Bolivar,Venezuela,1
Sittwe,Burma,1
Kahului,United States,1
Wallops Island,United States,1
Cotulla,United States,1
York Landing,Canada,1
Kili Island,Marshall Islands,1
Puerto Leguízamo,Colombia,1
Khanabad,Uzbekistan,1
Birdsville,Australia,1
Kirkuk,Iraq,1
Karluk,United States,1
Mykines,Faroe Islands,1
Fond du Lac,United States,1
Kangding,China,1
Culebrita,Puerto Rico,1
The Rock,Australia,1
Horsham,Australia,1
Amsterndam,Netherlands,1
Baodi,China,1
Biesenthal,Germany,1
Gagny,France,1
Brewster,United States,1
Martensdorf,Germany,1
Lilly Beach Huvahendhoo,Maldives,1
Oebisfelde,Germany,1
Isortoq,Greenland,1
Shihezi,China,1
Musikot Khalanga,Nepal,1
Lloydminster,Canada,1
Sudbury,Canada,1
Spence Bay,Canada,1
Varkaus,Finland,1
Lydd,United Kingdom,1
Casement,Ireland,1
Southdowns,Zambia,1
Zadar,Croatia,1
Forli,Italy,1
Puerto Escondido,Mexico,1
Nosara Beach,Costa Rica,1
Al-ahsa,Saudi Arabia,1
Sakon Nakhon,Thailand,1
Wichita Falls,United States,1
Idaho Falls,United States,1
Hoskins,Papua New Guinea,1
Ambryn Island,Vanuatu,1
Sulaymaniyah,Iraq,1
Nuku,Papua New Guinea,1
Namangan,Uzbekistan,1
Wuyishan,China,1
Point Hope,United States,1
Wadi Halfa,Sudan,1
Belleville,Canada,1
Khwai River,Botswana,1
Beloyarsky,Russia,1
Port alsworth,United States,1
Killarney,Ireland,1
Phnom Penh,Cambodia,1
Arsvagen,Norway,1
Mount Samat,Philippines,1
Pinery,Canada,1
Blacks Harbour,Canada,1
Grove,United States,1
Ichikawa,Japan,1
Kronshtadt,Russia,1
Owen Sound,Canada,1
Palana,Russia,1
Vilamendhu,Maldives,1
Ukkusissat,Greenland,1
Bonnieres-sur-Seine,France,1
Prestwick,United Kingdom,1
Kedougou,Senegal,1
Angouleme,France,1
Maribor,Slovenia,1
Ciudad Del Carmen,Mexico,1
Santa Clara,Costa Rica,1
Mariquita,Colombia,1
Keshod,India,1
Coff's Harbour,Australia,1
Ubon Ratchathani,Thailand,1
Hodeidah,Yemen,1
Rumjatar,Nepal,1
Fort Albany,Canada,1
Ondangwa,Namibia,1
Balakovo,Russia,1
Nepalgunj,Nepal,1
Kuparuk,United States,1
Rerrenabaque,Bolivia,1
Kherson,Ukraine,1
SARATOGA,United States,1
Noboribetsu,Japan,1
Oberwolfach,Germany,1
Aranyaprathet,Thailand,1
Copacabana,Bolivia,1
Cuverville Island,Antarctica,1
Rakkestad,Norway,1
Liberty,United States,1
Arnoldstein,Austria,1
Trinidad,United States,1
Carluke,United Kingdom,1
North Berwick,United Kingdom,1
Stapleford,United Kingdom,1
Oberschleissheim,Germany,1
Atami,Japan,1
Rubelsanto,Guatemala,1
Chandauli,India,1
Forchheim,Germany,1
Palmwag,Namibia,1
Flippin,United States,1
Magdalena,United States,1
Upernavik Kujalleq,Greenland,1
Jagdalpur,India,1
Kayes,Mali,1
Villeneuve-sur-lot,France,1
Tegucigalpa,Honduras,1
Santa Lucia,Cuba,1
Tabiteuea North,Kiribati,1
Asahikawa,Japan,1
Chile Chico,Chile,1
Osorno,Chile,1
Santa Rosa,Ecuador,1
Thandwe,Burma,1
Galena,United States,1
Ilulissat,Greenland,1
Caldas Novas,Brazil,1
Nakina,Canada,1
Ambatondrazaka,Madagascar,1
Arthur's Town,Bahamas,1
Losuia,Papua New Guinea,1
Lopez,United States,1
Long Bawan-Borneo Island,Indonesia,1
Cobar,Australia,1
Mount Hotham,Australia,1
Myvatn,Iceland,1
Niau,French Polynesia,1
Rimouski,Canada,1
Maturaca,Brazil,1
Nikunau,Kiribati,1
Oneonta,United States,1
Big Bear,United States,1
Amberg,Germany,1
Tiputini,Ecuador,1
Varberg,Sweden,1
Maplewood,United States,1
Zaysan,Kazakhstan,1
Dear Is Point,Canada,1
Wyandanch,United States,1
Doncaster,United Kingdom,1
Usti nad Labem,Czech Republic,1
Knebworth,United Kingdom,1
Juara,Brazil,1
Naumburg,Germany,1
Deniliquin,Australia,1
Sandiaoling,Taiwan,1
Knivsta,Sweden,1
Trevose,United States,1
Upper Merion Township,United States,1
Lepetane,Montenegro,1
Lake Baringo,Kenya,1
Boven Digoel,Indonesia,1
Uzyn,Ukraine,1
Zutendaal,Belgium,1
Alderney,Guernsey,1
Kimberley,South Africa,1
Eldoret,Kenya,1
Gioia Del Colle,Italy,1
Gisborne,New Zealand,1
Omidyeh,Iran,1
Kwangju,South Korea,1
Santa Rosa,Argentina,1
Obidos Tirios,Brazil,1
Iquique,Chile,1
Cuddapah,India,1
Ternate,Indonesia,1
Simpang,Malaysia,1
Pyongyang,North Korea,1
Fort Ord,United States,1
Lake Charles,United States,1
Sioux City,United States,1
Cheyenne,United States,1
Maumere,Indonesia,1
Kupang,Indonesia,1
Sanaa,Yemen,1
Sangafa,Vanuatu,1
Mildura,Australia,1
Paxos,Greece,1
Solio,Kenya,1
Gotland,Sweden,1
Placencia,Belize,1
LaFayette,United States,1
Kapolei,United States,1
Sheboygan,United States,1
Tetiaroa,French Polynesia,1
Peach Springs,United States,1
Tadjoura,Djibouti,1
Zwijndrecht,Netherlands,1
Albion,United States,1
Quakertown,United States,1
Atlantic Ocean,United States,1
Ie,Japan,1
Russelsheim,Germany,1
Chichmhi,India,1
Taos,United States,1
Borger,United States,1
Philipsburg,United States,1
Marken - Limpopo,South Africa,1
Romaneche-Thorin,France,1
Mikkeli,Finland,1
Klerksdorp,South Africa,1
Toliara,Madagascar,1
Castres,France,1
Aurillac,France,1
Grottaglie,Italy,1
Maupiti,French Polynesia,1
Dunedin,New Zealand,1
Ras Al Khaimah,United Arab Emirates,1
Fernando Do Noronha,Brazil,1
Sao Gabriel,Brazil,1
San Jose Del Guaviare,Colombia,1
Cayenne,French Guiana,1
Fort Richardson,United States,1
Yuma,United States,1
Trat,Thailand,1
Khamti,Burma,1
Fort Stockton,United States,1
Vineyard Haven MA,United States,1
Ballina Byron Bay,Australia,1
Alor Island,Indonesia,1
Long Seridan,Malaysia,1
Spencer,United States,1
Ankeny,United States,1
Nikolai,United States,1
Bildudalur,Iceland,1
Ocean Isle Beach,United States,1
Lockport,United States,1
Bend,United States,1
Pembroke,Canada,1
Hilton Head Island,United States,1
Swans Island,United States,1
St. Ignace MI,United States,1
Pooncarie,Australia,1
Anshan,China,1
Council Bluffs,United States,1
Line Lexington,United States,1
Nordborg,Denmark,1
W Retreat and Spa,Maldives,1
Karanambo,Guyana,1
Upala,Costa Rica,1
Tocopilla,Chile,1
Cranberry Township,United States,1
Cranbrook,Canada,1
Tartu,Estonia,1
Leuchars,United Kingdom,1
Fianarantsoa,Madagascar,1
Cameri,Italy,1
Sivrihisar,Turkey,1
Akhisar,Turkey,1
Los Mochis,Mexico,1
Andersen,Guam,1
Longtang,Taiwan,1
Shimofusa,Japan,1
Mamburao,Philippines,1
Chelyabinsk,Russia,1
Harrison,United States,1
Mineral Wells,United States,1
Catumbela,Angola,1
"Angaha, Niuafo'ou Island",Tonga,1
Newman,Australia,1
La Fortuna/San Carlos,Costa Rica,1
St. Marys,United States,1
Iturup Island,Russia,1
Nova Iguacu,Brazil,1
Glenwood Springs,United States,1
Patos de Minas,Brazil,1
Concordia,Brazil,1
Roseau,Dominica,1
Morogoro,Tanzania,1
Post Office,Ecuador,1
Paracatu,Brazil,1
Melchow,Germany,1
Chilly-Mazarin,France,1
Birkenwerder,Germany,1
Tezu,India,1
Maisons-Laffitte,France,1
Burwash,Canada,1
Hanko,Finland,1
Hagshult,Sweden,1
Hohn,Germany,1
Plaisance,Mauritius,1
Ocseny,Hungary,1
Buenos Aires,Costa Rica,1
Clarence Bain,Bahamas,1
Port-vila,Vanuatu,1
King Khalid Mil.city,Saudi Arabia,1
Zabol,Iran,1
Cheju,South Korea,1
Suwon,South Korea,1
Merida,Venezuela,1
Lhok Sukon,Indonesia,1
Point Mugu,United States,1
Kingsville,United States,1
Palmdale,United States,1
Sugar Land,United States,1
Berlevag,Norway,1
Tuscaloosa AL,United States,1
Lourdes-De-Blanc-Sablon,Canada,1
Fond-Du-Lac,Canada,1
Guemar,Algeria,1
Grand Bourg,Guadeloupe,1
Vinh,Vietnam,1
Sand Point,United States,1
Allakaket,United States,1
Mackinac Island,United States,1
Kirensk,Russia,1
Colonia Sarmiento,Argentina,1
Los Alamos,United States,1
Grootfontein,Namibia,1
Soldotna,United States,1
Angleton,United States,1
Vanino,Russia,1
Guangming,China,1
Andalusia,United States,1
Navi Mumbai,India,1
Baitz,Germany,1
Laskowice,Poland,1
Kilafors,Sweden,1
Tughlakabad,India,1
Ovoot Tolgoi,Mongolia,1
Vahitahi,French Polynesia,1
Kirkjubaejarklaustur,Iceland,1
Douai,France,1
Coppermine,Canada,1
Khartoum,Sudan,1
Kecskemet,Hungary,1
Ohrid,Macedonia,1
Hanamaki,Japan,1
Paso De Los Libres,Argentina,1
General Pico,Argentina,1
Tumeremo,Venezuela,1
Blagoveschensk,Russia,1
Limbang,Malaysia,1
Palacios,United States,1
Taraken,Indonesia,1
Ceuta,Spain,1
Jabor Jaluit Atoll,Marshall Islands,1
Contadora Island,Panama,1
Saransk,Russia,1
Griffith,Australia,1
St-Augustin,Canada,1
Russian Mission,United States,1
South Aari Atoll,Maldives,1
Prospect Creek,United States,1
New Philadelpha,United States,1
Slate Falls,Canada,1
Yabuli Town,China,1
Nittenau,Germany,1
St Andre,Reunion,1
Brookneal,United States,1
Lynn,United States,1
Fiumicino,Italy,1
Green Square,Australia,1
Wunsdorf,Germany,1
Puerto Ayora,Ecuador,1
Maasvlakte,Netherlands,1
Tarko-Sale,Russia,1
Rayak,Lebanon,1
Zheleznogorsk-Ilimsky,Russia,1
Puttaparthi,India,1
Ludwigshafen Rhein,Germany,1
Jarna,Sweden,1
Hergiswil,Switzerland,1
Mackeyville,United States,1
Kalmar,Sweden,1
Statesboro,United States,1
Ihtiman,Bulgaria,1
Mount Airy,United States,1
Andaman Sea,Thailand,1
Nukutavake,French Polynesia,1
Seward Peninsula,United States,1
Skjolden,Norway,1
Nordragota,Faroe Islands,1
Grossbrembach,Germany,1
Padua,Italy,1
Riesa,Germany,1
Meinerzhagen,Germany,1
Armari Air Force Base,Estonia,1
Lycksele,Sweden,1
Bafoussam,Cameroon,1
Pamiers,France,1
Ancenis,France,1
Morelia,Mexico,1
Kish Island,Iran,1
Hachijojima,Japan,1
Kalibo,Philippines,1
El Palomar,Argentina,1
Fuerte Gral Roca,Argentina,1
Km-192,Ecuador,1
Barinas,Venezuela,1
St. Thomas,Virgin Islands,1
Mcalester,United States,1
Al Ghaidah Intl,Yemen,1
Surkhet,Nepal,1
Missoula,United States,1
Aklavik,Canada,1
Nantong,China,1
Cheboksary,Russia,1
Golmud,China,1
Hami,China,1
Geiranger,Norway,1
Red Devil,United States,1
Sarteneja,Belize,1
Totness,Suriname,1
Awasa,Ethiopia,1
Olenyok,Russia,1
Brasov,Romania,1
Fort Payne,United States,1
Botucatu,Brazil,1
Alameda,United States,1
Essex,Canada,1
Kolosovka,Russia,1
New Hyde Park,United States,1
Fuvahmulah,Maldives,1
Mauregard,France,1
Omarama,New Zealand,1
Skuvoy,Faroe Islands,1
Albany OR,United States,1
Keystone,United States,1
Epernon,France,1
Sankt-Augustin,Germany,1
Ponta Grossa,Brazil,1
Waremme,Belgium,1
Vleuten,Netherlands,1
,Venezuela,1
Estevan,Canada,1
Alert,Canada,1
Mayo,Canada,1
Quujjuaq,Canada,1
Eggenfelden,Germany,1
Cosford,United Kingdom,1
Mendig,Germany,1
Brazzaville,Congo (Brazzaville),1
Besalampy,Madagascar,1
Tarbes,France,1
Porto Santo,Portugal,1
Tanegashima,Japan,1
Puerto Montt,Chile,1
Puerto Suarez,Bolivia,1
Iquitos,Peru,1
Calabozo,Venezuela,1
Ko Samui,Thailand,1
Wink,United States,1
Tyler,United States,1
Ambanja,Madagascar,1
Dalbandin,Pakistan,1
Merimbula,Australia,1
McCarthy,United States,1
Pendleton,United States,1
El Daein,Sudan,1
Kuria,Kiribati,1
Mysore,India,1
Manitouwadge,Canada,1
Wyndham,Australia,1
Notsch Im Gailtal,Austria,1
Duxford,United Kingdom,1
Manassas,United States,1
Newhaven,United Kingdom,1
White Head Is,Canada,1
Ngala,South Africa,1
Amersfoort,Netherlands,1
Pirna,Germany,1
Castaway Cay,Bahamas,1
Norfolk  Nebraska,United States,1
North Pole,Norway,1
FAIS,Micronesia,1
Tudela,Spain,1
Syke,Germany,1
Cadenazzo,Switzerland,1
Doris Lake,Canada,1
Kangersuatsiaq,Greenland,1
Narsaq Kujalleq,Greenland,1
Kamenz,Germany,1
Moenchengladbach,Germany,1
Leer,Germany,1
Upington,South Africa,1
Mananara,Madagascar,1
Luanda,Angola,1
Zella 74,Libya,1
Mimizan,France,1
Moulins,France,1
Cassagnes-beghones,France,1
Melun,France,1
Altenrhein,Switzerland,1
Manzanillo,Mexico,1
San Juan,Argentina,1
Ayolas,Paraguay,1
Aizwal,India,1
Ujung Pandang,Indonesia,1
Green Bay,United States,1
Chiang Rai,Thailand,1
Flint,United States,1
Medford,United States,1
Weeze,Germany,1
Aktau,Kazakhstan,1
Diu,India,1
Bradford,United States,1
Termez,Uzbekistan,1
Minto,United States,1
Barcelos,Brazil,1
Silver Springs,United States,1
Zhongli,Taiwan,1
Ruaha National Park,Tanzania,1
Gryphon FPSO,United Kingdom,1
Miyajimaguchi,Japan,1
West Goshen Township,United States,1
Independence,Belize,1
Goldthwaite,United States,1
Katoomba,Australia,1
Chapel Hill,United States,1
Thun,Switzerland,1
Kensington,Australia,1
Jakar,Bhutan,1
Salmon Arm,Canada,1
Gangshan,Taiwan,1
Ahrensburg,Germany,1
Sissach,Switzerland,1
Chatsworth,United States,1
Encarnacion,Paraguay,1
Toshima,Japan,1
Charlottesville,United States,1
Kirkwall,United Kingdom,1
Francistown,Botswana,1
Lubumashi,Congo (Kinshasa),1
Portoroz,Slovenia,1
San Andros,Bahamas,1
Mendoza,Argentina,1
Caravelas,Brazil,1
St.-georges Oyapock,French Guiana,1
Chandigarh,India,1
Phuquoc,Vietnam,1
Prosserpine,Australia,1
Cape Romanzof,United States,1
San Luis,United States,1
Casper,United States,1
Zuerich,Switzerland,1
Schneverdingen,Germany,1
Kashechewan,Canada,1
Gode,Ethiopia,1
Matei,Fiji,1
Necochea,Argentina,1
Chifeng,China,1
Qingyang,China,1
Point Roberts,United States,1
Orinduik,Guyana,1
Pitt Island,New Zealand,1
Phillips,United States,1
Musiara,Kenya,1
Bromont,Canada,1
Irvine,United States,1
Gniezno,Poland,1
Savu Island,Indonesia,1
Rennselaer,United States,1
St. James,United States,1
Musselburgh,United Kingdom,1
Juruena,Brazil,1
Rohrbach,Germany,1
Almhult,Sweden,1
Alvsbyn,Sweden,1
Sourthborough,United States,1
Rab,Croatia,1
Navajo Dam,United States,1
Sparta,United States,1
Madikwe,South Africa,1
COLNIZA,Brazil,1
Olare Motorogi Conservancy,Kenya,1
Bama,Nigeria,1
Husum,Germany,1
Weelde,Belgium,1
Garoua,Cameroon,1
Ouarzazate,Morocco,1
Gondar,Ethiopia,1
Kakamega,Kenya,1
Torino,Italy,1
Puerto Cabezas,Nicaragua,1
Howard,Panama,1
Bacolod,Philippines,1
Puerto Princesa,Philippines,1
Maringa,Brazil,1
Hewandorra,Saint Lucia,1
Agatti Island,India,1
Lampang,Thailand,1
Gulkana,United States,1
Fort Good Hope,Canada,1
Sisimiut,Greenland,1
Kingfisher Lake,Canada,1
Ängelholm,Sweden,1
Jiwani,Pakistan,1
El Vigía,Venezuela,1
Solovetsky Islands,Russia,1
Huay Xai,Laos,1
Sukhumi,Georgia,1
Niijima,Japan,1
Larsen Bay,United States,1
Olga Bay,United States,1
Kotlik,United States,1
Bird Island,Seychelles,1
Maidenhead,United Kingdom,1
Roche Harbor,United States,1
Lock Haven,United States,1
Stevenage,United Kingdom,1
Ivanhoe,Australia,1
Udine,Italy,1
Tommot,Russia,1
Algerciras,Spain,1
Mon,Denmark,1
Warruwi,Australia,1
Durham,United States,1
Aghstafa,Georgia,1
Oldenzaal,Netherlands,1
Stafford,United States,1
Port Jervis,United States,1
Lake Bled,Slovenia,1
Carrieres-sur-Seine,France,1
Clyde River,Canada,1
Ghriss,Algeria,1
Burg Feuerstein,Germany,1
Londonderry,United Kingdom,1
St. Athan,United Kingdom,1
Karup,Denmark,1
Bullocks Harbour,Bahamas,1
Ibaraki,Japan,1
Miho,Japan,1
Tottori,Japan,1
Hachinoe,Japan,1
Futaleufu,Chile,1
Zandery,Suriname,1
Kengtung,Burma,1
Fort Lewis,United States,1
Naha,Indonesia,1
Sharm El Sheikh,Egypt,1
Biloela,Australia,1
Vanimo,Papua New Guinea,1
Cajamarca,Peru,1
Elista,Russia,1
Luxi,China,1
Samburu South,Kenya,1
Stebbins,United States,1
Yakataga,United States,1
Pilot Station,United States,1
Lubang,Philippines,1
Findley,United States,1
Caldwell,United States,1
Winder,United States,1
Galion,United States,1
Qabala,Azerbaijan,1
Yankton,United States,1
Fort-de-France,Martinique,1
Corvallis,United States,1
Siem Reap,Cambodia,1
Phan Thiet,Vietnam,1
Welham Green,United Kingdom,1
East Boston,United States,1
Pointe-a-Pitre,Guadeloupe,1
Vommuli,Maldives,1
Tatarskaia,Russia,1
Ottumwa,United States,1
Surallah,Philippines,1
Bad Schandau,Germany,1
Attu,Greenland,1
Saint Pierre d'Oleron,France,1
Mangalore,Australia,1
Vestmannaeyjar,Iceland,1
Kleine Brogel,Belgium,1
Grafenwoehr,Germany,1
Bothaville,South Africa,1
Dakar,Senegal,1
Lins,Brazil,1
Passo Fundo,Brazil,1
Flores,Guatemala,1
Vopnafjörður,Iceland,1
Ghanzi,Botswana,1
Kigoma,Tanzania,1
Celaya,Mexico,1
Jalapa,Mexico,1
Valesdir,Vanuatu,1
Sialkot,Pakistan,1
Council,United States,1
Takotna,United States,1
Sinop,Brazil,1
Ecuvillens,Switzerland,1
Victoria Station British Columbia,Canada,1
Hornepayne,Canada,1
Raleigh,United States,1
Falkensee,Germany,1
St. Polten,Austria,1
Asansol,India,1
Albertslund,Denmark,1
Fortitude Valley,Australia,1
Kahemba,Congo (Kinshasa),1
Gorlovka,Ukraine,1
Goderich,Canada,1
Chelles,France,1
Aviemore,United Kingdom,1
COMODORO,Brazil,1
Bentiu,South Sudan,1
Jebel Dhanna,United Arab Emirates,1
Byaroza,Belarus,1
Coral Harbour,Canada,1
Dirkou,Niger,1
Mutare,Zimbabwe,1
Reus,Spain,1
Saanen,Switzerland,1
Muzaffarabad,Pakistan,1
Joao Pessoa,Brazil,1
Pasto,Colombia,1
Galoya,Sri Lanka,1
Dothan,United States,1
Quaqtaq,Canada,1
Paama Island,Vanuatu,1
Hooker Creek,Australia,1
Enshi,China,1
Dandong,China,1
Mekoryuk,United States,1
Noatak,United States,1
Qualicum Beach,Canada,1
Botopasi,Suriname,1
Villa Garzon,Colombia,1
Dickwella,Sri Lanka,1
Elenak,Marshall Islands,1
Fraser BC,Canada,1
Aiome,Papua New Guinea,1
Frya,Norway,1
Saint-Laurent-du-Maroni,French Guiana,1
Lashkar Gah,Afghanistan,1
Warnemuende,Germany,1
Mamuju,Indonesia,1
Cilaos,Reunion,1
Homewood,United States,1
Mughalsarai,India,1
Fez,Morocco,1
Huaiji,China,1
Lime Acres,South Africa,1
Key Largo,United States,1
Seafox 7 - Cygnus Bravo,United Kingdom,1
Questa,United States,1
Kantishna,United States,1
Florennes,Belgium,1
Saldanha,South Africa,1
Bahar Dar,Ethiopia,1
Mexicali,Mexico,1
Rosario,Argentina,1
Bellary,India,1
Lop Buri,Thailand,1
Point Cook,Australia,1
Buckley,United States,1
Oceana,United States,1
Angelsey,United Kingdom,1
Hot Springs,United States,1
New Rochelle,United States,1
Hohenems,Austria,1
Sabadell,Spain,1
Kerrville,United States,1
Brich Creek,United States,1
Visalia,United States,1
White Mountain,United States,1
Mokuti Lodge,Namibia,1
Covington,United States,1
Mali Losinj,Croatia,1
Kooddoo,Maldives,1
Kokonau,Indonesia,1
Wolfach,Germany,1
Almelo,Netherlands,1
Winthrop Harbor,United States,1
Petit-Croix,France,1
Swiebodzin,Poland,1
Klein Bunzow,Germany,1
Lammhult,Sweden,1
Schona,Czech Republic,1
San Clemente,United States,1
Waycross,United States,1
Naryn,Kyrgyzstan,1
Biache-Saint-Vaast,France,1
Saint-Germain-au-Mont-dOr,France,1
Sondrestrom,Greenland,1
Kemijarvi,Finland,1
Woodfort,United Kingdom,1
Pietermaritzburg,South Africa,1
Malabo,Equatorial Guinea,1
Beira,Mozambique,1
Tessalit,Mali,1
Perigueux,France,1
Cabo Rojo,Dominican Republic,1
Reynosa,Mexico,1
Mianwali,Pakistan,1
Chilecito,Argentina,1
Posadas,Argentina,1
Valdivia,Chile,1
Agartala,India,1
Hickory,United States,1
Calexico,United States,1
Noyabrsk,Russia,1
Sandane,Norway,1
Gove,Australia,1
Parsabad,Iran,1
Thief River Falls,United States,1
Saravena,Colombia,1
Guanambi,Brazil,1
Enkheluk,Russia,1
Ofu,American Samoa,1
Cadiz,Spain,1
Gorno-Altaysk,Russia,1
Fairoaks,United Kingdom,1
Neko Harbor,Antarctica,1
Herning,Denmark,1
Ocean Shores,United States,1
Tuzla,Romania,1
Tokaj,Hungary,1
Asaba,Nigeria,1
Narashino,Japan,1
Wolli Creek,Australia,1
Guntersville,United States,1
Bay City,United States,1
Greymouth,New Zealand,1
Artigas,Uruguay,1
La Courneuve,France,1
Pontebba,Italy,1
,South Korea,1
Thule,Greenland,1
Fort Simpson,Canada,1
Turweston,United Kingdom,1
Skien,Norway,1
Halmstad,Sweden,1
Roth,Germany,1
George,South Africa,1
Figari,France,1
Chalons,France,1
Pantelleria,Italy,1
Yalova,Turkey,1
Manila,Philippines,1
San Juan De Los Morros,Venezuela,1
Aktyubinsk,Kazakhstan,1
Jaisalmer,India,1
Millville,United States,1
Dong Hoi,Vietnam,1
Jumla,Nepal,1
Nemiscau,Canada,1
Grand Island,United States,1
Atiu Island,Cook Islands,1
Fukushima,Japan,1
Kokshetau,Kazakhstan,1
Oakey,Australia,1
Luzhou,China,1
Ringi Cove,Solomon Islands,1
South Naknek,United States,1
Port Bailey,United States,1
Noorvik,United States,1
Mosul,Iraq,1
Soderhamn,Sweden,1
Mormugao,India,1
Anshun,China,1
Fulong,Taiwan,1
Gagarin,Russia,1
Chanute,United States,1
Hurth,Germany,1
Chaville,France,1
Cooperstown,United States,1
Gelbensande,Germany,1
Pelee,Canada,1
Val D'or,Canada,1
Akure,Nigeria,1
Vaasa,Finland,1
Lorient,France,1
Trabzon,Turkey,1
Varadero,Cuba,1
Vava'u,Tonga,1
Kanoya,Japan,1
La Julia,Ecuador,1
Ipiales,Colombia,1
Canouan Island,Saint Vincent and the Grenadines,1
Janakpur,Nepal,1
Sorong,Indonesia,1
Miramar,United States,1
Bush Field,United States,1
Seronera,Tanzania,1
Karaganda,Kazakhstan,1
Forde,Norway,1
Auki,Solomon Islands,1
El Aaiún,Western Sahara,1
Roxana,Costa Rica,1
Tongoa Island,Vanuatu,1
Mexia,United States,1
Koliganek,United States,1
Twin Hills,United States,1
Delta,United States,1
Farila,Sweden,1
Osterhofen Niederbayern,Germany,1
RADOM,Poland,1
Burns,United States,1
Saulieu,France,1
Venlo,Netherlands,1
Eupen,Belgium,1
Tarentum,United States,1
Stillwater,United States,1
St. Neots,United Kingdom,1
Ubatuba,Brazil,1
Kagi,Papua New Guinea,1
Valparaiso IN,United States,1
Zgorzelec,Poland,1
Calatayud,Spain,1
Nipawin,Canada,1
Blue River,Canada,1
Talca,Chile,1
Borne,Netherlands,1
Bohmte,Germany,1
Ducherow,Germany,1
Vannas,Sweden,1
Englishtown,United States,1
WEST BEND,United States,1
North Sea,United Kingdom,1
East Lansing,United States,1
Muskoka,Canada,1
Gusau,Nigeria,1
Caen,France,1
Chilpancingo,Mexico,1
Santiago,Panama,1
Hafr Al-batin,Saudi Arabia,1
Wejh,Saudi Arabia,1
Sao Jose Do Rio Preto,Brazil,1
Acarigua,Venezuela,1
Pattaya,Thailand,1
Balikpapan,Indonesia,1
Niigata,Japan,1
Lac Du Bonnet,Canada,1
Worland,United States,1
Juazeiro Do Norte,Brazil,1
Kurgan,Russia,1
Geraldton,Australia,1
Strymba,Moldova,1
Teller,United States,1
Havre-Saint-Pierre,Canada,1
Khost,Afghanistan,1
Zelienople,United States,1
Ramona,United States,1
Pomalaa,Indonesia,1
Niagra Falls,Canada,1
Isla Culebrita,Puerto Rico,1
Golden Glades,United States,1
Akaa,Finland,1
Hengyang,China,1
Shirakawa-go,Japan,1
Tres Esquinas,Colombia,1
Medjumbe Island,Mozambique,1
Quatermaster Canyon,United States,1
Otjiwarongo,Namibia,1
Surrey,Canada,1
Siorapaluk,Greenland,1
Lieusaint,France,1
Patreksfjordur,Iceland,1
Comox,Canada,1
Vohemar,Madagascar,1
Mananjary,Madagascar,1
Boa Vista,Cape Verde,1
Valenciennes,France,1
Miquelon,Saint Pierre and Miquelon,1
Queenstown International,New Zealand,1
Whangarei,New Zealand,1
Hofu,Japan,1
San Rafael,Argentina,1
Villa Reynolds,Argentina,1
Porto Nacional,Brazil,1
Magangue,Colombia,1
Ocana,Colombia,1
Ilo,Peru,1
Raipur,India,1
Singkep,Indonesia,1
Grímsey,Iceland,1
Beckley,United States,1
Pentecost Island,Vanuatu,1
Mudgee,Australia,1
Nowra,Australia,1
Constanza,Dominican Republic,1
Alcantara,Brazil,1
Bad Pyrmont,Germany,1
Statesville,United States,1
Guelph,Canada,1
San Juan Bautista,Chile,1
Cocoa,United States,1
Loyalty Beach,Australia,1
Sanming,China,1
Varese,Italy,1
Maintenon,France,1
Pipalyatjara,Australia,1
Compiegne,France,1
Castione-Arbedo,Switzerland,1
Parsons,United States,1
Duqm,Oman,1
Sattna,Sweden,1
Nogales,Mexico,1
Majuro,Marshall Islands,1
Kitakyushu,Japan,1
Kochi,Japan,1
Iruma,Japan,1
Andoas,Peru,1
Semiplatinsk,Kazakhstan,1
Vishakhapatnam,India,1
Rengat,Indonesia,1
Harlingen,United States,1
Vardø,Norway,1
Lodz,Poland,1
Nanyuki,Kenya,1
Khuzdar,Pakistan,1
Putussibau-Borneo Island,Indonesia,1
Lommis,Switzerland,1
Porto Heli,Greece,1
Jan Mayen,Norway,1
Itokama,Papua New Guinea,1
Eastsound,United States,1
Gatton,Australia,1
Lake Minchumina,United States,1
Ciudad Real,Spain,1
Mariposa,United States,1
Tarifa,Spain,1
Tillamook,United States,1
Theodore,Australia,1
South Baymouth,Canada,1
Ust-Maya,Russia,1
Crystal,United States,1
Paoli,United States,1
Tuusula,Finland,1
Hedehusene,Denmark,1
Galich,Russia,1
Dolna Mitropoliya,Bulgaria,1
Saki,Ukraine,1
Sagunto,Spain,1
Conchas Dam,United States,1
Waterfall,United States,1
Wudalianchi,China,1
Goroka,Papua New Guinea,1
Sherbrooke,Canada,1
Buffalo Narrows,Canada,1
Jersey,Jersey,1
De Kooy,Netherlands,1
Luxemburg,Luxembourg,1
Ifrane,Morocco,1
Propriano,France,1
Kerkyra/corfu,Greece,1
Takamatsu,Japan,1
Tarama,Japan,1
Tucuman,Argentina,1
Santos,Brazil,1
Bilaspur,India,1
Bhopal,India,1
Ambon,Indonesia,1
Fort Bragg,United States,1
Elizabeth City,United States,1
Fort Riley,United States,1
San Luis Obispo,United States,1
Lifuka,Tonga,1
Kearney,United States,1
Pangkor Island,Malaysia,1
Port Lincoln,Australia,1
Changde,China,1
Negril,Jamaica,1
Budd Coast,Antarctica,1
Monument Valley,United States,1
Ebenhofen,Germany,1
Jefferson,United States,1
Andavadoaka,Madagascar,1
Rio Hondo,Argentina,1
Vitim,Russia,1
Toledo,Spain,1
Dehri,India,1
Krasnokamensk,Russia,1
Saint-Louis,France,1
Lozovaja,Ukraine,1
Castellón de la Plana,Spain,1
Kintore,Australia,1
Salt Spring Island,Canada,1
Livorno,Italy,1
Sermiligaaq,Greenland,1
Jalgaon,India,1
Oyrarbakki,Faroe Islands,1
Sarnia,Canada,1
Timimoun,Algeria,1
Gronholt,Denmark,1
Harstad/Narvik,Norway,1
Farsund,Norway,1
El Obeid,Sudan,1
Grobnik,Croatia,1
Los Chiles,Costa Rica,1
Thumamah,Saudi Arabia,1
Kalaleh,Iran,1
Midway,Midway Islands,1
Chardzhou,Turkmenistan,1
Pattani,Thailand,1
Red River,United States,1
Texarkana,United States,1
Ust Ilimsk,Russia,1
Pikangikum,Canada,1
Nottingham,United Kingdom,1
Sogndal,Norway,1
Clarksburg,United States,1
Nakhchivan,Azerbaijan,1
Zhaotong,China,1
Paradies Island,Maldives,1
Waukesha,United States,1
Ononge,Papua New Guinea,1
Rondonopolis,Brazil,1
Balzers,Switzerland,1
Viroqua,United States,1
Great Keppel Island,Australia,1
Hot Springs Cove,Canada,1
Ruifang,Taiwan,1
Kastrup,Denmark,1
Saint Johns,Antigua and Barbuda,1
Guadalajara,Spain,1
Krychev,Belarus,1
Kropotkin,Russia,1
Lauenbrueck,Germany,1
Mercury,United States,1
Kuajok,South Sudan,1
Fort Saint John,Canada,1
Tilrempt,Algeria,1
Halli,Finland,1
Culdrose,United Kingdom,1
Port Said,Egypt,1
Kigali,Rwanda,1
Zapopan,Mexico,1
Ohakea,New Zealand,1
Comodoro Rivadavia,Argentina,1
Puerto Madryn,Argentina,1
Navegantes,Brazil,1
Salinas,Ecuador,1
Castries,Saint Lucia,1
Patina,India,1
Nagarjunsagar,India,1
Miri,Malaysia,1
Musoma,Tanzania,1
Lismore,Australia,1
Moruya,Australia,1
Mornington Island,Australia,1
Altay,China,1
Zachar Bay,United States,1
Alakanuk,United States,1
Kulyab,Tajikistan,1
Tengchong,China,1
Isla San Jose,Panama,1
Heber,United States,1
Popondetta,Papua New Guinea,1
Deer Harbor,United States,1
Elizabethtown,United States,1
Mendota,United States,1
Melville,United States,1
Boende,Congo (Kinshasa),1
Chelan,United States,1
Fuyun,China,1
Jiyanklis,Egypt,1
Yingkou,China,1
Clamart,France,1
Rosersberg,Sweden,1
Kuivaniemi,Finland,1
Qeqertaq,Greenland,1
Sunchales,Argentina,1
Wavrin,France,1
Cuinchy,France,1
Sonderborg,Denmark,1
Hakkari,Turkey,1
Chilliwack,Canada,1
Hahn,Germany,1
Weert,Netherlands,1
Kuito,Angola,1
Rochefort,France,1
Bastia,France,1
Chios,Greece,1
Ciudad Acuna,Mexico,1
Panama City,Panama,1
Gobernador Gordillo,Argentina,1
Assis,Brazil,1
Bahia Solano,Colombia,1
Pokhara,Nepal,1
Tambaram,India,1
Indian Mountains,United States,1
Altus,United States,1
Loubomo,Congo (Brazzaville),1
Bam,Iran,1
Okhotsk,Russia,1
Lake Evella,Australia,1
Changzhi,China,1
Marquette,United States,1
Point Baker,United States,1
Carrillo,Costa Rica,1
Anapaike,Suriname,1
Mackenzie British Columbia,Canada,1
High River,Canada,1
Valaam,Russia,1
Napakiak,United States,1
Mineola,United States,1
Leiden,Netherlands,1
Sakai-ku,Japan,1
Bludenz,Austria,1
Newtownards,United Kingdom,1
Saumlaki,Indonesia,1
Karasuk,Russia,1
Cowarie,Australia,1
Vsar,Croatia,1
Stewart,Canada,1
Olkurruk Mara,Kenya,1
Guriel,Somalia,1
Singkil,Indonesia,1
Straubing,Germany,1
Vesthimmerland,Denmark,1
Le Tourquet,France,1
North Caicos,Turks and Caicos Islands,1
Bocas Del Toro,Panama,1
Whenuapai,New Zealand,1
Aqaba,Jordan,1
Cartagena,Colombia,1
Guanare,Venezuela,1
Provideniya Bay,Russia,1
Fak Fak,Indonesia,1
Kununurra,Australia,1
Guiyang,China,1
Edwards Afb,United States,1
Fort Frances,Canada,1
Tambohorano,Madagascar,1
Aosta,Italy,1
Faizabad,Afghanistan,1
Gustavus,United States,1
San Fernando,Philippines,1
Ankang,China,1
Oshkosh,United States,1
Grand Rapids MN,United States,1
Inyokern,United States,1
Mayumba,Gabon,1
Borongan,Philippines,1
Guessing,Austria,1
Garachine,Panama,1
Dalton,United States,1
Alifu Atoll,Maldives,1
Cham,Germany,1
Anaheim,United States,1
Bodinumu,Papua New Guinea,1
Kabinda,Congo (Kinshasa),1
Duivendrecht,Netherlands,1
Garmisch-Partenkirchen,Germany,1
Sao Miguel do Oeste,Brazil,1
Maple Bay,Canada,1
Spadeadam,United Kingdom,1
Kėdainiai,Lithuania,1
Nassjo,Sweden,1
Roedbyhavn,Denmark,1
Diass,Senegal,1
Trelleborg,Sweden,1
Corbie,France,1
Topcliffe,United Kingdom,1
Granville,France,1
Lajes (terceira Island),Portugal,1
Palmar Sur,Costa Rica,1
Nejran,Saudi Arabia,1
Salta,Argentina,1
Coca,Ecuador,1
Carupano,Venezuela,1
El Dorado,Venezuela,1
St. Paul Island,United States,1
Oscoda,United States,1
Grand Forks,United States,1
Uluru,Australia,1
Narvik,Norway,1
Colville Lake,Canada,1
Jacquinot Bay,Papua New Guinea,1
San Antonio Oeste,Argentina,1
Brookings,United States,1
Katherine,Australia,1
Torrance,United States,1
Park City,United States,1
Manley Hot Springs,United States,1
Napa,United States,1
Sakaiminato,Japan,1
Grove City,United States,1
Havelock Island,India,1
Stepnogorsk,Kazakhstan,1
Alifu Dhaalu Atoll,Maldives,1
Shrewsbury,United Kingdom,1
Needle,United States,1
Sandy,United Kingdom,1
Efogi,Papua New Guinea,1
Canmore,Canada,1
Kokomo,United States,1
Colfax CA,United States,1
Topki,Russia,1
Martins Bay,New Zealand,1
Matane,Canada,1
Orangeburg,United States,1
Kukës,Albania,1
Blois/Le Breuil,France,1
Vercelli,Italy,1
Alpha,Australia,1
Itapiranga,Brazil,1
Massai Mara,Kenya,1
Alfaro,Spain,1
Bad Bentheim,Germany,1
Illorsuit,Greenland,1
Yida,South Sudan,1
COSTA MARQUES,Brazil,1
,Mongolia,1
El Golea,Algeria,1
Schoenhagen,Germany,1
Friedrichshafen,Germany,1
Laage,Germany,1
Taupo,New Zealand,1
Goya,Argentina,1
Hissar,India,1
Mong Hsat,Burma,1
Fort Dodge,United States,1
Al Badie,Yemen,1
Phaplu,Nepal,1
Austin TX,United States,1
St. Lewis,Canada,1
Shamattawa,Canada,1
Cat Island,Bahamas,1
Nazca,Peru,1
Lhok Seumawe-Sumatra Island,Indonesia,1
Jiujiang,China,1
Tanjung Manis,Malaysia,1
Maitland,Australia,1
Baoshan,China,1
Texel,Netherlands,1
Obock,Djibouti,1
Nordfjordur,Iceland,1
Lipa Noi,Thailand,1
Greenlawn,United States,1
Hanwell,United Kingdom,1
Fort Rucker/Ozark,United States,1
Solana Beach,United States,1
Wulanchabu,China,1
Maina,Russia,1
Bengaluru,India,1
Kruunupyy,Finland,1
Laeso,Denmark,1
Stord,Norway,1
Bitam,Gabon,1
Kananga,Congo (Kinshasa),1
Santiago,Spain,1
Nangis,France,1
Millau,France,1
Valence,France,1
Luneville,France,1
Karpathos,Greece,1
Sigonella,Italy,1
Santa Maria (island),Portugal,1
Flores,Portugal,1
Campeche,Mexico,1
Holguin,Cuba,1
Bastak,Iran,1
Okinawa,Japan,1
Marcos Juarez,Argentina,1
Marambio Base,Antarctica,1
Varginha,Brazil,1
La Serena,Chile,1
Durazno,Uruguay,1
Kolhapur,India,1
China Lake,United States,1
Stockton,United States,1
Butuan,Philippines,1
Breckenridge,United States,1
Grande Anse,Guadeloupe,1
Tennant Creek,Australia,1
Korla,China,1
Rosita,Nicaragua,1
Kill Devil Hills,United States,1
Bosset,Papua New Guinea,1
Choiseul Bay,Solomon Islands,1
Santa Ana,Solomon Islands,1
Lady Elliot Island,Australia,1
Seward Alaska,United States,1
Lawrenceville,United States,1
Pferdsfeld,Germany,1
Redencao,Brazil,1
Washington DC,United States,1
Luray,United States,1
Maamigili,Maldives,1
Inverell,Australia,1
Portree,United Kingdom,1
Isri,India,1
Barretos,Brazil,1
Cochrane,Chile,1
Lapua,Finland,1
Fort Plain,United States,1
Ghazni,Afghanistan,1
Vis Island,Croatia,1
Coningsby,United Kingdom,1
Honington,United Kingdom,1
Majuba Power Station,South Africa,1
Vichy,France,1
St.-nazaire,France,1
Alexandroupolis,Greece,1
Porbandar,India,1
Jodhpur,India,1
Saharanpur,India,1
Pakse,Laos,1
Kep,Vietnam,1
Kamuela,United States,1
Bandung,Indonesia,1
Luoyang,China,1
Maniitsoq,Greenland,1
Muskegon,United States,1
Quezaltenango,Guatemala,1
Rotuma,Fiji,1
Aitape,Papua New Guinea,1
Tambow,Russia,1
Hailey,United States,1
Tasiujaq,Canada,1
Woitape,Papua New Guinea,1
Tadoule Lake,Canada,1
Angaur,Palau,1
El Porvenir,Panama,1
Forest Lake,United States,1
Windom,United States,1
Severobajkalsk,Russia,1
Norwalk,United States,1
Black Point,Bahamas,1
Cizre,Turkey,1
Kralupy nad Vltavou,Czech Republic,1
Nuremberg,Germany,1
Haast,New Zealand,1
Chitina,United States,1
Kotido,Uganda,1
Hope,Canada,1
Tall Afar,Iraq,1
Svetlogorsk,Russia,1
Ziyang,China,1
Neijiang,China,1
Tergnier,France,1
Ange,Sweden,1
Dagmersellen,Switzerland,1
Alxa Left Banner,China,1
Tofino,Canada,1
Guernsey,Guernsey,1
Manston,United Kingdom,1
Benbecula,United Kingdom,1
Crotone,Italy,1
Batman,Turkey,1
Tongatapu,Tonga,1
Khark Island,Iran,1
Minami Daito,Japan,1
Alta Floresta,Brazil,1
San Carlos,Venezuela,1
Phnom-penh,Cambodia,1
Chittagong,Bangladesh,1
Dubbo,Australia,1
Port Moller,United States,1
Shonai,Japan,1
Mianyang,China,1
Berezovo,Russia,1
Portsmouth,United Kingdom,1
Mason City,United States,1
Wuzhou,China,1
Mpacha,Namibia,1
Minocqua - Woodruff,United States,1
Ballera,Australia,1
Ross Island,Antarctica,1
Ballenstedt,Germany,1
Forties Charlie,United Kingdom,1
Usti Nad Labem,Czech Republic,1
RUDNIKI,Poland,1
Sorrento,Italy,1
Seosan,South Korea,1
East Northport,United States,1
Boden,Sweden,1
Bahia Gardiner,Ecuador,1
Lineville,United States,1
Jurga,Russia,1
Mitchell Plateau,Australia,1
Dolbeau-St-Félicien,Canada,1
Bruhl,Germany,1
Drums,United States,1
Tembilahan,Indonesia,1
Napuka,French Polynesia,1
Tatakoto,French Polynesia,1
Bagotville,Canada,1
Charlo,Canada,1
Lagos,Nigeria,1
Southend,United Kingdom,1
Barrow Island,United Kingdom,1
Kerry,Ireland,1
Middelburg,South Africa,1
Line,Czech Republic,1
Horta,Portugal,1
Merida,Mexico,1
Quepos,Costa Rica,1
Glentanner,New Zealand,1
Memanbetsu,Japan,1
Yechon,South Korea,1
Perito Moreno,Argentina,1
Pune,India,1
Nainital,India,1
Houghton Lake,United States,1
Des Moines,United States,1
Cilacap,Indonesia,1
Arcata CA,United States,1
Kiunga,Papua New Guinea,1
Tezpur,India,1
Hughenden,Australia,1
Yuncheng,China,1
Corozal,Belize,1
Chignik Lagoon,United States,1
Afutara,Solomon Islands,1
Batuna,Solomon Islands,1
Heron Island,Australia,1
Kelso,United States,1
Puerto Obaldia,Panama,1
Bad Neuenahr,Germany,1
Targu Mures,Romania,1
Mulatupo,Panama,1
Morganton,United States,1
Lodrino,Switzerland,1
Kimwarer,Kenya,1
Iowa City,United States,1
Dorlin,French Guiana,1
Auburn,United States,1
Donovaly,Slovakia,1
Ada,United States,1
Carle Place,United States,1
Northallerton,United Kingdom,1
Henty,Australia,1
East Chicago,United States,1
New Castle,United States,1
Warrington,United Kingdom,1
Cradle Mountain N.P.,Australia,1
Tsodilo Hills,Botswana,1
Beni Suef,Egypt,1
Chañaral,Chile,1
Forbes,Australia,1
Castejon de Ebro,Spain,1
Hatboro,United States,1
Plitvice National Park,Croatia,1
Hwange,Zimbabwe,1
Coonawarra,Australia,1
Faaite,French Polynesia,1
Annaba,Algeria,1
Kortrijk-vevelgem,Belgium,1
Rayskala,Finland,1
Chivenor,United Kingdom,1
Repton,United Kingdom,1
Blackpool,United Kingdom,1
Kariba,Zimbabwe,1
Rota,Spain,1
Elefsis,Greece,1
Parma,Italy,1
Ovar,Portugal,1
Durango,Mexico,1
Guadalajara,Mexico,1
Wallis,Wallis and Futuna,1
Sulayel,Saudi Arabia,1
Iejima,Japan,1
Elorza,Venezuela,1
Silchar,India,1
Yantai,China,1
Qasigiannguit,Greenland,1
Conakry,Guinea,1
Milos,Greece,1
Las Cruces,United States,1
Soalala,Madagascar,1
Majuro Atoll,Marshall Islands,1
Ciudad Constitución,Mexico,1
San Borja,Bolivia,1
Datadawai-Borneo Island,Indonesia,1
Los Roques,Venezuela,1
Gorgan,Iran,1
Brigham City,United States,1
Devils Lake,United States,1
Sao Gabriel da Cachoeira,Brazil,1
Cunderdin,Australia,1
Alldays,South Africa,1
Garba Tula,Kenya,1
Glen Innes,Australia,1
Adamovka,Russia,1
Cochin,India,1
Murray Bridge,Australia,1
Paz De Ariporo,Colombia,1
Gnesta,Sweden,1
Hatch,United States,1
Sidney,Canada,1
Thompson,Canada,1
Gaberone,Botswana,1
Meknes,Morocco,1
Tidjikja,Mauritania,1
Olbia,Italy,1
Erzurum,Turkey,1
Norman's Cay,Bahamas,1
Misawa,Japan,1
La Quiaca,Argentina,1
San Martin Des Andes,Argentina,1
Piracununga,Brazil,1
Bucaramanga,Colombia,1
Kingstown,Saint Vincent and the Grenadines,1
Satun,Thailand,1
Chiang Mai,Thailand,1
Taiz,Yemen,1
Big Trout Lake,Canada,1
Salina Cruz,Mexico,1
Chernovtsk,Ukraine,1
Khovd,Mongolia,1
Port Williams,United States,1
Wake island,Wake Island,1
Chojna,Poland,1
Gannet Alpha,United Kingdom,1
Yangzhou,China,1
Guyuan,China,1
Bessemer,United States,1
Hazelton,United States,1
Esztergom,Hungary,1
Terrace Bay,Canada,1
Swampscott,United States,1
Greenwich,United States,1
Heli 2,United States,1
Egerkingen,Switzerland,1
Rainham Essex,United Kingdom,1
Chur,Switzerland,1
Tempe,Australia,1
Camarillo - CA,United States,1
Mont-Saint-Michel,France,1
Ahmed Al Jaber AB,Kuwait,1
Kenepuru Sound,New Zealand,1
Sioux Lookout,Canada,1
Goose Bay,Canada,1
Biskra,Algeria,1
Agadez,Niger,1
Leicester,United Kingdom,1
Kolding,Denmark,1
Kristiansand,Norway,1
Kristianstad,Sweden,1
Coleman,Germany,1
Antananarivo,Madagascar,1
Chiredzi,Zimbabwe,1
Akrotiri,Cyprus,1
Mykonos,Greece,1
Sliac,Slovakia,1
Sandy Point,Bahamas,1
Madinah,Saudi Arabia,1
Khoram Dareh,Iran,1
Ponce,Puerto Rico,1
Petropavlovsk,Russia,1
Akola,India,1
Vijayawada,India,1
Port Hedland,Australia,1
Brac,Croatia,1
Eau Claire,United States,1
Waala,New Caledonia,1
Spanish Town,British Virgin Islands,1
Bullhead,United States,1
Tocache,Peru,1
Rafaela,Argentina,1
Sabi Sabi,South Africa,1
Venetie,United States,1
La Chorrera,Colombia,1
Peleliu,Palau,1
Mount Garnet,Australia,1
Birburg,Germany,1
Mozyr,Belarus,1
Bubovice,Czech Republic,1
Depew,United States,1
Washabo,Suriname,1
W retreat and spa resort,Maldives,1
Genthin,Germany,1
Howrah,India,1
Etawah,India,1
Saint-Quentin-en-Yvelines,France,1
Naestved,Denmark,1
Paris,United States,1
Winthrop,United States,1
Tarragona,Spain,1
La Hulpe,Belgium,1
Kyzyl-Syr,Russia,1
Oberwesel,Germany,1
Woerden,Netherlands,1
Lamy,United States,1
Ladysmith,United States,1
Mountainair,United States,1
Savissivik,Greenland,1
SANTO ANTONIO DO MATUPI,Brazil,1
COTRIGUACU,Brazil,1
Kidston,Australia,1
Prato,Italy,1
Maldonado,Uruguay,1
Hay River,Canada,1
Ljungby,Sweden,1
Kalemie,Congo (Kinshasa),1
Arusha,Tanzania,1
Vilefrance,France,1
Decimomannu,Italy,1
Poprad,Slovakia,1
Raiatea Island,French Polynesia,1
Cotabato,Philippines,1
Ushuaia,Argentina,1
Daytona Beach,United States,1
Rørvik,Norway,1
Tartagal,Argentina,1
Kursk,Russia,1
Battambang,Cambodia,1
Strahan,Australia,1
Raron,Switzerland,1
Tuntutuliak,United States,1
Cabo Frio,Brazil,1
Kurgan Tyube,Tajikistan,1
Lively Island,Falkland Islands,1
Stary Oskol,Russia,1
Deurne,Netherlands,1
Kaluga,Russia,1
Whittlesford,United Kingdom,1
Mys Shmidta,Russia,1
Nxamaseri,Botswana,1
Gananoque,Canada,1
Nika Resort Island,Maldives,1
Buzzards Bay,United States,1
Hadley Wood,United Kingdom,1
Kulunda,Russia,1
William Creek,Australia,1
Fort Belvoir,United States,1
Biella (BI),Italy,1
Câmpia Turzii,Romania,1
Kaiserslautern,Germany,1
Southern Pines,United States,1
Williston Lake,Canada,1
St. Anthony,Canada,1
Baie Comeau,Canada,1
Djerba,Tunisia,1
Huambo,Angola,1
Topel,Turkey,1
Del Bajio,Mexico,1
Tampico,Mexico,1
Jacmel,Haiti,1
Recife,Brazil,1
San Andres Island,Colombia,1
Nampong,Burma,1
Santa Fe,United States,1
Tanjung Pinang,Indonesia,1
Rockland,United States,1
Pskov,Russia,1
Uraj,Russia,1
Kangiqsualujjuaq,Canada,1
Olongapo City,Philippines,1
Zaporozhye,Ukraine,1
Cimei,Taiwan,1
Put-in-Bay,United States,1
Apple River,United States,1
Garissa,Kenya,1
Sebastian,United States,1
Americus,United States,1
Sunnyvale,United States,1
Tyrone,United States,1
Kaposvar,Hungary,1
NIK,Juan de Nova Island,1
Hukou,Taiwan,1
Charlevoix,Canada,1
Andernach,Germany,1
Katrineholm,Sweden,1
Shushenskoye,Russia,1
Shangrao,China,1
Malakal,South Sudan,1
Creches-sur-Saone,France,1
Niatougou,Togo,1
Fritzlar,Germany,1
Omboue Hospial,Gabon,1
Keffallinia,Greece,1
Rosh Pina,Israel,1
Bayamo,Cuba,1
Jujuy,Argentina,1
Cuenca,Ecuador,1
Yurimaguas,Peru,1
Panagarh,India,1
Sachigo Lake,Canada,1
Outer Skerries,United Kingdom,1
North Bend,United States,1
Santo,Vanuatu,1
Tongliao,China,1
Nyingchi,China,1
Bogovarovo,Russia,1
Pilot Point,United States,1
Fox Harbour,Canada,1
Ulusaba,Namibia,1
Darlington,United States,1
Stoke-on-Trent,United Kingdom,1
Vernazza,Italy,1
Kings Park,United States,1
Hameenlinna,Finland,1
Kirknewton,United Kingdom,1
Shanshan,China,1
Champagney,France,1
Alvesta,Sweden,1
Agua Boa,Brazil,1
Ajmer,India,1
Fort Mcmurray,Canada,1
Nanisivik,Canada,1
Wa,Ghana,1
Gbadolite,Congo (Kinshasa),1
Ben Slimane,Morocco,1
Bourgas,Bulgaria,1
Graz,Austria,1
George Town,Bahamas,1
Multan,Pakistan,1
Panjgur,Pakistan,1
Maragrosa,Ecuador,1
Surgut,Russia,1
Mount Isa,Australia,1
Lemoore,United States,1
Gwinn,United States,1
Chicopee Falls,United States,1
Levuka,Fiji,1
Kimmirut,Canada,1
Points North Landing,Canada,1
Skardu,Pakistan,1
Hamilton Island,Australia,1
Mount Magnet,Australia,1
Murray Island,Australia,1
Walaha,Vanuatu,1
DeLand,United States,1
Papa,Hungary,1
Enfidha,Tunisia,1
Masai Mara National Park,Kenya,1
Nienburg Weser,Germany,1
Fort Bridger,United States,1
Dinant,Belgium,1
Tajiri,Japan,1
Glencoe,United States,1
VILAFRANCA,Italy,1
Makat,Kazakhstan,1
Viljandi,Estonia,1
Agryz,Russia,1
Gabrovnitsa,Bulgaria,1
Arnbruck,Germany,1
Montfort-le-Gesnois,France,1
Haixi,China,1
Mystic Seaport,United States,1
Kornwestheim,Germany,1
Rygge,Norway,1
Toamasina,Madagascar,1
Gambella,Ethiopia,1
El-tor,Egypt,1
Mollis,Switzerland,1
Dalaman,Turkey,1
Aghajari,Iran,1
Minsk 2,Belarus,1
Clear Mews,United States,1
Wright,United States,1
Deridder,United States,1
Cortez,United States,1
Crescent City,United States,1
Guerrero Negro,Mexico,1
Baimuru,Papua New Guinea,1
Dienbienphu,Vietnam,1
King Island,Australia,1
Yenisehir,Turkey,1
Stewartstown,United States,1
Limerick,Ireland,1
Benton Harbor,United States,1
Hopsten,Germany,1
Westfield,United States,1
Poltava,Ukraine,1
Arnhem,Netherlands,1
Msembe,Tanzania,1
Lewes DE,United States,1
Namur,Belgium,1
Comino,Malta,1
Yingge,Taiwan,1
Grantham,United Kingdom,1
Mwene-Ditu,Congo (Kinshasa),1
Rotebro,Sweden,1
Punalu'u,United States,1
Wulfrath,Germany,1
Spartangurg,United States,1
Naracoorte,Australia,1
Gjakova,Serbia,1
Coalinga,United States,1
Mezaira,United Arab Emirates,1
Asab,United Arab Emirates,1
Kavac,Venezuela,1
Thunder Bay,Canada,1
Enontekio,Finland,1
Swansea,United Kingdom,1
Zeltweg,Austria,1
Covilha,Portugal,1
Santiago,Dominican Republic,1
Dead Man's Cay,Bahamas,1
Deire Zor,Syria,1
Chitose,Japan,1
Salem,India,1
Hommalin,Burma,1
Kota Bahru,Malaysia,1
Zhengzhou,China,1
Wendover,United States,1
Willow Grove,United States,1
Westray,United Kingdom,1
Orapa,Botswana,1
Mauke Island,Cook Islands,1
Uromiyeh,Iran,1
Sampit-Borneo Island,Indonesia,1
Arekuna,Venezuela,1
Chernigov,Ukraine,1
Locarno,Switzerland,1
Keewaywin,Canada,1
Hamhung,North Korea,1
Shute Harbour,Australia,1
Dieu Merci,French Guiana,1
Xugana,Botswana,1
Valparaiso,Chile,1
Rio Hato,Panama,1
Vila Nova de Gaia,Portugal,1
Merowe,Sudan,1
Izhma,Russia,1
Seehausen,Germany,1
Tierp,Sweden,1
Ludwigsfelde,Germany,1
Kilwa Masoko,Tanzania,1
Sumenep,Indonesia,1
Yambio,South Sudan,1
Maia,Portugal,1
Moncton,Canada,1
In Salah,Algeria,1
Kitee,Finland,1
Savonlinna,Finland,1
Ermelo,South Africa,1
Rodriguez Island,Mauritius,1
Libreville,Gabon,1
Nampula,Mozambique,1
Kolwezi,Congo (Kinshasa),1
Cobija,Bolivia,1
Cuzco,Peru,1
Salisbury,United States,1
Geralds,Montserrat,1
Kalymnos,Greece,1
Poplar Hill,Canada,1
Wrangell,United States,1
Odate Noshiro,Japan,1
Riberalta,Bolivia,1
Codrington,Antigua and Barbuda,1
Funter Bay,United States,1
Batagay,Russia,1
Carcross YT,Canada,1
Rawlins,United States,1
Zhongwei,China,1
The Dalles,United States,1
Dezmir,Romania,1
Sohag,Egypt,1
Santa Isabel do Rio Negro,Brazil,1
Pikeville,United States,1
Oldebroek,Netherlands,1
Wyk,Germany,1
Sao Carlos,Brazil,1
Wilcannia,Australia,1
Wiawera station,Australia,1
Yichun,China,1
Kotor,Montenegro,1
St Ignace,United States,1
Changhua,Taiwan,1
Wooloowin,Australia,1
Mascota,Mexico,1
Trento (TN),Italy,1
Denmark,United States,1
Arbra,Sweden,1
Tola,Nicaragua,1
Wick,United Kingdom,1
Bangui,Central African Republic,1
Varazdin,Croatia,1
Haztor,Israel,1
Zihuatanejo,Mexico,1
Fangatau,French Polynesia,1
Quetta,Pakistan,1
Kumamoto,Japan,1
Okierabu,Japan,1
Yeosu,South Korea,1
Corrientes,Argentina,1
Montalvo,Ecuador,1
Fort Meade,United States,1
Nakhon Phanom,Thailand,1
South Lake Tahoe,United States,1
Dongloe,Ireland,1
Angers/Marcé,France,1
Aniak,United States,1
Ranai-Natuna Besar Island,Indonesia,1
Courcheval,France,1
Lillinghof,Germany,1
Grand Marais,United States,1
Tanana,United States,1
Rio Turbio,Argentina,1
Son-La,Vietnam,1
HARREVELD,Netherlands,1
Nikolayevka,Russia,1
Bloomfield,Australia,1
Stinson,United States,1
Merstham,United Kingdom,1
Headcorn,United Kingdom,1
Anjo,Japan,1
Jacana,Australia,1
Liupanshui,China,1
Aripuana,Brazil,1
Bumba,Congo (Kinshasa),1
Weisswasser,Germany,1
San Sebastian,Chile,1
San juan de Nicaragua,Nicaragua,1
Balabanovo,Russia,1
Meiktila,Burma,1
Gorizia,Italy,1
Neuseddin,Germany,1
Haukipudas,Finland,1
Point of Rocks,United States,1
Sevres,France,1
Hirtshals,Denmark,1
Foz do Iguassu,Brazil,1
Sandpoint,United States,1
Val-de-Reuil,France,1
Iles De La Madeleine,Canada,1
Accra,Ghana,1
San Pedro,Cote d'Ivoire,1
Norderney,Germany,1
Lyneham,United Kingdom,1
Lossiemouth,United Kingdom,1
Enschede,Netherlands,1
Vilhelmina,Sweden,1
Arboga,Sweden,1
Arba Minch,Ethiopia,1
Kamembe,Rwanda,1
Tela,Honduras,1
Managua,Nicaragua,1
Abha,Saudi Arabia,1
Telemaco Borba,Brazil,1
Chimbote,Peru,1
Simferopol,Ukraine,1
Manokwari,Indonesia,1
Kotzebue,United States,1
Mashhad,Iran,1
Heringsdorf,Germany,1
Suki,Papua New Guinea,1
Mariupol International,Ukraine,1
Neuchatel,Switzerland,1
Shungnak,United States,1
Selawik,United States,1
Tula,Russia,1
BERLIN,Germany,1
Coldwater,United States,1
Tilpa,Australia,1
Tevriz,Russia,1
Mount Pleasant,United States,1
Hicksville,United States,1
North Chicago,United States,1
Turtle Island,Fiji,1
Ordu-Giresun,Turkey,1
Elets,Russia,1
Hoevelaken,Netherlands,1
Molnbo,Sweden,1
Yeehaw Junction,United States,1
Niagara-on-the-Lake,Canada,1
Catbalogan City,Philippines,1
Bitterfeld,Germany,1
Brits,South Africa,1
Cortina d'Ampezzo,Italy,1
Lisala,Congo (Kinshasa),1
Dekelia,Greece,1
Invercargill,New Zealand,1
Mayaguez,Puerto Rico,1
Kathmandu,Nepal,1
Prachuap Khiri Khan,Thailand,1
Baucau,East Timor,1
Al Taqaddum,Iraq,1
Turkmenabat,Turkmenistan,1
Misima Island,Papua New Guinea,1
Burketown,Australia,1
Leon,Spain,1
Osubi,Nigeria,1
Hilton Head,United States,1
Manokotak,United States,1
Akiak,United States,1
Ebon,Marshall Islands,1
Livermore,United States,1
Block Island,United States,1
Saint-Louis,Reunion,1
Hell-Bourg,Reunion,1
Shobdon,United Kingdom,1
Wishaw,United Kingdom,1
Seymour,Australia,1
Szczytno-Szymany,Poland,1
Fraser CO,United States,1
Budennovsk,Russia,1
Zhigansk,Russia,1
Koh Lanta,Thailand,1
Saarbrucken,Germany,1
Homburg Saar,Germany,1
Remagen,Germany,1
Perstorp,Sweden,1
Goondiwindi,Australia,1
Eben im Pongau,Austria,1
Karuizawa,Japan,1
Fraserdale,Canada,1
Herent,Belgium,1
Vesivehmaa,Finland,1
Vidsel,Sweden,1
Plettenberg Bay,South Africa,1
Maroua,Cameroon,1
Foumban,Cameroon,1
Luena,Angola,1
Principe,Sao Tome and Principe,1
El Gorah,Egypt,1
Montlucon-gueret,France,1
Aix-les-milles,France,1
Evreux,France,1
Ardmore,New Zealand,1
Wana,Pakistan,1
Kadena,Japan,1
Iloilo,Philippines,1
Concordia,Argentina,1
Catamarca,Argentina,1
Arauca,Colombia,1
Calicut,India,1
West Hampton Beach,United States,1
Fort Leonardwood,United States,1
Siauliai,Lithuania,1
Bismarck,United States,1
Pai,Thailand,1
Ozona,United States,1
Gods Lake Narrows,Canada,1
Fair Isle,United Kingdom,1
Mo i Rana,Norway,1
Leinster,Australia,1
Provincetown,United States,1
Tyonek,United States,1
Stamford,United States,1
NEW YORK,United States,1
Hudson NY,United States,1
Cayana,Suriname,1
DeFuniak Springs,United States,1
Seogwipo,South Korea,1
Neuwied,Germany,1
Bijie,China,1
Endicott,United States,1
Sandviksvag,Norway,1
Sikasso,Mali,1
Selayar,Indonesia,1
Apatou,French Guiana,1
Wallyford,United Kingdom,1
Jember,Indonesia,1
Koror,Palau,1
Kahului Maui,United States,1
Takatsuki,Japan,1
Marma,Sweden,1
Courtalain,France,1
Meningie,Australia,1
Pampa,United States,1
Rubondo Island,Tanzania,1
Ninglang,China,1
Rada,Sweden,1
Tete,Mozambique,1
Gemena,Congo (Kinshasa),1
Kone,New Caledonia,1
Oamaru,New Zealand,1
Kunduz,Afghanistan,1
Sanandaj,Iran,1
Matsumoto,Japan,1
Puerto Bolivar,Colombia,1
Lashio,Burma,1
Qaqortoq,Greenland,1
Tandag,Philippines,1
Gouvia,Greece,1
Scammon Bay,United States,1
Fort St. James,Canada,1
Sipaliwini,Suriname,1
Vanavara,Russia,1
Yandina,Solomon Islands,1
Koln,Germany,1
Baise,China,1
Warburton Community,Australia,1
Ballarat,Australia,1
Bob Quinn Lake,Canada,1
Avon Park,United States,1
Odika,Japan,1
Rudnyi,Kazakhstan,1
Bui-Kostromskoj,Russia,1
Kangan,Iran,1
Sharypovo,Russia,1
Itami,Japan,1
Timmendorfer Strand,Germany,1
Eger,Hungary,1
Lalendorf,Germany,1
ALTA FLORESTA D'OESTE,Brazil,1
Abbotsford,Canada,1
Bardufoss,Norway,1
Mielec,Poland,1
Emmaboda,Sweden,1
Hohenfels,Germany,1
Landsberg,Germany,1
Port Elizabeth,South Africa,1
Nosy-be,Madagascar,1
St.-afrique-belmont,France,1
Cayman Brac,Cayman Islands,1
Duncan Town,Bahamas,1
Palmerston North,New Zealand,1
Saravan,Iran,1
Osan,South Korea,1
Floridablanca,Philippines,1
Ranchi,India,1
Weipa,Australia,1
Asmara,Eritrea,1
Bakki,Iceland,1
Tarapacá,Colombia,1
Hattiesburg/Laurel,United States,1
Olpoi,Vanuatu,1
Fergana,Uzbekistan,1
McArthur River Mine,Australia,1
Dongsheng,China,1
Unst,United Kingdom,1
Bryce Canyon,United States,1
Allstedt,Germany,1
Luesse,Germany,1
Scharlibbe,Germany,1
Schofields,Australia,1
Viceroy Resort,Maldives,1
Bahla,Oman,1
Tongchon,North Korea,1
Zion Nationalpark,United States,1
Four Seasons Landaa Giraavaru,Maldives,1
Ust'-Shish,Russia,1
Lithonia,United States,1
Kulgera,Australia,1
Montecristi,Dominican Republic,1
Tsogttsetsii,Mongolia,1
Ureki,Georgia,1
Yuanmou,China,1
Moose Jaw,Canada,1
Bou Saada,Algeria,1
Monastir,Tunisia,1
Gabes,Tunisia,1
Sambava,Madagascar,1
Lobito,Angola,1
Franceville,Gabon,1
Zvishavane,Zimbabwe,1
Lodwar,Kenya,1
Pribram,Czech Republic,1
Al Hamra,United Arab Emirates,1
Barranquilla,Colombia,1
San Fernando Deatabapo,Venezuela,1
Carora,Venezuela,1
Alice Springs,Australia,1
Conroe,United States,1
Fallon,United States,1
Ukhta,Russia,1
Shilavo,Ethiopia,1
Bosaso,Somalia,1
Bahawalpur,Pakistan,1
Chevak,United States,1
Londolovit,Papua New Guinea,1
Hengchun,Taiwan,1
Novokuznetsk,Russia,1
Qiemo,China,1
Chaoyang,China,1
Al Kharj,Saudi Arabia,1
Lazy Bay,United States,1
Najaf,Iraq,1
Port Clinton,United States,1
Jesup,United States,1
Boisar,India,1
Kenting,Taiwan,1
Mana Pools,Zimbabwe,1
Kadina,Australia,1
Chester-le-Street,United Kingdom,1
Tobol,Kazakhstan,1
Muiden,Netherlands,1
Marandúa,Colombia,1
Yuelamu,Australia,1
Miami Gardens,United States,1
Docker River,Australia,1
Piraeus,Greece,1
Bayeux,France,1
Franz Josef Glacier Snowfield,New Zealand,1
Vilamendhu Island,Maldives,1
Noonkanbah,Australia,1
Pitt Meadows,Canada,1
Sandspit,Canada,1
Benin,Nigeria,1
Port Hartcourt,Nigeria,1
Remada,Tunisia,1
Mindelheim,Germany,1
Shoreham By Sea,United Kingdom,1
Woodvale,United Kingdom,1
Mora,Sweden,1
Jever,Germany,1
Pilanesberg,South Africa,1
Mzuzu,Malawi,1
Luxor,Egypt,1
Pardubice,Czech Republic,1
Abqaiq,Saudi Arabia,1
San Vincente De Caguan,Colombia,1
Namsang,Burma,1
Karlsruhe/Baden-Baden,Germany,1
Broome,Australia,1
Rigolet,Canada,1
Östersund,Sweden,1
Mountain,Nepal,1
Lonorore,Vanuatu,1
Santa Maria,Brazil,1
Seria,Brunei,1
Escanaba,United States,1
Kayser,Suriname,1
Rifle,United States,1
Kasaba Bay,Zambia,1
Kichwa Tembo,Kenya,1
Red Bluff,United States,1
Fitchburg,United States,1
Clemson,United States,1
Neumuenster,Germany,1
Kotka,Finland,1
Waukegan,United States,1
Tribune,United States,1
Bugalaga,Indonesia,1
Siversky,Russia,1
Qassimiut,Greenland,1
Semur en Auxois,France,1
Buru Island,Indonesia,1
Hikueru,French Polynesia,1
Altenburg,Germany,1
Kardla,Estonia,1
Kittila,Finland,1
Wroclaw,Poland,1
Ziguinchor,Senegal,1
Cuers,France,1
Ramon,Israel,1
Faisalabad,Pakistan,1
Nyutabaru,Japan,1
Rio Grande,Argentina,1
Manicore,Brazil,1
Guayaquil,Ecuador,1
Villa Montes,Bolivia,1
Pointe-a-pitre,Guadeloupe,1
Stavropol,Russia,1
Ashkhabad,Turkmenistan,1
Ishurdi,Bangladesh,1
Anniston,United States,1
Fort Severn,Canada,1
Sanday,United Kingdom,1
Malamala,South Africa,1
Saga,Japan,1
Kunsan,South Korea,1
Belaga,Malaysia,1
Coober Pedy,Australia,1
Pelican,United States,1
Minacu,Brazil,1
Saskylakh,Russia,1
Barrow Island,Australia,1
Linkenheim,Germany,1
Plattling,Germany,1
Gadsden,United States,1
Sun Moon Lake,Taiwan,1
Sasakwa,Tanzania,1
Schleissheim,Germany,1
Marana,United States,1
Kasama,Zambia,1
Cayo Santa Maria,Cuba,1
Longniddry,United Kingdom,1
Elliston,Australia,1
Wittenberg,Germany,1
Monfalcone,Italy,1
Lengerich,Germany,1
Garges les Gonesse,France,1
Norrkoping,Sweden,1
Port harcourt,Nigeria,1
Ti Tree,Australia,1
Neuhaus Kulm bei Weiz,Austria,1
Erlangen,Germany,1
Port Charlotte,United States,1
Orange Walk Town,Belize,1
Kerben,Kyrgyzstan,1
Aubevoye,France,1
Hameem,United Arab Emirates,1
NOVA MINE,Australia,1
Saskatoon,Canada,1
Kikala,Finland,1
Holzdorf,Germany,1
Harrismith,South Africa,1
Anjouan,Comoros,1
Soyo,Angola,1
Villacoublay,France,1
Coimba,Portugal,1
Anaa,French Polynesia,1
Tabriz,Iran,1
Palmyra,Syria,1
Caribou,United States,1
Masamba,Indonesia,1
Bhojpur,Nepal,1
Neerlerit Inaat,Greenland,1
Kasabonika,Canada,1
Attawapiskat,Canada,1
Győr,Hungary,1
Bahia Piña,Panama,1
Haiphong,Vietnam,1
Coen,Australia,1
Kalemyo,Myanmar,1
Kapanda,Angola,1
Zhijiang,China,1
Sharan,Afghanistan,1
Marco Island Airport,United States,1
Caherciveen,Ireland,1
Yarramba Station,Australia,1
Port Au Prince,Haiti,1
Quitman,United States,1
Coral Bay,Australia,1
Brookmans Park,United Kingdom,1
Coffeyville,United States,1
Akaroa,New Zealand,1
Harts Range,Australia,1
Drancy,France,1
Misty Fjords,United States,1
Fulton,United States,1
Illizi,Algeria,1
Carlisle,United Kingdom,1
Benson,United Kingdom,1
Noervenich,Germany,1
Vereeniging,South Africa,1
Bamenda,Cameroon,1
Malanje,Angola,1
Kiffa,Mauritania,1
Jimma,Ethiopia,1
Hargeisa,Somalia,1
Mtwara,Tanzania,1
Saumur,France,1
St.-dizier,France,1
Samos,Greece,1
Montijo,Portugal,1
Petroline 10,Saudi Arabia,1
Monte Caseros,Argentina,1
Barbacena,Brazil,1
Puerto Carreno,Colombia,1
Canaima,Venezuela,1
Bhiwani,India,1
Kalgoorlie,Australia,1
Hibbing,United States,1
Yibin,China,1
Anahim Lake,Canada,1
Leixlip,Ireland,1
Nuquí,Colombia,1
Andizhan,Uzbekistan,1
Datong,China,1
Quzhou,China,1
Middelburg,Netherlands,1
Sasovo,Russia,1
Weimar,Germany,1
Chehalis,United States,1
Lewoleba,Indonesia,1
Yilan,Taiwan,1
Horseshoe Bay,Canada,1
Avila,Spain,1
Martorell,Spain,1
Keperveem,Russia,1
Tiniteqilaaq,Greenland,1
At Tod,Egypt,1
Monkey Bay,Malawi,1
Longnan,China,1
Avenal,United States,1
Gatineau,Canada,1
Cranwell,United Kingdom,1
Vasteras,Sweden,1
Brakpan,South Africa,1
Andapa,Madagascar,1
Mont-de-marsan,France,1
Pago Pago,American Samoa,1
Christchurch,New Zealand,1
Bandar Mahshahr,Iran,1
Babelthuap,Palau,1
Yamagata,Japan,1
Chosmadal,Argentina,1
Morotai Island,Indonesia,1
Iguatu,Brazil,1
Whatì,Canada,1
Shangri-La,China,1
Port Clarence,United States,1
Tacheng,China,1
Green Cove Springs,United States,1
Araguaina,Brazil,1
Cooinda,Australia,1
Tura,Russia,1
Bamyan,Afghanistan,1
Cooldige,United States,1
Kissidougou,Guinea,1
Kawama,Cuba,1
Kuredu,Maldives,1
Mattawa,United States,1
Misquite,United States,1
Woodstock,Canada,1
Barajas,Spain,1
Faridabad,India,1
Treiste,Italy,1
Volhov,Russia,1
Orel,Russia,1
Ampilatwatja,Australia,1
Derby,United Kingdom,1
Raroia,French Polynesia,1
Herzogenrath,Germany,1
Peace River,Canada,1
Williams Lake,Canada,1
Utti,Finland,1
Hawarden,United Kingdom,1
Norwich,United Kingdom,1
Roros,Norway,1
Buechel,Germany,1
Gwert,Zimbabwe,1
Selibabi,Mauritania,1
Gisenyi,Rwanda,1
Solenzara,France,1
Beziers,France,1
Cherbourg,France,1
Quimper,France,1
Malacky,Slovakia,1
Barahona,Dominican Republic,1
Rawala Kot,Pakistan,1
Jacare-acanga,Brazil,1
Salvador,Brazil,1
Uberlandia,Brazil,1
Jauja,Peru,1
Banda Aceh,Indonesia,1
Launceston,Australia,1
College Station,United States,1
Solo City,Indonesia,1
Socotra,Yemen,1
Saint George,United States,1
Port O\'Connor,United States,1
Kulusuk,Greenland,1
Red Lake,Canada,1
Lindi,Tanzania,1
Agri,Turkey,1
Gorakhpur,India,1
Beaver,United States,1
West Point,United States,1
Puerto Natales,Chile,1
Sierra Grande,Argentina,1
Madera,United States,1
Kankan,Guinea,1
Calella,Spain,1
Elmhurst,United States,1
Haute-Picardie,France,1
Shu,Kazakhstan,1
Kanuhuraa Island,Maldives,1
Orbyhus,Sweden,1
Furuvik,Sweden,1
Champagne,France,1
Vialamendhu,Maldives,1
Bantayan,Philippines,1
Umuwa,Australia,1
Chathill,United Kingdom,1
Godthaab,Greenland,1
Morombe,Madagascar,1
Ostrava,Czech Republic,1
Cuernavaca,Mexico,1
Arutua,French Polynesia,1
Sokch'o,South Korea,1
Corozal,Colombia,1
Lima,Peru,1
Tselinograd,Kazakhstan,1
Johor Bahru,Malaysia,1
East Sale,Australia,1
Coco Beach,United States,1
Angling Lake,Canada,1
Yakima,United States,1
Chitré,Panama,1
Lambasa,Fiji,1
Mogilev,Belarus,1
Can Tho,Vietnam,1
Pormpuraaw,Australia,1
Ust-Ilimsk,Russia,1
Brainerd,United States,1
Golovin,United States,1
Tatitlek,United States,1
Kirovograd,Ukraine,1
Toksook Bay,United States,1
Fonte Boa,Brazil,1
Renton,United States,1
Yongzhou,China,1
Rodby,Denmark,1
Pittstown,United States,1
Cacoal,Brazil,1
Murrieta,United States,1
Alexander City,United States,1
Scott City,United States,1
Janauba,Brazil,1
Arabba,Italy,1
Ringway,United Kingdom,1
Vernon,Canada,1
Krefeld,Germany,1
Gross Kreutz Havel,Germany,1
Hohenleipisch,Germany,1
Bagnolet,France,1
Chennai,India,1
Nuugaatsiaq,Greenland,1
North Shore,New Zealand,1
Sveg,Sweden,1
Hendrik Verwoerddam,South Africa,1
Overberg,South Africa,1
Masvingo,Zimbabwe,1
Zakynthos,Greece,1
Tamuin,Mexico,1
Siguanea,Cuba,1
Iwojima,Japan,1
La Plata,Argentina,1
Tirupeti,India,1
Ekati,Canada,1
Bajhang,Nepal,1
Stronsay,United Kingdom,1
Muscle Shoals,United States,1
Salina,United States,1
Virac,Philippines,1
Aleknagik,United States,1
Savoonga,United States,1
Puntarenas,Costa Rica,1
Uliastai,Mongolia,1
Itzehoe,Germany,1
Bor,Russia,1
Brevard County,United States,1
Yaou,French Guiana,1
Mulia,Indonesia,1
La Plata,United States,1
Stony Brook,United States,1
Bellwood,United States,1
Kloten,Switzerland,1
Campbelltown,Australia,1
Mount Pocono,United States,1
Mangochi,Malawi,1
Gerlach,United States,1
Le Kremlin-Bicetre,France,1
Stroudsburg,United States,1
Lechang,China,1
Engeløy,Norway,1
Taku Lodge,United States,1
Geita,Tanzania,1
Wunrok,South Sudan,1
Rankin Inlet,Canada,1
Aalen-heidenheim,Germany,1
Isle Of Man,Isle of Man,1
Kroonstad,South Africa,1
Maun,Botswana,1
Epinal,France,1
Diyabakir,Turkey,1
Stephen's Island,Antarctica,1
Campo Grande,Brazil,1
Puerto Cabello,Venezuela,1
Nangapinoh,Indonesia,1
Ca Mau,Vietnam,1
Juist,Germany,1
Marau,Solomon Islands,1
Kagau Island,Solomon Islands,1
Daru,Papua New Guinea,1
Momote,Papua New Guinea,1
Muskrat Dam,Canada,1
Foula,United Kingdom,1
Adak Island,United States,1
Paramaribo,Suriname,1
Tanjung Selor-Borneo Island,Indonesia,1
Nunukan-Nunukan Island,Indonesia,1
Wangerooge,Germany,1
Ustupo,Panama,1
DALLAS,United States,1
Tsumeb,Namibia,1
Suffield,Canada,1
Pont Sur Yonne,France,1
Bogande,Canada,1
Temora,Australia,1
Kerama,Japan,1
Kvarkeno,Russia,1
Sinabang,Indonesia,1
Berdyansk,Ukraine,1
Aragatz,Armenia,1
Calahorra,Spain,1
Mirny,Russia,1
Denville,United States,1
Kratzeburg,Germany,1
Prairie du Chien,United States,1
Zhalantun,China,1
Kasese,Uganda,1
Jiagedaqi District,China,1
Maarssen,Netherlands,1
Hassfurt,Germany,1
Lasham,United Kingdom,1
Bukavu/kavumu,Congo (Kinshasa),1
Udbina,Croatia,1
Alpnach,Switzerland,1
Whakatane,New Zealand,1
Mocord,Brazil,1
Tulcan,Ecuador,1
Barnaul,Russia,1
Knobnoster,United States,1
Aden,Yemen,1
Wassau,United States,1
Burao,Somalia,1
Mili Island,Marshall Islands,1
Jolo,Philippines,1
Yan'an,China,1
Nastaetten,Germany,1
Icy Bay,United States,1
La Macarena,Colombia,1
San Clemente Island,United States,1
Tulln,Austria,1
Thomasville,United States,1
Cedar Key,United States,1
Williamson,United States,1
Sigiriya,Sri Lanka,1
Niles,United States,1
Siborong-Borong,Indonesia,1
Hudson,United States,1
Versaille,France,1
Lundby,Denmark,1
Wangaratta,Australia,1
Lupin Mine,Canada,1
Meade,United States,1
Balchik,Bulgaria,1
Pinar Del Rio,Cuba,1
Paterson,United States,1
Bloomsburg,United States,1
Allison Park,United States,1
Las vegas,United States,1
Rheydt,Germany,1
Rothenburg ob der Tauber,Germany,1
Gjoa Haven,Canada,1
Greenwood,Canada,1
Ouagadougou,Burkina Faso,1
Zinder,Niger,1
East Midlands,United Kingdom,1
Atar,Mauritania,1
Badajoz,Spain,1
Antalya,Turkey,1
Erzincan,Turkey,1
La Ceiba,Honduras,1
Chihuahua,Mexico,1
Guapi,Colombia,1
Arequipa,Peru,1
Bikaner,India,1
Winston-salem,United States,1
Astypalaia,Greece,1
Whale Cove,Canada,1
Rybinsk,Russia,1
Inis Mor,Ireland,1
Sredniiy,Russia,1
Weyers Cave,United States,1
Ruidoso,United States,1
Fiti\'uta,American Samoa,1
El Cajon,United States,1
Una,Brazil,1
Wisconsin Rapids,United States,1
Torit,South Sudan,1
Ruzomberok,Slovakia,1
Helsingor,Denmark,1
Puruk Cahu,Indonesia,1
Ingersoll,Canada,1
Shin-kamigoto,Japan,1
Redfern,Australia,1
Espoo,Finland,1
Al Cut,Iraq,1
Morwell,Australia,1
Treviglio,Italy,1
Rijssen,Netherlands,1
Pasewalk,Germany,1
Frederikshavn,Denmark,1
Siguiri,Guinea,1
Zintan,Libya,1
Seldovia,United States,1
Kannur,India,1
Chapleau,Canada,1
Mengen,Germany,1
Alexander Bay,South Africa,1
Buta Zega,Congo (Kinshasa),1
Kaedi,Mauritania,1
Lake Manyara,Tanzania,1
Entebbe,Uganda,1
Son Bonet,Spain,1
Biarritz-bayonne,France,1
Nuevo Casas Grandes,Mexico,1
Shindand,Afghanistan,1
Tabuk,Saudi Arabia,1
Sharjah,United Arab Emirates,1
Khasab,Oman,1
Yoron,Japan,1
Kandla,India,1
Surabaya,Indonesia,1
Santarem,Brazil,1
Kaikoura,New Zealand,1
Kzyl-Orda,Kazakhstan,1
Eastmain River,Canada,1
Land's End,United Kingdom,1
Ondjiva,Angola,1
Longana,Vanuatu,1
Kandrian,Papua New Guinea,1
Setif,Algeria,1
Anvik,United States,1
King Cove,United States,1
Nunam Iqua,United States,1
Barreiras,Brazil,1
Rock Hill,United States,1
Lahr,Germany,1
Bad Duerkheim,Germany,1
Palatka,United States,1
Toul,France,1
Kendall,United States,1
Ellicott,United States,1
Kiama,Australia,1
Pineville,United States,1
Ealing,United Kingdom,1
Luzern,Switzerland,1
Qufu,China,1
Sinel'nikovo,Ukraine,1
Glengyle,Australia,1
Siquijor,Philippines,1
Kuçovë,Albania,1
Karaj,Iran,1
Hermannsburg,Australia,1
Baidoa,Somalia,1
Breukelen,Netherlands,1
Gare de Saint-Louis-la-Chaussee,France,1
Hallnas,Sweden,1
Jiansanjiang,China,1
Camden,Trinidad and Tobago,1
Hall Beach,Canada,1
Medicine Hat,Canada,1
Parnu,Estonia,1
Geilo,Norway,1
Skovde,Sweden,1
Marble Hall,South Africa,1
Melilla,Spain,1
Gerona,Spain,1
Tauranga,New Zealand,1
Kashan,Iran,1
Futema,Japan,1
Ulan-ude,Russia,1
Fort Yukon,United States,1
Hobart,United States,1
Kendall-tamiami,United States,1
Stepanavan,Armenia,1
Manchester NH,United States,1
Cody,United States,1
Stoelmans Eiland,Suriname,1
Ine,Marshall Islands,1
Alanya,Turkey,1
Sylvania,United States,1
Ulm,Germany,1
Ulithi,Micronesia,1
Phantom Lake,Canada,1
Lago Vista,United States,1
Mount Sterling,United States,1
Dounan,Taiwan,1
Hoje-Taastrup,Denmark,1
Nashville,Uganda,1
DICKA,United States,1
Estancia,United States,1
Yamburg,Russia,1
Talakan,Russia,1
Pimenta Bueno,Brazil,1
Vagar,Faroe Islands,1
St.-pierre,Reunion,1
Sitia,Greece,1
Moenjodaro,Pakistan,1
Junin,Argentina,1
Cuiaba,Brazil,1
La Mina,Colombia,1
Tulua,Colombia,1
Baghdogra,India,1
Charlieville,Australia,1
Killeen,United States,1
Gore,Ethiopia,1
Maewo Island,Vanuatu,1
Pagerungan,Indonesia,1
Bielsko-Biala,Poland,1
Segeletz,Germany,1
Kilaguni,Kenya,1
Boulder,United States,1
Snohomish WA,United States,1
Drummondville,Canada,1
Manchester by the Sea,United States,1
Ngawa,China,1
Rustavi,Georgia,1
Wooster,United States,1
Huddinge,Sweden,1
Port Kent,United States,1
Saint Petersburg,Russia,1
Takengon,Indonesia,1
Castelo Branco,Portugal,1
Bethune,France,1
Newcastle,United Kingdom,1
Skrydstrup,Denmark,1
Mkuze,South Africa,1
Mongu,Zambia,1
Port Gentil,Gabon,1
Mersa-matruh,Egypt,1
Ras Lanouf V 40,Libya,1
Saidu Sharif,Pakistan,1
Oki Island,Japan,1
Chaiten,Chile,1
Tumaco,Colombia,1
Caicara De Orinoco,Venezuela,1
Pevek,Russia,1
Dnepropetrovsk,Ukraine,1
Djibouti,Djibouti,1
Santa Elena de Uairen,Venezuela,1
Chaurjhari,Nepal,1
State College Pennsylvania,United States,1
Salluit,Canada,1
Alula,Somalia,1
Sirt,Libya,1
La Isabela,Dominican Republic,1
Maryborough,Australia,1
Sue Islet,Australia,1
Bad Voeslau,Austria,1
Mary,Turkmenistan,1
Seal Bay,United States,1
Apetina,Suriname,1
Goba,Ethiopia,1
Okavango Delta,Botswana,1
Waterville,Canada,1
Etsha 13,Botswana,1
Blakely Island,United States,1
Eirunepe,Brazil,1
Centre,United States,1
Milledgeville,United States,1
Aweil,Sudan,1
Lorain-Elyria,United States,1
Cornelia,United States,1
Spa,Belgium,1
Pecos,United States,1
Leroo La Tau,Botswana,1
Xinyuan,China,1
Copan Ruinas,Honduras,1
San Ignacio,Belize,1
Siegburg,Germany,1
Bole,China,1
Obozerskiy,Russia,1
Troitsk,Russia,1
Kamra,Pakistan,1
Rugao,China,1
Sokode,Togo,1
East Rutherford,United States,1
South Attleboro,United States,1
PRIMAVERA D'OESTE,Brazil,1
Marcq En Baroeul,France,1
Bertrix,Belgium,1
Slupsk,Poland,1
Richard's Bay,South Africa,1
Moheli,Comoros,1
Kismayu,Somalia,1
Jerez,Spain,1
Aviano,Italy,1
Andros Town,Bahamas,1
Pukaki,New Zealand,1
Abadan,Iran,1
Zirku,United Arab Emirates,1
Chuuk,Micronesia,1
Aracaju,Brazil,1
Dominica,Dominica,1
St. Martin,Guadeloupe,1
Leh,India,1
Childress,United States,1
Bima,Indonesia,1
Paulatuk,Canada,1
Enghien-moisselles,France,1
Stony Rapids,Canada,1
Port Macquarie,Australia,1
Prangins,Switzerland,1
Lake City,United States,1
Katsina,Nigeria,1
Ouessant,France,1
Frejus,France,1
Belmopan,Belize,1
Hamburg,United States,1
Thalmaessing,Germany,1
Safford,United States,1
Deerfield Beach,United States,1
Delft,Netherlands,1
Chagual,Peru,1
Knucle Reef,Australia,1
Sindh,Pakistan,1
Artyshta,Russia,1
Eastover,United States,1
Epernay,France,1
Vitry-le-Francois,France,1
Twistringen,Germany,1
Bracke,Sweden,1
Leipheim,Germany,1
Tavernier,United States,1
Karlskrona,Sweden,1
Rhydt,Germany,1
Eilat,Israel,1
Dauphin,Canada,1
Minna,Nigeria,1
Siegerland,Germany,1
Chalsgrove,United Kingdom,1
Rzeszow,Poland,1
Joenkoeping,Sweden,1
Laupheim,Germany,1
Alphonse,Seychelles,1
St. Catherine,Egypt,1
Giallo,Libya,1
Zanzibar,Tanzania,1
Arcachon,France,1
Morlaix,France,1
Payerne,Switzerland,1
Uruapan,Mexico,1
Zhob,Pakistan,1
Seoul East,South Korea,1
Villa Gesell,Argentina,1
Alpinopolis,Brazil,1
Macas,Ecuador,1
Helena,United States,1
Sorkjosen,Norway,1
Morafenobe,Madagascar,1
Beica,Ethiopia,1
Huánuco,Peru,1
Honolulu Oahu,United States,1
Batken,Kyrgyzstan,1
Oldbury,United Kingdom,1
Hearst,Canada,1
Springfield MA,United States,1
Gryzliny,Poland,1
Korinthos,Greece,1
Tres Lagoas,Brazil,1
Bethpage,United States,1
Balboa,Panama,1
EMMEN,Switzerland,1
St. George,Bermuda,1
Skovorodino,Russia,1
San Marcos,United States,1
Wassmannsdorf,Germany,1
Dannemarie,France,1
Britz,Germany,1
Larchmont,United States,1
Klaipeda,Lithuania,1
El Bayadh,Algeria,1
Tiree,United Kingdom,1
Woensdrecht,Netherlands,1
Abumusa I.,Iran,1
Yaizu,Japan,1
Bahia Blanca,Argentina,1
Santo Angelo,Brazil,1
Valera,Venezuela,1
Rajkot,India,1
Cox's Bazar,Bangladesh,1
Kuching,Malaysia,1
Nanning,China,1
Madiun,Indonesia,1
Mataram,Indonesia,1
Lexington KY,United States,1
Dang,Nepal,1
Wollongong,Australia,1
Weifang,China,1
Gustavia,France,1
Greencastle,United States,1
Lutsk,Ukraine,1
Big Creek,Belize,1
Mekane Selam,Ethiopia,1
Okha,Russia,1
Nizhneangarsk,Russia,1
Nawiliwili Kauai Hawaii,United States,1
Chitabe,Botswana,1
Gent,Belgium,1
Chara,Russia,1
Minaki,Canada,1
Siofok,Hungary,1
Engelhard,United States,1
Clewiston,United States,1
Halaveli,Maldives,1
Erskineville,Australia,1
Stevensville,United States,1
Dhidhdhoofinolhu,Maldives,1
Majalengka,Indonesia,1
East Anacapa,United States,1
Roissy,France,1
Solwezi,Zambia,1
Hofn,Iceland,1
Sault Sainte Marie,Canada,1
High Level,Canada,1
Kajaani,Finland,1
Port Saint Johns,South Africa,1
Marsa Brega,Libya,1
Satu Mare,Romania,1
Chetumal,Mexico,1
Puebla,Mexico,1
Chatham Island,New Zealand,1
Hokitika,New Zealand,1
Masterton,New Zealand,1
Lavan Island,Iran,1
Beirut,Lebanon,1
Ladag,Philippines,1
Itumbiara,Brazil,1
Rio Branco,Brazil,1
Asuncion,Paraguay,1
Goa,India,1
Jessore,Bangladesh,1
Madurai,India,1
Blytheville,United States,1
Massena,United States,1
Marietta,United States,1
Samsoe,Denmark,1
Trogen,Switzerland,1
Apartadó,Colombia,1
Texada,Canada,1
Lodja,Congo (Kinshasa),1
Sault Ste Marie,United States,1
Sheridan,United States,1
Lamen Bay,Vanuatu,1
Gladstone,Australia,1
Isle Of Wight,United Kingdom,1
Uetersen,Germany,1
Glendive,United States,1
Sharq Al-Owainat,Egypt,1
Liping,China,1
Dunk Island,Australia,1
Mossoro,Brazil,1
Sewanee,United States,1
Cordele,United States,1
Saarmund,Germany,1
Holzhau,Germany,1
Port Lockroy,Antarctica,1
Mortavika,Norway,1
Jiaxing,China,1
Meschede,Germany,1
Ermentau,Kazakhstan,1
Wyborg,Russia,1
Upper Sandusky,United States,1
Kamen,Germany,1
Norristown,United States,1
Blankenfelde,Germany,1
Angatja Homeland,Australia,1
Socorro,United States,1
San Antonio de Pale,Equatorial Guinea,1
Turku,Finland,1
Enniskillen,United Kingdom,1
Ulundi,South Africa,1
Nacala,Mozambique,1
Mahe,Seychelles,1
Coetivy,Seychelles,1
Pau,France,1
Aire-sur-l'adour,France,1
Ales,France,1
Besancon-la-veze,France,1
La Baule,France,1
Pescara,Italy,1
Marsh Harbor,Bahamas,1
Faleolo,Samoa,1
Tacloban,Philippines,1
Boa Vista,Brazil,1
Criciuma,Brazil,1
Babo,Indonesia,1
Kuala Terengganu,Malaysia,1
Greenvile,United States,1
Narsaq,Greenland,1
Amboseli National Park,Kenya,1
Ahuas,Honduras,1
San Cristóbal,Ecuador,1
Neryungri,Russia,1
Narrabri,Australia,1
Wiluna,Australia,1
Jingdezhen,China,1
Namanga,Kenya,1
Thorne Bay,United States,1
Hatay,Turkey,1
Sevastopol,Ukraine,1
Passau,Germany,1
La Romaine,Canada,1
Telfer,Australia,1
Zaqatala,Azerbaijan,1
Miyajima,Japan,1
Aldan,Russia,1
Bairnsdale,Australia,1
Kokkedal,Denmark,1
Vila Bela da Santissima Trindade,Brazil,1
Lokot,Russia,1
Spittal-Millstatter See,Austria,1
McKean,United States,1
Cham,Switzerland,1
Grundarfjordur,Iceland,1
Jundiai,Brazil,1
Erkelenz,Germany,1
Saint-Germain-en-Laye,France,1
Albigny-sur-Saone,France,1
Reykjavik,Iceland,1
Kyritz,Germany,1
Ramstein,Germany,1
Diego Garcia Island,British Indian Ocean Territory,1
Morondava,Madagascar,1
Moundou,Chad,1
Kasungu,Malawi,1
St.-girons,France,1
Maimama,Afghanistan,1
Taif,Saudi Arabia,1
San Cristobal,Venezuela,1
Cat Lake,Canada,1
Tippi,Ethiopia,1
Ailuk Island,Marshall Islands,1
Wotje Atoll,Marshall Islands,1
Mana Island,Fiji,1
Anelghowhat,Vanuatu,1
Karumba,Australia,1
Longreach,Australia,1
Hohhot,China,1
Grytviken,South Georgia and the Islands,1
Mara Lodges,Kenya,1
Null,Bosnia and Herzegovina,1
Mojave,United States,1
Walgett,Australia,1
Dirk Hartog Island,Australia,1
Weinheim,Germany,1
Wadi Rum Desert,Jordan,1
Kabale,Uganda,1
Hillerod,Denmark,1
Inverhuron,Canada,1
Cramlington,United Kingdom,1
Spremberg,Germany,1
Banyan Tree Madivaru,Maldives,1
Santa Clarita,United States,1
Cordillo Downs,Australia,1
Aurora,United States,1
Alessandria,Italy,1
Coveñas,Colombia,1
Duffel,Belgium,1
Klein Warnow,Germany,1
Mjolby,Sweden,1
Ta'u,American Samoa,1
Trebbin,Germany,1
Nyurba,Russia,1
Kerinci Regency,Indonesia,1
Gahcho Kue,Canada,1
Leshan,China,1
Eskimo Point,Canada,1
Maribo,Denmark,1
Aalborg,Denmark,1
Karlskoga,Sweden,1
Farafangana,Madagascar,1
Nema,Mauritania,1
Cerklje,Slovenia,1
Beja (madeira),Portugal,1
Pyongtaek,South Korea,1
Tarapoto,Peru,1
Bryansk,Russia,1
Woomera,Australia,1
Charlottesville VA,United States,1
Monaco,Monaco,1
Newport RI,United States,1
Little Cayman,Cayman Islands,1
Mehamn,Norway,1
Mbambanakira,Solomon Islands,1
Kabri Dehar,Ethiopia,1
Bluefield,United States,1
Yanji,China,1
Emmonak,United States,1
Koyukuk,United States,1
Taksimo,Russia,1
Liskeard,United States,1
Sikeston,United States,1
Jao,Botswana,1
Shorkot,Pakistan,1
Rangali,Maldives,1
Erldunda,Australia,1
Edgewood,United States,1
Shaoyang,China,1
Kuummiit,Greenland,1
Nikolskoye,Russia,1
Namlea,Indonesia,1
San Isidro,Costa Rica,1
Lake Worth,United States,1
Tuktoyaktuk,Canada,1
Cotonou,Benin,1
Pyhasalmi,Finland,1
Krusa-padborg,Denmark,1
Mbuji-mayi,Congo (Kinshasa),1
Ghat,Libya,1
Obera,Argentina,1
Coimbatore,India,1
Kochi,India,1
Laoag,Philippines,1
Jiuzhaigou,China,1
Paamiut,Greenland,1
La Môle,France,1
Iwami,Japan,1
El Salvador,Chile,1
Ruby,United States,1
Malad City,United States,1
Aspen,United States,1
Borba,Brazil,1
Ruhnu,Estonia,1
Tinak,Marshall Islands,1
Goraszka,Poland,1
Ndutu,Tanzania,1
Serengeti South,Tanzania,1
Houli,Taiwan,1
Zeppelinheim,Germany,1
Bruck,Germany,1
Plattenburg,Germany,1
Marsta,Sweden,1
Altdorf,Switzerland,1
Horgen,Switzerland,1
Amata,Australia,1
Schwedt,Poland,1
Holbrook,United States,1
Bartlett,United States,1
Leirvik,Faroe Islands,1
Ndola,Zambia,1
Banjul,Gambia,1
Grenoble,France,1
Limnos,Greece,1
Rivolto,Italy,1
Tokat,Turkey,1
Gizan,Saudi Arabia,1
Masirah,Oman,1
Collique,Peru,1
Bukhara,Uzbekistan,1
Samarkand,Uzbekistan,1
Utkela,India,1
Bikini Atoll,Marshall Islands,1
Ua Pou,French Polynesia,1
Mcgrath,United States,1
Naga,Philippines,1
Sinop,Turkey,1
Fehraltorf,Switzerland,1
Kirchheim-Teck,Germany,1
Kiana,United States,1
Andermatt,Switzerland,1
Santa Cruz de Tenerife,Spain,1
Miroslawiec,Poland,1
Emeryville,United States,1
Charelvoix,United States,1
Capurgana,Colombia,1
La Ferte Alais,France,1
Kasonaweja,Indonesia,1
Panshanger,United Kingdom,1
Dhiddhoofinolhu,Maldives,1
Greeley,United States,1
Redwood Falls,United States,1
Bramstedt bei Syke,Germany,1
Zussow,Germany,1
Marcus Hook,United States,1
Larvik,Norway,1
Alxa Right Banner,China,1
Buol,Indonesia,1
Creve Coeur,United States,1
Poix-de-Picardie,France,1
Noeux-les-Mines,France,1
Soesterberg,Netherlands,1
Kamina Base,Congo (Kinshasa),1
Tan Tan,Morocco,1
San Isidoro,Dominican Republic,1
Iki,Japan,1
Galapagos,Ecuador,1
El Banco,Colombia,1
Bratsk,Russia,1
Luang Prabang,Laos,1
Simara,Nepal,1
Songkhla,Thailand,1
Prescott,United States,1
Tallahassee,United States,1
Bozeman,United States,1
Dipolog,Philippines,1
Wadi-al-dawasir,Saudi Arabia,1
Caye Chapel,Belize,1
Scottsdale,United States,1
DELETE,United States,1
Playon Chico,Panama,1
Clarksville,United States,1
San Pedro de Atacama,Chile,1
Berwick-upon-Tweed,United Kingdom,1
Ulysses,United States,1
Cheval Blanc Randheli,Maldives,1
Zlobin,Belarus,1
Crystal Head Beach,Australia,1
Ukiah,United States,1
Rioja,Peru,1
Riedstadt-Goddelau,Germany,1
Mogilno,Poland,1
Jorn,Sweden,1
Flagler County,United States,1
Amboise,France,1
Eqalugaarsuit,Greenland,1
Isafjordur,Iceland,1
Bordj El Amri,Tunisia,1
Tozeur,Tunisia,1
Sumburgh,United Kingdom,1
Mildenhall,United Kingdom,1
Swellendam,South Africa,1
Lumbo,Mozambique,1
Cervia,Italy,1
Villafranca,Italy,1
Sao Jorge Island,Portugal,1
Manzanillo,Cuba,1
Reao,French Polynesia,1
New Plymouth,New Zealand,1
Bandar Lengeh,Iran,1
Daran,Iran,1
Macae,Brazil,1
Las Palmas,Peru,1
Isla De Coche,Venezuela,1
La Fria,Venezuela,1
Sek Kong,Hong Kong,1
Kirtland A.f.b.,United States,1
Teterboro,United States,1
Saginaw,United States,1
Tabarka,Tunisia,1
Wollaston Lake,Canada,1
La Palma,Panama,1
Maningrida,Australia,1
Champion-7,Brunei,1
Hellwege,Germany,1
North Whale Pass,United States,1
Tin City,United States,1
Wainwright,United States,1
Lac Brochet,Canada,1
Corn Island,Nicaragua,1
Fitzroy Crossing,Australia,1
Roscoff,France,1
Damme,Germany,1
Nightmute,United States,1
Umuarama,Brazil,1
Lephalale,South Africa,1
Oakdale,United States,1
Braganca Paulista,Brazil,1
Packwood,United States,1
Sanggata,Indonesia,1
Illaga,Indonesia,1
Cold Spring Harbor,United States,1
Lake Bluff,United States,1
Shell Knob,United States,1
Conselheiro Lafaiete,Brazil,1
Mauthausen,Austria,1
Biblis,Germany,1
Grabow,Germany,1
Rosny,France,1
Neuhaus,Austria,1
Diomede,United States,1
Tiakur,Indonesia,1
Dobo,Indonesia,1
Palanan,Philippines,1
Brooks River,United States,1
Leninsk-Kuznetskij,Russia,1
Xangongo,Angola,1
Shimojishima,Japan,1
Atalaya,Peru,1
Mackay,Australia,1
Cape Newenham,United States,1
Fort Smith,United States,1
Roswell,United States,1
Lhasa,China,1
Chu Lai,Vietnam,1
Churchill Falls,Canada,1
Matadi,Congo (Kinshasa),1
Scotia NY,United States,1
Ostermundigen,Switzerland,1
Soure,Brazil,1
Benguera Island,Mozambique,1
Ambunti,Papua New Guinea,1
Gladwin,United States,1
Atlantic City NJ,United States,1
Shepparton,Australia,1
Gernika,Spain,1
Brenham,United States,1
St. Andrews,Canada,1
Arco,United States,1
Attnang-Puchheim,Austria,1
Sobral,Brazil,1
Khutzeymateen Grizzly Bear Sanctuary,Canada,1
Aix-en-Provence,France,1
Novgorod Velikiy,Russia,1
Gurgaon,India,1
Dudinka,Russia,1
Shiyan,China,1
Zaventem,Belgium,1
Sierentz,France,1
Jatznick,Germany,1
Storvreta,Sweden,1
Lorton,United States,1
Le Blanc-Mesnil,France,1
Taylor,United States,1
Impfondo,Congo (Brazzaville),1
Bunyu,Indonesia,1
Madinat Zayed,United Arab Emirates,1
Riviere Du Loup,Canada,1
Rocky Mountain House,Canada,1
Plymouth,United Kingdom,1
Fowlmere,United Kingdom,1
Marmande,France,1
Kasos,Greece,1
Piestany,Slovakia,1
Guaymas,Mexico,1
Imperatriz,Brazil,1
Sucre,Bolivia,1
Mohanbari,India,1
Myitkyina,Burma,1
Lihue,United States,1
Whistler,Canada,1
El Arish,Egypt,1
Ulanhot,China,1
Rampart,United States,1
Kihnu,Estonia,1
Valenca,Brazil,1
Zonguldak,Turkey,1
Heidelberg,Germany,1
Death Valley National Park,United States,1
Burqin,China,1
Carefree,United States,1
Jixi,China,1
Ust Kamchatsk,Russia,1
Gayndah,Australia,1
Lindsay,Canada,1
Port McNeill,Canada,1
Sigernessjoen,Norway,1
Ko Phi Phi,Thailand,1
Southall,United Kingdom,1
Montauk,United States,1
Grand Forks,Canada,1
Crossville,United States,1
Gustrow,Germany,1
Sonora,United States,1
Charleroi,Belgium,1
Barth,Germany,1
Alta,Norway,1
Montlucon,France,1
Avord,France,1
Vannes,France,1
Baia Mare,Romania,1
Oradea,Romania,1
Kayseri,Turkey,1
Tarawa,Kiribati,1
Jahrom,Iran,1
Kumejima,Japan,1
Santa Ana,Bolivia,1
Salto,Uruguay,1
Manihiki Island,Cook Islands,1
Al Ain,United Arab Emirates,1
Wenzhou,China,1
Choibalsan,Mongolia,1
Sazena,Czech Republic,1
Port Simpson,Canada,1
Venice,United States,1
Ukunda,Kenya,1
Tubuala,Panama,1
Bainbridge,United States,1
Keokuk,United States,1
Oban,United Kingdom,1
Yumuri Valley,Cuba,1
's-Hertogenbosch,Netherlands,1
Tau,Norway,1
Stephenville,United States,1
Pukatawagan,Canada,1
Ignace,Canada,1
Wuhu,China,1
Saint-Hilaire-au-Temple,France,1
Mont St. Michel,France,1
Marrakesh,Morocco,1
Lowenberger Land,Germany,1
Bourg-saint-maurice,France,1
Bathinda,India,1
Kollafjordur,Faroe Islands,1
Niebuell,Germany,1
Tornio,Finland,1
Fort Nelson,Canada,1
Vilseck,Germany,1
Desroches,Seychelles,1
Albacete,Spain,1
Bergerac,France,1
Brive,France,1
St.-yan,France,1
Chateaudun,France,1
Malargue,Argentina,1
Santa Marta,Colombia,1
Juanjui,Peru,1
Little Rock,United States,1
Dongying,China,1
New Bedford,United States,1
Pécs-Pogány,Hungary,1
Yining,China,1
Biel,Switzerland,1
Caleta Olivia,Argentina,1
Circle,United States,1
Yarmouth,Canada,1
Spearfish-South Dakota,United States,1
Linden,United States,1
Jekyll Island,United States,1
Aare,Sweden,1
Kandy,Sri Lanka,1
Greensburg,United States,1
Ebbsfleet Valley,United Kingdom,1
Apeldoorn,Netherlands,1
Dinhard,Switzerland,1
Gelephu,Bhutan,1
Virden,Canada,1
Lovelock,United States,1
Emlenton,United States,1
Qionghai,China,1
Yasawa Island,Fiji,1
Creteil,France,1
Boulogne-Billancourt,France,1
Dawson,Canada,1
Meadow Lake,Canada,1
Adrar,Algeria,1
Karlsborg,Sweden,1
Menongue,Angola,1
Songo,Mozambique,1
Berbera,Somalia,1
Kassala,Sudan,1
Catania,Italy,1
Tivat,Montenegro,1
Vrsac,Serbia,1
Turaif,Saudi Arabia,1
Rishiri Island,Japan,1
Lipa,Philippines,1
Bhairawa,Nepal,1
Biak,Indonesia,1
BRISTOL,United States,1
Kuujjuarapik,Canada,1
Chevery,Canada,1
El Aroui,Morocco,1
Jeremie,Haiti,1
Huangyan,China,1
Toro Toro,Bolivia,1
Dourados,Brazil,1
Kericho,Kenya,1
Nusawiru,Indonesia,1
Calhoun,United States,1
Baikal,Russia,1
Bouarfa,Morocco,1
Edenvale,Canada,1
Etretat,France,1
Mansons Landing,Canada,1
Grumeti Game Reserve,Tanzania,1
Ingalls Head,Canada,1
Stoney Creek,Canada,1
Shikohabad,India,1
Goodwood,United Kingdom,1
Benalla,Australia,1
Rehovot,Israel,1
Krinichnaja,Ukraine,1
Northeim,Germany,1
Bajawa,Indonesia,1
Sount Ari Atoll,Maldives,1
Tilichiki,Russia,1
Jamaja Island,Indonesia,1
Ngala,Nigeria,1
Thanh pho Ha Long,Vietnam,1
Jeber,Germany,1
Dease Lake,Canada,1
Cold Lake,Canada,1
Teslin,Canada,1
Haverfordwest,United Kingdom,1
Fira,Guinea,1
Sao Nocolau Island,Cape Verde,1
Kunovice,Czech Republic,1
Olavarria,Argentina,1
Bengkulu,Indonesia,1
Liepaja,Latvia,1
Mukalla,Yemen,1
Armidale,Australia,1
Santa Maria,United States,1
Mangaia Island,Cook Islands,1
Ujae Atoll,Marshall Islands,1
Igarka,Russia,1
Mukah,Malaysia,1
Lawas,Malaysia,1
Puvirnituq,Canada,1
Amlikon,Switzerland,1
Parintins,Brazil,1
Kikai,Japan,1
St. Augustine,United States,1
Taunton,United States,1
Montrose Alpha,United Kingdom,1
Alkantpan,South Africa,1
Wildenrath,Germany,1
Marigot,France,1
Conway,United States,1
Armavir,Russia,1
Bologoye,Russia,1
Flemingsberg,Sweden,1
Lognes,France,1
Portogruaro,Italy,1
Skalabotnur,Faroe Islands,1
Chambesy,France,1
Dawson Creek,Canada,1
Gaspe,Canada,1
Lethbridge,Canada,1
Kano,Nigeria,1
Yola,Nigeria,1
Hof,Germany,1
Valkenburg,Netherlands,1
Gallivare,Sweden,1
Nylstroom,South Africa,1
Merville,France,1
Braga,Portugal,1
Konya,Turkey,1
Tepic,Mexico,1
Chub Cay,Bahamas,1
Ras Tanajib,Saudi Arabia,1
Latakia,Syria,1
Ishigaki,Japan,1
Parana,Argentina,1
Jose C. Paz,Argentina,1
Florianopolis,Brazil,1
Mineralnye Vody,Russia,1
Voronezh,Russia,1
Bhaunagar,India,1
Lahad Datu,Malaysia,1
Bandar Seri Begawan,Brunei,1
Langkawi,Malaysia,1
Canberra,Australia,1
Elkins,United States,1
Angeles City,Philippines,1
San Pedro,Belize,1
Ancona,Italy,1
Santa Cruz/Graciosa Bay/Luova,Solomon Islands,1
Akulivik,Canada,1
Hagfors,Sweden,1
Mafeking,South Africa,1
Owensboro,United States,1
Sangley Point,Philippines,1
Groote Eylandt,Australia,1
Hongyuan,China,1
Berens River,Canada,1
Stupino,Russia,1
Apalachicola,United States,1
Moyale,Kenya,1
Eastport,United States,1
Samjiyon,North Korea,1
Baishan,China,1
Keetmanshoop,Namibia,1
Falmouth,Jamaica,1
Lund,Sweden,1
Burton-on-Trent,United Kingdom,1
Fleetwood,United Kingdom,1
River Forest,United States,1
Enfield,United Kingdom,1
Nykobing Falster,Denmark,1
Vordingborg,Denmark,1
Broadmeadows,Australia,1
Toli-Toli,Indonesia,1
Hinton,Canada,1
Korosten',Ukraine,1
Maykop,Russia,1
Neustadt Weinstrasse,Germany,1
Silver Spring,United States,1
Andytown,United States,1
Jask,Iran,1
Inverkeithing,United Kingdom,1
Fort Mcpherson,Canada,1
Kjeller,Norway,1
Wide Awake,Saint Helena,1
Paphos,Cyprus,1
Mende,France,1
Tancos,Portugal,1
South Caicos,Turks and Caicos Islands,1
Loreto,Mexico,1
Makung,Taiwan,1
Mitu,Colombia,1
NAPIER,New Zealand,1
Tulita,Canada,1
Basankusu,Congo (Kinshasa),1
Nyala,Sudan,1
Rhinelander,United States,1
Ubari,Libya,1
Gaua Island,Vanuatu,1
Kokoda,Papua New Guinea,1
Kostanay,Kazakhstan,1
Kyzyl,Russia,1
Gambell,United States,1
S-Chanf,Switzerland,1
Nelspruit,South Africa,1
Koyuk,United States,1
Alto Rio Senguer,Argentina,1
Hilo Hawaii,United States,1
Nanaimo Station British Columbia,Canada,1
Roitzschjora,Germany,1
Casa Grande,United States,1
Camarillo,United States,1
Danbury,United States,1
Yalata,Australia,1
Sonevafushi,Maldives,1
Brooks Camp,United States,1
Bartica,Guyana,1
Denton,United States,1
Marfa,United States,1
Villa Park,United States,1
Meriden,United States,1
Apiay,Colombia,1
Port Washington,Canada,1
Grossenbrode,Germany,1
Baltrum,Germany,1
Hohe Dune,Germany,1
Xinzhou,China,1
Ponte de Sôr,Portugal,1
Landen,Belgium,1
Ficksburg,South Africa,1
Maroantsetra,Madagascar,1
Kalamata,Greece,1
Azentkilyszabadja,Hungary,1
Ciudad Victoria,Mexico,1
Sepah,Iran,1
Ghazvin,Iran,1
Caxias Do Sul,Brazil,1
Vitoria,Brazil,1
Rio Negro,Colombia,1
Manado,Indonesia,1
Grand Rapids,United States,1
Kendari,Indonesia,1
Gulfport,United States,1
Alluitsup Paa,Greenland,1
Alofi,Niue,1
Ipota,Vanuatu,1
Elcho Island,Australia,1
Kyauktu,Burma,1
Maennlichen,Switzerland,1
Fort Jefferson - Dry Tortugas,United States,1
Buchloe,Germany,1
Honuu,Russia,1
Ephraim,United States,1
Coonabarabran,Australia,1
Belmont,United States,1
Kernville,United States,1
Ota,Portugal,1
La Verriere,France,1
Simon's Town,South Africa,1
Masai Mara N.P.,Kenya,1
Sale,Australia,1
Petermann,Australia,1
Ikamiut,Greenland,1
Asnieres-sur-Seine,France,1
Lynn Lake,Canada,1
Barkston Heath,United Kingdom,1
Deelen,Netherlands,1
Arvika,Sweden,1
Sishen,South Africa,1
Vilankulu,Mozambique,1
Faro,Portugal,1
Herat,Afghanistan,1
Rabigh,Saudi Arabia,1
Ras Tanura,Saudi Arabia,1
Jiroft,Iran,1
Zahedan,Iran,1
Qasim,Pakistan,1
Taitung,Taiwan,1
Cascavel,Brazil,1
Linden,Guyana,1
Siem-reap,Cambodia,1
Marudi,Malaysia,1
Millinocket,United States,1
Baton Rouge,United States,1
Davao,Philippines,1
Ivanovo,Russia,1
Ramata,Solomon Islands,1
Penzance,United Kingdom,1
Žilina,Slovakia,1
Cockburn Town,Turks and Caicos Islands,1
Senggeh-Papua Island,Indonesia,1
Andernos-Les-Bains,France,1
Silverton,United States,1
Hays,United States,1
Old Harbor,United States,1
Turukhansk,Russia,1
Vieste,Italy,1
Fulmar,United Kingdom,1
FPSO Xikomba,Angola,1
Mine Site,Australia,1
Bura,Kenya,1
Kalokol,Kenya,1
Lankaran,Azerbaijan,1
Basseterre,Saint Kitts and Nevis,1
Popham,United Kingdom,1
Thirsk,United Kingdom,1
Barnet,United Kingdom,1
Unnao,India,1
Roxboro,United States,1
Kaili,China,1
McComb,United States,1
Arthur's Pass,New Zealand,1
Danilov,Russia,1
Liverpool,Canada,1
Inta,Russia,1
Tostedt,Germany,1
Bennas,Finland,1
Voves,France,1
Niaqornat,Greenland,1
Soldarfjordur,Faroe Islands,1
Djanet,Algeria,1
Tahoua,Niger,1
Lichtenburg,South Africa,1
Potchefstroom,South Africa,1
La Coruna,Spain,1
Libourne,France,1
Moa,Cuba,1
El Bolson,Argentina,1
Dushanbe,Tajikistan,1
Danang,Vietnam,1
Tuli Lodge,Botswana,1
Haines,United States,1
Kalskag,United States,1
Masbate,Philippines,1
Toledo,Brazil,1
Quilpie,Australia,1
Heihe,China,1
Kivalina,United States,1
Astoria,United States,1
Vakarufalhi Island,Maldives,1
Rumbek,Sudan,1
Tabiteuea,Kiribati,1
Caruaru,Brazil,1
Lake Wales,United States,1
Muara Teweh,Indonesia,1
Dongguan,China,1
DHARAVANDHOO,Maldives,1
Kieta,Papua New Guinea,1
Taiga,Russia,1
Thalwil,Switzerland,1
Baker City,United States,1
Sarabuz,Ukraine,1
Lukhovitsy,Russia,1
North Bethesda,United States,1
Suderburg,Germany,1
Libo,China,1
Kutacane,Indonesia,1
Hocking Hills,United States,1
Beauvechain,Belgium,1
Emden,Germany,1
Vredendal,South Africa,1
Pemba,Mozambique,1
Aioun El Atrouss,Mauritania,1
Deauville,France,1
Szolnok,Hungary,1
Pico,Portugal,1
San Filipe,Mexico,1
Pinar Del Rio Norte,Cuba,1
Rio Gallegos,Argentina,1
Potosi,Bolivia,1
Kompong Chnang,Cambodia,1
Kutaisi,Georgia,1
Columbus Mississippi,United States,1
Penrhyn Island,Cook Islands,1
Pathein,Burma,1
Metakatla,United States,1
Addison,United States,1
Yasuj,Iran,1
Humera,Ethiopia,1
Clyde,United Kingdom,1
Bantry,Ireland,1
Timbavati,South Africa,1
Battle Mountain,United States,1
Koltur,Faroe Islands,1
Lampasas,United States,1
Banning,United States,1
Muriae,Brazil,1
Picos,Brazil,1
Moenchaltorf,Switzerland,1
Etadunna,Australia,1
Kinloss,United Kingdom,1
Gallipoli,Italy,1
Moyo Island,Indonesia,1
Pyramiden,Norway,1
Pagar Alam,Indonesia,1
Croker Island,Australia,1
Mont Joli,Canada,1
Blida,Algeria,1
Ghardaia,Algeria,1
Hassi Messaoud,Algeria,1
Islay,United Kingdom,1
Marham,United Kingdom,1
Chacarita,Costa Rica,1
Mayaguana,Bahamas,1
Shiraz,Iran,1
Sao Jose Dos Campos,Brazil,1
Gorontalo,Indonesia,1
Fort Benning,United States,1
Rukumkot,Nepal,1
Girua,Papua New Guinea,1
Reading,United States,1
Mitiaro Island,Cook Islands,1
Ardabil,Iran,1
Milingimbi,Australia,1
Parkes,Australia,1
Portland,Australia,1
Valletta,Malta,1
Taree,Australia,1
Gelendzhik,Russia,1
Horog,Tajikistan,1
Griffin,United States,1
Rockingham,United States,1
FPSO Anasuria,United Kingdom,1
Chopok,Slovakia,1
Lee Vining,United States,1
Pratt,United States,1
Sint-Niklaas,Belgium,1
Inwood,United States,1
Pospeliha,Russia,1
Weesp,Netherlands,1
Bastutrask,Sweden,1
Ridley Park,United States,1
Greenbelt,United States,1
Golog,China,1
Adampur,India,1
CEREJEIRAS,Brazil,1
Bourg-la-Reine,France,1
Cape Dorset,Canada,1
Eskilstuna,Sweden,1
Potgietersrus,South Africa,1
Tambacounda,Senegal,1
Niort,France,1
Retalhuleu,Guatemala,1
Nakhon Pathom,Thailand,1
Kluang,Malaysia,1
Tasikmalaya,Indonesia,1
Eday,United Kingdom,1
Haa Dhaalu Atoll,Maldives,1
Aurukun,Australia,1
Darnley Island,Australia,1
Elim,United States,1
Novo Aripuana,Brazil,1
Murrieta-Temecula,United States,1
Shaybah,Saudi Arabia,1
LaGrange,United States,1
Isiolo,Kenya,1
La Verne,United States,1
Castelnuovo di Garfagnana,Italy,1
Banqiao,Taiwan,1
Koderma,India,1
North Ari Atoll,Maldives,1
Darmstadt,Germany,1
Jalta,Russia,1
Lihovskoy,Russia,1
Areyonga,Australia,1
Chorin,Germany,1
Upplands Vasby,Sweden,1
Falls Church,United States,1
Olmsted Park,United States,1
Vogtareuth,Germany,1
Not Specified,New Zealand,1
Martinsville,United States,1
Mopiri Camp,Botswana,1
Bazaruto,Mozambique,1
Dreye,Germany,1
Delray Beach,United States,1
Matagami,Canada,1
Sokoto,Nigeria,1
Gafsa,Tunisia,1
Chievres,Belgium,1
Koksijde,Belgium,1
Pori,Finland,1
Mopti,Mali,1
Bagnole-de-l'orne,France,1
Ussel,France,1
Kithira,Greece,1
Hradec Kralove,Czech Republic,1
Saltsy,Moldova,1
Tehuacan,Mexico,1
Nome,United States,1
Vero Beach,United States,1
Jacksn Hole,United States,1
Kikori,Papua New Guinea,1
Gods River,Canada,1
Quanzhou,China,1
Bonaventure,Canada,1
Brevig Mission,United States,1
Atka,United States,1
Stony River,United States,1
Nonouti,Kiribati,1
Fish River Canyon,Namibia,1
Mushimasgali,Maldives,1
Boizenburg,Germany,1
Secaucus,United States,1
New Richmond,United States,1
Mellansel,Sweden,1
Hameenkyro,Finland,1
Pitea,Sweden,1
Dzaoudzi,Mayotte,1
Grenchen,Switzerland,1
Providenciales,Turks and Caicos Islands,1
Oshima,Japan,1
Talara,Peru,1
Wahiawa,United States,1
Mackminnville,United States,1
Assab,Eritrea,1
Kingscote,Australia,1
Twin Falls,United States,1
Alpena,United States,1
Eniwetok Atoll,Marshall Islands,1
Boorama,Somalia,1
Rivne,Ukraine,1
Phucat,Vietnam,1
Nuiqsut,United States,1
Wageningen,Suriname,1
Bartow,United States,1
Ameland,Netherlands,1
CHARLESTON,United States,1
Verden,Germany,1
Bumi Hills,Zimbabwe,1
Enumclaw,United States,1
Syosset,United States,1
Brandenburg,Germany,1
Esperaerde,Denmark,1
Willamstown,Australia,1
Rathenow,Germany,1
Tomaszów Mazowiecki,Poland,1
Cocoa Beach,United States,1
Teruel,Spain,1
Zbaszynek,Poland,1
Tranas,Sweden,1
Mona,United Kingdom,1
Sipora,Indonesia,1
Kalocsa/Foktő,Hungary,1
Reggan,Algeria,1
Humberside,United Kingdom,1
Oudtshoorn,South Africa,1
Antalaha,Madagascar,1
Quelimane,Mozambique,1
Preveza,Greece,1
Horovice,Czech Republic,1
Mount Cook,New Zealand,1
Paulo Alfonso,Brazil,1
Portoviejo,Ecuador,1
La Paz,Bolivia,1
Trujillo,Peru,1
Paraguana,Venezuela,1
Puerto Ayacucho,Venezuela,1
Chimkent,Kazakhstan,1
New Bern,United States,1
Gamètì,Canada,1
Tsaratanana,Madagascar,1
Ngau,Fiji,1
Urgench,Uzbekistan,1
Langgur-Kei Islands,Indonesia,1
Altai,Mongolia,1
Pebble Island Settlement,Falkland Islands,1
Urbana,United States,1
Cochstedt,Germany,1
Ormond Beach,United States,1
Qianjiang,China,1
Fort McMurray,Canada,1
Okawango,Botswana,1
Wigan,United Kingdom,1
Coo,Belgium,1
Wuchula,United States,1
Hamilton,Bermuda,1
Kartaly,Russia,1
Karungi,Sweden,1
San Miguel,Panama,1
Ust-Kuyga,Russia,1
Verkhnevilyuysk,Russia,1
Captain FPSO,United Kingdom,1
Husavik,Iceland,1
Pailton,United Kingdom,1
Dishforth,United Kingdom,1
Kuruman,South Africa,1
Newcastle,South Africa,1
Karlovy Vary,Czech Republic,1
Takaroa,French Polynesia,1
Sui,Pakistan,1
Dumaguete,Philippines,1
Bolivar,Argentina,1
Conceicao Do Araguaia,Brazil,1
Maceio,Brazil,1
Riobamba,Ecuador,1
Krasnovodsk,Turkmenistan,1
Narathiwat,Thailand,1
Ketapang,Indonesia,1
Cape Lisburne,United States,1
Islip,United States,1
Maintirano,Madagascar,1
Tupelo,United States,1
Khudzhand,Tajikistan,1
Kawthoung,Burma,1
Yancheng,China,1
New Stuyahok,United States,1
Afobaka,Suriname,1
Sarakreek,Suriname,1
Seattle WA,United States,1
Forrest,Australia,1
Nambour,Australia,1
Cape May NJ,United States,1
Veliky Ustyug,Russia,1
Akiachak,United States,1
Farah,Afghanistan,1
Lovosice,Czech Republic,1
El Prat,Spain,1
St. Cathrines,Canada,1
Vlissingen,Netherlands,1
Essen Hauptbahnhof,Germany,1
Rotkreuz,Switzerland,1
Batagay-Alyta,Russia,1
Baglung,Nepal,1
Sartrouville,France,1
Couzon-au-Mont-dOr,France,1
Sevran,France,1
Bouake,Cote d'Ivoire,1
Sligo,Ireland,1
Rodez,France,1
Siena,Italy,1
Sivas,Turkey,1
Kaitaia,New Zealand,1
Green Island,Taiwan,1
Tateyama,Japan,1
Kisarazu,Japan,1
Kitadaito,Japan,1
Guajara-mirim,Brazil,1
Florencia,Colombia,1
Juliaca,Peru,1
Guayana,Venezuela,1
Fort Carson,United States,1
International Falls,United States,1
Everett,United States,1
Tchibanga,Gabon,1
Tufi,Papua New Guinea,1
Sokcho / Gangneung,South Korea,1
Izhevsk,Russia,1
Roma,Australia,1
Arctic Village,United States,1
Hagerstown,United States,1
McCall,United States,1
Syangboche,Nepal,1
Bandanaira-Naira Island,Indonesia,1
Frankfurt Oder,Germany,1
Schaumburg,United States,1
Labadee,Haiti,1
Dippenricht,Germany,1
Xiahe city,China,1
Hudson,Canada,1
Coburg,Canada,1
Skaftafell,Iceland,1
Phinda,South Africa,1
Kenilworth,United States,1
Ntswi,Botswana,1
Malbouhans,France,1
Saalfeld,Germany,1
Monticello,United States,1
Mimili,Australia,1
Yarkant,China,1
Lubuklinggau,Indonesia,1
Okiwi,New Zealand,1
Siglufjordur,Iceland,1
Rovaniemi,Finland,1
Bunia,Congo (Kinshasa),1
Lezignan-corbieres,France,1
Tel-nof,Israel,1
Caransebes,Romania,1
Governor's Harbor,Bahamas,1
Canton Island,Kiribati,1
Pasaje,Ecuador,1
Odessa,Ukraine,1
Dalian,China,1
Dhangarhi,Nepal,1
Cebu,Philippines,1
Atoifi,Solomon Islands,1
Qeqertarsuaq Airport,Greenland,1
Ablow,Vanuatu,1
Sehwan Sharif,Pakistan,1
Saul,French Guiana,1
Manistee,United States,1
Richfield,United States,1
Arorae,Kiribati,1
BP Bruce,United Kingdom,1
Bad Herrenalb,Germany,1
Hattiesburg,United States,1
Byron Bay,Australia,1
Figueres,Spain,1
Ayr,Canada,1
Decin,Czech Republic,1
Resende,Brazil,1
Tangara da Serra,Brazil,1
Zeuthen,Germany,1
Tolhuin,Argentina,1
Ayrum,Armenia,1
Frauenfeld,Switzerland,1
Siheung,South Korea,1
Port Hawkesbury,Canada,1
Salinas,United States,1
Omsukchan,Russia,1
Babruisk,Belarus,1
Pioltello,Italy,1
Werder Havel,Germany,1
Langsele,Sweden,1
Parkano,Finland,1
Heidenau,Germany,1
Odesa,Ukraine,1
Halong Bay,Vietnam,1
Worgl,Austria,1
Miangas,Indonesia,1
CAMPO VERDE,Brazil,1
Bila Tserkva,Ukraine,1
AZRAQ,Jordan,1
Tubu Tree Camp,Botswana,1
Coronation,Canada,1
Thisted,Denmark,1
Zeerust,South Africa,1
Inhambane,Mozambique,1
Palma De Mallorca,Spain,1
Mangla,Pakistan,1
Trinidad,Bolivia,1
Point Barrow,United States,1
Mcallen,United States,1
The Pas,Canada,1
Ihu,Papua New Guinea,1
Lightning Ridge,Australia,1
Bolingbrook,United States,1
Shageluk,United States,1
Camelo,Uruguay,1
Neujellingsdorf,Germany,1
Chisana,United States,1
Das i Fontanals de Cerdanya,Spain,1
Chinle,United States,1
Shank,Afghanistan,1
Geiranger Fjord,Norway,1
Pontiac,United States,1
Gogland Island,Russia,1
Pukarua,French Polynesia,1
La Riviere,Reunion,1
Shelton,United States,1
West Haven,United States,1
Alpine,United States,1
Buchs SG,Switzerland,1
Ferno,Italy,1
Pirlangimpi,Australia,1
Konigs Wusterhausen,Germany,1
Chudovo,Russia,1
Nevel',Russia,1
Biała Podlaska,Poland,1
Ali-Curung,Australia,1
Bollnas,Sweden,1
Guma Lodge,Botswana,1
Gerlitzen,Austria,1
Grasten,Denmark,1
Trollhattan,Sweden,1
Miandrivazo,Madagascar,1
Annecy,France,1
Leros,Greece,1
Thira,Greece,1
Tapachula,Mexico,1
Mataiva,French Polynesia,1
Daet,Philippines,1
Araracuara,Brazil,1
Yacuiba,Bolivia,1
Rourkela,India,1
Nhatrang,Vietnam,1
Dumai,Indonesia,1
Amarillo,United States,1
Milford Sound,New Zealand,1
Funchal,Portugal,1
Marsa Alam,Egypt,1
Antsalova,Madagascar,1
Klamath Falls,United States,1
Qiqihar,China,1
Ice Cap,Greenland,1
Goodyear,United States,1
Ambler,United States,1
Hodenhagen,Germany,1
Bayannur,China,1
Bengassi,Mali,1
Changhai,China,1
Hanksville,United States,1
Keneyan,Indonesia,1
Warrnambool,Australia,1
Smithtown,United States,1
Oakleigh Park,United Kingdom,1
La Grande,United States,1
Pincher Creek,Canada,1
Alton/St Louis,United States,1
Mobridge,United States,1
Bad Schwartau,Germany,1
Nechlin,Germany,1
The Granites,Australia,1
Lens,France,1
North Bay,Canada,1
Piikajarvi,Finland,1
Waterford,Ireland,1
Lambarene,Gabon,1
Aviles,Spain,1
St-Etienne,France,1
Salon,France,1
Skiathos,Greece,1
Eyn-shemer,Israel,1
Westport,New Zealand,1
Buri Ram,Thailand,1
Bojnourd,Iran,1
Ji An,China,1
North Connel,United Kingdom,1
San Juan,United States,1
Ziyaraifushi,Maldives,1
Moengo,Suriname,1
Imbaimadai,Guyana,1
Republic,United States,1
Rotenburg Wuemme,Germany,1
Wershofen,Germany,1
Trail,Canada,1
Confresa,Brazil,1
Saint-Elie,French Guiana,1
Oceano,United States,1
Mc Pherson,United States,1
Dagenham,United Kingdom,1
Fort Erie,Canada,1
Mons,Belgium,1
Chalons-en-Champagne,France,1
Bowen,Australia,1
Waisai,Indonesia,1
Edson,Canada,1
La Grande Riviere,Canada,1
Niamey,Niger,1
Soest,Germany,1
Sandnessjoen,Norway,1
Tolagnaro,Madagascar,1
Malakal,Sudan,1
Soroti,Uganda,1
Abbeville,France,1
Denizli,Turkey,1
Nis,Serbia,1
Pandora,Costa Rica,1
Fakarava,French Polynesia,1
Wanaka,New Zealand,1
Guiria,Venezuela,1
Tagbilaran,Philippines,1
Yinchuan,China,1
Kavieng,Papua New Guinea,1
Umiujaq,Canada,1
Oxford House,Canada,1
Tsiroanomandidy,Madagascar,1
Bannu,Pakistan,1
Chitral,Pakistan,1
Khanty-Mansiysk,Russia,1
Dimapur,India,1
Sintang-Borneo Island,Indonesia,1
Xiangfan,China,1
Ust-Kut,Russia,1
Excursion Inlet,United States,1
Nunapitchuk,United States,1
Ozerny,Russia,1
Arrecife Lanzarote,Spain,1
Elverum,Norway,1
East Troy,United States,1
Buzzard,United Kingdom,1
Sausalito,United States,1
Denali,United States,1
Kwando,Botswana,1
Klemtu,Canada,1
Semera,Ethiopia,1
Clermont,Australia,1
Campbells Cove Provincial Park,Canada,1
Pouso Alegre,Brazil,1
Gottingen,Germany,1
Bolshegrivskoie,Russia,1
Junction,United States,1
Valek,Russia,1
Saint-Quentin,France,1
Nemours,France,1
Westerly,United States,1
Opfikon,Switzerland,1
Phongsaly,Laos,1
Dalmeny,United Kingdom,1
Higleig,South Sudan,1
Faro,Canada,1
Lulea,Sweden,1
Krugersdorp,South Africa,1
Cahors,France,1
Toussous-le-noble,France,1
Totegegie,French Polynesia,1
Hotel Four,Jordan,1
Thumrait,Oman,1
Fortaleza,Brazil,1
Tabatinga,Brazil,1
Chachapoyas,Peru,1
Pisco,Peru,1
Enid,United States,1
Pullman,United States,1
Aasiaat,Greenland,1
Nauru,Nauru,1
Ivano-Frankivsk,Ukraine,1
Bourke,Australia,1
Show Low,United States,1
Chenega,United States,1
Brochet,Canada,1
San Bruno,Mexico,1
Anambas Islands,Indonesia,1
Rundu,Namibia,1
Strasbourg Neudorf,France,1
Henderson,United States,1
Caldera,Chile,1
Parry Sound,Canada,1
Lavrentiya,Russia,1
Nogent-le-Rotrou,France,1
Fulda,Germany,1
Arys,Kazakhstan,1
Musselwhite Mine,Canada,1
Nejanilini Lake,Canada,1
Biederitz,Germany,1
West Middlesex,United States,1
San Pedro de Macoris,Dominican Republic,1
Songyuan,China,1
Shirdi,India,1
Jiashan,China,1
Waterloo,Canada,1
North Battleford,Canada,1
Gander,Canada,1
Sept-iles,Canada,1
Daloa,Cote d'Ivoire,1
Menkijarvi,Finland,1
Ronne,Denmark,1
Fagernes,Norway,1
Svalbard,Norway,1
Kiruna,Sweden,1
Langebaanweg,South Africa,1
Padova,Italy,1
Pasni,Pakistan,1
Curuzu Cuatia,Argentina,1
Guaymaral,Colombia,1
Pucallpa,Peru,1
Anta,Peru,1
Indian Springs,United States,1
Sukhothai,Thailand,1
Tuy Hoa,Vietnam,1
Tari,Papua New Guinea,1
Seinäjoki / Ilmajoki,Finland,1
Mpumalanga,South Africa,1
Mandritsara,Madagascar,1
Île d'Yeu,France,1
Ust Kamenogorsk,Kazakhstan,1
Pleiku,Vietnam,1
Dinslaken,Germany,1
Arecibo,Puerto Rico,1
Montserrat,Montserrat,1
Pedro Juan Caballero,Paraguay,1
Condoto,Colombia,1
Joacaba,Brazil,1
Wenshan,China,1
Wuerzburg,Germany,1
Halls Creek,Australia,1
Takaka,New Zealand,1
Collingwood,Canada,1
Lumberton,United States,1
Bollards Lagoon Station,Australia,1
Dieppe,France,1
Stora Dimun,Faroe Islands,1
Selzen,Germany,1
LINFEN,China,1
Dolmar-Kuehndorf,Germany,1
Sarzana (SP),Italy,1
Sargodha,Pakistan,1
Sassenheim,Netherlands,1
Richmond,Canada,1
Ikerasaarsuk,Greenland,1
Palopo,Indonesia,1
Kirkcaldy,United Kingdom,1
JARU,Brazil,1
La Pointe,United States,1
Benguerra Island,Mozambique,1
New Hamburg,United States,1
La Bassee,France,1
Bremerhaven,Germany,1
Yeovilton,United Kingdom,1
Stauning,Denmark,1
Arvidsjaur,Sweden,1
Benguela,Angola,1
Mueda,Mozambique,1
Pontoise,France,1
Formosa,Argentina,1
Palembang,Indonesia,1
Lufkin,United States,1
Batu Licin,Indonesia,1
Labuhan Bajo,Indonesia,1
Salt Cay,Turks and Caicos Islands,1
Mokpo,South Korea,1
Togiak Village,United States,1
Long Akah,Malaysia,1
Ramenskoe,Russia,1
Abaiang Atoll,Kiribati,1
Paxi,Greece,1
St. Johann in Tirol,Austria,1
Dodard,Haiti,1
Vangso,Sweden,1
Kampot,Cambodia,1
Buchs,Switzerland,1
Lapeer  MI,United States,1
Sopot,Poland,1
Barddhaman,India,1
Meedhupparu,Maldives,1
Arapiraca,Brazil,1
Hezhou,China,1
Kailua-Kona Hawaii,United States,1
Thicket Portage,Canada,1
Clearfield,United States,1
Neustrelitz,Germany,1
Kuredu Island,Maldives,1
Niaqornaarsuk,Greenland,1
Amatopo,Suriname,1
Mundra,India,1
Sainyabuli,Laos,1
Belaya,Russia,1
Pickle Lake,Canada,1
Man,Cote d'Ivoire,1
Duesseldorf,Germany,1
Shawbury,United Kingdom,1
Wyton,United Kingdom,1
Ghedi,Italy,1
Corumba,Brazil,1
Teresina,Brazil,1
Piura,Peru,1
Santo Domingo,Venezuela,1
Oranjestad,Netherlands Antilles,1
The Valley,Anguilla,1
Cairns,Australia,1
Barysiai,Lithuania,1
Kangirsuk,Canada,1
Khorram Abad,Iran,1
Belgorod,Russia,1
Carnarvon,Australia,1
Horn Island,Australia,1
Lockhart River,Australia,1
Macomb,United States,1
Levelock,United States,1
Hyder,United States,1
Coffman Cove,United States,1
Kinston,United States,1
Lask,Poland,1
Zagora,Morocco,1
Glendale,United States,1
Darien,United States,1
Borroloola,Ashmore and Cartier Islands,1
Mangonia Park,United States,1
Chesterton,United States,1
Charsk,Kazakhstan,1
Santa Coloma de Cervello,Spain,1
West Wyalong,Australia,1
Los Altos,United States,1
Flen,Sweden,1
Jarvso,Sweden,1
Palmanova,Italy,1
ANDERSON,United States,1
Lindrith,United States,1
Vumburu,Botswana,1
Mussafah,United Arab Emirates,1
Cagayan de Oro City,Philippines,1
